Fecha Publicaci¢n,OP,Entidad,Dispositivo,N£mero,Sumilla,Link,Fecha Corte,,,,,,,,,,,,,,,,,,,,,,,,,,,,,,,,,,,,,,
31/12/2024,2358390-1,CONGRESO DE LA REPUBLICA,LEY,N¯ 32221,Ley que modifica el Decreto Legislativo 85 Ley General de Cooperativas para su adecuaci¢n a las nuevas tecnolog°as y el cumplimiento de sus fines,https://busquedas.elperuano.pe/dispositivo/NL/2358390-1,31/12/2024,,,,,,,,,,,,,,,,,,,,,,,,,,,,,,,,,,,,,,
31/12/2024,2358390-2,CONGRESO DE LA REPUBLICA,LEY,N¯ 32222,Ley que declara D°a Nacional de la Danza del Huaylarsh Wanka del departamento de Jun°n el MiÇrcoles de Ceniza de cada a§o,https://busquedas.elperuano.pe/dispositivo/NL/2358390-2,31/12/2024,,,,,,,,,,,,,,,,,,,,,,,,,,,,,,,,,,,,,,
31/12/2024,2358390-3,CONGRESO DE LA REPUBLICA,LEY,N¯ 32223,Ley que modifica el Decreto Legislativo 1057 Decreto Legislativo que regula el rÇgimen especial de contrataci¢n administrativa de servicios; y el Decreto Legislativo 276 Ley de bases de la carrera administrativa y de remuneraciones del sector p£blico para regular el derecho a la encargatura y designaci¢n de cargos de confianza y de puestos de direcci¢n en entidades p£blicas,https://busquedas.elperuano.pe/dispositivo/NL/2358390-3,31/12/2024,,,,,,,,,,,,,,,,,,,,,,,,,,,,,,,,,,,,,,
31/12/2024,2358390-4,CONGRESO DE LA REPUBLICA,LEY,N¯ 32224,Ley que crea la Universidad Nacional Aut¢noma del Distrito de San Marcos,https://busquedas.elperuano.pe/dispositivo/NL/2358390-4,31/12/2024,,,,,,,,,,,,,,,,,,,,,,,,,,,,,,,,,,,,,,
31/12/2024,2358390-5,CONGRESO DE LA REPUBLICA,RESOLUCION LEGISLATIVA,N¯ 32225,Resoluci¢n Legislativa que autoriza a la se§ora Presidenta de la Rep£blica para salir del territorio nacional del 20 al 24 de enero de 2025,https://busquedas.elperuano.pe/dispositivo/NL/2358390-5,31/12/2024,,,,,,,,,,,,,,,,,,,,,,,,,,,,,,,,,,,,,,
31/12/2024,2358391-1,PRESIDENCIA DEL CONSEJO DE MINISTROS,DECRETO SUPREMO,N¯ 149-2024-PCM,Decreto Supremo que declara el a§o 2025 como el A§o de la recuperaci¢n y consolidaci¢n de la econom°a peruana,https://busquedas.elperuano.pe/dispositivo/NL/2358391-1,31/12/2024,,,,,,,,,,,,,,,,,,,,,,,,,,,,,,,,,,,,,,
31/12/2024,2358391-2,PRESIDENCIA DEL CONSEJO DE MINISTROS,DECRETO SUPREMO,N¯ 150-2024-PCM,Decreto Supremo que establece disposiciones sobre el rÇgimen del Aporte por Regulaci¢n del Organismo Supervisor de la Inversi¢n Privada en Telecomunicaciones,https://busquedas.elperuano.pe/dispositivo/NL/2358391-2,31/12/2024,,,,,,,,,,,,,,,,,,,,,,,,,,,,,,,,,,,,,,
31/12/2024,2358501-1,PRESIDENCIA DEL CONSEJO DE MINISTROS,RESOLUCION JEFATURAL,N¯ 00149-2024-ANIN,Aprueban el Plan Operativo Institucional (POI) Anual 2024 Modificado versi¢n 2 de la Autoridad Nacional de Infraestructura,https://busquedas.elperuano.pe/dispositivo/NL/2358501-1,31/12/2024,,,,,,,,,,,,,,,,,,,,,,,,,,,,,,,,,,,,,,
31/12/2024,2358134-1,COMERCIO EXTERIOR Y TURISMO,RESOLUCION MINISTERIAL,N¯ 387-2024-MINCETUR,Delegan en funcionarios del MINCETUR diversas facultades durante el Ejercicio Fiscal 2025,https://busquedas.elperuano.pe/dispositivo/NL/2358134-1,31/12/2024,,,,,,,,,,,,,,,,,,,,,,,,,,,,,,,,,,,,,,
31/12/2024,2358482-1,CULTURA,RESOLUCION MINISTERIAL,N¯ 000454-2024-MC,Modifican el numeral 1.65 del Anexo 1 Ingreso a bienes inmuebles prehisp†nicos museos e instituciones museales a cargo del Ministerio de Cultura del Tarifario Ènico de Servicios No Exclusivos brindados por el Ministerio de Cultura,https://busquedas.elperuano.pe/dispositivo/NL/2358482-1,31/12/2024,,,,,,,,,,,,,,,,,,,,,,,,,,,,,,,,,,,,,,
31/12/2024,2358489-1,CULTURA,RESOLUCION MINISTERIAL,N¯ 000455-2024-MC,Aprueban tarifas promocionales para visitantes nacionales y extranjeros residentes en el pa°s al Circuito Cultural Urbano comprendido por la Iglesia de BelÇn el Museo Arqueol¢gico y Etnogr†fico y el Ex Hospital de Varones del Conjunto Monumental BelÇn,https://busquedas.elperuano.pe/dispositivo/NL/2358489-1,31/12/2024,,,,,,,,,,,,,,,,,,,,,,,,,,,,,,,,,,,,,,
31/12/2024,2358146-1,DEFENSA,RESOLUCION MINISTERIAL,N¯ 01788-2024-DE,Autorizan viaje de oficiales de la Fuerza AÇrea del Per£ a Argentina en misi¢n de estudios,https://busquedas.elperuano.pe/dispositivo/NL/2358146-1,31/12/2024,,,,,,,,,,,,,,,,,,,,,,,,,,,,,,,,,,,,,,
31/12/2024,2358195-1,DESARROLLO AGRARIO Y RIEGO,RESOLUCION JEFATURAL,N¯ 243-2024-INIA,Delegan facultades y atribuciones en diversos funcionarios del INIA para el ejercicio fiscal 2025,https://busquedas.elperuano.pe/dispositivo/NL/2358195-1,31/12/2024,,,,,,,,,,,,,,,,,,,,,,,,,,,,,,,,,,,,,,
31/12/2024,2358391-3,DESARROLLO E INCLUSI‡N SOCIAL,DECRETO SUPREMO,N¯ 012-2024-MIDIS,Decreto Supremo que aprueba el Reglamento del Sistema Nacional de Desarrollo e Inclusi¢n Social (SINADIS),https://busquedas.elperuano.pe/dispositivo/NL/2358391-3,31/12/2024,,,,,,,,,,,,,,,,,,,,,,,,,,,,,,,,,,,,,,
31/12/2024,2358391-4,DESARROLLO E INCLUSI‡N SOCIAL,DECRETO SUPREMO,N¯ 013-2024-MIDIS,Decreto Supremo que modifica el Decreto Supremo N¯ 006-2016-MIDIS Decreto Supremo que establece funciones que corresponden al gobierno nacional gobiernos locales y organizaciones que participan en el Programa de Complementaci¢n Alimentaria - PCA,https://busquedas.elperuano.pe/dispositivo/NL/2358391-4,31/12/2024,,,,,,,,,,,,,,,,,,,,,,,,,,,,,,,,,,,,,,
31/12/2024,2358391-5,DESARROLLO E INCLUSI‡N SOCIAL,DECRETO SUPREMO,N¯ 014-2024-MIDIS,Decreto Supremo que dicta disposiciones para la medici¢n oficial de la pobreza multidimensional en el Per£ y su uso,https://busquedas.elperuano.pe/dispositivo/NL/2358391-5,31/12/2024,,,,,,,,,,,,,,,,,,,,,,,,,,,,,,,,,,,,,,
31/12/2024,2358120-1,ECONOMIA Y FINANZAS,COMUNICADO,N¯ 0010-2024-EF/52.01,..,https://busquedas.elperuano.pe/dispositivo/NL/2358120-1,31/12/2024,,,,,,,,,,,,,,,,,,,,,,,,,,,,,,,,,,,,,,
31/12/2024,2358556-1,ECONOMIA Y FINANZAS,RESOLUCION VICE MINISTERIAL,N¯ 005-2024-EF/11.01,Resoluci¢n Viceministerial que aprueba el Cronograma Anual Mensualizado para el Pago de las Remuneraciones y Pensiones en la Administraci¢n P£blica as° como de las Pensiones correspondientes al Decreto Ley N¯ 19990 financiadas con cargo al presupuesto institucional de la ONP a aplicarse durante el A§o Fiscal 2025,https://busquedas.elperuano.pe/dispositivo/NL/2358556-1,31/12/2024,,,,,,,,,,,,,,,,,,,,,,,,,,,,,,,,,,,,,,
31/12/2024,2358406-1,EDUCACION,RESOLUCION MINISTERIAL,N¯ 650-2024-MINEDU,Aprueban el Plan EstratÇgico Institucional ? PEI del Ministerio de Educaci¢n 2025-2030,https://busquedas.elperuano.pe/dispositivo/NL/2358406-1,31/12/2024,,,,,,,,,,,,,,,,,,,,,,,,,,,,,,,,,,,,,,
31/12/2024,2357379-1,ENERGIA Y MINAS,RESOLUCION MINISTERIAL,N¯ 478-2024-MINEM/DM,Aprueban modificaci¢n de concesi¢n definitiva para desarrollar la actividad de generaci¢n de energ°a elÇctrica con recursos energÇticos renovables para el proyecto Central HidroelÇctrica Anashironi otorgada a favor de VARI ENERG÷A S.A.C.; y dictan otras disposiciones,https://busquedas.elperuano.pe/dispositivo/NL/2357379-1,31/12/2024,,,,,,,,,,,,,,,,,,,,,,,,,,,,,,,,,,,,,,
31/12/2024,2358055-1,ENERGIA Y MINAS,RESOLUCION MINISTERIAL,N¯ 482-2024-MINEM/DM,Otorgan concesi¢n definitiva a favor de la empresa ORYGEN PERÈ S.A.A. para desarrollar la generaci¢n de energ°a elÇctrica con Recursos EnergÇticos Renovablesen proyecto ubicado en el distrito de Las Lomas provincia de Caravel° departamento de Arequipa,https://busquedas.elperuano.pe/dispositivo/NL/2358055-1,31/12/2024,,,,,,,,,,,,,,,,,,,,,,,,,,,,,,,,,,,,,,
31/12/2024,2358326-1,INTERIOR,RESOLUCION MINISTERIAL,N¯ 1887-2024-IN,Disponen la publicaci¢n del proyecto de Decreto Supremo que aprueba el Reglamento del Decreto Legislativo N¯ 1611 Decreto Legislativo que aprueba medidas especiales para la prevenci¢n e investigaci¢n del delito de extorsi¢n y delitos conexos as° como para la modificaci¢n del C¢digo Penal aprobado mediante Decreto Legislativo Nß 635 y del C¢digo Procesal Penal aprobado por Decreto Legislativo Nß 957 el proyecto de Reglamento y la exposici¢n de motivos,https://busquedas.elperuano.pe/dispositivo/NL/2358326-1,31/12/2024,,,,,,,,,,,,,,,,,,,,,,,,,,,,,,,,,,,,,,
31/12/2024,2358416-1,INTERIOR,RESOLUCION MINISTERIAL,N¯ 1894-2024-IN,Designan Asesora II de la Secretar°a General del Ministerio,https://busquedas.elperuano.pe/dispositivo/NL/2358416-1,31/12/2024,,,,,,,,,,,,,,,,,,,,,,,,,,,,,,,,,,,,,,
31/12/2024,2358441-1,INTERIOR,RESOLUCION MINISTERIAL,N¯ 1874-2024-IN,Declaran la ampliaci¢n de una vacante en el proceso de ascenso por concurso de Oficiales de Armas y de Servicios de la Polic°a Nacional del Per£ del a§o 2024 ? Promoci¢n 2025,https://busquedas.elperuano.pe/dispositivo/NL/2358441-1,31/12/2024,,,,,,,,,,,,,,,,,,,,,,,,,,,,,,,,,,,,,,
31/12/2024,2358562-1,INTERIOR,RESOLUCION MINISTERIAL,N¯ 1899-2024-IN,Modifican Anexo de la R.M. N¯ 1488-2024-IN en el extremo del cuadro de mÇrito de Comandante de Armas de la PNP del proceso de ascenso por concurso de Oficiales de la Polic°a Nacional del Per£ del a§o 2024 ? Promoci¢n 2025,https://busquedas.elperuano.pe/dispositivo/NL/2358562-1,31/12/2024,,,,,,,,,,,,,,,,,,,,,,,,,,,,,,,,,,,,,,
31/12/2024,2358563-1,INTERIOR,RESOLUCION MINISTERIAL,N¯ 1900-2024-IN,Modifican en parte el art°culo 1 de la R.M. N¯ 1845-2024-IN que formaliza el ascenso al grado de Coronel de Armas de la Polic°a Nacional del Per£ a los Coronel de Armas que alcanzaron vacante en el proceso de ascenso por concurso de Oficiales Superiores de Armas y de Servicios de la Polic°a Nacional del Per£ del A§o 2024 ? Promoci¢n 2025,https://busquedas.elperuano.pe/dispositivo/NL/2358563-1,31/12/2024,,,,,,,,,,,,,,,,,,,,,,,,,,,,,,,,,,,,,,
31/12/2024,2358392-1,INTERIOR,RESOLUCION SUPREMA,N¯ 230-2024-IN,Asignan cargos en Agregadur°as Policiales en el extranjero a diversos oficiales de la Polic°a Nacional del Per£ y a suboficiales en el cargo de personal auxiliar,https://busquedas.elperuano.pe/dispositivo/NL/2358392-1,31/12/2024,,,,,,,,,,,,,,,,,,,,,,,,,,,,,,,,,,,,,,
31/12/2024,2358390-6,PRODUCE,DECRETO SUPREMO,N¯ 019-2024-PRODUCE,Decreto Supremo que crea la Comisi¢n Intergubernamental del Sector Producci¢n en materia de MYPE e Industria y la Comisi¢n Intergubernamental del Sector Producci¢n en materia de Pesca y Acuicultura,https://busquedas.elperuano.pe/dispositivo/NL/2358390-6,31/12/2024,,,,,,,,,,,,,,,,,,,,,,,,,,,,,,,,,,,,,,
31/12/2024,2358390-7,PRODUCE,DECRETO SUPREMO,N¯ 020-2024-PRODUCE,Decreto Supremo que aprueba normas temporales complementarias para la aplicaci¢n del rÇgimen excepcional de reducci¢n para el pago de multas administrativas en el sector pesca y acuicultura y otras disposiciones,https://busquedas.elperuano.pe/dispositivo/NL/2358390-7,31/12/2024,,,,,,,,,,,,,,,,,,,,,,,,,,,,,,,,,,,,,,
31/12/2024,2358390-8,PRODUCE,DECRETO SUPREMO,N¯ 021-2024-PRODUCE,Decreto Supremo que modifica el art°culo 1 del Decreto Supremo N¯ 002-2024-PRODUCE Decreto Supremo que establece plazo de adecuaci¢n a las disposiciones del Reglamento Sectorial de Inocuidad para las Actividades Pesqueras y Acu°colas aprobado mediante Decreto Supremo N¯ 020-2022-PRODUCE,https://busquedas.elperuano.pe/dispositivo/NL/2358390-8,31/12/2024,,,,,,,,,,,,,,,,,,,,,,,,,,,,,,,,,,,,,,
31/12/2024,2358296-1,PRODUCE,RESOLUCION,N¯ 063-2024-IMARPE/PE,Aprueban el Presupuesto Institucional de Apertura (PIA) de Gastos correspondiente al A§o Fiscal 2025 del Instituto del Mar del Per£ ? IMARPE,https://busquedas.elperuano.pe/dispositivo/NL/2358296-1,31/12/2024,,,,,,,,,,,,,,,,,,,,,,,,,,,,,,,,,,,,,,
31/12/2024,2358376-1,PRODUCE,RESOLUCION,N¯ 000012-2024-ITP/DE,Adecuan competencias del CITEacu°cola Pesquero Ahuashiyacu para incluir la cadena agroindustrial y modifican su denominaci¢n a Centro de Innovaci¢n Productiva y Transferencia Tecnol¢gica Productivo San Mart°n ? CITEproductivo San Mart°n,https://busquedas.elperuano.pe/dispositivo/NL/2358376-1,31/12/2024,,,,,,,,,,,,,,,,,,,,,,,,,,,,,,,,,,,,,,
31/12/2024,2358380-1,PRODUCE,RESOLUCION,N¯ 065-2024-IMARPE/PE,Autorizan transferencia financiera a favor de Pliego 019: Contralor°a General de la Rep£blica con cargo al Presupuesto Institucional del Pliego 240: Instituto del Mar del Per£ ? IMARPE para el ejercicio 2024,https://busquedas.elperuano.pe/dispositivo/NL/2358380-1,31/12/2024,,,,,,,,,,,,,,,,,,,,,,,,,,,,,,,,,,,,,,
31/12/2024,2358382-1,PRODUCE,RESOLUCION,N¯ 000016-2024-ITP/DE,Adec£an competencias del CITEpesquero para incluir la cadena agroindustrial y modifican su denominaci¢n a Centro de Innovaci¢n Productiva y Transferencia Tecnol¢gica Pesquero Acu°cola y Agroindustrial Callao ? CITEpesquero Acu°cola y Agroindustrial Callao,https://busquedas.elperuano.pe/dispositivo/NL/2358382-1,31/12/2024,,,,,,,,,,,,,,,,,,,,,,,,,,,,,,,,,,,,,,
31/12/2024,2358384-1,PRODUCE,RESOLUCION,N¯ 000013-2024-ITP/DE,Adec£an competencias del CITEpesquero Amaz¢nico Pucallpa para incluir la cadena agroindustrial y acu°cola y modifican su denominaci¢n a Centro de Innovaci¢n Productiva y Transferencia Tecnol¢gica Productivo Pucallpa ? CITEproductivo Pucallpa,https://busquedas.elperuano.pe/dispositivo/NL/2358384-1,31/12/2024,,,,,,,,,,,,,,,,,,,,,,,,,,,,,,,,,,,,,,
31/12/2024,2358352-1,RELACIONES EXTERIORES,RESOLUCION MINISTERIAL,N¯ 1013-2024-RE,Dan tÇrmino a designaci¢n de Agregado a la Embajada del Per£ en el Reino de los Pa°ses Bajos,https://busquedas.elperuano.pe/dispositivo/NL/2358352-1,31/12/2024,,,,,,,,,,,,,,,,,,,,,,,,,,,,,,,,,,,,,,
31/12/2024,2358390-12,RELACIONES EXTERIORES,RESOLUCION SUPREMA,N¯ 243-2024-RE,Dan por terminadas funciones de C¢nsul General del Per£ en Santiago Rep£blica de Chile,https://busquedas.elperuano.pe/dispositivo/NL/2358390-12,31/12/2024,,,,,,,,,,,,,,,,,,,,,,,,,,,,,,,,,,,,,,
31/12/2024,2358390-13,RELACIONES EXTERIORES,RESOLUCION SUPREMA,N¯ 244-2024-RE,Nombran C¢nsul General del Per£ en Santiago Rep£blica de Chile,https://busquedas.elperuano.pe/dispositivo/NL/2358390-13,31/12/2024,,,,,,,,,,,,,,,,,,,,,,,,,,,,,,,,,,,,,,
31/12/2024,2358390-14,RELACIONES EXTERIORES,RESOLUCION SUPREMA,N¯ 245-2024-RE,Nombran C¢nsul Honorario del Per£ en Bucaramanga Rep£blica de Colombia con jurisdicci¢n consular en los departamentos de Arauca Cesar Norte de Santander y Santander,https://busquedas.elperuano.pe/dispositivo/NL/2358390-14,31/12/2024,,,,,,,,,,,,,,,,,,,,,,,,,,,,,,,,,,,,,,
31/12/2024,2358390-10,SALUD,DECRETO SUPREMO,N¯ 023-2024-SA,Decreto Supremo que dicta disposiciones para la continuaci¢n de la prestaci¢n de los servicios de salud en las Instituciones Prestadoras de Servicios de Salud,https://busquedas.elperuano.pe/dispositivo/NL/2358390-10,31/12/2024,,,,,,,,,,,,,,,,,,,,,,,,,,,,,,,,,,,,,,
31/12/2024,2358390-11,SALUD,DECRETO SUPREMO,N¯ 024-2024-SA,Decreto Supremo que modifica el Reglamento de la Ley del Sistema Nacional de Residentado MÇdico,https://busquedas.elperuano.pe/dispositivo/NL/2358390-11,31/12/2024,,,,,,,,,,,,,,,,,,,,,,,,,,,,,,,,,,,,,,
31/12/2024,2358390-9,SALUD,DECRETO SUPREMO,N¯ 022-2024-SA,Decreto Supremo que define el listado de los indicadores de desempe§o y compromisos de mejora de los servicios a cumplir en el a§o 2025 las fichas tÇcnicas y los scripts para su aplicaci¢n e implementaci¢n para percibir la entrega econ¢mica anual a la que hace referencia el art°culo 15 del Decreto Legislativo N¯ 1153 Decreto Legislativo que regula la Pol°tica Integral de Compensaciones y Entregas Econ¢micas del personal de la salud al servicio del Estado,https://busquedas.elperuano.pe/dispositivo/NL/2358390-9,31/12/2024,,,,,,,,,,,,,,,,,,,,,,,,,,,,,,,,,,,,,,
31/12/2024,2358383-1,TRABAJO Y PROMOCION DEL EMPLEO,RESOLUCION,N¯ 001013-PE-ESSALUD-2024,Aprueban el Texto Actualizado y Concordado del Reglamento de Organizaci¢n y Funciones del Seguro Social de Salud ? ESSALUD y dictan otras disposiciones,https://busquedas.elperuano.pe/dispositivo/NL/2358383-1,31/12/2024,,,,,,,,,,,,,,,,,,,,,,,,,,,,,,,,,,,,,,
31/12/2024,2357698-1,TRANSPORTES Y COMUNICACIONES,RESOLUCION MINISTERIAL,N¯ 779-2024-MTC/01.03,Otorgan a la empresa REYTEC TECHNOLOGY S.A.C. Concesi¢n Ènica para la prestaci¢n de servicios p£blicos de telecomunicaciones en †rea que comprende todo el territorio de la Rep£blica,https://busquedas.elperuano.pe/dispositivo/NL/2357698-1,31/12/2024,,,,,,,,,,,,,,,,,,,,,,,,,,,,,,,,,,,,,,
31/12/2024,2358391-6,"VIVIENDA, CONSTRUCCI‡N Y SANEAMIENTO",RESOLUCION SUPREMA,N¯ 012-2024-VIVIENDA,Aceptan renuncia de Director Ejecutivo del Organismo de Formalizaci¢n de la Propiedad Informal - COFOPRI,https://busquedas.elperuano.pe/dispositivo/NL/2358391-6,31/12/2024,,,,,,,,,,,,,,,,,,,,,,,,,,,,,,,,,,,,,,
31/12/2024,2358391-7,"VIVIENDA, CONSTRUCCI‡N Y SANEAMIENTO",RESOLUCION SUPREMA,N¯ 013-2024-VIVIENDA,Encargan al Viceministro de Vivienda y Urbanismo el puesto de Director Ejecutivo del Organismo de Formalizaci¢n de la Propiedad Informal - COFOPRI,https://busquedas.elperuano.pe/dispositivo/NL/2358391-7,31/12/2024,,,,,,,,,,,,,,,,,,,,,,,,,,,,,,,,,,,,,,
31/12/2024,2358206-1,ARCHIVO GENERAL DE LA NACION,RESOLUCION JEFATURAL,N¯ 000380-2024-AGN/JEF,Modifican la R.J. Nß 000372-2023-AGN/JEF que delega en la Secretar°a General y la Oficina de Administraci¢n diversas facultades y atribuciones,https://busquedas.elperuano.pe/dispositivo/NL/2358206-1,31/12/2024,,,,,,,,,,,,,,,,,,,,,,,,,,,,,,,,,,,,,,
31/12/2024,2358324-1,ARCHIVO GENERAL DE LA NACION,RESOLUCION JEFATURAL,N¯ 000381-2024-AGN/JEF,Aprueban el Plan Operativo Institucional (POI) Anual 2025 consistente con el Presupuesto Institucional de Apertura del Archivo General de la Naci¢n,https://busquedas.elperuano.pe/dispositivo/NL/2358324-1,31/12/2024,,,,,,,,,,,,,,,,,,,,,,,,,,,,,,,,,,,,,,
31/12/2024,2358504-1,COMISION NACIONAL PARA EL DESARROLLO Y VIDA SIN DROGAS,RESOLUCION,N¯ 000221-2024-DV-PE,Delegan diversas facultades en la Coordinaci¢n Ejecutiva y en la Unidad de Administraci¢n de la Oficina Zonal de San Francisco - Unidad Ejecutora 006-1715 Unidad de Gesti¢n de apoyo al desarrollo sostenible del VRAEM durante el a§o 2025,https://busquedas.elperuano.pe/dispositivo/NL/2358504-1,31/12/2024,,,,,,,,,,,,,,,,,,,,,,,,,,,,,,,,,,,,,,
31/12/2024,2358538-1,COMISION NACIONAL PARA EL DESARROLLO Y VIDA SIN DROGAS,RESOLUCION,N¯ 000222-2024-DV-PE,Delegan diversas facultades en la Gerencia General la Oficina General de Administraci¢n la Unidad de Abastecimiento la Unidad de Recursos Humanos la Direcci¢n de Articulaci¢n Territorial y en Oficinas Zonales de DEVIDA,https://busquedas.elperuano.pe/dispositivo/NL/2358538-1,31/12/2024,,,,,,,,,,,,,,,,,,,,,,,,,,,,,,,,,,,,,,
31/12/2024,2358405-1,INSTITUTO NACIONAL DE DEFENSA CIVIL,RESOLUCION JEFATURAL,N¯ 000211-2024-INDECI/JEF INDECI,Delegan facultades y atribuciones en diversos funcionarios del INDECI para el A§o Fiscal 2025,https://busquedas.elperuano.pe/dispositivo/NL/2358405-1,31/12/2024,,,,,,,,,,,,,,,,,,,,,,,,,,,,,,,,,,,,,,
31/12/2024,2358064-1,ORGANISMO SUPERVISOR DE LA INVERSI‡N EN ENERG÷A Y MINER÷A,RESOLUCION,N¯ 122-2024-OS/PRES,Disponen la publicaci¢n para comentarios del proyecto de Resoluci¢n de Consejo Directivo que implementa el art°culo £nico de la Ley N¯ 32032 Ley que modifica la Ley N¯ 29571 C¢digo de Protecci¢n y Defensa del Consumidor a fin de simplificar el procedimiento para la solicitud de suspensi¢n cancelaci¢n o baja de servicios p£blicos en los servicios p£blicos de electricidad y gas natural,https://busquedas.elperuano.pe/dispositivo/NL/2358064-1,31/12/2024,,,,,,,,,,,,,,,,,,,,,,,,,,,,,,,,,,,,,,
31/12/2024,2357546-1,ORGANISMO SUPERVISOR DE INVERSION PRIVADA EN TELECOMUNICACIONES,RESOLUCION,N¯ 00093-2024-PE/OSIPTEL,Aprueban la Directiva denominada Medidas de Austeridad Disciplina y Calidad en el Gasto P£blico del Organismo Supervisor de Inversi¢n Privada en Telecomunicaciones ? OSIPTEL para el Ejercicio Fiscal 2025,https://busquedas.elperuano.pe/dispositivo/NL/2357546-1,31/12/2024,,,,,,,,,,,,,,,,,,,,,,,,,,,,,,,,,,,,,,
31/12/2024,2358202-1,AGENCIA DE PROMOCI‡N DE LA INVERSI‡N PRIVADA,RESOLUCION,N¯ 123-2024,Aprueban el Plan Operativo Institucional Anual - POI 2025 Consistente con el Presupuesto Institucional de Apertura correspondiente al A§o Fiscal 2025 de PROINVERSI‡N,https://busquedas.elperuano.pe/dispositivo/NL/2358202-1,31/12/2024,,,,,,,,,,,,,,,,,,,,,,,,,,,,,,,,,,,,,,
31/12/2024,2358335-1,AGENCIA DE PROMOCI‡N DE LA INVERSI‡N PRIVADA,RESOLUCION,N¯ 226-2024,Aprueban la formalizaci¢n y compendio anual de las actualizaciones del Cuadro para Asignaci¢n de Personal Provisional ? CAP Provisional de la Agencia de Promoci¢n de la Inversi¢n Privada ? PROINVERSI‡N,https://busquedas.elperuano.pe/dispositivo/NL/2358335-1,31/12/2024,,,,,,,,,,,,,,,,,,,,,,,,,,,,,,,,,,,,,,
31/12/2024,2358372-1,AGENCIA DE PROMOCI‡N DE LA INVERSI‡N PRIVADA,RESOLUCION,N¯ 227-2024,Formalizan y aprueban el Compendio del Manual de Clasificador de Cargos de PROINVERSI‡N aprobado mediante Resoluci¢n de la Secretar°a General N¯ 277-2023 que consolida modificaciones realizadas a dicho documento a travÇs de diversas resoluciones,https://busquedas.elperuano.pe/dispositivo/NL/2358372-1,31/12/2024,,,,,,,,,,,,,,,,,,,,,,,,,,,,,,,,,,,,,,
31/12/2024,2358551-1,AUTORIDAD DE TRANSPORTE URBANO PARA LIMA Y CALLAO,RESOLUCION,N¯ 284-2024-ATU/PE,Delegan facultades y atribuciones en diversos funcionarios de la Autoridad de Transporte Urbano para Lima y Callao - ATU durante el A§o Fiscal 2025,https://busquedas.elperuano.pe/dispositivo/NL/2358551-1,31/12/2024,,,,,,,,,,,,,,,,,,,,,,,,,,,,,,,,,,,,,,
31/12/2024,2358043-1,INSTITUTO DE INVESTIGACIONES DE LA AMAZONIA PERUANA,RESOLUCION,N¯ 0096-2024-IIAP-PE,Modifican el Presupuesto Institucional del Pliego 055 Instituto de Investigaciones de la Amazonia Peruana ? IIAP para el A§o Fiscal 2024,https://busquedas.elperuano.pe/dispositivo/NL/2358043-1,31/12/2024,,,,,,,,,,,,,,,,,,,,,,,,,,,,,,,,,,,,,,
31/12/2024,2358429-1,INSTITUTO NACIONAL DE DEFENSA DE LA COMPETENCIA Y DE LA PROTECCION DE LA PROPIEDAD INTELECTUAL,RESOLUCION,N¯ 000166-2024-PRE/INDECOPI,Aprueban Plan Operativo Institucional (POI) Anual 2025 Consistenciado del INDECOPI,https://busquedas.elperuano.pe/dispositivo/NL/2358429-1,31/12/2024,,,,,,,,,,,,,,,,,,,,,,,,,,,,,,,,,,,,,,
31/12/2024,2358516-1,SERVICIO NACIONAL DE AREAS NATURALES PROTEGIDAS POR EL ESTADO,RESOLUCION,N¯ 000251-2024-SERNANP/J-SGD,Modifican el Presupuesto Institucional del SERNANP para el a§o fiscal 2024,https://busquedas.elperuano.pe/dispositivo/NL/2358516-1,31/12/2024,,,,,,,,,,,,,,,,,,,,,,,,,,,,,,,,,,,,,,
31/12/2024,2358054-1,SUPERINTENDENCIA NACIONAL DE ADUANAS Y DE ADMINISTRACI‡N TRIBUTARIA,RESOLUCION,N¯ 000299-2024/SUNAT,Modifican la Resoluci¢n de Superintendencia Nß 000191-2020/SUNAT para ampliar el plazo excepcional durante el cual el Banco de la Naci¢n puede emitir documentos autorizados,https://busquedas.elperuano.pe/dispositivo/NL/2358054-1,31/12/2024,,,,,,,,,,,,,,,,,,,,,,,,,,,,,,,,,,,,,,
31/12/2024,2358058-1,SUPERINTENDENCIA NACIONAL DE ADUANAS Y DE ADMINISTRACI‡N TRIBUTARIA,RESOLUCION,N¯ 000300-2024/SUNAT,Modifican la Resoluci¢n de Superintendencia N¯ 000206-2024/SUNAT para incorporar disposiciones sobre la deuda tributaria que el deudor tributario debe garantizar y las caracter°sticas de las garant°as que debe otorgar cuando la SUNAT realice el procedimiento de acogimiento de oficio a la modalidad de pago fraccionado,https://busquedas.elperuano.pe/dispositivo/NL/2358058-1,31/12/2024,,,,,,,,,,,,,,,,,,,,,,,,,,,,,,,,,,,,,,
31/12/2024,2358063-1,SUPERINTENDENCIA NACIONAL DE ADUANAS Y DE ADMINISTRACI‡N TRIBUTARIA,RESOLUCION,N¯ 000046-2024-SUNAT/700000,Prorrogan y modifican la aplicaci¢n de la facultad discrecional en la administraci¢n de sanciones dispuesta en la Resoluci¢n de Superintendencia Nacional Adjunta de Tributos Internos Nß 000052-2022-SUNAT/700000,https://busquedas.elperuano.pe/dispositivo/NL/2358063-1,31/12/2024,,,,,,,,,,,,,,,,,,,,,,,,,,,,,,,,,,,,,,
31/12/2024,2358143-1,SUPERINTENDENCIA NACIONAL DE ADUANAS Y DE ADMINISTRACI‡N TRIBUTARIA,RESOLUCION,N¯ 000221-2024-SUNAT/800000,Aprueban modificaci¢n del Manual de Clasificador de Cargos de la Superintendencia Nacional de Aduanas y de Administraci¢n Tributaria- SUNAT,https://busquedas.elperuano.pe/dispositivo/NL/2358143-1,31/12/2024,,,,,,,,,,,,,,,,,,,,,,,,,,,,,,,,,,,,,,
31/12/2024,2358259-1,SUPERINTENDENCIA NACIONAL DE ADUANAS Y DE ADMINISTRACI‡N TRIBUTARIA,RESOLUCION,N¯ 000304-2024/SUNAT,Aprueban el Cronograma General para la Declaraci¢n Jurada Anual del Impuesto a la Renta y del Impuesto a las Transacciones Financieras y para las Personas Naturales y Micro y Peque§as Empresas (MYPE) comprendidas en el †mbito de aplicaci¢n de la Ley N¯ 31940 correspondiente al ejercicio gravable 2024,https://busquedas.elperuano.pe/dispositivo/NL/2358259-1,31/12/2024,,,,,,,,,,,,,,,,,,,,,,,,,,,,,,,,,,,,,,
31/12/2024,2358404-1,SUPERINTENDENCIA NACIONAL DE EDUCACION SUPERIOR UNIVERSITARIA,RESOLUCION,N¯ 0042-2024-SUNEDU-CD,Aprueban Disposiciones para la aplicaci¢n de la Ley N¯ 31803 Ley que modifica la Ley N¯ 30220 Ley Universitaria a fin de promover la investigaci¢n para la obtenci¢n del grado acadÇmico de bachiller o del t°tulo profesional e impulsar la inserci¢n de los graduandos de las universidades p£blicas y privadas en el mercado laboral,https://busquedas.elperuano.pe/dispositivo/NL/2358404-1,31/12/2024,,,,,,,,,,,,,,,,,,,,,,,,,,,,,,,,,,,,,,
31/12/2024,2355102-1,INSTITUCIONES EDUCATIVAS,RESOLUCION,N¯ 638-2024-CO-UNAT,Autorizan viaje de docentes laboratoristas y estudiantes de la Universidad Nacional Aut¢noma de Tayacaja Daniel Hern†ndez Morillo a Colombia en comisi¢n de servicios,https://busquedas.elperuano.pe/dispositivo/NL/2355102-1,31/12/2024,,,,,,,,,,,,,,,,,,,,,,,,,,,,,,,,,,,,,,
31/12/2024,2358030-1,INSTITUCIONES EDUCATIVAS,RESOLUCION,N¯ 14345-2024-UNJBG,Autorizan la reducci¢n del Presupuesto Institucional de la Universidad Nacional Jorge Basadre Grohmann,https://busquedas.elperuano.pe/dispositivo/NL/2358030-1,31/12/2024,,,,,,,,,,,,,,,,,,,,,,,,,,,,,,,,,,,,,,
31/12/2024,2358244-1,INSTITUCIONES EDUCATIVAS,RESOLUCION,N¯ 1533-2024,Autorizan transferencia financiera de la Universidad Nacional de San Agust°n a favor de la Autoridad Nacional de Control del Ministerio P£blico,https://busquedas.elperuano.pe/dispositivo/NL/2358244-1,31/12/2024,,,,,,,,,,,,,,,,,,,,,,,,,,,,,,,,,,,,,,
31/12/2024,2358333-1,INSTITUCIONES EDUCATIVAS,RESOLUCION,N¯ 268-2024-UNDC/CO-P,Autorizan la reducci¢n del Presupuesto Institucional del Pliego 547: Universidad Nacional de Ca§ete,https://busquedas.elperuano.pe/dispositivo/NL/2358333-1,31/12/2024,,,,,,,,,,,,,,,,,,,,,,,,,,,,,,,,,,,,,,
31/12/2024,2358076-1,JURADO NACIONAL DE ELECCIONES,RESOLUCION,N¯ 0410-2024-JNE,Declaran nulo lo actuado a partir de la citaci¢n dirigida a regidor del Concejo Distrital de Margos provincia y departamento de Hu†nuco para que asista a la sesi¢n extraordinaria de concejo en la que se evalu¢ solicitud de vacancia seguida en su contra; y dictan otras disposiciones,https://busquedas.elperuano.pe/dispositivo/NL/2358076-1,31/12/2024,,,,,,,,,,,,,,,,,,,,,,,,,,,,,,,,,,,,,,
31/12/2024,2358081-1,JURADO NACIONAL DE ELECCIONES,RESOLUCION,N¯ 0444-2024-JNE,Convocan a ciudadano para que asuma el cargo de regidor del Concejo Distrital de Ate provincia y departamento de Lima,https://busquedas.elperuano.pe/dispositivo/NL/2358081-1,31/12/2024,,,,,,,,,,,,,,,,,,,,,,,,,,,,,,,,,,,,,,
31/12/2024,2358084-1,JURADO NACIONAL DE ELECCIONES,RESOLUCION,N¯ 0445-2024-JNE,Convocan a ciudadano para que asuma el cargo de regidor del Concejo Distrital de Tocmoche provincia de Chota departamento de Cajamarca,https://busquedas.elperuano.pe/dispositivo/NL/2358084-1,31/12/2024,,,,,,,,,,,,,,,,,,,,,,,,,,,,,,,,,,,,,,
31/12/2024,2358085-1,JURADO NACIONAL DE ELECCIONES,RESOLUCION,N¯ 0413-2024-JNE,Convocan a ciudadano para que asuma el cargo de regidor del Concejo Distrital de Parcona provincia y departamento de Ica,https://busquedas.elperuano.pe/dispositivo/NL/2358085-1,31/12/2024,,,,,,,,,,,,,,,,,,,,,,,,,,,,,,,,,,,,,,
31/12/2024,2358091-1,JURADO NACIONAL DE ELECCIONES,RESOLUCION,N¯ 0430-2024-JNE,Convocan a ciudadana para que asuma el cargo de regidora del Concejo Provincial de Ca§ete departamento de Lima,https://busquedas.elperuano.pe/dispositivo/NL/2358091-1,31/12/2024,,,,,,,,,,,,,,,,,,,,,,,,,,,,,,,,,,,,,,
31/12/2024,2358093-1,JURADO NACIONAL DE ELECCIONES,RESOLUCION,N¯ 0426-2024-JNE,Declaran infundado recurso de apelaci¢n y confirman el Acuerdo de Concejo Nß 38-2024-MDS que desaprob¢ solicitud de vacancia presentada en contra de regidores del Concejo Distrital de Surquillo provincia y departamento de Lima,https://busquedas.elperuano.pe/dispositivo/NL/2358093-1,31/12/2024,,,,,,,,,,,,,,,,,,,,,,,,,,,,,,,,,,,,,,
31/12/2024,2358094-1,JURADO NACIONAL DE ELECCIONES,RESOLUCION,N¯ 0431-2024-JNE,Declaran infundado recurso de apelaci¢n y confirman el Acuerdo de Concejo Nß 39-2024-MDS que desaprob¢ solicitud de vacancia presentada en contra de regidor del Concejo Distrital de Surquillo provincia y departamento de Lima,https://busquedas.elperuano.pe/dispositivo/NL/2358094-1,31/12/2024,,,,,,,,,,,,,,,,,,,,,,,,,,,,,,,,,,,,,,
31/12/2024,2358096-1,JURADO NACIONAL DE ELECCIONES,RESOLUCION,N¯ 0432-2024-JNE,Declaran infundado recurso de apelaci¢n y confirman el Acuerdo de Concejo Extraordinario Nß 005-2024-MDNR que desaprob¢ solicitud de vacancia presentada en contra de regidora del Concejo Distrital de Nueva Requena provincia de Coronel Portillo departamento de Ucayali ?actual alcaldesa? por la causal de nepotismo,https://busquedas.elperuano.pe/dispositivo/NL/2358096-1,31/12/2024,,,,,,,,,,,,,,,,,,,,,,,,,,,,,,,,,,,,,,
31/12/2024,2358098-1,JURADO NACIONAL DE ELECCIONES,RESOLUCION,N¯ 0443-2024-JNE,Convocan a ciudadanos para que asuman provisionalmente los cargos de alcalde y regidor de la Municipalidad Distrital de Acos Vinchos provincia de Huamanga departamento de Ayacucho,https://busquedas.elperuano.pe/dispositivo/NL/2358098-1,31/12/2024,,,,,,,,,,,,,,,,,,,,,,,,,,,,,,,,,,,,,,
31/12/2024,2358100-1,JURADO NACIONAL DE ELECCIONES,RESOLUCION,N¯ 0446-2024-JNE,Convocan a ciudadana para que asuma el cargo de regidora del Concejo Distrital de Uraca provincia de Castilla departamento de Arequipa,https://busquedas.elperuano.pe/dispositivo/NL/2358100-1,31/12/2024,,,,,,,,,,,,,,,,,,,,,,,,,,,,,,,,,,,,,,
31/12/2024,2358102-1,JURADO NACIONAL DE ELECCIONES,RESOLUCION,N¯ 0448-2024-JNE,Declaran nulo lo actuado a partir del acto de notificaci¢n del Acuerdo Nß 011-2024-MDP-ANT-APU dirigido a regidor del Concejo Distrital de Pachaconas provincia de Antabamba departamento de Apur°mac,https://busquedas.elperuano.pe/dispositivo/NL/2358102-1,31/12/2024,,,,,,,,,,,,,,,,,,,,,,,,,,,,,,,,,,,,,,
31/12/2024,2358103-1,JURADO NACIONAL DE ELECCIONES,RESOLUCION,N¯ 0449-2024-JNE,Convocan a ciudadana para que asuma el cargo de regidora del Concejo Distrital de Pachaconas provincia de Antabamba departamento de Apur°mac,https://busquedas.elperuano.pe/dispositivo/NL/2358103-1,31/12/2024,,,,,,,,,,,,,,,,,,,,,,,,,,,,,,,,,,,,,,
31/12/2024,2358105-1,JURADO NACIONAL DE ELECCIONES,RESOLUCION,N¯ 0429-2024-JNE,Requieren a alcalde de la Municipalidad Distrital de Ticllos provincia de Bolognesi departamento de µncash para que convoque a nueva sesi¢n extraordinaria de concejo en la que se dilucide y resuelva vacancia seguida en contra de regidora,https://busquedas.elperuano.pe/dispositivo/NL/2358105-1,31/12/2024,,,,,,,,,,,,,,,,,,,,,,,,,,,,,,,,,,,,,,
31/12/2024,2358107-1,JURADO NACIONAL DE ELECCIONES,RESOLUCION,N¯ 0447-2024-JNE,Convocan a ciudadana para que asuma de manera provisional el cargo de regidora del Concejo Provincial de Huamanga departamento de Ayacucho,https://busquedas.elperuano.pe/dispositivo/NL/2358107-1,31/12/2024,,,,,,,,,,,,,,,,,,,,,,,,,,,,,,,,,,,,,,
31/12/2024,2358109-1,JURADO NACIONAL DE ELECCIONES,RESOLUCION,N¯ 0415-2024-JNE,Declaran improcedente el tr†mite de suspensi¢n seguido contra regidor del Concejo Distrital de Acora provincia y departamento de Puno,https://busquedas.elperuano.pe/dispositivo/NL/2358109-1,31/12/2024,,,,,,,,,,,,,,,,,,,,,,,,,,,,,,,,,,,,,,
31/12/2024,2358111-1,JURADO NACIONAL DE ELECCIONES,RESOLUCION,N¯ 0437-2024-JNE,Confirman Acuerdo N¯ 002-2024-SE-MDM que rechaz¢ solicitud de vacancia en contra de alcalde de la Municipalidad Distrital de Maquia provincia de Requena departamento de Loreto,https://busquedas.elperuano.pe/dispositivo/NL/2358111-1,31/12/2024,,,,,,,,,,,,,,,,,,,,,,,,,,,,,,,,,,,,,,
31/12/2024,2358115-1,JURADO NACIONAL DE ELECCIONES,RESOLUCION,N¯ 0436-2024-JNE,Declaran infundada solicitud de suspensi¢n presentada contra regidora del Concejo Distrital de Pachac†mac provincia y departamento de Lima,https://busquedas.elperuano.pe/dispositivo/NL/2358115-1,31/12/2024,,,,,,,,,,,,,,,,,,,,,,,,,,,,,,,,,,,,,,
31/12/2024,2358117-1,JURADO NACIONAL DE ELECCIONES,RESOLUCION,N¯ 0416-2024-JNE,Disponen devolver los actuados al Concejo Distrital de Ba§os provincia de Lauricocha departamento de Hu†nuco a fin de que se convoque nuevamente a sesi¢n extraordinaria y se pronuncien sobre pedido de vacancia en contra de regidora,https://busquedas.elperuano.pe/dispositivo/NL/2358117-1,31/12/2024,,,,,,,,,,,,,,,,,,,,,,,,,,,,,,,,,,,,,,
31/12/2024,2358122-1,JURADO NACIONAL DE ELECCIONES,RESOLUCION,N¯ 0428-2024-JNE,Convocan a ciudadano para que asuma el cargo de regidor del Concejo Provincial de Tocache departamento de San Mart°n,https://busquedas.elperuano.pe/dispositivo/NL/2358122-1,31/12/2024,,,,,,,,,,,,,,,,,,,,,,,,,,,,,,,,,,,,,,
31/12/2024,2358125-1,JURADO NACIONAL DE ELECCIONES,RESOLUCION,N¯ 0427-2024-JNE,Declaran infundada solicitud de suspensi¢n presentada en contra de regidora del Concejo Distrital de San Juan de Miraflores provincia y departamento de Lima,https://busquedas.elperuano.pe/dispositivo/NL/2358125-1,31/12/2024,,,,,,,,,,,,,,,,,,,,,,,,,,,,,,,,,,,,,,
31/12/2024,2358126-1,JURADO NACIONAL DE ELECCIONES,RESOLUCION,N¯ 0425-2024-JNE,Confirman la Resoluci¢n N¯ 000073-2024-SG/ONPE de la Secretar°a General de la ONPE que admiti¢ la solicitud de revocatoria promovida en contra de autoridades municipales de la Municipalidad Distrital de Boquer¢n provincia de Padre Abad departamento de Ucayali,https://busquedas.elperuano.pe/dispositivo/NL/2358126-1,31/12/2024,,,,,,,,,,,,,,,,,,,,,,,,,,,,,,,,,,,,,,
31/12/2024,2358127-1,JURADO NACIONAL DE ELECCIONES,RESOLUCION,N¯ 0433-2024-JNE,Declaran fundado recurso de apelaci¢n interpuesto por regidora del Concejo Distrital de Nicol†s de PiÇrola provincia de Caman† departamento de Arequipa; y en consecuencia revocan el Acuerdo de Concejo Nß 042-2024-MDNP que deneg¢ recurso de reconsideraci¢n presentado en contra del Acuerdo de Concejo Nß 033-2024-MDNP y reform†ndolo declaran infundada solicitud de vacancia,https://busquedas.elperuano.pe/dispositivo/NL/2358127-1,31/12/2024,,,,,,,,,,,,,,,,,,,,,,,,,,,,,,,,,,,,,,
31/12/2024,2358129-1,JURADO NACIONAL DE ELECCIONES,RESOLUCION,N¯ 0434-2024-JNE,Declaran nulo el Acuerdo de Concejo Nß 165-2024-SE-CM/MDH que declar¢ improcedente solicitud de vacancia presentada en contra de regidora del Concejo Distrital de Huaura provincia de Huaura departamento de Lima,https://busquedas.elperuano.pe/dispositivo/NL/2358129-1,31/12/2024,,,,,,,,,,,,,,,,,,,,,,,,,,,,,,,,,,,,,,
31/12/2024,2358131-1,JURADO NACIONAL DE ELECCIONES,RESOLUCION,N¯ 0442-2024-JNE,Convocan a ciudadana para asumir provisionalmente el cargo de regidora del Concejo Distrital de Huepetuhe provincia de Manu departamento de Madre de Dios,https://busquedas.elperuano.pe/dispositivo/NL/2358131-1,31/12/2024,,,,,,,,,,,,,,,,,,,,,,,,,,,,,,,,,,,,,,
31/12/2024,2358149-1,JURADO NACIONAL DE ELECCIONES,RESOLUCION,N¯ 0435-2024-JNE,Declaran nulo el Acuerdo de Concejo Municipal Nß 095-2024-MPH/CM que desaprob¢ solicitud de vacancia presentada en contra de regidora del Concejo Provincial de Huancayo departamento de Jun°n,https://busquedas.elperuano.pe/dispositivo/NL/2358149-1,31/12/2024,,,,,,,,,,,,,,,,,,,,,,,,,,,,,,,,,,,,,,
31/12/2024,2358152-1,JURADO NACIONAL DE ELECCIONES,RESOLUCION,N¯ 0438-2024-JNE,Declaran infundadorecurso de apelaci¢n y confirman la Resoluci¢n Jefatural-PAS Nß 0002392-2024-JN/ONPE,https://busquedas.elperuano.pe/dispositivo/NL/2358152-1,31/12/2024,,,,,,,,,,,,,,,,,,,,,,,,,,,,,,,,,,,,,,
31/12/2024,2358154-1,JURADO NACIONAL DE ELECCIONES,RESOLUCION,N¯ 0439-2024-JNE,Declaran nulos acuerdos que rechazaron solicitud de vacancia contra regidores del Concejo Provincial de Picota departamento de San Mart°n,https://busquedas.elperuano.pe/dispositivo/NL/2358154-1,31/12/2024,,,,,,,,,,,,,,,,,,,,,,,,,,,,,,,,,,,,,,
31/12/2024,2358155-1,JURADO NACIONAL DE ELECCIONES,RESOLUCION,N¯ 0440-2024-JNE,Declaran nulo acuerdo que desaprob¢ solicitud de suspensi¢n de alcalde de la Municipalidad Provincial de Cajatambo departamento de Lima,https://busquedas.elperuano.pe/dispositivo/NL/2358155-1,31/12/2024,,,,,,,,,,,,,,,,,,,,,,,,,,,,,,,,,,,,,,
31/12/2024,2358286-1,MINISTERIO PUBLICO,RESOLUCION,N¯ 81-2024-MP-FN-JFS,Prorrogan vigencia de las fiscal°as y plazas fiscales que fueron creadas mediante Resoluci¢n de la Junta de Fiscales Supremos N¯ 062-2019-MP-FN-JFS,https://busquedas.elperuano.pe/dispositivo/NL/2358286-1,31/12/2024,,,,,,,,,,,,,,,,,,,,,,,,,,,,,,,,,,,,,,
31/12/2024,2358286-10,MINISTERIO PUBLICO,RESOLUCION,N¯ 90-2024-MP-FN-JFS,Prorrogan vigencia de las fiscal°as y plazas fiscales creadas por Resoluci¢n de la Junta de Fiscales Supremos Nß 115-2018-MP-FN-JFS,https://busquedas.elperuano.pe/dispositivo/NL/2358286-10,31/12/2024,,,,,,,,,,,,,,,,,,,,,,,,,,,,,,,,,,,,,,
31/12/2024,2358286-11,MINISTERIO PUBLICO,RESOLUCION,N¯ 91-2024-MP-FN-JFS,Prorrogan vigencia de los despachos y plazas fiscales creados por Resoluci¢n de la Junta de Fiscales Supremos Nß 063-2019-MP-FN-JFS,https://busquedas.elperuano.pe/dispositivo/NL/2358286-11,31/12/2024,,,,,,,,,,,,,,,,,,,,,,,,,,,,,,,,,,,,,,
31/12/2024,2358286-12,MINISTERIO PUBLICO,RESOLUCION,N¯ 92-2024-MP-FN-JFS,Prorrogan vigencia de las plazas fiscales creadas por Resoluci¢n de la Junta de Fiscales Supremos Nß 090-2020-MP-FN-JFS,https://busquedas.elperuano.pe/dispositivo/NL/2358286-12,31/12/2024,,,,,,,,,,,,,,,,,,,,,,,,,,,,,,,,,,,,,,
31/12/2024,2358286-13,MINISTERIO PUBLICO,RESOLUCION,N¯ 93-2024-MP-FN-JFS,Prorrogan vigencia de las plazas y despachos fiscales creadas por Resoluci¢n de la Junta de Fiscales Supremos Nß 080-2019-MP-FN-JFS,https://busquedas.elperuano.pe/dispositivo/NL/2358286-13,31/12/2024,,,,,,,,,,,,,,,,,,,,,,,,,,,,,,,,,,,,,,
31/12/2024,2358286-14,MINISTERIO PUBLICO,RESOLUCION,N¯ 094-2024-MP-FN-JFS,Prorrogan vigencia de las fiscal°as y plazas fiscales creadas mediante Resoluci¢n de la Junta de Fiscales Supremos Nß 008-2023-MP-FN-JFS,https://busquedas.elperuano.pe/dispositivo/NL/2358286-14,31/12/2024,,,,,,,,,,,,,,,,,,,,,,,,,,,,,,,,,,,,,,
31/12/2024,2358286-15,MINISTERIO PUBLICO,RESOLUCION,N¯ 095-2024-MP-FN-JFS,Prorrogan vigencia del despacho y la plaza fiscal creados mediante Resoluci¢n de la Junta de Fiscales Supremos N¯ 021-2023-MP-FN-JFS,https://busquedas.elperuano.pe/dispositivo/NL/2358286-15,31/12/2024,,,,,,,,,,,,,,,,,,,,,,,,,,,,,,,,,,,,,,
31/12/2024,2358286-16,MINISTERIO PUBLICO,RESOLUCION,N¯ 096-2024-MP-FN-JFS,Prorrogan vigencia de las fiscal°as y plazas fiscales creadas mediante Resoluci¢n de la Junta de Fiscales Supremos N¯ 045-2023-MP-FN-JFS,https://busquedas.elperuano.pe/dispositivo/NL/2358286-16,31/12/2024,,,,,,,,,,,,,,,,,,,,,,,,,,,,,,,,,,,,,,
31/12/2024,2358286-17,MINISTERIO PUBLICO,RESOLUCION,N¯ 097-2024-MP-FN-JFS,Prorrogan vigencia de plazas fiscales creadas mediante Resoluci¢n de la Junta de Fiscales Supremos N¯ 046-2023-MP-FN-JFS,https://busquedas.elperuano.pe/dispositivo/NL/2358286-17,31/12/2024,,,,,,,,,,,,,,,,,,,,,,,,,,,,,,,,,,,,,,
31/12/2024,2358286-18,MINISTERIO PUBLICO,RESOLUCION,N¯ 098-2024-MP-FN-JFS,Prorrogan vigencia del despacho fiscal creado mediante Resoluci¢n de la Junta de Fiscales Supremos N¯ 047-2023-MP-FN-JFS,https://busquedas.elperuano.pe/dispositivo/NL/2358286-18,31/12/2024,,,,,,,,,,,,,,,,,,,,,,,,,,,,,,,,,,,,,,
31/12/2024,2358286-19,MINISTERIO PUBLICO,RESOLUCION,N¯ 099-2024-MP-FN-JFS,Prorrogan vigencia de las fiscal°as y plazas fiscales creadas mediante Resoluci¢n de la Junta de Fiscales Supremos N¯ 061-2023-MP-FN-JFS,https://busquedas.elperuano.pe/dispositivo/NL/2358286-19,31/12/2024,,,,,,,,,,,,,,,,,,,,,,,,,,,,,,,,,,,,,,
31/12/2024,2358286-2,MINISTERIO PUBLICO,RESOLUCION,N¯ 82-2024-MP-FN-JFS,Prorrogan vigencia de plazas fiscales creadas por Resoluci¢n de la Junta de Fiscales Supremos Nß 012-2017-MP-FN-JFS,https://busquedas.elperuano.pe/dispositivo/NL/2358286-2,31/12/2024,,,,,,,,,,,,,,,,,,,,,,,,,,,,,,,,,,,,,,
31/12/2024,2358286-20,MINISTERIO PUBLICO,RESOLUCION,N¯ 100-2024-MP-FN-JFS,Prorrogan vigencia de fiscal°a y plazas fiscales creadas mediante Resoluci¢n de la Junta de Fiscales Supremos N¯ 062-2023-MP-FN-JFS,https://busquedas.elperuano.pe/dispositivo/NL/2358286-20,31/12/2024,,,,,,,,,,,,,,,,,,,,,,,,,,,,,,,,,,,,,,
31/12/2024,2358286-3,MINISTERIO PUBLICO,RESOLUCION,N¯ 83-2024-MP-FN-JFS,Prorrogan vigencia de las plazas y los despachos fiscales creados por Resoluci¢n de la Junta de Fiscales Supremos N¯ 109-2017-MP-FN-JFS,https://busquedas.elperuano.pe/dispositivo/NL/2358286-3,31/12/2024,,,,,,,,,,,,,,,,,,,,,,,,,,,,,,,,,,,,,,
31/12/2024,2358286-4,MINISTERIO PUBLICO,RESOLUCION,N¯ 84-2024-MP-FN-JFS,Prorrogan vigencia de la plaza fiscal creada por Resoluci¢n de la Junta de Fiscales Supremos N¯ 115-2016-MP-FN-JFS,https://busquedas.elperuano.pe/dispositivo/NL/2358286-4,31/12/2024,,,,,,,,,,,,,,,,,,,,,,,,,,,,,,,,,,,,,,
31/12/2024,2358286-5,MINISTERIO PUBLICO,RESOLUCION,N¯ 85-2024-MP-FN-JFS,Prorrogan vigencia de los despachos y plazas fiscales creados por Resoluci¢n de Junta de Fiscales Supremos N¯ 131-2019-MP-FN-JFS,https://busquedas.elperuano.pe/dispositivo/NL/2358286-5,31/12/2024,,,,,,,,,,,,,,,,,,,,,,,,,,,,,,,,,,,,,,
31/12/2024,2358286-6,MINISTERIO PUBLICO,RESOLUCION,N¯ 86-2024-MP-FN-JFS,Prorrogan vigencia de los despachos y plazas fiscales creados por Resoluci¢n de la Junta de Fiscales Supremos N¯ 037-2020-MP-FN-JFS,https://busquedas.elperuano.pe/dispositivo/NL/2358286-6,31/12/2024,,,,,,,,,,,,,,,,,,,,,,,,,,,,,,,,,,,,,,
31/12/2024,2358286-7,MINISTERIO PUBLICO,RESOLUCION,N¯ 87-2024-MP-FN-JFS,Prorrogan vigencia de la fiscal°a y plazas fiscales creadas por Resoluci¢n de la Junta de Fiscales Supremos N¯ 082-2019-MP-FN-JFS,https://busquedas.elperuano.pe/dispositivo/NL/2358286-7,31/12/2024,,,,,,,,,,,,,,,,,,,,,,,,,,,,,,,,,,,,,,
31/12/2024,2358286-8,MINISTERIO PUBLICO,RESOLUCION,N¯ 88-2024-MP-FN-JFS,Prorrogan vigencia de las fiscal°as y plazas fiscales creadas por Resoluci¢n de la Junta de Fiscales Supremos N¯ 048-2017-MP-FN-JFS,https://busquedas.elperuano.pe/dispositivo/NL/2358286-8,31/12/2024,,,,,,,,,,,,,,,,,,,,,,,,,,,,,,,,,,,,,,
31/12/2024,2358286-9,MINISTERIO PUBLICO,RESOLUCION,N¯ 89-2024-MP-FN-JFS,Prorrogan vigencia de las plazas fiscales creadas por Resoluci¢n de la Junta de Fiscales Supremos Nß 009-2020-MP-FN-JFS,https://busquedas.elperuano.pe/dispositivo/NL/2358286-9,31/12/2024,,,,,,,,,,,,,,,,,,,,,,,,,,,,,,,,,,,,,,
31/12/2024,2358288-1,MINISTERIO PUBLICO,RESOLUCION,N¯ 2950-2024-MP-FN,Dejan sin efecto la Resoluci¢n de la Fiscal°a de la Naci¢n N¯ 2843-2024-MP-FN en el extremo que nombr¢ fiscal adjunta provincial del Distrito Fiscal de Lima Centro,https://busquedas.elperuano.pe/dispositivo/NL/2358288-1,31/12/2024,,,,,,,,,,,,,,,,,,,,,,,,,,,,,,,,,,,,,,
31/12/2024,2358288-2,MINISTERIO PUBLICO,RESOLUCION,N¯ 2954-2024-MP-FN,Prorrogan asignaciones de manera temporal de plazas se§aladas en diversas Resoluciones de la Fiscal°a de la Naci¢n,https://busquedas.elperuano.pe/dispositivo/NL/2358288-2,31/12/2024,,,,,,,,,,,,,,,,,,,,,,,,,,,,,,,,,,,,,,
31/12/2024,2358288-3,MINISTERIO PUBLICO,RESOLUCION,N¯ 2955-2024-MP-FN,Prorrogan asignaciones de manera temporal de plazas se§aladas en diversas Resoluciones de la Fiscal°a de la Naci¢n,https://busquedas.elperuano.pe/dispositivo/NL/2358288-3,31/12/2024,,,,,,,,,,,,,,,,,,,,,,,,,,,,,,,,,,,,,,
31/12/2024,2358316-1,MINISTERIO PUBLICO,RESOLUCION,N¯ 2956-2024-MP-FN,Disponen a partir del 1 de enero de 2025 que los nombramientos y designaciones de los fiscales provisionales a nivel nacional mantengan su vigencia hasta que se presenten determinadas condiciones resolutorias,https://busquedas.elperuano.pe/dispositivo/NL/2358316-1,31/12/2024,,,,,,,,,,,,,,,,,,,,,,,,,,,,,,,,,,,,,,
31/12/2024,2358316-10,MINISTERIO PUBLICO,RESOLUCION,N¯ 2965-2024-MP-FN,Nombran fiscales en el Distrito Fiscal de Lima Centro,https://busquedas.elperuano.pe/dispositivo/NL/2358316-10,31/12/2024,,,,,,,,,,,,,,,,,,,,,,,,,,,,,,,,,,,,,,
31/12/2024,2358316-11,MINISTERIO PUBLICO,RESOLUCION,N¯ 2966-2024-MP-FN,Designan fiscales en el Distrito Fiscal de Lima Centro,https://busquedas.elperuano.pe/dispositivo/NL/2358316-11,31/12/2024,,,,,,,,,,,,,,,,,,,,,,,,,,,,,,,,,,,,,,
31/12/2024,2358316-12,MINISTERIO PUBLICO,RESOLUCION,N¯ 2967-2024-MP-FN,Nombran fiscal provincial provisional del Distrito Fiscal de Lima Centro,https://busquedas.elperuano.pe/dispositivo/NL/2358316-12,31/12/2024,,,,,,,,,,,,,,,,,,,,,,,,,,,,,,,,,,,,,,
31/12/2024,2358316-13,MINISTERIO PUBLICO,RESOLUCION,N¯ 2968-2024-MP-FN,Designan fiscal adjunta provincial titular penal de Rioja Distrito Fiscal de San Mart°n en el despacho de la Primera Fiscal°a Provincial Penal de Rioja,https://busquedas.elperuano.pe/dispositivo/NL/2358316-13,31/12/2024,,,,,,,,,,,,,,,,,,,,,,,,,,,,,,,,,,,,,,
31/12/2024,2358316-14,MINISTERIO PUBLICO,RESOLUCION,N¯ 2969-2024-MP-FN,Designan y nombran fiscales en el Distrito Fiscal de µncash,https://busquedas.elperuano.pe/dispositivo/NL/2358316-14,31/12/2024,,,,,,,,,,,,,,,,,,,,,,,,,,,,,,,,,,,,,,
31/12/2024,2358316-15,MINISTERIO PUBLICO,RESOLUCION,N¯ 2970-2024-MP-FN,Prorrogan asignaci¢n temporal de plaza de fiscal adjunto provincial con car†cter permanente de la desactivada Quinta Fiscal°a Provincial Civil de Lima a la Cuarta Fiscal°a Provincial Corporativa Transitoria Especializada en Violencia Contra las Mujeres y los Integrantes del Grupo Familiar de Lima y dictan otras disposiciones,https://busquedas.elperuano.pe/dispositivo/NL/2358316-15,31/12/2024,,,,,,,,,,,,,,,,,,,,,,,,,,,,,,,,,,,,,,
31/12/2024,2358316-2,MINISTERIO PUBLICO,RESOLUCION,N¯ 2957-2024-MP-FN,Proclaman Presidente de la Junta de Fiscales Superiores en el Distrito Fiscal de Lima Sur para el per°odo 2025-2026,https://busquedas.elperuano.pe/dispositivo/NL/2358316-2,31/12/2024,,,,,,,,,,,,,,,,,,,,,,,,,,,,,,,,,,,,,,
31/12/2024,2358316-3,MINISTERIO PUBLICO,RESOLUCION,N¯ 2958-2024-MP-FN,Nombran fiscales adjuntos provinciales provisionales del Distrito Fiscal de Lima Centro y dictan otras disposiciones,https://busquedas.elperuano.pe/dispositivo/NL/2358316-3,31/12/2024,,,,,,,,,,,,,,,,,,,,,,,,,,,,,,,,,,,,,,
31/12/2024,2358316-4,MINISTERIO PUBLICO,RESOLUCION,N¯ 2959-2024-MP-FN,Nombran fiscal adjunto provincial provisional del Distrito Fiscal de Arequipa,https://busquedas.elperuano.pe/dispositivo/NL/2358316-4,31/12/2024,,,,,,,,,,,,,,,,,,,,,,,,,,,,,,,,,,,,,,
31/12/2024,2358316-5,MINISTERIO PUBLICO,RESOLUCION,N¯ 2960-2024-MP-FN,Aceptan renuncia de fiscal adjunta provincial provisional del Distrito Fiscal de San Mart°n,https://busquedas.elperuano.pe/dispositivo/NL/2358316-5,31/12/2024,,,,,,,,,,,,,,,,,,,,,,,,,,,,,,,,,,,,,,
31/12/2024,2358316-6,MINISTERIO PUBLICO,RESOLUCION,N¯ 2961-2024-MP-FN,Designan y nombran fiscales en el Distrito Fiscal de La Libertad,https://busquedas.elperuano.pe/dispositivo/NL/2358316-6,31/12/2024,,,,,,,,,,,,,,,,,,,,,,,,,,,,,,,,,,,,,,
31/12/2024,2358316-7,MINISTERIO PUBLICO,RESOLUCION,N¯ 2962-2024-MP-FN,Designan fiscal en el Distrito Fiscal de Lima Centro,https://busquedas.elperuano.pe/dispositivo/NL/2358316-7,31/12/2024,,,,,,,,,,,,,,,,,,,,,,,,,,,,,,,,,,,,,,
31/12/2024,2358316-8,MINISTERIO PUBLICO,RESOLUCION,N¯ 2963-2024-MP-FN,Nombran fiscales en el Distrito Fiscal de Lima Centro,https://busquedas.elperuano.pe/dispositivo/NL/2358316-8,31/12/2024,,,,,,,,,,,,,,,,,,,,,,,,,,,,,,,,,,,,,,
31/12/2024,2358316-9,MINISTERIO PUBLICO,RESOLUCION,N¯ 2964-2024-MP-FN,Designan fiscales en el Distrito Fiscal de Lima Centro y en el Distrito Fiscal de Huaura,https://busquedas.elperuano.pe/dispositivo/NL/2358316-9,31/12/2024,,,,,,,,,,,,,,,,,,,,,,,,,,,,,,,,,,,,,,
31/12/2024,2355129-1,GOBIERNO REGIONAL DE MOQUEGUA,ORDENANZA,N¯ 011- 2024-CR/GRM,Ordenanza Regional que aprueba la creaci¢n de la Gerencia Regional de Gesti¢n del Riesgo de Desastres y modifica el ROF del Gobierno Regional de Moquegua,https://busquedas.elperuano.pe/dispositivo/NL/2355129-1,31/12/2024,,,,,,,,,,,,,,,,,,,,,,,,,,,,,,,,,,,,,,
31/12/2024,2357753-1,GOBIERNO REGIONAL DE PIURA,ACUERDO,N¯ 2375-2024/GRP-CR,Aprueban reducci¢n mediante modificaci¢n presupuestal en el rubro Fondo de Compensaci¢n Regional (FONCOR),https://busquedas.elperuano.pe/dispositivo/NL/2357753-1,31/12/2024,,,,,,,,,,,,,,,,,,,,,,,,,,,,,,,,,,,,,,
31/12/2024,2357733-1,MUNICIPALIDAD METROPOLITANA DE LIMA,ORDENANZA,N¯ 2677,Ordenanza que modifica el plano de zonificaci¢n del distrito del R°mac aprobado por Ordenanza N¯ 2145,https://busquedas.elperuano.pe/dispositivo/NL/2357733-1,31/12/2024,,,,,,,,,,,,,,,,,,,,,,,,,,,,,,,,,,,,,,
31/12/2024,2357468-1,MUNICIPALIDAD METROPOLITANA DE LIMA,RESOLUCION,N¯ 059-2024-PE-ICL/MML,Aprueban la Directiva N¯ 002-2024-GA-ICL/MML denominada Directiva para la Implementaci¢n de Medidas de Austeridad Disciplina y Calidad en el Gasto P£blico y de Ingresos del Personal del Instituto Catastral de Lima ? ICL para el a§o fiscal 2025,https://busquedas.elperuano.pe/dispositivo/NL/2357468-1,31/12/2024,,,,,,,,,,,,,,,,,,,,,,,,,,,,,,,,,,,,,,
31/12/2024,2357644-1,MUNICIPALIDAD DE ANCON,ACUERDO,N¯ 062-2024-AC/ MDA,Aprueban el Presupuesto Institucional de Apertura para el Ejercicio Fiscal 2025 correspondiente a la Municipalidad Distrital de Anc¢n,https://busquedas.elperuano.pe/dispositivo/NL/2357644-1,31/12/2024,,,,,,,,,,,,,,,,,,,,,,,,,,,,,,,,,,,,,,
31/12/2024,2355487-1,MUNICIPALIDAD DE ANCON,ORDENANZA,N¯ 528-2024/MDA y Acuerdo N¯ 470,Ordenanza que aprueba el derecho de emisi¢n mecanizada de actualizaci¢n de valores determinaci¢n del tributo y distribuci¢n a domicilio de la declaraci¢n jurada y liquidaci¢n del impuesto predial y arbitrios municipales para el periodo 2025,https://busquedas.elperuano.pe/dispositivo/NL/2355487-1,31/12/2024,,,,,,,,,,,,,,,,,,,,,,,,,,,,,,,,,,,,,,
31/12/2024,2355553-1,MUNICIPALIDAD DE ANCON,ORDENANZA,N¯ 521-2024/MDA y Acuerdo N¯ 427,Ordenanza que aprueba el RÇgimen Tributario de los Arbitrios Municipales para el ejercicio 2025 en el distrito de Anc¢n,https://busquedas.elperuano.pe/dispositivo/NL/2355553-1,31/12/2024,,,,,,,,,,,,,,,,,,,,,,,,,,,,,,,,,,,,,,
31/12/2024,2357577-1,MUNICIPALIDAD DE ANCON,Ordenanzas,N¯ 527-2024/MDA y Acuerdo N¯ 517,Ordenanza que establece la Tasa por el Servicio de Estacionamiento Vehicular Temporal en playas del distrito de Anc¢n durante la temporada verano 2025,https://epdoc2.elperuano.pe/EpPo/VistaDE.asp?Referencias=MjM1NzU3Ny0xMjAyNDEyMzE=,31/12/2024,,,,,,,,,,,,,,,,,,,,,,,,,,,,,,,,,,,,,,
31/12/2024,2357865-1,MUNICIPALIDAD DE ATE,Decretos de Alcald°a,N¯ 013,Prorrogan vigencia de la Ordenanza Nß 622-MDA Ordenanza que establece Amnist°a Total en el distrito de Ate,https://epdoc2.elperuano.pe/EpPo/VistaDE.asp?Referencias=MjM1Nzg2NS0xMjAyNDEyMzE=,31/12/2024,,,,,,,,,,,,,,,,,,,,,,,,,,,,,,,,,,,,,,
31/12/2024,2356759-1,MUNICIPALIDAD DE BRE•A,Decretos de Alcald°a,N¯ 010-2024/MDB,Prorrogan vigencia de la Ordenanza N¯611-MDB que estableci¢ beneficios tributarios a favor de los contribuyentes del distrito de Bre§a,https://epdoc2.elperuano.pe/EpPo/VistaDE.asp?Referencias=MjM1Njc1OS0xMjAyNDEyMzE=,31/12/2024,,,,,,,,,,,,,,,,,,,,,,,,,,,,,,,,,,,,,,
31/12/2024,2354858-1,MUNICIPALIDAD DE CARABAYLLO,ORDENANZA,N¯ 507-MDC y Acuerdo N¯ 440,Ordenanza que establece la vigencia de los importes de los Arbitrios Municipales de Recolecci¢n de Residuos S¢lidos Barrido de Calles Parques y Jardines P£blicos y Serenazgo aplicados del a§o 2024 con el reajuste del ÷ndice de Precios al Consumidor para el Ejercicio 2025,https://busquedas.elperuano.pe/dispositivo/NL/2354858-1,31/12/2024,,,,,,,,,,,,,,,,,,,,,,,,,,,,,,,,,,,,,,
31/12/2024,2358321-1,MUNICIPALIDAD DE CIENEGUILLA,Decretos de Alcald°a,N¯ 021-2024-MDC,Prorrogan vigencia de la Ordenanza N¯ 394-2024-MDC que otorga beneficios tributarios para el pago del impuesto predial arbitrios municipales y multas tributarias en el distrito de Cieneguilla Amnist°a Tributaria Total 2024,https://epdoc2.elperuano.pe/EpPo/VistaDE.asp?Referencias=MjM1ODMyMS0xMjAyNDEyMzE=,31/12/2024,,,,,,,,,,,,,,,,,,,,,,,,,,,,,,,,,,,,,,
31/12/2024,2357669-1,MUNICIPALIDAD DE COMAS,ORDENANZA,N¯ 708/MDC y Acuerdo N¯ 492,Ordenanza que aprueba el marco normativo y el rÇgimen tributario de los arbitrios municipales de recolecci¢n de residuos s¢lidos barrido de calles parques y jardines y serenazgo en el distrito de comas para el ejercicio fiscal 2025,https://epdoc2.elperuano.pe/EpPo/VistaNLSE.asp?Referencias=MjM1NzY2OS0xMjAyNDEyMzE=,31/12/2024,,,,,,,,,,,,,,,,,,,,,,,,,,,,,,,,,,,,,,
31/12/2024,2356148-1,MUNICIPALIDAD DE EL AGUSTINO,DECRETO DE ALCALDIA,N¯ 017-2024-MDEA,Prorrogan la vigencia de los representantes de la Sociedad Civil como miembros del Consejo de Coordinaci¢n Local Distrital ? CCLD de EL Agustino con eficacia anticipada desde el 27 de julio del a§o en curso hasta el 31 de enero del 2025,https://busquedas.elperuano.pe/dispositivo/NL/2356148-1,31/12/2024,,,,,,,,,,,,,,,,,,,,,,,,,,,,,,,,,,,,,,
31/12/2024,2357725-1,MUNICIPALIDAD DE EL AGUSTINO,ORDENANZA,N¯ 752-2024-MDEA y Acuerdo N¯ 468,Ordenanza que establece el monto por derecho de emisi¢n mecanizada de actualizaci¢n de valores determinaci¢n del tributo y distribuci¢n domiciliaria de la declaraci¢n jurada y liquidaci¢n del impuesto predial y arbitrios municipales para el ejercicio 2025,https://busquedas.elperuano.pe/dispositivo/NL/2357725-1,31/12/2024,,,,,,,,,,,,,,,,,,,,,,,,,,,,,,,,,,,,,,
31/12/2024,2358034-1,MUNICIPALIDAD DE EL AGUSTINO,ORDENANZA,N¯ 751-2024-MDEA y Acuerdo N¯ 508,Ordenanza que aprueba el RÇgimen Tributario de los Arbitrios Municipales de Barrido de Calles Recolecci¢n de Residuos S¢lidos Parques y Jardines y Serenazgo; y la determinaci¢n de las tasas para el ejercicio fiscal 2025,https://epdoc2.elperuano.pe/EpPo/VistaNLSE.asp?Referencias=MjM1ODAzNC0xMjAyNDEyMzE=,31/12/2024,,,,,,,,,,,,,,,,,,,,,,,,,,,,,,,,,,,,,,
31/12/2024,2357859-1,MUNICIPALIDAD DE INDEPENDENCIA,Decretos de Alcald°a,N¯ D000015-2024-AL-MDI,Prorrogan vencimiento para acogerse al beneficio establecido mediante Ordenanza N¯ D000488-2024-AL-MDI que otorga incentivos para la regularizaci¢n de las obligaciones tributarias para los contribuyentes de la Municipalidad Distrital de Independencia,https://epdoc2.elperuano.pe/EpPo/VistaDE.asp?Referencias=MjM1Nzg1OS0xMjAyNDEyMzE=,31/12/2024,,,,,,,,,,,,,,,,,,,,,,,,,,,,,,,,,,,,,,
31/12/2024,2356909-1,MUNICIPALIDAD DE LOS OLIVOS,ORDENANZA,"N¯ 601/CDLO, N¯ 604/CDLO y Acuerdo N¯ 472",Ordenanza que aprueba el RÇgimen Tributario de los Arbitrios Municipales de Recolecci¢n de Residuos S¢lidos Barrido de Calles Parques y Jardines y Serenazgo en el distrito de Los Olivos para el periodo 2025,https://epdoc2.elperuano.pe/EpPo/VistaNLSE.asp?Referencias=MjM1NjkwOS0xMjAyNDEyMzE=,31/12/2024,,,,,,,,,,,,,,,,,,,,,,,,,,,,,,,,,,,,,,
31/12/2024,2356917-1,MUNICIPALIDAD DE LOS OLIVOS,ORDENANZA,N¯ 602/CDLO,Ordenanza que aprueba el monto anual del derecho de emisi¢n mecanizada de actualizaci¢n de valores determinaci¢n del tributo y distribuci¢n domiciliaria de la declaraci¢n jurada y liquidaci¢n del Impuesto Predial y Arbitrios Municipales para el per°odo 2025 en el distrito de Los Olivos,https://epdoc2.elperuano.pe/EpPo/VistaNLSE.asp?Referencias=MjM1NjkxNy0xMjAyNDEyMzE=,31/12/2024,,,,,,,,,,,,,,,,,,,,,,,,,,,,,,,,,,,,,,
31/12/2024,2357945-1,MUNICIPALIDAD DE LURIGANCHO CHOSICA,ORDENANZA,N¯ 357-MDL y Acuerdo N¯ 474,Ordenanza que aprueba el rÇgimen tributario de los arbitrios municipales de barrido de calles recolecci¢n de residuos s¢lidos parques y jardines y serenazgo para el a§o 2025 del distrito de Lurigancho Chosica,https://epdoc2.elperuano.pe/EpPo/VistaNLSE.asp?Referencias=MjM1Nzk0NS0xMjAyNDEyMzE=,31/12/2024,,,,,,,,,,,,,,,,,,,,,,,,,,,,,,,,,,,,,,
31/12/2024,2357436-1,MUNICIPALIDAD DE SAN BARTOLO,Ordenanzas,N¯ 364-2024/MDSB,Ordenanza que proh°be la comercializaci¢n y el uso de productos pirotÇcnicos detonantes de tipo sonoro en el distrito de San Bartolo,https://epdoc2.elperuano.pe/EpPo/VistaDE.asp?Referencias=MjM1NzQzNi0xMjAyNDEyMzE=,31/12/2024,,,,,,,,,,,,,,,,,,,,,,,,,,,,,,,,,,,,,,
31/12/2024,2357015-1,MUNICIPALIDAD DE SAN JUAN DE MIRAFLORES,DECRETO DE ALCALDIA,N¯ 023-2024/MDSJM,Prorrogan plazo de vigencia contenido en la Ordenanza Nß 525/MDSJM que declara en estado de emergencia la Zona de Tratamiento Especial en el distrito de San Juan de Miraflores,https://busquedas.elperuano.pe/dispositivo/NL/2357015-1,31/12/2024,,,,,,,,,,,,,,,,,,,,,,,,,,,,,,,,,,,,,,
31/12/2024,2356680-1,MUNICIPALIDAD DE SAN MIGUEL,ORDENANZA,N¯ 503/MDSM y Acuerdo N¯ 503,Ordenanza que aprueba el RÇgimen Tributario de Arbitrios Municipales de Barrido de Calles Recolecci¢n de Residuos S¢lidos Mantenimiento de Parques y Jardines P£blicos y Serenazgo y la determinaci¢n de las tasas para el ejercicio fiscal 2025,https://epdoc2.elperuano.pe/EpPo/VistaNLSE.asp?Referencias=MjM1NjY4MC0xMjAyNDEyMzE=,31/12/2024,,,,,,,,,,,,,,,,,,,,,,,,,,,,,,,,,,,,,,
31/12/2024,2358163-1,MUNICIPALIDAD DE SANTA ANITA,DECRETO DE ALCALDIA,N¯ 00010-2024/MDSA,Prorrogan la Ordenanza N¯ 357/MDSA que estableci¢ beneficios de RÇgimen de Saneamiento Tributario y Regularizaci¢n de Deudas Administrativas en el distrito de Santa Anita,https://busquedas.elperuano.pe/dispositivo/NL/2358163-1,31/12/2024,,,,,,,,,,,,,,,,,,,,,,,,,,,,,,,,,,,,,,
31/12/2024,2353606-1,MUNICIPALIDAD DE SANTA MARIA DEL MAR,ORDENANZA,N¯ 015-2024-MDSMM y Acuerdo N¯ 455,Establecen el rÇgimen tributario de los arbitrios municipales de limpieza p£blica parques y jardines y serenazgo para el ejercicio fiscal 2025 en el distrito de Santa Mar°a del Mar,https://epdoc2.elperuano.pe/EpPo/VistaNLSE.asp?Referencias=MjM1MzYwNi0xMjAyNDEyMzE=,31/12/2024,,,,,,,,,,,,,,,,,,,,,,,,,,,,,,,,,,,,,,
31/12/2024,2357552-1,MUNICIPALIDAD DE SANTA MARIA DEL MAR,ORDENANZA,N¯ 016-2024-MDSMM y Acuerdo N¯ 519,Ordenanza que establece la tasa por estacionamiento vehicular temporal en el sector balneario del distrito de Santa Mar°a del Mar para el a§o 2025,https://epdoc2.elperuano.pe/EpPo/VistaNLSE.asp?Referencias=MjM1NzU1Mi0xMjAyNDEyMzE=,31/12/2024,,,,,,,,,,,,,,,,,,,,,,,,,,,,,,,,,,,,,,
31/12/2024,2357982-1,MUNICIPALIDAD DE VILLA EL SALVADOR,ORDENANZA,N¯ 516-MVES y Acuerdo N¯ 514,Ordenanza que establece el rÇgimen tributario de los arbitrios de recojo de residuos s¢lidos barrido de calles parques y jardines y serenazgo correspondiente al ejercicio fiscal 2025 para el distrito de Villa El Salvador,https://epdoc2.elperuano.pe/EpPo/VistaNLSE.asp?Referencias=MjM1Nzk4Mi0xMjAyNDEyMzE=,31/12/2024,,,,,,,,,,,,,,,,,,,,,,,,,,,,,,,,,,,,,,
31/12/2024,2357037-1,MUNICIPALIDAD CP DE SANTA MARIA DE HUACHIPA,ORDENANZA,N¯ 2681,Ordenanza que aprueba las tasas de los Arbitrios Municipales de Limpieza P£blica (Barrido de Calles y Recolecci¢n de Residuos S¢lidos) Parques y Jardines y Seguridad Ciudadana para el ejercicio fiscal 2025 de la Municipalidad del Centro Poblado de Santa Mar°a de Huachipa,https://busquedas.elperuano.pe/dispositivo/NL/2357037-1,31/12/2024,,,,,,,,,,,,,,,,,,,,,,,,,,,,,,,,,,,,,,
31/12/2024,2357590-1,MUNICIPALIDAD PROVINCIAL DEL CALLAO,DECRETO DE ALCALDIA,N¯ 24-2024-ALC/MPC,Prorrogan vigencia de la Ordenanza Municipal Nß 026-2024/MPC denominada Ordenanza Municipal que aprueba beneficios extraordinarios en el Cercado del Callao Cumple con tu Callao,https://busquedas.elperuano.pe/dispositivo/NL/2357590-1,31/12/2024,,,,,,,,,,,,,,,,,,,,,,,,,,,,,,,,,,,,,,
31/12/2024,2357382-1,MUNICIPALIDAD DE BELLAVISTA,Ordenanzas,N¯ 010-2024-MDB y Acuerdo N¯ 105-2024 AC/MPC,Ordenanza que establece el RÇgimen Tributario de los Arbitrios Municipales de Barrido de Calles de Recolecci¢n de Residuos S¢lidos Parques y Jardines y Serenazgo para el ejercicio fiscal 2025,https://epdoc2.elperuano.pe/EpPo/VistaDE.asp?Referencias=MjM1NzM4Mi0xMjAyNDEyMzE=,31/12/2024,,,,,,,,,,,,,,,,,,,,,,,,,,,,,,,,,,,,,,
31/12/2024,2357392-1,MUNICIPALIDAD DE BELLAVISTA,Ordenanzas,N¯ 011-2024-MDB y Acuerdo N¯ 106-2024 AC/MPC,Ordenanza que aprueba la pr¢rroga del monto anual del derecho de emisi¢n mecanizada de actualizaci¢n de valores determinaci¢n del tributo y distribuci¢n domiciliaria de la declaraci¢n jurada y liquidaci¢n del Impuesto Predial y Arbitrios Municipales para el periodo 2025 en el distrito de Bellavista,https://epdoc2.elperuano.pe/EpPo/VistaDE.asp?Referencias=MjM1NzM5Mi0xMjAyNDEyMzE=,31/12/2024,,,,,,,,,,,,,,,,,,,,,,,,,,,,,,,,,,,,,,
31/12/2024,2358087-1,MUNICIPALIDAD DISTRITAL DE SAN ANTONIO,ORDENANZA,N¯ 016-2024-MDSA y Ordenanza N¯ 013-2024-MPMN,Ordenanza que aprueba el RÇgimen Tributario de los Arbitrios Municipales de Limpieza P£blica (Barrido de Calles y Recolecci¢n de Residuos S¢lidos) Parques y Jardines P£blicos y Seguridad Ciudadana de la Municipalidad Distrital de San Antonio para el a§o 2025,https://busquedas.elperuano.pe/dispositivo/NL/2358087-1,31/12/2024,,,,,,,,,,,,,,,,,,,,,,,,,,,,,,,,,,,,,,
31/12/2024,2357025-1,MUNICIPALIDAD DISTRITAL DE SAN ANTONIO,RESOLUCION DE ALCALDIA,N¯ 398-2024-A/MDSA,Aprueban la adecuaci¢n del Manual de Clasificador de Cargos ? MCC de la Municipalidad Distrital de San Antonio,https://busquedas.elperuano.pe/dispositivo/NL/2357025-1,31/12/2024,,,,,,,,,,,,,,,,,,,,,,,,,,,,,,,,,,,,,,
30/12/2024,2358017-1,PRESIDENCIA DEL CONSEJO DE MINISTROS,RESOLUCION JEFATURAL,N¯ 00146-2024-ANIN,Designan Jefe de la Oficina de Gesti¢n de Proyectos de Administraci¢n Director de la Direcci¢n de Intervenciones Multisectoriales y de Emergencia y Director de la Direcci¢n de Estudios y Obras de la Autoridad Nacional de Infraestructura,https://busquedas.elperuano.pe/dispositivo/NL/2358017-1,31/12/2024,,,,,,,,,,,,,,,,,,,,,,,,,,,,,,,,,,,,,,
30/12/2024,2357997-1,AMBIENTE,RESOLUCION,N¯ 129-2024-SENAMHI/PREJ,Modifican el Presupuesto Institucional para el A§o Fiscal 2024 del Pliego 331: Servicio Nacional de Meteorolog°a e Hidrolog°a Unidad Ejecutora 001-474: Servicio Nacional De Meteorolog°a e Hidrolog°a ? SENAMHI,https://busquedas.elperuano.pe/dispositivo/NL/2357997-1,31/12/2024,,,,,,,,,,,,,,,,,,,,,,,,,,,,,,,,,,,,,,
30/12/2024,2357996-1,CULTURA,RESOLUCION MINISTERIAL,N¯ 000452-2024-MC,Delegan facultades y atribuciones en diversos funcionarios del Ministerio de Cultura durante el Ejercicio Fiscal 2025,https://busquedas.elperuano.pe/dispositivo/NL/2357996-1,31/12/2024,,,,,,,,,,,,,,,,,,,,,,,,,,,,,,,,,,,,,,
30/12/2024,2358028-1,CULTURA,RESOLUCION MINISTERIAL,N¯ 000453-2024-MC,Aprueban el Manual de Operaciones de la Direcci¢n Desconcentrada de Cultura de Cusco,https://busquedas.elperuano.pe/dispositivo/NL/2358028-1,31/12/2024,,,,,,,,,,,,,,,,,,,,,,,,,,,,,,,,,,,,,,
30/12/2024,2357998-1,DESARROLLO E INCLUSI‡N SOCIAL,RESOLUCION,N¯ D000780-2024-MIDIS/PNAEQW-DE,Delegan facultades y atribuciones en diversos funcionarios del Programa Nacional de Alimentaci¢n Escolar Qali Warma para el A§o Fiscal 2025,https://busquedas.elperuano.pe/dispositivo/NL/2357998-1,31/12/2024,,,,,,,,,,,,,,,,,,,,,,,,,,,,,,,,,,,,,,
30/12/2024,2358008-1,DESARROLLO E INCLUSI‡N SOCIAL,RESOLUCION MINISTERIAL,N¯ D000213-2024-MIDIS,Modifican la Resoluci¢n Ministerial N¯ 068-2022-MIDIS que conforma el Grupo de Trabajo de naturaleza temporal encargado de proponer y realizar un diagn¢stico territorial participativo y acompa§ar la implementaci¢n de las mejoras establecidas en el informe final del Grupo de Trabajo creado por R.M. N¯ 119-2021-MIDIS,https://busquedas.elperuano.pe/dispositivo/NL/2358008-1,31/12/2024,,,,,,,,,,,,,,,,,,,,,,,,,,,,,,,,,,,,,,
30/12/2024,2358386-1,ECONOMIA Y FINANZAS,DECRETO SUPREMO,N¯ 293-2024-EF,Decreto Supremo que autoriza el incremento de l°mite de gastos establecido en el Art°culo 5 del Decreto de Urgencia N¯ 006-2024 Decreto de Urgencia que establece medidas extraordinarias en materia econ¢mica y financiera para la sostenibilidad fiscal el equilibrio presupuestario y la eficiencia del gasto p£blico en diversos pliegos del Gobierno Nacional,https://busquedas.elperuano.pe/dispositivo/NL/2358386-1,31/12/2024,,,,,,,,,,,,,,,,,,,,,,,,,,,,,,,,,,,,,,
30/12/2024,2358386-2,ECONOMIA Y FINANZAS,DECRETO SUPREMO,N¯ 294-2024-EF,Decreto Supremo que autoriza Transferencias de Partidas en el Presupuesto del Sector P£blico para el A§o Fiscal 2024 a favor de la Reserva de Contingencia y del Ministerio de Defensa,https://busquedas.elperuano.pe/dispositivo/NL/2358386-2,31/12/2024,,,,,,,,,,,,,,,,,,,,,,,,,,,,,,,,,,,,,,
30/12/2024,2358386-3,ECONOMIA Y FINANZAS,DECRETO SUPREMO,N¯ 295-2024-EF,Decreto Supremo que aprueba disposiciones de austeridad disciplina y calidad en el gasto p£blico y de ingresos del personal a aplicarse durante el A§o Fiscal 2025 para el Fondo Nacional de Financiamiento de la Actividad Empresarial del Estado - FONAFE y las empresas y entidad bajo su †mbito,https://busquedas.elperuano.pe/dispositivo/NL/2358386-3,31/12/2024,,,,,,,,,,,,,,,,,,,,,,,,,,,,,,,,,,,,,,
30/12/2024,2358387-1,EDUCACION,DECRETO SUPREMO,N¯ 017-2024-MINEDU,Decreto Supremo que autoriza al Instituto Peruano del Deporte a otorgar subvenciones adicionales a las previstas en el Anexo A de la Ley Nß 31953 Ley de Presupuesto del Sector Publico para el A§o Fiscal 2024 y en el Decreto Supremo N¯ 010-2024-MINEDU,https://busquedas.elperuano.pe/dispositivo/NL/2358387-1,31/12/2024,,,,,,,,,,,,,,,,,,,,,,,,,,,,,,,,,,,,,,
30/12/2024,2358000-1,ENERGIA Y MINAS,RESOLUCION MINISTERIAL,N¯ 483-2024-MINEM/DM,Aprueban el Plan de Transmisi¢n 2025-2034,https://busquedas.elperuano.pe/dispositivo/NL/2358000-1,31/12/2024,,,,,,,,,,,,,,,,,,,,,,,,,,,,,,,,,,,,,,
30/12/2024,2358001-1,ENERGIA Y MINAS,RESOLUCION MINISTERIAL,N¯ 484-2024-MINEM/DM,Modifican el Presupuesto Institucional del A§o Fiscal 2024 de la Unidad Ejecutora 005: Direcci¢n General de Electrificaci¢n Rural del Pliego 016: Ministerio de Energ°a y Minas,https://busquedas.elperuano.pe/dispositivo/NL/2358001-1,31/12/2024,,,,,,,,,,,,,,,,,,,,,,,,,,,,,,,,,,,,,,
30/12/2024,2358002-1,ENERGIA Y MINAS,RESOLUCION MINISTERIAL,N¯ 485-2024-MINEM/DM,Establecen montos m°nimos de las p¢lizas de seguro de responsabilidad civil extracontractual aplicables a las personas que desarrollan actividades en el Subsector Hidrocarburos,https://busquedas.elperuano.pe/dispositivo/NL/2358002-1,31/12/2024,,,,,,,,,,,,,,,,,,,,,,,,,,,,,,,,,,,,,,
30/12/2024,2357960-1,JUSTICIA Y DERECHOS HUMANOS,RESOLUCION,N¯ 251-2024-JUS/PRONACEJ,Delegan diversas facultades y atribuciones en funcionarios del Programa Nacional de Centros Juveniles (PRONACEJ) durante el a§o fiscal 2025,https://busquedas.elperuano.pe/dispositivo/NL/2357960-1,31/12/2024,,,,,,,,,,,,,,,,,,,,,,,,,,,,,,,,,,,,,,
30/12/2024,2358015-1,PRODUCE,RESOLUCION MINISTERIAL,N¯ 00519-2024-PRODUCE,Autorizan transferencia financiera a favor del N£cleo Ejecutor de Compras (NEC) para el Sector Productivo de Textil ? Confecciones,https://busquedas.elperuano.pe/dispositivo/NL/2358015-1,31/12/2024,,,,,,,,,,,,,,,,,,,,,,,,,,,,,,,,,,,,,,
30/12/2024,2358387-2,RELACIONES EXTERIORES,DECRETO SUPREMO,N¯ 070-2024-RE,Decreto Supremo que modifica el Anexo B: Cuotas Internacionales para el A§o Fiscal 2024 de la Ley N¯ 31953 Ley de Presupuesto del Sector P£blico para el A§o Fiscal 2024,https://busquedas.elperuano.pe/dispositivo/NL/2358387-2,31/12/2024,,,,,,,,,,,,,,,,,,,,,,,,,,,,,,,,,,,,,,
30/12/2024,2358387-3,RELACIONES EXTERIORES,DECRETO SUPREMO,N¯ 071-2024-RE,Decreto Supremo que modifica el Anexo B: Cuotas Internacionales para el A§o Fiscal 2024 de la Ley N¯ 31953 Ley de Presupuesto del Sector P£blico para el A§o Fiscal 2024,https://busquedas.elperuano.pe/dispositivo/NL/2358387-3,31/12/2024,,,,,,,,,,,,,,,,,,,,,,,,,,,,,,,,,,,,,,
30/12/2024,2358387-4,RELACIONES EXTERIORES,DECRETO SUPREMO,N¯ 072-2024-RE,Decreto Supremo que modifica el Anexo B: Cuotas Internacionales para el A§o Fiscal 2024 de la Ley N¯ 31953 Ley de Presupuesto del Sector P£blico para el A§o Fiscal 2024,https://busquedas.elperuano.pe/dispositivo/NL/2358387-4,31/12/2024,,,,,,,,,,,,,,,,,,,,,,,,,,,,,,,,,,,,,,
30/12/2024,2358007-1,SALUD,RESOLUCION MINISTERIAL,N¯ 934-2024/MINSA,Aprueban el Plan Operativo Institucional (POI) Anual 2025 del Ministerio de Salud consistente con el Presupuesto Institucional de Apertura 2025,https://busquedas.elperuano.pe/dispositivo/NL/2358007-1,31/12/2024,,,,,,,,,,,,,,,,,,,,,,,,,,,,,,,,,,,,,,
30/12/2024,2357629-1,TRANSPORTES Y COMUNICACIONES,RESOLUCION DIRECTORAL,N¯ 037-2024-MTC/18,Ampl°an para el a§o 2025 la vigencia de las caracter°sticas y especificaciones de la Calcoman°a Oficial y del Papel de Seguridad aprobados para el a§o 2024 mediante Resoluci¢n Directoral N¯ 023-2023-MTC/18,https://busquedas.elperuano.pe/dispositivo/NL/2357629-1,31/12/2024,,,,,,,,,,,,,,,,,,,,,,,,,,,,,,,,,,,,,,
30/12/2024,2357668-1,TRANSPORTES Y COMUNICACIONES,RESOLUCION DIRECTORAL,N¯ 038-2024-MTC/18,Aprueban el Cronograma de aprobaci¢n de los Manuales para la Gesti¢n de la Infraestructura Vial,https://busquedas.elperuano.pe/dispositivo/NL/2357668-1,31/12/2024,,,,,,,,,,,,,,,,,,,,,,,,,,,,,,,,,,,,,,
30/12/2024,2357687-1,TRANSPORTES Y COMUNICACIONES,RESOLUCION DIRECTORAL,N¯ 039-2024-MTC/18,Aprueban la Directiva N¯ 002-2024-MTC/18 Lineamientos Tecnol¢gicos m°nimos para la emisi¢n del Certificado contra Accidentes de Tr†nsito electr¢nico - CAT electr¢nico,https://busquedas.elperuano.pe/dispositivo/NL/2357687-1,31/12/2024,,,,,,,,,,,,,,,,,,,,,,,,,,,,,,,,,,,,,,
30/12/2024,2357808-1,TRANSPORTES Y COMUNICACIONES,RESOLUCION MINISTERIAL,N¯ 786-2024-MTC/01,Delegan diversas facultades y atribuciones asignadas al Ministro de Transportes y Comunicaciones no privativas de su funci¢n en diversos ¢rganos y entidades,https://busquedas.elperuano.pe/dispositivo/NL/2357808-1,31/12/2024,,,,,,,,,,,,,,,,,,,,,,,,,,,,,,,,,,,,,,
30/12/2024,2357848-1,CENTRAL DE COMPRAS PÈBLICAS,RESOLUCION JEFATURAL,N¯ 000217-2024-PERÈCOMPRAS-JEFATURA,Designan Jefe de la Oficina de Tecnolog°as de la Informaci¢n de la Central de Compras P£blicas - PERÈ COMPRAS,https://busquedas.elperuano.pe/dispositivo/NL/2357848-1,31/12/2024,,,,,,,,,,,,,,,,,,,,,,,,,,,,,,,,,,,,,,
30/12/2024,2357373-1,ORGANISMO DE SUPERVISION DE LOS RECURSOS FORESTALES Y DE FAUNA SILVESTRE,RESOLUCION,N¯ 00068-2024-OSINFOR/01.1,Designan Gerenta General del Organismo de Supervisi¢n de los Recursos Forestales y de Fauna Silvestre ? OSINFOR,https://busquedas.elperuano.pe/dispositivo/NL/2357373-1,31/12/2024,,,,,,,,,,,,,,,,,,,,,,,,,,,,,,,,,,,,,,
30/12/2024,2357375-1,ORGANISMO DE SUPERVISION DE LOS RECURSOS FORESTALES Y DE FAUNA SILVESTRE,RESOLUCION,N¯ 00070-2024-OSINFOR/01.1,Designan Jefa de la Oficina de Administraci¢n del Organismo de Supervisi¢n de los Recursos Forestales y de Fauna Silvestre ? OSINFOR,https://busquedas.elperuano.pe/dispositivo/NL/2357375-1,31/12/2024,,,,,,,,,,,,,,,,,,,,,,,,,,,,,,,,,,,,,,
30/12/2024,2357995-1,ORGANISMO SUPERVISOR DE LA INVERSI‡N EN ENERG÷A Y MINER÷A,RESOLUCION,N¯ 126-2024-OS/PRES,Aprueban el compendio del Manual de Clasificador de Cargos del Organismo Supervisor de la Inversi¢n en Energ°a y Miner°a ? Osinergmin,https://busquedas.elperuano.pe/dispositivo/NL/2357995-1,31/12/2024,,,,,,,,,,,,,,,,,,,,,,,,,,,,,,,,,,,,,,
30/12/2024,2357994-1,AUTORIDAD NACIONAL DEL SERVICIO CIVIL,RESOLUCION,N¯ 000212-2024-SERVIR-PE,Formalizan Acuerdo del Consejo Directivo de SERVIR que aprueba modificaci¢n de la Directiva que regula el funcionamiento del Registro Nacional de Sanciones contra Servidores Civiles y su versi¢n actualizada,https://busquedas.elperuano.pe/dispositivo/NL/2357994-1,31/12/2024,,,,,,,,,,,,,,,,,,,,,,,,,,,,,,,,,,,,,,
30/12/2024,2358022-1,SUPERINTENDENCIA NACIONAL DE ADUANAS Y DE ADMINISTRACI‡N TRIBUTARIA,RESOLUCION,N¯ 000302-2024/SUNAT,Resoluci¢n de Superintendencia que aprueba disposiciones para la implementaci¢n del Decreto Legislativo N¯ 1532 y modifica la normativa de comprobantes de pago,https://busquedas.elperuano.pe/dispositivo/NL/2358022-1,31/12/2024,,,,,,,,,,,,,,,,,,,,,,,,,,,,,,,,,,,,,,
30/12/2024,2357610-1,SUPERINTENDENCIA NACIONAL DE SALUD,RESOLUCION,N¯ 244-2024-SUSALUD/S,Designan Superintendente Adjunto de la Superintendencia Adjunta de Supervisi¢n de la Superintendencia Nacional de Salud,https://busquedas.elperuano.pe/dispositivo/NL/2357610-1,31/12/2024,,,,,,,,,,,,,,,,,,,,,,,,,,,,,,,,,,,,,,
30/12/2024,2357655-1,SUPERINTENDENCIA NACIONAL DE SALUD,RESOLUCION,N¯ 245-2024-SUSALUD/S,Designan Intendente de la Intendencia de Supervisi¢n de Instituciones Administradoras de Fondos de Aseguramiento en Salud,https://busquedas.elperuano.pe/dispositivo/NL/2357655-1,31/12/2024,,,,,,,,,,,,,,,,,,,,,,,,,,,,,,,,,,,,,,
30/12/2024,2357193-1,CORTES SUPERIORES DE JUSTICIA,RESOLUCION ADMINISTRATIVA,N¯ 0024-2024-PR-CSJC•-PJ,Proclaman a Juez Superior Titular como Presidente de la Corte Superior de Justicia de Ca§ete para el periodo 2025-2026,https://busquedas.elperuano.pe/dispositivo/NL/2357193-1,31/12/2024,,,,,,,,,,,,,,,,,,,,,,,,,,,,,,,,,,,,,,
30/12/2024,2357666-1,"SUPERINTENDENCIA DE BANCA, SEGUROS Y ADMINISTRADORAS PRIVADAS DE FONDOS DE PENSIONES",RESOLUCION,SBS N¯ 04401-2024,Dejan sin efecto designaciones y designan administradores temporales de diversas Cooperativas de Ahorro y CrÇdito que se encuentran en disoluci¢n,https://busquedas.elperuano.pe/dispositivo/NL/2357666-1,31/12/2024,,,,,,,,,,,,,,,,,,,,,,,,,,,,,,,,,,,,,,
30/12/2024,2357673-1,"SUPERINTENDENCIA DE BANCA, SEGUROS Y ADMINISTRADORAS PRIVADAS DE FONDOS DE PENSIONES",RESOLUCION,SBS N¯ 04400-2024,Dejan sin efecto designaciones y designan nuevos interventores principales y alternos de las Cooperativas de Ahorro y CrÇdito Coopevision Cusco y Acci¢n para el Desarrollo y Emprendimiento Ltda ADECOOP las cuales se encuentran en intervenci¢n,https://busquedas.elperuano.pe/dispositivo/NL/2357673-1,31/12/2024,,,,,,,,,,,,,,,,,,,,,,,,,,,,,,,,,,,,,,
30/12/2024,2357678-1,GOBIERNO REGIONAL DE AREQUIPA,ORDENANZA,N¯ 528-AREQUIPA,Ordenanza Regional que deroga la Ordenanza Regional N¯ 001-2007-GRA/CR-AREQUIPA,https://busquedas.elperuano.pe/dispositivo/NL/2357678-1,31/12/2024,,,,,,,,,,,,,,,,,,,,,,,,,,,,,,,,,,,,,,
30/12/2024,2357999-1,GOBIERNO REGIONAL DE LAMBAYEQUE,ACUERDO,N¯ 000614-2024-GR.LAMB/CR [515630785 - 9],Aprueban modificaci¢n del Presupuesto Institucional reducci¢n del marco presupuestal de la Fuente de Financiamiento Recursos Determinados de las Unidades Ejecutoras del Pliego 452 Gobierno Regional del departamento de Lambayeque,https://busquedas.elperuano.pe/dispositivo/NL/2357999-1,31/12/2024,,,,,,,,,,,,,,,,,,,,,,,,,,,,,,,,,,,,,,
30/12/2024,2336335-1,GOBIERNO REGIONAL DE UCAYALI,ACUERDO,N¯ 142-2024-GRU-CR,Autorizan viaje de gobernador regional para participar en evento que se realizar† en Colombia,https://busquedas.elperuano.pe/dispositivo/NL/2336335-1,31/12/2024,,,,,,,,,,,,,,,,,,,,,,,,,,,,,,,,,,,,,,
30/12/2024,2340488-1,GOBIERNO REGIONAL DE UCAYALI,ACUERDO,N¯ 143-2024-GRU-CR,Autorizan cambio de la denominaci¢n de titular de derecho de la afectaci¢n en uso de predio del Ministerio de Pesquer°a ? Direcci¢n Regional de Pesquer°a de Ucayali a Gobierno Regional de Ucayali ? Direcci¢n Regional de la Producci¢n de Ucayali,https://busquedas.elperuano.pe/dispositivo/NL/2340488-1,31/12/2024,,,,,,,,,,,,,,,,,,,,,,,,,,,,,,,,,,,,,,
30/12/2024,2337611-1,GOBIERNO REGIONAL DE UCAYALI,ORDENANZA,N¯ 010-2024-GRU-CR,Aprueban la constituci¢n del Consejo Consultivo de Ni§as Ni§os y Adolescentes en la Regi¢n de Ucayali ? CCONNA,https://busquedas.elperuano.pe/dispositivo/NL/2337611-1,31/12/2024,,,,,,,,,,,,,,,,,,,,,,,,,,,,,,,,,,,,,,
30/12/2024,2357812-1,MUNICIPALIDAD DE BARRANCO,Ordenanzas,N¯ 651-2024-MDB.,Ordenanza que aprueba el Plan de Desarrollo Local Concertado del distrito de Barranco al 2034,https://epdoc2.elperuano.pe/EpPo/VistaDE.asp?Referencias=MjM1NzgxMi0xMjAyNDEyMzA=,31/12/2024,,,,,,,,,,,,,,,,,,,,,,,,,,,,,,,,,,,,,,
30/12/2024,2357387-1,MUNICIPALIDAD DE LA VICTORIA,Ordenanzas,N¯ 453/MLV,Ordenanza que establece fechas de vencimiento para el pago del impuesto predial y arbitrios municipales e incentivos por pronto pago para el ejercicio 2025,https://epdoc2.elperuano.pe/EpPo/VistaDE.asp?Referencias=MjM1NzM4Ny0xMjAyNDEyMzA=,31/12/2024,,,,,,,,,,,,,,,,,,,,,,,,,,,,,,,,,,,,,,
30/12/2024,2357507-1,MUNICIPALIDAD DE LURIN,ORDENANZA,N¯ 514-2024/MDL y Acuerdo N¯ 518,Ordenanza que establece el rÇgimen de tasas de estacionamiento vehicular temporal ? temporada de verano 2025,https://epdoc2.elperuano.pe/EpPo/VistaNLSE.asp?Referencias=MjM1NzUwNy0xMjAyNDEyMzA=,31/12/2024,,,,,,,,,,,,,,,,,,,,,,,,,,,,,,,,,,,,,,
30/12/2024,2357377-1,MUNICIPALIDAD DE MAGDALENA DEL MAR,ORDENANZA,N¯ 251-2024-MDMM y Acuerdo N¯ 512,Establecen las tasas de los Arbitrios Municipales de Barrido de Calles Recolecci¢n de Residuos S¢lidos Parques y Jardines P£blicos y Serenazgo del a§o 2025 para el distrito de Magdalena del Mar,https://epdoc2.elperuano.pe/EpPo/VistaNLSE.asp?Referencias=MjM1NzM3Ny0xMjAyNDEyMzA=,31/12/2024,,,,,,,,,,,,,,,,,,,,,,,,,,,,,,,,,,,,,,
30/12/2024,2357622-1,MUNICIPALIDAD DE MAGDALENA DEL MAR,Ordenanzas,N¯ 252-2024-MDMM,Ordenanza que establece beneficios por pronto pago del impuesto predial y arbitrios municipales del a§o 2025 y fechas de vencimiento de tributos municipales,https://epdoc2.elperuano.pe/EpPo/VistaDE.asp?Referencias=MjM1NzYyMi0xMjAyNDEyMzA=,31/12/2024,,,,,,,,,,,,,,,,,,,,,,,,,,,,,,,,,,,,,,
30/12/2024,2357524-1,MUNICIPALIDAD DE PUCUSANA,Ordenanzas,N¯ 368-2024/MDP y Acuerdo N¯ 515,Ordenanza que establece la tasa por el servicio de estacionamiento vehicular temporal en la playa Naplo en el distrito de Pucusana durante la temporada de verano 2025,https://epdoc2.elperuano.pe/EpPo/VistaDE.asp?Referencias=MjM1NzUyNC0xMjAyNDEyMzA=,31/12/2024,,,,,,,,,,,,,,,,,,,,,,,,,,,,,,,,,,,,,,
30/12/2024,2355157-1,MUNICIPALIDAD CP DE SANTA MARIA DE HUACHIPA,RESOLUCION,N¯ 026-2024/MCPSMH,Aprueban el Manual de Clasificador de Cargos (MMC) de la municipalidad del Centro Poblado de Santa Mar°a de Huachipa,https://busquedas.elperuano.pe/dispositivo/NL/2355157-1,31/12/2024,,,,,,,,,,,,,,,,,,,,,,,,,,,,,,,,,,,,,,
30/12/2024,2357743-1,MUNICIPALIDAD DE PACHACAMAC,ORDENANZA,"N¯ 346-2024-MDP/C, N¯ 353-2024-MDP/C y Acuerdo N¯ 513",RÇgimen Tributario de los Arbitrios Municipales de Barrido de Calles Recolecci¢n de Residuos S¢lidos Parques y Jardines y Serenazgo en el distrito de Pachac†mac para el periodo 2025 y tope m†ximo de monto a pagar fijado por incremento de arbitrios municipales,https://epdoc2.elperuano.pe/EpPo/VistaNLSE.asp?Referencias=MjM1Nzc0My0xMjAyNDEyMzA=,31/12/2024,,,,,,,,,,,,,,,,,,,,,,,,,,,,,,,,,,,,,,
30/12/2024,2358309-1,MUNICIPALIDAD PROVINCIAL DE SECHURA,ORDENANZA,N¯ 019-2024-MPS.,Ordenanza Municipal que aprueba el Informe TÇcnico Financiero sobre: Determinaci¢n de tasas de los servicios de limpieza p£blica †reas verdes y seguridad ciudadana para la jurisdicci¢n del distrito de Sechura correspondiente al ejercicio fiscal 2025,https://busquedas.elperuano.pe/dispositivo/NL/2358309-1,31/12/2024,,,,,,,,,,,,,,,,,,,,,,,,,,,,,,,,,,,,,,
30/12/2024,2357235-1,MUNICIPALIDAD DE CARMEN DE LA LEGUA REYNOSO,Ordenanzas,N¯ 012-2024-MDCLR y Acuerdo N¯ 109-2024 AC/MPC,Ordenanza que prorroga para el ejercicio 2025 la vigencia de la Ordenanza N¯ 019-2023-MDCLR que estableci¢ el monto por derecho de emisi¢n mecanizada de actualizaci¢n de valores determinaci¢n y distribuci¢n a domicilio de la declaraci¢n jurada y liquidaci¢n del impuesto predial y arbitrios municipales para el ejercicio 2024,https://epdoc2.elperuano.pe/EpPo/VistaDE.asp?Referencias=MjM1NzIzNS0xMjAyNDEyMzA=,31/12/2024,,,,,,,,,,,,,,,,,,,,,,,,,,,,,,,,,,,,,,
30/12/2024,2357508-1,MUNICIPALIDAD DE CARMEN DE LA LEGUA REYNOSO,Ordenanzas,N¯ 015-2024 -MDCLR y Acuerdo N¯ 115-2024 AC/MPC,Ordenanza que aprueba el marco normativo del RÇgimen Tributario de los Arbitrios Municipales de Barrido de Calles Recolecci¢n de Residuos S¢lidos Parques y Jardines y Serenazgo del periodo 2025,https://epdoc2.elperuano.pe/EpPo/VistaDE.asp?Referencias=MjM1NzUwOC0xMjAyNDEyMzA=,31/12/2024,,,,,,,,,,,,,,,,,,,,,,,,,,,,,,,,,,,,,,
29/12/2024,2357993-1,CONGRESO DE LA REPUBLICA,LEY,N¯ 32217,Ley que prorroga la vigencia del beneficio tributario aprobado por el Decreto Legislativo 1058 Decreto Legislativo que promueve la inversi¢n en la actividad de generaci¢n elÇctrica con recursos h°dricos y con otros recursos renovables,https://busquedas.elperuano.pe/dispositivo/NL/2357993-1,31/12/2024,,,,,,,,,,,,,,,,,,,,,,,,,,,,,,,,,,,,,,
29/12/2024,2357993-2,CONGRESO DE LA REPUBLICA,LEY,N¯ 32218,Ley que modifica el Texto Ènico Ordenado de la Ley del Impuesto a la Renta aprobado por Decreto Supremo 179-2004-EF a fin de incorporar intereses y ganancias de capital inafectos al impuesto,https://busquedas.elperuano.pe/dispositivo/NL/2357993-2,31/12/2024,,,,,,,,,,,,,,,,,,,,,,,,,,,,,,,,,,,,,,
29/12/2024,2357993-3,CONGRESO DE LA REPUBLICA,LEY,N¯ 32219,Ley que modifica la Ley 31556 Ley que promueve medidas de reactivaci¢n econ¢mica de micro y peque§as empresas de los rubros de restaurantes hoteles y alojamientos tur°sticos para incrementar la tasa del Impuesto General a las Ventas y ampliar su vigencia,https://busquedas.elperuano.pe/dispositivo/NL/2357993-3,31/12/2024,,,,,,,,,,,,,,,,,,,,,,,,,,,,,,,,,,,,,,
29/12/2024,2357993-4,CONGRESO DE LA REPUBLICA,LEY,N¯ 32220,Ley que prorroga la vigencia de los beneficios tributarios del Decreto Legislativo 783 que aprueba la norma sobre devoluci¢n de impuestos que gravan las adquisiciones con donaciones del exterior e importaciones de misiones diplom†ticas y otros,https://busquedas.elperuano.pe/dispositivo/NL/2357993-4,31/12/2024,,,,,,,,,,,,,,,,,,,,,,,,,,,,,,,,,,,,,,
29/12/2024,2357895-1,PRESIDENCIA DEL CONSEJO DE MINISTROS,RESOLUCION,N¯ 012-2024-PCM/SGSD,Aprueban el Protocolo de Seguimiento y Gesti¢n de Compromisos de la SGSD,https://busquedas.elperuano.pe/dispositivo/NL/2357895-1,31/12/2024,,,,,,,,,,,,,,,,,,,,,,,,,,,,,,,,,,,,,,
29/12/2024,2357892-1,PRESIDENCIA DEL CONSEJO DE MINISTROS,RESOLUCION MINISTERIAL,N¯ 377-2024-PCM,Modifican la R.M. N¯ 315-2021-PCM y ampl°an periodo de vigencia de Grupo de Trabajo denominado Espacio de di†logo para atender las demandas planteadas por la Central Ènica Regional de Rondas Campesinas de La Libertad,https://busquedas.elperuano.pe/dispositivo/NL/2357892-1,31/12/2024,,,,,,,,,,,,,,,,,,,,,,,,,,,,,,,,,,,,,,
29/12/2024,2357893-1,PRESIDENCIA DEL CONSEJO DE MINISTROS,RESOLUCION MINISTERIAL,N¯ 379-2024-PCM,Modifican la R.M. N¯ 199-2022-PCM y ampl°an periodo de vigencia de Grupo de Trabajo denominado Mesa de Desarrollo Territorial del departamento de Loreto,https://busquedas.elperuano.pe/dispositivo/NL/2357893-1,31/12/2024,,,,,,,,,,,,,,,,,,,,,,,,,,,,,,,,,,,,,,
29/12/2024,2357961-1,AMBIENTE,RESOLUCION,N¯ 123-2024-SENAMHI/PREJ,Designan Subdirector de Predicci¢n Meteorol¢gica de la Direcci¢n de Meteorolog°a y Evaluaci¢n Ambiental AtmosfÇrica del SENAMHI,https://busquedas.elperuano.pe/dispositivo/NL/2357961-1,31/12/2024,,,,,,,,,,,,,,,,,,,,,,,,,,,,,,,,,,,,,,
29/12/2024,2357963-1,AMBIENTE,RESOLUCION,N¯ 125-2024-SENAMHI/PREJ,Designan Directora de la Direcci¢n Zonal 4 del Servicio Nacional de Meteorolog°a e Hidrolog°a del Per£ ? SENAMHI,https://busquedas.elperuano.pe/dispositivo/NL/2357963-1,31/12/2024,,,,,,,,,,,,,,,,,,,,,,,,,,,,,,,,,,,,,,
29/12/2024,2357964-1,AMBIENTE,RESOLUCION,N¯ 126-2024-SENAMHI/PREJ,Designan Directora de la Unidad de Tesorer°a de la Oficina de Administraci¢n del Servicio Nacional de Meteorolog°a e Hidrolog°a del Per£ - SENAMHI,https://busquedas.elperuano.pe/dispositivo/NL/2357964-1,31/12/2024,,,,,,,,,,,,,,,,,,,,,,,,,,,,,,,,,,,,,,
29/12/2024,2357965-1,AMBIENTE,RESOLUCION,N¯ 127-2024-SENAMHI/PREJ,Designan Director de la Direcci¢n de Meteorolog°a y Evaluaci¢n Ambiental AtmosfÇrica del Servicio Nacional de Meteorolog°a e Hidrolog°a del Per£ ? SENAMHI,https://busquedas.elperuano.pe/dispositivo/NL/2357965-1,31/12/2024,,,,,,,,,,,,,,,,,,,,,,,,,,,,,,,,,,,,,,
29/12/2024,2357967-1,AMBIENTE,RESOLUCION MINISTERIAL,N¯ 00446-2024-MINAM,Aprueban el Plan EstratÇgico Institucional (PEI) 2025-2030 del Ministerio del Ambiente,https://busquedas.elperuano.pe/dispositivo/NL/2357967-1,31/12/2024,,,,,,,,,,,,,,,,,,,,,,,,,,,,,,,,,,,,,,
29/12/2024,2357984-1,COMERCIO EXTERIOR Y TURISMO,RESOLUCION MINISTERIAL,N¯ 386-2024-MINCETUR,Aprueban el Plan Operativo Institucional (POI) 2025 del Ministerio de Comercio Exterior y Turismo consistente con el Presupuesto Institucional de Apertura de Gastos correspondiente al A§o Fiscal 2025,https://busquedas.elperuano.pe/dispositivo/NL/2357984-1,31/12/2024,,,,,,,,,,,,,,,,,,,,,,,,,,,,,,,,,,,,,,
29/12/2024,2357870-1,CULTURA,RESOLUCION DIRECTORAL,N¯ 000223-2024-DGPA-VMPCIC/MC,Prorrogan el plazo de la determinaci¢n de la Protecci¢n Provisional del Complejo Arqueol¢gico Ventarr¢n - Sector A ubicado en el distrito de Pomalca provincia de Chiclayo departamento de Lambayeque,https://busquedas.elperuano.pe/dispositivo/NL/2357870-1,31/12/2024,,,,,,,,,,,,,,,,,,,,,,,,,,,,,,,,,,,,,,
29/12/2024,2357933-1,CULTURA,RESOLUCION MINISTERIAL,N¯ 000451-2024-MC,Aprueban el Tarifario Ènico de Servicios No Exclusivos brindados por el Ministerio de Cultura,https://busquedas.elperuano.pe/dispositivo/NL/2357933-1,31/12/2024,,,,,,,,,,,,,,,,,,,,,,,,,,,,,,,,,,,,,,
29/12/2024,2357929-1,CULTURA,RESOLUCION VICE MINISTERIAL,N¯ 356-2024-VMPCIC/MC,Aprueban la Gu°a para la expedici¢n del certificado de inexistencia de restos arqueol¢gicos en superficie (CIRAS),https://busquedas.elperuano.pe/dispositivo/NL/2357929-1,31/12/2024,,,,,,,,,,,,,,,,,,,,,,,,,,,,,,,,,,,,,,
29/12/2024,2357513-1,DEFENSA,RESOLUCION MINISTERIAL,N¯ 01775-2024-DE,Autorizan viaje de personal militar FAP a Ecuador en comisi¢n de servicios,https://busquedas.elperuano.pe/dispositivo/NL/2357513-1,31/12/2024,,,,,,,,,,,,,,,,,,,,,,,,,,,,,,,,,,,,,,
29/12/2024,2357987-1,DEFENSA,RESOLUCION MINISTERIAL,N¯ 01785-2024-DE,Autorizan viaje de oficiales del EjÇrcito del Per£ a Colombia en misi¢n de estudios,https://busquedas.elperuano.pe/dispositivo/NL/2357987-1,31/12/2024,,,,,,,,,,,,,,,,,,,,,,,,,,,,,,,,,,,,,,
29/12/2024,2357988-1,DEFENSA,RESOLUCION MINISTERIAL,N¯ 01784-2024-DE,Autorizan viaje de oficiales FAP a Brasil en misi¢n de estudios,https://busquedas.elperuano.pe/dispositivo/NL/2357988-1,31/12/2024,,,,,,,,,,,,,,,,,,,,,,,,,,,,,,,,,,,,,,
29/12/2024,2357675-1,DESARROLLO AGRARIO Y RIEGO,RESOLUCION DIRECTORAL,N¯ D000049-2024-MIDAGRI-SENASA-DSV,Autorizan el ingreso al pa°s de plantas de ar†ndano de origen y procedencia de la Rep£blica de Chile a travÇs del Complejo Fronterizo Santa Rosa ubicado en el departamento de Tacna bajo responsabilidad de la empresa ALLPA FARMS PERU S.A.C.,https://busquedas.elperuano.pe/dispositivo/NL/2357675-1,31/12/2024,,,,,,,,,,,,,,,,,,,,,,,,,,,,,,,,,,,,,,
29/12/2024,2357679-1,DESARROLLO AGRARIO Y RIEGO,RESOLUCION DIRECTORAL,N¯ D000050-2024-MIDAGRI-SENASA-DSV,Autorizan ingreso al pa°s de plantas de ar†ndano de origen y procedencia de la Rep£blica de Chile a travÇs del Complejo Fronterizo Santa Rosa ubicado en el departamento de Tacna bajo responsabilidad de la empresa Allpa Farms Per£ S.A.C.,https://busquedas.elperuano.pe/dispositivo/NL/2357679-1,31/12/2024,,,,,,,,,,,,,,,,,,,,,,,,,,,,,,,,,,,,,,
29/12/2024,2357890-1,DESARROLLO AGRARIO Y RIEGO,RESOLUCION MINISTERIAL,N¯ 0427-2024-MIDAGRI,Aprueban el Plan Operativo Institucional (POI) Anual 2025 consistente con el Presupuesto Institucional de Apertura (PIA) 2025 del Ministerio de Desarrollo Agrario y Riego,https://busquedas.elperuano.pe/dispositivo/NL/2357890-1,31/12/2024,,,,,,,,,,,,,,,,,,,,,,,,,,,,,,,,,,,,,,
29/12/2024,2357985-1,DESARROLLO E INCLUSI‡N SOCIAL,RESOLUCION MINISTERIAL,N¯ D000210-2024-MIDIS,Aprueban el Cuadro para Asignaci¢n de Personal Provisional (CAP Provisional) del Organismo de Focalizaci¢n e Informaci¢n Social,https://busquedas.elperuano.pe/dispositivo/NL/2357985-1,31/12/2024,,,,,,,,,,,,,,,,,,,,,,,,,,,,,,,,,,,,,,
29/12/2024,2357993-5,ECONOMIA Y FINANZAS,DECRETO SUPREMO,N¯ 292-2024-EF,Decreto Supremo que aprueba el reglamento del Decreto Legislativo N¯ 1693 Decreto Legislativo que ordena sistematiza y optimiza la eficiencia de la actividad empresarial del Estado y fortalece la estructura y gesti¢n del FONAFE,https://busquedas.elperuano.pe/dispositivo/NL/2357993-5,31/12/2024,,,,,,,,,,,,,,,,,,,,,,,,,,,,,,,,,,,,,,
29/12/2024,2357609-1,EDUCACION,RESOLUCION MINISTERIAL,N¯ 643-2024-MINEDU,Designan Jefa de la Oficina de Medici¢n de la Calidad de los Aprendizajes dependiente de la Secretar°a de Planificaci¢n EstratÇgica del Ministerio,https://busquedas.elperuano.pe/dispositivo/NL/2357609-1,31/12/2024,,,,,,,,,,,,,,,,,,,,,,,,,,,,,,,,,,,,,,
29/12/2024,2357839-1,EDUCACION,RESOLUCION MINISTERIAL,N¯ 653-2024-MINEDU,Designan Asesor II del Despacho Viceministerial de Gesti¢n Pedag¢gica,https://busquedas.elperuano.pe/dispositivo/NL/2357839-1,31/12/2024,,,,,,,,,,,,,,,,,,,,,,,,,,,,,,,,,,,,,,
29/12/2024,2357861-1,EDUCACION,RESOLUCION MINISTERIAL,N¯ 652-2024-MINEDU,Designan Director de la Direcci¢n de Innovaci¢n Tecnol¢gica en Educaci¢n,https://busquedas.elperuano.pe/dispositivo/NL/2357861-1,31/12/2024,,,,,,,,,,,,,,,,,,,,,,,,,,,,,,,,,,,,,,
29/12/2024,2357909-1,EDUCACION,RESOLUCION VICE MINISTERIAL,N¯ 156-2024-MINEDU,Norma TÇcnica denominada Disposiciones que regulan el cese de actividades cese definitivo y cierre de los Institutos y Escuelas de Educaci¢n Superior Pedag¢gica,https://epdoc2.elperuano.pe/EpPo/VistaNLSE.asp?Referencias=MjM1NzkwOS0xMjAyNDEyMjk=,31/12/2024,,,,,,,,,,,,,,,,,,,,,,,,,,,,,,,,,,,,,,
29/12/2024,2357923-1,JUSTICIA Y DERECHOS HUMANOS,RESOLUCION MINISTERIAL,N¯ 0335-2024-JUS,Delegan facultades en diversos funcionarios del Ministerio durante el ejercicio 2025,https://busquedas.elperuano.pe/dispositivo/NL/2357923-1,31/12/2024,,,,,,,,,,,,,,,,,,,,,,,,,,,,,,,,,,,,,,
29/12/2024,2357906-1,PRODUCE,RESOLUCION,N¯ 000225-2024-ITP/DE,Autorizan transferencia financiera del Instituto Tecnol¢gico de la Producci¢n a favor de la Contralor°a Genera de la Rep£blica,https://busquedas.elperuano.pe/dispositivo/NL/2357906-1,31/12/2024,,,,,,,,,,,,,,,,,,,,,,,,,,,,,,,,,,,,,,
29/12/2024,2357898-1,PRODUCE,RESOLUCION MINISTERIAL,N¯ 00507-2024-PRODUCE,Autorizan transferencia financiera a favor del N£cleo Ejecutor de Compras del Sector Productivo de Metalmec†nica,https://busquedas.elperuano.pe/dispositivo/NL/2357898-1,31/12/2024,,,,,,,,,,,,,,,,,,,,,,,,,,,,,,,,,,,,,,
29/12/2024,2357899-1,PRODUCE,RESOLUCION MINISTERIAL,N¯ 000508-2024-PRODUCE,Establecen l°mites de captura de los recursos jurel y caballa efectuada por embarcaciones pesqueras artesanales para el periodo enero a abril de 2025,https://busquedas.elperuano.pe/dispositivo/NL/2357899-1,31/12/2024,,,,,,,,,,,,,,,,,,,,,,,,,,,,,,,,,,,,,,
29/12/2024,2357900-1,PRODUCE,RESOLUCION MINISTERIAL,N¯ 000509-2024-PRODUCE,Modifican art°culo 11 del RÇgimen Especial Temporal para regular la captura incidental de las especies de la familia Mobulidae,https://busquedas.elperuano.pe/dispositivo/NL/2357900-1,31/12/2024,,,,,,,,,,,,,,,,,,,,,,,,,,,,,,,,,,,,,,
29/12/2024,2357901-1,PRODUCE,RESOLUCION MINISTERIAL,N¯ 000510-2024-PRODUCE,Establecen l°mite de captura del recurso bonito para el periodo de enero hasta abril del a§o 2025 y dictan otras disposiciones,https://busquedas.elperuano.pe/dispositivo/NL/2357901-1,31/12/2024,,,,,,,,,,,,,,,,,,,,,,,,,,,,,,,,,,,,,,
29/12/2024,2357902-1,PRODUCE,RESOLUCION MINISTERIAL,N¯ 000511-2024-PRODUCE,Establecen l°mite de captura del recurso tibur¢n martillo para el periodo 2025,https://busquedas.elperuano.pe/dispositivo/NL/2357902-1,31/12/2024,,,,,,,,,,,,,,,,,,,,,,,,,,,,,,,,,,,,,,
29/12/2024,2357903-1,PRODUCE,RESOLUCION MINISTERIAL,N¯ 000512-2024-PRODUCE,Establecen L°mite M†ximo de Captura permisible del recurso pulpo en el †mbito de la Reserva Nacional Sistema de Islas Islotes y Puntas Guaneras - Punta Coles ubicada en la provincia de Ilo departamento de Moquegua para el a§o 2025,https://busquedas.elperuano.pe/dispositivo/NL/2357903-1,31/12/2024,,,,,,,,,,,,,,,,,,,,,,,,,,,,,,,,,,,,,,
29/12/2024,2357904-1,PRODUCE,RESOLUCION MINISTERIAL,N¯ 000513-2024-PRODUCE,Establecen el adelanto del L°mite M†ximo Total de Captura para Consumo Humano Directo (LMTC-CHD) del recurso anchoveta para el periodo 1 de enero hasta el 31 de julio del a§o 2025,https://busquedas.elperuano.pe/dispositivo/NL/2357904-1,31/12/2024,,,,,,,,,,,,,,,,,,,,,,,,,,,,,,,,,,,,,,
29/12/2024,2357905-1,PRODUCE,RESOLUCION MINISTERIAL,N¯ 000514-2024-PRODUCE,Establecen l°mite de captura del recurso bacalao de profundidad para el periodo anual 2025,https://busquedas.elperuano.pe/dispositivo/NL/2357905-1,31/12/2024,,,,,,,,,,,,,,,,,,,,,,,,,,,,,,,,,,,,,,
29/12/2024,2357907-1,PRODUCE,RESOLUCION MINISTERIAL,N¯ 000515-2024-PRODUCE,Autorizan inicio de la Primera Temporada de Pesca 2025 del recurso anchoveta y anchoveta blanca en la Zona Sur del Per£ y dictan otras medidas,https://busquedas.elperuano.pe/dispositivo/NL/2357907-1,31/12/2024,,,,,,,,,,,,,,,,,,,,,,,,,,,,,,,,,,,,,,
29/12/2024,2357908-1,PRODUCE,RESOLUCION MINISTERIAL,N¯ 000516-2024-PRODUCE,Establecen rÇgimen provisional de extracci¢n del recurso anguila para el a§o 2025 y dictan otras medidas,https://busquedas.elperuano.pe/dispositivo/NL/2357908-1,31/12/2024,,,,,,,,,,,,,,,,,,,,,,,,,,,,,,,,,,,,,,
29/12/2024,2357910-1,PRODUCE,RESOLUCION MINISTERIAL,N¯ 000517-2024-PRODUCE,Establecen l°mites de captura de los recursos jurel y caballa efectuada por embarcaciones pesqueras de mayor escala para el periodo anual 2025,https://busquedas.elperuano.pe/dispositivo/NL/2357910-1,31/12/2024,,,,,,,,,,,,,,,,,,,,,,,,,,,,,,,,,,,,,,
29/12/2024,2357911-1,PRODUCE,RESOLUCION MINISTERIAL,N¯ 000518-2024-PRODUCE,Disponen la publicaci¢n del proyecto de la Resoluci¢n Ministerial que aprueba los TÇrminos de Referencia para la elaboraci¢n de la modificaci¢n para impactos ambientales negativos no significativos para las actividades pesqueras y acu°colas,https://busquedas.elperuano.pe/dispositivo/NL/2357911-1,31/12/2024,,,,,,,,,,,,,,,,,,,,,,,,,,,,,,,,,,,,,,
29/12/2024,2357941-1,RELACIONES EXTERIORES,RESOLUCION MINISTERIAL,N¯ 1012-2024-RE,Delegan facultades en diversos funcionarios del Ministerio de Relaciones Exteriores durante el a§o 2025,https://busquedas.elperuano.pe/dispositivo/NL/2357941-1,31/12/2024,,,,,,,,,,,,,,,,,,,,,,,,,,,,,,,,,,,,,,
29/12/2024,2357947-1,SALUD,RESOLUCION MINISTERIAL,N¯ 928-2024/MINSA,Aprueban la NTS N¯ 223 -MINSA/DGIESP-2024 Norma TÇcnica de Salud que aprueba el Instrumento que establece los criterios para la evaluaci¢n y calificaci¢n del grado de incapacidad laboral,https://busquedas.elperuano.pe/dispositivo/NL/2357947-1,31/12/2024,,,,,,,,,,,,,,,,,,,,,,,,,,,,,,,,,,,,,,
29/12/2024,2357948-1,SALUD,RESOLUCION MINISTERIAL,N¯ 929-2024/MINSA,Autorizan Transferencia Financiera a favor de la Organizaci¢n Panamericana de la Salud (OPS/OMS),https://busquedas.elperuano.pe/dispositivo/NL/2357948-1,31/12/2024,,,,,,,,,,,,,,,,,,,,,,,,,,,,,,,,,,,,,,
29/12/2024,2357950-1,SALUD,RESOLUCION MINISTERIAL,N¯ 930-2024/MINSA,Autorizan Transferencia Financiera a favor de la Organizaci¢n Panamericana de la Salud (OPS/OMS),https://busquedas.elperuano.pe/dispositivo/NL/2357950-1,31/12/2024,,,,,,,,,,,,,,,,,,,,,,,,,,,,,,,,,,,,,,
29/12/2024,2357951-1,SALUD,RESOLUCION MINISTERIAL,N¯ 931-2024/MINSA,Autorizan Transferencia Financiera a favor del Fondo de Poblaci¢n de las Naciones Unidas (UNFPA),https://busquedas.elperuano.pe/dispositivo/NL/2357951-1,31/12/2024,,,,,,,,,,,,,,,,,,,,,,,,,,,,,,,,,,,,,,
29/12/2024,2357953-1,SALUD,RESOLUCION MINISTERIAL,N¯ 932-2024/MINSA,Autorizan Transferencia Financiera a favor de la Organizaci¢n Panamericana de la Salud (OPS/OMS),https://busquedas.elperuano.pe/dispositivo/NL/2357953-1,31/12/2024,,,,,,,,,,,,,,,,,,,,,,,,,,,,,,,,,,,,,,
29/12/2024,2357954-1,SALUD,RESOLUCION MINISTERIAL,N¯ 933-2024/MINSA,Aprueban Transferencia Financiera a favor de la Oficina de las Naciones Unidas de Servicios para Proyectos (UNOPS),https://busquedas.elperuano.pe/dispositivo/NL/2357954-1,31/12/2024,,,,,,,,,,,,,,,,,,,,,,,,,,,,,,,,,,,,,,
29/12/2024,2358009-1,SALUD,RESOLUCION MINISTERIAL,N¯ 936-2024/MINSA,Autorizan Transferencia Financiera a favor de la Organizaci¢n Panamericana de la Salud (OPS/OMS),https://busquedas.elperuano.pe/dispositivo/NL/2358009-1,31/12/2024,,,,,,,,,,,,,,,,,,,,,,,,,,,,,,,,,,,,,,
29/12/2024,2358010-1,SALUD,RESOLUCION MINISTERIAL,N¯ 937-2024/MINSA,Autorizan Transferencia Financiera a favor de la Organizaci¢n Panamericana de la Salud (OPS/OMS),https://busquedas.elperuano.pe/dispositivo/NL/2358010-1,31/12/2024,,,,,,,,,,,,,,,,,,,,,,,,,,,,,,,,,,,,,,
29/12/2024,2357970-1,TRABAJO Y PROMOCION DEL EMPLEO,RESOLUCION MINISTERIAL,N¯ 209-2024-TR,Aprueban las Disposiciones Complementarias del Decreto Supremo N¯ 004-2024-TR Decreto Supremo que aprueba la obligatoriedad de la notificaci¢n v°a casilla electr¢nica del Ministerio de Trabajo y Promoci¢n del Empleo,https://busquedas.elperuano.pe/dispositivo/NL/2357970-1,31/12/2024,,,,,,,,,,,,,,,,,,,,,,,,,,,,,,,,,,,,,,
29/12/2024,2357974-1,TRABAJO Y PROMOCION DEL EMPLEO,RESOLUCION MINISTERIAL,N¯ 210-2024-TR,Disponen la publicaci¢n del proyecto de Decreto Supremo que modifica el Reglamento de la Ley N¯ 31572 Ley del Teletrabajo aprobado por Decreto Supremo N¯ 002-2023-TR; as° como de su exposici¢n de motivos,https://busquedas.elperuano.pe/dispositivo/NL/2357974-1,31/12/2024,,,,,,,,,,,,,,,,,,,,,,,,,,,,,,,,,,,,,,
29/12/2024,2355756-1,TRANSPORTES Y COMUNICACIONES,RESOLUCION DIRECTORAL,N¯ 0703-2024-MTC/17.03,Autorizan a la empresa CONSTRUCTORA ARMANDO OBRAS S.A.C. como Entidad Certificadora de Conversi¢n a Gas Natural Vehicular ? GNV de †mbito nacional,https://busquedas.elperuano.pe/dispositivo/NL/2355756-1,31/12/2024,,,,,,,,,,,,,,,,,,,,,,,,,,,,,,,,,,,,,,
29/12/2024,2357523-1,TRANSPORTES Y COMUNICACIONES,RESOLUCION DIRECTORAL,N¯ 031-2024-MTC/18,Aprueban el Manual de dise§o sismorresistente de estructuras subterr†neas para la infraestructura vial,https://busquedas.elperuano.pe/dispositivo/NL/2357523-1,31/12/2024,,,,,,,,,,,,,,,,,,,,,,,,,,,,,,,,,,,,,,
29/12/2024,2357576-1,TRANSPORTES Y COMUNICACIONES,RESOLUCION DIRECTORAL,N¯ 034-2024-MTC/18,Precisan listado actualizado de v°as fÇrreas existentes en el pa°s que forman parte del Sistema Ferroviario Nacional y que se encuentren bajo la competencia del Ministerio de Transportes y Comunicaciones,https://busquedas.elperuano.pe/dispositivo/NL/2357576-1,31/12/2024,,,,,,,,,,,,,,,,,,,,,,,,,,,,,,,,,,,,,,
29/12/2024,2357605-1,TRANSPORTES Y COMUNICACIONES,RESOLUCION DIRECTORAL,N¯ 036-2024-MTC/18,Aprueban el Manual de Dise§o GeomÇtrico para Infraestructura Ciclovial para V°as Urbanas,https://busquedas.elperuano.pe/dispositivo/NL/2357605-1,31/12/2024,,,,,,,,,,,,,,,,,,,,,,,,,,,,,,,,,,,,,,
29/12/2024,2357714-1,TRANSPORTES Y COMUNICACIONES,RESOLUCION MINISTERIAL,N¯ 780-2024-MTC/01.03,Aprueban ejecuci¢n de expropiaci¢n del †rea afectada de inmueble para la ejecuci¢n del proyecto: Instalaci¢n de Banda Ancha para la conectividad integral y Desarrollo Social de la regi¢n Lima,https://busquedas.elperuano.pe/dispositivo/NL/2357714-1,31/12/2024,,,,,,,,,,,,,,,,,,,,,,,,,,,,,,,,,,,,,,
29/12/2024,2357745-1,TRANSPORTES Y COMUNICACIONES,RESOLUCION MINISTERIAL,N¯ 783-2024-MTC/01.02,Aprueban ejecuci¢n de expropiaci¢n del †rea afectada de inmueble para la ejecuci¢n de la obra: Autopista del Sol (Trujillo - Chiclayo - Piura - Sullana) y el valor de tasaci¢n,https://busquedas.elperuano.pe/dispositivo/NL/2357745-1,31/12/2024,,,,,,,,,,,,,,,,,,,,,,,,,,,,,,,,,,,,,,
29/12/2024,2357758-1,TRANSPORTES Y COMUNICACIONES,RESOLUCION MINISTERIAL,N¯ 784-2024-MTC/01.02,Aprueban ejecuci¢n de expropiaci¢n de inmueble afectado por la ejecuci¢n de la obra: Autopista del Sol (Trujillo - Chiclayo - Piura - Sullana) y el valor de tasaci¢n,https://busquedas.elperuano.pe/dispositivo/NL/2357758-1,31/12/2024,,,,,,,,,,,,,,,,,,,,,,,,,,,,,,,,,,,,,,
29/12/2024,2357968-1,"VIVIENDA, CONSTRUCCI‡N Y SANEAMIENTO",RESOLUCION MINISTERIAL,N¯ 483-2024-VIVIENDA,Aprueban la cuadragÇsima novena convocatoria del a§o 2024 para el otorgamiento de mil ciento veintid¢s Bonos de Arrendamiento de Vivienda para Emergencias en atenci¢n a los Decretos Supremos N¯s 029-2023-PCM 034-2023-PCM 035-2023-PCM; el Decreto Supremo N¯ 043-2023-PCM y sus pr¢rrogas,https://busquedas.elperuano.pe/dispositivo/NL/2357968-1,31/12/2024,,,,,,,,,,,,,,,,,,,,,,,,,,,,,,,,,,,,,,
29/12/2024,2357971-1,"VIVIENDA, CONSTRUCCI‡N Y SANEAMIENTO",RESOLUCION MINISTERIAL,N¯ 479-2024-VIVIENDA,Disponen la publicaci¢n del proyecto de Decreto Supremo que deroga el Decreto Supremo N¯ 006-2023-VIVIENDA Decreto Supremo que aprueba el Reglamento de Vivienda de InterÇs Social y su Exposici¢n de Motivos,https://busquedas.elperuano.pe/dispositivo/NL/2357971-1,31/12/2024,,,,,,,,,,,,,,,,,,,,,,,,,,,,,,,,,,,,,,
29/12/2024,2357972-1,"VIVIENDA, CONSTRUCCI‡N Y SANEAMIENTO",RESOLUCION MINISTERIAL,N¯ 480-2024-VIVIENDA,Aprueban el Plan Operativo Institucional (POI) Anual 2024 Actualizado - Versi¢n 2 del Ministerio de Vivienda Construcci¢n y Saneamiento,https://busquedas.elperuano.pe/dispositivo/NL/2357972-1,31/12/2024,,,,,,,,,,,,,,,,,,,,,,,,,,,,,,,,,,,,,,
29/12/2024,2357973-1,"VIVIENDA, CONSTRUCCI‡N Y SANEAMIENTO",RESOLUCION MINISTERIAL,N¯ 481-2024-VIVIENDA,Aprueban el Plan Operativo Institucional (POI) Anual 2025 del Ministerio de Vivienda Construcci¢n y Saneamiento consistente con el Presupuesto Institucional de Apertura (PIA) 2025,https://busquedas.elperuano.pe/dispositivo/NL/2357973-1,31/12/2024,,,,,,,,,,,,,,,,,,,,,,,,,,,,,,,,,,,,,,
29/12/2024,2357980-1,"VIVIENDA, CONSTRUCCI‡N Y SANEAMIENTO",RESOLUCION MINISTERIAL,N¯ 485-2024-VIVIENDA,Aprueban los criterios de priorizaci¢n a nivel nacional y las zonas focalizadas de acuerdo a lo establecido por la TrigÇsima Octava Disposici¢n Complementaria Final de la Ley N¯ 32185 Ley del Presupuesto del Sector P£blico para el A§o Fiscal 2025,https://busquedas.elperuano.pe/dispositivo/NL/2357980-1,31/12/2024,,,,,,,,,,,,,,,,,,,,,,,,,,,,,,,,,,,,,,
29/12/2024,2357990-1,CONVENIOS INTERNACIONALES,CONVENIO,Decisi¢n N¯ 05,Decisi¢n N¯ 05 de la Comisi¢n de Libre Comercio del Tratado de Libre Comercio entre el Gobierno de la Rep£blica de Costa Rica y el Gobierno de la Rep£blica del Per£ para adoptar la actualizaci¢n del Anexo 3 (reglas de origen espec°ficas) al Sistema Armonizado 2022,https://epdoc2.elperuano.pe/EpPo/VistaNLSE.asp?Referencias=MjM1Nzk5MC0xMjAyNDEyMjk=,31/12/2024,,,,,,,,,,,,,,,,,,,,,,,,,,,,,,,,,,,,,,
29/12/2024,2357981-1,COMISION NACIONAL PARA EL DESARROLLO Y VIDA SIN DROGAS,RESOLUCION,N¯ 000217-2024-DV-PE,Autorizan transferencia financiera para financiar actividad a favor de la Municipalidad Distrital de Constituci¢n,https://busquedas.elperuano.pe/dispositivo/NL/2357981-1,31/12/2024,,,,,,,,,,,,,,,,,,,,,,,,,,,,,,,,,,,,,,
29/12/2024,2357891-1,INSTITUTO NACIONAL DE RADIO Y TELEVISI‡N DEL PERÈ,RESOLUCION,N¯ 000103-2024-IRTP-PE,Delegan diversas facultades y atribuciones en servidores del Instituto Nacional de Radio y Televisi¢n del Per£ durante el A§o Fiscal 2025,https://busquedas.elperuano.pe/dispositivo/NL/2357891-1,31/12/2024,,,,,,,,,,,,,,,,,,,,,,,,,,,,,,,,,,,,,,
29/12/2024,2357894-1,INSTITUTO NACIONAL DE RADIO Y TELEVISI‡N DEL PERÈ,RESOLUCION,N¯ 000104-2024-IRTP-PE,Designan Gerente de la Gerencia de Prensa del IRTP,https://busquedas.elperuano.pe/dispositivo/NL/2357894-1,31/12/2024,,,,,,,,,,,,,,,,,,,,,,,,,,,,,,,,,,,,,,
29/12/2024,2357896-1,INSTITUTO PERUANO DE ENERGIA NUCLEAR,RESOLUCION,N¯ D000090-2024-IPEN-PRES,Delegan facultades en diversos funcionarios del IPEN durante el a§o fiscal 2025,https://busquedas.elperuano.pe/dispositivo/NL/2357896-1,31/12/2024,,,,,,,,,,,,,,,,,,,,,,,,,,,,,,,,,,,,,,
29/12/2024,2357943-1,SEGURO INTEGRAL DE SALUD,RESOLUCION JEFATURAL,N¯ 000206-2024-SIS/J,Autorizan reducci¢n del Presupuesto Institucional Modificado del Seguro Integral de Salud aprobado mediante Ley N¯ 32185 Ley de Presupuesto del Sector P£blico para el a§o fiscal 2025,https://busquedas.elperuano.pe/dispositivo/NL/2357943-1,31/12/2024,,,,,,,,,,,,,,,,,,,,,,,,,,,,,,,,,,,,,,
29/12/2024,2357986-1,SERVICIO NACIONAL DE CAPACITACION PARA LA INDUSTRIA DE LA CONSTRUCCION,RESOLUCION,N¯ 000230-2024-02.00/SENCICO,Delegan facultades y/o atribuciones en diversos funcionarios del SENCICO,https://busquedas.elperuano.pe/dispositivo/NL/2357986-1,31/12/2024,,,,,,,,,,,,,,,,,,,,,,,,,,,,,,,,,,,,,,
29/12/2024,2357635-1,ORGANISMO SUPERVISOR DE LA INVERSI‡N EN INFRAESTRUCTURA DE TRANSPORTE DE USO PÈBLICO,RESOLUCION,N¯ 0087-2024-PD-OSITRAN,Aprueban solicitud de modificaci¢n del Reglamento de Acceso de la Entidad Prestadora Lima Airport Partners S.R.L. aprobado por Resoluci¢n de Consejo Directivo N¯ 023-2004-CD-OSITRAN,https://busquedas.elperuano.pe/dispositivo/NL/2357635-1,31/12/2024,,,,,,,,,,,,,,,,,,,,,,,,,,,,,,,,,,,,,,
29/12/2024,2357863-1,ORGANISMO SUPERVISOR DE LA INVERSI‡N EN INFRAESTRUCTURA DE TRANSPORTE DE USO PÈBLICO,RESOLUCION,N¯ 0089-2024-PD-OSITRAN,Aprueban el Plan Operativo Institucional (POI) Anual 2025 del Organismo Supervisor de la Inversi¢n en Infraestructura de Transporte de Uso P£blico - OSITRAN,https://busquedas.elperuano.pe/dispositivo/NL/2357863-1,31/12/2024,,,,,,,,,,,,,,,,,,,,,,,,,,,,,,,,,,,,,,
29/12/2024,2357942-1,ORGANISMO SUPERVISOR DE LA INVERSI‡N EN INFRAESTRUCTURA DE TRANSPORTE DE USO PÈBLICO,RESOLUCION,N¯ 0088-2024-PD-OSITRAN,Delegan atribuciones en diversos funcionarios de OSITRAN durante el A§o Fiscal 2025,https://busquedas.elperuano.pe/dispositivo/NL/2357942-1,31/12/2024,,,,,,,,,,,,,,,,,,,,,,,,,,,,,,,,,,,,,,
29/12/2024,2357944-1,ORGANISMO SUPERVISOR DE LA INVERSI‡N EN INFRAESTRUCTURA DE TRANSPORTE DE USO PÈBLICO,RESOLUCION,N¯ 0090-2024-PD-OSITRAN,Aprueban las Medidas de Austeridad Disciplina y Calidad en el Gasto P£blico y de Ingresos del Personal del Ositr†n para el A§o Fiscal 2025,https://busquedas.elperuano.pe/dispositivo/NL/2357944-1,31/12/2024,,,,,,,,,,,,,,,,,,,,,,,,,,,,,,,,,,,,,,
29/12/2024,2357873-1,ORGANISMO SUPERVISOR DE INVERSION PRIVADA EN TELECOMUNICACIONES,RESOLUCION,N¯ 00237-2024-CD/OSIPTEL,Suspenden de oficio los efectos de la Res. N¯ 217-2024-CD/OSIPTEL en el marco de la evaluaci¢n de los recursos de reconsideraci¢n interpuestos por AmÇrica M¢vil Per£ S.A.C. Entel Per£ S.A. y Telef¢nica del Per£ S.A.A.,https://busquedas.elperuano.pe/dispositivo/NL/2357873-1,31/12/2024,,,,,,,,,,,,,,,,,,,,,,,,,,,,,,,,,,,,,,
29/12/2024,2357927-1,SUPERINTENDENCIA NACIONAL DE SERVICIOS DE SANEAMIENTO,RESOLUCION,N¯ 00061-2024-SUNASS-PE,Designan asesora de la Gerencia General de la SUNASS,https://busquedas.elperuano.pe/dispositivo/NL/2357927-1,31/12/2024,,,,,,,,,,,,,,,,,,,,,,,,,,,,,,,,,,,,,,
29/12/2024,2357889-1,AUTORIDAD NACIONAL DEL SERVICIO CIVIL,RESOLUCION,N¯ 000154-2024-SERVIR-GG,Aprueban el Plan Operativo Institucional Anual (POI) 2025 de la Autoridad Nacional del Servicio Civil ? SERVIR,https://busquedas.elperuano.pe/dispositivo/NL/2357889-1,31/12/2024,,,,,,,,,,,,,,,,,,,,,,,,,,,,,,,,,,,,,,
29/12/2024,2357930-1,AUTORIDAD NACIONAL DEL SERVICIO CIVIL,RESOLUCION,N¯ 000211-2024-SERVIR-PE,Modifican Anexos 1 y 2 aprobados por la Resoluci¢n de Presidencia Ejecutiva N¯ 000234-2023-SERVIR-PE,https://busquedas.elperuano.pe/dispositivo/NL/2357930-1,31/12/2024,,,,,,,,,,,,,,,,,,,,,,,,,,,,,,,,,,,,,,
29/12/2024,2357975-1,"CONSEJO NACIONAL DE CIENCIA, TECNOLOG÷A E INNOVACI‡N TECNOL‡GICA",RESOLUCION,N¯ 171-2024-CONCYTEC-P,Autorizan Segunda Transferencia Financiera a favor de la Contralor°a General de la Rep£blica,https://busquedas.elperuano.pe/dispositivo/NL/2357975-1,31/12/2024,,,,,,,,,,,,,,,,,,,,,,,,,,,,,,,,,,,,,,
29/12/2024,2357976-1,"CONSEJO NACIONAL DE CIENCIA, TECNOLOG÷A E INNOVACI‡N TECNOL‡GICA",RESOLUCION,N¯ 174-2024-CONCYTEC-P,Designan Sub Directora de la Sub Direcci¢n de Innovaci¢n y Transferencia Tecnol¢gica de la Direcci¢n de Pol°ticas y Programas de CTeI del Consejo Nacional de Ciencia Tecnolog°a e Innovaci¢n ? CONCYTEC,https://busquedas.elperuano.pe/dispositivo/NL/2357976-1,31/12/2024,,,,,,,,,,,,,,,,,,,,,,,,,,,,,,,,,,,,,,
29/12/2024,2357957-1,INSTITUTO GEOL‡GICO MINERO Y METALÈRGICO,RESOLUCION,N¯ 0196-2024-INGEMMET/PE,Delegan facultades y atribuciones en diversos funcionarios del INGEMMET,https://busquedas.elperuano.pe/dispositivo/NL/2357957-1,31/12/2024,,,,,,,,,,,,,,,,,,,,,,,,,,,,,,,,,,,,,,
29/12/2024,2357473-1,INSTITUTO NACIONAL DE DEFENSA DE LA COMPETENCIA Y DE LA PROTECCION DE LA PROPIEDAD INTELECTUAL,RESOLUCION,N¯ 0630-2024/SEL-INDECOPI,Declaran barrera burocr†tica ilegal lo dispuesto en el Procedimiento 05 del Texto Ènico de Procedimientos Administrativos de la Universidad Nacional de San Agust°n de Arequipa,https://busquedas.elperuano.pe/dispositivo/NL/2357473-1,31/12/2024,,,,,,,,,,,,,,,,,,,,,,,,,,,,,,,,,,,,,,
29/12/2024,2357475-1,INSTITUTO NACIONAL DE DEFENSA DE LA COMPETENCIA Y DE LA PROTECCION DE LA PROPIEDAD INTELECTUAL,RESOLUCION,N¯ 0676-2024/SEL-INDECOPI,Declaran barrera burocr†tica ilegal lo dispuesto en los Literales a) y c) del art°culo 17 de la Ordenanza Nß 654-MSS de la Municipalidad Distrital de Santiago de Surco,https://busquedas.elperuano.pe/dispositivo/NL/2357475-1,31/12/2024,,,,,,,,,,,,,,,,,,,,,,,,,,,,,,,,,,,,,,
29/12/2024,2357479-1,INSTITUTO NACIONAL DE DEFENSA DE LA COMPETENCIA Y DE LA PROTECCION DE LA PROPIEDAD INTELECTUAL,RESOLUCION,N¯ 0684-2024/SEL-INDECOPI,Declaran barrera burocr†tica ilegal lo dispuesto en el Numeral 4.2 del art°culo 4 de la Resoluci¢n de Consejo Directivo Nß 105-2020-SUNEDU/CD de la Superintendencia Nacional de Educaci¢n Superior Universitaria,https://busquedas.elperuano.pe/dispositivo/NL/2357479-1,31/12/2024,,,,,,,,,,,,,,,,,,,,,,,,,,,,,,,,,,,,,,
29/12/2024,2357490-1,INSTITUTO NACIONAL DE DEFENSA DE LA COMPETENCIA Y DE LA PROTECCION DE LA PROPIEDAD INTELECTUAL,RESOLUCION,N¯ 0689-2024/SEL-INDECOPI,Declaran barreras burocr†ticas ilegales lo dispuesto en el Procedimiento con c¢digo PA64501CBF del Texto Ènico de Procedimientos Administrativos de la Municipalidad Provincial de Huanta aprobado mediante Ordenanza Municipal Nß 061-2022-MPH/CM y en el Art°culo 12 de la Ordenanza Municipal Nß 009-2011-MPH/CM,https://busquedas.elperuano.pe/dispositivo/NL/2357490-1,31/12/2024,,,,,,,,,,,,,,,,,,,,,,,,,,,,,,,,,,,,,,
29/12/2024,2357888-1,ORGANISMO SUPERVISOR DE LAS CONTRATACIONES DEL ESTADO,RESOLUCION,N¯ D000192-2024-OSCE-PRE,Delegan facultades en diversos funcionarios del OSCE durante el A§o Fiscal 2025,https://busquedas.elperuano.pe/dispositivo/NL/2357888-1,31/12/2024,,,,,,,,,,,,,,,,,,,,,,,,,,,,,,,,,,,,,,
29/12/2024,2357867-1,SUPERINTENDENCIA NACIONAL DE ADUANAS Y DE ADMINISTRACI‡N TRIBUTARIA,RESOLUCION,N¯ 000298-2024/SUNAT,Prorrogan la exclusi¢n temporal de las operaciones que se realicen con los productos primarios derivados de la actividad agropecuaria de la aplicaci¢n del RÇgimen de Retenci¢n del Impuesto a la Renta aprobado por Res. N¯ 234-2005/SUNAT,https://busquedas.elperuano.pe/dispositivo/NL/2357867-1,31/12/2024,,,,,,,,,,,,,,,,,,,,,,,,,,,,,,,,,,,,,,
29/12/2024,2357872-1,SUPERINTENDENCIA NACIONAL DE ADUANAS Y DE ADMINISTRACI‡N TRIBUTARIA,RESOLUCION,N¯ 000297-2024/SUNAT,Disponen excepci¢n de la obligaci¢n de efectuar pagos a cuenta y suspensi¢n de la obligaci¢n de efectuar retenciones y/o pagos a cuenta por rentas de cuarta categor°a correspondientes al ejercicio gravable 2025,https://busquedas.elperuano.pe/dispositivo/NL/2357872-1,31/12/2024,,,,,,,,,,,,,,,,,,,,,,,,,,,,,,,,,,,,,,
29/12/2024,2357696-1,CONSEJO EJECUTIVO DEL PODER JUDICIAL,INVESTIGACION,Definitiva N¯ 862-2023-MOQUEGUA,Imponen la medida disciplinaria de destituci¢n a juez del Juzgado de Paz de Segunda Nominaci¢n de la Pampa Inal†mbrica provincia de Ilo Distrito Judicial de Moquegua,https://busquedas.elperuano.pe/dispositivo/NL/2357696-1,31/12/2024,,,,,,,,,,,,,,,,,,,,,,,,,,,,,,,,,,,,,,
29/12/2024,2332989-1,INSTITUCIONES EDUCATIVAS,RESOLUCION,N¯ 2658-2024-R-UNA,Autorizan viaje de docente de la Universidad Nacional del Altiplano - Puno a Ecuador en comisi¢n de servicios,https://busquedas.elperuano.pe/dispositivo/NL/2332989-1,31/12/2024,,,,,,,,,,,,,,,,,,,,,,,,,,,,,,,,,,,,,,
29/12/2024,2357912-1,MINISTERIO PUBLICO,RESOLUCION,N¯ 2918 -2024-MP-FN,Aceptan renuncia de Jefe Nacional del Instituto de Medicina Legal y Ciencias Forense,https://busquedas.elperuano.pe/dispositivo/NL/2357912-1,31/12/2024,,,,,,,,,,,,,,,,,,,,,,,,,,,,,,,,,,,,,,
29/12/2024,2357913-1,MINISTERIO PUBLICO,RESOLUCION,N¯ 2928-2024-MP-FN,Aceptan renuncia de fiscal adjunta provincial provisional del Distrito Fiscal de Lima Noroeste,https://busquedas.elperuano.pe/dispositivo/NL/2357913-1,31/12/2024,,,,,,,,,,,,,,,,,,,,,,,,,,,,,,,,,,,,,,
29/12/2024,2357914-1,MINISTERIO PUBLICO,RESOLUCION,N¯ 2929-2024-MP-FN,Nombran fiscal adjunta provincial provisional del Distrito Fiscal de Lima Noroeste,https://busquedas.elperuano.pe/dispositivo/NL/2357914-1,31/12/2024,,,,,,,,,,,,,,,,,,,,,,,,,,,,,,,,,,,,,,
29/12/2024,2357915-1,MINISTERIO PUBLICO,RESOLUCION,N¯ 2930-2024-MP-FN,Dan por concluido nombramiento de fiscal adjunto provincial provisional transitorio del Distrito Fiscal de Lima Centro,https://busquedas.elperuano.pe/dispositivo/NL/2357915-1,31/12/2024,,,,,,,,,,,,,,,,,,,,,,,,,,,,,,,,,,,,,,
29/12/2024,2357916-1,MINISTERIO PUBLICO,RESOLUCION,N¯ 2931-2024-MP-FN,Nombran y designan fiscales adjuntos en diversas fiscalias especializadas en Delitos de Corrupci¢n de Funcionarios,https://busquedas.elperuano.pe/dispositivo/NL/2357916-1,31/12/2024,,,,,,,,,,,,,,,,,,,,,,,,,,,,,,,,,,,,,,
29/12/2024,2357917-1,MINISTERIO PUBLICO,RESOLUCION,N¯ 2932-2024-MP-FN,Dan por concluido nombramiento de fiscal adjunta provincial provisional en el Distrito Fiscal de Lima Centro,https://busquedas.elperuano.pe/dispositivo/NL/2357917-1,31/12/2024,,,,,,,,,,,,,,,,,,,,,,,,,,,,,,,,,,,,,,
29/12/2024,2357925-1,MINISTERIO PUBLICO,RESOLUCION,N¯ 2940-2024-MP-FN,Designan a la Segunda Fiscal°a Superior Penal de Apelaciones del Cusco para conocer en grado las incidencias procesales provenientes de la Fiscal°a Provincial Especializada en Delitos contra la Criminalidad Organizada del Cusco,https://busquedas.elperuano.pe/dispositivo/NL/2357925-1,31/12/2024,,,,,,,,,,,,,,,,,,,,,,,,,,,,,,,,,,,,,,
29/12/2024,2357926-1,MINISTERIO PUBLICO,RESOLUCION,N¯ 2941-2024-MP-FN,Nombran fiscal adjunto provincial provisional del Distrito Fiscal de Cusco,https://busquedas.elperuano.pe/dispositivo/NL/2357926-1,31/12/2024,,,,,,,,,,,,,,,,,,,,,,,,,,,,,,,,,,,,,,
29/12/2024,2357928-1,MINISTERIO PUBLICO,RESOLUCION,N¯ 2942-2024-MP-FN,Designan fiscales superiores en el despacho de la Segunda Fiscal°a Superior Penal de Huaura y como jefe de la Autoridad Desconcentrada de Control del Distrito Fiscal de Huaura,https://busquedas.elperuano.pe/dispositivo/NL/2357928-1,31/12/2024,,,,,,,,,,,,,,,,,,,,,,,,,,,,,,,,,,,,,,
29/12/2024,2357931-1,MINISTERIO PUBLICO,RESOLUCION,N¯ 2943-2024-MP-FN,Designan fiscales en diversas fiscal°as penales y mixtas corporativas de los Distritos Fiscales de Lambayeque Lima Norte y La Libertad y a fiscal superior en la Segunda Fiscal°a Superior Nacional Especializada en Delitos de Corrupci¢n de Funcionarios,https://busquedas.elperuano.pe/dispositivo/NL/2357931-1,31/12/2024,,,,,,,,,,,,,,,,,,,,,,,,,,,,,,,,,,,,,,
29/12/2024,2357932-1,MINISTERIO PUBLICO,RESOLUCION,N¯ 2944-2024-MP-FN,Designan fiscales en diversas fiscalias penales de los Distritos Fiscales de Arequipa y Lima Este y en fiscal°as de familia del Distrito Fiscal del Callao,https://busquedas.elperuano.pe/dispositivo/NL/2357932-1,31/12/2024,,,,,,,,,,,,,,,,,,,,,,,,,,,,,,,,,,,,,,
29/12/2024,2357934-1,MINISTERIO PUBLICO,RESOLUCION,N¯ 2945-2024-MP-FN,Proclaman Presidentes de las Juntas de Fiscales Superiores en los diferentes Distritos Fiscales a nivel nacional para el per°odo 2025-2026,https://busquedas.elperuano.pe/dispositivo/NL/2357934-1,31/12/2024,,,,,,,,,,,,,,,,,,,,,,,,,,,,,,,,,,,,,,
29/12/2024,2357936-1,MINISTERIO PUBLICO,RESOLUCION,N¯ 2946-2024-MP-FN,Proclaman Presidentes de las Juntas de Fiscales Provinciales en los diferentes Distritos Fiscales a nivel nacional para el per°odo 2025-2026,https://busquedas.elperuano.pe/dispositivo/NL/2357936-1,31/12/2024,,,,,,,,,,,,,,,,,,,,,,,,,,,,,,,,,,,,,,
29/12/2024,2357937-1,MINISTERIO PUBLICO,RESOLUCION,N¯ 2947-2024-MP-FN,Prorrogan las asignaciones de manera temporal de plazas se§aladas en diversas Resoluciones de la Fiscal°a de la Naci¢n,https://busquedas.elperuano.pe/dispositivo/NL/2357937-1,31/12/2024,,,,,,,,,,,,,,,,,,,,,,,,,,,,,,,,,,,,,,
29/12/2024,2357849-1,OFICINA NACIONAL DE PROCESOS ELECTORALES,RESOLUCION JEFATURAL,N¯ 000213-2024-JN/ONPE,Autorizan transferencia financiera a favor de la Contralor°a General de la Rep£blica para financiar la contrataci¢n de sociedad de auditor°a con motivo de la Auditor°a Financiera Gubernamental del Ejercicio Presupuestal de los procesos electorales Elecciones Municipales Complementarias 2023 y Elecciones Municipales Complementarias 2024,https://busquedas.elperuano.pe/dispositivo/NL/2357849-1,31/12/2024,,,,,,,,,,,,,,,,,,,,,,,,,,,,,,,,,,,,,,
29/12/2024,2357856-1,OFICINA NACIONAL DE PROCESOS ELECTORALES,RESOLUCION JEFATURAL,N¯ 000212-2024-JN/ONPE,Aprueban transferencia financiera y otorgamiento mensual de subvenci¢n del financiamiento p£blico directo de enero a junio del a§o 2025 a favor de organizaciones pol°ticas beneficiarias y fijan fecha l°mite de presentaci¢n de rendici¢n de cuentas correspondiente al primer semestre de 2025,https://busquedas.elperuano.pe/dispositivo/NL/2357856-1,31/12/2024,,,,,,,,,,,,,,,,,,,,,,,,,,,,,,,,,,,,,,
29/12/2024,2357663-1,"SUPERINTENDENCIA DE BANCA, SEGUROS Y ADMINISTRADORAS PRIVADAS DE FONDOS DE PENSIONES",RESOLUCION,SBS N¯ 04402-2024,Declaran la disoluci¢n de la Cooperativa de Ahorro y CrÇdito Credinnova y su exclusi¢n del Registro Nacional de Cooperativas de Ahorro y CrÇdito No Autorizadas a Captar Recursos del P£blico,https://busquedas.elperuano.pe/dispositivo/NL/2357663-1,31/12/2024,,,,,,,,,,,,,,,,,,,,,,,,,,,,,,,,,,,,,,
29/12/2024,2354158-1,GOBIERNO REGIONAL DE AMAZONAS,ACUERDO,N¯ 074-2024-GRA/CR-SE.,Aprueban transferencia financiera a favor de la Contralor°a General de la Rep£blica,https://busquedas.elperuano.pe/dispositivo/NL/2354158-1,31/12/2024,,,,,,,,,,,,,,,,,,,,,,,,,,,,,,,,,,,,,,
29/12/2024,2354160-1,GOBIERNO REGIONAL DE AMAZONAS,ACUERDO,N¯ 075-2024-GRA/CR-SE.,Aprueban transferencia financiera a favor de la Contralor°a General de la Rep£blica,https://busquedas.elperuano.pe/dispositivo/NL/2354160-1,31/12/2024,,,,,,,,,,,,,,,,,,,,,,,,,,,,,,,,,,,,,,
29/12/2024,2340797-1,GOBIERNO REGIONAL DE AMAZONAS,RESOLUCION DIRECTORAL,N¯ 000071-2024 G.R.AMAZONAS/GRDE-DREM,Publican relaci¢n de concesiones mineras cuyos t°tulos fueron aprobados el mes anterior,https://busquedas.elperuano.pe/dispositivo/NL/2340797-1,31/12/2024,,,,,,,,,,,,,,,,,,,,,,,,,,,,,,,,,,,,,,
29/12/2024,2353532-1,MUNICIPALIDAD DE BRE•A,Ordenanzas,N¯ 614-MDB,Modifican el art°culo cuarto de la Ordenanza N¯ 587-2023-MDB que conforma el ComitÇ Distrital Multisectorial de Naturaleza Permanente contra la Trata de Personas y el Tr†fico Il°cito de Migrantes en el Distrito de Bre§a,https://epdoc2.elperuano.pe/EpPo/VistaDE.asp?Referencias=MjM1MzUzMi0xMjAyNDEyMjk=,31/12/2024,,,,,,,,,,,,,,,,,,,,,,,,,,,,,,,,,,,,,,
29/12/2024,2357671-1,MUNICIPALIDAD DE COMAS,ORDENANZA,N¯ 710/MDC y Acuerdo N¯ 469,Ordenanza Municipal que aprueba el monto del derecho de emisi¢n mecanizada de actualizaci¢n de valores determinaci¢n del tributo y distribuci¢n domiciliaria del impuesto predial y arbitrios municipales del ejercicio 2025,https://epdoc2.elperuano.pe/EpPo/VistaNLSE.asp?Referencias=MjM1NzY3MS0xMjAyNDEyMjk=,31/12/2024,,,,,,,,,,,,,,,,,,,,,,,,,,,,,,,,,,,,,,
29/12/2024,2357432-1,MUNICIPALIDAD DE INDEPENDENCIA,ORDENANZA,N¯ D000489-2024-AL-MDI y Acuerdo N¯ 509,Ordenanza que aprueba el rÇgimen tributario de los arbitrios municipales de barrido de calles recolecci¢n de residuos s¢lidos parques y jardines y serenazgo para el ejercicio 2025 en el distrito de Independencia,https://epdoc2.elperuano.pe/EpPo/VistaNLSE.asp?Referencias=MjM1NzQzMi0xMjAyNDEyMjk=,31/12/2024,,,,,,,,,,,,,,,,,,,,,,,,,,,,,,,,,,,,,,
29/12/2024,2357979-1,MUNICIPALIDAD DE JESUS MARIA,Ordenanzas,"N¯ 722-MDJM, N¯ 734-MDJM y Acuerdo N¯ 511",Ordenanzas Nß 722-MDJM y N¯ 734-MDJM que aprueban el rÇgimen tributario de los arbitrios de recolecci¢n de residuos s¢lidos barrido de calles parques y jardines y seguridad ciudadana para el ejercicio 2025 en el distrito de Jes£s Mar°a,https://epdoc2.elperuano.pe/EpPo/VistaDE.asp?Referencias=MjM1Nzk3OS0xMjAyNDEyMjk=,31/12/2024,,,,,,,,,,,,,,,,,,,,,,,,,,,,,,,,,,,,,,
29/12/2024,2357956-1,MUNICIPALIDAD DE LURIGANCHO CHOSICA,ORDENANZA,N¯ 359-MDL,Ordenanza que prorroga para el 2025 la Ordenanza N¯ 340-2023-MDL Ordenanza que determina el monto por el servicio de derecho de emisi¢n mecanizada de actualizaci¢n de los valores tributarios determinaci¢n del impuesto predial y arbitrios municipales y la distribuci¢n a domicilio correspondiente para el ejercicio fiscal 2024 en el distrito de Lurigancho Chosica,https://busquedas.elperuano.pe/dispositivo/NL/2357956-1,31/12/2024,,,,,,,,,,,,,,,,,,,,,,,,,,,,,,,,,,,,,,
29/12/2024,2357958-1,MUNICIPALIDAD DE LURIGANCHO CHOSICA,ORDENANZA,N¯ 360-MDL,Ordenanza que fija el calendario tributario incentivos por pronto pago correspondiente al ejercicio 2025,https://busquedas.elperuano.pe/dispositivo/NL/2357958-1,31/12/2024,,,,,,,,,,,,,,,,,,,,,,,,,,,,,,,,,,,,,,
29/12/2024,2357841-1,MUNICIPALIDAD DE MIRAFLORES,RESOLUCION DE ALCALDIA,N¯ 275-2024-A/MM,Disponen la publicaci¢n del proyecto normativo y anexos que modifica el Reglamento para el otorgamiento del distintivo de calidad tur°stica de Miraflores aprobado por el Decreto de Alcald°a N¯ 007-2024 /MM,https://busquedas.elperuano.pe/dispositivo/NL/2357841-1,31/12/2024,,,,,,,,,,,,,,,,,,,,,,,,,,,,,,,,,,,,,,
29/12/2024,2355567-1,MUNICIPALIDAD DE PUENTE PIEDRA,Ordenanzas,N¯ 461-MDPP,Aprueban fechas de vencimiento para el pago del impuesto predial y arbitrios municipales as° como los incentivos por pronto pago del ejercicio 2025 y a§os anteriores,https://epdoc2.elperuano.pe/EpPo/VistaDE.asp?Referencias=MjM1NTU2Ny0xMjAyNDEyMjk=,31/12/2024,,,,,,,,,,,,,,,,,,,,,,,,,,,,,,,,,,,,,,
29/12/2024,2353989-1,MUNICIPALIDAD DE PUNTA NEGRA,ORDENANZA,N¯ 034-2024/MDPN,RÇgimen de Aplicaci¢n de Sanciones Administrativas (RASA) y Cuadro Ènico de Infracciones y Sanciones (CUIS) de la Municipalidad Distrital de Punta Negra,https://epdoc2.elperuano.pe/EpPo/VistaNLSE.asp?Referencias=MjM1Mzk4OS0xMjAyNDEyMjk=,31/12/2024,,,,,,,,,,,,,,,,,,,,,,,,,,,,,,,,,,,,,,
29/12/2024,2355730-1,MUNICIPALIDAD DE PUNTA NEGRA,ORDENANZA,N¯ 029-2024/MDPN y Acuerdo N¯ 489,Ordenanza que aprueba el RÇgimen Tributario de los Arbitrios Municipales de Barrido de Calles Recolecci¢n de Residuos S¢lidos Parques y Jardines y Serenazgo para el ejercicio fiscal 2025 y el Arbitrio de Recolecci¢n de Residuos S¢lidos en Zonas de Playa para el periodo 2025,https://epdoc2.elperuano.pe/EpPo/VistaNLSE.asp?Referencias=MjM1NTczMC0xMjAyNDEyMjk=,31/12/2024,,,,,,,,,,,,,,,,,,,,,,,,,,,,,,,,,,,,,,
29/12/2024,2357952-1,MUNICIPALIDAD DE SAN BORJA,Ordenanzas,N¯ 726-MSB,Ordenanza que autoriza la celebraci¢n de Matrimonio Civil Comunitario,https://epdoc2.elperuano.pe/EpPo/VistaDE.asp?Referencias=MjM1Nzk1Mi0xMjAyNDEyMjk=,31/12/2024,,,,,,,,,,,,,,,,,,,,,,,,,,,,,,,,,,,,,,
29/12/2024,2357699-1,MUNICIPALIDAD DE SAN ISIDRO,ORDENANZA,N¯ 610- MSI,Ordenanza que aprueba el Reglamento de las Juntas Vecinales del distrito de San Isidro,https://busquedas.elperuano.pe/dispositivo/NL/2357699-1,31/12/2024,,,,,,,,,,,,,,,,,,,,,,,,,,,,,,,,,,,,,,
29/12/2024,2357674-1,MUNICIPALIDAD DE SAN JUAN DE LURIGANCHO,Ordenanzas,N¯ 495-MDSJL,Ordenanza que fija el pago m°nimo de impuesto predial fecha de vencimiento para el pago del impuesto predial arbitrios municipales e incentivos tributarios por pronto pago para el ejercicio 2025 y a§os anteriores en el distrito de San Juan de Lurigancho,https://epdoc2.elperuano.pe/EpPo/VistaDE.asp?Referencias=MjM1NzY3NC0xMjAyNDEyMjk=,31/12/2024,,,,,,,,,,,,,,,,,,,,,,,,,,,,,,,,,,,,,,
29/12/2024,2357517-1,MUNICIPALIDAD DE SAN LUIS,ORDENANZA,N¯ 372-MDSL/C y Acuerdo N¯ 510,Ordenanza que aprueba el rÇgimen tributario de los arbitrios municipales de recolecci¢n de residuos s¢lidos barrido de calles parques y jardines y serenazgo para el per°odo 2025 en el distrito de San Luis,https://epdoc2.elperuano.pe/EpPo/VistaNLSE.asp?Referencias=MjM1NzUxNy0xMjAyNDEyMjk=,31/12/2024,,,,,,,,,,,,,,,,,,,,,,,,,,,,,,,,,,,,,,
29/12/2024,2357588-1,MUNICIPALIDAD PROVINCIAL DEL CALLAO,ORDENANZA,N¯ 032-2024/MPC,Ordenanza que aprueba la VII Campa§a de Nomenclatura Vial para el cambio de nomenclatura de la Calle A. Qui§ones del distrito del Callao Provincia Constitucional del Callao,https://busquedas.elperuano.pe/dispositivo/NL/2357588-1,31/12/2024,,,,,,,,,,,,,,,,,,,,,,,,,,,,,,,,,,,,,,
29/12/2024,2350216-1,MUNICIPALIDAD PROVINCIAL DEL SANTA,ORDENANZA,N¯ 015-2024-MPS,Establecen monto del derecho de emisi¢n mecanizada de actualizaci¢n de valores determinaci¢n de tributos y su distribuci¢n a domicilio del Impuesto Predial Impuesto al Patrimonio Vehicular y Arbitrios Municipales del a§o 2025,https://busquedas.elperuano.pe/dispositivo/NL/2350216-1,31/12/2024,,,,,,,,,,,,,,,,,,,,,,,,,,,,,,,,,,,,,,
29/12/2024,2350217-1,MUNICIPALIDAD PROVINCIAL DEL SANTA,ORDENANZA,N¯ 016-2024-MPS,Fijan monto m°nimo del Impuesto Predial e Impuesto al Patrimonio Vehicular y establecen fechas de vencimiento del Impuesto Predial Impuesto al Patrimonio Vehicular y Arbitrios Municipales para el ejercicio 2025,https://busquedas.elperuano.pe/dispositivo/NL/2350217-1,31/12/2024,,,,,,,,,,,,,,,,,,,,,,,,,,,,,,,,,,,,,,
29/12/2024,2357938-1,MUNICIPALIDAD PROVINCIAL DE ISLAY,ORDENANZA,N¯ 548-MPI,Ordenanza que aprueba el RÇgimen Tributario de los Arbitrios Municipales para el ejercicio 2025 en el distrito de Mollendo aplicando el reajuste por el ÷ndice de Precios al Consumidor (IPC) a nivel nacional acumulado a noviembre de 2024,https://busquedas.elperuano.pe/dispositivo/NL/2357938-1,31/12/2024,,,,,,,,,,,,,,,,,,,,,,,,,,,,,,,,,,,,,,
29/12/2024,2357939-1,MUNICIPALIDAD PROVINCIAL DE ISLAY,ORDENANZA,N¯ 549-MPI,Establecen importe m°nimo a pagar por los contribuyentes obligados al pago del Impuesto Predial e Impuesto Vehicular en el ejercicio 2025 en el distrito de Mollendo y otras disposiciones,https://busquedas.elperuano.pe/dispositivo/NL/2357939-1,31/12/2024,,,,,,,,,,,,,,,,,,,,,,,,,,,,,,,,,,,,,,
29/12/2024,2357940-1,MUNICIPALIDAD PROVINCIAL DE ISLAY,ORDENANZA,N¯ 550-MPI,Ordenanza Municipal que actualiza el Plan de Acci¢n Provincial de Seguridad Ciudadana de la Provincia de Islay 2024-2027,https://busquedas.elperuano.pe/dispositivo/NL/2357940-1,31/12/2024,,,,,,,,,,,,,,,,,,,,,,,,,,,,,,,,,,,,,,
29/12/2024,2357962-1,MUNICIPALIDAD PROVINCIAL DE CA•ETE,ORDENANZA,N¯ 026-2024-MPC,Ordenanza que establece el rÇgimen tributario de los arbitrios municipales de recolecci¢n de residuos s¢lidos barrido de calles parques y jardines p£blicos y serenazgo para el ejercicio fiscal 2025 en el distrito de San Vicente de Ca§ete,https://busquedas.elperuano.pe/dispositivo/NL/2357962-1,31/12/2024,,,,,,,,,,,,,,,,,,,,,,,,,,,,,,,,,,,,,,
29/12/2024,2355324-1,MUNICIPALIDAD DE LA PERLA,ORDENANZA,N¯ 11-2024-MDLP y Acuerdo N¯ 103-2024 AC/MPC,Ordenanza Municipal que aprueba el rÇgimen tributario de arbitrios municipales por los servicios p£blicos de barrido de calles recolecci¢n de residuos s¢lidos parques y jardines y serenazgo para el ejercicio 2025 en el Distrito La Perla,https://epdoc2.elperuano.pe/EpPo/VistaNLSE.asp?Referencias=MjM1NTMyNC0xMjAyNDEyMjk=,31/12/2024,,,,,,,,,,,,,,,,,,,,,,,,,,,,,,,,,,,,,,
29/12/2024,2355328-1,MUNICIPALIDAD DE LA PERLA,Ordenanzas,N¯ 12-2024-MDLP y Acuerdo N¯ 104-2024 AC/MPC,Ordenanza Municipal que aprueba la Determinaci¢n del monto por el servicio del derecho de Emisi¢n Mecanizada de actualizaci¢n de valores determinaci¢n del impuesto predial y arbitrios municipales y distribuci¢n a domicilio correspondiente al ejercicio fiscal 2025 en el Distrito de La Perla,https://epdoc2.elperuano.pe/EpPo/VistaDE.asp?Referencias=MjM1NTMyOC0xMjAyNDEyMjk=,31/12/2024,,,,,,,,,,,,,,,,,,,,,,,,,,,,,,,,,,,,,,
28/12/2024,2357883-1,CONGRESO DE LA REPUBLICA,LEY,N¯ 32215,Ley que aprueba la escala remunerativa de los servidores de proyectos especiales creados por el ex Instituto Nacional de Desarrollo (INADE) y otros para mejorar las condiciones laborales de sus servidores,https://busquedas.elperuano.pe/dispositivo/NL/2357883-1,31/12/2024,,,,,,,,,,,,,,,,,,,,,,,,,,,,,,,,,,,,,,
28/12/2024,2357883-2,CONGRESO DE LA REPUBLICA,LEY,N¯ 32216,Ley que deroga el art°culo 28 de la Ley 32103 Ley que aprueba crÇditos suplementarios para el financiamiento de mayores gastos asociados a la reactivaci¢n econ¢mica y dicta otras medidas,https://busquedas.elperuano.pe/dispositivo/NL/2357883-2,31/12/2024,,,,,,,,,,,,,,,,,,,,,,,,,,,,,,,,,,,,,,
28/12/2024,2357886-1,PRESIDENCIA DEL CONSEJO DE MINISTROS,DECRETO SUPREMO,N¯ 148-2024-PCM,Decreto Supremo que aprueba el Modelo de Integridad para fortalecer la capacidad de prevenci¢n y respuesta frente a la corrupci¢n en las entidades del sector p£blico,https://busquedas.elperuano.pe/dispositivo/NL/2357886-1,31/12/2024,,,,,,,,,,,,,,,,,,,,,,,,,,,,,,,,,,,,,,
28/12/2024,2357625-1,PRESIDENCIA DEL CONSEJO DE MINISTROS,RESOLUCION,N¯ 26-2024-PCM/SD,Crean la Mesa TÇcnica para el desarrollo de la provincia de Paruro a cargo de la Secretar°a de Descentralizaci¢n de la Presidencia del Consejo de Ministros,https://busquedas.elperuano.pe/dispositivo/NL/2357625-1,31/12/2024,,,,,,,,,,,,,,,,,,,,,,,,,,,,,,,,,,,,,,
28/12/2024,2357541-1,PRESIDENCIA DEL CONSEJO DE MINISTROS,RESOLUCION MINISTERIAL,N¯ 375-2024-PCM,Modifican la R.M. N¯ 161-2022-PCM a fin de ampliar el per°odo de vigencia de Grupo de Trabajo de naturaleza temporal denominado Mesa TÇcnica para el Desarrollo de la provincia de Condorcanqui del departamento de Amazonas,https://busquedas.elperuano.pe/dispositivo/NL/2357541-1,31/12/2024,,,,,,,,,,,,,,,,,,,,,,,,,,,,,,,,,,,,,,
28/12/2024,2357876-1,PRESIDENCIA DEL CONSEJO DE MINISTROS,RESOLUCION MINISTERIAL,N¯ 376-2024-PCM,Modifican la Resoluci¢n Ministerial N¯ 206-2021-PCM,https://busquedas.elperuano.pe/dispositivo/NL/2357876-1,31/12/2024,,,,,,,,,,,,,,,,,,,,,,,,,,,,,,,,,,,,,,
28/12/2024,2357886-6,PRESIDENCIA DEL CONSEJO DE MINISTROS,RESOLUCION SUPREMA,N¯ 261-2024-PCM,Aceptan renuncia de Jefe del Organismo de Estudios y Dise§o de Proyectos de Inversi¢n - OEDI,https://busquedas.elperuano.pe/dispositivo/NL/2357886-6,31/12/2024,,,,,,,,,,,,,,,,,,,,,,,,,,,,,,,,,,,,,,
28/12/2024,2357886-7,PRESIDENCIA DEL CONSEJO DE MINISTROS,RESOLUCION SUPREMA,N¯ 262-2024-PCM,Designan Jefa del Organismo de Estudios y Dise§o de Proyectos de Inversi¢n - OEDI,https://busquedas.elperuano.pe/dispositivo/NL/2357886-7,31/12/2024,,,,,,,,,,,,,,,,,,,,,,,,,,,,,,,,,,,,,,
28/12/2024,2357886-8,PRESIDENCIA DEL CONSEJO DE MINISTROS,RESOLUCION SUPREMA,N¯ 263-2024-PCM,Otorgan licencia al Ministro de Desarrollo e Inclusi¢n Social y encargan su Despacho al Ministro de la Producci¢n,https://busquedas.elperuano.pe/dispositivo/NL/2357886-8,31/12/2024,,,,,,,,,,,,,,,,,,,,,,,,,,,,,,,,,,,,,,
28/12/2024,2357991-1,AMBIENTE,DECRETO SUPREMO,N¯ 016-2024-MINAM,Decreto Supremo que aprueba el Plan Director de las µreas Naturales Protegidas,https://busquedas.elperuano.pe/dispositivo/NL/2357991-1,31/12/2024,,,,,,,,,,,,,,,,,,,,,,,,,,,,,,,,,,,,,,
28/12/2024,2357731-1,AMBIENTE,RESOLUCION MINISTERIAL,N¯ 00445-2024-MINAM,Delegan facultades y atribuciones en diversos funcionarios/as y servidores/as del Ministerio del Ambiente durante el A§o Fiscal 2025,https://busquedas.elperuano.pe/dispositivo/NL/2357731-1,31/12/2024,,,,,,,,,,,,,,,,,,,,,,,,,,,,,,,,,,,,,,
28/12/2024,2357884-9,COMERCIO EXTERIOR Y TURISMO,DECRETO SUPREMO,N¯ 006-2024-MINCETUR,Decreto Supremo que establece disposiciones para la operaci¢n del Observatorio Log°stico de Comercio Exterior,https://busquedas.elperuano.pe/dispositivo/NL/2357884-9,31/12/2024,,,,,,,,,,,,,,,,,,,,,,,,,,,,,,,,,,,,,,
28/12/2024,2357742-1,COMERCIO EXTERIOR Y TURISMO,RESOLUCION MINISTERIAL,N¯ 384-2024-MINCETUR,Delegan a la C†mara de Comercio Producci¢n y Turismo de San Mart°n ? Tarapoto la facultad de emisi¢n de certificados de origen de las mercanc°as producidas en el departamento de San Mart°n,https://busquedas.elperuano.pe/dispositivo/NL/2357742-1,31/12/2024,,,,,,,,,,,,,,,,,,,,,,,,,,,,,,,,,,,,,,
28/12/2024,2357884-8,CULTURA,DECRETO SUPREMO,N¯ 008-2024-MC,Decreto Supremo que modifica el Reglamento de la Ley N¯ 28296 Ley General del Patrimonio Cultural de la Naci¢n aprobado por el Decreto Supremo N¯ 011-2006-ED,https://busquedas.elperuano.pe/dispositivo/NL/2357884-8,31/12/2024,,,,,,,,,,,,,,,,,,,,,,,,,,,,,,,,,,,,,,
28/12/2024,2357217-1,CULTURA,RESOLUCION VICE MINISTERIAL,N¯ 000351-2024-VMPCIC/MC,Declaran Patrimonio Cultural de la Naci¢n a la m£sica y danza qhasway del distrito de Santa Rosa de la provincia de Melgar del departamento de Puno,https://busquedas.elperuano.pe/dispositivo/NL/2357217-1,31/12/2024,,,,,,,,,,,,,,,,,,,,,,,,,,,,,,,,,,,,,,
28/12/2024,2357688-1,DESARROLLO AGRARIO Y RIEGO,RESOLUCION JEFATURAL,N¯ 238-2024-INIA,Autorizan la segunda transferencia Financiera del Pliego 163: Instituto Nacional de Innovaci¢n Agraria a favor del Pliego 019: Contralor°a General de la Rep£blica,https://busquedas.elperuano.pe/dispositivo/NL/2357688-1,31/12/2024,,,,,,,,,,,,,,,,,,,,,,,,,,,,,,,,,,,,,,
28/12/2024,2357702-1,DESARROLLO AGRARIO Y RIEGO,RESOLUCION DIRECTORAL,N¯ 379-2024-MIDAGRI-DVDAFIR-AGRO RURAL-DE,Designan Jefe de la Sub Unidad de Tecnolog°as de la Informaci¢n de la Unidad de Administraci¢n del Programa de Desarrollo Productivo Agrario Rural ? AGRO RURAL,https://busquedas.elperuano.pe/dispositivo/NL/2357702-1,31/12/2024,,,,,,,,,,,,,,,,,,,,,,,,,,,,,,,,,,,,,,
28/12/2024,2357738-1,DESARROLLO AGRARIO Y RIEGO,RESOLUCION MINISTERIAL,N¯ 0425-2024-MIDAGRI,Aprueban el Manual de Operaciones del Proyecto Especial de Desarrollo del Valle de los R°os Apur°mac Ene y Mantaro - PROVRAEM,https://busquedas.elperuano.pe/dispositivo/NL/2357738-1,31/12/2024,,,,,,,,,,,,,,,,,,,,,,,,,,,,,,,,,,,,,,
28/12/2024,2357862-1,DESARROLLO AGRARIO Y RIEGO,RESOLUCION MINISTERIAL,N¯ 0426-2024-MIDAGRI,Aprueban dos (02) Fichas de Homologaci¢n denominadas: Malla ganadera de 120 m de alto x 100 m de largo de alambre galvanizado recubrimiento aleaci¢n 90% zinc + 10% aluminio ? 160 g/m2- liviana y Malla ganadera de 090 m de alto x 100 m de largo de alambre galvanizado recubrimiento aleaci¢n 90% zinc + 10% aluminio ? 160 g/m2- liviana,https://busquedas.elperuano.pe/dispositivo/NL/2357862-1,31/12/2024,,,,,,,,,,,,,,,,,,,,,,,,,,,,,,,,,,,,,,
28/12/2024,2357886-5,ECONOMIA Y FINANZAS,DECRETO SUPREMO,N¯ 289-2024-EF,Modifican el Reglamento del Decreto Legislativo N¯ 1183 Decreto Legislativo que aprueba la Ley que establece las competencias para la implementaci¢n y gesti¢n de los Centros de Atenci¢n en Frontera,https://busquedas.elperuano.pe/dispositivo/NL/2357886-5,31/12/2024,,,,,,,,,,,,,,,,,,,,,,,,,,,,,,,,,,,,,,
28/12/2024,2357989-1,ECONOMIA Y FINANZAS,DECRETO SUPREMO,N¯ 290-2024-EF,Decreto Supremo que autoriza Transferencias de Partidas en el Presupuesto del Sector P£blico para el A§o Fiscal 2024 a favor de la Reserva de Contingencia y del Ministerio del Interior,https://busquedas.elperuano.pe/dispositivo/NL/2357989-1,31/12/2024,,,,,,,,,,,,,,,,,,,,,,,,,,,,,,,,,,,,,,
28/12/2024,2357989-2,ECONOMIA Y FINANZAS,DECRETO SUPREMO,N¯ 291-2024-EF,Decreto Supremo que autoriza CrÇdito Suplementario en el Presupuesto del Sector P£blico para el A§o Fiscal 2024 a favor del Ministerio de Defensa,https://busquedas.elperuano.pe/dispositivo/NL/2357989-2,31/12/2024,,,,,,,,,,,,,,,,,,,,,,,,,,,,,,,,,,,,,,
28/12/2024,2357494-1,ECONOMIA Y FINANZAS,RESOLUCION DIRECTORAL,N¯ 0042-2024-EF/50.01,Resoluci¢n Directoral que establece la Programaci¢n de Compromisos Anual (PCA) para el A§o Fiscal 2025 y dispone otra medida,https://busquedas.elperuano.pe/dispositivo/NL/2357494-1,31/12/2024,,,,,,,,,,,,,,,,,,,,,,,,,,,,,,,,,,,,,,
28/12/2024,2357771-1,ECONOMIA Y FINANZAS,RESOLUCION DIRECTORAL,N¯ 1023-2024-EF/49.01,Encargan el puesto de Directora de la Direcci¢n General del Tesoro P£blico,https://busquedas.elperuano.pe/dispositivo/NL/2357771-1,31/12/2024,,,,,,,,,,,,,,,,,,,,,,,,,,,,,,,,,,,,,,
28/12/2024,2357489-1,ECONOMIA Y FINANZAS,RESOLUCION MINISTERIAL,N¯ 405-2024-EF/10,Delegan facultades y atribuciones en diversos funcionarios del Ministerio durante el a§o 2025,https://busquedas.elperuano.pe/dispositivo/NL/2357489-1,31/12/2024,,,,,,,,,,,,,,,,,,,,,,,,,,,,,,,,,,,,,,
28/12/2024,2357774-1,ECONOMIA Y FINANZAS,RESOLUCION MINISTERIAL,N¯ 408-2024-EF/49,Designan Asesora de Gabinete de Asesores del Despacho Ministerial,https://busquedas.elperuano.pe/dispositivo/NL/2357774-1,31/12/2024,,,,,,,,,,,,,,,,,,,,,,,,,,,,,,,,,,,,,,
28/12/2024,2357736-1,EDUCACION,RESOLUCION MINISTERIAL,N¯ 647-2024-MINEDU,Aprueban cuatro (4) Fichas de Homologaci¢n denominadas: Caj¢n musical de 250 mm x 240 mm x 320 mm de madera contrachapada Pandereta de madera Tambor para ni§os y ni§as y Xil¢fono para ni§os y ni§as,https://busquedas.elperuano.pe/dispositivo/NL/2357736-1,31/12/2024,,,,,,,,,,,,,,,,,,,,,,,,,,,,,,,,,,,,,,
28/12/2024,2357741-1,EDUCACION,RESOLUCION MINISTERIAL,N¯ 649-2024-MINEDU,Autorizan viaje de servidora del Ministerio a Chile en comisi¢n de servicios,https://busquedas.elperuano.pe/dispositivo/NL/2357741-1,31/12/2024,,,,,,,,,,,,,,,,,,,,,,,,,,,,,,,,,,,,,,
28/12/2024,2357630-1,EDUCACION,RESOLUCION VICE MINISTERIAL,N¯ 154-2024-MINEDU,Aprueban las Bases para el Desarrollo del Proceso Ènico de Admisi¢n 2025 a los Colegios de Alto Rendimiento,https://busquedas.elperuano.pe/dispositivo/NL/2357630-1,31/12/2024,,,,,,,,,,,,,,,,,,,,,,,,,,,,,,,,,,,,,,
28/12/2024,2357533-1,ENERGIA Y MINAS,RESOLUCION MINISTERIAL,N¯ 481-2024-MINEM/DM,Aprueban el Plan Operativo Institucional (POI) Anual 2025 del Ministerio de Energ°a y Minas consistente con el Presupuesto Institucional de Apertura (PIA) 2025,https://busquedas.elperuano.pe/dispositivo/NL/2357533-1,31/12/2024,,,,,,,,,,,,,,,,,,,,,,,,,,,,,,,,,,,,,,
28/12/2024,2357881-1,INTERIOR,FE DE ERRATA,R.S. N¯ 225-2024-IN,FE DE ERRATA,https://busquedas.elperuano.pe/dispositivo/NL/2357881-1,31/12/2024,,,,,,,,,,,,,,,,,,,,,,,,,,,,,,,,,,,,,,
28/12/2024,2357505-1,INTERIOR,RESOLUCION DIRECTORAL,N¯ 363-2024-IN-VOI-DGIN,Designan Subprefectos(as) Distritales en diversas Regiones,https://busquedas.elperuano.pe/dispositivo/NL/2357505-1,31/12/2024,,,,,,,,,,,,,,,,,,,,,,,,,,,,,,,,,,,,,,
28/12/2024,2357516-1,INTERIOR,RESOLUCION DIRECTORAL,N¯ 364-2024-IN-VOI-DGIN,Designan Subprefectos(as) Provinciales y Distritales en las regiones de Cajamarca y Loreto,https://busquedas.elperuano.pe/dispositivo/NL/2357516-1,31/12/2024,,,,,,,,,,,,,,,,,,,,,,,,,,,,,,,,,,,,,,
28/12/2024,2357525-1,INTERIOR,RESOLUCION DIRECTORAL,N¯ 365-2024-IN-VOI-DGIN,Designan Subprefectos(as) Distritales en diversas Regiones,https://busquedas.elperuano.pe/dispositivo/NL/2357525-1,31/12/2024,,,,,,,,,,,,,,,,,,,,,,,,,,,,,,,,,,,,,,
28/12/2024,2357692-1,INTERIOR,RESOLUCION MINISTERIAL,N¯ 1881-2024-IN,Designan Director de la Direcci¢n Contra Delitos de Crimen Organizado de la Direcci¢n General Contra el Crimen Organizado del Despacho Viceministerial de Orden Interno,https://busquedas.elperuano.pe/dispositivo/NL/2357692-1,31/12/2024,,,,,,,,,,,,,,,,,,,,,,,,,,,,,,,,,,,,,,
28/12/2024,2357969-1,INTERIOR,RESOLUCION MINISTERIAL,N¯ 1876-2024-IN,Aprueban el Plan Operativo Institucional (POI) 2025 del Ministerio del Interior,https://busquedas.elperuano.pe/dispositivo/NL/2357969-1,31/12/2024,,,,,,,,,,,,,,,,,,,,,,,,,,,,,,,,,,,,,,
28/12/2024,2357529-1,JUSTICIA Y DERECHOS HUMANOS,RESOLUCION MINISTERIAL,N¯ 0330-2024-JUS,Aprueban el Plan Operativo Institucional (POI) Anual 2024 Actualizado - Versi¢n 2 del Ministerio de Justicia y Derechos Humanos,https://busquedas.elperuano.pe/dispositivo/NL/2357529-1,31/12/2024,,,,,,,,,,,,,,,,,,,,,,,,,,,,,,,,,,,,,,
28/12/2024,2357919-1,JUSTICIA Y DERECHOS HUMANOS,RESOLUCION MINISTERIAL,N¯ 0332-2024-JUS,Aprueban el TrigÇsimo Noveno Listado de Personas Beneficiarias civiles militares y policiales del Programa de Reparaciones Econ¢micas (PRE),https://busquedas.elperuano.pe/dispositivo/NL/2357919-1,31/12/2024,,,,,,,,,,,,,,,,,,,,,,,,,,,,,,,,,,,,,,
28/12/2024,2357922-1,JUSTICIA Y DERECHOS HUMANOS,RESOLUCION MINISTERIAL,N¯ 0333-2024-JUS,Modifican el Presupuesto Institucional del Ministerio de Justicia y Derechos Humanos para el A§o Fiscal 2024,https://busquedas.elperuano.pe/dispositivo/NL/2357922-1,31/12/2024,,,,,,,,,,,,,,,,,,,,,,,,,,,,,,,,,,,,,,
28/12/2024,2357983-1,JUSTICIA Y DERECHOS HUMANOS,RESOLUCION MINISTERIAL,N¯ 0339-2024-JUS,Modifican el Presupuesto Institucional del Ministerio de Justicia y Derechos Humanos para el A§o Fiscal 2024,https://busquedas.elperuano.pe/dispositivo/NL/2357983-1,31/12/2024,,,,,,,,,,,,,,,,,,,,,,,,,,,,,,,,,,,,,,
28/12/2024,2357522-1,MUJER Y POBLACIONES VULNERABLES,RESOLUCION MINISTERIAL,N¯ 384-2024-MIMP,Derogan la Resoluci¢n Ministerial N¯ 225-2024-MIMP que aprueba la intervenci¢n Prevenir para proteger - Ni§as ni§os y adolescentes libres de violencia sexual,https://busquedas.elperuano.pe/dispositivo/NL/2357522-1,31/12/2024,,,,,,,,,,,,,,,,,,,,,,,,,,,,,,,,,,,,,,
28/12/2024,2357613-1,PRODUCE,RESOLUCION MINISTERIAL,N¯ 000500-2024-PRODUCE,Autorizan al Instituto del Mar del Per£ - IMARPE la realizaci¢n de la pesca exploratoria del recurso concha de abanico en la zona del Callao,https://busquedas.elperuano.pe/dispositivo/NL/2357613-1,31/12/2024,,,,,,,,,,,,,,,,,,,,,,,,,,,,,,,,,,,,,,
28/12/2024,2357615-1,PRODUCE,RESOLUCION MINISTERIAL,N¯ 000503-2024-PRODUCE,Designan Asesor II de la Secretar°a General del Ministerio,https://busquedas.elperuano.pe/dispositivo/NL/2357615-1,31/12/2024,,,,,,,,,,,,,,,,,,,,,,,,,,,,,,,,,,,,,,
28/12/2024,2357618-1,PRODUCE,RESOLUCION MINISTERIAL,N¯ 000505-2024-PRODUCE,Disponen la publicaci¢n del proyecto de Decreto Supremo que modifica el Reglamento de la Ley General de Acuicultura aprobado por Decreto Supremo N¯ 003-2016-PRODUCE y el Reglamento de Fiscalizaci¢n y Sanci¢n de las Actividades Pesqueras y Acu°colas aprobado por Decreto Supremo N¯ 017-2017-PRODUCE,https://busquedas.elperuano.pe/dispositivo/NL/2357618-1,31/12/2024,,,,,,,,,,,,,,,,,,,,,,,,,,,,,,,,,,,,,,
28/12/2024,2357619-1,PRODUCE,RESOLUCION MINISTERIAL,N¯ 000502-2024-PRODUCE,Disponen la publicaci¢n del proyecto de Resoluci¢n Ministerial que tiene por objeto aprobar las disposiciones para facilitar la aplicaci¢n y elaboraci¢n del Informe TÇcnico Sustentatorio y su contenido m°nimo as° como la comunicaci¢n previa respecto de acciones que no requieren modificaci¢n respecto de la industria manufacturera y comercio interno,https://busquedas.elperuano.pe/dispositivo/NL/2357619-1,31/12/2024,,,,,,,,,,,,,,,,,,,,,,,,,,,,,,,,,,,,,,
28/12/2024,2357621-1,PRODUCE,RESOLUCION MINISTERIAL,N¯ 000504-2024-PRODUCE,Aprueban el Plan Operativo Institucional (POI) Anual 2025 del Ministerio de la Producci¢n (Ajustado al PIA),https://busquedas.elperuano.pe/dispositivo/NL/2357621-1,31/12/2024,,,,,,,,,,,,,,,,,,,,,,,,,,,,,,,,,,,,,,
28/12/2024,2357884-3,RELACIONES EXTERIORES,DECRETO SUPREMO,N¯ 063-2024-RE,Decreto Supremo que autoriza a la Autoridad de Transporte Urbano para Lima y Callao a efectuar el pago de la cuota internacional no contemplada en el Anexo B: Cuotas Internacionales para el A§o Fiscal 2024 de la Ley N¯ 31953 Ley de Presupuesto del Sector P£blico para el A§o Fiscal 2024,https://busquedas.elperuano.pe/dispositivo/NL/2357884-3,31/12/2024,,,,,,,,,,,,,,,,,,,,,,,,,,,,,,,,,,,,,,
28/12/2024,2357884-4,RELACIONES EXTERIORES,DECRETO SUPREMO,N¯ 064-2024-RE,Decreto Supremo que autoriza el pago de la cuota internacional no contemplada en el Anexo B: Cuotas Internacionales para el A§o Fiscal 2024 de la Ley N¯ 31953 Ley de Presupuesto del Sector P£blico para el A§o Fiscal 2024,https://busquedas.elperuano.pe/dispositivo/NL/2357884-4,31/12/2024,,,,,,,,,,,,,,,,,,,,,,,,,,,,,,,,,,,,,,
28/12/2024,2357884-5,RELACIONES EXTERIORES,DECRETO SUPREMO,N¯ 065-2024-RE,Decreto Supremo que autoriza al Registro Nacional de Identificaci¢n y Estado Civil a efectuar el pago de cuotas internacionales no contempladas en el Anexo B: Cuotas Internacionales para el A§o Fiscal 2024 de la Ley N¯ 31953 Ley de Presupuesto del Sector P£blico para el A§o Fiscal 2024,https://busquedas.elperuano.pe/dispositivo/NL/2357884-5,31/12/2024,,,,,,,,,,,,,,,,,,,,,,,,,,,,,,,,,,,,,,
28/12/2024,2357884-6,RELACIONES EXTERIORES,DECRETO SUPREMO,N¯ 066-2024-RE,"Decreto Supremo que autoriza el pago de una cuota internacional no contemplada en el Anexo B: Cuotas lnternacionales para el A§o Fiscal 2024 de la Ley N¯ 31953 Ley de Presupuesto del Sector
P£blico para el A§o Fiscal 2024",https://busquedas.elperuano.pe/dispositivo/NL/2357884-6,31/12/2024,,,,,,,,,,,,,,,,,,,,,,,,,,,,,,,,,,,,,,
28/12/2024,2357884-7,RELACIONES EXTERIORES,DECRETO SUPREMO,N¯ 067-2024-RE,Decreto Supremo que autoriza a la Autoridad Nacional del Agua a efectuar el pago de cuotas internacionales no contempladas en el Anexo B: Cuotas Internacionales para el A§o Fiscal 2024 de la Ley Nß 31953 Ley de Presupuesto del Sector P£blico para el A§o Fiscal 2024,https://busquedas.elperuano.pe/dispositivo/NL/2357884-7,31/12/2024,,,,,,,,,,,,,,,,,,,,,,,,,,,,,,,,,,,,,,
28/12/2024,2357886-3,RELACIONES EXTERIORES,DECRETO SUPREMO,N¯ 068-2024-RE,Decreto Supremo que modifica el Anexo B: Cuotas Internacionales para A§o Fiscal 2024 de la Ley N¯ 31953 Ley de Presupuesto del Sector P£blico para el A§o Fiscal 2024,https://busquedas.elperuano.pe/dispositivo/NL/2357886-3,31/12/2024,,,,,,,,,,,,,,,,,,,,,,,,,,,,,,,,,,,,,,
28/12/2024,2357886-4,RELACIONES EXTERIORES,DECRETO SUPREMO,N¯ 069-2024-RE,Decreto Supremo que modifica el Anexo B: Cuotas Internacionales para el A§o Fiscal 2024 de la Ley N¯ 31953 Ley de Presupuesto del Sector P£blico para el A§o Fiscal 2024,https://busquedas.elperuano.pe/dispositivo/NL/2357886-4,31/12/2024,,,,,,,,,,,,,,,,,,,,,,,,,,,,,,,,,,,,,,
28/12/2024,2357199-1,RELACIONES EXTERIORES,RESOLUCION MINISTERIAL,N¯ 0979-2024-RE,Nombran Director de la Oficina Desconcentrada del Ministerio de Relaciones Exteriores en la ciudad de Cusco departamento de Cusco,https://busquedas.elperuano.pe/dispositivo/NL/2357199-1,31/12/2024,,,,,,,,,,,,,,,,,,,,,,,,,,,,,,,,,,,,,,
28/12/2024,2357414-1,SALUD,RESOLUCION MINISTERIAL,N¯ 903-2024/MINSA,Aprueban el Documento TÇcnico: Plan de preparaci¢n y respuesta ante el riesgo de introducci¢n y propagaci¢n del nuevo clado de viruela s°mica (MPOX) en el Per£,https://busquedas.elperuano.pe/dispositivo/NL/2357414-1,31/12/2024,,,,,,,,,,,,,,,,,,,,,,,,,,,,,,,,,,,,,,
28/12/2024,2357759-1,SALUD,RESOLUCION MINISTERIAL,N¯ 905-2024/MINSA,Modifican el art°culo 1 de la Resoluci¢n Ministerial N¯ 1976-2002-SA/DM que constituye la Comisi¢n Sectorial de Transferencia del Ministerio de Salud,https://busquedas.elperuano.pe/dispositivo/NL/2357759-1,31/12/2024,,,,,,,,,,,,,,,,,,,,,,,,,,,,,,,,,,,,,,
28/12/2024,2357845-1,SALUD,RESOLUCION MINISTERIAL,N¯ 921-2024/MINSA,Aprueban diversas Fichas de Homologaci¢n y disponen su remisi¢n a la Central de Compras P£blicas,https://busquedas.elperuano.pe/dispositivo/NL/2357845-1,31/12/2024,,,,,,,,,,,,,,,,,,,,,,,,,,,,,,,,,,,,,,
28/12/2024,2357854-1,SALUD,RESOLUCION MINISTERIAL,N¯ 922-2024/MINSA,Aprueban la NTS Nß 222 -MINSA/DGIESP?2024 Norma TÇcnica de Salud para la Atenci¢n Integral de Pacientes con Zika en el Per£,https://busquedas.elperuano.pe/dispositivo/NL/2357854-1,31/12/2024,,,,,,,,,,,,,,,,,,,,,,,,,,,,,,,,,,,,,,
28/12/2024,2357855-1,SALUD,RESOLUCION MINISTERIAL,N¯ 923-2024/MINSA,Aprueban la Gu°a TÇcnica para elaboraci¢n del Plan de Desarrollo de las Personas del Sector Salud,https://busquedas.elperuano.pe/dispositivo/NL/2357855-1,31/12/2024,,,,,,,,,,,,,,,,,,,,,,,,,,,,,,,,,,,,,,
28/12/2024,2357992-1,SALUD,RESOLUCION MINISTERIAL,N¯ 935-2024/MINSA,Autorizan Transferencia Financiera a favor de la Organizaci¢n Panamericana de la Salud (OPS/OMS),https://busquedas.elperuano.pe/dispositivo/NL/2357992-1,31/12/2024,,,,,,,,,,,,,,,,,,,,,,,,,,,,,,,,,,,,,,
28/12/2024,2357884-10,TRABAJO Y PROMOCION DEL EMPLEO,DECRETO SUPREMO,N¯ 006-2024-TR,Decreto Supremo que incrementa la Remuneraci¢n M°nima Vital de los trabajadores sujetos al rÇgimen laboral de la actividad privada,https://busquedas.elperuano.pe/dispositivo/NL/2357884-10,31/12/2024,,,,,,,,,,,,,,,,,,,,,,,,,,,,,,,,,,,,,,
28/12/2024,2357884-1,TRANSPORTES Y COMUNICACIONES,DECRETO SUPREMO,N¯ 025-2024-MTC,Decreto Supremo que establece el cronograma de implementaci¢n del circuito o infraestructura cerrada a la circulaci¢n vial y otras disposiciones,https://busquedas.elperuano.pe/dispositivo/NL/2357884-1,31/12/2024,,,,,,,,,,,,,,,,,,,,,,,,,,,,,,,,,,,,,,
28/12/2024,2357884-2,TRANSPORTES Y COMUNICACIONES,DECRETO SUPREMO,N¯ 026-2024-MTC,Decreto Supremo que modifica el Decreto Supremo N¯ 020-2021-MTC que aprueba la tabla de valores referenciales actualizada para la aplicaci¢n del Sistema de Pago de Obligaciones Tributarias en el servicio de transporte de bienes realizado por v°a terrestre,https://busquedas.elperuano.pe/dispositivo/NL/2357884-2,31/12/2024,,,,,,,,,,,,,,,,,,,,,,,,,,,,,,,,,,,,,,
28/12/2024,2357886-2,TRANSPORTES Y COMUNICACIONES,DECRETO SUPREMO,N¯ 027-2024-MTC,Decreto Supremo que aprueba el Plan Nacional de Desarrollo Portuario,https://busquedas.elperuano.pe/dispositivo/NL/2357886-2,31/12/2024,,,,,,,,,,,,,,,,,,,,,,,,,,,,,,,,,,,,,,
28/12/2024,2357852-1,TRANSPORTES Y COMUNICACIONES,RESOLUCION MINISTERIAL,N¯ 788-2024-MTC/01.03,Aprueban ejecuci¢n de expropiaci¢n de †rea afectada de un inmueble para la ejecuci¢n del proyecto: Red Dorsal Nacional de Fibra ‡ptica: Cobertura Universal Norte Cobertura Universal Sur y Cobertura Universal Centro,https://busquedas.elperuano.pe/dispositivo/NL/2357852-1,31/12/2024,,,,,,,,,,,,,,,,,,,,,,,,,,,,,,,,,,,,,,
28/12/2024,2357887-1,TRANSPORTES Y COMUNICACIONES,RESOLUCION MINISTERIAL,N¯ 787-2024-MTC/01,Aprueban la Directiva General N¯ 004 -2024-MTC/04 Procedimiento que regula la gesti¢n documental en el Ministerio de Transportes y Comunicaciones,https://busquedas.elperuano.pe/dispositivo/NL/2357887-1,31/12/2024,,,,,,,,,,,,,,,,,,,,,,,,,,,,,,,,,,,,,,
28/12/2024,2357286-1,TRANSPORTES Y COMUNICACIONES,RESOLUCION VICE MINISTERIAL,N¯ 0154-2024-MTC/03,Modifican la Resoluci¢n Viceministerial N¯ 175-2004-MTC/03 que aprueba los Planes de Canalizaci¢n y Asignaci¢n de Frecuencias del Servicio de Radiodifusi¢n por Televisi¢n en UHF para distintas localidades del departamento de Ica,https://busquedas.elperuano.pe/dispositivo/NL/2357286-1,31/12/2024,,,,,,,,,,,,,,,,,,,,,,,,,,,,,,,,,,,,,,
28/12/2024,2357878-1,"VIVIENDA, CONSTRUCCI‡N Y SANEAMIENTO",RESOLUCION MINISTERIAL,N¯ 478-2024-VIVIENDA,Modifican la denominaci¢n de las disposiciones y plazos aprobados mediante R.M. N¯ 221-2021-VIVIENDA por la de Disposiciones y plazos para la elecci¢n designaci¢n y conclusi¢n de directores de las Empresas Prestadoras de Servicios de Agua Potable y Saneamiento P£blicas de Accionariado Municipal y dictan otras disposiciones,https://busquedas.elperuano.pe/dispositivo/NL/2357878-1,31/12/2024,,,,,,,,,,,,,,,,,,,,,,,,,,,,,,,,,,,,,,
28/12/2024,2357705-1,BIBLIOTECA NACIONAL DEL PERU,RESOLUCION JEFATURAL,N¯ 000213-2024-BNP,Autorizan transferencia financiera a favor de la Contralor°a General de la Rep£blica,https://busquedas.elperuano.pe/dispositivo/NL/2357705-1,31/12/2024,,,,,,,,,,,,,,,,,,,,,,,,,,,,,,,,,,,,,,
28/12/2024,2357728-1,INSTITUTO NACIONAL DE RADIO Y TELEVISI‡N DEL PERÈ,RESOLUCION,N¯ 000102-2024-IRTP-PE,Aprueban el Plan Operativo Institucional (POI) Anual 2025 consistente con el Presupuesto Institucional de Apertura (PIA) 2025 del Instituto Nacional de Radio y Televisi¢n del Per£ ? IRTP,https://busquedas.elperuano.pe/dispositivo/NL/2357728-1,31/12/2024,,,,,,,,,,,,,,,,,,,,,,,,,,,,,,,,,,,,,,
28/12/2024,2357875-1,SEGURO INTEGRAL DE SALUD,RESOLUCION JEFATURAL,N¯ 000205-2024-SIS/J,Aprueban el Plan Operativo Institucional - POI Anual Consistente con el Presupuesto Institucional de Apertura ? PIA 2025 del Seguro Integral de Salud,https://busquedas.elperuano.pe/dispositivo/NL/2357875-1,31/12/2024,,,,,,,,,,,,,,,,,,,,,,,,,,,,,,,,,,,,,,
28/12/2024,2357445-1,ORGANISMO SUPERVISOR DE LA INVERSI‡N EN ENERG÷A Y MINER÷A,RESOLUCION,N¯ 123-2024-OS/PRES,Aprueban medidas de austeridad disciplina y calidad en el gasto p£blico de Osinergmin para el ejercicio fiscal 2025,https://busquedas.elperuano.pe/dispositivo/NL/2357445-1,31/12/2024,,,,,,,,,,,,,,,,,,,,,,,,,,,,,,,,,,,,,,
28/12/2024,2357134-1,ORGANISMO SUPERVISOR DE INVERSION PRIVADA EN TELECOMUNICACIONES,RESOLUCION,N¯ 00091-2024-PE/OSIPTEL,Delegan en el Director de Planeamiento Presupuesto y Modernizaci¢n del OSIPTEL durante el Ejercicio Fiscal 2025 la facultad de aprobar las modificaciones presupuestales en el nivel funcional program†tico,https://busquedas.elperuano.pe/dispositivo/NL/2357134-1,31/12/2024,,,,,,,,,,,,,,,,,,,,,,,,,,,,,,,,,,,,,,
28/12/2024,2357135-1,ORGANISMO SUPERVISOR DE INVERSION PRIVADA EN TELECOMUNICACIONES,RESOLUCION,N¯ 00235-2024-CD/OSIPTEL,Aprueban los Principios Metodol¢gicos Generales para la estimaci¢n del Factor de Productividad contenidos en el Informe Nß 251-DPRC/2024,https://busquedas.elperuano.pe/dispositivo/NL/2357135-1,31/12/2024,,,,,,,,,,,,,,,,,,,,,,,,,,,,,,,,,,,,,,
28/12/2024,2357302-1,SUPERINTENDENCIA NACIONAL DE SERVICIOS DE SANEAMIENTO,RESOLUCION,N¯ 00080-2024-SUNASS-CD,Aprueban f¢rmula tarifaria estructura tarifaria y metas de gesti¢n as° como los costos m†ximos de las unidades de medida de las actividades requeridas para determinar el precio de los servicios colaterales que se aplican a EPS BARRANCA S.A. para el periodo regulatorio 2025-2028,https://busquedas.elperuano.pe/dispositivo/NL/2357302-1,31/12/2024,,,,,,,,,,,,,,,,,,,,,,,,,,,,,,,,,,,,,,
28/12/2024,2357305-1,SUPERINTENDENCIA NACIONAL DE SERVICIOS DE SANEAMIENTO,RESOLUCION,N¯ 00081-2024-SUNASS-CD,Aprueban f¢rmula tarifaria estructura tarifaria y metas de gesti¢n as° como los costos m†ximos de las unidades de medida de las actividades requeridas para determinar el precio de los servicios colaterales que se aplican a EPS SEDACAJ S.A. para el periodo regulatorio 2025-2029,https://busquedas.elperuano.pe/dispositivo/NL/2357305-1,31/12/2024,,,,,,,,,,,,,,,,,,,,,,,,,,,,,,,,,,,,,,
28/12/2024,2357307-1,SUPERINTENDENCIA NACIONAL DE SERVICIOS DE SANEAMIENTO,RESOLUCION,N¯ 00083-2024-SUNASS-CD,Aprueban f¢rmula tarifaria estructura tarifaria y metas de gesti¢n as° como los costos m†ximos de las unidades de medida de las actividades requeridas para determinar el precio de los servicios colaterales que se aplican a EPS Aguas de Lima Norte S.A. para el periodo regulatorio 2025-2029,https://busquedas.elperuano.pe/dispositivo/NL/2357307-1,31/12/2024,,,,,,,,,,,,,,,,,,,,,,,,,,,,,,,,,,,,,,
28/12/2024,2357310-1,SUPERINTENDENCIA NACIONAL DE SERVICIOS DE SANEAMIENTO,RESOLUCION,N¯ 084-2024-SUNASS-CD,Aprueban f¢rmula tarifaria estructura tarifaria y metas de gesti¢n as° como los costos m†ximos de las unidades de medida de las actividades requeridas para determinar el precio de los servicios colaterales que se aplican a EPS ILO S.A. para el periodo regulatorio 2025-2028,https://busquedas.elperuano.pe/dispositivo/NL/2357310-1,31/12/2024,,,,,,,,,,,,,,,,,,,,,,,,,,,,,,,,,,,,,,
28/12/2024,2357313-1,SUPERINTENDENCIA NACIONAL DE SERVICIOS DE SANEAMIENTO,RESOLUCION,N¯ 00082-2024-SUNASS-CD,Aprueban f¢rmula tarifaria estructura tarifaria y metas de gesti¢n as° como los costos m†ximos de las unidades de medida de las actividades requeridas para determinar el precio de los servicios colaterales que se aplican a EMAPA HUARAL S.A. para el periodo regulatorio 2025-2027,https://busquedas.elperuano.pe/dispositivo/NL/2357313-1,31/12/2024,,,,,,,,,,,,,,,,,,,,,,,,,,,,,,,,,,,,,,
28/12/2024,2357335-1,SUPERINTENDENCIA NACIONAL DE SERVICIOS DE SANEAMIENTO,RESOLUCION,N¯ 00060-2024-SUNASS-PE,Aprueban Disposiciones de Austeridad Disciplina y Calidad en el Gasto P£blico y de Ingresos del Personal de la Sunass para el a§o 2025,https://busquedas.elperuano.pe/dispositivo/NL/2357335-1,31/12/2024,,,,,,,,,,,,,,,,,,,,,,,,,,,,,,,,,,,,,,
28/12/2024,2357620-1,AUTORIDAD DE TRANSPORTE URBANO PARA LIMA Y CALLAO,RESOLUCION DIRECTORAL,N¯ D-000053-2024-ATU/DO,Aprueban el Manual de Operaciones para la prestaci¢n del servicio p£blico de transporte regular de personas bajo el rÇgimen excepcional de otorgamiento o renovaci¢n de autorizaciones en el territorio de competencia de la ATU,https://busquedas.elperuano.pe/dispositivo/NL/2357620-1,31/12/2024,,,,,,,,,,,,,,,,,,,,,,,,,,,,,,,,,,,,,,
28/12/2024,2357921-1,AUTORIDAD DE TRANSPORTE URBANO PARA LIMA Y CALLAO,RESOLUCION DIRECTORAL,N¯ D-000052-2024-ATU/DO,Aprueban el formato y contenido de la Tarjeta Ènica de Circulaci¢n Electr¢nica (TUCE) y de la Credencial electr¢nica para acreditar la habilitaci¢n vehicular y del conductor en la prestaci¢n del Servicio P£blico de Transporte Regular en Lima y Callao,https://busquedas.elperuano.pe/dispositivo/NL/2357921-1,31/12/2024,,,,,,,,,,,,,,,,,,,,,,,,,,,,,,,,,,,,,,
28/12/2024,2357924-1,AUTORIDAD DE TRANSPORTE URBANO PARA LIMA Y CALLAO,RESOLUCION DIRECTORAL,N¯ D-000055-2024-ATU/DO,Ampl°an vigencia de los t°tulos habilitantes relacionados con la prestaci¢n del Servicio de Transporte Regular de Personas bajo competencia de la ATU,https://busquedas.elperuano.pe/dispositivo/NL/2357924-1,31/12/2024,,,,,,,,,,,,,,,,,,,,,,,,,,,,,,,,,,,,,,
28/12/2024,2357949-1,AUTORIDAD DE TRANSPORTE URBANO PARA LIMA Y CALLAO,RESOLUCION DIRECTORAL,N¯ D-000028-2024-ATU/DIR,Disponen modificaci¢n del punto 2 del Anexo Caracter°sticas y funcionalidades del sistema de control y monitoreo inal†mbrico GPS para la prestaci¢n del servicio p£blico de transporte regular bajo el rÇgimen excepcional de autorizaciones en el territorio bajo competencia de la ATU,https://busquedas.elperuano.pe/dispositivo/NL/2357949-1,31/12/2024,,,,,,,,,,,,,,,,,,,,,,,,,,,,,,,,,,,,,,
28/12/2024,2357857-1,CENTRO NACIONAL DE PLANEAMIENTO ESTRATêGICO,RESOLUCION,N¯ 139-2024/CEPLAN/PCD,Aprueban el Plan Operativo Institucional (POI) 2025 del Centro Nacional de Planeamiento EstratÇgico - CEPLAN consistente con el Presupuesto Institucional de Apertura (PIA) 2025,https://busquedas.elperuano.pe/dispositivo/NL/2357857-1,31/12/2024,,,,,,,,,,,,,,,,,,,,,,,,,,,,,,,,,,,,,,
28/12/2024,2357794-1,ORGANISMO SUPERVISOR DE LAS CONTRATACIONES DEL ESTADO,RESOLUCION,N¯ D000191-2024-OSCE-PRE,Designan Director de la Direcci¢n del SEACE del Organismo Supervisor de las Contrataciones del Estado ? OSCE,https://busquedas.elperuano.pe/dispositivo/NL/2357794-1,31/12/2024,,,,,,,,,,,,,,,,,,,,,,,,,,,,,,,,,,,,,,
28/12/2024,2357897-1,SERVICIO NACIONAL DE AREAS NATURALES PROTEGIDAS POR EL ESTADO,RESOLUCION,N¯ 000248-2024-SERNANP/J-SGD,Modifican el Presupuesto Institucional del Servicio Nacional de µreas Naturales Protegidas por el Estado (SERNANP) para el a§o fiscal 2024,https://busquedas.elperuano.pe/dispositivo/NL/2357897-1,31/12/2024,,,,,,,,,,,,,,,,,,,,,,,,,,,,,,,,,,,,,,
28/12/2024,2357127-1,SUPERINTENDENCIA DEL MERCADO DE VALORES,RESOLUCION,N¯ 014-2024-SMV/01,Autorizan la difusi¢n del proyecto de modificaci¢n del art°culo 18 del Reglamento de Sanciones aprobado por Resoluci¢n SMV N¯ 035-2018-SMV/01,https://busquedas.elperuano.pe/dispositivo/NL/2357127-1,31/12/2024,,,,,,,,,,,,,,,,,,,,,,,,,,,,,,,,,,,,,,
28/12/2024,2357790-1,SUPERINTENDENCIA NACIONAL DE EDUCACION SUPERIOR UNIVERSITARIA,RESOLUCION,N¯ 0040-2024-SUNEDU-CD,Aprueban la Gu°a de orientaci¢n para la aplicaci¢n de la Ley N¯ 32105 Ley que modifica la Ley 30220 Ley Universitaria para disponer el car†cter permanente de la modalidad a distancia de la educaci¢n superior y afianzar su acceso,https://busquedas.elperuano.pe/dispositivo/NL/2357790-1,31/12/2024,,,,,,,,,,,,,,,,,,,,,,,,,,,,,,,,,,,,,,
28/12/2024,2357819-1,SUPERINTENDENCIA NACIONAL DE EDUCACION SUPERIOR UNIVERSITARIA,RESOLUCION,N¯ 095-2024-SUNEDU,Aprueban el Texto Integrado actualizado del Reglamento de Organizaci¢n y Funciones de la Superintendencia Nacional de Educaci¢n Superior Universitaria,https://busquedas.elperuano.pe/dispositivo/NL/2357819-1,31/12/2024,,,,,,,,,,,,,,,,,,,,,,,,,,,,,,,,,,,,,,
28/12/2024,2357704-1,AUTORIDAD NACIONAL DE SANIDAD E INOCUIDAD EN PESCA Y ACUICULTURA,RESOLUCION,N¯ 000167-2024-SANIPES/PE,Aprueban la actualizaci¢n de la Lista de Enfermedades Infecciosas y Especies Susceptibles de los Recursos Hidrobiol¢gicos prevista en el Reglamento para la Sanidad de los Recursos Hidrobiol¢gicos,https://busquedas.elperuano.pe/dispositivo/NL/2357704-1,31/12/2024,,,,,,,,,,,,,,,,,,,,,,,,,,,,,,,,,,,,,,
28/12/2024,2357791-1,CONSEJO EJECUTIVO DEL PODER JUDICIAL,RESOLUCION ADMINISTRATIVA,N¯ 000154-2024-P-CE-PJ,Aceptan renuncia de Juez Superior titular de la Corte Superior de Justicia de Lima quien actualmente se desempe§a como Juez provisional de la Corte Suprema de Justicia de la Rep£blica,https://busquedas.elperuano.pe/dispositivo/NL/2357791-1,31/12/2024,,,,,,,,,,,,,,,,,,,,,,,,,,,,,,,,,,,,,,
28/12/2024,2357542-1,CORTE SUPREMA DE JUSTICIA,RESOLUCION ADMINISTRATIVA,N¯ 000371-2024-P-PJ,Resuelven no ratificar a abogada en el cargo de procuradora p£blica adjunta del Poder Judicial,https://busquedas.elperuano.pe/dispositivo/NL/2357542-1,31/12/2024,,,,,,,,,,,,,,,,,,,,,,,,,,,,,,,,,,,,,,
28/12/2024,2357545-1,CORTE SUPREMA DE JUSTICIA,RESOLUCION ADMINISTRATIVA,N¯ 000372-2024-P-PJ,Ratifican a abogado en el cargo de procurador p£blico adjunto del Poder Judicial,https://busquedas.elperuano.pe/dispositivo/NL/2357545-1,31/12/2024,,,,,,,,,,,,,,,,,,,,,,,,,,,,,,,,,,,,,,
28/12/2024,2348748-1,INSTITUCIONES EDUCATIVAS,RESOLUCION,N¯ 3796-2024-UNI,Otorgan duplicado de diploma de grado acadÇmico de bachiller en Ciencias con menci¢n en Ingenier°a Mec†nica de la Universidad Nacional de Ingenier°a,https://busquedas.elperuano.pe/dispositivo/NL/2348748-1,31/12/2024,,,,,,,,,,,,,,,,,,,,,,,,,,,,,,,,,,,,,,
28/12/2024,2353267-1,INSTITUCIONES EDUCATIVAS,RESOLUCION,N¯ 3918-2024-UNI,Otorgan duplicado de diploma de bachiller en Ciencias con menci¢n en F°sica de la Universidad Nacional de Ingenier°a,https://busquedas.elperuano.pe/dispositivo/NL/2353267-1,31/12/2024,,,,,,,,,,,,,,,,,,,,,,,,,,,,,,,,,,,,,,
28/12/2024,2357918-1,MINISTERIO PUBLICO,RESOLUCION,N¯ 2922-2024-MP-FN,Aprueban el protocolo Actuaci¢n conjunta entre el Ministerio P£blico Polic°a Nacional del Per£ y Direcci¢n General de Capitan°as y Guardacostas para la ejecuci¢n de las acciones de interdicci¢n contra la construcci¢n o modificaci¢n ilegal de embarcaci¢n pesquera,https://busquedas.elperuano.pe/dispositivo/NL/2357918-1,31/12/2024,,,,,,,,,,,,,,,,,,,,,,,,,,,,,,,,,,,,,,
28/12/2024,2357920-1,MINISTERIO PUBLICO,RESOLUCION,N¯ 2924-2024-MP-FN,Aprueban la reducci¢n del Presupuesto Institucional del Ministerio P£blico para el A§o Fiscal 2024,https://busquedas.elperuano.pe/dispositivo/NL/2357920-1,31/12/2024,,,,,,,,,,,,,,,,,,,,,,,,,,,,,,,,,,,,,,
28/12/2024,2357186-1,OFICINA NACIONAL DE PROCESOS ELECTORALES,RESOLUCION JEFATURAL,N¯ 000210-2024-JN/ONPE,Modifican el Reglamento del beneficio de fraccionamiento por deudas de sanciones aplicadas por la ONPE,https://busquedas.elperuano.pe/dispositivo/NL/2357186-1,31/12/2024,,,,,,,,,,,,,,,,,,,,,,,,,,,,,,,,,,,,,,
28/12/2024,2357814-1,REGISTRO NACIONAL DE IDENTIFICACION Y ESTADO CIVIL,RESOLUCION JEFATURAL,N¯ 000203-2024/JNAC/RENIEC,Aprueban el Cuadro para Asignaci¢n de Personal Provisional (CAP Provisional) del Registro Nacional de Identificaci¢n y Estado Civil - RENIEC,https://busquedas.elperuano.pe/dispositivo/NL/2357814-1,31/12/2024,,,,,,,,,,,,,,,,,,,,,,,,,,,,,,,,,,,,,,
28/12/2024,2357068-1,"SUPERINTENDENCIA DE BANCA, SEGUROS Y ADMINISTRADORAS PRIVADAS DE FONDOS DE PENSIONES",RESOLUCION,SBS N¯ 04380-2024,Modifican el Reglamento de Inversiones de las Empresas de Seguros y el Reglamento de Requerimientos Patrimoniales de las Empresas de Seguros y Reaseguros,https://busquedas.elperuano.pe/dispositivo/NL/2357068-1,31/12/2024,,,,,,,,,,,,,,,,,,,,,,,,,,,,,,,,,,,,,,
28/12/2024,2357323-1,"SUPERINTENDENCIA DE BANCA, SEGUROS Y ADMINISTRADORAS PRIVADAS DE FONDOS DE PENSIONES",RESOLUCION,SBS N¯ 04386-2024,Dan por concluido el rÇgimen de intervenci¢n al que se someti¢ a la Cooperativa de Ahorro y CrÇdito Mi Empresa,https://busquedas.elperuano.pe/dispositivo/NL/2357323-1,31/12/2024,,,,,,,,,,,,,,,,,,,,,,,,,,,,,,,,,,,,,,
28/12/2024,2357752-1,GOBIERNO REGIONAL DE AREQUIPA,ACUERDO,N¯ 283-2024 GRA/CR- AREQUIPA,Aprueban la reducci¢n de marco presupuestal en la Fuente de Financiamiento Recursos Determinados Rubro Fondo de Compensaci¢n Regional (FONCOR),https://busquedas.elperuano.pe/dispositivo/NL/2357752-1,31/12/2024,,,,,,,,,,,,,,,,,,,,,,,,,,,,,,,,,,,,,,
28/12/2024,2357850-1,GOBIERNO REGIONAL DE AREQUIPA,ACUERDO,N¯ 284-2024 GRA/CR- AREQUIPA,Aprueban el Presupuesto Institucional de Apertura (PIA) correspondiente al A§o Fiscal 2025 del Gobierno Regional de Arequipa,https://busquedas.elperuano.pe/dispositivo/NL/2357850-1,31/12/2024,,,,,,,,,,,,,,,,,,,,,,,,,,,,,,,,,,,,,,
28/12/2024,2353179-1,GOBIERNO REGIONAL DE MADRE DE DIOS,ACUERDO,N¯ 186-2024-RMDD/CR,Autorizan transferencia financiera a favor de la Contralor°a General de la Rep£blica,https://busquedas.elperuano.pe/dispositivo/NL/2353179-1,31/12/2024,,,,,,,,,,,,,,,,,,,,,,,,,,,,,,,,,,,,,,
28/12/2024,2356580-1,GOBIERNO REGIONAL DE TACNA,RESOLUCION,N¯ 489-2024-DRA.T/GOB.REG.TACNA,Aprueban el Manual de Clasificador de Cargos (MCC) de la Direcci¢n Regional de Agricultura Tacna,https://busquedas.elperuano.pe/dispositivo/NL/2356580-1,31/12/2024,,,,,,,,,,,,,,,,,,,,,,,,,,,,,,,,,,,,,,
28/12/2024,2347321-1,GOBIERNO REGIONAL DE TUMBES,ORDENANZA,N¯ 010-2024/GOB.REG.TUMBES-CR-CD,Crean el Consejo Regional para Personas Adultas Mayores de Tumbes ? COREPAMT,https://busquedas.elperuano.pe/dispositivo/NL/2347321-1,31/12/2024,,,,,,,,,,,,,,,,,,,,,,,,,,,,,,,,,,,,,,
28/12/2024,2357289-1,MUNICIPALIDAD METROPOLITANA DE LIMA,RESOLUCION,N¯ 000159-2024-INVERMET-GG,Aprueban la Directiva N¯ 003-2024-INVERMET-GG denominada Directiva de austeridad disciplina y calidad en el gasto p£blico y de ingreso del personal en el Fondo Metropolitano de inversiones ? INVERMET para el A§o Fiscal 2025,https://busquedas.elperuano.pe/dispositivo/NL/2357289-1,31/12/2024,,,,,,,,,,,,,,,,,,,,,,,,,,,,,,,,,,,,,,
28/12/2024,2357565-1,MUNICIPALIDAD DE ATE,Ordenanzas,N¯ 627-MDA,Ordenanza que establece las fechas de vencimiento de pago del impuesto predial y arbitrios municipales para el ejercicio fiscal 2025 y el beneficio tributario de pronto pago en arbitrios municipales,https://epdoc2.elperuano.pe/EpPo/VistaDE.asp?Referencias=MjM1NzU2NS0xMjAyNDEyMjg=,31/12/2024,,,,,,,,,,,,,,,,,,,,,,,,,,,,,,,,,,,,,,
28/12/2024,2355990-1,MUNICIPALIDAD DE BRE•A,Ordenanzas,N¯ 615-MDB,Establecen fechas de vencimiento para el pago del impuesto predial y arbitrios municipales incentivos de pronto pago y monto que fija el pago m°nimo del impuesto predial para el ejercicio fiscal 2025,https://epdoc2.elperuano.pe/EpPo/VistaDE.asp?Referencias=MjM1NTk5MC0xMjAyNDEyMjg=,31/12/2024,,,,,,,,,,,,,,,,,,,,,,,,,,,,,,,,,,,,,,
28/12/2024,2357380-1,MUNICIPALIDAD DE LA VICTORIA,Ordenanzas,N¯ 452/MLV,Ordenanza que fija un tope a las tasas de arbitrios municipales de limpieza publica parques y jardines y serenazgo para el ejercicio fiscal 2025 en el distrito de La Victoria,https://epdoc2.elperuano.pe/EpPo/VistaDE.asp?Referencias=MjM1NzM4MC0xMjAyNDEyMjg=,31/12/2024,,,,,,,,,,,,,,,,,,,,,,,,,,,,,,,,,,,,,,
28/12/2024,2357740-1,MUNICIPALIDAD DE LOS OLIVOS,ACUERDO,N¯ 054-2024/CDLO,Aprueban el Presupuesto Institucional de Apertura del A§o Fiscal 2025 de la Municipalidad Distrital de Los Olivos y los porcentajes de aplicaci¢n del Fondo de Compensaci¢n Municipal FONCOMUN,https://busquedas.elperuano.pe/dispositivo/NL/2357740-1,31/12/2024,,,,,,,,,,,,,,,,,,,,,,,,,,,,,,,,,,,,,,
28/12/2024,2355083-1,MUNICIPALIDAD DE SURQUILLO,ORDENANZA,N¯ 551-2024-MDS y Acuerdo N¯ 493,Ordenanza que aprueba el rÇgimen tributario de los arbitrios de limpieza p£blica (recolecci¢n de residuos s¢lidos y barrido de calles) parques y jardines y serenazgo de la Municipalidad de Surquillo para el ejercicio fiscal 2025,https://epdoc2.elperuano.pe/EpPo/VistaNLSE.asp?Referencias=MjM1NTA4My0xMjAyNDEyMjg=,31/12/2024,,,,,,,,,,,,,,,,,,,,,,,,,,,,,,,,,,,,,,
28/12/2024,2356702-1,MUNICIPALIDAD DE SURQUILLO,Ordenanzas,N¯ 556-2024-MDS,Ordenanza que aprueba los descuentos por el pronto pago de Arbitrios Municipales correspondientes al Ejercicio Fiscal 2025,https://epdoc2.elperuano.pe/EpPo/VistaDE.asp?Referencias=MjM1NjcwMi0xMjAyNDEyMjg=,31/12/2024,,,,,,,,,,,,,,,,,,,,,,,,,,,,,,,,,,,,,,
28/12/2024,2356728-1,MUNICIPALIDAD DE SURQUILLO,Ordenanzas,N¯ 557-2024-MDS,Ordenanza que modifica la Ordenanza N¯ 550-2024-MDS que establece regula y promueve las edificaciones sostenibles y ordenamiento residencial en el distrito de Surquillo,https://epdoc2.elperuano.pe/EpPo/VistaDE.asp?Referencias=MjM1NjcyOC0xMjAyNDEyMjg=,31/12/2024,,,,,,,,,,,,,,,,,,,,,,,,,,,,,,,,,,,,,,
28/12/2024,2357607-1,MUNICIPALIDAD DE VILLA EL SALVADOR,ORDENANZA,N¯ 513-MVES y Acuerdo N¯ 516,Ordenanza que establece la tasa de estacionamiento vehicular temporal en la playa Venecia y Barlovento del distrito de Villa El Salvador ? Temporada Verano 2025,https://busquedas.elperuano.pe/dispositivo/NL/2357607-1,31/12/2024,,,,,,,,,,,,,,,,,,,,,,,,,,,,,,,,,,,,,,
28/12/2024,2353674-1,MUNICIPALIDAD PROVINCIAL DE CA•ETE,ORDENANZA,N¯ 020-2024-MPC,Aprueban el procedimiento de planeamiento integral con fines de anexi¢n al †rea urbana y asignaci¢n de zonificaci¢n,https://busquedas.elperuano.pe/dispositivo/NL/2353674-1,31/12/2024,,,,,,,,,,,,,,,,,,,,,,,,,,,,,,,,,,,,,,
28/12/2024,2357481-1,MUNICIPALIDAD PROVINCIAL DE CA•ETE,ORDENANZA,N¯ 23-2024-MPC,Ordenanza que aprueba el Reglamento de fraccionamiento de deudas tributarias y no tributarias de San Vicente de Ca§ete,https://busquedas.elperuano.pe/dispositivo/NL/2357481-1,31/12/2024,,,,,,,,,,,,,,,,,,,,,,,,,,,,,,,,,,,,,,
28/12/2024,2357807-1,MUNICIPALIDAD PROVINCIAL DE CA•ETE,ORDENANZA,N¯ 025-2024-MPC,Ordenanza Municipal que prorroga para el ejercicio del a§o fiscal 2025 la vigencia de la Ordenanza N¯ 033-2023 que aprob¢ el derecho de emisi¢n mecanizada de actualizaci¢n de valores de la declaraci¢n jurada y liquidaci¢n del impuesto predial e impuesto vehicular del ejercicio fiscal 2023,https://busquedas.elperuano.pe/dispositivo/NL/2357807-1,31/12/2024,,,,,,,,,,,,,,,,,,,,,,,,,,,,,,,,,,,,,,
28/12/2024,2357783-1,RELACIONES EXTERIORES,CONVENIO,Proyecto Revision SIMCI,Documento de proyecto Revisi¢n M. Sistema de Monitoreo de Cultivos Il°citos en el Per£ SIMCI - Per£. TDPERG34FPE,https://busquedas.elperuano.pe/dispositivo/NL/2357783-1,31/12/2024,,,,,,,,,,,,,,,,,,,,,,,,,,,,,,,,,,,,,,
28/12/2024,2357789-1,RELACIONES EXTERIORES,CONVENIO,Entrada en vigor SIMCI,Entrada en vigor del Documento de proyecto Revisi¢n M. Sistema de Monitoreo de Cultivos Il°citos en el Per£ SIMCI - Per£. TDPERG34FPE,https://busquedas.elperuano.pe/dispositivo/NL/2357789-1,31/12/2024,,,,,,,,,,,,,,,,,,,,,,,,,,,,,,,,,,,,,,
27/12/2024,2357348-1,CONGRESO DE LA REPUBLICA,LEY,N¯ 32213,Ley que establece la rector°a y la ampliaci¢n del plazo del proceso de formalizaci¢n minera integral de la actividad en la peque§a miner°a y miner°a artesanal,https://busquedas.elperuano.pe/dispositivo/NL/2357348-1,31/12/2024,,,,,,,,,,,,,,,,,,,,,,,,,,,,,,,,,,,,,,
27/12/2024,2357348-2,CONGRESO DE LA REPUBLICA,RESOLUCION LEGISLATIVA,N¯ 32214,Resoluci¢n Legislativa que autoriza el ingreso de personal militar extranjero con armas de guerra al territorio de la Rep£blica del Per£,https://busquedas.elperuano.pe/dispositivo/NL/2357348-2,31/12/2024,,,,,,,,,,,,,,,,,,,,,,,,,,,,,,,,,,,,,,
27/12/2024,2357348-3,PRESIDENCIA DEL CONSEJO DE MINISTROS,DECRETO SUPREMO,N¯ 147-2024-PCM,Decreto Supremo que prorroga el Estado de Emergencia declarado en el Corredor Vial Sur Apur°mac-Cusco-Arequipa,https://busquedas.elperuano.pe/dispositivo/NL/2357348-3,31/12/2024,,,,,,,,,,,,,,,,,,,,,,,,,,,,,,,,,,,,,,
27/12/2024,2357042-1,PRESIDENCIA DEL CONSEJO DE MINISTROS,RESOLUCION MINISTERIAL,N¯ 370-2024-PCM,Autorizan transferencia financiera de recursos a favor del Programa de las Naciones Unidas para el Desarrollo - PNUD para la ejecuci¢n del Proyecto PNUD 1372228 ? ID 01003677 Gesti¢n de la Gobernanza Territorial,https://busquedas.elperuano.pe/dispositivo/NL/2357042-1,31/12/2024,,,,,,,,,,,,,,,,,,,,,,,,,,,,,,,,,,,,,,
27/12/2024,2357043-1,PRESIDENCIA DEL CONSEJO DE MINISTROS,RESOLUCION MINISTERIAL,N¯ 371-2024-PCM,Delegan facultades y atribuciones en el Viceministro de Gobernanza Territorial el Secretario General el Secretario Administrativo el Jefe de la Oficina General de Administraci¢n el Jefe de la Oficina General de Planeamiento y Presupuesto el Jefe de la Oficina General de Recursos Humanos y los Titulares de los Pliegos correspondientes a los Organismos P£blicos adscritos a la Presidencia del Consejo de Ministros durante el A§o Fiscal 2025,https://busquedas.elperuano.pe/dispositivo/NL/2357043-1,31/12/2024,,,,,,,,,,,,,,,,,,,,,,,,,,,,,,,,,,,,,,
27/12/2024,2357340-1,PRESIDENCIA DEL CONSEJO DE MINISTROS,RESOLUCION MINISTERIAL,N¯ 372-2024-PCM,Modifican la R.M. N¯ 209-2024-PCM que crea el Grupo de Trabajo de naturaleza temporal denominado Mesa TÇcnica para el desarrollo territorial del departamento de Madre de Dios,https://busquedas.elperuano.pe/dispositivo/NL/2357340-1,31/12/2024,,,,,,,,,,,,,,,,,,,,,,,,,,,,,,,,,,,,,,
27/12/2024,2357341-1,PRESIDENCIA DEL CONSEJO DE MINISTROS,RESOLUCION MINISTERIAL,N¯ 373-2024-PCM,Modifican la R.M. N¯ 120-2022-PCM que formaliza el inicio del proceso de elaboraci¢n de la Pol°tica Nacional Multisectorial de Descentralizaci¢n y crea el Grupo de Trabajo Multisectorial de naturaleza temporal encargado de elaborar la propuesta de la Pol°tica Nacional Multisectorial de Descentralizaci¢n,https://busquedas.elperuano.pe/dispositivo/NL/2357341-1,31/12/2024,,,,,,,,,,,,,,,,,,,,,,,,,,,,,,,,,,,,,,
27/12/2024,2357342-1,PRESIDENCIA DEL CONSEJO DE MINISTROS,RESOLUCION MINISTERIAL,N¯ 374-2024-PCM,Ampl°an periodo de vigencia de Grupo de Trabajo denominado Mesa de Trabajo encargada de realizar acciones de coordinaci¢n para el desarrollo de las cuencas del Pastaza Tigre Corrientes y Mara§¢n del departamento de Loreto,https://busquedas.elperuano.pe/dispositivo/NL/2357342-1,31/12/2024,,,,,,,,,,,,,,,,,,,,,,,,,,,,,,,,,,,,,,
27/12/2024,2357339-1,AMBIENTE,RESOLUCION MINISTERIAL,N¯ 00444-2024-MINAM,Aprueban el Plan Operativo Institucional (POI) Anual 2025 consistente con el Presupuesto Institucional de Apertura (PIA) 2025 del Ministerio del Ambiente,https://busquedas.elperuano.pe/dispositivo/NL/2357339-1,31/12/2024,,,,,,,,,,,,,,,,,,,,,,,,,,,,,,,,,,,,,,
27/12/2024,2357260-1,COMERCIO EXTERIOR Y TURISMO,RESOLUCION MINISTERIAL,N¯ 383-2024-MINCETUR,Designan Director General de la Oficina General de Asesor°a Jur°dica del Ministerio,https://busquedas.elperuano.pe/dispositivo/NL/2357260-1,31/12/2024,,,,,,,,,,,,,,,,,,,,,,,,,,,,,,,,,,,,,,
27/12/2024,2357349-3,DEFENSA,RESOLUCION SUPREMA,N¯ 180-2024-DE,Nombran a Oficiales Generales del grado de General de Divisi¢n en diversos empleos,https://busquedas.elperuano.pe/dispositivo/NL/2357349-3,31/12/2024,,,,,,,,,,,,,,,,,,,,,,,,,,,,,,,,,,,,,,
27/12/2024,2357349-4,DEFENSA,RESOLUCION SUPREMA,N¯ 181-2024-DE,Nombran a Oficiales Generales del grado de General de Brigada en diversos empleos,https://busquedas.elperuano.pe/dispositivo/NL/2357349-4,31/12/2024,,,,,,,,,,,,,,,,,,,,,,,,,,,,,,,,,,,,,,
27/12/2024,2357409-1,DESARROLLO AGRARIO Y RIEGO,RESOLUCION,N¯ D000329-2024-MIDAGRI-SERFOR-DE,Aprueban otorgamiento de subvenciones a favor de diversas entidades ejecutoras que ejecutar†n planes de negocio forestal,https://busquedas.elperuano.pe/dispositivo/NL/2357409-1,31/12/2024,,,,,,,,,,,,,,,,,,,,,,,,,,,,,,,,,,,,,,
27/12/2024,2357349-1,ECONOMIA Y FINANZAS,DECRETO SUPREMO,N¯ 286-2024-EF,Aprueban la actualizaci¢n de Tablas Aduaneras aplicables a la importaci¢n de productos incluidos en el Sistema de Franja de Precios a que se refiere el Decreto Supremo Nß 115-2001-EF y otras disposiciones,https://busquedas.elperuano.pe/dispositivo/NL/2357349-1,31/12/2024,,,,,,,,,,,,,,,,,,,,,,,,,,,,,,,,,,,,,,
27/12/2024,2357349-2,ECONOMIA Y FINANZAS,DECRETO SUPREMO,N¯ 287-2024-EF,Modifican el Reglamento del Decreto Legislativo Nß 1252 Decreto Legislativo que crea el Sistema Nacional de Programaci¢n Multianual y Gesti¢n de Inversiones aprobado mediante Decreto Supremo N¯ 284-2018-EF y el Reglamento de Proyectos Especiales de Inversi¢n P£blica en el marco del Decreto de Urgencia N¯ 021-2020 Decreto de Urgencia que establece el modelo de ejecuci¢n de inversiones p£blicas a travÇs de proyectos especiales de inversi¢n p£blica y dicta otras disposiciones aprobado mediante Decreto Supremo N¯ 119-2020-EF,https://busquedas.elperuano.pe/dispositivo/NL/2357349-2,31/12/2024,,,,,,,,,,,,,,,,,,,,,,,,,,,,,,,,,,,,,,
27/12/2024,2357667-3,ECONOMIA Y FINANZAS,DECRETO SUPREMO,N¯ 288-2024-EF,Decreto Supremo que autoriza Transferencias de Partidas en el Presupuesto del Sector P£blico para el A§o Fiscal 2024 a favor de la Reserva de Contingencia y del Instituto Nacional Penitenciario,https://busquedas.elperuano.pe/dispositivo/NL/2357667-3,31/12/2024,,,,,,,,,,,,,,,,,,,,,,,,,,,,,,,,,,,,,,
27/12/2024,2357267-1,ECONOMIA Y FINANZAS,RESOLUCION DIRECTORAL,N¯ 0041-2024-EF/50.01,Aprueban fichas tÇcnicas y metas de los indicadores de los compromisos establecidos para el Tramo III del a§o 2024 del Programa de Incentivos a la Mejora de la Gesti¢n Municipal,https://busquedas.elperuano.pe/dispositivo/NL/2357267-1,31/12/2024,,,,,,,,,,,,,,,,,,,,,,,,,,,,,,,,,,,,,,
27/12/2024,2357293-1,ECONOMIA Y FINANZAS,RESOLUCION DIRECTORAL,N¯ 0040-2024-EF/50.01,Resoluci¢n Directoral que modifica el Anexo A Fichas tÇcnicas de los indicadores de los compromisos del Programa de Incentivos a la Mejora de la Gesti¢n Municipal (PI) Tramo II ? 2024 aprobado con la Resoluci¢n Directoral N¯ 0027-2024-EF/50.01,https://busquedas.elperuano.pe/dispositivo/NL/2357293-1,31/12/2024,,,,,,,,,,,,,,,,,,,,,,,,,,,,,,,,,,,,,,
27/12/2024,2357334-1,ECONOMIA Y FINANZAS,RESOLUCION MINISTERIAL,N¯ 401-2024-EF/43,Aprueban la contrataci¢n del estudio Foley Hoag LLP seleccionado por la Comisi¢n Especial en el marco de la Ley N¯ 28933 Ley que establece el Sistema de Coordinaci¢n y Respuesta del Estado en Controversias Internacionales de Inversi¢n,https://busquedas.elperuano.pe/dispositivo/NL/2357334-1,31/12/2024,,,,,,,,,,,,,,,,,,,,,,,,,,,,,,,,,,,,,,
27/12/2024,2357336-1,ECONOMIA Y FINANZAS,RESOLUCION MINISTERIAL,N¯ 402-2024-EF/43,Aprueban la Contrataci¢n del servicio de informaci¢n financiera Bloomberg Terminal,https://busquedas.elperuano.pe/dispositivo/NL/2357336-1,31/12/2024,,,,,,,,,,,,,,,,,,,,,,,,,,,,,,,,,,,,,,
27/12/2024,2357337-1,EDUCACION,RESOLUCION VICE MINISTERIAL,N¯ 153-2024-MINEDU,Aprueban la Norma TÇcnica denominada Disposiciones para la Implementaci¢n del Modelo de Servicio Educativo Intercultural BilingÅe en las Instituciones Educativas p£blicas de Educaci¢n Intercultural BilingÅe del nivel de Educaci¢n Secundaria,https://busquedas.elperuano.pe/dispositivo/NL/2357337-1,31/12/2024,,,,,,,,,,,,,,,,,,,,,,,,,,,,,,,,,,,,,,
27/12/2024,2357089-1,ENERGIA Y MINAS,RESOLUCION DIRECTORAL,N¯ 0727-2024-MINEM-DGM,Aprueban la nominaci¢n de los peritos mineros en el †mbito nacional para el per°odo 2025 ? 2026,https://busquedas.elperuano.pe/dispositivo/NL/2357089-1,31/12/2024,,,,,,,,,,,,,,,,,,,,,,,,,,,,,,,,,,,,,,
27/12/2024,2357345-1,ENERGIA Y MINAS,RESOLUCION MINISTERIAL,N¯ 480-2024-MINEM/DM,Modifican el art°culo 2 de la R.M. N¯ 495-2017-MEM/DM modificada por la R.M. N¯ 036-2022-MINEM/DM respecto a los requisitos y caracter°sticas del contrato de inversi¢n de HYDRO GLOBAL PERÈ S.A.C.,https://busquedas.elperuano.pe/dispositivo/NL/2357345-1,31/12/2024,,,,,,,,,,,,,,,,,,,,,,,,,,,,,,,,,,,,,,
27/12/2024,2357113-1,ENERGIA Y MINAS,RESOLUCION VICE MINISTERIAL,N¯ 066-2024-MINEM/VMH,Aprueban la Directiva N¯ 001-2024-MINEM/VMH Directiva de Procedimiento para la Evaluaci¢n de Solicitudes de Partes Concurrentes en el otorgamiento de la Concesi¢n del Servicio de Distribuci¢n de Gas Natural por Red de Ductos,https://busquedas.elperuano.pe/dispositivo/NL/2357113-1,31/12/2024,,,,,,,,,,,,,,,,,,,,,,,,,,,,,,,,,,,,,,
27/12/2024,2357290-1,INTERIOR,RESOLUCION MINISTERIAL,N¯ 1873-2024-IN,Ampl°an plazo de vigencia del Grupo de Trabajo Multisectorial de naturaleza temporal encargado de elaborar la propuesta del Plan de Adecuaci¢n de los Sistemas de Videovigilancia creado por la R.M. N¯ 0620-2024-IN,https://busquedas.elperuano.pe/dispositivo/NL/2357290-1,31/12/2024,,,,,,,,,,,,,,,,,,,,,,,,,,,,,,,,,,,,,,
27/12/2024,2357071-1,JUSTICIA Y DERECHOS HUMANOS,RESOLUCION MINISTERIAL,N¯ 0328-2024-JUS,Cancelan t°tulo de Notaria de la provincia de Alto Amazonas departamento de Loreto Distrito Notarial de Loreto,https://busquedas.elperuano.pe/dispositivo/NL/2357071-1,31/12/2024,,,,,,,,,,,,,,,,,,,,,,,,,,,,,,,,,,,,,,
27/12/2024,2357869-1,JUSTICIA Y DERECHOS HUMANOS,RESOLUCION MINISTERIAL,N¯ 0331-2024-JUS,Aprueban el Plan EstratÇgico Institucional (PEI) 2025 - 2030 del Ministerio de Justicia y Derechos Humanos,https://busquedas.elperuano.pe/dispositivo/NL/2357869-1,31/12/2024,,,,,,,,,,,,,,,,,,,,,,,,,,,,,,,,,,,,,,
27/12/2024,2355042-1,PRODUCE,RESOLUCION DIRECTORAL,N¯ 033-2024-INACAL/DN,Aprueban Normas TÇcnicas Peruanas sobre Guantes de l†tex quir£rgicos estÇriles de un solo uso y otros,https://busquedas.elperuano.pe/dispositivo/NL/2355042-1,31/12/2024,,,,,,,,,,,,,,,,,,,,,,,,,,,,,,,,,,,,,,
27/12/2024,2357667-1,RELACIONES EXTERIORES,DECRETO SUPREMO,N¯ 061-2024-RE,Decreto Supremo que modifica la denominaci¢n de la Secci¢n VI de la Tarifa de Derechos Consulares y la denominaci¢n en la Naturaleza del Acto de la tarifa n£mero 59 b contenida en el Decreto Supremo Nß 045-2003-RE,https://busquedas.elperuano.pe/dispositivo/NL/2357667-1,31/12/2024,,,,,,,,,,,,,,,,,,,,,,,,,,,,,,,,,,,,,,
27/12/2024,2357667-2,RELACIONES EXTERIORES,DECRETO SUPREMO,N¯ 062-2024-RE,Decreto Supremo que ratifica el Acuerdo entre el Gobierno de la Rep£blica del Per£ y la Organizaci¢n de las Naciones Unidas para la Educaci¢n la Ciencia y la Cultura relativo a la renovaci¢n de la designaci¢n del Centro Regional para la Salvaguardia del Patrimonio Cultural Inmaterial de AmÇrica Latina (CRESPIAL) como centro de categor°a 2 bajo los auspicios de la UNESCO en Cusco (Per£),https://busquedas.elperuano.pe/dispositivo/NL/2357667-2,31/12/2024,,,,,,,,,,,,,,,,,,,,,,,,,,,,,,,,,,,,,,
27/12/2024,2357291-1,SALUD,RESOLUCION DIRECTORAL,N¯ 000253-2024-DG-INSNSB,Designan Coordinadora TÇcnica de la Direcci¢n General del Instituto Nacional de Salud del Ni§o - San Borja,https://busquedas.elperuano.pe/dispositivo/NL/2357291-1,31/12/2024,,,,,,,,,,,,,,,,,,,,,,,,,,,,,,,,,,,,,,
27/12/2024,2357084-1,SALUD,RESOLUCION MINISTERIAL,N¯ 901-2024/MINSA,Modifican la Norma TÇcnica de Salud: Gesti¢n Integral y Manejo de Residuos S¢lidos en Establecimientos de Salud Servicios MÇdicos de Apoyo y Centros de Investigaci¢n,https://busquedas.elperuano.pe/dispositivo/NL/2357084-1,31/12/2024,,,,,,,,,,,,,,,,,,,,,,,,,,,,,,,,,,,,,,
27/12/2024,2357347-1,TRANSPORTES Y COMUNICACIONES,DECRETO SUPREMO,N¯ 023-2024-MTC,Decreto Supremo que aprueba el Reglamento de Gesti¢n Ambiental del Sector Comunicaciones,https://epdoc2.elperuano.pe/EpPo/VistaNLSE.asp?Referencias=MjM1NzM0Ny0xMjAyNDEyMjc=,31/12/2024,,,,,,,,,,,,,,,,,,,,,,,,,,,,,,,,,,,,,,
27/12/2024,2357348-4,TRANSPORTES Y COMUNICACIONES,DECRETO SUPREMO,N¯ 024-2024-MTC,Decreto Supremo que modifica el Decreto Supremo N¯ 013-2022-MTC que dispone conformar la Comisi¢n Consultiva de Transporte del Ministerio de Transportes y Comunicaciones,https://busquedas.elperuano.pe/dispositivo/NL/2357348-4,31/12/2024,,,,,,,,,,,,,,,,,,,,,,,,,,,,,,,,,,,,,,
27/12/2024,2357343-1,TRANSPORTES Y COMUNICACIONES,RESOLUCION MINISTERIAL,N¯ 781-2024-MTC/01.02,Prorrogan plazos para el control y fiscalizaci¢n en Rutas Fiscales hacia los departamentos de Madre de Dios Tumbes y otras zonas; y dictan otras disposiciones,https://busquedas.elperuano.pe/dispositivo/NL/2357343-1,31/12/2024,,,,,,,,,,,,,,,,,,,,,,,,,,,,,,,,,,,,,,
27/12/2024,2357346-1,TRANSPORTES Y COMUNICACIONES,RESOLUCION MINISTERIAL,N¯ 782-2024-MTC/01,Aprueban el Plan Operativo Institucional (POI) Anual 2025 Consistente con el Presupuesto Institucional de Apertura (PIA) del A§o Fiscal 2025 del Ministerio de Transportes y Comunicaciones,https://busquedas.elperuano.pe/dispositivo/NL/2357346-1,31/12/2024,,,,,,,,,,,,,,,,,,,,,,,,,,,,,,,,,,,,,,
27/12/2024,2357073-1,"VIVIENDA, CONSTRUCCI‡N Y SANEAMIENTO",RESOLUCION DIRECTORAL,N¯ 00007-2024-VIVIENDA/VMVU-DGPRVU,Aprueban la Gu°a de Zonificaci¢n,https://busquedas.elperuano.pe/dispositivo/NL/2357073-1,31/12/2024,,,,,,,,,,,,,,,,,,,,,,,,,,,,,,,,,,,,,,
27/12/2024,2357882-1,DESPACHO PRESIDENCIAL,RESOLUCION,N¯ 000014-2024-DP/SGDP,Delegan facultades y atribuciones en diversos funcionarios y servidores durante el A§o Fiscal 2025,https://busquedas.elperuano.pe/dispositivo/NL/2357882-1,31/12/2024,,,,,,,,,,,,,,,,,,,,,,,,,,,,,,,,,,,,,,
27/12/2024,2357218-1,INSTITUTO NACIONAL DE SALUD,RESOLUCION,N¯ 255-2024-PE/INS,Autorizan reducci¢n del presupuesto institucional de la Fuente de Financiamiento 4 Donaciones y Transferencias del Instituto Nacional de Salud,https://busquedas.elperuano.pe/dispositivo/NL/2357218-1,31/12/2024,,,,,,,,,,,,,,,,,,,,,,,,,,,,,,,,,,,,,,
27/12/2024,2357197-1,INSTITUTO PERUANO DE ENERGIA NUCLEAR,RESOLUCION,N¯ D000084-2024-IPEN-PRES,Delegan la representaci¢n legal del Instituto Peruano de Energ°a Nuclear - IPEN ante la Superintendencia Nacional de Aduanas y de Administraci¢n Tributaria - SUNAT a diversos servidores/as,https://busquedas.elperuano.pe/dispositivo/NL/2357197-1,31/12/2024,,,,,,,,,,,,,,,,,,,,,,,,,,,,,,,,,,,,,,
27/12/2024,2357314-1,ORGANISMO SUPERVISOR DE LA INVERSI‡N EN ENERG÷A Y MINER÷A,RESOLUCION,N¯ 206-2024-OS/CD,Resoluci¢n de Consejo Directivo que declara infundado el recurso de reconsideraci¢n interpuesto por Hidrandina S.A. contra la Resoluci¢n N¯ 180-2024-OS/CD mediante la cual se aprob¢ el factor de actualizaci¢n p para determinar el Cargo Unitario de Confiabilidad de la Cadena de Suministro de Energ°a para el periodo del 04 de noviembre de 2024 al 03 de febrero de 2025,https://busquedas.elperuano.pe/dispositivo/NL/2357314-1,31/12/2024,,,,,,,,,,,,,,,,,,,,,,,,,,,,,,,,,,,,,,
27/12/2024,2357318-1,ORGANISMO SUPERVISOR DE LA INVERSI‡N EN ENERG÷A Y MINER÷A,RESOLUCION,N¯ 207-2024-OS/CD,Resoluci¢n de Consejo Directivo que fija las tarifas de distribuci¢n de gas natural por red de ductos y dem†s cargos aplicables a la Concesi¢n Norte para el periodo 2025-2028 as° como el Plan Quinquenal de Inversiones 2025-2029,https://busquedas.elperuano.pe/dispositivo/NL/2357318-1,31/12/2024,,,,,,,,,,,,,,,,,,,,,,,,,,,,,,,,,,,,,,
27/12/2024,2357294-1,AGENCIA DE PROMOCI‡N DE LA INVERSI‡N PRIVADA,RESOLUCION,N¯ 118-2024,Aprueban el Presupuesto Institucional de Apertura de Gastos correspondiente al A§o Fiscal 2025 de PROINVERSI‡N,https://busquedas.elperuano.pe/dispositivo/NL/2357294-1,31/12/2024,,,,,,,,,,,,,,,,,,,,,,,,,,,,,,,,,,,,,,
27/12/2024,2357840-1,AUTORIDAD DE TRANSPORTE URBANO PARA LIMA Y CALLAO,RESOLUCION,N¯ 282-2024-ATU/PE,Disponen la publicaci¢n del Plan Regulador de Rutas para Lima y Callao,https://busquedas.elperuano.pe/dispositivo/NL/2357840-1,31/12/2024,,,,,,,,,,,,,,,,,,,,,,,,,,,,,,,,,,,,,,
27/12/2024,2356381-1,INSTITUTO GEOL‡GICO MINERO Y METALÈRGICO,RESOLUCION,N¯ 197-2024-INGEMMET/PE,Asignan montos que por Derecho de Vigencia y Penalidad correspondan al mes de noviembre de 2024,https://busquedas.elperuano.pe/dispositivo/NL/2356381-1,31/12/2024,,,,,,,,,,,,,,,,,,,,,,,,,,,,,,,,,,,,,,
27/12/2024,2357271-1,ORGANISMO SUPERVISOR DE LAS CONTRATACIONES DEL ESTADO,RESOLUCION,N¯ D000187-2024-OSCE-PRE,Aprueban el Plan Operativo Institucional (POI) del Organismo Supervisor de las Contrataciones del Estado (OSCE) para el a§o fiscal 2025,https://busquedas.elperuano.pe/dispositivo/NL/2357271-1,31/12/2024,,,,,,,,,,,,,,,,,,,,,,,,,,,,,,,,,,,,,,
27/12/2024,2357287-1,SUPERINTENDENCIA NACIONAL DE MIGRACIONES,RESOLUCION,N¯ 000216-2024-MIGRACIONES,Aprueban el Protocolo de Verificaci¢n y Fiscalizaci¢n Migratoria a Establecimiento de Hospedajes y Arrendamiento de Inmuebles a Extranjeros,https://busquedas.elperuano.pe/dispositivo/NL/2357287-1,31/12/2024,,,,,,,,,,,,,,,,,,,,,,,,,,,,,,,,,,,,,,
27/12/2024,2357011-1,CONSEJO EJECUTIVO DEL PODER JUDICIAL,RESOLUCION ADMINISTRATIVA,N¯ 000436-2024-CE-PJ,Aprueban la Directiva N¯ 008-2024-CE-PJ denominada ‡rganos de Auxilio Judicial Registrados ? Versi¢n 002,https://busquedas.elperuano.pe/dispositivo/NL/2357011-1,31/12/2024,,,,,,,,,,,,,,,,,,,,,,,,,,,,,,,,,,,,,,
27/12/2024,2357196-1,CONTRALORIA GENERAL DE LA REPUBLICA,RESOLUCION,N¯ 738-2024-CG,Dan por terminada designaci¢n de Jefe del ‡rgano de Control Institucional del Proyecto Especial Huallaga Central y Bajo Mayo,https://busquedas.elperuano.pe/dispositivo/NL/2357196-1,31/12/2024,,,,,,,,,,,,,,,,,,,,,,,,,,,,,,,,,,,,,,
27/12/2024,2357312-1,CONTRALORIA GENERAL DE LA REPUBLICA,RESOLUCION,N¯ 739-2024-CG,Designan Jefe del ‡rgano de Control Institucional de la Direcci¢n Regional de Educaci¢n Cajamarca,https://busquedas.elperuano.pe/dispositivo/NL/2357312-1,31/12/2024,,,,,,,,,,,,,,,,,,,,,,,,,,,,,,,,,,,,,,
27/12/2024,2357476-1,CONTRALORIA GENERAL DE LA REPUBLICA,RESOLUCION,N¯ 741-2024-CG,Disponen que hasta el 31 de enero de 2025 la Macrorregi¢n de Control Norte Macrorregi¢n de Control Centro y Macrorregi¢n de Control Sur realicen las acciones y actividades vinculadas a los sistemas administrativos para cumplimiento de las obligaciones compromisos y otros asumidos o generados al 30 de agosto de 2024,https://busquedas.elperuano.pe/dispositivo/NL/2357476-1,31/12/2024,,,,,,,,,,,,,,,,,,,,,,,,,,,,,,,,,,,,,,
27/12/2024,2357095-1,JURADO NACIONAL DE ELECCIONES,RESOLUCION,N¯ 0409-2024-JNE,Convocan a ciudadana para que asuma el cargo de regidora del Concejo Distrital de Ccochaccasa provincia de Angaraes departamento de Huancavelica,https://busquedas.elperuano.pe/dispositivo/NL/2357095-1,31/12/2024,,,,,,,,,,,,,,,,,,,,,,,,,,,,,,,,,,,,,,
27/12/2024,2357209-1,MINISTERIO PUBLICO,RESOLUCION,N¯ 2881-2024-MP-FN,Nombran fiscal adjunto provincial provisional del Distrito Fiscal de Cusco,https://busquedas.elperuano.pe/dispositivo/NL/2357209-1,31/12/2024,,,,,,,,,,,,,,,,,,,,,,,,,,,,,,,,,,,,,,
27/12/2024,2357209-2,MINISTERIO PUBLICO,RESOLUCION,N¯ 2902-2024-MP-FN,Dan por concluida designaci¢n de fiscal adjunta provincial titular mixto (corporativo) de Tarata Distrito Fiscal de Tacna en el despacho de la Fiscal°a Provincial Mixta Corporativa de Tarata,https://busquedas.elperuano.pe/dispositivo/NL/2357209-2,31/12/2024,,,,,,,,,,,,,,,,,,,,,,,,,,,,,,,,,,,,,,
27/12/2024,2357209-3,MINISTERIO PUBLICO,RESOLUCION,N¯ 2903-2024-MP-FN,Nombran fiscal adjunto provincial provisional del Distrito Fiscal de La Libertad,https://busquedas.elperuano.pe/dispositivo/NL/2357209-3,31/12/2024,,,,,,,,,,,,,,,,,,,,,,,,,,,,,,,,,,,,,,
27/12/2024,2357209-4,MINISTERIO PUBLICO,RESOLUCION,N¯ 2904-2024-MP-FN,Nombran fiscal adjunta provincial provisional del Distrito Fiscal de Lima Sur,https://busquedas.elperuano.pe/dispositivo/NL/2357209-4,31/12/2024,,,,,,,,,,,,,,,,,,,,,,,,,,,,,,,,,,,,,,
27/12/2024,2357209-5,MINISTERIO PUBLICO,RESOLUCION,N¯ 2905-2024-MP-FN,Designan y nombran fiscales en el Distrito Fiscal de Lima Centro,https://busquedas.elperuano.pe/dispositivo/NL/2357209-5,31/12/2024,,,,,,,,,,,,,,,,,,,,,,,,,,,,,,,,,,,,,,
27/12/2024,2357222-1,REGISTRO NACIONAL DE IDENTIFICACION Y ESTADO CIVIL,RESOLUCION JEFATURAL,N¯ 000193-2024/JNAC/RENIEC,Autorizan gratuidad de inscripci¢n duplicado renovaci¢n y rectificaci¢n de datos del Documento Nacional de Identidad para personas con urgencias mÇdicas y para personas menores y mayores de edad que residan en el pa°s y se encuentren en situaci¢n de vulnerabilidad y exclusi¢n social como consecuencia de desastres naturales o siniestros,https://busquedas.elperuano.pe/dispositivo/NL/2357222-1,31/12/2024,,,,,,,,,,,,,,,,,,,,,,,,,,,,,,,,,,,,,,
27/12/2024,2357224-1,REGISTRO NACIONAL DE IDENTIFICACION Y ESTADO CIVIL,RESOLUCION JEFATURAL,N¯ 000195-2024/JNAC/RENIEC,Autorizan gratuidad hasta la meta de 1000 procedimientos en el RUIPN y emisi¢n del DNIe en las modalidades de inscripci¢n por primera vez duplicado renovaci¢n y otros casos para el a§o 2025,https://busquedas.elperuano.pe/dispositivo/NL/2357224-1,31/12/2024,,,,,,,,,,,,,,,,,,,,,,,,,,,,,,,,,,,,,,
27/12/2024,2357226-1,REGISTRO NACIONAL DE IDENTIFICACION Y ESTADO CIVIL,RESOLUCION JEFATURAL,N¯ 000196-2024/JNAC/RENIEC,Autorizan la gratuidad en el Registro Ènico de Identificaci¢n de las Personas Naturales (RUIPN) de renovaci¢n del documento nacional de identidad (DNI) electr¢nico o de actualizaci¢n de otros datos en dicho documento siempre que se tramiten conjuntamente con la actualizaci¢n de la direcci¢n domiciliaria para poblaci¢n mayor y menor de edad con clasificaci¢n socio econ¢mica pobre o muy pobre,https://busquedas.elperuano.pe/dispositivo/NL/2357226-1,31/12/2024,,,,,,,,,,,,,,,,,,,,,,,,,,,,,,,,,,,,,,
27/12/2024,2357227-1,REGISTRO NACIONAL DE IDENTIFICACION Y ESTADO CIVIL,RESOLUCION JEFATURAL,N¯ 000198-2024/JNAC/RENIEC,Designan Sub Director de Servicios de Gobierno Digital de la Direcci¢n de Certificaci¢n y Servicios Digitales del RENIEC,https://busquedas.elperuano.pe/dispositivo/NL/2357227-1,31/12/2024,,,,,,,,,,,,,,,,,,,,,,,,,,,,,,,,,,,,,,
27/12/2024,2357228-1,REGISTRO NACIONAL DE IDENTIFICACION Y ESTADO CIVIL,RESOLUCION JEFATURAL,N¯ 000200-2024/JNAC/RENIEC,Autorizan la continuidad de las inscripciones de los nacimientos y defunciones en las Oficinas Registrales Auxiliares que funcionan en los hospitales del MINSA y EsSALUD durante el a§o 2025 y dictan otras disposiciones,https://busquedas.elperuano.pe/dispositivo/NL/2357228-1,31/12/2024,,,,,,,,,,,,,,,,,,,,,,,,,,,,,,,,,,,,,,
27/12/2024,2357231-1,REGISTRO NACIONAL DE IDENTIFICACION Y ESTADO CIVIL,RESOLUCION JEFATURAL,N¯ 000201-2024/JNAC/RENIEC,Autorizan gratuidad de procedimientos en el Registro Ènico de Identificaci¢n de las Personas Naturales ? RUIPN para la tramitaci¢n y consecuente expedici¢n del Documento Nacional de Identidad - DNI que se gestionen en campa§as o jornadas de documentaci¢n de la Direcci¢n de Restituci¢n de la Identidad y Apoyo Social - DRIAS; y dictan otras disposiciones,https://busquedas.elperuano.pe/dispositivo/NL/2357231-1,31/12/2024,,,,,,,,,,,,,,,,,,,,,,,,,,,,,,,,,,,,,,
27/12/2024,2357010-1,GOBIERNO REGIONAL DE SAN MARTIN,ORDENANZA,N¯ 015-2024-GRSM/CR,Aprueban el reconocimiento de la Mesa TÇcnica Regional de Apicultura de la regi¢n San Martin,https://busquedas.elperuano.pe/dispositivo/NL/2357010-1,31/12/2024,,,,,,,,,,,,,,,,,,,,,,,,,,,,,,,,,,,,,,
27/12/2024,2356787-1,MUNICIPALIDAD METROPOLITANA DE LIMA,RESOLUCION,N¯ 185 -2024/GG,Aprueban la Directiva de Austeridad Disciplina y Calidad en el Gasto Publico y de Ingresos de Personal del Servicio de Parques de Lima-SERPAR LIMA para el Ejercicio Fiscal 2025,https://busquedas.elperuano.pe/dispositivo/NL/2356787-1,31/12/2024,,,,,,,,,,,,,,,,,,,,,,,,,,,,,,,,,,,,,,
27/12/2024,2357331-1,MUNICIPALIDAD DE ATE,Ordenanzas,N¯ 626-MDA,Ordenanza que regula el Reconocimiento de Plano de Trazado y Lotizaci¢n y Constancia de Posesi¢n exclusivos para dotaci¢n de servicios b†sicos para posesionarios informales que formen parte de proyectos aprobados por el Estado o de las Empresas Prestadoras de Servicios B†sicos,https://epdoc2.elperuano.pe/EpPo/VistaDE.asp?Referencias=MjM1NzMzMS0xMjAyNDEyMjc=,31/12/2024,,,,,,,,,,,,,,,,,,,,,,,,,,,,,,,,,,,,,,
27/12/2024,2357649-1,MUNICIPALIDAD DE BARRANCO,Ordenanzas,N¯ 652-2024-MDB,Ordenanza que fija tope en el incremento de los arbitrios municipales (barrido de calles recolecci¢n de residuos solidos parques y jardines y serenazgo) para el ejercicio 2025,https://epdoc2.elperuano.pe/EpPo/VistaDE.asp?Referencias=MjM1NzY0OS0xMjAyNDEyMjc=,31/12/2024,,,,,,,,,,,,,,,,,,,,,,,,,,,,,,,,,,,,,,
27/12/2024,2355664-1,MUNICIPALIDAD DE BRE•A,Ordenanzas,N¯ 613-MDB y Acuerdo N¯ 499,Ordenanza que establece el monto por Derecho de Emisi¢n Mecanizada de Actualizaci¢n de Valores Determinaci¢n y Distribuci¢n a Domicilio de la Declaraci¢n Jurada y Liquidaci¢n del Impuesto Predial y Arbitrios Municipales para el Ejercicio 2025 de la Municipalidad Distrital de Bre§a,https://epdoc2.elperuano.pe/EpPo/VistaDE.asp?Referencias=MjM1NTY2NC0xMjAyNDEyMjc=,31/12/2024,,,,,,,,,,,,,,,,,,,,,,,,,,,,,,,,,,,,,,
27/12/2024,2355101-1,MUNICIPALIDAD DE CHORRILLOS,Ordenanzas,N¯ 503-MDCH y Acuerdo N¯ 496,Ordenanza que regula el monto del Derecho de Emisi¢n Mecanizada de Actualizaci¢n de Valores Determinaci¢n de Impuesto Predial y Arbitrios Municipales y Distribuci¢n Domiciliaria correspondiente al Ejercicio Fiscal 2025,https://epdoc2.elperuano.pe/EpPo/VistaDE.asp?Referencias=MjM1NTEwMS0xMjAyNDEyMjc=,31/12/2024,,,,,,,,,,,,,,,,,,,,,,,,,,,,,,,,,,,,,,
27/12/2024,2355273-1,MUNICIPALIDAD DE CHORRILLOS,Ordenanzas,N¯ 505/MDCH,Ordenanza Municipal que aprueba la creaci¢n del Centro de Capacitaci¢n de Serenos de la Municipalidad Distrital de Chorrillos,https://epdoc2.elperuano.pe/EpPo/VistaDE.asp?Referencias=MjM1NTI3My0xMjAyNDEyMjc=,31/12/2024,,,,,,,,,,,,,,,,,,,,,,,,,,,,,,,,,,,,,,
27/12/2024,2357356-1,MUNICIPALIDAD DE JESUS MARIA,Decretos de Alcald°a,N¯ 018-2024-MDJM,Prorrogan vigencia de la Ordenanza Nß 732-MDJM que otorg¢ beneficios tributarios para contribuyentes que actualicen voluntariamente las modificaciones de sus predios y/o hayan pasado por un proceso de fiscalizaci¢n tributaria en el distrito de Jes£s Mar°a,https://epdoc2.elperuano.pe/EpPo/VistaDE.asp?Referencias=MjM1NzM1Ni0xMjAyNDEyMjc=,31/12/2024,,,,,,,,,,,,,,,,,,,,,,,,,,,,,,,,,,,,,,
27/12/2024,2357365-1,MUNICIPALIDAD DE JESUS MARIA,Ordenanzas,N¯ 735-MDJM,Ordenanza que aprueba el Plan de Desarrollo Local Concertado 2024 ? 2034 del distrito de Jes£s Mar°a,https://epdoc2.elperuano.pe/EpPo/VistaDE.asp?Referencias=MjM1NzM2NS0xMjAyNDEyMjc=,31/12/2024,,,,,,,,,,,,,,,,,,,,,,,,,,,,,,,,,,,,,,
27/12/2024,2357214-1,MUNICIPALIDAD DE PUEBLO LIBRE,Ordenanzas,N¯ 626-MPL,Ordenanza que fija el calendario tributario incentivos por pronto pago y pago m°nimo del impuesto predial correspondiente al ejercicio 2025,https://epdoc2.elperuano.pe/EpPo/VistaDE.asp?Referencias=MjM1NzIxNC0xMjAyNDEyMjc=,31/12/2024,,,,,,,,,,,,,,,,,,,,,,,,,,,,,,,,,,,,,,
27/12/2024,2350843-1,MUNICIPALIDAD DE SAN JUAN DE MIRAFLORES,DECRETO DE ALCALDIA,N¯ 021-2024/MDSJM,Aprueban Reglamento de la Ordenanza N¯ 492/MDSJM ? de Promoci¢n de la Agricultura Urbana como Estrategia de Seguridad Alimentaria en el distrito de San Juan de Miraflores,https://busquedas.elperuano.pe/dispositivo/NL/2350843-1,31/12/2024,,,,,,,,,,,,,,,,,,,,,,,,,,,,,,,,,,,,,,
27/12/2024,2356423-1,MUNICIPALIDAD DE SAN JUAN DE MIRAFLORES,ORDENANZA,N¯ 528/MDSJM y Acuerdo N¯ 471,Ordenanza que aprueba el RÇgimen Tributario de los Arbitrios Municipales de Limpieza P£blica (Barrido de Calles y Recolecci¢n de Residuos S¢lidos) Parques y Jardines y Serenazgo en el distrito de San Juan de Miraflores para el Ejercicio 2025,https://epdoc2.elperuano.pe/EpPo/VistaNLSE.asp?Referencias=MjM1NjQyMy0xMjAyNDEyMjc=,31/12/2024,,,,,,,,,,,,,,,,,,,,,,,,,,,,,,,,,,,,,,
27/12/2024,2357324-1,MUNICIPALIDAD PROVINCIAL DEL CALLAO,ANEXO,Ordenanza N¯ 031-2024/MPC,Anexo de la Ordenanza Municipal N¯ 031-2024/MPC que establece montos de emisi¢n determinaci¢n y distribuci¢n de Cuponera Tributaria del Impuesto Predial y Arbitrios Municipales e Impuesto Vehicular del ejercicio fiscal 2025,https://busquedas.elperuano.pe/dispositivo/NL/2357324-1,31/12/2024,,,,,,,,,,,,,,,,,,,,,,,,,,,,,,,,,,,,,,
26/12/2024,2357174-1,DEFENSA,RESOLUCION MINISTERIAL,N¯ 01771-2024-DE,Autorizan transferencia financiera de recursos a favor de la Caja de Pensiones Militar Policial destinados al financiamiento del pago de obligaciones previsionales,https://busquedas.elperuano.pe/dispositivo/NL/2357174-1,31/12/2024,,,,,,,,,,,,,,,,,,,,,,,,,,,,,,,,,,,,,,
26/12/2024,2357306-1,ECONOMIA Y FINANZAS,DECRETO SUPREMO,N¯ 285-2024-EF,Aprueban el reglamento de la Ley N¯ 32201 Ley que establece un rÇgimen excepcional del impuesto a la renta para promover la formalizaci¢n de la econom°a y ampliaci¢n de la base tributaria de contribuyentes respecto de rentas no declaradas al 31 de diciembre de 2022,https://busquedas.elperuano.pe/dispositivo/NL/2357306-1,31/12/2024,,,,,,,,,,,,,,,,,,,,,,,,,,,,,,,,,,,,,,
26/12/2024,2357049-1,ECONOMIA Y FINANZAS,RESOLUCION MINISTERIAL,N¯ 400-2024-EF/52,Resoluci¢n Ministerial que acepta el Aporte Financiero No Reembolsable que otorga el Kreditanstalt fÅr Wiederaufbau (KfW) destinado a financiar la medida complementaria del Programa de Apoyo al NAMA de Transporte Urbano Sostenible en el Per£ Fase III y IV,https://busquedas.elperuano.pe/dispositivo/NL/2357049-1,31/12/2024,,,,,,,,,,,,,,,,,,,,,,,,,,,,,,,,,,,,,,
26/12/2024,2356784-1,INTERIOR,RESOLUCION MINISTERIAL,N¯ 1860-2024-IN,Designan Asesor II del Despacho Viceministerial de Seguridad P£blica,https://busquedas.elperuano.pe/dispositivo/NL/2356784-1,31/12/2024,,,,,,,,,,,,,,,,,,,,,,,,,,,,,,,,,,,,,,
26/12/2024,2356817-1,INTERIOR,RESOLUCION MINISTERIAL,N¯ 1861-2024-IN,Designan representante de la Polic°a Nacional del Per£ vinculado al rÇgimen de salud policial para que integre el Directorio del Fondo de Aseguramiento en Salud de la Polic°a Nacional del Per£ ? SALUDPOL,https://busquedas.elperuano.pe/dispositivo/NL/2356817-1,31/12/2024,,,,,,,,,,,,,,,,,,,,,,,,,,,,,,,,,,,,,,
26/12/2024,2355039-1,PRODUCE,RESOLUCION DIRECTORAL,N¯ 032-2024-INACAL/DN,Aprueban Normas TÇcnicas Peruanas correspondientes a Bebidas alcoh¢licas vitivin°colas Leche y productos l†cteos Maca y otros; en su versi¢n 2024,https://busquedas.elperuano.pe/dispositivo/NL/2355039-1,31/12/2024,,,,,,,,,,,,,,,,,,,,,,,,,,,,,,,,,,,,,,
26/12/2024,2356912-1,TRANSPORTES Y COMUNICACIONES,RESOLUCION DIRECTORAL,N¯ 035-2024-MTC/18,Disponen la publicaci¢n del proyecto de Resoluci¢n Directoral que aprueba los Lineamientos para la evaluaci¢n de la utilidad econ¢mica del veh°culo declarado en abandono y su Anexo,https://busquedas.elperuano.pe/dispositivo/NL/2356912-1,31/12/2024,,,,,,,,,,,,,,,,,,,,,,,,,,,,,,,,,,,,,,
26/12/2024,2356908-1,TRANSPORTES Y COMUNICACIONES,RESOLUCION MINISTERIAL,N¯ 774-2024-MTC/01.03,Otorgan a la empresa KADO TELECOMUNICACIONES S.A.C. concesi¢n £nica para la prestaci¢n de servicios p£blicos de telecomunicaciones en †rea que comprende todo el territorio nacional,https://busquedas.elperuano.pe/dispositivo/NL/2356908-1,31/12/2024,,,,,,,,,,,,,,,,,,,,,,,,,,,,,,,,,,,,,,
26/12/2024,2356453-1,ARCHIVO GENERAL DE LA NACION,RESOLUCION JEFATURAL,N¯ 000375-2024-AGN/JEF,Designan director de la Direcci¢n de Desarrollo de Pol°ticas Archiv°sticas del Archivo General de la Naci¢n,https://busquedas.elperuano.pe/dispositivo/NL/2356453-1,31/12/2024,,,,,,,,,,,,,,,,,,,,,,,,,,,,,,,,,,,,,,
26/12/2024,2356911-1,BIBLIOTECA NACIONAL DEL PERU,RESOLUCION JEFATURAL,N¯ 000212-2024-BNP,Designan Coordinadora de Gesti¢n del Dep¢sito Legal y Selecci¢n de Colecciones,https://busquedas.elperuano.pe/dispositivo/NL/2356911-1,31/12/2024,,,,,,,,,,,,,,,,,,,,,,,,,,,,,,,,,,,,,,
26/12/2024,2357109-1,ORGANISMO SUPERVISOR DE LA INVERSI‡N EN ENERG÷A Y MINER÷A,RESOLUCION,N¯ 047-2024-OS/GRT,Resoluci¢n mediante la cual se fijan las Bandas de Precios y los M†rgenes Comerciales aplicables al Petr¢leo Industrial 6 utilizado en Generaci¢n ElÇctrica en Sistemas Aislados y al DiÇsel B5 destinado al uso vehicular,https://busquedas.elperuano.pe/dispositivo/NL/2357109-1,31/12/2024,,,,,,,,,,,,,,,,,,,,,,,,,,,,,,,,,,,,,,
26/12/2024,2356928-1,SUPERINTENDENCIA NACIONAL DE ADUANAS Y DE ADMINISTRACI‡N TRIBUTARIA,RESOLUCION,N¯ 000293-2024/SUNAT,Resoluci¢n de Superintendencia que posterga la oportunidad desde la cual deben llevar sus Registros en el Sistema Integrado de Registros Electr¢nicos determinados sujetos obligados a ello a partir del periodo enero de 2025,https://busquedas.elperuano.pe/dispositivo/NL/2356928-1,31/12/2024,,,,,,,,,,,,,,,,,,,,,,,,,,,,,,,,,,,,,,
26/12/2024,2356933-1,SUPERINTENDENCIA NACIONAL DE ADUANAS Y DE ADMINISTRACI‡N TRIBUTARIA,RESOLUCION,N¯ 000294-2024/SUNAT,Resoluci¢n de Superintendencia que aprueba el Formulario Virtual para declarar y/o pagar el Impuesto General a las Ventas percibido y/o retenido seg£n el art°culo 49-A de la Ley del Impuesto General a las Ventas e Impuesto Selectivo al Consumo; crea la Plataforma Declaraci¢n y Pago para No Domiciliados y regula la declaraci¢n y pago en d¢lares y la compensaci¢n,https://busquedas.elperuano.pe/dispositivo/NL/2356933-1,31/12/2024,,,,,,,,,,,,,,,,,,,,,,,,,,,,,,,,,,,,,,
26/12/2024,2356067-1,"SUPERINTENDENCIA DE BANCA, SEGUROS Y ADMINISTRADORAS PRIVADAS DE FONDOS DE PENSIONES",RESOLUCION,SBS N¯ 04356-2024,Ampl°an el tratamiento excepcional referido a la pr¢rroga para la tenencia de bienes adjudicados y recuperados establecido en la Primera Disposici¢n Final y Transitoria del Reglamento para el Tratamiento de los Bienes Adjudicados y Recuperados y sus Provisiones aprobado por la Resoluci¢n SBS N¯ 1535-2005,https://busquedas.elperuano.pe/dispositivo/NL/2356067-1,31/12/2024,,,,,,,,,,,,,,,,,,,,,,,,,,,,,,,,,,,,,,
26/12/2024,2356160-1,"SUPERINTENDENCIA DE BANCA, SEGUROS Y ADMINISTRADORAS PRIVADAS DE FONDOS DE PENSIONES",RESOLUCION,SBS N¯ 04357-2024,Aprueban medidas de austeridad racionalidad disciplina en el gasto y de ingresos de personal aplicables en la Superintendencia de Banca Seguros y Administradoras de Fondo de Pensiones en el ejercicio 2025,https://busquedas.elperuano.pe/dispositivo/NL/2356160-1,31/12/2024,,,,,,,,,,,,,,,,,,,,,,,,,,,,,,,,,,,,,,
26/12/2024,2357034-1,GOBIERNO REGIONAL DE ICA,RESOLUCION,N¯ 832-2024-GORE-ICA/GR,Promulgan la reducci¢n del Presupuesto Institucional del Gobierno Regional del departamento de Ica para el A§o Fiscal 2024,https://busquedas.elperuano.pe/dispositivo/NL/2357034-1,31/12/2024,,,,,,,,,,,,,,,,,,,,,,,,,,,,,,,,,,,,,,
26/12/2024,2354633-1,MUNICIPALIDAD DE CARABAYLLO,ORDENANZA,N¯ 509-MDC,Ordenanza que prorroga para el Ejercicio 2025 la Vigencia de la Ordenanza N¯ 490/MDC que aprob¢ el monto del derecho de emisi¢n mecanizada de actualizaci¢n de valores determinaci¢n del tributo y distribuci¢n domiciliaria del Impuesto Predial y Arbitrios Municipales del Ejercicio 2024,https://busquedas.elperuano.pe/dispositivo/NL/2354633-1,31/12/2024,,,,,,,,,,,,,,,,,,,,,,,,,,,,,,,,,,,,,,
26/12/2024,2355407-1,MUNICIPALIDAD DE CHACLACAYO,ORDENANZA,N¯ 513-2024-MDCH,Aprueban la actualizaci¢n de la Comisi¢n Ambiental Municipal (CAM) del distrito de Chaclacayo,https://busquedas.elperuano.pe/dispositivo/NL/2355407-1,31/12/2024,,,,,,,,,,,,,,,,,,,,,,,,,,,,,,,,,,,,,,
26/12/2024,2355784-1,MUNICIPALIDAD DE SAN LUIS,ORDENANZA,N¯ 371-2024-MDSL/C,Prorrogan para el Ejercicio 2025 la vigencia de la Ordenanza Nß 355-MDSL/C que establece el monto por derecho de emisi¢n mecanizada de actualizaci¢n de valores determinaci¢n y distribuci¢n - Impuesto Predial y Arbitrios Municipales 2024,https://busquedas.elperuano.pe/dispositivo/NL/2355784-1,31/12/2024,,,,,,,,,,,,,,,,,,,,,,,,,,,,,,,,,,,,,,
26/12/2024,2355125-1,MUNICIPALIDAD DE SANTIAGO DE SURCO,ORDENANZA,N¯ 711-MSS y Acuerdo N¯ 439,Ordenanza que establece para el ejercicio fiscal 2025 el reajuste con el ÷ndice de Precios al Consumidor de los costos y tasas de los servicios de Limpieza P£blica (Recolecci¢n de Residuos S¢lidos Barrido de Calles) Parques y Jardines P£blicos y Serenazgo aprobados para el ejercicio 2024,https://epdoc2.elperuano.pe/EpPo/VistaNLSE.asp?Referencias=MjM1NTEyNS0xMjAyNDEyMjY=,31/12/2024,,,,,,,,,,,,,,,,,,,,,,,,,,,,,,,,,,,,,,
26/12/2024,2356484-1,MUNICIPALIDAD DE PACHACAMAC,ORDENANZA,N¯ 348-2024-MDP/C y Acuerdo N¯ 463,Ordenanza que establece el derecho de emisi¢n mecanizada de actualizaci¢n de valores de la declaraci¢n jurada y liquidaci¢n del impuesto predial y arbitrios municipales del ejercicio fiscal 2025,https://busquedas.elperuano.pe/dispositivo/NL/2356484-1,31/12/2024,,,,,,,,,,,,,,,,,,,,,,,,,,,,,,,,,,,,,,
25/12/2024,2357007-1,AMBIENTE,RESOLUCION MINISTERIAL,N¯ 00443-2024-MINAM,Declaran en Emergencia Ambiental †rea geogr†fica por un plazo de noventa (90) d°as h†biles y aprueban Plan de Acci¢n Inmediato y a Corto Plazo,https://busquedas.elperuano.pe/dispositivo/NL/2357007-1,31/12/2024,,,,,,,,,,,,,,,,,,,,,,,,,,,,,,,,,,,,,,
25/12/2024,2356949-1,DEFENSA,RESOLUCION MINISTERIAL,N¯ 01769-2024-DE,Aprueban el Plan Operativo Institucional ? POI Anual 2025 del Ministerio de Defensa,https://busquedas.elperuano.pe/dispositivo/NL/2356949-1,31/12/2024,,,,,,,,,,,,,,,,,,,,,,,,,,,,,,,,,,,,,,
25/12/2024,2356990-1,ECONOMIA Y FINANZAS,RESOLUCION MINISTERIAL,N¯ 399-2024-EF/52,Resoluci¢n Ministerial que dicta disposiciones para la implementaci¢n de una operaci¢n de administraci¢n de deuda y emisi¢n de bonos,https://busquedas.elperuano.pe/dispositivo/NL/2356990-1,31/12/2024,,,,,,,,,,,,,,,,,,,,,,,,,,,,,,,,,,,,,,
25/12/2024,2355691-1,ENERGIA Y MINAS,RESOLUCION MINISTERIAL,N¯ 470-2024-MINEM/DM,Aprueban primera modificaci¢n de concesi¢n definitiva para desarrollar la actividad de generaci¢n de energ°a elÇctrica que utilice recursos h°dricos para el proyecto Centrales HidroelÇctricas Limacpunco Ttio y Capiri,https://busquedas.elperuano.pe/dispositivo/NL/2355691-1,31/12/2024,,,,,,,,,,,,,,,,,,,,,,,,,,,,,,,,,,,,,,
25/12/2024,2356989-1,INTERIOR,RESOLUCION MINISTERIAL,N¯ 1869-2024-IN,Autorizan viaje de personal de la Polic°a Nacional del Per£ a Colombia en comisi¢n de servicios,https://busquedas.elperuano.pe/dispositivo/NL/2356989-1,31/12/2024,,,,,,,,,,,,,,,,,,,,,,,,,,,,,,,,,,,,,,
25/12/2024,2357008-1,INTERIOR,RESOLUCION MINISTERIAL,N¯ 1871-2024-IN,Aprueban desagregaci¢n de recursos a favor del Ministerio del Interior para financiar la transferencia financiera que debe efectuar a la Caja de Pensiones Militar Policial (CPMP),https://busquedas.elperuano.pe/dispositivo/NL/2357008-1,31/12/2024,,,,,,,,,,,,,,,,,,,,,,,,,,,,,,,,,,,,,,
25/12/2024,2355458-1,TRANSPORTES Y COMUNICACIONES,RESOLUCION MINISTERIAL,N¯ 754-2024-MTC/01.02,Aprueban ejecuci¢n de expropiaci¢n de †reas afectadas de bienes inmuebles para la ejecuci¢n de la obra: Aeropuerto Cadete FAP Guillermo del Castillo Paredes ubicado en el distrito de Tarapoto provincia y departamento de San Mart°n,https://busquedas.elperuano.pe/dispositivo/NL/2355458-1,31/12/2024,,,,,,,,,,,,,,,,,,,,,,,,,,,,,,,,,,,,,,
25/12/2024,2356830-1,TRANSPORTES Y COMUNICACIONES,RESOLUCION MINISTERIAL,N¯ 775-2024-MTC/01.02,Aprueban especificaciones tÇcnicas y formatos del Certificado contra Accidentes de Tr†nsito ? CAT de la Calcoman°a y del Holograma de Seguridad,https://busquedas.elperuano.pe/dispositivo/NL/2356830-1,31/12/2024,,,,,,,,,,,,,,,,,,,,,,,,,,,,,,,,,,,,,,
25/12/2024,2356866-1,TRANSPORTES Y COMUNICACIONES,RESOLUCION MINISTERIAL,N¯ 776-2024-MTC/01.02,Aprueban ejecuci¢n de expropiaci¢n de †reas afectadas de inmueble para la ejecuci¢n de la Obra: Autopista del Sol (Trujillo - Chiclayo - Piura - Sullana) y el valor de tasaci¢n,https://busquedas.elperuano.pe/dispositivo/NL/2356866-1,31/12/2024,,,,,,,,,,,,,,,,,,,,,,,,,,,,,,,,,,,,,,
25/12/2024,2356886-1,TRANSPORTES Y COMUNICACIONES,RESOLUCION MINISTERIAL,N¯ 777-2024-MTC/01.02,Aprueban ejecuci¢n de Expropiaci¢n de †reas afectadas de inmuebles para la ejecuci¢n de la obra: Construcci¢n de Puentes por Reemplazo en la Zona Norte del Pa°s Obra 4 (Puente S/N Puente S/N Puente S/N Puente El Pavo Pont¢n Puente La Leche Puente Chele Pont¢n) y los valores de tasaci¢n,https://busquedas.elperuano.pe/dispositivo/NL/2356886-1,31/12/2024,,,,,,,,,,,,,,,,,,,,,,,,,,,,,,,,,,,,,,
25/12/2024,2356894-1,TRANSPORTES Y COMUNICACIONES,RESOLUCION MINISTERIAL,N¯ 778-2024-MTC/01.03,Aprueban ejecuci¢n de expropiaci¢n de †rea afectada de un (1) inmueble para la ejecuci¢n del proyecto: Instalaci¢n de Banda Ancha para la conectividad integral y Desarrollo Social de la regi¢n Lima,https://busquedas.elperuano.pe/dispositivo/NL/2356894-1,31/12/2024,,,,,,,,,,,,,,,,,,,,,,,,,,,,,,,,,,,,,,
25/12/2024,2356895-1,TRANSPORTES Y COMUNICACIONES,RESOLUCION MINISTERIAL,N¯ 773-2024-MTC/01.03,Otorgan a la empresa MULTISERVICIOS G&J WIFI S.A.C. Concesi¢n Ènica para la prestaci¢n de servicios p£blicos de telecomunicaciones en †rea que comprende todo el territorio de la Rep£blica,https://busquedas.elperuano.pe/dispositivo/NL/2356895-1,31/12/2024,,,,,,,,,,,,,,,,,,,,,,,,,,,,,,,,,,,,,,
25/12/2024,2357006-1,"VIVIENDA, CONSTRUCCI‡N Y SANEAMIENTO",RESOLUCION MINISTERIAL,N¯ 476-2024-VIVIENDA,Autorizan Transferencia Financiera a favor de la Entidad Prestadora de Servicio de Saneamiento Grau S.A.,https://busquedas.elperuano.pe/dispositivo/NL/2357006-1,31/12/2024,,,,,,,,,,,,,,,,,,,,,,,,,,,,,,,,,,,,,,
25/12/2024,2356683-1,SUPERINTENDENCIA NACIONAL DE ADUANAS Y DE ADMINISTRACI‡N TRIBUTARIA,RESOLUCION,N¯ 000044-2024-SUNAT/700000,Designan Ejecutor Coactivo de la Intendencia de Tributos Internos Cusco,https://busquedas.elperuano.pe/dispositivo/NL/2356683-1,31/12/2024,,,,,,,,,,,,,,,,,,,,,,,,,,,,,,,,,,,,,,
25/12/2024,2356774-1,SUPERINTENDENCIA NACIONAL DE ADUANAS Y DE ADMINISTRACI‡N TRIBUTARIA,RESOLUCION,N¯ 000045-2024-SUNAT/700000,Dejan sin efecto designaci¢n de Ejecutor Coactivo encargado de la gesti¢n de cobranza coactiva de la Intendencia Lima,https://busquedas.elperuano.pe/dispositivo/NL/2356774-1,31/12/2024,,,,,,,,,,,,,,,,,,,,,,,,,,,,,,,,,,,,,,
25/12/2024,2356809-1,GOBIERNO REGIONAL DE APURIMAC,RESOLUCION,N¯ 415-2023-GR. APURIMAC/GR.,Delegan diversas facultades y atribuciones en funcionarios y ¢rganos del Gobierno Regional de Apur°mac,https://busquedas.elperuano.pe/dispositivo/NL/2356809-1,31/12/2024,,,,,,,,,,,,,,,,,,,,,,,,,,,,,,,,,,,,,,
25/12/2024,2356900-1,GOBIERNO REGIONAL DE PIURA,ORDENANZA,N¯ 515-2024/GRP-CR,Ordenanza Regional que aprueba el Nuevo Reglamento Interno del Consejo Regional del Gobierno Regional Piura,https://busquedas.elperuano.pe/dispositivo/NL/2356900-1,31/12/2024,,,,,,,,,,,,,,,,,,,,,,,,,,,,,,,,,,,,,,
25/12/2024,2356614-1,MUNICIPALIDAD METROPOLITANA DE LIMA,RESOLUCION,N¯ D004334-2024-MML-GMU-SER,Ampl°an plazo de duraci¢n del Plan Piloto de la implementaci¢n de un (1) Carril Especial en cada sentido de la v°a (lado derecho de la calzada) para la circulaci¢n de veh°culos menores motorizados (tipo motocicleta) el cual ser† de uso compartido con el resto de modos de transporte permitidos en la v°a Circuito de Playas de la Costa Verde y sus accesos tramo: L°mite con la Provincia Constitucional del Callao hasta el Acceso Regatas,https://busquedas.elperuano.pe/dispositivo/NL/2356614-1,31/12/2024,,,,,,,,,,,,,,,,,,,,,,,,,,,,,,,,,,,,,,
25/12/2024,2355437-1,MUNICIPALIDAD DE CHACLACAYO,ORDENANZA,N¯ 512-2024-MDCH,Aprueban la regularizaci¢n de licencias de habilitaciones urbanas y edificaciones ejecutadas sin licencia municipal conformidad de obra y declaratoria de edificaciones,https://busquedas.elperuano.pe/dispositivo/NL/2355437-1,31/12/2024,,,,,,,,,,,,,,,,,,,,,,,,,,,,,,,,,,,,,,
25/12/2024,2356337-1,MUNICIPALIDAD DE CHACLACAYO,ORDENANZA,N¯ 515-2024-MDCH,Ordenanza que fija el pago m°nimo del impuesto predial 2025 calendario tributario y otorga incentivos por pronto pago,https://busquedas.elperuano.pe/dispositivo/NL/2356337-1,31/12/2024,,,,,,,,,,,,,,,,,,,,,,,,,,,,,,,,,,,,,,
25/12/2024,2356342-1,MUNICIPALIDAD DE CHACLACAYO,ORDENANZA,N¯ 516-2024/MDCH,Ordenanza que ampl°a el horario ordinario de funcionamiento de los establecimientos comerciales autorizados en el distrito de Chaclacayo,https://busquedas.elperuano.pe/dispositivo/NL/2356342-1,31/12/2024,,,,,,,,,,,,,,,,,,,,,,,,,,,,,,,,,,,,,,
25/12/2024,2355907-1,MUNICIPALIDAD DE VILLA MARIA DEL TRIUNFO,ORDENANZA,N¯ 379-MDVMT y Acuerdo N¯ 476,Establecen el rÇgimen tributario de los arbitrios de barrido de calles recolecci¢n de residuos s¢lidos parques y jardines y serenazgo correspondiente al ejercicio fiscal 2025 en el distrito de Villa Mar°a del Triunfo,https://epdoc2.elperuano.pe/EpPo/VistaNLSE.asp?Referencias=MjM1NTkwNy0xMjAyNDEyMjU=,31/12/2024,,,,,,,,,,,,,,,,,,,,,,,,,,,,,,,,,,,,,,
25/12/2024,2355565-1,MUNICIPALIDAD DE VENTANILLA,DECRETO DE ALCALDIA,N¯ 012-2024/MDV-ALC,Prorrogan vigencia de la Ordenanza N¯ 06-2024/MDV que aprueba el Programa de Vivienda Ventanilla ? PROVIVE y establece otras disposiciones,https://busquedas.elperuano.pe/dispositivo/NL/2355565-1,31/12/2024,,,,,,,,,,,,,,,,,,,,,,,,,,,,,,,,,,,,,,
25/12/2024,2354622-1,MUNICIPALIDAD DE VENTANILLA,ORDENANZA,N¯ 013-2024/MDV y Acuerdo N¯ 107-2024 AC/MPC,Ordenanza que aprueba el rÇgimen tributario de los arbitrios municipales de limpieza p£blica (recolecci¢n de residuos s¢lidos y barrido de calles) parques y jardines y serenazgo del distrito de Ventanilla para el ejercicio fiscal 2025,https://epdoc2.elperuano.pe/EpPo/VistaNLSE.asp?Referencias=MjM1NDYyMi0xMjAyNDEyMjU=,31/12/2024,,,,,,,,,,,,,,,,,,,,,,,,,,,,,,,,,,,,,,
25/12/2024,2356574-1,MUNICIPALIDAD DE MI PERÈ,ORDENANZA,N¯ 176-MDMP y Acuerdo N¯ 101-2024 AC/MPC,Ordenanza que aprueba el RÇgimen Tributario de los Arbitrios Municipales de Barrido de Calles Recolecci¢n de Residuos S¢lidos Parques y Jardines y Serenazgo para el Ejercicio Fiscal 2025,https://epdoc2.elperuano.pe/EpPo/VistaNLSE.asp?Referencias=MjM1NjU3NC0xMjAyNDEyMjU=,31/12/2024,,,,,,,,,,,,,,,,,,,,,,,,,,,,,,,,,,,,,,
24/12/2024,2356667-1,AMBIENTE,RESOLUCION MINISTERIAL,N¯ 00439-2024-MINAM,Crean el Grupo de Trabajo Multisectorial para la elaboraci¢n del Inventario Nacional del Patrimonio Natural de naturaleza temporal dependiente del Ministerio del Ambiente,https://busquedas.elperuano.pe/dispositivo/NL/2356667-1,31/12/2024,,,,,,,,,,,,,,,,,,,,,,,,,,,,,,,,,,,,,,
24/12/2024,2356884-1,AMBIENTE,RESOLUCION MINISTERIAL,N¯ 00441-2024-MINAM,Modifican el Presupuesto Institucional del Pliego 005 Ministerio del Ambiente para el A§o Fiscal 2024,https://busquedas.elperuano.pe/dispositivo/NL/2356884-1,31/12/2024,,,,,,,,,,,,,,,,,,,,,,,,,,,,,,,,,,,,,,
24/12/2024,2356658-1,DESARROLLO AGRARIO Y RIEGO,RESOLUCION MINISTERIAL,N¯ 0422-2024-MIDAGRI,Disponen publicaci¢n de proyecto de Decreto Supremo que aprueba el Reglamento de Participaci¢n Ciudadana para la Gesti¢n Ambiental del Sector Agrario y de Riego as° como su Exposici¢n de Motivos,https://busquedas.elperuano.pe/dispositivo/NL/2356658-1,31/12/2024,,,,,,,,,,,,,,,,,,,,,,,,,,,,,,,,,,,,,,
24/12/2024,2356997-1,ECONOMIA Y FINANZAS,DECRETO SUPREMO,N¯ 284-2024-EF,Decreto Supremo que autoriza Transferencia de Partidas en el Presupuesto del Sector P£blico para el A§o Fiscal 2024 a favor del Ministerio de Defensa y del Ministerio del Interior,https://busquedas.elperuano.pe/dispositivo/NL/2356997-1,31/12/2024,,,,,,,,,,,,,,,,,,,,,,,,,,,,,,,,,,,,,,
24/12/2024,2356983-1,INTERIOR,RESOLUCION MINISTERIAL,N¯ 1867-2024-IN,Modifican art. 1 de la R.M. N¯ 1847-2024-IN que formaliz¢ ascensos al grado de Mayor de Armas de la Polic°a Nacional del Per£,https://busquedas.elperuano.pe/dispositivo/NL/2356983-1,31/12/2024,,,,,,,,,,,,,,,,,,,,,,,,,,,,,,,,,,,,,,
24/12/2024,2356985-1,INTERIOR,RESOLUCION MINISTERIAL,N¯ 1868-2024-IN,Modifican en parte el art°culo 2 de la R.M. N¯ 1846-2024-IN que formaliza el ascenso de Mayores de Servicios al grado de Comandante de Servicios de la Polic°a Nacional del Per£,https://busquedas.elperuano.pe/dispositivo/NL/2356985-1,31/12/2024,,,,,,,,,,,,,,,,,,,,,,,,,,,,,,,,,,,,,,
24/12/2024,2356570-1,MUJER Y POBLACIONES VULNERABLES,RESOLUCION MINISTERIAL,N¯ 381-2024-MIMP,Aprueban el Plan Operativo Institucional (POI) Anual 2024 Actualizado del Ministerio de la Mujer y Poblaciones Vulnerables,https://busquedas.elperuano.pe/dispositivo/NL/2356570-1,31/12/2024,,,,,,,,,,,,,,,,,,,,,,,,,,,,,,,,,,,,,,
24/12/2024,2356571-1,MUJER Y POBLACIONES VULNERABLES,RESOLUCION MINISTERIAL,N¯ 382-2024-MIMP,Aprueban el Plan Operativo Institucional (POI) 2025 consistente con el Presupuesto Institucional de Apertura (PIA) 2025 del Ministerio de la Mujer y Poblaciones Vulnerables,https://busquedas.elperuano.pe/dispositivo/NL/2356571-1,31/12/2024,,,,,,,,,,,,,,,,,,,,,,,,,,,,,,,,,,,,,,
24/12/2024,2356967-1,COMISION NACIONAL PARA EL DESARROLLO Y VIDA SIN DROGAS,RESOLUCION,N¯ 000213-2024-DV-PE,Autorizan transferencia de recursos a favor de la Embajada de los Estados Unidos de AmÇrica en el Per£ para financiar la ejecuci¢n de la Actividad Transferencias para las Intervenciones de Reducci¢n de Cultivos con Fines Il°citos,https://busquedas.elperuano.pe/dispositivo/NL/2356967-1,31/12/2024,,,,,,,,,,,,,,,,,,,,,,,,,,,,,,,,,,,,,,
24/12/2024,2356687-1,SUPERINTENDENCIA DEL MERCADO DE VALORES,RESOLUCION,N¯ 013-2024-SMV/01,Establecen criterios razonables y objetivos para la determinaci¢n de los procedimientos administrativos sancionadores de alta complejidad,https://busquedas.elperuano.pe/dispositivo/NL/2356687-1,31/12/2024,,,,,,,,,,,,,,,,,,,,,,,,,,,,,,,,,,,,,,
24/12/2024,2356617-1,SUPERINTENDENCIA NACIONAL DE MIGRACIONES,RESOLUCION,N¯ 000211-2024-MIGRACIONES,Aprueban actualizaci¢n del Protocolo Gesti¢n de tr†mites vinculados al control migratorio con c¢digo M01.DRCM.PTL.004 versi¢n 02,https://busquedas.elperuano.pe/dispositivo/NL/2356617-1,31/12/2024,,,,,,,,,,,,,,,,,,,,,,,,,,,,,,,,,,,,,,
24/12/2024,2356833-1,SUPERINTENDENCIA NACIONAL DE MIGRACIONES,RESOLUCION,N¯ 000214-2024-MIGRACIONES,Autorizan transferencia al Registro Nacional de Identificaci¢n y Estado Civil ? RENIEC de 300 Registros (T°tulos) y 10434 expedientes del periodo comprendido entre 1940 ? 2019; contenidos en ciento treinta y ocho (138) cajas archiveras de la serie documental Hijos de Peruanos Nacidos en el Extranjero,https://busquedas.elperuano.pe/dispositivo/NL/2356833-1,31/12/2024,,,,,,,,,,,,,,,,,,,,,,,,,,,,,,,,,,,,,,
24/12/2024,2356645-1,SUPERINTENDENCIA NACIONAL DE SALUD,RESOLUCION,N¯ 237-2024-SUSALUD/S,Modifican la norma que regula la Obligaci¢n de las IAFAS de informar a la Superintendencia Nacional de Salud los Hechos Relevantes aprobada con Resoluci¢n de Superintendencia N¯ 045-2014-SUPERINTENDENCIA NACIONAL DE SALUD/S.,https://busquedas.elperuano.pe/dispositivo/NL/2356645-1,31/12/2024,,,,,,,,,,,,,,,,,,,,,,,,,,,,,,,,,,,,,,
24/12/2024,2356655-1,SUPERINTENDENCIA NACIONAL DE SALUD,RESOLUCION,N¯ 238-2024-SUSALUD/S,Delegan facultades en el (la) Gerente General en el (la) Director (a) General de la Oficina General de Administraci¢n en el (la) Director (a) General de la Oficina General de Gesti¢n de las Personas y en el (la) Director (a) General de la Oficina General de Planeamiento y Presupuesto de SUSALUD,https://busquedas.elperuano.pe/dispositivo/NL/2356655-1,31/12/2024,,,,,,,,,,,,,,,,,,,,,,,,,,,,,,,,,,,,,,
24/12/2024,2356673-1,SUPERINTENDENCIA NACIONAL DE SALUD,RESOLUCION,N¯ 239-2024-SUSALUD/S,Aprueban el Reglamento para la presentaci¢n de Informaci¢n Financiera de las Instituciones Administradoras de Fondos de Aseguramiento en Salud ? IAFAS,https://busquedas.elperuano.pe/dispositivo/NL/2356673-1,31/12/2024,,,,,,,,,,,,,,,,,,,,,,,,,,,,,,,,,,,,,,
24/12/2024,2356094-1,INSTITUCIONES EDUCATIVAS,RESOLUCION,N¯ 0564-2024,Aprueban el Cuadro para Asignaci¢n de Personal Provisional de la Universidad Nacional de San Agust°n de Arequipa,https://busquedas.elperuano.pe/dispositivo/NL/2356094-1,31/12/2024,,,,,,,,,,,,,,,,,,,,,,,,,,,,,,,,,,,,,,
24/12/2024,2356314-1,INSTITUCIONES EDUCATIVAS,RESOLUCION,N¯ 1501-2024,Autorizan transferencia financiera de la Universidad Nacional de San Agust°n de Arequipa a favor de la Contralor°a General de la Rep£blica,https://busquedas.elperuano.pe/dispositivo/NL/2356314-1,31/12/2024,,,,,,,,,,,,,,,,,,,,,,,,,,,,,,,,,,,,,,
24/12/2024,2356685-1,GOBIERNO REGIONAL DE ICA,ACUERDO,N¯ 061-2024-GORE-ICA,Aprueban la Reducci¢n de Marco Presupuestal de las fuentes de financiamiento 5 - Recursos Determinados Rubro 15 - Fondo de Compensaci¢n Regional,https://busquedas.elperuano.pe/dispositivo/NL/2356685-1,31/12/2024,,,,,,,,,,,,,,,,,,,,,,,,,,,,,,,,,,,,,,
24/12/2024,2356379-1,MUNICIPALIDAD DE LA MOLINA,Ordenanzas,N¯ 462/MDLM,Ordenanza que regula el comercio ambulatorio en espacios p£blicos en el distrito de La Molina,https://epdoc2.elperuano.pe/EpPo/VistaDE.asp?Referencias=MjM1NjM3OS0xMjAyNDEyMjQ=,31/12/2024,,,,,,,,,,,,,,,,,,,,,,,,,,,,,,,,,,,,,,
24/12/2024,2356431-1,MUNICIPALIDAD DE LA MOLINA,Ordenanzas,N¯ 463-MDLM,Aprueban el Plan de Desarrollo Econ¢mico Local 2024-2030 del distrito de La Molina,https://epdoc2.elperuano.pe/EpPo/VistaDE.asp?Referencias=MjM1NjQzMS0xMjAyNDEyMjQ=,31/12/2024,,,,,,,,,,,,,,,,,,,,,,,,,,,,,,,,,,,,,,
24/12/2024,2353238-1,MUNICIPALIDAD DE SAN BARTOLO,Ordenanzas,N¯ 361-2024/MDSB y Acuerdo N¯ 454,Ordenanza que aprueba el rÇgimen tributario de los arbitrios de recolecci¢n de residuos s¢lidos barridos de calles y v°as p£blicas parques y jardines p£blicos y serenazgo para el a§o 2025,https://epdoc2.elperuano.pe/EpPo/VistaDE.asp?Referencias=MjM1MzIzOC0xMjAyNDEyMjQ=,31/12/2024,,,,,,,,,,,,,,,,,,,,,,,,,,,,,,,,,,,,,,
24/12/2024,2356293-1,MUNICIPALIDAD DE SANTIAGO DE SURCO,DECRETO DE ALCALDIA,N¯ 024-2024-MSS,Prorrogan vigencia de la Ordenanza Nß 699-MSS que otorga incentivos tributarios por la regularizaci¢n de la Declaraci¢n Jurada Predial,https://busquedas.elperuano.pe/dispositivo/NL/2356293-1,31/12/2024,,,,,,,,,,,,,,,,,,,,,,,,,,,,,,,,,,,,,,
24/12/2024,2356301-1,MUNICIPALIDAD DE SANTIAGO DE SURCO,DECRETO DE ALCALDIA,N¯ 025-2024-MSS,Prorrogan vigencia de la Ordenanza Nß 710-MSS que aprueba el RÇgimen de Saneamiento Tributario Especial,https://busquedas.elperuano.pe/dispositivo/NL/2356301-1,31/12/2024,,,,,,,,,,,,,,,,,,,,,,,,,,,,,,,,,,,,,,
24/12/2024,2356321-1,MUNICIPALIDAD DE SANTIAGO DE SURCO,DECRETO DE ALCALDIA,N¯ 026-2024-MSS,Prorrogan vigencia de la Ordenanza N¯ 714-MSS Ordenanza que establece el Beneficio en el pago de Multas Administrativas,https://busquedas.elperuano.pe/dispositivo/NL/2356321-1,31/12/2024,,,,,,,,,,,,,,,,,,,,,,,,,,,,,,,,,,,,,,
24/12/2024,2356525-1,MUNICIPALIDAD PROVINCIAL DEL CALLAO,ORDENANZA,N¯ 030-2024/MPC,Ordenanza que aprueba el RÇgimen Tributario de los Arbitrios Municipales de Limpieza P£blica (Barrido de Calles y Recolecci¢n de Residuos S¢lidos) Parques y Jardines y Serenazgo para el ejercicio 2025 en el Cercado del Callao,https://epdoc2.elperuano.pe/EpPo/VistaNLSE.asp?Referencias=MjM1NjUyNS0xMjAyNDEyMjQ=,31/12/2024,,,,,,,,,,,,,,,,,,,,,,,,,,,,,,,,,,,,,,
24/12/2024,2355712-1,MUNICIPALIDAD DE LA PUNTA,Ordenanzas,N¯ 011-2024-MDLP/AL y Acuerdo N¯ 110-2024 AC/MPC,Ordenanza que prorroga para el ejercicio 2025 la vigencia de la Ordenanza N¯ 010-2023-MDLP/AL que establece para el ejercicio 2024 la vigencia de los montos de las tasas de los arbitrios municipales del ejercicio 2023 reajustados con el ÷ndice de Precios al Consumidor acumulado a setiembre 2023,https://epdoc2.elperuano.pe/EpPo/VistaDE.asp?Referencias=MjM1NTcxMi0xMjAyNDEyMjQ=,31/12/2024,,,,,,,,,,,,,,,,,,,,,,,,,,,,,,,,,,,,,,
24/12/2024,2355714-1,MUNICIPALIDAD DE LA PUNTA,Ordenanzas,N¯ 013-2024-MDLP/AL y Acuerdo N¯ 111-2024 AC/MPC,Ordenanza que prorroga para el ejercicio 2025 la vigencia de la Ordenanza N¯ 009-2023-MDLP/AL que establece montos por concepto de emisi¢n determinaci¢n distribuci¢n y liquidaci¢n del Impuesto Predial y de los Arbitrios Municipales correspondiente al Ejercicio Fiscal 2024,https://epdoc2.elperuano.pe/EpPo/VistaDE.asp?Referencias=MjM1NTcxNC0xMjAyNDEyMjQ=,31/12/2024,,,,,,,,,,,,,,,,,,,,,,,,,,,,,,,,,,,,,,
24/12/2024,2354654-1,MUNICIPALIDAD DE VENTANILLA,ORDENANZA,N¯ 011-2024/MDV y Acuerdo N¯ 108-2024 AC/MPC,Ordenanza Municipal que fija los montos por el servicio de derecho de emisi¢n mecanizada de actualizaci¢n de valores determinaci¢n de impuesto predial y arbitrios municipales y su distribuci¢n a domicilio correspondientes al ejercicio fiscal 2025,https://busquedas.elperuano.pe/dispositivo/NL/2354654-1,31/12/2024,,,,,,,,,,,,,,,,,,,,,,,,,,,,,,,,,,,,,,
23/12/2024,2356556-1,AMBIENTE,RESOLUCION MINISTERIAL,N¯ 00440-2024-MINAM,Disponen publicaci¢n de proyecto de Decreto Supremo que aprueba la Estrategia de Financiamiento Clim†tico para la implementaci¢n de las medidas de adaptaci¢n y mitigaci¢n,https://busquedas.elperuano.pe/dispositivo/NL/2356556-1,31/12/2024,,,,,,,,,,,,,,,,,,,,,,,,,,,,,,,,,,,,,,
23/12/2024,2356562-1,CULTURA,RESOLUCION MINISTERIAL,N¯ 000448-2024-MC,Aprueban el Plan EstratÇgico Institucional (PEI) 2025 ? 2030 del Pliego 003 - Ministerio de Cultura,https://busquedas.elperuano.pe/dispositivo/NL/2356562-1,31/12/2024,,,,,,,,,,,,,,,,,,,,,,,,,,,,,,,,,,,,,,
23/12/2024,2356567-1,CULTURA,RESOLUCION MINISTERIAL,N¯ 000449-2024-MC,Aprueban el Plan Operativo Institucional (POI) Anual 2025 del Pliego 003: Ministerio de Cultura consistente con el Presupuesto Institucional de Apertura para el A§o Fiscal 2025,https://busquedas.elperuano.pe/dispositivo/NL/2356567-1,31/12/2024,,,,,,,,,,,,,,,,,,,,,,,,,,,,,,,,,,,,,,
23/12/2024,2356555-1,CULTURA,RESOLUCION VICE MINISTERIAL,N¯ 000350-2024-VMPCIC/MC,Declaran Patrimonio Cultural de la Naci¢n a los Conocimientos tÇcnicas y pr†cticas asociadas a la elaboraci¢n de la alforja de la provincia de Chota en el departamento de Cajamarca,https://busquedas.elperuano.pe/dispositivo/NL/2356555-1,31/12/2024,,,,,,,,,,,,,,,,,,,,,,,,,,,,,,,,,,,,,,
23/12/2024,2356429-1,DEFENSA,RESOLUCION MINISTERIAL,N¯ 01751-2024-DE,Autorizan viaje de personal militar de la Fuerza AÇrea del Per£ a Colombia en misi¢n de estudios,https://busquedas.elperuano.pe/dispositivo/NL/2356429-1,31/12/2024,,,,,,,,,,,,,,,,,,,,,,,,,,,,,,,,,,,,,,
23/12/2024,2356561-1,DEFENSA,RESOLUCION MINISTERIAL,N¯ 01766-2024-DE,Autorizan viaje de TÇcnico Inspector de la Fuerza AÇrea del Per£ a EE.UU. en comisi¢n especial en el exterior,https://busquedas.elperuano.pe/dispositivo/NL/2356561-1,31/12/2024,,,,,,,,,,,,,,,,,,,,,,,,,,,,,,,,,,,,,,
23/12/2024,2356444-1,DESARROLLO AGRARIO Y RIEGO,RESOLUCION JEFATURAL,N¯ D000225-2024-MIDAGRI-SENASA-JN,Designan Directora General de la Oficina de Planificaci¢n y Desarrollo Institucional del Servicio Nacional de Sanidad Agraria,https://busquedas.elperuano.pe/dispositivo/NL/2356444-1,31/12/2024,,,,,,,,,,,,,,,,,,,,,,,,,,,,,,,,,,,,,,
23/12/2024,2356427-1,DESARROLLO E INCLUSI‡N SOCIAL,RESOLUCION,N¯ D000776-2024-MIDIS/PNAEQW-DE,Designan Jefe de la Unidad Territorial Lambayeque del Programa Nacional de Alimentaci¢n Escolar Qali Warma,https://busquedas.elperuano.pe/dispositivo/NL/2356427-1,31/12/2024,,,,,,,,,,,,,,,,,,,,,,,,,,,,,,,,,,,,,,
23/12/2024,2356546-1,"VIVIENDA, CONSTRUCCI‡N Y SANEAMIENTO",RESOLUCION MINISTERIAL,N¯ 473-2024-VIVIENDA,Modifican el Presupuesto Institucional para el A§o Fiscal 2024 del Pliego 037: Ministerio de Vivienda Construcci¢n y Saneamiento Unidad Ejecutora 001: Ministerio de Vivienda Construcci¢n y Saneamiento - Administraci¢n General,https://busquedas.elperuano.pe/dispositivo/NL/2356546-1,31/12/2024,,,,,,,,,,,,,,,,,,,,,,,,,,,,,,,,,,,,,,
23/12/2024,2356550-1,AUTORIDAD NACIONAL DEL SERVICIO CIVIL,RESOLUCION,N¯ 000206-2024-SERVIR-PE,Formalizan el acuerdo del Consejo Directivo de la Autoridad Nacional del Servicio Civil ? SERVIR adoptado en la Sesi¢n N¯ 16-2024-CD mediante el cual se aprueba el Cuadro de Puestos de la Entidad de la Procuradur°a General del Estado ? PGE,https://busquedas.elperuano.pe/dispositivo/NL/2356550-1,31/12/2024,,,,,,,,,,,,,,,,,,,,,,,,,,,,,,,,,,,,,,
23/12/2024,2356551-1,AUTORIDAD NACIONAL DEL SERVICIO CIVIL,RESOLUCION,N¯ 000207-2024-SERVIR-PE,Formalizan el acuerdo del Consejo Directivo de la Autoridad Nacional del Servicio Civil ? SERVIR adoptado en la Sesi¢n N¯ 016-2024-CD mediante el cual se aprueba el Cuadro de Puestos de la Entidad del Consejo Fiscal,https://busquedas.elperuano.pe/dispositivo/NL/2356551-1,31/12/2024,,,,,,,,,,,,,,,,,,,,,,,,,,,,,,,,,,,,,,
23/12/2024,2356552-1,AUTORIDAD NACIONAL DEL SERVICIO CIVIL,RESOLUCION,N¯ 000208-2024-SERVIR-PE,Except£an al Registro Nacional de Identificaci¢n y Estado Civil - RENIEC del tope de cincuenta (50) servidores de confianza previsto en el art°culo 6 de la Ley N¯ 31419 Ley que establece disposiciones para garantizar la idoneidad en el acceso y ejercicio de la funci¢n p£blica de funcionarios y directivos de libre designaci¢n y remoci¢n,https://busquedas.elperuano.pe/dispositivo/NL/2356552-1,31/12/2024,,,,,,,,,,,,,,,,,,,,,,,,,,,,,,,,,,,,,,
23/12/2024,2356002-1,INSTITUTO GEOL‡GICO MINERO Y METALÈRGICO,RESOLUCION,N¯ 5013-2024-INGEMMET/PE/PM,Declaran la caducidad del derecho minero SE•ORA DE LAS MERCEDES N¯ 4-04 c¢digo N¯ 010113204 por el no pago del derecho de vigencia de los a§os 2019 2020 2021 2022 2023 y 2024,https://busquedas.elperuano.pe/dispositivo/NL/2356002-1,31/12/2024,,,,,,,,,,,,,,,,,,,,,,,,,,,,,,,,,,,,,,
23/12/2024,2356548-1,ORGANISMO TêCNICO DE LA ADMINISTRACI‡N DE LOS SERVICIOS DE SANEAMIENTO,RESOLUCION DIRECTORAL,N¯ 000126-2024-OTASS-DE,Autorizan transferencia financiera a favor de la ENTIDAD PRESTADORA DE SERVICIOS DE SANEAMIENTO GRAU SOCIEDAD AN‡NIMA ? EPS GRAU S.A.,https://busquedas.elperuano.pe/dispositivo/NL/2356548-1,31/12/2024,,,,,,,,,,,,,,,,,,,,,,,,,,,,,,,,,,,,,,
23/12/2024,2356549-1,ORGANISMO TêCNICO DE LA ADMINISTRACI‡N DE LOS SERVICIOS DE SANEAMIENTO,RESOLUCION DIRECTORAL,N¯ 000127-2024-OTASS-DE,Autorizan transferencia financiera a favor de la ENTIDAD PRESTADORA DE SERVICIOS DE SANEAMIENTO GRAU SOCIEDAD AN‡NIMA ? EPS GRAU S.A.,https://busquedas.elperuano.pe/dispositivo/NL/2356549-1,31/12/2024,,,,,,,,,,,,,,,,,,,,,,,,,,,,,,,,,,,,,,
23/12/2024,2356448-1,SUPERINTENDENCIA NACIONAL DE FISCALIZACI‡N LABORAL,RESOLUCION,N¯ 279-2024-SUNAFIL,Designan Intendente de la Intendencia de Lima Metropolitana de la SUNAFIL,https://busquedas.elperuano.pe/dispositivo/NL/2356448-1,31/12/2024,,,,,,,,,,,,,,,,,,,,,,,,,,,,,,,,,,,,,,
23/12/2024,2356435-1,SUPERINTENDENCIA NACIONAL DE MIGRACIONES,RESOLUCION,N¯ 000213-2024-MIGRACIONES,Designan Jefe Zonal I de la Jefatura Zonal del Callao de la Superintendencia Nacional de Migraciones ? MIGRACIONES,https://busquedas.elperuano.pe/dispositivo/NL/2356435-1,31/12/2024,,,,,,,,,,,,,,,,,,,,,,,,,,,,,,,,,,,,,,
23/12/2024,2356557-1,JURADO NACIONAL DE ELECCIONES,RESOLUCION,N¯ 0441-2024-JNE,Declaran nulo el procedimiento de verificaci¢n semiautom†tica de las firmas de adherentes presentadas en el marco del proceso de consulta popular de revocatoria del mandato de alcalde de la Municipalidad Distrital de Marcona provincia de Nasca departamento de Ica as° como nulos los actos posteriores,https://busquedas.elperuano.pe/dispositivo/NL/2356557-1,31/12/2024,,,,,,,,,,,,,,,,,,,,,,,,,,,,,,,,,,,,,,
23/12/2024,2356558-1,JURADO NACIONAL DE ELECCIONES,RESOLUCION,N¯ 0414-2024-JNE,Declaran fundado recurso de apelaci¢n interpuesto por regidora del Concejo Distrital de San Marcos provincia de Huari departamento de µncash; en consecuencia revocan el Acuerdo de Concejo Nß 061-2024-MDSM que aprob¢ su suspensi¢n en el cargo,https://busquedas.elperuano.pe/dispositivo/NL/2356558-1,31/12/2024,,,,,,,,,,,,,,,,,,,,,,,,,,,,,,,,,,,,,,
23/12/2024,2356559-1,JURADO NACIONAL DE ELECCIONES,RESOLUCION,N¯ 0417-2024-JNE,Declaran nulo el Acuerdo de Concejo Municipal Nß 026-2024-MDS que aprob¢ solicitud de vacancia interpuesta en contra de regidora del Concejo Distrital de Socabaya provincia y departamento de Arequipa,https://busquedas.elperuano.pe/dispositivo/NL/2356559-1,31/12/2024,,,,,,,,,,,,,,,,,,,,,,,,,,,,,,,,,,,,,,
23/12/2024,2356300-1,MUNICIPALIDAD METROPOLITANA DE LIMA,Resoluci¢n,N¯ 286-004-00000038,Aprueban ÆMedidas de austeridad disciplina y calidad en el gasto p£blico y de ingresos del personal en el Servicio de Administraci¢n Tributaria de Lima para el a§o fiscal 2025Ø,https://busquedas.elperuano.pe/dispositivo/NL/2356300-1,31/12/2024,,,,,,,,,,,,,,,,,,,,,,,,,,,,,,,,,,,,,,
23/12/2024,2356246-1,MUNICIPALIDAD DE MIRAFLORES,Ordenanzas,N¯ 653/MM,Prorrogan para el ejercicio 2025 la vigencia de la Ordenanza N¯ 622/MM que estableci¢ el monto de derecho de emisi¢n mecanizada de actualizaci¢n de valores determinaci¢n del tributo y distribuci¢n domiciliaria del Impuesto Predial y Arbitrios Municipales para el Ejercicio Fiscal 2024,https://epdoc2.elperuano.pe/EpPo/VistaDE.asp?Referencias=MjM1NjI0Ni0xMjAyNDEyMjM=,31/12/2024,,,,,,,,,,,,,,,,,,,,,,,,,,,,,,,,,,,,,,
23/12/2024,2355489-1,MUNICIPALIDAD DE SAN JUAN DE LURIGANCHO,Ordenanzas,N¯ 460-MDSJL,Ordenanza que declara de prioridad e interÇs la atenci¢n a j¢venes adultos y adultos mayores en la culminaci¢n de sus estudios de educaci¢n b†sica del distrito de San Juan de Lurigancho,https://epdoc2.elperuano.pe/EpPo/VistaDE.asp?Referencias=MjM1NTQ4OS0xMjAyNDEyMjM=,31/12/2024,,,,,,,,,,,,,,,,,,,,,,,,,,,,,,,,,,,,,,
23/12/2024,2356184-1,MUNICIPALIDAD DE SANTIAGO DE SURCO,ORDENANZA,N¯ 716-MSS,Ordenanza de regularizaci¢n para el otorgamiento de Licencias de Funcionamiento temporales en zonas comerciales consolidadas del distrito de Santiago de Surco,https://busquedas.elperuano.pe/dispositivo/NL/2356184-1,31/12/2024,,,,,,,,,,,,,,,,,,,,,,,,,,,,,,,,,,,,,,
23/12/2024,2355841-1,MUNICIPALIDAD PROVINCIAL DE PISCO,ORDENANZA,N¯ 019-2024-MPP,Ordenanza que aprueba el Cambio de Zonificaci¢n de Otros Usos (OU) Zona de Tratamiento Especial (ZTE) a Zona Residencial de Densidad Media (RDM) de los predios donde se ubican los AA.HH. Vista Alegre y Tom†s And°a Cris¢stomo Su†rez del distrito de T£pac Amaru Inca provincia de Pisco,https://busquedas.elperuano.pe/dispositivo/NL/2355841-1,31/12/2024,,,,,,,,,,,,,,,,,,,,,,,,,,,,,,,,,,,,,,
22/12/2024,2356544-1,PRESIDENCIA DEL CONSEJO DE MINISTROS,DECRETO SUPREMO,N¯ 145-2024-PCM,Decreto Supremo que declara el Estado de Emergencia en el distrito de Cielo Punco de la provincia de La Convenci¢n del departamento de Cusco y en el distrito de Samugari de la provincia de La Mar del departamento de Ayacucho,https://busquedas.elperuano.pe/dispositivo/NL/2356544-1,31/12/2024,,,,,,,,,,,,,,,,,,,,,,,,,,,,,,,,,,,,,,
22/12/2024,2356544-2,PRESIDENCIA DEL CONSEJO DE MINISTROS,DECRETO SUPREMO,N¯ 146-2024-PCM,Decreto Supremo que prorroga el Estado de Emergencia declarado en los distritos de Manitea y Kimbiri de la provincia de La Convenci¢n del departamento de Cusco,https://busquedas.elperuano.pe/dispositivo/NL/2356544-2,31/12/2024,,,,,,,,,,,,,,,,,,,,,,,,,,,,,,,,,,,,,,
22/12/2024,2356543-2,COMERCIO EXTERIOR Y TURISMO,DECRETO SUPREMO,N¯ 005-2024-MINCETUR,Decreto Supremo que dispone la puesta en ejecuci¢n de la Decisi¢n N¯ 05 de la Comisi¢n de Libre Comercio del Tratado de Libre Comercio entre el Gobierno de la Rep£blica de Costa Rica y el Gobierno de la Rep£blica del Per£ para adoptar la actualizaci¢n del Anexo 3 (Reglas de Origen Espec°ficas) al Sistema Armonizado 2022,https://busquedas.elperuano.pe/dispositivo/NL/2356543-2,31/12/2024,,,,,,,,,,,,,,,,,,,,,,,,,,,,,,,,,,,,,,
22/12/2024,2356520-1,COMERCIO EXTERIOR Y TURISMO,RESOLUCION MINISTERIAL,N¯ 376 -2024-MINCETUR,Autorizan modificaci¢n del Presupuesto Institucional Modificado del Pliego 035: Ministerio de Comercio Exterior y Turismo para el A§o Fiscal 2024,https://busquedas.elperuano.pe/dispositivo/NL/2356520-1,31/12/2024,,,,,,,,,,,,,,,,,,,,,,,,,,,,,,,,,,,,,,
22/12/2024,2356434-1,DEFENSA,RESOLUCION MINISTERIAL,N¯ 01754-2024-DE,Autorizan viaje de oficial de la Marina de Guerra del Per£ a EE.UU. en comisi¢n de servicios,https://busquedas.elperuano.pe/dispositivo/NL/2356434-1,31/12/2024,,,,,,,,,,,,,,,,,,,,,,,,,,,,,,,,,,,,,,
22/12/2024,2356541-1,DEFENSA,RESOLUCION MINISTERIAL,N¯ 01760-2024-DE,Aprueban tres Llamamientos Ordinarios correspondientes al A§o Fiscal 2025 en la Marina de Guerra del Per£,https://busquedas.elperuano.pe/dispositivo/NL/2356541-1,31/12/2024,,,,,,,,,,,,,,,,,,,,,,,,,,,,,,,,,,,,,,
22/12/2024,2356545-3,DEFENSA,RESOLUCION SUPREMA,N¯ 177-2024-DE,Nombran a partir del a§o fiscal 2025 a Oficiales Generales de la FAP en diversos empleos,https://busquedas.elperuano.pe/dispositivo/NL/2356545-3,31/12/2024,,,,,,,,,,,,,,,,,,,,,,,,,,,,,,,,,,,,,,
22/12/2024,2356545-4,DEFENSA,RESOLUCION SUPREMA,N¯ 178-2024-DE,Nombran a partir del a§o fiscal 2025 a Oficiales Almirantes del grado de Vicealmirante en diversos empleos,https://busquedas.elperuano.pe/dispositivo/NL/2356545-4,31/12/2024,,,,,,,,,,,,,,,,,,,,,,,,,,,,,,,,,,,,,,
22/12/2024,2356545-5,DEFENSA,RESOLUCION SUPREMA,N¯ 179-2024-DE,Nombran a partir del a§o fiscal 2025 a Oficiales Almirantes del grado de Contralmirante en diversos empleos,https://busquedas.elperuano.pe/dispositivo/NL/2356545-5,31/12/2024,,,,,,,,,,,,,,,,,,,,,,,,,,,,,,,,,,,,,,
22/12/2024,2356288-1,DESARROLLO AGRARIO Y RIEGO,RESOLUCION DIRECTORAL,N¯ D000035-2024-MIDAGRI-SENASA-DSA,Aprueban requisitos zoosanitarios de importaci¢n para aceite de ave de origen y procedente de la Rep£blica de Chile para elaborar alimento destinado a perros y gatos,https://busquedas.elperuano.pe/dispositivo/NL/2356288-1,31/12/2024,,,,,,,,,,,,,,,,,,,,,,,,,,,,,,,,,,,,,,
22/12/2024,2356545-2,DESARROLLO E INCLUSI‡N SOCIAL,DECRETO SUPREMO,N¯ 011-2024-MIDIS,Decreto Supremo que modifica el Reglamento de la Ley N¯ 31015 Ley que autoriza la ejecuci¢n de intervenciones en infraestructura social b†sica productiva y natural mediante N£cleos Ejecutores,https://busquedas.elperuano.pe/dispositivo/NL/2356545-2,31/12/2024,,,,,,,,,,,,,,,,,,,,,,,,,,,,,,,,,,,,,,
22/12/2024,2356543-1,ECONOMIA Y FINANZAS,DECRETO SUPREMO,N¯ 283-2024-EF,Decreto Supremo que modifica el Reglamento de la Ley Nß 31120 Ley que regula la Cuenta Documento Nacional de Identidad (Cuenta-DNI) aprobado mediante Decreto Supremo N¯ 184-2021-EF,https://busquedas.elperuano.pe/dispositivo/NL/2356543-1,31/12/2024,,,,,,,,,,,,,,,,,,,,,,,,,,,,,,,,,,,,,,
22/12/2024,2356502-1,ECONOMIA Y FINANZAS,RESOLUCION MINISTERIAL,N¯ 397-2024-EF/43,Aprueban la Directiva N¯ 003-2024-EF/43.01 denominada Lineamientos para la administraci¢n del Fondo de Apoyo Gerencial al Sector P£blico en el marco del Decreto Ley N¯ 25650,https://busquedas.elperuano.pe/dispositivo/NL/2356502-1,31/12/2024,,,,,,,,,,,,,,,,,,,,,,,,,,,,,,,,,,,,,,
22/12/2024,2356503-1,ECONOMIA Y FINANZAS,RESOLUCION MINISTERIAL,N¯ 398-2024-EF/15,Modifican el Reglamento Operativo del Programa de Fortalecimiento Patrimonial de las Instituciones Especializadas en Microfinanzas,https://busquedas.elperuano.pe/dispositivo/NL/2356503-1,31/12/2024,,,,,,,,,,,,,,,,,,,,,,,,,,,,,,,,,,,,,,
22/12/2024,2356543-4,EDUCACION,DECRETO SUPREMO,N¯ 016-2024-MINEDU,Decreto Supremo que incorpora la VigÇsima Novena Disposici¢n Complementaria Transitoria al Reglamento de la Ley N¯ 29944 Ley de Reforma Magisterial aprobado por el Decreto Supremo N¯ 004-2013-ED a fin de precisar aspectos de car†cter laboral de los profesores encargados en los cargos de Director de Unidad de Gesti¢n Educativa Local Director de Gesti¢n Pedag¢gica y Jefe de Gesti¢n Pedag¢gica,https://busquedas.elperuano.pe/dispositivo/NL/2356543-4,31/12/2024,,,,,,,,,,,,,,,,,,,,,,,,,,,,,,,,,,,,,,
22/12/2024,2356534-1,EDUCACION,RESOLUCION VICE MINISTERIAL,N¯ 152-2024-MINEDU,Designan Vicepresidente AcadÇmico de la Comisi¢n Organizadora de la Universidad Nacional Intercultural Fabiola Salazar Legu°a de Bagua,https://busquedas.elperuano.pe/dispositivo/NL/2356534-1,31/12/2024,,,,,,,,,,,,,,,,,,,,,,,,,,,,,,,,,,,,,,
22/12/2024,2356509-1,ENERGIA Y MINAS,RESOLUCION MINISTERIAL,N¯ 473-2024-MINEM/DM,Ampl°an plazo para que los interesados puedan presentar sus opiniones comentarios y/o aportes al proyecto de Resoluci¢n Ministerial que aprueba las Especificaciones TÇcnicas y Est†ndares tecnol¢gicos y de desempe§o de los Sistemas de Medici¢n Inteligente (SMI),https://busquedas.elperuano.pe/dispositivo/NL/2356509-1,31/12/2024,,,,,,,,,,,,,,,,,,,,,,,,,,,,,,,,,,,,,,
22/12/2024,2356514-1,ENERGIA Y MINAS,RESOLUCION MINISTERIAL,N¯ 474-2024-MINEM/DM,Ampl°an plazo para que los interesados puedan presentar sus opiniones comentarios y/o aportes al proyecto de Decreto Supremo que aprueba el Reglamento de Generaci¢n Distribuida conectada a Sistemas de Utilizaci¢n de los Usuarios del Servicio P£blico de Electricidad,https://busquedas.elperuano.pe/dispositivo/NL/2356514-1,31/12/2024,,,,,,,,,,,,,,,,,,,,,,,,,,,,,,,,,,,,,,
22/12/2024,2356517-1,ENERGIA Y MINAS,RESOLUCION MINISTERIAL,N¯ 476-2024-MINEM/DM,Modifican el art°culo 1 de la R.M. N¯ 107-2019-MINEM/DM,https://busquedas.elperuano.pe/dispositivo/NL/2356517-1,31/12/2024,,,,,,,,,,,,,,,,,,,,,,,,,,,,,,,,,,,,,,
22/12/2024,2356521-1,ENERGIA Y MINAS,RESOLUCION MINISTERIAL,N¯ 477-2024-MINEM/DM,Modifican el Presupuesto Institucional de la Unidad Ejecutora 005: Direcci¢n General de Electrificaci¢n Rural del Pliego 016: Ministerio de Energ°a y Minas,https://busquedas.elperuano.pe/dispositivo/NL/2356521-1,31/12/2024,,,,,,,,,,,,,,,,,,,,,,,,,,,,,,,,,,,,,,
22/12/2024,2356540-1,ENERGIA Y MINAS,RESOLUCION MINISTERIAL,N¯ 465-2024-MINEM/DM,Aprueban como empresa calificada para efecto de lo dispuesto en el art°culo 3 del Decreto Legislativo Nß 973 a la empresa JOYA SOLAR S.A.C. para el desarrollo del proyecto San Mart°n Solar (Ex La Joya Solar) ? L°nea de Transmisi¢n en 220 kV S.E. San Mart°n Solar - S.E. San JosÇ.,https://busquedas.elperuano.pe/dispositivo/NL/2356540-1,31/12/2024,,,,,,,,,,,,,,,,,,,,,,,,,,,,,,,,,,,,,,
22/12/2024,2356563-1,INTERIOR,RESOLUCION MINISTERIAL,N¯ 1843-2024-IN,Modifican en parte el anexo de la R.M. N¯ 1488-2024-IN que formaliz¢ los cuadros de mÇrito por categor°as y grados de Oficiales Superiores correspondiente al proceso de ascenso por concurso de Oficiales de Armas y de Servicios de la Polic°a Nacional del Per£ del a§o 2024 - Promoci¢n 2025,https://busquedas.elperuano.pe/dispositivo/NL/2356563-1,31/12/2024,,,,,,,,,,,,,,,,,,,,,,,,,,,,,,,,,,,,,,
22/12/2024,2356565-1,INTERIOR,RESOLUCION MINISTERIAL,N¯ 1845-2024-IN,Formalizan ascensos a los grados de Coronel de Armas y Coronel de Servicios de la Polic°a Nacional del Per£,https://busquedas.elperuano.pe/dispositivo/NL/2356565-1,31/12/2024,,,,,,,,,,,,,,,,,,,,,,,,,,,,,,,,,,,,,,
22/12/2024,2356566-1,INTERIOR,RESOLUCION MINISTERIAL,N¯ 1846-2024-IN,Formalizan ascensos a los grados de Comandante de Armas y Comandante de Servicios de la Polic°a Nacional del Per£,https://busquedas.elperuano.pe/dispositivo/NL/2356566-1,31/12/2024,,,,,,,,,,,,,,,,,,,,,,,,,,,,,,,,,,,,,,
22/12/2024,2356568-1,INTERIOR,RESOLUCION MINISTERIAL,N¯ 1847-2024-IN,Formalizan ascensos a los grados de Mayor de Armas y de Mayor de Servicios de la Polic°a Nacional del Per£,https://busquedas.elperuano.pe/dispositivo/NL/2356568-1,31/12/2024,,,,,,,,,,,,,,,,,,,,,,,,,,,,,,,,,,,,,,
22/12/2024,2356532-1,MUJER Y POBLACIONES VULNERABLES,RESOLUCION MINISTERIAL,N¯ 379-2024-MIMP,Autorizan transferencia financiera a favor de la Contralor°a General de la Rep£blica,https://busquedas.elperuano.pe/dispositivo/NL/2356532-1,31/12/2024,,,,,,,,,,,,,,,,,,,,,,,,,,,,,,,,,,,,,,
22/12/2024,2356519-1,PRODUCE,RESOLUCION MINISTERIAL,N¯ 000496-2024-PRODUCE,Incorporan el numeral 7.4 al ac†pite VII de los Lineamientos para la determinaci¢n de la cuota anual del recurso anchoveta para Consumo Humano Directo Norte-Centro aprobados por R.M. N¯ 00306-2020-PRODUCE,https://busquedas.elperuano.pe/dispositivo/NL/2356519-1,31/12/2024,,,,,,,,,,,,,,,,,,,,,,,,,,,,,,,,,,,,,,
22/12/2024,2356524-1,PRODUCE,RESOLUCION MINISTERIAL,N¯ 000498-2024-PRODUCE,Disponen la publicaci¢n del proyecto de Resoluci¢n Ministerial que aprueba los Lineamientos que establecen el modelo de gesti¢n y los procesos para la adhesi¢n operaci¢n y monitoreo de los Centros que conforman la Red de Centros de Transformaci¢n Digital Empresarial en el marco de la L°nea Prioritaria de Intervenci¢n Mype digital del Ministerio de la Producci¢n,https://busquedas.elperuano.pe/dispositivo/NL/2356524-1,31/12/2024,,,,,,,,,,,,,,,,,,,,,,,,,,,,,,,,,,,,,,
22/12/2024,2356545-1,RELACIONES EXTERIORES,DECRETO SUPREMO,N¯ 060-2024-RE,Decreto Supremo que ratifica el Documento de proyecto Revisi¢n M. Sistema de Monitoreo de Cultivos Il°citos en el Per£ SIMCI - Per£. TDPERG34FPE,https://busquedas.elperuano.pe/dispositivo/NL/2356545-1,31/12/2024,,,,,,,,,,,,,,,,,,,,,,,,,,,,,,,,,,,,,,
22/12/2024,2356433-1,RELACIONES EXTERIORES,RESOLUCION MINISTERIAL,N¯ 0970-2024-RE,Modifican la Resoluci¢n Ministerial N¯ 0950-2024-RE,https://busquedas.elperuano.pe/dispositivo/NL/2356433-1,31/12/2024,,,,,,,,,,,,,,,,,,,,,,,,,,,,,,,,,,,,,,
22/12/2024,2356543-5,RELACIONES EXTERIORES,RESOLUCION SUPREMA,N¯ 229-2024-RE,Delegan al Ministro en el Servicio Diplom†tico de la Rep£blica Jefe de Misi¢n y Encargado de Negocios de la Embajada del Per£ en la Rep£blica de Colombia las facultades suficientes para que suscriba el Tratado Constitutivo de la Comunidad de Polic°as de AmÇrica,https://busquedas.elperuano.pe/dispositivo/NL/2356543-5,31/12/2024,,,,,,,,,,,,,,,,,,,,,,,,,,,,,,,,,,,,,,
22/12/2024,2356545-10,RELACIONES EXTERIORES,RESOLUCION SUPREMA,N¯ 234-2024-RE,Dan por terminadas funciones de C¢nsul General del Per£ en Valencia Reino de Espa§a,https://busquedas.elperuano.pe/dispositivo/NL/2356545-10,31/12/2024,,,,,,,,,,,,,,,,,,,,,,,,,,,,,,,,,,,,,,
22/12/2024,2356545-11,RELACIONES EXTERIORES,RESOLUCION SUPREMA,N¯ 235-2024-RE,Nombran C¢nsul General del Per£ en Valencia Reino de Espa§a,https://busquedas.elperuano.pe/dispositivo/NL/2356545-11,31/12/2024,,,,,,,,,,,,,,,,,,,,,,,,,,,,,,,,,,,,,,
22/12/2024,2356545-12,RELACIONES EXTERIORES,RESOLUCION SUPREMA,N¯ 236-2024-RE,Dan por terminadas funciones de C¢nsul General del Per£ en Arica Rep£blica de Chile,https://busquedas.elperuano.pe/dispositivo/NL/2356545-12,31/12/2024,,,,,,,,,,,,,,,,,,,,,,,,,,,,,,,,,,,,,,
22/12/2024,2356545-13,RELACIONES EXTERIORES,RESOLUCION SUPREMA,N¯ 237-2024-RE,Nombran C¢nsul General del Per£ en Arica Rep£blica de Chile,https://busquedas.elperuano.pe/dispositivo/NL/2356545-13,31/12/2024,,,,,,,,,,,,,,,,,,,,,,,,,,,,,,,,,,,,,,
22/12/2024,2356545-14,RELACIONES EXTERIORES,RESOLUCION SUPREMA,N¯ 238-2024-RE,Dan por terminadas funciones de C¢nsul General del Per£ en La Plata Rep£blica Argentina,https://busquedas.elperuano.pe/dispositivo/NL/2356545-14,31/12/2024,,,,,,,,,,,,,,,,,,,,,,,,,,,,,,,,,,,,,,
22/12/2024,2356545-15,RELACIONES EXTERIORES,RESOLUCION SUPREMA,N¯ 239-2024-RE,Nombran C¢nsul General del Per£ en La Plata Rep£blica Argentina,https://busquedas.elperuano.pe/dispositivo/NL/2356545-15,31/12/2024,,,,,,,,,,,,,,,,,,,,,,,,,,,,,,,,,,,,,,
22/12/2024,2356545-16,RELACIONES EXTERIORES,RESOLUCION SUPREMA,N¯ 240-2024-RE,Nombran C¢nsul General del Per£ en Santa Cruz Estado Plurinacional de Bolivia,https://busquedas.elperuano.pe/dispositivo/NL/2356545-16,31/12/2024,,,,,,,,,,,,,,,,,,,,,,,,,,,,,,,,,,,,,,
22/12/2024,2356545-17,RELACIONES EXTERIORES,RESOLUCION SUPREMA,N¯ 241-2024-RE,Nombran C¢nsul General del Per£ en Bilbao Reino de Espa§a,https://busquedas.elperuano.pe/dispositivo/NL/2356545-17,31/12/2024,,,,,,,,,,,,,,,,,,,,,,,,,,,,,,,,,,,,,,
22/12/2024,2356545-18,RELACIONES EXTERIORES,RESOLUCION SUPREMA,N¯ 242-2024-RE,Nombran C¢nsul General del Per£ en Guayaquil Rep£blica del Ecuador,https://busquedas.elperuano.pe/dispositivo/NL/2356545-18,31/12/2024,,,,,,,,,,,,,,,,,,,,,,,,,,,,,,,,,,,,,,
22/12/2024,2356545-6,RELACIONES EXTERIORES,RESOLUCION SUPREMA,N¯ 230-2024-RE,Dan por terminadas funciones de C¢nsul General del Per£ en Panam† Rep£blica de Panam†,https://busquedas.elperuano.pe/dispositivo/NL/2356545-6,31/12/2024,,,,,,,,,,,,,,,,,,,,,,,,,,,,,,,,,,,,,,
22/12/2024,2356545-7,RELACIONES EXTERIORES,RESOLUCION SUPREMA,N¯ 231-2024-RE,Nombran C¢nsul General del Per£ en Panam† Rep£blica de Panam†,https://busquedas.elperuano.pe/dispositivo/NL/2356545-7,31/12/2024,,,,,,,,,,,,,,,,,,,,,,,,,,,,,,,,,,,,,,
22/12/2024,2356545-8,RELACIONES EXTERIORES,RESOLUCION SUPREMA,N¯ 232-2024-RE,Dan por terminadas funciones de C¢nsul General del Per£ en Dallas Estados Unidos de AmÇrica,https://busquedas.elperuano.pe/dispositivo/NL/2356545-8,31/12/2024,,,,,,,,,,,,,,,,,,,,,,,,,,,,,,,,,,,,,,
22/12/2024,2356545-9,RELACIONES EXTERIORES,RESOLUCION SUPREMA,N¯ 233-2024-RE,Nombran C¢nsul General del Per£ en Dallas Estados Unidos de AmÇrica,https://busquedas.elperuano.pe/dispositivo/NL/2356545-9,31/12/2024,,,,,,,,,,,,,,,,,,,,,,,,,,,,,,,,,,,,,,
22/12/2024,2356543-3,TRABAJO Y PROMOCION DEL EMPLEO,DECRETO SUPREMO,N¯ 005-2024-TR,Decreto Supremo que aprueba el Reglamento de la Ley N¯ 31979 Ley que promueve el empleo temporal en los programas laborales del estado en favor de los j¢venes de entre 18 y 29 a§os de edad que se encuentren en situaci¢n de vulnerabilidad a fin de mejorar su calidad de vida,https://busquedas.elperuano.pe/dispositivo/NL/2356543-3,31/12/2024,,,,,,,,,,,,,,,,,,,,,,,,,,,,,,,,,,,,,,
22/12/2024,2356533-1,TRABAJO Y PROMOCION DEL EMPLEO,RESOLUCION MINISTERIAL,N¯ 000207-2024-TR,Aprueban el Plan Operativo Institucional (POI) Anual 2025 consistente con el Presupuesto Institucional de Apertura (PIA) 2025 del Pliego 012: Ministerio de Trabajo y Promoci¢n del Empleo (MTPE),https://busquedas.elperuano.pe/dispositivo/NL/2356533-1,31/12/2024,,,,,,,,,,,,,,,,,,,,,,,,,,,,,,,,,,,,,,
22/12/2024,2355797-1,TRANSPORTES Y COMUNICACIONES,RESOLUCION DIRECTORAL,N¯ 0718-2024-MTC/17.03,Autorizan a la empresa DIAGNOSTIGAS Empresa Individual de Responsabilidad Limitada - DIAGNOSTIGAS E.I.R.L. como Entidad Certificadora de Conversiones a Gas Licuado de Petr¢leo ? GLP de †mbito nacional,https://busquedas.elperuano.pe/dispositivo/NL/2355797-1,31/12/2024,,,,,,,,,,,,,,,,,,,,,,,,,,,,,,,,,,,,,,
22/12/2024,2356023-1,TRANSPORTES Y COMUNICACIONES,RESOLUCION DIRECTORAL,N¯ 0716-2024-MTC/17.03,Autorizan a la empresa REVISIONES MAKALU S.A.C. para operar como Centro de Inspecci¢n TÇcnica Vehicular Fijo ? CITV Fijo en local ubicado en el distrito de Chorrillos provincia y departamento de Lima,https://busquedas.elperuano.pe/dispositivo/NL/2356023-1,31/12/2024,,,,,,,,,,,,,,,,,,,,,,,,,,,,,,,,,,,,,,
22/12/2024,2356324-1,TRANSPORTES Y COMUNICACIONES,RESOLUCION MINISTERIAL,N¯ 763-2024-MTC/01.02,Prorrogan el plazo de vigencia del Grupo de Trabajo para la mitigaci¢n de las emisiones generadas por el transporte urbano,https://busquedas.elperuano.pe/dispositivo/NL/2356324-1,31/12/2024,,,,,,,,,,,,,,,,,,,,,,,,,,,,,,,,,,,,,,
22/12/2024,2356329-1,TRANSPORTES Y COMUNICACIONES,RESOLUCION MINISTERIAL,N¯ 765-2024-MTC/01.03,Otorgan a la empresa JSP NEGOCIOS INTERNACIONALES S.A.C. Concesi¢n Ènica para la prestaci¢n de servicios p£blicos de telecomunicaciones en †rea que comprende todo el territorio de la Rep£blica,https://busquedas.elperuano.pe/dispositivo/NL/2356329-1,31/12/2024,,,,,,,,,,,,,,,,,,,,,,,,,,,,,,,,,,,,,,
22/12/2024,2356394-1,TRANSPORTES Y COMUNICACIONES,RESOLUCION MINISTERIAL,N¯ 767-2024-MTC/01.03,Otorgan a la empresa MULTISERVICIOS ALDIEGO SOCIEDAD ANONIMA CERRADA Concesi¢n Ènica para la prestaci¢n de servicios p£blicos de telecomunicaciones en †rea que comprende todo el territorio de la Rep£blica,https://busquedas.elperuano.pe/dispositivo/NL/2356394-1,31/12/2024,,,,,,,,,,,,,,,,,,,,,,,,,,,,,,,,,,,,,,
22/12/2024,2356440-1,TRANSPORTES Y COMUNICACIONES,RESOLUCION MINISTERIAL,N¯ 768-2024-MTC/01.02,Aprueban ejecuci¢n de expropiaci¢n de †rea afectada de bienes inmuebles para la ejecuci¢n de la obra: Aeropuerto Internacional Coronel FAP Francisco Secada Vignetta ubicado en el departamento de Loreto,https://busquedas.elperuano.pe/dispositivo/NL/2356440-1,31/12/2024,,,,,,,,,,,,,,,,,,,,,,,,,,,,,,,,,,,,,,
22/12/2024,2356467-1,TRANSPORTES Y COMUNICACIONES,RESOLUCION MINISTERIAL,N¯ 769-2024-MTC/01,Autorizan Transferencia Financiera a favor de la Autoridad de Transporte Urbano para Lima y Callao ? ATU,https://busquedas.elperuano.pe/dispositivo/NL/2356467-1,31/12/2024,,,,,,,,,,,,,,,,,,,,,,,,,,,,,,,,,,,,,,
22/12/2024,2356480-1,TRANSPORTES Y COMUNICACIONES,RESOLUCION MINISTERIAL,N¯ 771-2024-MTC/01.03,Disponen la publicaci¢n de proyecto de Decreto Supremo que aprueba el Reglamento del Decreto Legislativo N¯ 1627 Decreto Legislativo para promover el despliegue de los servicios p£blicos de telecomunicaciones mediante tecnolog°a de quinta generaci¢n (5G) o superior,https://busquedas.elperuano.pe/dispositivo/NL/2356480-1,31/12/2024,,,,,,,,,,,,,,,,,,,,,,,,,,,,,,,,,,,,,,
22/12/2024,2356538-1,TRANSPORTES Y COMUNICACIONES,RESOLUCION MINISTERIAL,N¯ 772-2024-MTC/01.02,Aprueban ejecuci¢n de expropiaci¢n de †rea afectada de inmueble para la ejecuci¢n de la Obra: Construcci¢n de la V°a de Evitamiento de la Ciudad de Abancay y el valor de la Tasaci¢n,https://busquedas.elperuano.pe/dispositivo/NL/2356538-1,31/12/2024,,,,,,,,,,,,,,,,,,,,,,,,,,,,,,,,,,,,,,
22/12/2024,2356539-1,TRANSPORTES Y COMUNICACIONES,RESOLUCION MINISTERIAL,N¯ 766-2024-MTC/01.02,Aprueban ejecuci¢n de expropiaci¢n de †rea afectada de inmueble para la ejecuci¢n de la obra: Rehabilitaci¢n y Mejoramiento de la carretera Huallanca - Caraz y el valor de tasaci¢n,https://busquedas.elperuano.pe/dispositivo/NL/2356539-1,31/12/2024,,,,,,,,,,,,,,,,,,,,,,,,,,,,,,,,,,,,,,
22/12/2024,2356507-1,"VIVIENDA, CONSTRUCCI‡N Y SANEAMIENTO",RESOLUCION MINISTERIAL,N¯ 469-2024-VIVIENDA,Disponen publicaci¢n del proyecto de Resoluci¢n Ministerial que aprueba el Reglamento Operativo para acceder al Bono Familiar Habitacional en la modalidad de Adquisici¢n de Vivienda Nueva,https://busquedas.elperuano.pe/dispositivo/NL/2356507-1,31/12/2024,,,,,,,,,,,,,,,,,,,,,,,,,,,,,,,,,,,,,,
22/12/2024,2356508-1,"VIVIENDA, CONSTRUCCI‡N Y SANEAMIENTO",RESOLUCION MINISTERIAL,N¯ 470-2024-VIVIENDA,Modifican el art°culo 8 de la R.M. N¯ 465-2023-VIVIENDA modificada por la R.M. N¯ 351-2024-VIVIENDA que formaliza el inicio del proceso de actualizaci¢n de la Pol°tica Nacional de Saneamiento a Pol°tica Nacional Multisectorial de Saneamiento al 2050 y crea el Grupo de Trabajo Multisectorial denominado Grupo de Trabajo Multisectorial encargado de actualizar la Pol°tica Nacional de Saneamiento a Pol°tica Nacional Multisectorial de Saneamiento al 2050,https://busquedas.elperuano.pe/dispositivo/NL/2356508-1,31/12/2024,,,,,,,,,,,,,,,,,,,,,,,,,,,,,,,,,,,,,,
22/12/2024,2356531-1,"VIVIENDA, CONSTRUCCI‡N Y SANEAMIENTO",RESOLUCION MINISTERIAL,N¯ 471-2024-VIVIENDA,Autorizan modificaci¢n del Presupuesto Institucional del Ministerio de Vivienda Construcci¢n y Saneamiento para el A§o Fiscal 2024,https://busquedas.elperuano.pe/dispositivo/NL/2356531-1,31/12/2024,,,,,,,,,,,,,,,,,,,,,,,,,,,,,,,,,,,,,,
22/12/2024,2356119-1,AGENCIA PERUANA DE COOPERACION INTERNACIONAL,RESOLUCION DIRECTORAL,N¯ 156-2024/APCI-DE,Designan responsables titulares y alternos de la elaboraci¢n y actualizaci¢n del Portal de Transparencia y de brindar la informaci¢n de acceso p£blico de la Agencia Peruana de Cooperaci¢n Internacional ? APCI,https://busquedas.elperuano.pe/dispositivo/NL/2356119-1,31/12/2024,,,,,,,,,,,,,,,,,,,,,,,,,,,,,,,,,,,,,,
22/12/2024,2356157-1,AGENCIA PERUANA DE COOPERACION INTERNACIONAL,RESOLUCION DIRECTORAL,N¯ 157-2024/APCI-DE,Aceptan renuncia de Jefe de la Oficina General de Administraci¢n de la Agencia Peruana de Cooperaci¢n Internacional,https://busquedas.elperuano.pe/dispositivo/NL/2356157-1,31/12/2024,,,,,,,,,,,,,,,,,,,,,,,,,,,,,,,,,,,,,,
22/12/2024,2356163-1,AGENCIA PERUANA DE COOPERACION INTERNACIONAL,RESOLUCION DIRECTORAL,N¯ 158-2024/APCI-DE,Disponen incorporaci¢n y designaci¢n de Jefe de la Oficina General de Administraci¢n de la Agencia Peruana de Cooperaci¢n Internacional - APCI,https://busquedas.elperuano.pe/dispositivo/NL/2356163-1,31/12/2024,,,,,,,,,,,,,,,,,,,,,,,,,,,,,,,,,,,,,,
22/12/2024,2356526-1,AUTORIDAD NACIONAL DEL AGUA,RESOLUCION JEFATURAL,N¯ 0483-2024-ANA,Aprueban los ÆLineamientos para determinar los Par†metros de Eficiencia y entrega de incentivos por el aprovechamiento de los recursos h°dricosØ,https://busquedas.elperuano.pe/dispositivo/NL/2356526-1,31/12/2024,,,,,,,,,,,,,,,,,,,,,,,,,,,,,,,,,,,,,,
22/12/2024,2356535-1,"CONSEJO NACIONAL DE CIENCIA, TECNOLOG÷A E INNOVACI‡N TECNOL‡GICA",RESOLUCION,N¯ 166-2024-CONCYTEC-P,Autorizan la Segunda Transferencia Financiera a favor de la Contralor°a General de la Rep£blica,https://busquedas.elperuano.pe/dispositivo/NL/2356535-1,31/12/2024,,,,,,,,,,,,,,,,,,,,,,,,,,,,,,,,,,,,,,
22/12/2024,2356107-1,INSTITUTO NACIONAL DE DEFENSA DE LA COMPETENCIA Y DE LA PROTECCION DE LA PROPIEDAD INTELECTUAL,RESOLUCION,N¯ 0625-2024/SEL-INDECOPI,Declaran barrera burocr†tica ilegal lo dispuesto en el literal a) del numeral 13.1 concordado con el numeral 13.3 del art°culo 13 del Reglamento de Pago de Prestaciones Econ¢micas de la Ley 26790 Ley de Modernizaci¢n de la Seguridad Social en Salud aprobado por D.S. N¯ 013-2019-TR,https://busquedas.elperuano.pe/dispositivo/NL/2356107-1,31/12/2024,,,,,,,,,,,,,,,,,,,,,,,,,,,,,,,,,,,,,,
22/12/2024,2356109-1,INSTITUTO NACIONAL DE DEFENSA DE LA COMPETENCIA Y DE LA PROTECCION DE LA PROPIEDAD INTELECTUAL,RESOLUCION,N¯ 0660-2024/SEL-INDECOPI,Declaran barreras burocr†ticas ilegales los literales a) h) e i) del numeral 3. del art°culo 69 de la Ordenanza N¯ 2348-2021-MML Ordenanza que regula las disposiciones tÇcnicas y procedimientos administrativos de autorizaci¢n para la ubicaci¢n de elementos de publicidad exterior en los distritos de la provincia de Lima,https://busquedas.elperuano.pe/dispositivo/NL/2356109-1,31/12/2024,,,,,,,,,,,,,,,,,,,,,,,,,,,,,,,,,,,,,,
22/12/2024,2356110-1,INSTITUTO NACIONAL DE DEFENSA DE LA COMPETENCIA Y DE LA PROTECCION DE LA PROPIEDAD INTELECTUAL,RESOLUCION,N¯ 0664-2024/SEL-INDECOPI,Declaran barrera burocr†tica ilegal lo dispuesto en los literales b) c) y d) del art°culo 7 de la Ordenanza N¯ 454-2021-MDL de la Municipalidad Distrital de Lince,https://busquedas.elperuano.pe/dispositivo/NL/2356110-1,31/12/2024,,,,,,,,,,,,,,,,,,,,,,,,,,,,,,,,,,,,,,
22/12/2024,2356504-1,SERVICIO NACIONAL DE CERTIFICACI‡N AMBIENTAL PARA LAS INVERSIONES SOSTENIBLES,RESOLUCION,N¯ 00131-2024-SENACE/PE,Aprueban el Reglamento para la Inscripci¢n y Contrataci¢n de Profesionales en la N¢mina de Especialistas del Servicio Nacional de Certificaci¢n Ambiental para las Inversiones Sostenibles ? Senace,https://epdoc2.elperuano.pe/EpPo/VistaNLSE.asp?Referencias=MjM1NjUwNC0xMjAyNDEyMjI=,31/12/2024,,,,,,,,,,,,,,,,,,,,,,,,,,,,,,,,,,,,,,
22/12/2024,2356407-1,SUPERINTENDENCIA NACIONAL DE FISCALIZACI‡N LABORAL,RESOLUCION,N¯ 277-2024-SUNAFIL,Designan Intendente Regional de la Intendencia Regional de µncash de la SUNAFIL,https://busquedas.elperuano.pe/dispositivo/NL/2356407-1,31/12/2024,,,,,,,,,,,,,,,,,,,,,,,,,,,,,,,,,,,,,,
22/12/2024,2355872-1,CONSEJO EJECUTIVO DEL PODER JUDICIAL,INVESTIGACION,Definitiva N¯ 19-2020-SELVA CENTRAL,Imponen medida disciplinaria de destituci¢n a juez del Juzgado de Paz de Oxapampa Distrito Judicial de la Selva Central,https://busquedas.elperuano.pe/dispositivo/NL/2355872-1,31/12/2024,,,,,,,,,,,,,,,,,,,,,,,,,,,,,,,,,,,,,,
22/12/2024,2355891-1,CONSEJO EJECUTIVO DEL PODER JUDICIAL,INVESTIGACION,Definitiva N¯ 64-2021-LA LIBERTAD,Imponen medida disciplinaria de destituci¢n a juez de paz del Centro Poblado V°ctor Ra£l Haya de la Torre del distrito de Huanchaco Distrito Judicial de La Libertad,https://busquedas.elperuano.pe/dispositivo/NL/2355891-1,31/12/2024,,,,,,,,,,,,,,,,,,,,,,,,,,,,,,,,,,,,,,
22/12/2024,2355894-1,CONSEJO EJECUTIVO DEL PODER JUDICIAL,INVESTIGACION,Definitiva N¯ 1163-2019-ICA,Imponen medida disciplinaria de destituci¢n a tÇcnico judicial adscrito al Juzgado de Paz Letrado de Nasca Distrito Judicial de Ica,https://busquedas.elperuano.pe/dispositivo/NL/2355894-1,31/12/2024,,,,,,,,,,,,,,,,,,,,,,,,,,,,,,,,,,,,,,
22/12/2024,2356510-1,JURADO NACIONAL DE ELECCIONES,RESOLUCION,N¯ 0407-2024-JNE,Convocan a ciudadano para que asuma el cargo de regidor del Concejo Distrital de Olmos provincia y departamento de Lambayeque,https://busquedas.elperuano.pe/dispositivo/NL/2356510-1,31/12/2024,,,,,,,,,,,,,,,,,,,,,,,,,,,,,,,,,,,,,,
22/12/2024,2356511-1,JURADO NACIONAL DE ELECCIONES,RESOLUCION,N¯ 0422-2024-JNE,Convocan a ciudadana para que asuma el cargo de regidora del Concejo Distrital de Quehue provincia de Canas departamento de Cusco,https://busquedas.elperuano.pe/dispositivo/NL/2356511-1,31/12/2024,,,,,,,,,,,,,,,,,,,,,,,,,,,,,,,,,,,,,,
22/12/2024,2356512-1,JURADO NACIONAL DE ELECCIONES,RESOLUCION,N¯ 0424-2024-JNE,Convocan a ciudadana para que asuma el cargo de regidora del Concejo Provincial de Paita departamento de Piura,https://busquedas.elperuano.pe/dispositivo/NL/2356512-1,31/12/2024,,,,,,,,,,,,,,,,,,,,,,,,,,,,,,,,,,,,,,
22/12/2024,2356513-1,JURADO NACIONAL DE ELECCIONES,RESOLUCION,N¯ 0420-2024-JNE,Convocan a ciudadana para que asuma el cargo de regidora del Concejo Distrital de Shipasbamba provincia de Bongar† departamento de Amazonas,https://busquedas.elperuano.pe/dispositivo/NL/2356513-1,31/12/2024,,,,,,,,,,,,,,,,,,,,,,,,,,,,,,,,,,,,,,
22/12/2024,2356515-1,JURADO NACIONAL DE ELECCIONES,RESOLUCION,N¯ 0408-2024-JNE,Convocan a ciudadano para que asuma el cargo de regidor del Concejo Distrital de Macari provincia de Melgar departamento de Puno,https://busquedas.elperuano.pe/dispositivo/NL/2356515-1,31/12/2024,,,,,,,,,,,,,,,,,,,,,,,,,,,,,,,,,,,,,,
22/12/2024,2356516-1,JURADO NACIONAL DE ELECCIONES,RESOLUCION,N¯ 0405-2024-JNE,Convocan a ciudadano para que asuma el cargo de regidor del Concejo Distrital de Huata provincia de Huaylas departamento de µncash,https://busquedas.elperuano.pe/dispositivo/NL/2356516-1,31/12/2024,,,,,,,,,,,,,,,,,,,,,,,,,,,,,,,,,,,,,,
22/12/2024,2356518-1,JURADO NACIONAL DE ELECCIONES,RESOLUCION,N¯ 0406-2024-JNE,Declaran nulo lo actuado a partir del acto de la notificaci¢n del Acuerdo de Concejo N¯ 24-2023/MDCH del Concejo Distrital de Chaclacayo provincia y departamento de Lima,https://busquedas.elperuano.pe/dispositivo/NL/2356518-1,31/12/2024,,,,,,,,,,,,,,,,,,,,,,,,,,,,,,,,,,,,,,
22/12/2024,2356522-1,JURADO NACIONAL DE ELECCIONES,RESOLUCION,N¯ 0412-2024-JNE,Declaran nulo lo actuado a partir del acto de la notificaci¢n del Acuerdo de Concejo N¯ 23-2023/MDCH del Concejo Distrital de Chaclacayo provincia y departamento de Lima,https://busquedas.elperuano.pe/dispositivo/NL/2356522-1,31/12/2024,,,,,,,,,,,,,,,,,,,,,,,,,,,,,,,,,,,,,,
22/12/2024,2356523-1,JURADO NACIONAL DE ELECCIONES,RESOLUCION,N¯ 0418-2024-JNE,Declaran nulo lo actuado a partir de acto de notificaci¢n de la sesi¢n extraordinaria y en consecuencia nulos los actos posteriores que se hayan emitido en procedimiento de vacancia seguido contra el alcalde de la Municipalidad Distrital de Mato provincia de Huaylas departamento de µncash,https://busquedas.elperuano.pe/dispositivo/NL/2356523-1,31/12/2024,,,,,,,,,,,,,,,,,,,,,,,,,,,,,,,,,,,,,,
22/12/2024,2356505-1,MINISTERIO PUBLICO,RESOLUCION,N¯ 2895 -2024-MP-FN,Aceptan renuncia de Fiscal Adjunto Provincial Provisional del Distrito Fiscal de Lima Centro,https://busquedas.elperuano.pe/dispositivo/NL/2356505-1,31/12/2024,,,,,,,,,,,,,,,,,,,,,,,,,,,,,,,,,,,,,,
22/12/2024,2356506-1,MINISTERIO PUBLICO,RESOLUCION,N¯ 2896 -2024-MP-FN,Aceptan renuncia de Fiscal Adjunto Provincial Provisional del Distrito Fiscal de Lima Centro,https://busquedas.elperuano.pe/dispositivo/NL/2356506-1,31/12/2024,,,,,,,,,,,,,,,,,,,,,,,,,,,,,,,,,,,,,,
22/12/2024,2356121-1,OFICINA NACIONAL DE PROCESOS ELECTORALES,RESOLUCION JEFATURAL,N¯ 000205-2024-JN/ONPE,Precisan que para las Elecciones Internas en el †mbito del proceso de Elecciones Municipales Complementarias 2025 resulta de aplicaci¢n el Reglamento de Elecciones Internas de las organizaciones pol°ticas en el marco de las Elecciones Regionales y Municipales 2022; y dictan otras disposiciones,https://busquedas.elperuano.pe/dispositivo/NL/2356121-1,31/12/2024,,,,,,,,,,,,,,,,,,,,,,,,,,,,,,,,,,,,,,
22/12/2024,2348140-1,GOBIERNO REGIONAL DE AYACUCHO,ACUERDO,N¯ 151-2024-GRA/CR,Autorizan al Gobernador Regional para realizar los tr†mites de transferencia de terreno ante la SBN a favor del Gobierno Regional de Ayacucho de predio para la ejecuci¢n del proyecto Construcci¢n de la planta satÇlite de regasificaci¢n del gas natural licuefacto y masificaci¢n del gas en la regi¢n Ayacucho,https://busquedas.elperuano.pe/dispositivo/NL/2348140-1,31/12/2024,,,,,,,,,,,,,,,,,,,,,,,,,,,,,,,,,,,,,,
22/12/2024,2348404-1,GOBIERNO REGIONAL DE AYACUCHO,ORDENANZA,N¯ 020-2024-GRA/CR,Aprueban el Plan de Desarrollo Regional Concertado PDRC de la regi¢n Ayacucho 2024-2034,https://busquedas.elperuano.pe/dispositivo/NL/2348404-1,31/12/2024,,,,,,,,,,,,,,,,,,,,,,,,,,,,,,,,,,,,,,
22/12/2024,2356501-1,GOBIERNO REGIONAL DE SAN MARTIN,ACUERDO,N¯ 159-2024-GRSM/CR,Renuevan designaci¢n de Secretario TÇcnico responsable del Procedimiento Administrativo Disciplinario del Gobierno Regional San Mart°n,https://busquedas.elperuano.pe/dispositivo/NL/2356501-1,31/12/2024,,,,,,,,,,,,,,,,,,,,,,,,,,,,,,,,,,,,,,
22/12/2024,2356199-1,MUNICIPALIDAD METROPOLITANA DE LIMA,DECRETO DE ALCALDIA,N¯ 021,Establecen precisi¢n referente a la ampliaci¢n de obras complementarias con el objeto de garantizar la transitabilidad y seguridad de los usuarios se§aladas en la Ordenanza Nß 2644 modificada por la Ordenanza N¯ 2661 que declara en Emergencia y de InterÇs Metropolitano la Intervenci¢n de la v°a Metropolitana Ramiro PrialÇ,https://busquedas.elperuano.pe/dispositivo/NL/2356199-1,31/12/2024,,,,,,,,,,,,,,,,,,,,,,,,,,,,,,,,,,,,,,
22/12/2024,2356338-1,MUNICIPALIDAD DE CIENEGUILLA,Ordenanzas,N¯ 393-2024-MDC y Acuerdo N¯ 473,Ordenanza N¯393-2024-MDC que aprueba el marco normativo del rÇgimen de arbitrios municipales de la Municipalidad Distrital de Cieneguilla para para el ejercicio fiscal 2025,https://epdoc2.elperuano.pe/EpPo/VistaDE.asp?Referencias=MjM1NjMzOC0xMjAyNDEyMjI=,31/12/2024,,,,,,,,,,,,,,,,,,,,,,,,,,,,,,,,,,,,,,
22/12/2024,2356244-1,MUNICIPALIDAD DE SAN ISIDRO,ORDENANZA,N¯ 609-MSI,Ordenanza que aprueba prorrogar para el ejercicio 2025 la vigencia de la Ordenanza Nß 565-MSI que regul¢ el importe del derecho de emisi¢n mecanizada del Ejercicio 2023,https://busquedas.elperuano.pe/dispositivo/NL/2356244-1,31/12/2024,,,,,,,,,,,,,,,,,,,,,,,,,,,,,,,,,,,,,,
22/12/2024,2349727-1,MUNICIPALIDAD DE SANTA ANITA,ORDENANZA,N¯ 00358/MDSA y Acuerdo N¯ 430,Ordenanza que prorroga para el Ejercicio Fiscal 2025 los costos y tasas de los Arbitrios Municipales de Recolecci¢n de Residuos S¢lidos Barrido de Calles Parques y Jardines y Serenazgo establecidos en la Ordenanza N¯ 343/MDSA,https://epdoc2.elperuano.pe/EpPo/VistaNLSE.asp?Referencias=MjM0OTcyNy0xMjAyNDEyMjI=,31/12/2024,,,,,,,,,,,,,,,,,,,,,,,,,,,,,,,,,,,,,,
22/12/2024,2356529-1,MUNICIPALIDAD PROVINCIAL DEL CALLAO,ORDENANZA,N¯ 031-2024/MPC,Ordenanza Municipal que establece los montos de emisi¢n determinaci¢n y distribuci¢n de Cuponera Tributaria del Impuesto Predial y Arbitrios Municipales e Impuesto Vehicular del ejercicio fiscal 2025,https://busquedas.elperuano.pe/dispositivo/NL/2356529-1,31/12/2024,,,,,,,,,,,,,,,,,,,,,,,,,,,,,,,,,,,,,,
22/12/2024,2354221-1,MUNICIPALIDAD DE MI PERÈ,ORDENANZA,N¯ 178-MDMP,Ordenanza que formaliza la creaci¢n del del Servicio de Serenazgo en el distrito de Mi Per£ en concordancia con la Ley Nß 31297,https://busquedas.elperuano.pe/dispositivo/NL/2354221-1,31/12/2024,,,,,,,,,,,,,,,,,,,,,,,,,,,,,,,,,,,,,,
22/12/2024,2356476-1,MUNICIPALIDAD DE MI PERÈ,ORDENANZA,N¯ 177-MDMP y Acuerdo N¯ 102-2024 AC/MPC,Ordenanza que establece el monto por derecho de emisi¢n mecanizada de actualizaci¢n de valores determinaci¢n y distribuci¢n a domicilio de la declaraci¢n jurada y liquidaci¢n del impuesto predial y arbitrios municipales para el ejercicio 2025 de la Municipalidad Distrital de Mi Per£,https://epdoc2.elperuano.pe/EpPo/VistaNLSE.asp?Referencias=MjM1NjQ3Ni0xMjAyNDEyMjI=,31/12/2024,,,,,,,,,,,,,,,,,,,,,,,,,,,,,,,,,,,,,,
21/12/2024,2356497-1,CONGRESO DE LA REPUBLICA,LEY,N¯ 32212,Ley que modifica el Decreto Legislativo 1278 Decreto Legislativo que aprueba la Ley de Gesti¢n Integral de Residuos S¢lidos y la Ley 26793 Ley de creaci¢n del Fondo Nacional del Ambiente para fortalecer la gesti¢n y el manejo de residuos s¢lidos,https://busquedas.elperuano.pe/dispositivo/NL/2356497-1,31/12/2024,,,,,,,,,,,,,,,,,,,,,,,,,,,,,,,,,,,,,,
21/12/2024,2356497-2,PRESIDENCIA DEL CONSEJO DE MINISTROS,DECRETO SUPREMO,N¯ 143-2024-PCM,Decreto Supremo que prorroga el Estado de Emergencia declarado en varios distritos de algunas provincias del departamento de Piura por peligro inminente ante dÇficit h°drico,https://busquedas.elperuano.pe/dispositivo/NL/2356497-2,31/12/2024,,,,,,,,,,,,,,,,,,,,,,,,,,,,,,,,,,,,,,
21/12/2024,2356497-3,PRESIDENCIA DEL CONSEJO DE MINISTROS,DECRETO SUPREMO,N¯ 144-2024-PCM,Decreto Supremo que prorroga el Estado de Emergencia declarado en los distritos de Ayaviri Cupi Llalli y Umachiri de la provincia de Melgar y en el distrito de Ocuviri de la provincia de Lampa del departamento de Puno por peligro inminente ante contaminaci¢n h°drica,https://busquedas.elperuano.pe/dispositivo/NL/2356497-3,31/12/2024,,,,,,,,,,,,,,,,,,,,,,,,,,,,,,,,,,,,,,
21/12/2024,2356239-1,PRESIDENCIA DEL CONSEJO DE MINISTROS,RESOLUCION MINISTERIAL,N¯ 367-2024-PCM,Autorizan transferencia financiera a favor de la Organizaci¢n Deportiva Bolivariana (ODEBO),https://busquedas.elperuano.pe/dispositivo/NL/2356239-1,31/12/2024,,,,,,,,,,,,,,,,,,,,,,,,,,,,,,,,,,,,,,
21/12/2024,2356249-1,PRESIDENCIA DEL CONSEJO DE MINISTROS,RESOLUCION MINISTERIAL,N¯ 368-2024-PCM,Autorizan transferencia financiera de recursos a favor del Programa de las Naciones Unidas para el Desarrollo (PNUD),https://busquedas.elperuano.pe/dispositivo/NL/2356249-1,31/12/2024,,,,,,,,,,,,,,,,,,,,,,,,,,,,,,,,,,,,,,
21/12/2024,2356495-1,PRESIDENCIA DEL CONSEJO DE MINISTROS,RESOLUCION MINISTERIAL,N¯ 369-2024-PCM,Autorizan transferencia financiera de recursos a favor del Programa de las Naciones Unidas para el Desarrollo (PNUD) para la ejecuci¢n del Proyecto PNUD 00099415 ? ID 00102704 Promoci¢n de di†logo y consolidaci¢n del Acuerdo Nacional,https://busquedas.elperuano.pe/dispositivo/NL/2356495-1,31/12/2024,,,,,,,,,,,,,,,,,,,,,,,,,,,,,,,,,,,,,,
21/12/2024,2356499-9,PRESIDENCIA DEL CONSEJO DE MINISTROS,RESOLUCION SUPREMA,N¯ 260-2024-PCM,Encargan funciones de Presidente del Consejo Nacional de Ciencia Tecnolog°a e Innovaci¢n - CONCYTEC,https://busquedas.elperuano.pe/dispositivo/NL/2356499-9,31/12/2024,,,,,,,,,,,,,,,,,,,,,,,,,,,,,,,,,,,,,,
21/12/2024,2356000-1,AMBIENTE,RESOLUCION MINISTERIAL,N¯ 00434-2024-MINAM,Aprueban la Ficha de Caracterizaci¢n de Pasivos Ambientales y la Gu°a orientativa para el llenado de la Ficha de Caracterizaci¢n de Pasivos Ambientales,https://busquedas.elperuano.pe/dispositivo/NL/2356000-1,31/12/2024,,,,,,,,,,,,,,,,,,,,,,,,,,,,,,,,,,,,,,
21/12/2024,2356180-1,AMBIENTE,RESOLUCION MINISTERIAL,N¯ 00435-2024-MINAM,Disponen la publicaci¢n del proyecto de Resoluci¢n Ministerial que aprueba la Gu°a para la implementaci¢n del Sistema Regional de Gesti¢n Ambiental,https://busquedas.elperuano.pe/dispositivo/NL/2356180-1,31/12/2024,,,,,,,,,,,,,,,,,,,,,,,,,,,,,,,,,,,,,,
21/12/2024,2356190-1,AMBIENTE,RESOLUCION MINISTERIAL,N¯ 00436-2024-MINAM,Disponen la publicaci¢n del proyecto de Resoluci¢n Ministerial que aprueba la Gu°a para la evaluaci¢n econ¢mica de medidas de adaptaci¢n y mitigaci¢n al cambio clim†tico: Pautas para la cuantificaci¢n y estimaci¢n de costos y beneficios de las medidas de adaptaci¢n y mitigaci¢n,https://busquedas.elperuano.pe/dispositivo/NL/2356190-1,31/12/2024,,,,,,,,,,,,,,,,,,,,,,,,,,,,,,,,,,,,,,
21/12/2024,2356483-1,AMBIENTE,RESOLUCION MINISTERIAL,N¯ 00437-2024-MINAM,Disponen la publicaci¢n de proyecto de Resoluci¢n Ministerial que aprueba el Plan Nacional de Monitoreo y Evaluaci¢n de las Medidas de Adaptaci¢n al Cambio Clim†tico,https://busquedas.elperuano.pe/dispositivo/NL/2356483-1,31/12/2024,,,,,,,,,,,,,,,,,,,,,,,,,,,,,,,,,,,,,,
21/12/2024,2356417-1,DEFENSA,RESOLUCION MINISTERIAL,N¯ 01757-2024-DE,Aprueban el Plan EstratÇgico Institucional PEI 2025-2030 del Ministerio de Defensa,https://busquedas.elperuano.pe/dispositivo/NL/2356417-1,31/12/2024,,,,,,,,,,,,,,,,,,,,,,,,,,,,,,,,,,,,,,
21/12/2024,2356420-1,DEFENSA,RESOLUCION MINISTERIAL,N¯ 01755-2024-DE,Autorizan viaje de oficial de la Marina de Guerra del Per£ a Chile en misi¢n de estudios,https://busquedas.elperuano.pe/dispositivo/NL/2356420-1,31/12/2024,,,,,,,,,,,,,,,,,,,,,,,,,,,,,,,,,,,,,,
21/12/2024,2356196-1,DESARROLLO AGRARIO Y RIEGO,RESOLUCION JEFATURAL,N¯ 233-2024-INIA,Aprueban la liberaci¢n de la nueva variedad de ajo denominada INIA 105 - DONAJUS desarrollada por el Programa Nacional de Hortalizas de la Estaci¢n Experimental Agraria Donoso,https://busquedas.elperuano.pe/dispositivo/NL/2356196-1,31/12/2024,,,,,,,,,,,,,,,,,,,,,,,,,,,,,,,,,,,,,,
21/12/2024,2356323-1,DESARROLLO AGRARIO Y RIEGO,RESOLUCION JEFATURAL,N¯ 234-2024-INIA,Aprueban la Secci¢n Segunda del Reglamento de Organizaci¢n y Funciones del Instituto Nacional de Innovaci¢n Agraria,https://busquedas.elperuano.pe/dispositivo/NL/2356323-1,31/12/2024,,,,,,,,,,,,,,,,,,,,,,,,,,,,,,,,,,,,,,
21/12/2024,2355835-1,DESARROLLO AGRARIO Y RIEGO,RESOLUCION DIRECTORAL,N¯ D000034-2024-MIDAGRI-SENASA-DSA,Aprueban requisitos sanitarios para la importaci¢n de semen de bovino congelado procedente de la Rep£blica Federativa de Brasil,https://busquedas.elperuano.pe/dispositivo/NL/2355835-1,31/12/2024,,,,,,,,,,,,,,,,,,,,,,,,,,,,,,,,,,,,,,
21/12/2024,2356494-1,DESARROLLO AGRARIO Y RIEGO,RESOLUCION MINISTERIAL,N¯ 0423-2024-MIDAGRI,Disponen la publicaci¢n del proyecto de Decreto Supremo que aprueba el Reglamento de la Ley Nß 31368 Ley que regula el servicio de extensi¢n agropecuaria del referido Reglamento as° como su Exposici¢n de Motivos,https://busquedas.elperuano.pe/dispositivo/NL/2356494-1,31/12/2024,,,,,,,,,,,,,,,,,,,,,,,,,,,,,,,,,,,,,,
21/12/2024,2356499-1,ECONOMIA Y FINANZAS,DECRETO SUPREMO,N¯ 275-2024-EF,Decreto Supremo que modifica los l°mites m†ximos de incorporaci¢n de mayores ingresos p£blicos de diversos pliegos del Gobierno Nacional,https://busquedas.elperuano.pe/dispositivo/NL/2356499-1,31/12/2024,,,,,,,,,,,,,,,,,,,,,,,,,,,,,,,,,,,,,,
21/12/2024,2356499-2,ECONOMIA Y FINANZAS,DECRETO SUPREMO,N¯ 276-2024-EF,Modifican el Decreto Supremo N¯ 253-2015-EF Dictan las normas para la presentaci¢n de la consulta particular y regulan los criterios para su implementaci¢n progresiva por la SUNAT,https://busquedas.elperuano.pe/dispositivo/NL/2356499-2,31/12/2024,,,,,,,,,,,,,,,,,,,,,,,,,,,,,,,,,,,,,,
21/12/2024,2356499-3,ECONOMIA Y FINANZAS,DECRETO SUPREMO,N¯ 277-2024-EF,Modifican el Reglamento del Decreto Legislativo N¯ 1362 Decreto Legislativo que regula la Promoci¢n de la Inversi¢n Privada mediante Asociaciones P£blico Privadas y Proyectos en Activos aprobado por el Decreto Supremo N¯ 240-2018-EF,https://busquedas.elperuano.pe/dispositivo/NL/2356499-3,31/12/2024,,,,,,,,,,,,,,,,,,,,,,,,,,,,,,,,,,,,,,
21/12/2024,2356499-4,ECONOMIA Y FINANZAS,DECRETO SUPREMO,N¯ 278-2024-EF,Decreto Supremo que aprueba la obligatoriedad de la notificaci¢n v°a casilla electr¢nica de los actos y actuaciones administrativas que se realicen en los procedimientos administrativos sancionadores a cargo del Tribunal de Contrataciones del Estado del Organismo Supervisor de las Contrataciones del Estado y dicta otras disposiciones,https://busquedas.elperuano.pe/dispositivo/NL/2356499-4,31/12/2024,,,,,,,,,,,,,,,,,,,,,,,,,,,,,,,,,,,,,,
21/12/2024,2356499-5,ECONOMIA Y FINANZAS,DECRETO SUPREMO,N¯ 279-2024-EF,Decreto Supremo que aprueba el incremento mensual de los servidores directivos y funcionarios de los reg°menes de los Decretos Legislativos N¯ 728 N¯ 1057 y Leyes N¯ 30057 N¯ 29709 y N¯ 28091; y dicta criterios y disposiciones necesarias para su implementaci¢n,https://busquedas.elperuano.pe/dispositivo/NL/2356499-5,31/12/2024,,,,,,,,,,,,,,,,,,,,,,,,,,,,,,,,,,,,,,
21/12/2024,2356499-6,ECONOMIA Y FINANZAS,DECRETO SUPREMO,N¯ 280-2024-EF,Decreto Supremo que aprueba el incremento denominado Negociaci¢n colectiva centralizada 2024-2025 para los servidores y funcionarios sujetos al rÇgimen del Decreto Legislativo N¯ 276 de los gobiernos locales,https://busquedas.elperuano.pe/dispositivo/NL/2356499-6,31/12/2024,,,,,,,,,,,,,,,,,,,,,,,,,,,,,,,,,,,,,,
21/12/2024,2356499-7,ECONOMIA Y FINANZAS,DECRETO SUPREMO,N¯ 281-2024-EF,Decreto Supremo que autoriza una Transferencia de Partidas en el Presupuesto del Sector P£blico para el A§o Fiscal 2024 a favor del Ministerio de Defensa,https://busquedas.elperuano.pe/dispositivo/NL/2356499-7,31/12/2024,,,,,,,,,,,,,,,,,,,,,,,,,,,,,,,,,,,,,,
21/12/2024,2356499-8,ECONOMIA Y FINANZAS,DECRETO SUPREMO,N¯ 282-2024-EF,Decreto Supremo que aprueba el nuevo Monto Ènico Consolidado (MUC) para los servidores administrativos y funcionarios sujetos al rÇgimen del Decreto Legislativo N¯ 276 de las entidades del Gobierno Nacional y gobiernos regionales as° como los criterios y otras disposiciones para su implementaci¢n,https://busquedas.elperuano.pe/dispositivo/NL/2356499-8,31/12/2024,,,,,,,,,,,,,,,,,,,,,,,,,,,,,,,,,,,,,,
21/12/2024,2356487-1,ECONOMIA Y FINANZAS,RESOLUCION DIRECTORAL,N¯ 005-2024-EF/68.01,Aprueban Documentos Estandarizados en el marco de la Ley N¯ 29230 Ley que impulsa la inversi¢n p£blica regional y local con participaci¢n del sector privado,https://busquedas.elperuano.pe/dispositivo/NL/2356487-1,31/12/2024,,,,,,,,,,,,,,,,,,,,,,,,,,,,,,,,,,,,,,
21/12/2024,2356138-1,EDUCACION,RESOLUCION MINISTERIAL,N¯ 635-2024-MINEDU,Designan Jefe de la Unidad de Seguimiento y Evaluaci¢n de la Oficina de Seguimiento y Evaluaci¢n EstratÇgica,https://busquedas.elperuano.pe/dispositivo/NL/2356138-1,31/12/2024,,,,,,,,,,,,,,,,,,,,,,,,,,,,,,,,,,,,,,
21/12/2024,2356439-1,ENERGIA Y MINAS,RESOLUCION MINISTERIAL,N¯ 471-2024-MINEM/DM,Designan Asesora de Alta Direcci¢n del Despacho Ministerial,https://busquedas.elperuano.pe/dispositivo/NL/2356439-1,31/12/2024,,,,,,,,,,,,,,,,,,,,,,,,,,,,,,,,,,,,,,
21/12/2024,2356542-1,INTERIOR,RESOLUCION SUPREMA,N¯ 225-2024-IN,Aprueban asignaci¢n de cargos para el a§o 2025 de Oficiales Generales de la Polic°a Nacional del Per£,https://busquedas.elperuano.pe/dispositivo/NL/2356542-1,31/12/2024,,,,,,,,,,,,,,,,,,,,,,,,,,,,,,,,,,,,,,
21/12/2024,2356380-1,JUSTICIA Y DERECHOS HUMANOS,RESOLUCION MINISTERIAL,N¯ 0327-2024-JUS,Aprueban el Plan Operativo Institucional (POI) Anual 2025 del Ministerio de Justicia y Derechos Humanos consistente con el Presupuesto Institucional de Apertura (PIA) 2025,https://busquedas.elperuano.pe/dispositivo/NL/2356380-1,31/12/2024,,,,,,,,,,,,,,,,,,,,,,,,,,,,,,,,,,,,,,
21/12/2024,2356327-1,SALUD,RESOLUCION MINISTERIAL,N¯ 893-2024/MINSA,Modifican la Directiva Administrativa N¯ 348-MINSA/CENARES-2024 Directiva Administrativa que establece disposiciones para la solicitud de recursos estratÇgicos en Salud y el uso de los recursos destinados a su adquisici¢n y distribuci¢n a favor de afiliados al Seguro Integral de Salud en el marco del Aseguramiento Universal en Salud,https://busquedas.elperuano.pe/dispositivo/NL/2356327-1,31/12/2024,,,,,,,,,,,,,,,,,,,,,,,,,,,,,,,,,,,,,,
21/12/2024,2356330-1,SALUD,RESOLUCION MINISTERIAL,N¯ 894-2024/MINSA,Modifican el rubro Autorizaci¢n de Uso del Anexo de la R.M. N¯ 792-2024-MINSA y aprueban la NTS N¯ 221 -MINSA/DGIESP-2024 Norma TÇcnica de Salud para la Prevenci¢n y Control de la Tuberculosis,https://busquedas.elperuano.pe/dispositivo/NL/2356330-1,31/12/2024,,,,,,,,,,,,,,,,,,,,,,,,,,,,,,,,,,,,,,
21/12/2024,2356457-1,SALUD,RESOLUCION MINISTERIAL,N¯ 897-2024/MINSA,Autorizan Transferencia Financiera a favor de la Organizaci¢n Panamericana de la Salud (OPS/OMS),https://busquedas.elperuano.pe/dispositivo/NL/2356457-1,31/12/2024,,,,,,,,,,,,,,,,,,,,,,,,,,,,,,,,,,,,,,
21/12/2024,2356317-1,TRABAJO Y PROMOCION DEL EMPLEO,RESOLUCION MINISTERIAL,N¯ 203-2024-TR,Delegan facultades y atribuciones en el Ministerio de Trabajo y Promoci¢n del Empleo para el Ejercicio Fiscal 2025,https://busquedas.elperuano.pe/dispositivo/NL/2356317-1,31/12/2024,,,,,,,,,,,,,,,,,,,,,,,,,,,,,,,,,,,,,,
21/12/2024,2356482-1,TRABAJO Y PROMOCION DEL EMPLEO,RESOLUCION MINISTERIAL,N¯ 205-2024-TR,Aprueban el Plan EstratÇgico Institucional (PEI) 2025 - 2030 del Ministerio de Trabajo y Promoci¢n del Empleo (MTPE),https://busquedas.elperuano.pe/dispositivo/NL/2356482-1,31/12/2024,,,,,,,,,,,,,,,,,,,,,,,,,,,,,,,,,,,,,,
21/12/2024,2356527-1,TRABAJO Y PROMOCION DEL EMPLEO,RESOLUCION MINISTERIAL,N¯ 000206-2024-TR,Aprueban la transferencia financiera del Programa de Empleo Temporal Llamkasun Per£ a favor de diversos organismos ejecutores del sector p£blico,https://busquedas.elperuano.pe/dispositivo/NL/2356527-1,31/12/2024,,,,,,,,,,,,,,,,,,,,,,,,,,,,,,,,,,,,,,
21/12/2024,2355817-1,TRANSPORTES Y COMUNICACIONES,RESOLUCION DIRECTORAL,N¯ 3429-2024-MT,Declaran que las autorizaciones para la prestaci¢n del servicio de Radiodifusi¢n sonora en la banda FM en la localidad de Yunga departamento de Moquegua ser†n otorgadas mediante Concurso P£blico,https://busquedas.elperuano.pe/dispositivo/NL/2355817-1,31/12/2024,,,,,,,,,,,,,,,,,,,,,,,,,,,,,,,,,,,,,,
21/12/2024,2355531-1,TRANSPORTES Y COMUNICACIONES,RESOLUCION MINISTERIAL,N¯ 756-2024-MTC/01.03,Otorgan a la empresa RANSSI TELECOM SOLUTIONS S.A.C. Concesi¢n Ènica para la prestaci¢n de servicios p£blicos de telecomunicaciones en †rea que comprende todo el territorio de la Rep£blica,https://busquedas.elperuano.pe/dispositivo/NL/2355531-1,31/12/2024,,,,,,,,,,,,,,,,,,,,,,,,,,,,,,,,,,,,,,
21/12/2024,2355857-1,TRANSPORTES Y COMUNICACIONES,RESOLUCION MINISTERIAL,N¯ 760-2024-MTC/01.02,Aprueban ejecuci¢n de expropiaci¢n de †rea afectada de inmueble para la ejecuci¢n de la obra: Autopista del Sol (Trujillo ? Chiclayo ? Piura ? Sullana) y el valor de la tasaci¢n,https://busquedas.elperuano.pe/dispositivo/NL/2355857-1,31/12/2024,,,,,,,,,,,,,,,,,,,,,,,,,,,,,,,,,,,,,,
21/12/2024,2355871-1,TRANSPORTES Y COMUNICACIONES,RESOLUCION MINISTERIAL,N¯ 761-2024-MTC/01.02,Designan representantes titular y alterno del MTC ante la Comisi¢n Especial que representa al Estado en Controversias Internacionales de Inversi¢n con relaci¢n a la controversia del Contrato de Concesi¢n de los Tramos Viales de la Red Vial N¯ 4: Pativilca - Santa - Trujillo y Puerto Salaverry - Empalme R01N con la empresa Sociedad Concesionaria Autopista del Norte S.A.C.,https://busquedas.elperuano.pe/dispositivo/NL/2355871-1,31/12/2024,,,,,,,,,,,,,,,,,,,,,,,,,,,,,,,,,,,,,,
21/12/2024,2355940-1,TRANSPORTES Y COMUNICACIONES,RESOLUCION MINISTERIAL,N¯ 762-2024-MTC/01.03,Aprueban ejecuci¢n de Expropiaci¢n del †rea afectada de un (1) inmueble para la ejecuci¢n del proyecto: Red Dorsal Nacional de Fibra ‡ptica: Cobertura Universal Norte Cobertura Universal Sur y Cobertura Universal Centro,https://busquedas.elperuano.pe/dispositivo/NL/2355940-1,31/12/2024,,,,,,,,,,,,,,,,,,,,,,,,,,,,,,,,,,,,,,
21/12/2024,2355843-1,TRANSPORTES Y COMUNICACIONES,RESOLUCION VICE MINISTERIAL,N¯ 0150-2024-MTC/03,Modifican la R.VM. N¯ 178-2004-MTC/03 que aprueba los Planes de Canalizaci¢n y Asignaci¢n de Frecuencias del Servicio de Radiodifusi¢n por Televisi¢n en UHF para distintas localidades del departamento de Cusco,https://busquedas.elperuano.pe/dispositivo/NL/2355843-1,31/12/2024,,,,,,,,,,,,,,,,,,,,,,,,,,,,,,,,,,,,,,
21/12/2024,2356017-1,"VIVIENDA, CONSTRUCCI‡N Y SANEAMIENTO",RESOLUCION DIRECTORAL,N¯ 000077-2024-VIVIENDA/VMCS-DGPRCS,Determinan profesiones afines al perfil del inspector tÇcnico de seguridad en edificaciones,https://busquedas.elperuano.pe/dispositivo/NL/2356017-1,31/12/2024,,,,,,,,,,,,,,,,,,,,,,,,,,,,,,,,,,,,,,
21/12/2024,2356332-1,"VIVIENDA, CONSTRUCCI‡N Y SANEAMIENTO",RESOLUCION MINISTERIAL,N¯ 466-2024-VIVIENDA,Aprueban la Ficha de Homologaci¢n denominada: Servicio de mantenimiento de pistas y veredas,https://busquedas.elperuano.pe/dispositivo/NL/2356332-1,31/12/2024,,,,,,,,,,,,,,,,,,,,,,,,,,,,,,,,,,,,,,
21/12/2024,2356354-1,"VIVIENDA, CONSTRUCCI‡N Y SANEAMIENTO",RESOLUCION MINISTERIAL,N¯ 467-2024-VIVIENDA,Disponen la publicaci¢n del proyecto Decreto Supremo que modifica el Reglamento del Decreto Legislativo N¯ 1284 Decreto Legislativo que crea el Fondo de Inversi¢n Agua Segura aprobado por el Decreto Supremo N¯ 009-2017-VIVIENDA y de su Exposici¢n de Motivos,https://busquedas.elperuano.pe/dispositivo/NL/2356354-1,31/12/2024,,,,,,,,,,,,,,,,,,,,,,,,,,,,,,,,,,,,,,
21/12/2024,2356402-1,INSTITUTO NACIONAL DE DEFENSA CIVIL,RESOLUCION JEFATURAL,N¯ 000202-2024-INDECI/JEF INDECI,Autorizan la reducci¢n del Presupuesto Institucional del Pliego 006: Instituto Nacional de Defensa Civil aprobado mediante la Ley Nß 31953 Ley de Presupuesto del Sector P£blico para el A§o Fiscal 2024,https://busquedas.elperuano.pe/dispositivo/NL/2356402-1,31/12/2024,,,,,,,,,,,,,,,,,,,,,,,,,,,,,,,,,,,,,,
21/12/2024,2356536-1,INSTITUTO NACIONAL DE ENFERMEDADES NEOPLASICAS,RESOLUCION JEFATURAL,N¯ 260-2024-J/INEN,Designan Gerente General del Instituto Nacional de Enfermedades Neopl†sicas - INEN,https://busquedas.elperuano.pe/dispositivo/NL/2356536-1,31/12/2024,,,,,,,,,,,,,,,,,,,,,,,,,,,,,,,,,,,,,,
21/12/2024,2355931-1,ORGANISMO SUPERVISOR DE LA INVERSI‡N EN INFRAESTRUCTURA DE TRANSPORTE DE USO PÈBLICO,RESOLUCION,N¯ 0085-2024-PD-OSITRAN,Establecen tarifas provisionales para los servicios del SNAR Servicio de Aproximaci¢n y Servicio Aeron†utico de Sobrevuelo prestados por la Corporaci¢n Peruana de Aeropuertos y Aviaci¢n Comercial CORPAC S.A.,https://busquedas.elperuano.pe/dispositivo/NL/2355931-1,31/12/2024,,,,,,,,,,,,,,,,,,,,,,,,,,,,,,,,,,,,,,
21/12/2024,2355954-1,ORGANISMO SUPERVISOR DE LA INVERSI‡N EN INFRAESTRUCTURA DE TRANSPORTE DE USO PÈBLICO,RESOLUCION,N¯ 0084-2024-PD-OSITRAN,Establecen tarifas provisionales para los servicios provistos por CORPAC S.A. (Servicios al pasajero: Tasa Ènica de Uso del Aeropuerto (TUUA) del Aeropuerto de Cusco y aquellos aer¢dromos y aeropuertos comprendidos en el Grupo V; y Servicios a la nave: Aterrizaje y Despegue Estacionamiento y Mangas del Aeropuerto de Cusco Aer¢dromo de Nasca y de los aer¢dromos y aeropuertos comprendidos en el Grupo V),https://busquedas.elperuano.pe/dispositivo/NL/2355954-1,31/12/2024,,,,,,,,,,,,,,,,,,,,,,,,,,,,,,,,,,,,,,
21/12/2024,2356486-1,"CONSEJO NACIONAL DE CIENCIA, TECNOLOG÷A E INNOVACI‡N TECNOL‡GICA",RESOLUCION,N¯ 169-2024-CONCYTEC-P,Aprueban transferencias financieras a entidades p£blicas y el otorgamiento de una subvenci¢n a persona jur°dica privada,https://busquedas.elperuano.pe/dispositivo/NL/2356486-1,31/12/2024,,,,,,,,,,,,,,,,,,,,,,,,,,,,,,,,,,,,,,
21/12/2024,2356528-1,ORGANISMO DE EVALUACION Y FISCALIZACION AMBIENTAL,RESOLUCION,N¯ 00128-2024-OEFA/PCD,Autorizan modificaci¢n del Presupuesto Institucional del Pliego 051: Organismo de Evaluaci¢n y Fiscalizaci¢n Ambiental - OEFA para el A§o Fiscal 2024,https://busquedas.elperuano.pe/dispositivo/NL/2356528-1,31/12/2024,,,,,,,,,,,,,,,,,,,,,,,,,,,,,,,,,,,,,,
21/12/2024,2356500-1,SUPERINTENDENCIA NACIONAL DE EDUCACION SUPERIOR UNIVERSITARIA,RESOLUCION,N¯ 0038-2024-SUNEDU-CD,Aprueban modificaci¢n de la Secci¢n Primera y Secci¢n Segunda del Reglamento de Organizaci¢n y Funciones de la Superintendencia Nacional de Educaci¢n Superior Universitaria (SUNEDU),https://busquedas.elperuano.pe/dispositivo/NL/2356500-1,31/12/2024,,,,,,,,,,,,,,,,,,,,,,,,,,,,,,,,,,,,,,
21/12/2024,2356159-1,CONSEJO EJECUTIVO DEL PODER JUDICIAL,RESOLUCION ADMINISTRATIVA,N¯ 000443-2024-CE-PJ,Dictan resoluciones administrativas relativas a la aplicaci¢n de la Ley Nß 32155,https://busquedas.elperuano.pe/dispositivo/NL/2356159-1,31/12/2024,,,,,,,,,,,,,,,,,,,,,,,,,,,,,,,,,,,,,,
21/12/2024,2356204-1,CONSEJO EJECUTIVO DEL PODER JUDICIAL,RESOLUCION ADMINISTRATIVA,N¯ 000444-2024-CE-PJ,Disponen que el Plan Piloto de los M¢dulos de Ejecuci¢n de apoyo a la funci¢n jurisdiccional mantenga su vigencia en el a§o 2025,https://busquedas.elperuano.pe/dispositivo/NL/2356204-1,31/12/2024,,,,,,,,,,,,,,,,,,,,,,,,,,,,,,,,,,,,,,
21/12/2024,2356213-1,CONSEJO EJECUTIVO DEL PODER JUDICIAL,RESOLUCION ADMINISTRATIVA,N¯ 000445-2024-CE-PJ,Disponen el uso obligatorio de las plataformas estad°sticas del Poder Judicial para Equipos TÇcnicos Comisiones y Programas Presupuestales que dise§en y ejecuten proyectos; as° como la Gerencia General del Poder Judicial,https://busquedas.elperuano.pe/dispositivo/NL/2356213-1,31/12/2024,,,,,,,,,,,,,,,,,,,,,,,,,,,,,,,,,,,,,,
21/12/2024,2356221-1,CONSEJO EJECUTIVO DEL PODER JUDICIAL,RESOLUCION ADMINISTRATIVA,N¯ 000446-2024-CE-PJ,Prorrogan el funcionamiento de la Primera Tercera y Cuarta Salas de Derecho Constitucional y Social Transitorias; y la Sala Penal Transitoria de la Corte Suprema de Justicia de la Rep£blica,https://busquedas.elperuano.pe/dispositivo/NL/2356221-1,31/12/2024,,,,,,,,,,,,,,,,,,,,,,,,,,,,,,,,,,,,,,
21/12/2024,2356259-1,CONSEJO EJECUTIVO DEL PODER JUDICIAL,RESOLUCION ADMINISTRATIVA,N¯ 000447-2024-CE-PJ,Disponen que las Cortes Superiores de Justicia del pa°s procedan a la convocatoria culminaci¢n y realizaci¢n de Concursos de Selecci¢n de Jueces Supernumerarios en su jurisdicci¢n,https://busquedas.elperuano.pe/dispositivo/NL/2356259-1,31/12/2024,,,,,,,,,,,,,,,,,,,,,,,,,,,,,,,,,,,,,,
21/12/2024,2356265-1,CONSEJO EJECUTIVO DEL PODER JUDICIAL,RESOLUCION ADMINISTRATIVA,N¯ 000448-2024-CE-PJ,Declaran fundada solicitud de traslado definitivo por motivo de salud presentada por magistrada y disponen su traslado definitivo a plaza vacante del Primer Juzgado de Paz Letrado de Mariano Melgar Distrito Judicial de Arequipa,https://busquedas.elperuano.pe/dispositivo/NL/2356265-1,31/12/2024,,,,,,,,,,,,,,,,,,,,,,,,,,,,,,,,,,,,,,
21/12/2024,2356340-1,CONSEJO EJECUTIVO DEL PODER JUDICIAL,RESOLUCION ADMINISTRATIVA,N¯ 000449-2024-CE-PJ,Prorrogan funcionamiento de ¢rganos jurisdiccionales transitorios de diversos Distritos Judiciales y dictan otras disposiciones,https://busquedas.elperuano.pe/dispositivo/NL/2356340-1,31/12/2024,,,,,,,,,,,,,,,,,,,,,,,,,,,,,,,,,,,,,,
21/12/2024,2356345-1,CONSEJO EJECUTIVO DEL PODER JUDICIAL,RESOLUCION ADMINISTRATIVA,N¯ 000450-2024-CE-PJ,Suspenden en v°a de regularizaci¢n desde el 3 hasta el 5 de diciembre de 2024 los plazos procesales y administrativos en los ¢rganos jurisdiccionales y administrativos del Distrito Judicial de Sullana,https://busquedas.elperuano.pe/dispositivo/NL/2356345-1,31/12/2024,,,,,,,,,,,,,,,,,,,,,,,,,,,,,,,,,,,,,,
21/12/2024,2356349-1,CONSEJO EJECUTIVO DEL PODER JUDICIAL,RESOLUCION ADMINISTRATIVA,N¯ 000451-2024-CE-PJ,Prorrogan funcionamiento de ¢rganos jurisdiccionales penales transitorios para el apoyo en la descarga correspondiente de diversas Cortes Superiores de Justicia y dictan otras disposiciones,https://busquedas.elperuano.pe/dispositivo/NL/2356349-1,31/12/2024,,,,,,,,,,,,,,,,,,,,,,,,,,,,,,,,,,,,,,
21/12/2024,2356357-1,CONSEJO EJECUTIVO DEL PODER JUDICIAL,RESOLUCION ADMINISTRATIVA,N¯ 000432-2024-CE-PJ,Aprueban el Protocolo Actuaci¢n en la Etapa de Ejecuci¢n del Proceso Contencioso Administrativo en la Subespecialidad Laboral y Previsional ? Versi¢n 001,https://busquedas.elperuano.pe/dispositivo/NL/2356357-1,31/12/2024,,,,,,,,,,,,,,,,,,,,,,,,,,,,,,,,,,,,,,
21/12/2024,2356384-1,CONSEJO EJECUTIVO DEL PODER JUDICIAL,RESOLUCION ADMINISTRATIVA,N¯ 000440-2024-CE-PJ,Aprueban el Protocolo Mediaci¢n Intrajudicial Familiar ? Versi¢n 001,https://busquedas.elperuano.pe/dispositivo/NL/2356384-1,31/12/2024,,,,,,,,,,,,,,,,,,,,,,,,,,,,,,,,,,,,,,
21/12/2024,2356391-1,CONSEJO EJECUTIVO DEL PODER JUDICIAL,RESOLUCION ADMINISTRATIVA,N¯ 000441-2024-CE-PJ,Aprueban la Directiva N¯ 009-2024-CE-PJ denominada Acceso y uso del servicio de consulta en l°nea del RENIEC ? Versi¢n 001,https://busquedas.elperuano.pe/dispositivo/NL/2356391-1,31/12/2024,,,,,,,,,,,,,,,,,,,,,,,,,,,,,,,,,,,,,,
21/12/2024,2356401-1,CONSEJO EJECUTIVO DEL PODER JUDICIAL,RESOLUCION ADMINISTRATIVA,N¯ 000442-2024-CE-PJ,Aprueban la Gu°a Atenci¢n al Usuario Judicial ? Versi¢n 001,https://busquedas.elperuano.pe/dispositivo/NL/2356401-1,31/12/2024,,,,,,,,,,,,,,,,,,,,,,,,,,,,,,,,,,,,,,
21/12/2024,2356020-1,BANCO CENTRAL DE RESERVA,RESOLUCION,N¯ 0065-2024-BCRP-N,Aprueban medidas de austeridad que ser†n de aplicaci¢n para el ejercicio 2025,https://busquedas.elperuano.pe/dispositivo/NL/2356020-1,31/12/2024,,,,,,,,,,,,,,,,,,,,,,,,,,,,,,,,,,,,,,
21/12/2024,2354853-1,INSTITUCIONES EDUCATIVAS,RESOLUCION,N¯ 1787-2024-UNSM/CU-R,Aprueban el Manual de Clasificador de Cargos de la Universidad Nacional de San Mart°n,https://busquedas.elperuano.pe/dispositivo/NL/2354853-1,31/12/2024,,,,,,,,,,,,,,,,,,,,,,,,,,,,,,,,,,,,,,
21/12/2024,2356404-1,GOBIERNO REGIONAL DE ANCASH,ACUERDO,N¯ 240-2024-GRA/CR,Aprueban transferencia de recursos econ¢micos del Gobierno Regional de Ancash a la Autoridad Nacional de Infraestructura - ANIN de la Presidencia del Consejo de Ministros para el financiamiento de proyecto,https://busquedas.elperuano.pe/dispositivo/NL/2356404-1,31/12/2024,,,,,,,,,,,,,,,,,,,,,,,,,,,,,,,,,,,,,,
21/12/2024,2356245-1,GOBIERNO REGIONAL DE ANCASH,RESOLUCION,N¯ 722-2024-GRA/GGR,Designan funcionario responsable de la elaboraci¢n y actualizaci¢n del Portal de Transparencia,https://busquedas.elperuano.pe/dispositivo/NL/2356245-1,31/12/2024,,,,,,,,,,,,,,,,,,,,,,,,,,,,,,,,,,,,,,
21/12/2024,2356208-1,GOBIERNO REGIONAL DE ANCASH,RESOLUCION DIRECTORAL,N¯ 116 -2024-GRA-DRA/DTPRCCyTE,Reconocen existencia legal y personer°a jur°dica de la Comunidad Campesina Carhuapampa Pocso ubicada en los Distritos de Quillo y Yautan y las Provincias de Yungay y Casma Departamento de Ancash,https://busquedas.elperuano.pe/dispositivo/NL/2356208-1,31/12/2024,,,,,,,,,,,,,,,,,,,,,,,,,,,,,,,,,,,,,,
21/12/2024,2356360-1,GOBIERNO REGIONAL DE HUANUCO,ORDENANZA,N¯ 036-2024-GRH-CR,Declaran de interÇs y prioridad regional el reconocimiento de Aparicio Pomares Hilario como HÇroe Nacional de la Guerra del Pacifico.,https://busquedas.elperuano.pe/dispositivo/NL/2356360-1,31/12/2024,,,,,,,,,,,,,,,,,,,,,,,,,,,,,,,,,,,,,,
21/12/2024,2356378-1,GOBIERNO REGIONAL DE HUANUCO,ORDENANZA,N¯ 037-2024-GRH-CR,Ordenanza Regional que reconoce al Consejo Regional del Sistema de Garant°a Participativo ? Hu†nuco,https://busquedas.elperuano.pe/dispositivo/NL/2356378-1,31/12/2024,,,,,,,,,,,,,,,,,,,,,,,,,,,,,,,,,,,,,,
21/12/2024,2356385-1,GOBIERNO REGIONAL DE HUANUCO,ORDENANZA,N¯ 038-2024-GRH-CR,Aprueban la Agenda Regional Agraria periodo 2024-2027,https://busquedas.elperuano.pe/dispositivo/NL/2356385-1,31/12/2024,,,,,,,,,,,,,,,,,,,,,,,,,,,,,,,,,,,,,,
21/12/2024,2356386-1,GOBIERNO REGIONAL DE HUANUCO,ORDENANZA,N¯ 039-2024-GRH-CR,Ordenanza Regional que reconoce y conforma la Mesa TÇcnica del Bamb£ de la Regi¢n Hu†nuco,https://busquedas.elperuano.pe/dispositivo/NL/2356386-1,31/12/2024,,,,,,,,,,,,,,,,,,,,,,,,,,,,,,,,,,,,,,
21/12/2024,2355581-1,MUNICIPALIDAD DE ATE,Ordenanzas,N¯ 623-MDA y Acuerdo N¯ 467,Ordenanza Municipal que determina el monto por el servicio del derecho de emisi¢n mecanizada de actualizaci¢n de valores tributarios determinaci¢n y distribuci¢n de impuesto predial y arbitrios municipales correspondientes para el ejercicio fiscal 2025 en el distrito de Ate,https://epdoc2.elperuano.pe/EpPo/VistaDE.asp?Referencias=MjM1NTU4MS0xMjAyNDEyMjE=,31/12/2024,,,,,,,,,,,,,,,,,,,,,,,,,,,,,,,,,,,,,,
21/12/2024,2356305-1,MUNICIPALIDAD DE ATE,Ordenanzas,N¯ 624-MDA,Ordenanza que Fija un Tope al Incremento de las Tasas Arbitrios correspondientes a los servicios de Barrido de Calles Recolecci¢n de Residuos S¢lidos Parques y Jardines y Serenazgo del Ejercicio Fiscal 2025,https://epdoc2.elperuano.pe/EpPo/VistaDE.asp?Referencias=MjM1NjMwNS0xMjAyNDEyMjE=,31/12/2024,,,,,,,,,,,,,,,,,,,,,,,,,,,,,,,,,,,,,,
21/12/2024,2354115-1,MUNICIPALIDAD DE BARRANCO,Ordenanzas,N¯ 647-2024-MDB.,Aprueban el Reglamento que regula la realizaci¢n de las Audiencias P£blicas de Rendici¢n de Cuentas de la Municipalidad Distrital de Barranco,https://epdoc2.elperuano.pe/EpPo/VistaDE.asp?Referencias=MjM1NDExNS0xMjAyNDEyMjE=,31/12/2024,,,,,,,,,,,,,,,,,,,,,,,,,,,,,,,,,,,,,,
21/12/2024,2354116-1,MUNICIPALIDAD DE BARRANCO,Ordenanzas,N¯ 648-2024-MDB.,Crean el Servicio Integral Especializado para la Prevenci¢n de la Violencia en las familias - SIEF,https://epdoc2.elperuano.pe/EpPo/VistaDE.asp?Referencias=MjM1NDExNi0xMjAyNDEyMjE=,31/12/2024,,,,,,,,,,,,,,,,,,,,,,,,,,,,,,,,,,,,,,
21/12/2024,2356488-1,MUNICIPALIDAD DE LA VICTORIA,Ordenanzas,N¯ 450/MLV,Ordenanza Municipal que aprueba el Primer Matrimonio Civil Comunitario 2025 en el distrito de La Victoria y reduce el pago de la tasa establecida en el TUPA por derecho para la celebraci¢n de matrimonio civil,https://epdoc2.elperuano.pe/EpPo/VistaDE.asp?Referencias=MjM1NjQ4OC0xMjAyNDEyMjE=,31/12/2024,,,,,,,,,,,,,,,,,,,,,,,,,,,,,,,,,,,,,,
21/12/2024,2355550-1,MUNICIPALIDAD DE MIRAFLORES,ORDENANZA,N¯ 651/MM y Acuerdo N¯ 491,Ordenanza que aprueba el RÇgimen Tributario de los Arbitrios de Limpieza P£blica (Barrido de Calles y Recolecci¢n de Residuos S¢lidos) Parques y Jardines P£blicos y Serenazgo para el ejercicio 2025,https://epdoc2.elperuano.pe/EpPo/VistaNLSE.asp?Referencias=MjM1NTU1MC0xMjAyNDEyMjE=,31/12/2024,,,,,,,,,,,,,,,,,,,,,,,,,,,,,,,,,,,,,,
21/12/2024,2355321-1,MUNICIPALIDAD DE PUCUSANA,Ordenanzas,N¯ 363-2024/MDP y Acuerdo N¯ 429,Ordenanza que establece el RÇgimen Tributario de los arbitrios de barrido de calles recolecci¢n de residuos s¢lidos parques y jardines y serenazgo correspondiente al Ejercicio Fiscal 2025 en el distrito de Pucusana,https://epdoc2.elperuano.pe/EpPo/VistaDE.asp?Referencias=MjM1NTMyMS0xMjAyNDEyMjE=,31/12/2024,,,,,,,,,,,,,,,,,,,,,,,,,,,,,,,,,,,,,,
21/12/2024,2355464-1,MUNICIPALIDAD DE PUCUSANA,Ordenanzas,N¯ 365-2024/MDP y Acuerdo N¯ 498,Ordenanza que determina el monto por servicio municipal de emisi¢n mecanizada comprendida por la actualizaci¢n de valores y tasas impresi¢n de cuponera mensajer°a y notificaci¢n a domicilio del impuesto Predial y Arbitrios Municipales para el a§o 2025,https://epdoc2.elperuano.pe/EpPo/VistaDE.asp?Referencias=MjM1NTQ2NC0xMjAyNDEyMjE=,31/12/2024,,,,,,,,,,,,,,,,,,,,,,,,,,,,,,,,,,,,,,
21/12/2024,2356274-1,MUNICIPALIDAD DE PUEBLO LIBRE,Ordenanzas,N¯ 624-2024-MDPL y Acuerdo N¯ 443,Ordenanza Municipal que establece la vigencia de los importes de los arbitrios municipales de barrido de calles recolecci¢n de residuos s¢lidos parques y jardines y serenazgo aprobados al a§o 2024 con el reajuste de ÷ndice de Precios al Consumidor - IPC para el periodo 2025 en la Municipalidad de Pueblo Libre,https://epdoc2.elperuano.pe/EpPo/VistaDE.asp?Referencias=MjM1NjI3NC0xMjAyNDEyMjE=,31/12/2024,,,,,,,,,,,,,,,,,,,,,,,,,,,,,,,,,,,,,,
21/12/2024,2356475-1,MUNICIPALIDAD DE PUEBLO LIBRE,Ordenanzas,N¯ 625-MPL y Acuerdo N¯ 497,Ordenanza que fija el monto del derecho de emisi¢n mecanizada de actualizaci¢n de valores determinaci¢n del tributo y distribuci¢n domiciliaria del impuesto predial y arbitrios municipales del ejercicio 2025 de la Municipalidad de Pueblo Libre,https://epdoc2.elperuano.pe/EpPo/VistaDE.asp?Referencias=MjM1NjQ3NS0xMjAyNDEyMjE=,31/12/2024,,,,,,,,,,,,,,,,,,,,,,,,,,,,,,,,,,,,,,
21/12/2024,2355879-1,MUNICIPALIDAD DE SAN BORJA,ORDENANZA,"N¯ 721-MSB, N¯ 723-MSB y Acuerdo 475",Ordenanza que aprueba el RÇgimen Tributario de los Arbitrios Municipales de Limpieza P£blica (Barrido de Calles y Recolecci¢n de Residuos S¢lidos) Parques y Jardines y Seguridad Ciudadana del ejercicio 2025,https://epdoc2.elperuano.pe/EpPo/VistaNLSE.asp?Referencias=MjM1NTg3OS0xMjAyNDEyMjE=,31/12/2024,,,,,,,,,,,,,,,,,,,,,,,,,,,,,,,,,,,,,,
21/12/2024,2355860-1,MUNICIPALIDAD DE SAN BORJA,Ordenanzas,N¯ 722-MSB y Acuerdo N¯ 464,Ordenanza que establece el monto del derecho por emisi¢n mecanizada de actualizaci¢n de valores determinaci¢n de tributos y su distribuci¢n a domicilio del Impuesto Predial y Arbitrios Municipales del a§o 2025,https://epdoc2.elperuano.pe/EpPo/VistaDE.asp?Referencias=MjM1NTg2MC0xMjAyNDEyMjE=,31/12/2024,,,,,,,,,,,,,,,,,,,,,,,,,,,,,,,,,,,,,,
21/12/2024,2356298-1,MUNICIPALIDAD DE SAN BORJA,Ordenanzas,N¯ 725-MSB,Ordenanza que aprueba la modificaci¢n de la Comisi¢n Ambiental Municipal de la Municipalidad Distrital de San Borja,https://epdoc2.elperuano.pe/EpPo/VistaDE.asp?Referencias=MjM1NjI5OC0xMjAyNDEyMjE=,31/12/2024,,,,,,,,,,,,,,,,,,,,,,,,,,,,,,,,,,,,,,
21/12/2024,2355461-2,MUNICIPALIDAD DE SAN JUAN DE LURIGANCHO,Ordenanzas,N¯ 467-MDSJL,Ordenanza que declara al dengue como prioridad sanitaria en el marco de las pol°ticas de salud p£blica local en vigilancia control y prevenci¢n en el distrito de San Juan de Lurigancho,https://epdoc2.elperuano.pe/EpPo/VistaDE.asp?Referencias=MjM1NTQ2MS0yMjAyNDEyMjE=,31/12/2024,,,,,,,,,,,,,,,,,,,,,,,,,,,,,,,,,,,,,,
21/12/2024,2355120-1,MUNICIPALIDAD DE SAN MIGUEL,ORDENANZA,N¯ 506/MDSM y Acuerdo N¯ 495,Establecen el monto de derecho de emisi¢n mecanizada de actualizaci¢n de valores determinaci¢n y distribuci¢n a domicilio de la declaraci¢n jurada de autoaval£o y liquidaci¢n del impuesto predial y arbitrios municipales del ejercicio 2025,https://epdoc2.elperuano.pe/EpPo/VistaNLSE.asp?Referencias=MjM1NTEyMC0xMjAyNDEyMjE=,31/12/2024,,,,,,,,,,,,,,,,,,,,,,,,,,,,,,,,,,,,,,
21/12/2024,2355507-1,MUNICIPALIDAD DE SANTA ANITA,ORDENANZA,N¯ 00363/MDSA,Ordenanza que aprueba el Plan de Acci¢n Distrital de Seguridad Ciudadana del Distrito de Santa Anita 2024 ? 2027 Actualizado (PADSC SA 2024 ? 2027 - Actualizado),https://busquedas.elperuano.pe/dispositivo/NL/2355507-1,31/12/2024,,,,,,,,,,,,,,,,,,,,,,,,,,,,,,,,,,,,,,
21/12/2024,2355884-1,MUNICIPALIDAD PROVINCIAL DEL CALLAO,DECRETO DE ALCALDIA,N¯ 023-2024-ALC/MPC,Establecen la conformaci¢n del Consejo Local de Fomento Artesanal del Callao (COLOFAR ? CALLAO) para el periodo 2024-2025,https://busquedas.elperuano.pe/dispositivo/NL/2355884-1,31/12/2024,,,,,,,,,,,,,,,,,,,,,,,,,,,,,,,,,,,,,,
21/12/2024,2351496-1,MUNICIPALIDAD PROVINCIAL DE ILO,ORDENANZA,N¯ 794?2024?MPI,Ordenanza que aprueba el Reglamento de Organizaci¢n y Funciones de la Municipalidad Provincial de Ilo,https://busquedas.elperuano.pe/dispositivo/NL/2351496-1,31/12/2024,,,,,,,,,,,,,,,,,,,,,,,,,,,,,,,,,,,,,,
21/12/2024,2354595-1,MUNICIPALIDAD PROVINCIAL DE ILO,ORDENANZA,N¯ 795?2024?MPI,Ordenanza que incorpora una disposici¢n complementaria final y una disposici¢n complementaria transitoria a la Ordenanza Municipal N¯ 794-2024-MPI que aprob¢ el Reglamento de Organizaci¢n y Funciones de la Municipalidad Provincial de Ilo,https://busquedas.elperuano.pe/dispositivo/NL/2354595-1,31/12/2024,,,,,,,,,,,,,,,,,,,,,,,,,,,,,,,,,,,,,,
20/12/2024,2355979-1,CONGRESO DE LA REPUBLICA,LEY,N¯ 32208,Ley de trabajo del profesional estad°stico,https://busquedas.elperuano.pe/dispositivo/NL/2355979-1,31/12/2024,,,,,,,,,,,,,,,,,,,,,,,,,,,,,,,,,,,,,,
20/12/2024,2355979-2,CONGRESO DE LA REPUBLICA,LEY,N¯ 32209,Ley que modifica la Ley 27693 Ley que crea la Unidad de Inteligencia Financiera-Per£ con la finalidad de reforzar la lucha contra el delito de extorsi¢n,https://busquedas.elperuano.pe/dispositivo/NL/2355979-2,31/12/2024,,,,,,,,,,,,,,,,,,,,,,,,,,,,,,,,,,,,,,
20/12/2024,2355979-3,CONGRESO DE LA REPUBLICA,LEY,N¯ 32210,Ley que modifica la Ley 27878 Ley de Trabajo del Cirujano Dentista para ampliar y precisar los derechos que regula,https://busquedas.elperuano.pe/dispositivo/NL/2355979-3,31/12/2024,,,,,,,,,,,,,,,,,,,,,,,,,,,,,,,,,,,,,,
20/12/2024,2355979-4,CONGRESO DE LA REPUBLICA,LEY,N¯ 32211,Ley que modifica el Texto Ènico Ordenado de la Ley del Impuesto General a las Ventas e Impuesto Selectivo al Consumo aprobado por el Decreto Supremo 055-99-EF para facilitar el ingreso de remesas al Per£ enviadas por peruanos en el exterior,https://busquedas.elperuano.pe/dispositivo/NL/2355979-4,31/12/2024,,,,,,,,,,,,,,,,,,,,,,,,,,,,,,,,,,,,,,
20/12/2024,2355978-1,CONGRESO DE LA REPUBLICA,RESOLUCION LEGISLATIVA,N¯ 32207,Resoluci¢n Legislativa que aprueba el Acuerdo entre el Gobierno de la Rep£blica del Per£ y la Organizaci¢n de las Naciones Unidas para la Educaci¢n la Ciencia y la Cultura relativo a la renovaci¢n de la designaci¢n del Centro Regional para la Salvaguardia del Patrimonio Cultural Inmaterial de AmÇrica Latina (CRESPIAL) como centro de categor°a 2 bajo los auspicios de la UNESCO en Cusco (Per£),https://busquedas.elperuano.pe/dispositivo/NL/2355978-1,31/12/2024,,,,,,,,,,,,,,,,,,,,,,,,,,,,,,,,,,,,,,
20/12/2024,2355895-1,PRESIDENCIA DEL CONSEJO DE MINISTROS,RESOLUCION,N¯ 008-2024-PCM/SGP,Aprueban Directiva que regula los lineamientos generales y prototipo para la estandarizaci¢n de los Centros MAC y sus tipolog°as,https://busquedas.elperuano.pe/dispositivo/NL/2355895-1,31/12/2024,,,,,,,,,,,,,,,,,,,,,,,,,,,,,,,,,,,,,,
20/12/2024,2355593-1,PRESIDENCIA DEL CONSEJO DE MINISTROS,RESOLUCION MINISTERIAL,N¯ 364-2024-PCM,Autorizan transferencia financiera de recursos a favor del Programa de las Naciones Unidas para el Desarrollo (PNUD) para la ejecuci¢n del Plan de Iniciaci¢n del Proyecto PNUD 01002976 Fortalecimiento de la descentralizaci¢n de la gesti¢n deportiva y la modernizaci¢n de la gesti¢n local,https://busquedas.elperuano.pe/dispositivo/NL/2355593-1,31/12/2024,,,,,,,,,,,,,,,,,,,,,,,,,,,,,,,,,,,,,,
20/12/2024,2355595-1,PRESIDENCIA DEL CONSEJO DE MINISTROS,RESOLUCION MINISTERIAL,N¯ 365-2024-PCM,Aprueban modificaci¢n presupuestaria para reducir el Presupuesto Institucional del Pliego 001: Presidencia del Consejo de Ministros en la fuente de financiamiento Recursos por Operaciones Oficiales de CrÇdito,https://busquedas.elperuano.pe/dispositivo/NL/2355595-1,31/12/2024,,,,,,,,,,,,,,,,,,,,,,,,,,,,,,,,,,,,,,
20/12/2024,2355882-1,PRESIDENCIA DEL CONSEJO DE MINISTROS,RESOLUCION MINISTERIAL,N¯ 359-2024-PCM,Disponen la publicaci¢n del proyecto de Decreto Supremo que aprueba el Reglamento del Decreto Legislativo N¯ 1057 Decreto Legislativo que regula el rÇgimen especial de contrataci¢n administrativa de servicios y su Exposici¢n de Motivos,https://busquedas.elperuano.pe/dispositivo/NL/2355882-1,31/12/2024,,,,,,,,,,,,,,,,,,,,,,,,,,,,,,,,,,,,,,
20/12/2024,2356498-4,PRESIDENCIA DEL CONSEJO DE MINISTROS,RESOLUCION SUPREMA,N¯ 259-2024-PCM,Encargan funciones de Presidente Ejecutivo de la Comisi¢n Nacional para el Desarrollo y Vida sin Drogas - DEVIDA,https://busquedas.elperuano.pe/dispositivo/NL/2356498-4,31/12/2024,,,,,,,,,,,,,,,,,,,,,,,,,,,,,,,,,,,,,,
20/12/2024,2355622-1,AMBIENTE,RESOLUCION MINISTERIAL,N¯ 00431-2024-MINAM,Disponen la publicaci¢n del Proyecto de Decreto Supremo que establece el µrea de Conservaci¢n Regional Bosques Secos Interandinos de Cutervo,https://busquedas.elperuano.pe/dispositivo/NL/2355622-1,31/12/2024,,,,,,,,,,,,,,,,,,,,,,,,,,,,,,,,,,,,,,
20/12/2024,2355928-1,COMERCIO EXTERIOR Y TURISMO,RESOLUCION MINISTERIAL,N¯ 374-2024-MINCETUR,Declaran ganadora beneficiaria del Concurso P£blico del Programa Turismo Emprende ? A§o 2024,https://busquedas.elperuano.pe/dispositivo/NL/2355928-1,31/12/2024,,,,,,,,,,,,,,,,,,,,,,,,,,,,,,,,,,,,,,
20/12/2024,2355935-1,COMERCIO EXTERIOR Y TURISMO,RESOLUCION MINISTERIAL,N¯ 375-2024-MINCETUR,Aprueban el Plan EstratÇgico Institucional (PEI) 2025 ? 2030 del Ministerio de Comercio Exterior y Turismo,https://busquedas.elperuano.pe/dispositivo/NL/2355935-1,31/12/2024,,,,,,,,,,,,,,,,,,,,,,,,,,,,,,,,,,,,,,
20/12/2024,2355154-1,CULTURA,RESOLUCION DIRECTORAL,N¯ 000213-2024-DGPA-VMPCIC/MC,Determinan Protecci¢n Provisional del Sitio Arqueol¢gico Coto Coto Sector 1 y 2 ubicado entre los distritos de Chupuro y Chongos Bajo provincia de Huancayo y Chupaca departamento de Jun°n,https://busquedas.elperuano.pe/dispositivo/NL/2355154-1,31/12/2024,,,,,,,,,,,,,,,,,,,,,,,,,,,,,,,,,,,,,,
20/12/2024,2355158-1,CULTURA,RESOLUCION DIRECTORAL,N¯ 000220-2024-DGPA-VMPCIC/MC,Determinan Protecci¢n Provisional del sitio arqueol¢gico Huayrayna ubicado en el distrito de Amarilis provincia y departamento de Hu†nuco,https://busquedas.elperuano.pe/dispositivo/NL/2355158-1,31/12/2024,,,,,,,,,,,,,,,,,,,,,,,,,,,,,,,,,,,,,,
20/12/2024,2355497-1,CULTURA,RESOLUCION DIRECTORAL,N¯ 000222-2024-DGPA-VMPCIC/MC,Determinan Protecci¢n Provisional del Sitio Arqueol¢gico Huaca El Mirador ubicado en el distrito de Tum†n provincia de Chiclayo departamento de Lambayeque,https://busquedas.elperuano.pe/dispositivo/NL/2355497-1,31/12/2024,,,,,,,,,,,,,,,,,,,,,,,,,,,,,,,,,,,,,,
20/12/2024,2355508-1,CULTURA,RESOLUCION DIRECTORAL,N¯ 000221-2024-DGPA-VMPCIC/MC,Determinan Protecci¢n Provisional del Sitio Arqueol¢gico Huaca Flores ubicado en el distrito provincia y departamento de Lambayeque,https://busquedas.elperuano.pe/dispositivo/NL/2355508-1,31/12/2024,,,,,,,,,,,,,,,,,,,,,,,,,,,,,,,,,,,,,,
20/12/2024,2356120-1,DESARROLLO AGRARIO Y RIEGO,RESOLUCION,N¯ D000326-2024-MIDAGRI-SERFOR-DE,Designan Director de la Oficina de Planeamiento y Racionalizaci¢n de la Oficina General de Planeamiento y Presupuesto del Servicio Nacional Forestal y de Fauna Silvestre - SERFOR,https://busquedas.elperuano.pe/dispositivo/NL/2356120-1,31/12/2024,,,,,,,,,,,,,,,,,,,,,,,,,,,,,,,,,,,,,,
20/12/2024,2356034-1,DESARROLLO AGRARIO Y RIEGO,Resoluci¢n,N¯ D000324-2024-MIDAGRI-SERFOR-DE,Aprueban el otorgamiento de subvenciones a favor de diversas entidades ejecutoras que ejecutar†n Planes de Negocio Forestal,https://busquedas.elperuano.pe/dispositivo/NL/2356034-1,31/12/2024,,,,,,,,,,,,,,,,,,,,,,,,,,,,,,,,,,,,,,
20/12/2024,2355634-1,DESARROLLO AGRARIO Y RIEGO,RESOLUCION MINISTERIAL,N¯ 0419-2024-MIDAGRI,Designan representantes titular y alterno del Ministerio de Desarrollo Agrario y Riego ante la Comisi¢n Multisectorial Permanente de Lucha contra la Tala Ilegal,https://busquedas.elperuano.pe/dispositivo/NL/2355634-1,31/12/2024,,,,,,,,,,,,,,,,,,,,,,,,,,,,,,,,,,,,,,
20/12/2024,2356373-1,ECONOMIA Y FINANZAS,ANEXO,R.D. N¯ 0039-2024-EF/50.01,Anexo de la R.D. N¯ 0039-2024-EF/50.01 que aprueba el Cuadro de Plazos de la Fase de Ejecuci¢n Presupuestaria para el A§o Fiscal 2025 y los Clasificadores Presupuestarios para el A§o Fiscal 2025,https://busquedas.elperuano.pe/dispositivo/NL/2356373-1,31/12/2024,,,,,,,,,,,,,,,,,,,,,,,,,,,,,,,,,,,,,,
20/12/2024,2355977-1,ECONOMIA Y FINANZAS,DECRETO SUPREMO,N¯ 271-2024-EF,Aprueban listado de entidades que podr†n ser exceptuadas de la percepci¢n del Impuesto General a las Ventas,https://busquedas.elperuano.pe/dispositivo/NL/2355977-1,31/12/2024,,,,,,,,,,,,,,,,,,,,,,,,,,,,,,,,,,,,,,
20/12/2024,2356498-1,ECONOMIA Y FINANZAS,DECRETO SUPREMO,N¯ 272-2024-EF,Decreto Supremo que autoriza Transferencia de Partidas en el Presupuesto del Sector P£blico para el A§o Fiscal 2024 a favor de la Reserva de Contingencia y del Ministerio de Salud,https://busquedas.elperuano.pe/dispositivo/NL/2356498-1,31/12/2024,,,,,,,,,,,,,,,,,,,,,,,,,,,,,,,,,,,,,,
20/12/2024,2356498-2,ECONOMIA Y FINANZAS,DECRETO SUPREMO,N¯ 273-2024-EF,Decreto Supremo que autoriza Transferencia de Partidas en el Presupuesto del Sector P£blico para el A§o Fiscal 2024 a favor de la Reserva de Contingencia,https://busquedas.elperuano.pe/dispositivo/NL/2356498-2,31/12/2024,,,,,,,,,,,,,,,,,,,,,,,,,,,,,,,,,,,,,,
20/12/2024,2356498-3,ECONOMIA Y FINANZAS,DECRETO SUPREMO,N¯ 274-2024-EF,Decreto Supremo que autoriza Transferencia de Partidas en el Presupuesto del Sector P£blico para el A§o Fiscal 2024 a favor del Organismo TÇcnico de la Administraci¢n de los Servicios de Saneamiento,https://busquedas.elperuano.pe/dispositivo/NL/2356498-3,31/12/2024,,,,,,,,,,,,,,,,,,,,,,,,,,,,,,,,,,,,,,
20/12/2024,2355683-1,ECONOMIA Y FINANZAS,RESOLUCION DIRECTORAL,N¯ 0015-2024-EF/52.01,Designan Entidades Financieras con la condici¢n de Creadores de Mercado en el Programa de Creadores de Mercado,https://busquedas.elperuano.pe/dispositivo/NL/2355683-1,31/12/2024,,,,,,,,,,,,,,,,,,,,,,,,,,,,,,,,,,,,,,
20/12/2024,2355829-1,ECONOMIA Y FINANZAS,RESOLUCION DIRECTORAL,N¯ 0039-2024-EF/50.01,Resoluci¢n Directoral que aprueba el Cuadro de Plazos de la Fase de Ejecuci¢n Presupuestaria para el A§o Fiscal 2025 y los Clasificadores Presupuestarios para el A§o Fiscal 2025,https://busquedas.elperuano.pe/dispositivo/NL/2355829-1,31/12/2024,,,,,,,,,,,,,,,,,,,,,,,,,,,,,,,,,,,,,,
20/12/2024,2355587-1,ECONOMIA Y FINANZAS,RESOLUCION MINISTERIAL,N¯ 395-2024-EF/50,Resoluci¢n Ministerial que aprueba los °ndices de distribuci¢n de la regal°a minera correspondientes al mes de noviembre del a§o 2024,https://busquedas.elperuano.pe/dispositivo/NL/2355587-1,31/12/2024,,,,,,,,,,,,,,,,,,,,,,,,,,,,,,,,,,,,,,
20/12/2024,2355144-1,ENERGIA Y MINAS,RESOLUCION MINISTERIAL,N¯ 461-2024-MINEM/DM,Otorgan concesi¢n definitiva a favor de ORYGEN PERÈ S.A.A. para desarrollar la actividad de transmisi¢n de energ°a elÇctrica en proyecto ubicado en el distrito de Marcona provincia de Nazca y departamento de Ica,https://busquedas.elperuano.pe/dispositivo/NL/2355144-1,31/12/2024,,,,,,,,,,,,,,,,,,,,,,,,,,,,,,,,,,,,,,
20/12/2024,2355647-1,ENERGIA Y MINAS,RESOLUCION MINISTERIAL,N¯ 466-2024-MINEM/DM,Disponen la publicaci¢n del proyecto de Decreto Supremo que modifica la Segunda Disposici¢n Complementaria Transitoria del Reglamento de Participaci¢n Ciudadana para la realizaci¢n de Actividades ElÇctricas aprobado por Decreto Supremo N¯ 016-2023-EM y su Exposici¢n de Motivos,https://busquedas.elperuano.pe/dispositivo/NL/2355647-1,31/12/2024,,,,,,,,,,,,,,,,,,,,,,,,,,,,,,,,,,,,,,
20/12/2024,2355648-1,ENERGIA Y MINAS,RESOLUCION MINISTERIAL,N¯ 467-2024-MINEM/DM,Modifican el Presupuesto Institucional de la Unidad Ejecutora 001: Ministerio de Energ°a y Minas ? Central del Pliego 016: Ministerio de Energ°a y Minas,https://busquedas.elperuano.pe/dispositivo/NL/2355648-1,31/12/2024,,,,,,,,,,,,,,,,,,,,,,,,,,,,,,,,,,,,,,
20/12/2024,2355654-1,ENERGIA Y MINAS,RESOLUCION MINISTERIAL,N¯ 468-2024-MINEM/DM,Designan Asesor de Coordinaci¢n Parlamentaria del Ministerio de Energ°a y Minas,https://busquedas.elperuano.pe/dispositivo/NL/2355654-1,31/12/2024,,,,,,,,,,,,,,,,,,,,,,,,,,,,,,,,,,,,,,
20/12/2024,2355649-1,INTERIOR,RESOLUCION DIRECTORAL,N¯ 359-2024-IN-VOI-DGIN,Designan Subprefectos(as) Provinciales y Distritales en diversas regiones,https://busquedas.elperuano.pe/dispositivo/NL/2355649-1,31/12/2024,,,,,,,,,,,,,,,,,,,,,,,,,,,,,,,,,,,,,,
20/12/2024,2355653-1,INTERIOR,RESOLUCION DIRECTORAL,N¯ 360-2024-IN-VOI-DGIN,Designan Subprefecta Provincial de Casma regi¢n Ancash,https://busquedas.elperuano.pe/dispositivo/NL/2355653-1,31/12/2024,,,,,,,,,,,,,,,,,,,,,,,,,,,,,,,,,,,,,,
20/12/2024,2356303-1,INTERIOR,RESOLUCION MINISTERIAL,N¯ 1842-2024-IN,Autorizan Transferencia Financiera a favor de la Contralor°a General de la Rep£blica,https://busquedas.elperuano.pe/dispositivo/NL/2356303-1,31/12/2024,,,,,,,,,,,,,,,,,,,,,,,,,,,,,,,,,,,,,,
20/12/2024,2355977-3,INTERIOR,RESOLUCION SUPREMA,N¯ 224-2024-IN,Dan por concluida designaci¢n de Prefecto Regional de Huancavelica,https://busquedas.elperuano.pe/dispositivo/NL/2355977-3,31/12/2024,,,,,,,,,,,,,,,,,,,,,,,,,,,,,,,,,,,,,,
20/12/2024,2355815-1,JUSTICIA Y DERECHOS HUMANOS,RESOLUCION,N¯ 245-2024-JUS/PRONACEJ,Designan administradora I del Centro Juvenil de Diagn¢stico y Rehabilitaci¢n El Tambo - Huancayo del Programa Nacional de Centros Juveniles,https://busquedas.elperuano.pe/dispositivo/NL/2355815-1,31/12/2024,,,,,,,,,,,,,,,,,,,,,,,,,,,,,,,,,,,,,,
20/12/2024,2355883-1,JUSTICIA Y DERECHOS HUMANOS,RESOLUCION MINISTERIAL,N¯ 0325-2024-JUS,Aprueban el TrigÇsimo SÇptimo Listado de Personas Beneficiarias civiles militares y policiales del Programa de Reparaciones Econ¢micas (PRE),https://busquedas.elperuano.pe/dispositivo/NL/2355883-1,31/12/2024,,,,,,,,,,,,,,,,,,,,,,,,,,,,,,,,,,,,,,
20/12/2024,2356356-1,JUSTICIA Y DERECHOS HUMANOS,RESOLUCION MINISTERIAL,N¯ 0326-2024-JUS,Aprueban el TrigÇsimo Octavo Listado de Personas Beneficiarias civiles militares y policiales del Programa de Reparaciones Econ¢micas (PRE),https://busquedas.elperuano.pe/dispositivo/NL/2356356-1,31/12/2024,,,,,,,,,,,,,,,,,,,,,,,,,,,,,,,,,,,,,,
20/12/2024,2355548-1,MUJER Y POBLACIONES VULNERABLES,RESOLUCION MINISTERIAL,N¯ 377-2024-MIMP,Aprueban la Gu°a Criterios Generales para el Dise§o Arquitect¢nico de Centros de Acogida Residencial B†sicos de Urgencia y Especializados para Ni§as Ni§os y Adolescentes,https://busquedas.elperuano.pe/dispositivo/NL/2355548-1,31/12/2024,,,,,,,,,,,,,,,,,,,,,,,,,,,,,,,,,,,,,,
20/12/2024,2355514-1,PRODUCE,RESOLUCION,N¯ D000022-2024-INACAL/PE,Formalizan acuerdo mediante el cual se aprueba el Plan Operativo Institucional (POI) 2025 del Instituto Nacional de Calidad ? INACAL,https://busquedas.elperuano.pe/dispositivo/NL/2355514-1,31/12/2024,,,,,,,,,,,,,,,,,,,,,,,,,,,,,,,,,,,,,,
20/12/2024,2355034-1,PRODUCE,RESOLUCION DIRECTORAL,N¯ 031-2024-INACAL/DN,Aprueban Normas TÇcnicas Peruanas en su versi¢n 2024 sobre aceites esenciales y otros,https://busquedas.elperuano.pe/dispositivo/NL/2355034-1,31/12/2024,,,,,,,,,,,,,,,,,,,,,,,,,,,,,,,,,,,,,,
20/12/2024,2355670-1,PRODUCE,RESOLUCION MINISTERIAL,N¯ 000494-2024-PRODUCE,Aprueban la Directiva General N¯ 000003-2024-PRODUCE-DM denominada Disposiciones para la atenci¢n de las solicitudes de acceso a la informaci¢n p£blica en el Ministerio de la Producci¢n,https://busquedas.elperuano.pe/dispositivo/NL/2355670-1,31/12/2024,,,,,,,,,,,,,,,,,,,,,,,,,,,,,,,,,,,,,,
20/12/2024,2355977-2,RELACIONES EXTERIORES,DECRETO SUPREMO,N¯ 059-2024-RE,Decreto Supremo que modifica el Art°culo 195 del Reglamento de la Ley Nß 28091 Ley del Servicio Diplom†tico de la Rep£blica aprobado por Decreto Supremo Nß 130-2003-RE,https://busquedas.elperuano.pe/dispositivo/NL/2355977-2,31/12/2024,,,,,,,,,,,,,,,,,,,,,,,,,,,,,,,,,,,,,,
20/12/2024,2356498-5,RELACIONES EXTERIORES,RESOLUCION SUPREMA,N¯ 228-2024-RE,Incorporan al Servicio Diplom†tico de la Rep£blica e inscriben en el Escalaf¢n del Servicio Diplom†tico con la categor°a de Tercer Secretario a veinticinco (25) alumnos de la Academia Diplom†tica del Per£ Javier PÇrez de CuÇllar que han concluido con Çxito el Programa de Formaci¢n Profesional 2023-2024,https://busquedas.elperuano.pe/dispositivo/NL/2356498-5,31/12/2024,,,,,,,,,,,,,,,,,,,,,,,,,,,,,,,,,,,,,,
20/12/2024,2355743-1,SALUD,RESOLUCION MINISTERIAL,N¯ 883-2024/MINSA,Aprueban Norma TÇcnica de Salud que regula la Unidad de Dispensaci¢n para Ensayos Cl°nicos,https://busquedas.elperuano.pe/dispositivo/NL/2355743-1,31/12/2024,,,,,,,,,,,,,,,,,,,,,,,,,,,,,,,,,,,,,,
20/12/2024,2356496-1,SALUD,RESOLUCION MINISTERIAL,N¯ 898-2024/MINSA,Aprueban Transferencia Financiera a favor de la Oficina de las Naciones Unidas de Servicios para Proyectos (UNOPS),https://busquedas.elperuano.pe/dispositivo/NL/2356496-1,31/12/2024,,,,,,,,,,,,,,,,,,,,,,,,,,,,,,,,,,,,,,
20/12/2024,2355753-1,TRABAJO Y PROMOCION DEL EMPLEO,RESOLUCION MINISTERIAL,N¯ 201-2024-TR,Autorizan pago de compensaci¢n econ¢mica prevista en el art°culo 3 de la Ley N¯ 27803 en favor de ciento ochenta y siete beneficiarios comprendidos en el Registro Nacional de Trabajadores Cesados Irregularmente y que optaron por dicho beneficio,https://busquedas.elperuano.pe/dispositivo/NL/2355753-1,31/12/2024,,,,,,,,,,,,,,,,,,,,,,,,,,,,,,,,,,,,,,
20/12/2024,2355605-1,TRANSPORTES Y COMUNICACIONES,RESOLUCION DIRECTORAL,N¯ 0677-2024-MTC/17.03,Renuevan a Revisiones Makalu S.A.C. la autorizaci¢n como Centro de Inspecci¢n TÇcnica Vehicular Fijo con una (01) L°nea de Inspecci¢n TÇcnica Tipo Mixta en el local ubicado en la Provincia Constitucional del Callao,https://busquedas.elperuano.pe/dispositivo/NL/2355605-1,31/12/2024,,,,,,,,,,,,,,,,,,,,,,,,,,,,,,,,,,,,,,
20/12/2024,2355182-1,TRANSPORTES Y COMUNICACIONES,RESOLUCION MINISTERIAL,N¯ 747-2024-MTC/01.02,Aprueban la ejecuci¢n de expropiaci¢n del †rea afectada de bienes inmuebles para la ejecuci¢n de la obra: Aeropuerto Cadete FAP Guillermo del Castillo Paredes ubicado en el distrito de Tarapoto provincia y departamento de San Mart°n y su valor de tasaci¢n,https://busquedas.elperuano.pe/dispositivo/NL/2355182-1,31/12/2024,,,,,,,,,,,,,,,,,,,,,,,,,,,,,,,,,,,,,,
20/12/2024,2355188-1,TRANSPORTES Y COMUNICACIONES,RESOLUCION MINISTERIAL,N¯ 748-2024-MTC/01.02,Aprueban la ejecuci¢n de expropiaci¢n de †reas afectadas de inmuebles para la ejecuci¢n de la Obra: Aeropuerto Cadete FAP Guillermo del Castillo Paredes ubicado en el distrito de Tarapoto provincia y departamento de San Mart°n y los valores de las tasaciones,https://busquedas.elperuano.pe/dispositivo/NL/2355188-1,31/12/2024,,,,,,,,,,,,,,,,,,,,,,,,,,,,,,,,,,,,,,
20/12/2024,2355194-1,TRANSPORTES Y COMUNICACIONES,RESOLUCION MINISTERIAL,N¯ 749-2024-MTC/01.02,Aprueban la ejecuci¢n de expropiaci¢n del †rea afectada de inmueble para la ejecuci¢n de la obra: Tramos viales del eje multimodal del Amazonas Norte del Plan de acci¢n para la integraci¢n de infraestructura regional sudamericana ? IIRSA y el valor de tasaci¢n,https://busquedas.elperuano.pe/dispositivo/NL/2355194-1,31/12/2024,,,,,,,,,,,,,,,,,,,,,,,,,,,,,,,,,,,,,,
20/12/2024,2355218-1,TRANSPORTES Y COMUNICACIONES,RESOLUCION MINISTERIAL,N¯ 750-2024-MTC/01.02,Aprueban la ejecuci¢n de expropiaci¢n de †rea afectada de inmueble para la ejecuci¢n de la Obra: Autopista del Sol (Trujillo - Chiclayo - Piura - Sullana) y su valor de tasaci¢n,https://busquedas.elperuano.pe/dispositivo/NL/2355218-1,31/12/2024,,,,,,,,,,,,,,,,,,,,,,,,,,,,,,,,,,,,,,
20/12/2024,2355354-1,TRANSPORTES Y COMUNICACIONES,RESOLUCION MINISTERIAL,N¯ 751-2024-MTC/01.02,Aprueban la ejecuci¢n de expropiaci¢n del †rea afectada de inmueble para la ejecuci¢n de la Obra: Mejoramiento de la Carretera Tr. Checca - Mazocruz y su valor de tasaci¢n,https://busquedas.elperuano.pe/dispositivo/NL/2355354-1,31/12/2024,,,,,,,,,,,,,,,,,,,,,,,,,,,,,,,,,,,,,,
20/12/2024,2355379-1,TRANSPORTES Y COMUNICACIONES,RESOLUCION MINISTERIAL,N¯ 752-2024-MTC/01.02,Aprueban la ejecuci¢n de expropiaci¢n de †reas afectadas de inmueble para la ejecuci¢n de la Obra: Construcci¢n de la V°a de Evitamiento de la Ciudad de Abancay y los valores de las tasaciones,https://busquedas.elperuano.pe/dispositivo/NL/2355379-1,31/12/2024,,,,,,,,,,,,,,,,,,,,,,,,,,,,,,,,,,,,,,
20/12/2024,2355414-1,TRANSPORTES Y COMUNICACIONES,RESOLUCION MINISTERIAL,N¯ 753-2024-MTC/01.02,Aprueban la ejecuci¢n de expropiaci¢n del †rea afectada de inmueble para la ejecuci¢n de la obra: Tramos viales del eje multimodal del Amazonas Norte del Plan de acci¢n para la integraci¢n de infraestructura regional sudamericana ? IIRSA y su valor de la tasaci¢n,https://busquedas.elperuano.pe/dispositivo/NL/2355414-1,31/12/2024,,,,,,,,,,,,,,,,,,,,,,,,,,,,,,,,,,,,,,
20/12/2024,2355518-1,TRANSPORTES Y COMUNICACIONES,RESOLUCION MINISTERIAL,N¯ 755-2024-MTC/01.02,Aprueban la ejecuci¢n de expropiaci¢n de †rea afectada de inmueble para la ejecuci¢n de la obra: Rehabilitaci¢n y Mejoramiento de la Carretera Ayacucho ? Abancay Tramo: Km. 210 000 ? Km. 256 500 y su valor de tasaci¢n,https://busquedas.elperuano.pe/dispositivo/NL/2355518-1,31/12/2024,,,,,,,,,,,,,,,,,,,,,,,,,,,,,,,,,,,,,,
20/12/2024,2355528-1,TRANSPORTES Y COMUNICACIONES,RESOLUCION MINISTERIAL,N¯ 757-2024-MTC/01.02,Aprueban ejecuci¢n de Expropiaci¢n de inmueble afectado por la ejecuci¢n de la obra: Aeropuerto de Jauja de la Regi¢n Jun°n,https://busquedas.elperuano.pe/dispositivo/NL/2355528-1,31/12/2024,,,,,,,,,,,,,,,,,,,,,,,,,,,,,,,,,,,,,,
20/12/2024,2356400-1,"VIVIENDA, CONSTRUCCI‡N Y SANEAMIENTO",RESOLUCION MINISTERIAL,N¯ 468-2024-VIVIENDA,Autorizan transferencia financiera a favor de SEDAPAL para financiar la ejecuci¢n y supervisi¢n del proyecto Mejoramiento y ampliaci¢n de los sistemas de agua potable y alcantarillado de los sectores 318 y 323 - 5to Territorio - distrito de Villa El Salvador - provincia de Lima - departamento de Lima,https://busquedas.elperuano.pe/dispositivo/NL/2356400-1,31/12/2024,,,,,,,,,,,,,,,,,,,,,,,,,,,,,,,,,,,,,,
20/12/2024,2354272-1,SUPERINTENDENCIA NACIONAL DE SERVICIOS DE SANEAMIENTO,RESOLUCION,N¯ 00076-2024-SUNASS-CD,Aprueban f¢rmula tarifaria estructura tarifaria y metas de gesti¢n as° como los costos m†ximos de las unidades de medida de las actividades requeridas para determinar el precio de los servicios colaterales que se aplican a EMAPA PASCO S.A. para el periodo regulatorio 2025-2027,https://busquedas.elperuano.pe/dispositivo/NL/2354272-1,31/12/2024,,,,,,,,,,,,,,,,,,,,,,,,,,,,,,,,,,,,,,
20/12/2024,2356036-1,AUTORIDAD DE TRANSPORTE URBANO PARA LIMA Y CALLAO,RESOLUCION,N¯ 278-2024-ATU/PE,Modifican la Res. N¯ 296-2023-ATU/PE que deleg¢ diversas funciones durante el periodo que comprende el a§o fiscal 2024,https://busquedas.elperuano.pe/dispositivo/NL/2356036-1,31/12/2024,,,,,,,,,,,,,,,,,,,,,,,,,,,,,,,,,,,,,,
20/12/2024,2356137-1,AUTORIDAD NACIONAL DEL SERVICIO CIVIL,RESOLUCION,N¯ 000198-2024-SERVIR-PE,Modifican con eficacia anticipada al 6 de diciembre de 2024 el Anexo N¯ 01 Cronograma de la Convocatoria 2024 del Programa Piloto de CrÇdito - Beca aprobado por el art°culo 1 de la Resoluci¢n de Presidencia Ejecutiva N¯ 097-2024-SERVIR-PE modificada por Resoluci¢n de Presidencia Ejecutiva N¯ 000108-2024-SERVIR-PE,https://busquedas.elperuano.pe/dispositivo/NL/2356137-1,31/12/2024,,,,,,,,,,,,,,,,,,,,,,,,,,,,,,,,,,,,,,
20/12/2024,2355842-1,ORGANISMO TêCNICO DE LA ADMINISTRACI‡N DE LOS SERVICIOS DE SANEAMIENTO,RESOLUCION DIRECTORAL,N¯ 000121-2024-OTASS-DE,Autorizan transferencia financiera a favor de la Entidad Prestadora de Servicios de Saneamiento Grau Sociedad An¢nima ? EPS GRAU S.A.,https://busquedas.elperuano.pe/dispositivo/NL/2355842-1,31/12/2024,,,,,,,,,,,,,,,,,,,,,,,,,,,,,,,,,,,,,,
20/12/2024,2355847-1,ORGANISMO TêCNICO DE LA ADMINISTRACI‡N DE LOS SERVICIOS DE SANEAMIENTO,RESOLUCION DIRECTORAL,N¯ 000122-2024-OTASS-DE,Autorizan transferencia financiera a favor de la Entidad Prestadora de Servicios de Saneamiento Grau Sociedad An¢nima ? EPS GRAU S.A.,https://busquedas.elperuano.pe/dispositivo/NL/2355847-1,31/12/2024,,,,,,,,,,,,,,,,,,,,,,,,,,,,,,,,,,,,,,
20/12/2024,2355856-1,ORGANISMO TêCNICO DE LA ADMINISTRACI‡N DE LOS SERVICIOS DE SANEAMIENTO,RESOLUCION DIRECTORAL,N¯ 000123-2024-OTASS-DE,Autorizan transferencia financiera a favor de la Entidad Prestadora de Servicios de Saneamiento Grau Sociedad An¢nima ? EPS GRAU S.A.,https://busquedas.elperuano.pe/dispositivo/NL/2355856-1,31/12/2024,,,,,,,,,,,,,,,,,,,,,,,,,,,,,,,,,,,,,,
20/12/2024,2355970-1,PROCURADUR÷A GENERAL DEL ESTADO,RESOLUCION,N¯ D000861-2024-JUS/PGE-PG,Designan jefa de la Oficina de Asesor°a Jur°dica de la Procuradur°a General del Estado,https://busquedas.elperuano.pe/dispositivo/NL/2355970-1,31/12/2024,,,,,,,,,,,,,,,,,,,,,,,,,,,,,,,,,,,,,,
20/12/2024,2355972-1,PROCURADUR÷A GENERAL DEL ESTADO,RESOLUCION,N¯ D000860-2024-JUS/PGE-PG,Designan director del Programa Sectorial IV de la Presidencia Ejecutiva de la Procuradur°a General del Estado,https://busquedas.elperuano.pe/dispositivo/NL/2355972-1,31/12/2024,,,,,,,,,,,,,,,,,,,,,,,,,,,,,,,,,,,,,,
20/12/2024,2355975-1,PROCURADUR÷A GENERAL DEL ESTADO,RESOLUCION,N¯ D000863-2024-JUS/PGE-PG,Designan procuradora p£blica Ad hoc para que asuma la defensa jur°dica de los intereses del Estado peruano en los procesos de extradici¢n activa de ciudadano peruano tramitadas ante autoridades y sedes jurisdiccionales del Reino de Espa§a y Reino de BÇlgica u otros que se deriven,https://busquedas.elperuano.pe/dispositivo/NL/2355975-1,31/12/2024,,,,,,,,,,,,,,,,,,,,,,,,,,,,,,,,,,,,,,
20/12/2024,2355976-1,PROCURADUR÷A GENERAL DEL ESTADO,RESOLUCION,N¯ D000864-2024-JUS/PGE-PG,Designan secretario tÇcnico del Tribunal Disciplinario de la Procuradur°a General del Estado,https://busquedas.elperuano.pe/dispositivo/NL/2355976-1,31/12/2024,,,,,,,,,,,,,,,,,,,,,,,,,,,,,,,,,,,,,,
20/12/2024,2356470-1,PROCURADUR÷A GENERAL DEL ESTADO,RESOLUCION,N¯ D000103-2024-JUS/PGE-GG,Aprueban el Manual de Perfiles de Puestos de la Procuradur°a General del Estado - PGE,https://busquedas.elperuano.pe/dispositivo/NL/2356470-1,31/12/2024,,,,,,,,,,,,,,,,,,,,,,,,,,,,,,,,,,,,,,
20/12/2024,2355889-1,SUPERINTENDENCIA NACIONAL DE EDUCACION SUPERIOR UNIVERSITARIA,RESOLUCION,N¯ 0037-2024-SUNEDU-CD,Aprueban el Reglamento para la autorizaci¢n de inicio de actividades de las promotoras de universidades privadas,https://busquedas.elperuano.pe/dispositivo/NL/2355889-1,31/12/2024,,,,,,,,,,,,,,,,,,,,,,,,,,,,,,,,,,,,,,
20/12/2024,2355353-1,SUPERINTENDENCIA NACIONAL DE LOS REGISTROS PUBLICOS,RESOLUCION,N¯ 00281-2024-SUNARP/GG,Aprueban modificaci¢n del Manual de Clasificador de Cargos de la SUNARP,https://busquedas.elperuano.pe/dispositivo/NL/2355353-1,31/12/2024,,,,,,,,,,,,,,,,,,,,,,,,,,,,,,,,,,,,,,
20/12/2024,2355754-1,DEFENSORIA DEL PUEBLO,RESOLUCION,N¯ 0021-2024/DP,Aprueban el Reglamento de Organizaci¢n y Funciones de la Defensor°a del Pueblo,https://busquedas.elperuano.pe/dispositivo/NL/2355754-1,31/12/2024,,,,,,,,,,,,,,,,,,,,,,,,,,,,,,,,,,,,,,
20/12/2024,2356115-1,MINISTERIO PUBLICO,RESOLUCION,N¯ 2893-2024-MP-FN,Disponen que el delito de prÇstamos inform†ticos extorsivos previsto en el art°culo 8-A de la Ley N¯ 30096 en atenci¢n a su naturaleza ser† de competencia de las fiscal°as provinciales penales y/o mixtas y ampl°an competencia material de las Fiscal°as Especializadas contra la Criminalidad Organizada,https://busquedas.elperuano.pe/dispositivo/NL/2356115-1,31/12/2024,,,,,,,,,,,,,,,,,,,,,,,,,,,,,,,,,,,,,,
20/12/2024,2355807-1,REGISTRO NACIONAL DE IDENTIFICACION Y ESTADO CIVIL,RESOLUCION JEFATURAL,N¯ 000192-2024/JNAC/RENIEC,Disponen el cierre del Padr¢n Electoral para las Elecciones Municipales Complementarias 2025 a llevarse a cabo el d°a 28 de setiembre de 2025,https://busquedas.elperuano.pe/dispositivo/NL/2355807-1,31/12/2024,,,,,,,,,,,,,,,,,,,,,,,,,,,,,,,,,,,,,,
20/12/2024,2355526-1,"SUPERINTENDENCIA DE BANCA, SEGUROS Y ADMINISTRADORAS PRIVADAS DE FONDOS DE PENSIONES",RESOLUCION,SBS N¯ 04347-2024,Modifican la Res. SBS N¯ 04345-2023 y otras normas para eliminar el concepto de crÇditos concedidos no desembolsados y otorgan mayor plazo para la entrada en vigencia de las definiciones de compromisos y de las modificaciones de normativa contable relacionada,https://busquedas.elperuano.pe/dispositivo/NL/2355526-1,31/12/2024,,,,,,,,,,,,,,,,,,,,,,,,,,,,,,,,,,,,,,
20/12/2024,2355086-1,GOBIERNO REGIONAL DE PIURA,ORDENANZA,N¯ 513-2024/GRP-CR,Aprueban el Inicio del Proceso del Presupuesto Participativo Regional con Enfoque Multianual correspondiente al A§o Fiscal 2026 del Gobierno Regional Piura,https://busquedas.elperuano.pe/dispositivo/NL/2355086-1,31/12/2024,,,,,,,,,,,,,,,,,,,,,,,,,,,,,,,,,,,,,,
20/12/2024,2355335-1,MUNICIPALIDAD METROPOLITANA DE LIMA,ANEXO,Ord. N¯ 2683,Anexos de la Ordenanza N¯ 2683 Ordenanza que establece montos de los Arbitrios de Recolecci¢n de Residuos S¢lidos Barrido de Calles Parques y Jardines P£blicos y Serenazgo correspondientes al ejercicio 2025 en el Cercado de Lima,https://busquedas.elperuano.pe/dispositivo/NL/2355335-1,31/12/2024,,,,,,,,,,,,,,,,,,,,,,,,,,,,,,,,,,,,,,
20/12/2024,2355250-1,MUNICIPALIDAD METROPOLITANA DE LIMA,ORDENANZA,N¯ 2680,Ordenanza que rectifica el plano de zonificaci¢n del distrito de San Bartolo,https://busquedas.elperuano.pe/dispositivo/NL/2355250-1,31/12/2024,,,,,,,,,,,,,,,,,,,,,,,,,,,,,,,,,,,,,,
20/12/2024,2355557-1,MUNICIPALIDAD DE ATE,ORDENANZA,N¯ 620-MDA y Acuerdo N¯ 494,Ordenanza que aprueba el rÇgimen tributario de los arbitrios correspondientes a los servicios de barrido de calles recolecci¢n de residuos s¢lidos parques y jardines y serenazgo del ejercicio 2025,https://epdoc2.elperuano.pe/EpPo/VistaNLSE.asp?Referencias=MjM1NTU1Ny0xMjAyNDEyMjA=,31/12/2024,,,,,,,,,,,,,,,,,,,,,,,,,,,,,,,,,,,,,,
20/12/2024,2354120-1,MUNICIPALIDAD DE BARRANCO,Ordenanzas,N¯ 649-2024-MDB.,Aprueban las fechas de vencimiento del impuesto predial el monto m°nimo del impuesto predial y el beneficio tributario de pronto pago correspondiente al ejercicio 2025,https://epdoc2.elperuano.pe/EpPo/VistaDE.asp?Referencias=MjM1NDEyMC0xMjAyNDEyMjA=,31/12/2024,,,,,,,,,,,,,,,,,,,,,,,,,,,,,,,,,,,,,,
20/12/2024,2354121-1,MUNICIPALIDAD DE BARRANCO,Ordenanzas,N¯ 650-2024-MDB.,Prorrogan para el ejercicio 2025 la vigencia de la Ordenanza Nß 616-2023-MDB ratificada con Acuerdo de Concejo Metropolitano Nß 556,https://epdoc2.elperuano.pe/EpPo/VistaDE.asp?Referencias=MjM1NDEyMS0xMjAyNDEyMjA=,31/12/2024,,,,,,,,,,,,,,,,,,,,,,,,,,,,,,,,,,,,,,
20/12/2024,2354122-1,MUNICIPALIDAD DE BARRANCO,Ordenanzas,N¯ 020-2024-MDB.,Prorrogan hasta el d°a 31 de enero de 2025 la vigencia de la Ordenanza Nß 645-2024-MDB denominada Por los 150 A§os de Barranco ≠Declara ya 2024! y ahorra,https://epdoc2.elperuano.pe/EpPo/VistaDE.asp?Referencias=MjM1NDEyMi0xMjAyNDEyMjA=,31/12/2024,,,,,,,,,,,,,,,,,,,,,,,,,,,,,,,,,,,,,,
20/12/2024,2355217-1,MUNICIPALIDAD DE CHORRILLOS,Decretos de Alcald°a,N¯ 000015-2024-MDCH/ALC,Convocan al proceso de elecciones de los representantes de la sociedad civil ante el Consejo de Coordinaci¢n Local Distrital-CCLD de Chorrillos para el per°odo 2025-2027,https://epdoc2.elperuano.pe/EpPo/VistaDE.asp?Referencias=MjM1NTIxNy0xMjAyNDEyMjA=,31/12/2024,,,,,,,,,,,,,,,,,,,,,,,,,,,,,,,,,,,,,,
20/12/2024,2355724-1,MUNICIPALIDAD DE LA VICTORIA,Ordenanzas,N¯ 449/MLV y Acuerdo N¯ 465,Ordenanza que establece el monto por derecho de emisi¢n mecanizada de actualizaci¢n de valores determinaci¢n y distribuci¢n ? Impuesto Predial y Arbitrios municipales en el distrito de La Victoria para el ejercicio 2025,https://epdoc2.elperuano.pe/EpPo/VistaDE.asp?Referencias=MjM1NTcyNC0xMjAyNDEyMjA=,31/12/2024,,,,,,,,,,,,,,,,,,,,,,,,,,,,,,,,,,,,,,
20/12/2024,2350435-1,MUNICIPALIDAD DE PUENTE PIEDRA,ORDENANZA,"N¯ s 455 y 456-MDPP, Acuerdo N¯ 431",Ordenanzas que establecen el rÇgimen tributario de los arbitrios municipales de parques y jardines y serenazgo barrido de calles y recolecci¢n de residuos s¢lidos para el ejercicio fiscal 2025,https://epdoc2.elperuano.pe/EpPo/VistaNLSE.asp?Referencias=MjM1MDQzNS0xMjAyNDEyMjA=,31/12/2024,,,,,,,,,,,,,,,,,,,,,,,,,,,,,,,,,,,,,,
20/12/2024,2353510-1,MUNICIPALIDAD DE PUNTA HERMOSA,ORDENANZA,Ordenanza N¶ 528 -MDPH y Acuerdo N¶ 453,Aprueban el rÇgimen tributario de los arbitrios de barrido de calles recolecci¢n de residuos s¢lidos parques y jardines y serenazgo para el a§o 2025 y el arbitrio de recolecci¢n de residuos s¢lidos en zonas de playa durante la temporada de verano 2025 en el distrito de Punta Hermosa,https://epdoc2.elperuano.pe/EpPo/VistaNLSE.asp?Referencias=MjM1MzUxMC0xMjAyNDEyMjA=,31/12/2024,,,,,,,,,,,,,,,,,,,,,,,,,,,,,,,,,,,,,,
20/12/2024,2355794-1,MUNICIPALIDAD DE SAN BORJA,Ordenanzas,N¯ 724-MSB,Modifican la Ordenanza Nß 707-MSB que aprueba el Reglamento de Licencias y Autorizaciones Comerciales en el Distrito de San Borja,https://epdoc2.elperuano.pe/EpPo/VistaDE.asp?Referencias=MjM1NTc5NC0xMjAyNDEyMjA=,31/12/2024,,,,,,,,,,,,,,,,,,,,,,,,,,,,,,,,,,,,,,
20/12/2024,2355438-1,MUNICIPALIDAD DE SAN ISIDRO,DECRETO DE ALCALDIA,N¯ 017-2024-ALC/MSI,Designan integrantes del ComitÇ Electoral para las Elecciones de Delegados Vecinales de las Juntas Vecinales ? Ejercicio 2025,https://busquedas.elperuano.pe/dispositivo/NL/2355438-1,31/12/2024,,,,,,,,,,,,,,,,,,,,,,,,,,,,,,,,,,,,,,
20/12/2024,2345088-1,MUNICIPALIDAD DE SANTA ROSA,ORDENANZA,N¯ 572/MDSR y Acuerdo N¯ 412,Ordenanza que aprueba el RÇgimen Tributario de los Arbitrios Municipales de Recolecci¢n de Residuos S¢lidos Barrido de Calles Parques y Jardines y Serenazgo para el periodo 2025 en el distrito de Santa Rosa,https://epdoc2.elperuano.pe/EpPo/VistaNLSE.asp?Referencias=MjM0NTA4OC0xMjAyNDEyMjA=,31/12/2024,,,,,,,,,,,,,,,,,,,,,,,,,,,,,,,,,,,,,,
20/12/2024,2351215-1,MUNICIPALIDAD DE SANTA ROSA,Ordenanzas,N¯ 579-2024-MDSR,Ordenanza que aprueba la autorizaci¢n para la instalaci¢n de elementos de seguridad (rejas batientes plumas levadizas y casetas de vigilancia) en †reas de uso p£blico en el distrito de Santa Rosa,https://epdoc2.elperuano.pe/EpPo/VistaDE.asp?Referencias=MjM1MTIxNS0xMjAyNDEyMjA=,31/12/2024,,,,,,,,,,,,,,,,,,,,,,,,,,,,,,,,,,,,,,
20/12/2024,2353895-1,MUNICIPALIDAD DE SANTA ROSA,Ordenanzas,N¯ 581-2024/MDSR,Ordenanza que establece Beneficio por Pronto Pago del Impuesto Predial y Arbitrios Municipales del a§o 2025 y fechas de vencimiento de tributos municipales,https://epdoc2.elperuano.pe/EpPo/VistaDE.asp?Referencias=MjM1Mzg5NS0xMjAyNDEyMjA=,31/12/2024,,,,,,,,,,,,,,,,,,,,,,,,,,,,,,,,,,,,,,
20/12/2024,2353897-1,MUNICIPALIDAD DE SANTA ROSA,Ordenanzas,N¯ 582-2024/MDSR,Ordenanza que establece Beneficios para la Regularizaci¢n de Declaraciones Juradas y de Deudas No Tributarias en el distrito de Santa Rosa,https://epdoc2.elperuano.pe/EpPo/VistaDE.asp?Referencias=MjM1Mzg5Ny0xMjAyNDEyMjA=,31/12/2024,,,,,,,,,,,,,,,,,,,,,,,,,,,,,,,,,,,,,,
20/12/2024,2351045-1,MUNICIPALIDAD DE SURQUILLO,Ordenanzas,N¯ 555-2024-MDS,Ordenanza que prorroga para el ejercicio 2025 la vigencia de la Ordenanza Nß 542-2023-MDS ratificada con Acuerdo de Concejo Nß 629 de la Municipalidad Metropolitana de Lima,https://epdoc2.elperuano.pe/EpPo/VistaDE.asp?Referencias=MjM1MTA0NS0xMjAyNDEyMjA=,31/12/2024,,,,,,,,,,,,,,,,,,,,,,,,,,,,,,,,,,,,,,
20/12/2024,2347251-1,MUNICIPALIDAD DISTRITAL DE NUEVO CHIMBOTE,RESOLUCION DE ALCALDIA,N¯ 185-2024-MDNCH,Designan miembros del ComitÇ de Promoci¢n de la Inversi¢n Privada,https://busquedas.elperuano.pe/dispositivo/NL/2347251-1,31/12/2024,,,,,,,,,,,,,,,,,,,,,,,,,,,,,,,,,,,,,,
19/12/2024,2355680-1,CONGRESO DE LA REPUBLICA,FE DE ERRATA,Ley N¯ 32195,FE DE ERRATA,https://busquedas.elperuano.pe/dispositivo/NL/2355680-1,31/12/2024,,,,,,,,,,,,,,,,,,,,,,,,,,,,,,,,,,,,,,
19/12/2024,2355534-1,CONGRESO DE LA REPUBLICA,LEY,N¯ 32202,Ley que otorga una asignaci¢n especial mensual a los comandos militares participantes del operativo militar de rescate de rehenes denominado Chav°n de Hu†ntar,https://busquedas.elperuano.pe/dispositivo/NL/2355534-1,31/12/2024,,,,,,,,,,,,,,,,,,,,,,,,,,,,,,,,,,,,,,
19/12/2024,2355534-2,CONGRESO DE LA REPUBLICA,LEY,N¯ 32203,Ley que declara de necesidad p£blica la ejecuci¢n del proyecto Mejoramiento y ampliaci¢n del servicio de agua potable urbano y mejoramiento y ampliaci¢n del servicio de alcantarillado en la subcuenca del r°o Torata de la provincia de Mariscal Nieto - Moquegua,https://busquedas.elperuano.pe/dispositivo/NL/2355534-2,31/12/2024,,,,,,,,,,,,,,,,,,,,,,,,,,,,,,,,,,,,,,
19/12/2024,2355534-3,CONGRESO DE LA REPUBLICA,LEY,N¯ 32204,Ley que declara de necesidad p£blica e interÇs nacional la ejecuci¢n de la carretera P†mpano-Ticrapo-Castrovirreyna-Abra Llihuaccasa-Santa InÇs que uno los departamentos de Huancavelica e Ica,https://busquedas.elperuano.pe/dispositivo/NL/2355534-3,31/12/2024,,,,,,,,,,,,,,,,,,,,,,,,,,,,,,,,,,,,,,
19/12/2024,2355534-4,CONGRESO DE LA REPUBLICA,LEY,N¯ 32205,Ley que modifica la Ley 31678 - Ley que modifica el Decreto Legislativo 1350 Decreto Legislativo de Migraciones a fin de establecer la vigencia del pasaporte electr¢nico ordinario por 10 a§os- para disponer la entrega de dichos pasaportes por parte del Ministerio de Relaciones Exteriores,https://busquedas.elperuano.pe/dispositivo/NL/2355534-4,31/12/2024,,,,,,,,,,,,,,,,,,,,,,,,,,,,,,,,,,,,,,
19/12/2024,2355534-5,CONGRESO DE LA REPUBLICA,LEY,N¯ 32206,Ley que declara de interÇs nacional la creaci¢n construcci¢n e implementaci¢n del Parque Cient°fico - Tecnol¢gico Intercultural de Huancavelica en el departamento de Huancavelica,https://busquedas.elperuano.pe/dispositivo/NL/2355534-5,31/12/2024,,,,,,,,,,,,,,,,,,,,,,,,,,,,,,,,,,,,,,
19/12/2024,2355189-1,PRESIDENCIA DEL CONSEJO DE MINISTROS,RESOLUCION MINISTERIAL,N¯ 360-2024-PCM,Disponen la publicaci¢n de proyecto de Decreto Supremo que aprueba el Reglamento del Decreto Legislativo N¯ 1565 Decreto Legislativo que aprueba la Ley General de mejora de la Calidad Regulatoria,https://busquedas.elperuano.pe/dispositivo/NL/2355189-1,31/12/2024,,,,,,,,,,,,,,,,,,,,,,,,,,,,,,,,,,,,,,
19/12/2024,2355190-1,PRESIDENCIA DEL CONSEJO DE MINISTROS,RESOLUCION MINISTERIAL,N¯ 361-2024-PCM,Designan representantes titular y alterna del Ministerio de Educaci¢n ante el Consejo Nacional de Protecci¢n del Consumidor,https://busquedas.elperuano.pe/dispositivo/NL/2355190-1,31/12/2024,,,,,,,,,,,,,,,,,,,,,,,,,,,,,,,,,,,,,,
19/12/2024,2355193-1,PRESIDENCIA DEL CONSEJO DE MINISTROS,RESOLUCION MINISTERIAL,N¯ 362-2024-PCM,Autorizan transferencia financiera a favor del Ministerio de Defensa por las acciones de apoyo brindado por las Fuerzas Armadas a la Presidencia del Consejo de Ministros,https://busquedas.elperuano.pe/dispositivo/NL/2355193-1,31/12/2024,,,,,,,,,,,,,,,,,,,,,,,,,,,,,,,,,,,,,,
19/12/2024,2355088-1,AMBIENTE,RESOLUCION MINISTERIAL,N¯ 00430-2024-MINAM,Crean el Grupo de Trabajo para la elaboraci¢n de propuestas que contengan orientaciones tÇcnicas destinadas a promover e implementar mecanismos de financiamiento para la conservaci¢n restauraci¢n y recuperaci¢n de la biodiversidad en el Per£,https://busquedas.elperuano.pe/dispositivo/NL/2355088-1,31/12/2024,,,,,,,,,,,,,,,,,,,,,,,,,,,,,,,,,,,,,,
19/12/2024,2355459-1,AMBIENTE,RESOLUCION MINISTERIAL,N¯ 00432-2024-MINAM,Disponen la publicaci¢n del proyecto de Resoluci¢n Ministerial que modifica la Primera Actualizaci¢n del Listado de Inclusi¢n de los Proyectos de Inversi¢n sujetos al Sistema Nacional de Evaluaci¢n del Impacto Ambiental (SEIA) aprobada por la Resoluci¢n Ministerial N¯ 157-2011-MINAM respecto a los proyectos de inversi¢n del sector transporte,https://busquedas.elperuano.pe/dispositivo/NL/2355459-1,31/12/2024,,,,,,,,,,,,,,,,,,,,,,,,,,,,,,,,,,,,,,
19/12/2024,2355396-1,COMERCIO EXTERIOR Y TURISMO,RESOLUCION MINISTERIAL,N¯ 372-2024-MINCETUR,Designan Directora de la Oficina de Comunicaciones y Protocolo del Ministerio,https://busquedas.elperuano.pe/dispositivo/NL/2355396-1,31/12/2024,,,,,,,,,,,,,,,,,,,,,,,,,,,,,,,,,,,,,,
19/12/2024,2355402-1,COMERCIO EXTERIOR Y TURISMO,RESOLUCION MINISTERIAL,N¯ 373-2024-MINCETUR,Designan Director de la Direcci¢n de Productos y Destinos Tur°sticos de la Direcci¢n General de Estrategia Tur°stica,https://busquedas.elperuano.pe/dispositivo/NL/2355402-1,31/12/2024,,,,,,,,,,,,,,,,,,,,,,,,,,,,,,,,,,,,,,
19/12/2024,2354588-1,CULTURA,RESOLUCION VICE MINISTERIAL,N¯ 000347-2024-VMPCIC/MC,Declaran Patrimonio Cultural de la Naci¢n al Sitio Arqueol¢gico Wakan ubicado en el distrito de Paucar provincia de Daniel Alcides Carri¢n y departamento de Pasco,https://busquedas.elperuano.pe/dispositivo/NL/2354588-1,31/12/2024,,,,,,,,,,,,,,,,,,,,,,,,,,,,,,,,,,,,,,
19/12/2024,2355534-6,DEFENSA,RESOLUCION SUPREMA,N¯ 176-2024-DE,Designan Suboficial Especialista de Cooperaci¢n (SEC) del Sistema de Cooperaci¢n de las Fuerzas AÇreas Americanas en la Secretar°a Permanente (SPS-SICOFAA),https://busquedas.elperuano.pe/dispositivo/NL/2355534-6,31/12/2024,,,,,,,,,,,,,,,,,,,,,,,,,,,,,,,,,,,,,,
19/12/2024,2354756-1,DESARROLLO AGRARIO Y RIEGO,RESOLUCION DIRECTORAL,N¯ D000046-2024-MIDAGRI-SENASA-DSV,Establecen requisitos fitosanitarios de cumplimiento obligatorio para la importaci¢n de plantas de zarzamora Rubus spp. (Rubus subg. Rubus) de origen y procedencia de la Rep£blica de Chile,https://busquedas.elperuano.pe/dispositivo/NL/2354756-1,31/12/2024,,,,,,,,,,,,,,,,,,,,,,,,,,,,,,,,,,,,,,
19/12/2024,2354764-1,DESARROLLO AGRARIO Y RIEGO,RESOLUCION DIRECTORAL,N¯ D000047-2024-MIDAGRI-SENASA-DSV,Establecen requisitos fitosanitarios de cumplimiento obligatorio para la importaci¢n de plantas in vitro de zarzamora Rubus spp. (Rubus subg. Rubus) de origen y procedencia de la Rep£blica de Chile,https://busquedas.elperuano.pe/dispositivo/NL/2354764-1,31/12/2024,,,,,,,,,,,,,,,,,,,,,,,,,,,,,,,,,,,,,,
19/12/2024,2355393-1,DESARROLLO E INCLUSI‡N SOCIAL,RESOLUCION,N¯ 002431-2024-MIDIS/PNCM-DE,Designan Coordinador de la Unidad Territorial Loreto del Programa Nacional Cuna M†s,https://busquedas.elperuano.pe/dispositivo/NL/2355393-1,31/12/2024,,,,,,,,,,,,,,,,,,,,,,,,,,,,,,,,,,,,,,
19/12/2024,2355533-1,ECONOMIA Y FINANZAS,DECRETO SUPREMO,N¯ 263-2024-EF,Decreto Supremo que aprueba las normas complementarias para la transferencia a la Oficina de Normalizaci¢n Previsional - ONP de la administraci¢n y el pago de pensiones en el rÇgimen del Decreto Ley Nß 20530,https://busquedas.elperuano.pe/dispositivo/NL/2355533-1,31/12/2024,,,,,,,,,,,,,,,,,,,,,,,,,,,,,,,,,,,,,,
19/12/2024,2355533-2,ECONOMIA Y FINANZAS,DECRETO SUPREMO,N¯ 264-2024-EF,Decreto Supremo que aprueba el Reglamento de la Ley N¯ 32139 Ley que establece un porcentaje del presupuesto institucional de los gobiernos regionales y de los gobiernos locales para actividades y proyectos orientados a la atenci¢n de personas con discapacidad,https://busquedas.elperuano.pe/dispositivo/NL/2355533-2,31/12/2024,,,,,,,,,,,,,,,,,,,,,,,,,,,,,,,,,,,,,,
19/12/2024,2355533-3,ECONOMIA Y FINANZAS,DECRETO SUPREMO,N¯ 265-2024-EF,Decreto Supremo que aprueba el incremento mensual de los servidores directivos y funcionarios de los reg°menes de los Decretos Legislativos N¯ 728 N¯ 1057 y Leyes N¯ 30057 N¯ 29709 Y N¯ 28091; y dicta criterios y disposiciones necesarias para su implementaci¢n,https://busquedas.elperuano.pe/dispositivo/NL/2355533-3,31/12/2024,,,,,,,,,,,,,,,,,,,,,,,,,,,,,,,,,,,,,,
19/12/2024,2355533-4,ECONOMIA Y FINANZAS,DECRETO SUPREMO,N¯ 266-2024-EF,Decreto Supremo que aprueba disposiciones reglamentarias para la incorporaci¢n de la bonificaci¢n del Fondo Nacional de Ahorro P£blico (FONAHPU) en las pensiones del rÇgimen del Decreto Ley N¯ 20530,https://busquedas.elperuano.pe/dispositivo/NL/2355533-4,31/12/2024,,,,,,,,,,,,,,,,,,,,,,,,,,,,,,,,,,,,,,
19/12/2024,2355533-5,ECONOMIA Y FINANZAS,DECRETO SUPREMO,N¯ 267-2024-EF,Decreto Supremo que autoriza Transferencia de Partidas en el Presupuesto del Sector P£blico para el A§o Fiscal 2024 a favor de la Reserva de Contingencia y del Ministerio de Salud,https://busquedas.elperuano.pe/dispositivo/NL/2355533-5,31/12/2024,,,,,,,,,,,,,,,,,,,,,,,,,,,,,,,,,,,,,,
19/12/2024,2355533-6,ECONOMIA Y FINANZAS,DECRETO SUPREMO,N¯ 268-2024-EF,Decreto Supremo que aprueba el nuevo Monto Ènico Consolidado (MUC) para los servidores administrativos y funcionarios sujetos al rÇgimen del Decreto Legislativo N¯ 276 as° como los criterios y otras disposiciones para su implementaci¢n,https://busquedas.elperuano.pe/dispositivo/NL/2355533-6,31/12/2024,,,,,,,,,,,,,,,,,,,,,,,,,,,,,,,,,,,,,,
19/12/2024,2355533-7,ECONOMIA Y FINANZAS,DECRETO SUPREMO,N¯ 269-2024-EF,Decreto Supremo que autoriza Transferencias de Partidas en el Presupuesto del Sector P£blico para el A§o Fiscal 2024 a favor de la Reserva de Contingencia y del Registro Nacional de Identificaci¢n y Estado Civil,https://busquedas.elperuano.pe/dispositivo/NL/2355533-7,31/12/2024,,,,,,,,,,,,,,,,,,,,,,,,,,,,,,,,,,,,,,
19/12/2024,2355533-8,ECONOMIA Y FINANZAS,DECRETO SUPREMO,N¯ 270-2024-EF,Decreto Supremo que autoriza Transferencia de Partidas en el Presupuesto del Sector P£blico para el A§o Fiscal 2024 a favor de la Procuradur°a General del Estado,https://busquedas.elperuano.pe/dispositivo/NL/2355533-8,31/12/2024,,,,,,,,,,,,,,,,,,,,,,,,,,,,,,,,,,,,,,
19/12/2024,2355145-1,ECONOMIA Y FINANZAS,RESOLUCION MINISTERIAL,N¯ 392-2024-EF/41,Aprueban el Plan Operativo Institucional (POI) Anual 2025 del Ministerio de Econom°a y Finanzas,https://busquedas.elperuano.pe/dispositivo/NL/2355145-1,31/12/2024,,,,,,,,,,,,,,,,,,,,,,,,,,,,,,,,,,,,,,
19/12/2024,2355469-1,EDUCACION,RESOLUCION DIRECTORAL,N¯ 00053-2024-PEIP-EB,Designan Asesor de la Direcci¢n Ejecutiva del Proyecto Especial de Inversi¢n P£blica Escuelas Bicentenario,https://busquedas.elperuano.pe/dispositivo/NL/2355469-1,31/12/2024,,,,,,,,,,,,,,,,,,,,,,,,,,,,,,,,,,,,,,
19/12/2024,2355261-1,EDUCACION,RESOLUCION VICE MINISTERIAL,N¯ 149-2024-MINEDU,Modifican la Norma TÇcnica denominada Norma que regula el procedimiento y requisitos para la contrataci¢n de auxiliares de educaci¢n en las modalidades de Educaci¢n B†sica Regular y Educaci¢n B†sica Especial,https://busquedas.elperuano.pe/dispositivo/NL/2355261-1,31/12/2024,,,,,,,,,,,,,,,,,,,,,,,,,,,,,,,,,,,,,,
19/12/2024,2355470-1,JUSTICIA Y DERECHOS HUMANOS,FE DE ERRATA,Res. N¯ 0299-2024-JUS,FE DE ERRATA,https://busquedas.elperuano.pe/dispositivo/NL/2355470-1,31/12/2024,,,,,,,,,,,,,,,,,,,,,,,,,,,,,,,,,,,,,,
19/12/2024,2355535-1,JUSTICIA Y DERECHOS HUMANOS,RESOLUCION SUPREMA,N¯ 364-2024-JUS,Acceden a solicitud de extradici¢n activa de ciudadano neerlandÇs para ser extraditado del Reino Unido de Gran Breta§a e Irlanda del Norte y ser procesado en la Rep£blica del Per£,https://busquedas.elperuano.pe/dispositivo/NL/2355535-1,31/12/2024,,,,,,,,,,,,,,,,,,,,,,,,,,,,,,,,,,,,,,
19/12/2024,2355535-10,JUSTICIA Y DERECHOS HUMANOS,RESOLUCION SUPREMA,N¯ 373-2024-JUS,Acceden a solicitud de extradici¢n activa de ciudadano peruano para ser extraditado de la Rep£blica de Chile y ser procesado en la Rep£blica del Per£,https://busquedas.elperuano.pe/dispositivo/NL/2355535-10,31/12/2024,,,,,,,,,,,,,,,,,,,,,,,,,,,,,,,,,,,,,,
19/12/2024,2355535-11,JUSTICIA Y DERECHOS HUMANOS,RESOLUCION SUPREMA,N¯ 374-2024-JUS,Acceden a solicitud de extradici¢n pasiva de ciudadano italiano para ser extraditado de la Rep£blica del Per£ y cumplir en la Rep£blica Italiana la condena impuesta,https://busquedas.elperuano.pe/dispositivo/NL/2355535-11,31/12/2024,,,,,,,,,,,,,,,,,,,,,,,,,,,,,,,,,,,,,,
19/12/2024,2355535-12,JUSTICIA Y DERECHOS HUMANOS,RESOLUCION SUPREMA,N¯ 375-2024-JUS,Acceden a solicitud de extradici¢n pasiva de ciudadana peruana para ser extraditada de la Rep£blica del Per£ y ser procesada en la Rep£blica de Chile,https://busquedas.elperuano.pe/dispositivo/NL/2355535-12,31/12/2024,,,,,,,,,,,,,,,,,,,,,,,,,,,,,,,,,,,,,,
19/12/2024,2355535-13,JUSTICIA Y DERECHOS HUMANOS,RESOLUCION SUPREMA,N¯ 376-2024-JUS,Acceden a solicitud de extradici¢n pasiva de ciudadano peruano para ser extraditado de la Rep£blica del Per£ y ser procesado en la Rep£blica de Chile,https://busquedas.elperuano.pe/dispositivo/NL/2355535-13,31/12/2024,,,,,,,,,,,,,,,,,,,,,,,,,,,,,,,,,,,,,,
19/12/2024,2355535-2,JUSTICIA Y DERECHOS HUMANOS,RESOLUCION SUPREMA,N¯ 365-2024-JUS,Acceden a solicitud de extradici¢n activa de ciudadana belga israel° y peruana para ser extraditada del Estado de Israel y ser procesada en la Rep£blica del Per£,https://busquedas.elperuano.pe/dispositivo/NL/2355535-2,31/12/2024,,,,,,,,,,,,,,,,,,,,,,,,,,,,,,,,,,,,,,
19/12/2024,2355535-3,JUSTICIA Y DERECHOS HUMANOS,RESOLUCION SUPREMA,N¯ 366-2024-JUS,Acceden a solicitud de extradici¢n activa de ciudadano israel° para ser extraditado del Estado de Israel y ser procesado en la Rep£blica del Per£,https://busquedas.elperuano.pe/dispositivo/NL/2355535-3,31/12/2024,,,,,,,,,,,,,,,,,,,,,,,,,,,,,,,,,,,,,,
19/12/2024,2355535-4,JUSTICIA Y DERECHOS HUMANOS,RESOLUCION SUPREMA,N¯ 367-2024-JUS,Acceden a solicitud de extradici¢n activa de ciudadano peruano para ser extraditado de la Rep£blica Francesa y ser procesado en la Rep£blica del Per£,https://busquedas.elperuano.pe/dispositivo/NL/2355535-4,31/12/2024,,,,,,,,,,,,,,,,,,,,,,,,,,,,,,,,,,,,,,
19/12/2024,2355535-5,JUSTICIA Y DERECHOS HUMANOS,RESOLUCION SUPREMA,N¯ 368-2024-JUS,Acceden a solicitud de extradici¢n activa de ciudadano peruano para ser extraditado de la Rep£blica Italiana y ser procesado en la Rep£blica del Per£,https://busquedas.elperuano.pe/dispositivo/NL/2355535-5,31/12/2024,,,,,,,,,,,,,,,,,,,,,,,,,,,,,,,,,,,,,,
19/12/2024,2355535-6,JUSTICIA Y DERECHOS HUMANOS,RESOLUCION SUPREMA,N¯ 369-2024-JUS,Acceden a solicitud de extradici¢n activa de ciudadano peruano para ser extraditado del Reino de Espa§a y ser procesado en la Rep£blica del Per£,https://busquedas.elperuano.pe/dispositivo/NL/2355535-6,31/12/2024,,,,,,,,,,,,,,,,,,,,,,,,,,,,,,,,,,,,,,
19/12/2024,2355535-7,JUSTICIA Y DERECHOS HUMANOS,RESOLUCION SUPREMA,N¯ 370-2024-JUS,Acceden a solicitud de extradici¢n activa de ciudadano peruano para ser extraditado del Reino de Espa§a y ser procesado en la Rep£blica del Per£,https://busquedas.elperuano.pe/dispositivo/NL/2355535-7,31/12/2024,,,,,,,,,,,,,,,,,,,,,,,,,,,,,,,,,,,,,,
19/12/2024,2355535-8,JUSTICIA Y DERECHOS HUMANOS,RESOLUCION SUPREMA,N¯ 371-2024-JUS,Acceden a solicitud de extradici¢n activa de ciudadana peruana para ser extraditada de la Rep£blica Argentina y cumplir su condena en la Rep£blica del Per£,https://busquedas.elperuano.pe/dispositivo/NL/2355535-8,31/12/2024,,,,,,,,,,,,,,,,,,,,,,,,,,,,,,,,,,,,,,
19/12/2024,2355535-9,JUSTICIA Y DERECHOS HUMANOS,RESOLUCION SUPREMA,N¯ 372-2024-JUS,Acceden a solicitud de extradici¢n activa de ciudadano venezolano para ser extraditado de la Rep£blica Bolivariana de Venezuela y cumplir su condena en la Rep£blica del Per£,https://busquedas.elperuano.pe/dispositivo/NL/2355535-9,31/12/2024,,,,,,,,,,,,,,,,,,,,,,,,,,,,,,,,,,,,,,
19/12/2024,2355446-1,MUJER Y POBLACIONES VULNERABLES,RESOLUCION,N¯ D000240-2024-CONADIS-PRE,Aprueban la Hoja de Ruta en Tecnolog°a de Apoyo para el Periodo 2024 ? 2030,https://busquedas.elperuano.pe/dispositivo/NL/2355446-1,31/12/2024,,,,,,,,,,,,,,,,,,,,,,,,,,,,,,,,,,,,,,
19/12/2024,2354993-1,PRODUCE,RESOLUCION DIRECTORAL,N¯ D000017-2024-INACAL/DM,Aprueban el PV-002: Procedimiento para la verificaci¢n de instrumentos de pesaje de funcionamiento no autom†tico; Edici¢n 2 diciembre 2024,https://busquedas.elperuano.pe/dispositivo/NL/2354993-1,31/12/2024,,,,,,,,,,,,,,,,,,,,,,,,,,,,,,,,,,,,,,
19/12/2024,2355244-1,SALUD,RESOLUCION MINISTERIAL,N¯ 884-2024/MINSA,Aprueban la NTS N¯ 220-MINSA/DGIESP-2024 Norma TÇcnica de Salud que establece el procedimiento de evaluaci¢n calificaci¢n y certificaci¢n de la incapacidad laboral por accidente de trabajo o enfermedad profesional de los trabajadores asegurados al Seguro Complementario de Trabajo de Riesgo (SCTR),https://busquedas.elperuano.pe/dispositivo/NL/2355244-1,31/12/2024,,,,,,,,,,,,,,,,,,,,,,,,,,,,,,,,,,,,,,
19/12/2024,2355480-1,SALUD,RESOLUCION MINISTERIAL,N¯ 885-2024/MINSA,Aprueban el Documento TÇcnico: Metodolog°a para la elaboraci¢n de an†lisis de impacto presupuestario de tecnolog°as sanitarias,https://busquedas.elperuano.pe/dispositivo/NL/2355480-1,31/12/2024,,,,,,,,,,,,,,,,,,,,,,,,,,,,,,,,,,,,,,
19/12/2024,2355516-1,TRABAJO Y PROMOCION DEL EMPLEO,RESOLUCION MINISTERIAL,N¯ 200-2024-TR,Aprueban transferencia financiera del Programa de Empleo Temporal Llamkasun Per£ a favor de organismos ejecutores del sector p£blico,https://busquedas.elperuano.pe/dispositivo/NL/2355516-1,31/12/2024,,,,,,,,,,,,,,,,,,,,,,,,,,,,,,,,,,,,,,
19/12/2024,2355964-1,TRABAJO Y PROMOCION DEL EMPLEO,RESOLUCION MINISTERIAL,N¯ 000202-2024-TR,Aprueban transferencia financiera del Programa de Empleo Temporal Llamkasun Per£ a favor de organismo ejecutor del sector p£blico,https://busquedas.elperuano.pe/dispositivo/NL/2355964-1,31/12/2024,,,,,,,,,,,,,,,,,,,,,,,,,,,,,,,,,,,,,,
19/12/2024,2350336-1,TRANSPORTES Y COMUNICACIONES,RESOLUCION DIRECTORAL,N¯ 0684-2024-MTC/17.03,Autorizan a la empresa ANJHO S.A.C. para operar como Centro de Inspecci¢n TÇcnica Vehicular Fijo en local ubicado en el distrito de San Pedro de Lloc provincia de Pacasmayo departamento de La Libertad,https://busquedas.elperuano.pe/dispositivo/NL/2350336-1,31/12/2024,,,,,,,,,,,,,,,,,,,,,,,,,,,,,,,,,,,,,,
19/12/2024,2354846-1,TRANSPORTES Y COMUNICACIONES,RESOLUCION DIRECTORAL,N¯ 032-2024-MTC/18,Disponen la publicaci¢n del Proyecto de Resoluci¢n Directoral que aprueba la Metodolog°a para el C†lculo del Incentivo de los Programas de Chatarreo y su Anexo,https://busquedas.elperuano.pe/dispositivo/NL/2354846-1,31/12/2024,,,,,,,,,,,,,,,,,,,,,,,,,,,,,,,,,,,,,,
19/12/2024,2354849-1,TRANSPORTES Y COMUNICACIONES,RESOLUCION DIRECTORAL,N¯ 033-2024-MTC/18,Disponen la publicaci¢n del Proyecto de Resoluci¢n Directoral que aprueba la Directiva que establece los lineamientos para la verificaci¢n f°sica en el procedimiento administrativo de otorgamiento de Certificado de Habilitaci¢n TÇcnica y/o modificaci¢n de las condiciones tÇcnicas de la infraestructura complementaria de transporte y su Anexo,https://busquedas.elperuano.pe/dispositivo/NL/2354849-1,31/12/2024,,,,,,,,,,,,,,,,,,,,,,,,,,,,,,,,,,,,,,
19/12/2024,2354781-1,TRANSPORTES Y COMUNICACIONES,RESOLUCION MINISTERIAL,N¯ 745-2024-MTC/01.03,Otorgan a la empresa FENTELNET INNOVATIONS S.A.C. Concesi¢n Ènica para la prestaci¢n de servicios p£blicos de telecomunicaciones en †rea que comprende todo el territorio de la Rep£blica,https://busquedas.elperuano.pe/dispositivo/NL/2354781-1,31/12/2024,,,,,,,,,,,,,,,,,,,,,,,,,,,,,,,,,,,,,,
19/12/2024,2355529-1,BIBLIOTECA NACIONAL DEL PERU,RESOLUCION JEFATURAL,N¯ 000211-2024-BNP,Incorporan a la Biblioteca P£blica Municipal Atuncolla de la Municipalidad Distrital de Atuncolla a la Red de Bibliotecas P£blicas Municipales N¯ 6 Red de Bibliotecas P£blicas Municipales en la provincia de Puno,https://busquedas.elperuano.pe/dispositivo/NL/2355529-1,31/12/2024,,,,,,,,,,,,,,,,,,,,,,,,,,,,,,,,,,,,,,
19/12/2024,2355294-1,ORGANISMO SUPERVISOR DE LA INVERSI‡N EN INFRAESTRUCTURA DE TRANSPORTE DE USO PÈBLICO,RESOLUCION,N¯ 0083-2024-PD-OSITRAN,Disponen la publicaci¢n del Informe Conjunto N¯ 00205-2024-IC-OSITRAN y su Anexo Metodol¢gico relativo a los °ndices de precios que se propone utilizar para estimar el precio y la cantidad de capital en el marco de la revisi¢n tarifaria de oficio del Factor de Productividad en el Terminal Portuario General San Mart°n ? Pisco para el periodo 2025-2030,https://busquedas.elperuano.pe/dispositivo/NL/2355294-1,31/12/2024,,,,,,,,,,,,,,,,,,,,,,,,,,,,,,,,,,,,,,
19/12/2024,2355037-1,ORGANISMO SUPERVISOR DE INVERSION PRIVADA EN TELECOMUNICACIONES,RESOLUCION,N¯ 00437-2024-GG/OSIPTEL,Aprueban modificaci¢n del Instructivo TÇcnico para el cumplimiento de las Normas Complementarias para la Implementaci¢n del Registro Nacional de Equipos Terminales M¢viles para la Seguridad aprobado por Resoluci¢n N¯ 007-2020-CD/OSIPTEL,https://busquedas.elperuano.pe/dispositivo/NL/2355037-1,31/12/2024,,,,,,,,,,,,,,,,,,,,,,,,,,,,,,,,,,,,,,
19/12/2024,2354677-1,SUPERINTENDENCIA NACIONAL DE SERVICIOS DE SANEAMIENTO,RESOLUCION,N¯ 00079-2024-SUNASS-CD,Declaran infundado recurso de reconsideraci¢n interpuesto por EPS GRAU S.A. y confirman la Resoluci¢n de Consejo Directivo N¯ 065-2024-SUNASS-CD la cual se aplicar† hasta la entrada en vigor de la resoluci¢n tarifaria final para restablecer el equilibrio econ¢mico financiero de EPS GRAU S.A.,https://busquedas.elperuano.pe/dispositivo/NL/2354677-1,31/12/2024,,,,,,,,,,,,,,,,,,,,,,,,,,,,,,,,,,,,,,
19/12/2024,2355138-1,AUTORIDAD DE TRANSPORTE URBANO PARA LIMA Y CALLAO,RESOLUCION,N¯ 276-2024-ATU/PE,Autorizan transferencia financiera de la ATU a favor de diversas municipalidades distritales de la provincia de Lima,https://busquedas.elperuano.pe/dispositivo/NL/2355138-1,31/12/2024,,,,,,,,,,,,,,,,,,,,,,,,,,,,,,,,,,,,,,
19/12/2024,2355156-1,AUTORIDAD NACIONAL DEL AGUA,RESOLUCION JEFATURAL,N¯ 0480-2024-ANA,Modifican la Resoluci¢n Jefatural N¯ 307-2015-ANA,https://busquedas.elperuano.pe/dispositivo/NL/2355156-1,31/12/2024,,,,,,,,,,,,,,,,,,,,,,,,,,,,,,,,,,,,,,
19/12/2024,2355910-1,AUTORIDAD NACIONAL DEL AGUA,RESOLUCION JEFATURAL,N¯ 0482-2024-ANA,Designan Administrador Local de Agua en el †mbito de la Administraci¢n Local de Agua Huaraz,https://busquedas.elperuano.pe/dispositivo/NL/2355910-1,31/12/2024,,,,,,,,,,,,,,,,,,,,,,,,,,,,,,,,,,,,,,
19/12/2024,2355079-1,CENTRO NACIONAL DE PLANEAMIENTO ESTRATêGICO,RESOLUCION,N¯ 135-2024/CEPLAN/PCD,Modifican Primera Disposici¢n Complementaria Transitoria de la Directiva General de Planeamiento EstratÇgico del Sistema Nacional de Planeamiento EstratÇgico,https://busquedas.elperuano.pe/dispositivo/NL/2355079-1,31/12/2024,,,,,,,,,,,,,,,,,,,,,,,,,,,,,,,,,,,,,,
19/12/2024,2355803-1,ORGANISMO TêCNICO DE LA ADMINISTRACI‡N DE LOS SERVICIOS DE SANEAMIENTO,ACUERDO,N¯ 023-2024-CONSEJO DIRECTIVO,Acuerdo adoptado sobre designaci¢n de Gerentes de Empresas Prestadoras de Servicios de Saneamiento ? EPS,https://busquedas.elperuano.pe/dispositivo/NL/2355803-1,31/12/2024,,,,,,,,,,,,,,,,,,,,,,,,,,,,,,,,,,,,,,
19/12/2024,2355195-1,SUPERINTENDENCIA NACIONAL DE ADUANAS Y DE ADMINISTRACI‡N TRIBUTARIA,RESOLUCION,N¯ 000286-2024/SUNAT,Resoluci¢n de Superintendencia que modifica el procedimiento general Manifiesto de Carga DESPA-PG.09 (versi¢n 7) y el procedimiento espec°fico Rectificaci¢n del manifiesto de carga actos relacionados documentos vinculados e incorporaci¢n DESPA-PE.09.02 (versi¢n 7),https://busquedas.elperuano.pe/dispositivo/NL/2355195-1,31/12/2024,,,,,,,,,,,,,,,,,,,,,,,,,,,,,,,,,,,,,,
19/12/2024,2355289-1,SUPERINTENDENCIA NACIONAL DE SALUD,RESOLUCION,N¯ 235-2024-SUSALUD/S,Designan Intendente de la Intendencia de Promoci¢n de Derechos en Salud,https://busquedas.elperuano.pe/dispositivo/NL/2355289-1,31/12/2024,,,,,,,,,,,,,,,,,,,,,,,,,,,,,,,,,,,,,,
19/12/2024,2355430-1,CONSEJO EJECUTIVO DEL PODER JUDICIAL,RESOLUCION ADMINISTRATIVA,N¯ 000152-2024-P-CE-PJ,Cesan por l°mite de edad a Juez Especializado Penal (Unipersonal) del M¢dulo B†sico de Justicia de Rioja Distrito Judicial de San Mart°n,https://busquedas.elperuano.pe/dispositivo/NL/2355430-1,31/12/2024,,,,,,,,,,,,,,,,,,,,,,,,,,,,,,,,,,,,,,
19/12/2024,2355205-1,BANCO CENTRAL DE RESERVA,CIRCULAR,N¯ 0032-2024-BCRP,Ponen en circulaci¢n la segunda moneda de la Serie Numism†tica Cer†mica Precolombina Peruana alusiva a la cultura Mochica,https://busquedas.elperuano.pe/dispositivo/NL/2355205-1,31/12/2024,,,,,,,,,,,,,,,,,,,,,,,,,,,,,,,,,,,,,,
19/12/2024,2355219-1,CONTRALORIA GENERAL DE LA REPUBLICA,RESOLUCION,N¯ 728-2024-CG,Designan Jefa del ‡rgano de Control Institucional de la Universidad Nacional de San Crist¢bal de Huamanga - Ayacucho,https://busquedas.elperuano.pe/dispositivo/NL/2355219-1,31/12/2024,,,,,,,,,,,,,,,,,,,,,,,,,,,,,,,,,,,,,,
19/12/2024,2352789-1,INSTITUCIONES EDUCATIVAS,RESOLUCION,N¯ 475-2024-CCO-UNJ,Autorizan viaje de docente de la Universidad Nacional de JaÇn a Brasil para participar en el X Congreso Internacional de Ingenier°a Agroindustrial,https://busquedas.elperuano.pe/dispositivo/NL/2352789-1,31/12/2024,,,,,,,,,,,,,,,,,,,,,,,,,,,,,,,,,,,,,,
19/12/2024,2354596-1,INSTITUCIONES EDUCATIVAS,RESOLUCION,N¯ 971-2024-UNTRM/CU,Autorizan viaje de docentes y estudiantes de la Universidad Nacional Toribio Rodr°guez de Mendoza de Amazonas para participar en la movilidad internacional de investigaci¢n en universidad de Brasil,https://busquedas.elperuano.pe/dispositivo/NL/2354596-1,31/12/2024,,,,,,,,,,,,,,,,,,,,,,,,,,,,,,,,,,,,,,
19/12/2024,2355425-1,MINISTERIO PUBLICO,RESOLUCION,N¯ 2875-2024-MP-FN,Nombran y designan fiscales en el Distrito Fiscal de Lima Centro,https://busquedas.elperuano.pe/dispositivo/NL/2355425-1,31/12/2024,,,,,,,,,,,,,,,,,,,,,,,,,,,,,,,,,,,,,,
19/12/2024,2355425-2,MINISTERIO PUBLICO,RESOLUCION,N¯ 2876-2024-MP-FN,Nombran fiscal adjunto provincial provisional del Distrito Fiscal de Loreto,https://busquedas.elperuano.pe/dispositivo/NL/2355425-2,31/12/2024,,,,,,,,,,,,,,,,,,,,,,,,,,,,,,,,,,,,,,
19/12/2024,2355425-3,MINISTERIO PUBLICO,RESOLUCION,N¯ 2877-2024-MP-FN,Nombran fiscal adjunto provincial provisional del Distrito Fiscal de Jun°n,https://busquedas.elperuano.pe/dispositivo/NL/2355425-3,31/12/2024,,,,,,,,,,,,,,,,,,,,,,,,,,,,,,,,,,,,,,
19/12/2024,2355425-4,MINISTERIO PUBLICO,RESOLUCION,N¯ 2878-2024-MP-FN,Aceptan renuncia de fiscal adjunto provincial provisional del Distrito Fiscal de Apur°mac,https://busquedas.elperuano.pe/dispositivo/NL/2355425-4,31/12/2024,,,,,,,,,,,,,,,,,,,,,,,,,,,,,,,,,,,,,,
19/12/2024,2355425-5,MINISTERIO PUBLICO,RESOLUCION,N¯ 2879-2024-MP-FN,Nombran fiscal adjunta provincial provisional del Distrito Fiscal de La Libertad,https://busquedas.elperuano.pe/dispositivo/NL/2355425-5,31/12/2024,,,,,,,,,,,,,,,,,,,,,,,,,,,,,,,,,,,,,,
19/12/2024,2355425-6,MINISTERIO PUBLICO,RESOLUCION,N¯ 2880-2024-MP-FN,Nombran fiscal adjunta provincial provisional del Distrito Fiscal de Lima Centro,https://busquedas.elperuano.pe/dispositivo/NL/2355425-6,31/12/2024,,,,,,,,,,,,,,,,,,,,,,,,,,,,,,,,,,,,,,
19/12/2024,2355425-8,MINISTERIO PUBLICO,RESOLUCION,N¯ 2882-2024-MP-FN,Nombran y designan fiscales en los Distritos Fiscales de Lima Centro y del Callao,https://busquedas.elperuano.pe/dispositivo/NL/2355425-8,31/12/2024,,,,,,,,,,,,,,,,,,,,,,,,,,,,,,,,,,,,,,
19/12/2024,2354690-1,OFICINA NACIONAL DE PROCESOS ELECTORALES,RESOLUCION,N¯ 000093-2024-SG/ONPE,Deniegan solicitud de revocatoria respecto del mandato de las autoridades municipales del distrito de Capachica provincia y regi¢n de Puno,https://busquedas.elperuano.pe/dispositivo/NL/2354690-1,31/12/2024,,,,,,,,,,,,,,,,,,,,,,,,,,,,,,,,,,,,,,
19/12/2024,2354603-1,"SUPERINTENDENCIA DE BANCA, SEGUROS Y ADMINISTRADORAS PRIVADAS DE FONDOS DE PENSIONES",RESOLUCION,SBS N¯ 04313-2024,Autorizan la difusi¢n de proyecto normativo que modifica el Plan de Cuentas para Empresas del Sistema Asegurador aprobado por la Resoluci¢n SBS N¯ 348-95; el Reglamento de Requerimientos Patrimoniales de las Empresas de Seguros y Reaseguros aprobado por la Resoluci¢n SBS N¯ 1124-2006; y las Disposiciones para la estimaci¢n de primas de seguro de invalidez sobrevivencia y gastos de sepelio bajo p¢liza colectiva (SISCO) aprobadas por Resoluci¢n SBS N¯ 6271-2013,https://busquedas.elperuano.pe/dispositivo/NL/2354603-1,31/12/2024,,,,,,,,,,,,,,,,,,,,,,,,,,,,,,,,,,,,,,
19/12/2024,2354873-1,GOBIERNO REGIONAL DE LA LIBERTAD,ACUERDO,N¯ 000201-2024-GRLL-CR,Aprueban Transferencia Financiera a favor de la Autoridad Nacional de Infraestructura,https://busquedas.elperuano.pe/dispositivo/NL/2354873-1,31/12/2024,,,,,,,,,,,,,,,,,,,,,,,,,,,,,,,,,,,,,,
19/12/2024,2354584-1,GOBIERNO REGIONAL DE LA LIBERTAD,ORDENANZA,N¯ 000016-2024- GRLL-CR,Declaran de InterÇs Regional el Desarrollo Tur°stico del Distrito de Sinsicap Provincia de Otuzco Regi¢n La Libertad en el Marco del Eje EstratÇgico de la Ruta del Mar a los Andes oficializada mediante la Ordenanza Regional N¯ 013-2016-GRLL-CR,https://busquedas.elperuano.pe/dispositivo/NL/2354584-1,31/12/2024,,,,,,,,,,,,,,,,,,,,,,,,,,,,,,,,,,,,,,
19/12/2024,2354658-1,MUNICIPALIDAD METROPOLITANA DE LIMA,ORDENANZA,N¯ 2682,Ordenanza que regula la ubicaci¢n de elementos de publicidad exterior en la provincia de Lima,https://busquedas.elperuano.pe/dispositivo/NL/2354658-1,31/12/2024,,,,,,,,,,,,,,,,,,,,,,,,,,,,,,,,,,,,,,
19/12/2024,2355126-1,MUNICIPALIDAD METROPOLITANA DE LIMA,ORDENANZA,N¯ 2685,Ordenanza que establece fechas de vencimiento para el pago del Impuesto Predial e Impuesto al Patrimonio Vehicular correspondientes al ejercicio 2025 para la Municipalidad Metropolitana de Lima,https://busquedas.elperuano.pe/dispositivo/NL/2355126-1,31/12/2024,,,,,,,,,,,,,,,,,,,,,,,,,,,,,,,,,,,,,,
19/12/2024,2355224-1,MUNICIPALIDAD METROPOLITANA DE LIMA,ORDENANZA,N¯ 2684,Ordenanza que establece los montos por el servicio de emisi¢n mecanizada de actualizaci¢n de valores y determinaci¢n de tributos municipales correspondientes al ejercicio 2025 en la Municipalidad Metropolitana de Lima,https://busquedas.elperuano.pe/dispositivo/NL/2355224-1,31/12/2024,,,,,,,,,,,,,,,,,,,,,,,,,,,,,,,,,,,,,,
19/12/2024,2353208-1,MUNICIPALIDAD DE CHACLACAYO,ORDENANZA,N¯ 514-2024-MDCH,Ordenanza que establece incentivos y flexibilidades para la regularizaci¢n y pago de las obligaciones tributarias y administrativas en la Municipalidad Distrital de Chaclacayo,https://busquedas.elperuano.pe/dispositivo/NL/2353208-1,31/12/2024,,,,,,,,,,,,,,,,,,,,,,,,,,,,,,,,,,,,,,
19/12/2024,2355265-1,MUNICIPALIDAD DE LA VICTORIA,ORDENANZA,N¯ 448/MLV y Acuerdo N¯ 490,Ordenanza que establece las tasas por servicios p£blicos municipales de Limpieza P£blica Serenazgo y Parques y Jardines en el distrito de La Victoria para el Ejercicio 2025,https://epdoc2.elperuano.pe/EpPo/VistaNLSE.asp?Referencias=MjM1NTI2NS0xMjAyNDEyMTk=,31/12/2024,,,,,,,,,,,,,,,,,,,,,,,,,,,,,,,,,,,,,,
19/12/2024,2355089-1,MUNICIPALIDAD DE LINCE,ORDENANZA,N¯ 523-2024-MDL,Ordenanza que fija el pago m°nimo del Impuesto Predial 2025 Calendario Tributario e Incentivos por pronto pago,https://busquedas.elperuano.pe/dispositivo/NL/2355089-1,31/12/2024,,,,,,,,,,,,,,,,,,,,,,,,,,,,,,,,,,,,,,
19/12/2024,2354707-1,MUNICIPALIDAD DE LURIN,ORDENANZA,Ordenanza N¯ 506-2024/MDL y Acuerdo N¯ 428,Aprueban el rÇgimen tributario de los arbitrios municipales de limpieza p£blica (barrido de calles y v°as p£blicas y recolecci¢n de residuos s¢lidos) mantenimiento de parques y jardines y serenazgo en la jurisdicci¢n del distrito de Lur°n para el ejercicio 2025,https://epdoc2.elperuano.pe/EpPo/VistaNLSE.asp?Referencias=MjM1NDcwNy0xMjAyNDEyMTk=,31/12/2024,,,,,,,,,,,,,,,,,,,,,,,,,,,,,,,,,,,,,,
19/12/2024,2354715-1,MUNICIPALIDAD DE LURIN,ORDENANZA,Ordenanza N¶ 510-2024/MDL y Acuerdo N¶ 446,Establecen los montos del derecho de emisi¢n mecanizada del impuesto predial y arbitrios municipales para el ejercicio 2025,https://epdoc2.elperuano.pe/EpPo/VistaNLSE.asp?Referencias=MjM1NDcxNS0xMjAyNDEyMTk=,31/12/2024,,,,,,,,,,,,,,,,,,,,,,,,,,,,,,,,,,,,,,
19/12/2024,2355107-1,MUNICIPALIDAD DE SAN JUAN DE LURIGANCHO,Decretos de Alcald°a,N¯ 021-2024-MDSJL,Aprueban el Reglamento de la Ordenanza N¯471-MDSJL que regula el Comercio Ambulatorio en los Espacios P£blicos del distrito de San Juan de Lurigancho,https://epdoc2.elperuano.pe/EpPo/VistaDE.asp?Referencias=MjM1NTEwNy0xMjAyNDEyMTk=,31/12/2024,,,,,,,,,,,,,,,,,,,,,,,,,,,,,,,,,,,,,,
19/12/2024,2354309-1,MUNICIPALIDAD DE SANTIAGO DE SURCO,ORDENANZA,N¯ 715-MSS,Ordenanza que regula la ubicaci¢n de elementos de publicidad exterior en el distrito de Santiago de Surco,https://busquedas.elperuano.pe/dispositivo/NL/2354309-1,31/12/2024,,,,,,,,,,,,,,,,,,,,,,,,,,,,,,,,,,,,,,
19/12/2024,2355400-1,MUNICIPALIDAD DE PACHACAMAC,Ordenanzas,N¯ 352-2024-MDP/C,Ordenanza que modifica el literal d) numeral 8.1 del art°culo 8 de la Ordenanza Municipal N¯ 344-2024-MDP/C,https://epdoc2.elperuano.pe/EpPo/VistaDE.asp?Referencias=MjM1NTQwMC0xMjAyNDEyMTk=,31/12/2024,,,,,,,,,,,,,,,,,,,,,,,,,,,,,,,,,,,,,,
19/12/2024,2355003-1,MUNICIPALIDAD PROVINCIAL DE ISLAY,ORDENANZA,N¯ 547-MPI,Ordenanza Municipal que aprueba la suspensi¢n temporal de otorgamiento de nuevas autorizaciones de operaci¢n al servicio de transporte p£blico de personas en la modalidad de taxi y taxi colectivo hasta el 30 de abril del 2025,https://busquedas.elperuano.pe/dispositivo/NL/2355003-1,31/12/2024,,,,,,,,,,,,,,,,,,,,,,,,,,,,,,,,,,,,,,
19/12/2024,2350956-1,MUNICIPALIDAD PROVINCIAL DE TRUJILLO,RESOLUCION DE ALCALDIA,N¯ 236-2024-MPT,Conforman el ComitÇ de Promoci¢n de la Inversi¢n Privada de la Municipalidad Provincial de Trujillo ? CPIP,https://busquedas.elperuano.pe/dispositivo/NL/2350956-1,31/12/2024,,,,,,,,,,,,,,,,,,,,,,,,,,,,,,,,,,,,,,
18/12/2024,2355063-1,CONGRESO DE LA REPUBLICA,LEY,N¯ 32201,Ley que establece un rÇgimen excepcional del impuesto a la renta para promover la formalizaci¢n de la econom°a y ampliaci¢n de la base tributaria de contribuyentes respecto de rentas no declaradas al 31 de diciembre de 2022,https://busquedas.elperuano.pe/dispositivo/NL/2355063-1,31/12/2024,,,,,,,,,,,,,,,,,,,,,,,,,,,,,,,,,,,,,,
18/12/2024,2355096-1,CONGRESO DE LA REPUBLICA,RESOLUCION LEGISLATIVA,N¯ 008-2024-2025-CR,Resoluci¢n Legislativa del Congreso que inhabilita por diez a§os para el ejercicio de la funci¢n p£blica al exministro de Salud V°ctor Marcial Zamora Mes°a por infracci¢n al art°culo 9 de la Constituci¢n Pol°tica,https://busquedas.elperuano.pe/dispositivo/NL/2355096-1,31/12/2024,,,,,,,,,,,,,,,,,,,,,,,,,,,,,,,,,,,,,,
18/12/2024,2355098-1,CONGRESO DE LA REPUBLICA,RESOLUCION LEGISLATIVA,N¯ 009-2024-2025-CR,Resoluci¢n Legislativa del Congreso que delega en la Comisi¢n Permanente la facultad de legislar,https://busquedas.elperuano.pe/dispositivo/NL/2355098-1,31/12/2024,,,,,,,,,,,,,,,,,,,,,,,,,,,,,,,,,,,,,,
18/12/2024,2354725-1,PRESIDENCIA DEL CONSEJO DE MINISTROS,RESOLUCION,N¯ 007-2024-PCM/SGP,Aprueban la Directiva N¯ 003-2024-PCM-SGP Directiva para Mejorar la Atenci¢n al Ciudadano en las Entidades de la Administraci¢n P£blica,https://busquedas.elperuano.pe/dispositivo/NL/2354725-1,31/12/2024,,,,,,,,,,,,,,,,,,,,,,,,,,,,,,,,,,,,,,
18/12/2024,2354733-1,PRESIDENCIA DEL CONSEJO DE MINISTROS,RESOLUCION,N¯ 011-2024-PCM/SGSD,Conforman el Grupo de Trabajo de naturaleza temporal denominado Grupo de Trabajo para atenci¢n de la problem†tica de la cuenca del r°o Ramis del departamento de Puno,https://busquedas.elperuano.pe/dispositivo/NL/2354733-1,31/12/2024,,,,,,,,,,,,,,,,,,,,,,,,,,,,,,,,,,,,,,
18/12/2024,2354956-1,PRESIDENCIA DEL CONSEJO DE MINISTROS,RESOLUCION,N¯ 007-2024-PCM/SGTD,Aprueban Directiva N¯ 002-2024-PCM/SGTD que regula el uso de la firma digital en las entidades p£blicas,https://busquedas.elperuano.pe/dispositivo/NL/2354956-1,31/12/2024,,,,,,,,,,,,,,,,,,,,,,,,,,,,,,,,,,,,,,
18/12/2024,2354968-1,PRESIDENCIA DEL CONSEJO DE MINISTROS,RESOLUCION,N¯ 001-2024-PCM/SC,Crean el Registro Unificado de Comisiones del Poder Ejecutivo (RUCPE) y aprueban los Lineamientos para el ingreso de informaci¢n en el Registro Unificado de Comisiones del Poder Ejecutivo as° como el seguimiento y soporte respectivo,https://busquedas.elperuano.pe/dispositivo/NL/2354968-1,31/12/2024,,,,,,,,,,,,,,,,,,,,,,,,,,,,,,,,,,,,,,
18/12/2024,2354710-1,PRESIDENCIA DEL CONSEJO DE MINISTROS,RESOLUCION MINISTERIAL,N¯ 357-2024-PCM,Modifican el art°culo 11 de la Resoluci¢n Ministerial Nß 094-2022-PCM modificado por las Resoluciones Ministeriales N¯ 251-2022-PCM N¯ 073-2023-PCM y 303-2023-PCM,https://busquedas.elperuano.pe/dispositivo/NL/2354710-1,31/12/2024,,,,,,,,,,,,,,,,,,,,,,,,,,,,,,,,,,,,,,
18/12/2024,2355048-1,CULTURA,RESOLUCION MINISTERIAL,N¯ 000440-2024-MC,Aprueban tarifas promocionales para los visitantes nacionales extranjeros residentes en el pa°s y ciudadanos de la Comunidad Andina a la Llaqta de Machupicchu durante el a§o fiscal 2025,https://busquedas.elperuano.pe/dispositivo/NL/2355048-1,31/12/2024,,,,,,,,,,,,,,,,,,,,,,,,,,,,,,,,,,,,,,
18/12/2024,2355051-1,CULTURA,RESOLUCION MINISTERIAL,N¯ 000442-2024-MC,Aprueban tarifas promocionales para los visitantes nacionales extranjeros residentes en el pa°s y ciudadanos de la Comunidad Andina al Complejo Arqueol¢gico Monumental de KuÇlap as° como al Complejo Arqueol¢gico Monumental de KuÇlap y la Llaqta durante el Ejercicio Fiscal 2025,https://busquedas.elperuano.pe/dispositivo/NL/2355051-1,31/12/2024,,,,,,,,,,,,,,,,,,,,,,,,,,,,,,,,,,,,,,
18/12/2024,2354114-1,CULTURA,RESOLUCION VICE MINISTERIAL,N¯ 000346-2024-VMPCIC/MC,Declaran Patrimonio Cultural de la Naci¢n a la obra musical del maestro guitarrista arreglista y compositor Adolfo Zelada Arteaga,https://busquedas.elperuano.pe/dispositivo/NL/2354114-1,31/12/2024,,,,,,,,,,,,,,,,,,,,,,,,,,,,,,,,,,,,,,
18/12/2024,2354797-1,DEFENSA,RESOLUCION DIRECTORAL,N¯ 1013-2024 MGP/DICAPI,Aprueban la aplicaci¢n de las Normas de Funcionamiento para los Detectores del Nivel de Agua de los Graneleros y de los Buques de Carga con una Ènica Bodega que no sean Graneleros adoptada por el ComitÇ de Seguridad Mar°tima de la Organizaci¢n Mar°tima Internacional con Resoluci¢n MSC. 188(79) para los buques de bandera nacional y de bandera extranjera que requieran operar en el dominio mar°timo del Estado peruano,https://busquedas.elperuano.pe/dispositivo/NL/2354797-1,31/12/2024,,,,,,,,,,,,,,,,,,,,,,,,,,,,,,,,,,,,,,
18/12/2024,2355372-1,ECONOMIA Y FINANZAS,DECRETO SUPREMO,N¯ 261-2024-EF,Decreto Supremo que autoriza Transferencias de Partidas en el Presupuesto del Sector P£blico para el A§o Fiscal 2024 a favor de la Reserva de Contingencia y de diversos Gobiernos Regionales,https://busquedas.elperuano.pe/dispositivo/NL/2355372-1,31/12/2024,,,,,,,,,,,,,,,,,,,,,,,,,,,,,,,,,,,,,,
18/12/2024,2355372-2,ECONOMIA Y FINANZAS,DECRETO SUPREMO,N¯ 262-2024-EF,Decreto Supremo que modifica los l°mites m†ximos de incorporaci¢n de mayores ingresos p£blicos de diversos Gobiernos Locales y de un organismo p£blico de los Gobiernos Locales,https://busquedas.elperuano.pe/dispositivo/NL/2355372-2,31/12/2024,,,,,,,,,,,,,,,,,,,,,,,,,,,,,,,,,,,,,,
18/12/2024,2355065-1,EDUCACION,RESOLUCION SUPREMA,N¯ 018-2024-MINEDU,Conforman el ComitÇ Organizador de naturaleza temporal denominado ComitÇ Organizador de los XX Juegos Panamericanos Lima 2027 adscrito al Instituto Peruano del Deporte (IPD),https://busquedas.elperuano.pe/dispositivo/NL/2355065-1,31/12/2024,,,,,,,,,,,,,,,,,,,,,,,,,,,,,,,,,,,,,,
18/12/2024,2354015-1,ENERGIA Y MINAS,RESOLUCION MINISTERIAL,N¯ 456-2024-MINEM/DM,Otorgan a favor de la empresa SANTINO ENERG÷A S.A.C. concesi¢n temporal para desarrollar Estudios de Factibilidad relacionados a la actividad de generaci¢n de energ°a elÇctrica del proyecto Parque E¢lico Santino ubicado en el departamento de Ica,https://busquedas.elperuano.pe/dispositivo/NL/2354015-1,31/12/2024,,,,,,,,,,,,,,,,,,,,,,,,,,,,,,,,,,,,,,
18/12/2024,2354759-1,INTERIOR,RESOLUCION DIRECTORAL,N¯ 355-2024-IN-VOI-DGIN,Designan Subprefectos(as) Distritales en diversas regiones,https://busquedas.elperuano.pe/dispositivo/NL/2354759-1,31/12/2024,,,,,,,,,,,,,,,,,,,,,,,,,,,,,,,,,,,,,,
18/12/2024,2355357-1,INTERIOR,RESOLUCION MINISTERIAL,N¯ 1825-2024-IN,Designan Secretario General del Ministerio,https://busquedas.elperuano.pe/dispositivo/NL/2355357-1,31/12/2024,,,,,,,,,,,,,,,,,,,,,,,,,,,,,,,,,,,,,,
18/12/2024,2355063-2,INTERIOR,RESOLUCION SUPREMA,N¯ 222-2024-IN,Designan Director del Consejo Directivo de la Caja de Pensiones Militar Policial en representaci¢n del Ministerio del Interior,https://busquedas.elperuano.pe/dispositivo/NL/2355063-2,31/12/2024,,,,,,,,,,,,,,,,,,,,,,,,,,,,,,,,,,,,,,
18/12/2024,2355524-1,PRODUCE,RESOLUCION,N¯ 000220-2024-ITP/DE,Modifican la Resoluci¢n Ejecutiva N¯ 000212-2024-ITP/DE a fin de incorporar un art°culo referido a la aplicaci¢n de la normativa para solicitudes de Convenio de Desempe§o a iniciativa de los CITE privados que se encuentren en tr†mite antes de la entrada en vigencia de la Directiva N¯ 03-2019-ITP/DE versi¢n N¯ 02,https://busquedas.elperuano.pe/dispositivo/NL/2355524-1,31/12/2024,,,,,,,,,,,,,,,,,,,,,,,,,,,,,,,,,,,,,,
18/12/2024,2355054-1,PRODUCE,RESOLUCION MINISTERIAL,N¯ 000492-2024-PRODUCE,Autorizan la Transferencia Financiera del Pliego 038: Ministerio de la Producci¢n con cargo a los recursos del Presupuesto Institucional de la Unidad Ejecutora 004: Programa Nacional de Innovaci¢n para la Competitividad y Productividad a favor del Instituto Tecnol¢gico de la Producci¢n - ITP Universidad Nacional de San Mart°n y la Universidad Nacional Hermilio Valdiz†n,https://busquedas.elperuano.pe/dispositivo/NL/2355054-1,31/12/2024,,,,,,,,,,,,,,,,,,,,,,,,,,,,,,,,,,,,,,
18/12/2024,2355055-1,PRODUCE,RESOLUCION MINISTERIAL,N¯ 000491-2024-PRODUCE,Establecen excepcionalmente que la temporada de pesca del recurso camar¢n de r°o en los cuerpos de agua p£blicos de la vertiente occidental de los Andes se extienda hasta el 2 de enero de 2025,https://busquedas.elperuano.pe/dispositivo/NL/2355055-1,31/12/2024,,,,,,,,,,,,,,,,,,,,,,,,,,,,,,,,,,,,,,
18/12/2024,2355505-1,SALUD,RESOLUCION MINISTERIAL,N¯ 887-2024/MINSA,Designan Director Ejecutivo de la Oficina de Comunicaci¢n EstratÇgica de la Oficina General de Comunicaciones del Ministerio,https://busquedas.elperuano.pe/dispositivo/NL/2355505-1,31/12/2024,,,,,,,,,,,,,,,,,,,,,,,,,,,,,,,,,,,,,,
18/12/2024,2354306-1,TRANSPORTES Y COMUNICACIONES,RESOLUCION DIRECTORAL,N¯ 0710-2024-MTC/17.03,Autorizan a la empresa DIAGNOSTIGAS Empresa Individual de Responsabilidad Limitada - DIAGNOSTIGAS E.I.R.L. con domicilio en la Provincia Constitucional del Callao como Entidad Certificadora de Conversiones a Gas Natural Vehicular - GNV,https://busquedas.elperuano.pe/dispositivo/NL/2354306-1,31/12/2024,,,,,,,,,,,,,,,,,,,,,,,,,,,,,,,,,,,,,,
18/12/2024,2354569-1,TRANSPORTES Y COMUNICACIONES,RESOLUCION DIRECTORAL,N¯ 0742-2024-MTC/12,Aprueban el texto de la Norma TÇcnica Complementaria NTC 001-2013 Niveles de ruido m†ximos para aeronaves nacionales y extranjeras que operan en el territorio peruano y los procedimientos de aceptaci¢n y emisi¢n de los certificados de homologaci¢n ac£stica Revisi¢n 001,https://busquedas.elperuano.pe/dispositivo/NL/2354569-1,31/12/2024,,,,,,,,,,,,,,,,,,,,,,,,,,,,,,,,,,,,,,
18/12/2024,2354227-1,TRANSPORTES Y COMUNICACIONES,RESOLUCION MINISTERIAL,N¯ 736-2024-MTC/01.02,Aprueban ejecuci¢n de la expropiaci¢n de †rea afectada de bienes inmuebles para la ejecuci¢n de la obra: Aeropuerto Cadete FAP Guillermo del Castillo Paredes ubicado en el departamento de San Mart°n y su valor de tasaci¢n,https://busquedas.elperuano.pe/dispositivo/NL/2354227-1,31/12/2024,,,,,,,,,,,,,,,,,,,,,,,,,,,,,,,,,,,,,,
18/12/2024,2354238-1,TRANSPORTES Y COMUNICACIONES,RESOLUCION MINISTERIAL,N¯ 737-2024-MTC/01.03,Otorgan a la empresa JGMF ASOCIADOS S.A.C. la concesi¢n £nica para la prestaci¢n de servicios p£blicos de telecomunicaciones en †rea que comprende todo el territorio nacional,https://busquedas.elperuano.pe/dispositivo/NL/2354238-1,31/12/2024,,,,,,,,,,,,,,,,,,,,,,,,,,,,,,,,,,,,,,
18/12/2024,2354787-1,TRANSPORTES Y COMUNICACIONES,RESOLUCION MINISTERIAL,N¯ 746-2024-MTC/01,Designan Asesor II del Despacho Ministerial,https://busquedas.elperuano.pe/dispositivo/NL/2354787-1,31/12/2024,,,,,,,,,,,,,,,,,,,,,,,,,,,,,,,,,,,,,,
18/12/2024,2355532-1,TRANSPORTES Y COMUNICACIONES,RESOLUCION MINISTERIAL,N¯ 758-2024-MTC/01.02,Modifican disposiciones en los Lineamientos para el otorgamiento de la subvenci¢n as° como para la ejecuci¢n y rendici¢n de cuentas de los recursos financieros otorgados mediante subvenciones en el marco de lo establecido en la Ley N¯ 32122,https://busquedas.elperuano.pe/dispositivo/NL/2355532-1,31/12/2024,,,,,,,,,,,,,,,,,,,,,,,,,,,,,,,,,,,,,,
18/12/2024,2355356-1,BIBLIOTECA NACIONAL DEL PERU,RESOLUCION JEFATURAL,N¯ 000209-2024-BNP,Designan Coordinador de Pol°ticas Bibliotecarias y Capacitaci¢n,https://busquedas.elperuano.pe/dispositivo/NL/2355356-1,31/12/2024,,,,,,,,,,,,,,,,,,,,,,,,,,,,,,,,,,,,,,
18/12/2024,2355008-1,SEGURO INTEGRAL DE SALUD,RESOLUCION JEFATURAL,N¯ 000197-2024-SIS/J,Aprueban Transferencia Financiera de la Unidad Ejecutora 002 ? 1423 Fondo Intangible Solidario de Salud ? FISSAL a favor de diversas unidades ejecutoras,https://busquedas.elperuano.pe/dispositivo/NL/2355008-1,31/12/2024,,,,,,,,,,,,,,,,,,,,,,,,,,,,,,,,,,,,,,
18/12/2024,2354480-1,SUPERINTENDENCIA NACIONAL DE BIENES ESTATALES,RESOLUCION,N¯ 0073-2024/SBN,Oficializan el uso a nivel nacional del aplicativo ALERTA SBN que permita a los ciudadanos realizar la b£squeda e identificaci¢n de un predio del Estado de los tres niveles de gobierno as° como los que se encuentran bajo su administraci¢n por medio de la geolocalizaci¢n y por medio del n£mero de CUS,https://busquedas.elperuano.pe/dispositivo/NL/2354480-1,31/12/2024,,,,,,,,,,,,,,,,,,,,,,,,,,,,,,,,,,,,,,
18/12/2024,2354286-1,SUPERINTENDENCIA NACIONAL DE SERVICIOS DE SANEAMIENTO,RESOLUCION,N¯ 00077-2024-SUNASS-CD,Aprueban f¢rmula tarifaria estructura tarifaria y metas de gesti¢n as° como los costos m†ximos de las unidades de medida de las actividades requeridas para determinar el precio de los servicios colaterales que se aplican a EMAPA SAN MART÷N S.A. para el periodo regulatorio 2025-2029,https://busquedas.elperuano.pe/dispositivo/NL/2354286-1,31/12/2024,,,,,,,,,,,,,,,,,,,,,,,,,,,,,,,,,,,,,,
18/12/2024,2355258-1,AUTORIDAD DE TRANSPORTE URBANO PARA LIMA Y CALLAO,RESOLUCION,N¯ D-000026-2024-ATU/DIR,Aprueban Lineamientos para la elaboraci¢n del Plan de Inversiones,https://busquedas.elperuano.pe/dispositivo/NL/2355258-1,31/12/2024,,,,,,,,,,,,,,,,,,,,,,,,,,,,,,,,,,,,,,
18/12/2024,2355047-1,"CONSEJO NACIONAL DE CIENCIA, TECNOLOG÷A E INNOVACI‡N TECNOL‡GICA",RESOLUCION,N¯ 164-2024-CONCYTEC-P,Aprueban transferencias financieras a entidades p£blicas y el otorgamiento de subvenciones a personas jur°dicas privadas,https://busquedas.elperuano.pe/dispositivo/NL/2355047-1,31/12/2024,,,,,,,,,,,,,,,,,,,,,,,,,,,,,,,,,,,,,,
18/12/2024,2354685-1,INSTITUTO NACIONAL DE ESTADISTICA E INFORMATICA,RESOLUCION JEFATURAL,N¯ 288-2024-INEI,Autorizan la ampliaci¢n de la ejecuci¢n de la Encuesta Econ¢mica Anual 2024 a nivel nacional correspondiente a las Grandes Medianas y Peque§as empresas,https://busquedas.elperuano.pe/dispositivo/NL/2354685-1,31/12/2024,,,,,,,,,,,,,,,,,,,,,,,,,,,,,,,,,,,,,,
18/12/2024,2354726-1,INSTITUTO NACIONAL DE ESTADISTICA E INFORMATICA,RESOLUCION JEFATURAL,N¯ 289-2024-INEI,Aprueban los ÷ndices Unificados de Precios de la Construcci¢n para las seis (6) µreas Geogr†ficas correspondientes al mes de noviembre de 2024,https://busquedas.elperuano.pe/dispositivo/NL/2354726-1,31/12/2024,,,,,,,,,,,,,,,,,,,,,,,,,,,,,,,,,,,,,,
18/12/2024,2354729-1,INSTITUTO NACIONAL DE ESTADISTICA E INFORMATICA,RESOLUCION JEFATURAL,N¯ 290-2024-INEI,Aprueban los Factores de Reajuste que debe aplicarse a las obras de edificaci¢n correspondiente a las seis (6) µreas Geogr†ficas para las Obras del Sector Privado producidas en el mes de noviembre de 2024,https://busquedas.elperuano.pe/dispositivo/NL/2354729-1,31/12/2024,,,,,,,,,,,,,,,,,,,,,,,,,,,,,,,,,,,,,,
18/12/2024,2354917-1,OFICINA DE NORMALIZACION PREVISIONAL,RESOLUCION JEFATURAL,N¯ 000126-2024-JF-ONP,Designan Funcionarias Responsables de la entrega de informaci¢n de acceso p£blico titular y suplente en la Oficina de Normalizaci¢n Previsional,https://busquedas.elperuano.pe/dispositivo/NL/2354917-1,31/12/2024,,,,,,,,,,,,,,,,,,,,,,,,,,,,,,,,,,,,,,
18/12/2024,2354978-1,ORGANISMO DE EVALUACION Y FISCALIZACION AMBIENTAL,RESOLUCION,N¯ 00016-2024-OEFA/CD,Ampl°an plazo para concluir el proceso de transferencia de las funciones de fiscalizaci¢n ambiental del Ministerio de Vivienda Construcci¢n y Saneamiento - MVCS al Organismo de Evaluaci¢n y Fiscalizaci¢n Ambiental - OEFA,https://busquedas.elperuano.pe/dispositivo/NL/2354978-1,31/12/2024,,,,,,,,,,,,,,,,,,,,,,,,,,,,,,,,,,,,,,
18/12/2024,2354663-1,ORGANISMO TêCNICO DE LA ADMINISTRACI‡N DE LOS SERVICIOS DE SANEAMIENTO,RESOLUCION,N¯ 000027-2024-OTASS-CD,Aprueban Lineamientos para la designaci¢n y conclusi¢n de cargo de los integrantes de la Comisi¢n de Direcci¢n Transitoria Directorio gerentes generales gerentes de l°nea gerentes de apoyo gerentes de asesoramiento y subgerentes para las Empresas Prestadoras incorporadas al RÇgimen de Apoyo Transitorio y del personal de confianza en el RÇgimen Concursal. Versi¢n 06,https://busquedas.elperuano.pe/dispositivo/NL/2354663-1,31/12/2024,,,,,,,,,,,,,,,,,,,,,,,,,,,,,,,,,,,,,,
18/12/2024,2355012-1,SUPERINTENDENCIA NACIONAL DE ADUANAS Y DE ADMINISTRACI‡N TRIBUTARIA,RECTIFICACION,RES. N¯ 000282-2024/SUNAT,.,https://busquedas.elperuano.pe/dispositivo/NL/2355012-1,31/12/2024,,,,,,,,,,,,,,,,,,,,,,,,,,,,,,,,,,,,,,
18/12/2024,2354936-1,SUPERINTENDENCIA NACIONAL DE ADUANAS Y DE ADMINISTRACI‡N TRIBUTARIA,RESOLUCION,N¯ 000213-2024-SUNAT/800000,Dejan sin efecto designaci¢n y designan en cargo de confianza,https://busquedas.elperuano.pe/dispositivo/NL/2354936-1,31/12/2024,,,,,,,,,,,,,,,,,,,,,,,,,,,,,,,,,,,,,,
18/12/2024,2355187-1,SUPERINTENDENCIA NACIONAL DE EDUCACION SUPERIOR UNIVERSITARIA,RESOLUCION,N¯ 091-2024-SUNEDU,Designan Asesor de Calidad e Informaci¢n Educativa de Superintendencia de la SUNEDU,https://busquedas.elperuano.pe/dispositivo/NL/2355187-1,31/12/2024,,,,,,,,,,,,,,,,,,,,,,,,,,,,,,,,,,,,,,
18/12/2024,2354418-1,SUPERINTENDENCIA NACIONAL DE LOS REGISTROS PUBLICOS,RESOLUCION,N¯ 00189-2024-SUNARP/SN,Disponen la publicaci¢n de proyecto normativo que modifica la Directiva que regula procedimientos registrales y procedimientos administrativos agrupados aprobada mediante Resoluci¢n N¯ 107-2020-SUNARP-SN,https://busquedas.elperuano.pe/dispositivo/NL/2354418-1,31/12/2024,,,,,,,,,,,,,,,,,,,,,,,,,,,,,,,,,,,,,,
18/12/2024,2354980-1,FONDO NACIONAL DE FINANCIAMIENTO DE LA ACTIVIDAD EMPRESARIAL DEL ESTADO,ACUERDO,N¯ 001-2024/014-FONAFE,Acuerdo adoptado sobre directores de empresas en las que FONAFE participa como accionista,https://busquedas.elperuano.pe/dispositivo/NL/2354980-1,31/12/2024,,,,,,,,,,,,,,,,,,,,,,,,,,,,,,,,,,,,,,
18/12/2024,2354989-1,CONTRALORIA GENERAL DE LA REPUBLICA,RESOLUCION,N¯ 723-2024-CG,Designan Jefe del ‡rgano de Control Institucional del Organismo Supervisor de Inversi¢n Privada en Telecomunicaciones - OSIPTEL,https://busquedas.elperuano.pe/dispositivo/NL/2354989-1,31/12/2024,,,,,,,,,,,,,,,,,,,,,,,,,,,,,,,,,,,,,,
18/12/2024,2354161-1,INSTITUCIONES EDUCATIVAS,RESOLUCION,N¯ 0738-2024/UNTUMBES-R.,Designan Secretario TÇcnico del ComitÇ de la RiesGIRD-ACC/Per£ de la Universidad Nacional de Tumbes,https://busquedas.elperuano.pe/dispositivo/NL/2354161-1,31/12/2024,,,,,,,,,,,,,,,,,,,,,,,,,,,,,,,,,,,,,,
18/12/2024,2354986-1,MINISTERIO PUBLICO,RESOLUCION,N¯ 2862-2024-MP-FN,Nombran fiscal adjunto provincial provisional del Distrito Fiscal de Arequipa,https://busquedas.elperuano.pe/dispositivo/NL/2354986-1,31/12/2024,,,,,,,,,,,,,,,,,,,,,,,,,,,,,,,,,,,,,,
18/12/2024,2354986-2,MINISTERIO PUBLICO,RESOLUCION,N¯ 2863-2024-MP-FN,Nombran fiscal adjunta provincial provisional del Distrito Fiscal de Lima Centro,https://busquedas.elperuano.pe/dispositivo/NL/2354986-2,31/12/2024,,,,,,,,,,,,,,,,,,,,,,,,,,,,,,,,,,,,,,
18/12/2024,2354986-3,MINISTERIO PUBLICO,RESOLUCION,N¯ 2864-2024-MP-FN,Aceptan renuncia de fiscal adjunto provincial provisional del Distrito Fiscal de San Mart°n,https://busquedas.elperuano.pe/dispositivo/NL/2354986-3,31/12/2024,,,,,,,,,,,,,,,,,,,,,,,,,,,,,,,,,,,,,,
18/12/2024,2354986-4,MINISTERIO PUBLICO,RESOLUCION,N¯ 2865-2024-MP-FN,Nombran fiscal provincial provisional del Distrito Fiscal de San Mart°n,https://busquedas.elperuano.pe/dispositivo/NL/2354986-4,31/12/2024,,,,,,,,,,,,,,,,,,,,,,,,,,,,,,,,,,,,,,
18/12/2024,2354986-5,MINISTERIO PUBLICO,RESOLUCION,N¯ 2866-2024-MP-FN,Nombran fiscal adjunta provincial provisional del Distrito Fiscal de Huaura,https://busquedas.elperuano.pe/dispositivo/NL/2354986-5,31/12/2024,,,,,,,,,,,,,,,,,,,,,,,,,,,,,,,,,,,,,,
18/12/2024,2354394-1,"SUPERINTENDENCIA DE BANCA, SEGUROS Y ADMINISTRADORAS PRIVADAS DE FONDOS DE PENSIONES",RESOLUCION,SBS N¯ 04305-2024,Autorizan la difusi¢n en consulta p£blica del proyecto normativo que aprueba el nuevo Reglamento sobre Grupo Econ¢mico Vinculaci¢n aplicaci¢n de L°mites operativos a que se refieren los art°culos 201 al 204 de la Ley General y Grandes Exposiciones,https://busquedas.elperuano.pe/dispositivo/NL/2354394-1,31/12/2024,,,,,,,,,,,,,,,,,,,,,,,,,,,,,,,,,,,,,,
18/12/2024,2354531-1,COMISION AD HOC - LEY N¯ 29625,RESOLUCION ADMINISTRATIVA,N¯ 004-2024/CAH-Ley N¯ 29625,Resoluci¢n Administrativa que aprueba el Padr¢n Nacional de Fonavistas Beneficiarios ? VigÇsimo Primer Grupo de Pago,https://busquedas.elperuano.pe/dispositivo/NL/2354531-1,31/12/2024,,,,,,,,,,,,,,,,,,,,,,,,,,,,,,,,,,,,,,
18/12/2024,2354531-2,COMISION AD HOC - LEY N¯ 29625,RESOLUCION ADMINISTRATIVA,N¯ 005-2024/CAH-Ley N¯ 29625,Resoluci¢n Administrativa que modifica la Resoluci¢n Administrativa N¯ 004-2024/CAH-Ley Nß 29625,https://busquedas.elperuano.pe/dispositivo/NL/2354531-2,31/12/2024,,,,,,,,,,,,,,,,,,,,,,,,,,,,,,,,,,,,,,
18/12/2024,2353689-1,GOBIERNO REGIONAL DE AREQUIPA,ORDENANZA,N¯ 527-AREQUIPA,Ordenanza Regional que establece la creaci¢n de La Semana de la Integridad y Lucha Contra la Corrupci¢n en la Regi¢n Arequipa,https://busquedas.elperuano.pe/dispositivo/NL/2353689-1,31/12/2024,,,,,,,,,,,,,,,,,,,,,,,,,,,,,,,,,,,,,,
18/12/2024,2350522-1,GOBIERNO REGIONAL DE LIMA,ORDENANZA,N¯ 012-2024-CR/GRL,Aprueban el Reglamento de Organizaci¢n y Funciones (ROF) del Gobierno Regional de Lima,https://busquedas.elperuano.pe/dispositivo/NL/2350522-1,31/12/2024,,,,,,,,,,,,,,,,,,,,,,,,,,,,,,,,,,,,,,
18/12/2024,2341706-1,GOBIERNO REGIONAL DE MOQUEGUA,DECRETO,N¯ 003-2024-GR/MOQ,Aprueban Reglamento Interno de la Comisi¢n TÇcnico Regional de la Zonificaci¢n Ecol¢gica y Econ¢mica de la Regi¢n Moquegua,https://busquedas.elperuano.pe/dispositivo/NL/2341706-1,31/12/2024,,,,,,,,,,,,,,,,,,,,,,,,,,,,,,,,,,,,,,
18/12/2024,2354572-1,MUNICIPALIDAD METROPOLITANA DE LIMA,ORDENANZA,N¯ 2683,Ordenanza que establece montos de los Arbitrios de Recolecci¢n de Residuos S¢lidos Barrido de Calles Parques y Jardines P£blicos y Serenazgo correspondientes al ejercicio 2025 en el Cercado de Lima,https://epdoc2.elperuano.pe/EpPo/VistaNLSE.asp?Referencias=MjM1NDU3Mi0xMjAyNDEyMTg=,31/12/2024,,,,,,,,,,,,,,,,,,,,,,,,,,,,,,,,,,,,,,
18/12/2024,2354651-1,MUNICIPALIDAD METROPOLITANA DE LIMA,ORDENANZA,N¯ 2679,Ordenanza que modifica el Sistema Vial Metropolitano,https://busquedas.elperuano.pe/dispositivo/NL/2354651-1,31/12/2024,,,,,,,,,,,,,,,,,,,,,,,,,,,,,,,,,,,,,,
18/12/2024,2353316-1,MUNICIPALIDAD DE CARABAYLLO,ORDENANZA,N¯ 508-MDC,Ordenanza que considera de forma excepcional otorgar el tratamiento como zonas consolidadas a diferentes habilitaciones del distrito de Carabayllo para ser beneficiadas en proyectos de inversi¢n p£blica,https://busquedas.elperuano.pe/dispositivo/NL/2353316-1,31/12/2024,,,,,,,,,,,,,,,,,,,,,,,,,,,,,,,,,,,,,,
18/12/2024,2354586-1,MUNICIPALIDAD DE CHORRILLOS,Ordenanzas,N¯ 504-MDCH,Otorgan beneficios de descuento de multas administrativas impuestas por la subgerencia de obras privadas y control urbano con antelaci¢n al 01 de diciembre de 2024,https://epdoc2.elperuano.pe/EpPo/VistaDE.asp?Referencias=MjM1NDU4Ni0xMjAyNDEyMTg=,31/12/2024,,,,,,,,,,,,,,,,,,,,,,,,,,,,,,,,,,,,,,
18/12/2024,2354751-1,MUNICIPALIDAD DE INDEPENDENCIA,ORDENANZA,N¯ D000490-2024-AL-MDI,Ordenanza que prorroga para el ejercicio fiscal 2025 la vigencia de la Ordenanza N¯ 444-2022-MDI Ordenanza que aprueba el derecho de emisi¢n mecanizada de actualizaci¢n de valores determinaci¢n del tributo y distribuci¢n a domicilio de la declaraci¢n jurada y liquidaci¢n del impuesto predial y arbitrios municipales en el distrito de Independencia para el ejercicio 2023,https://busquedas.elperuano.pe/dispositivo/NL/2354751-1,31/12/2024,,,,,,,,,,,,,,,,,,,,,,,,,,,,,,,,,,,,,,
18/12/2024,2354275-1,MUNICIPALIDAD DE LA VICTORIA,Fe de Erratas,Ord. N¯ 451/MLV,.,https://epdoc2.elperuano.pe/EpPo/VistaDE.asp?Referencias=MjM1NDI3NS0xMjAyNDEyMTg=,31/12/2024,,,,,,,,,,,,,,,,,,,,,,,,,,,,,,,,,,,,,,
18/12/2024,2354863-1,MUNICIPALIDAD DE LA VICTORIA,Res. Alcald°a,N¯ 251-2024/MLV,Incorporan procedimiento en el Cuadro del Texto Ènico de Servicios No Exclusivos ? TUSNE de la Municipalidad Distrital de La Victoria,https://epdoc2.elperuano.pe/EpPo/VistaDE.asp?Referencias=MjM1NDg2My0xMjAyNDEyMTg=,31/12/2024,,,,,,,,,,,,,,,,,,,,,,,,,,,,,,,,,,,,,,
18/12/2024,2354338-1,MUNICIPALIDAD DE SAN ISIDRO,DECRETO DE ALCALDIA,N¯ 016-2024-ALC/MSI,Prorrogan vigencia de la Ordenanza N¯ 587-MSI que establece beneficios tributarios a propietarios de los predios ubicados en los subsectores vecinales 1-3 y 2-1 que no han sido declarados en el distrito de San Isidro,https://busquedas.elperuano.pe/dispositivo/NL/2354338-1,31/12/2024,,,,,,,,,,,,,,,,,,,,,,,,,,,,,,,,,,,,,,
18/12/2024,2353020-1,MUNICIPALIDAD DE SAN JUAN DE MIRAFLORES,DECRETO DE ALCALDIA,N¯ 022-2024/MDS,Prorrogan plazo de vigencia de la Ordenanza Nß 530/MDSJM que establece incentivos sobre multas administrativas en el distrito de San Juan de Miraflores,https://busquedas.elperuano.pe/dispositivo/NL/2353020-1,31/12/2024,,,,,,,,,,,,,,,,,,,,,,,,,,,,,,,,,,,,,,
18/12/2024,2354867-1,MUNICIPALIDAD DE SAN MARTIN DE PORRES,DECRETO DE ALCALDIA,N¯ 016-2024/MDSMP,Prorrogan vigencia de la Ordenanza N¯ 575/MDSMP Ordenanza que establece Incentivos Tributarios y No Tributarios en el Distrito de San Martin de Porres,https://busquedas.elperuano.pe/dispositivo/NL/2354867-1,31/12/2024,,,,,,,,,,,,,,,,,,,,,,,,,,,,,,,,,,,,,,
18/12/2024,2353491-1,MUNICIPALIDAD DE SAN MARTIN DE PORRES,ORDENANZA,N¯ 572/MDSMP y Acuerdo N¯ 444,Ordenanza que aprueba el RÇgimen Tributario de los Arbitrios Municipales de Barrido de Calles Recolecci¢n de Residuos S¢lidos Parques y Jardines y Serenazgo para el a§o 2025,https://epdoc2.elperuano.pe/EpPo/VistaNLSE.asp?Referencias=MjM1MzQ5MS0xMjAyNDEyMTg=,31/12/2024,,,,,,,,,,,,,,,,,,,,,,,,,,,,,,,,,,,,,,
18/12/2024,2354919-1,MUNICIPALIDAD DE VILLA EL SALVADOR,ORDENANZA,N¯ 515-MVES,Ordenanza que prorroga para el ejercicio fiscal 2025 la vigencia de la Ordenanza N¯ 500-MVES que regul¢ el derecho de emisi¢n mecanizada de actualizaci¢n de valores determinaci¢n del tributo y su distribuci¢n a domicilio para el ejercicio fiscal 2024,https://busquedas.elperuano.pe/dispositivo/NL/2354919-1,31/12/2024,,,,,,,,,,,,,,,,,,,,,,,,,,,,,,,,,,,,,,
18/12/2024,2349310-1,MUNICIPALIDAD DISTRITAL DE ICHU•A,ACUERDO,N¯ 0014?2023-CM/MDI,Establecen monto por concepto de dieta de regidores del Concejo Municipal del Distrito de Ichu§a durante los ejercicios 2023 2024 2025 y 2026,https://busquedas.elperuano.pe/dispositivo/NL/2349310-1,31/12/2024,,,,,,,,,,,,,,,,,,,,,,,,,,,,,,,,,,,,,,
17/12/2024,2354583-1,CONGRESO DE LA REPUBLICA,LEY,N¯ 32198,Ley que declara de interÇs nacional la investigaci¢n conservaci¢n y gesti¢n de los sitios arqueol¢gicos de los departamentos de Amazonas Cajamarca Lima Puno Huancavelica y Hu†nuco,https://busquedas.elperuano.pe/dispositivo/NL/2354583-1,31/12/2024,,,,,,,,,,,,,,,,,,,,,,,,,,,,,,,,,,,,,,
17/12/2024,2354583-2,CONGRESO DE LA REPUBLICA,LEY,N¯ 32199,Ley que modifica el Decreto Legislativo 276 Ley de Bases de la Carrera Administrativa y de Remuneraciones del Sector P£blico a fin de establecer nuevos rangos para la licencia sin goce de haber el periodo de cese y el c†lculo de la Compensaci¢n por Tiempo de Servicios,https://busquedas.elperuano.pe/dispositivo/NL/2354583-2,31/12/2024,,,,,,,,,,,,,,,,,,,,,,,,,,,,,,,,,,,,,,
17/12/2024,2354583-3,CONGRESO DE LA REPUBLICA,LEY,N¯ 32200,Ley que declara de interÇs nacional la implementaci¢n de un parque industrial tecnoecol¢gico en la provincia de Huarmey del departamento de µncash,https://busquedas.elperuano.pe/dispositivo/NL/2354583-3,31/12/2024,,,,,,,,,,,,,,,,,,,,,,,,,,,,,,,,,,,,,,
17/12/2024,2354346-1,CONGRESO DE LA REPUBLICA,RESOLUCION LEGISLATIVA,N¯ 007-2024-2025-CR,Resoluci¢n Legislativa del Congreso que declara haber lugar a la formaci¢n de causa penal contra el ciudadano V°ctor Marcial Zamora Mes°a por la comisi¢n de delitos,https://busquedas.elperuano.pe/dispositivo/NL/2354346-1,31/12/2024,,,,,,,,,,,,,,,,,,,,,,,,,,,,,,,,,,,,,,
17/12/2024,2354583-5,PRESIDENCIA DEL CONSEJO DE MINISTROS,RESOLUCION SUPREMA,N¯ 258-2024-PCM,Otorgan licencia sin goce de haber al Ministro de Transportes y Comunicaciones y encargan su Despacho a la Ministra de Comercio Exterior y Turismo,https://busquedas.elperuano.pe/dispositivo/NL/2354583-5,31/12/2024,,,,,,,,,,,,,,,,,,,,,,,,,,,,,,,,,,,,,,
17/12/2024,2354656-1,CULTURA,RESOLUCION MINISTERIAL,N¯ 000439-2024-MC,Disponen la publicaci¢n del proyecto de Decreto Supremo que modifica el Reglamento de Intervenciones Arqueol¢gicas aprobado por Decreto Supremo Nß 011-2022-MC,https://busquedas.elperuano.pe/dispositivo/NL/2354656-1,31/12/2024,,,,,,,,,,,,,,,,,,,,,,,,,,,,,,,,,,,,,,
17/12/2024,2354455-1,DEFENSA,RESOLUCION DIRECTORAL,N¯ 1008-2024 MGP/DICAPI,Modifican la Norma de practicaje mar°timo y de los pr†cticos mar°timos aprobada mediante R.D. N¯ 1186-2016 MGP/DGCG,https://busquedas.elperuano.pe/dispositivo/NL/2354455-1,31/12/2024,,,,,,,,,,,,,,,,,,,,,,,,,,,,,,,,,,,,,,
17/12/2024,2354476-1,DEFENSA,RESOLUCION MINISTERIAL,N¯ 01729-2024-DE,Disponen el cambio de denominaci¢n de la Unidad Militar de Infanter°a Compa§°a de Fuerza de Reacci¢n R†pida CHAV÷N DE HUµNTAR a Unidad Militar de Infanter°a Compa§°a de Infanter°a Mecanizada,https://busquedas.elperuano.pe/dispositivo/NL/2354476-1,31/12/2024,,,,,,,,,,,,,,,,,,,,,,,,,,,,,,,,,,,,,,
17/12/2024,2354558-1,DEFENSA,RESOLUCION MINISTERIAL,N¯ 01664-2024-DE,Autorizan viaje de personal FAP a los Estados Unidos de AmÇrica en comisi¢n especial en el exterior,https://busquedas.elperuano.pe/dispositivo/NL/2354558-1,31/12/2024,,,,,,,,,,,,,,,,,,,,,,,,,,,,,,,,,,,,,,
17/12/2024,2355064-1,DEFENSA,RESOLUCION MINISTERIAL,N¯ 01733-2024-DE,Modifican el art°culo 2 de la Resoluci¢n Ministerial N¯ 01186-2024-DE,https://busquedas.elperuano.pe/dispositivo/NL/2355064-1,31/12/2024,,,,,,,,,,,,,,,,,,,,,,,,,,,,,,,,,,,,,,
17/12/2024,2354583-6,DEFENSA,RESOLUCION SUPREMA,N¯ 175-2024-DE,Modifican el art°culo 1 de las Resoluciones Supremas N¯ 115-2024-DE y N¯ 128-2024-DE,https://busquedas.elperuano.pe/dispositivo/NL/2354583-6,31/12/2024,,,,,,,,,,,,,,,,,,,,,,,,,,,,,,,,,,,,,,
17/12/2024,2354303-1,DESARROLLO AGRARIO Y RIEGO,RESOLUCION MINISTERIAL,N¯ 0413-2023-MIDAGRI,Aprueban como empresa calificada para efecto de lo dispuesto en el art°culo 3 del Decreto Legislativo Nß 973 a la empresa AVALEZA S.A. por el desarrollo del proyecto denominado Siembra de Palto Fundo Santa Rosa,https://busquedas.elperuano.pe/dispositivo/NL/2354303-1,31/12/2024,,,,,,,,,,,,,,,,,,,,,,,,,,,,,,,,,,,,,,
17/12/2024,2354583-4,ECONOMIA Y FINANZAS,DECRETO SUPREMO,N¯ 260-2024-EF,Aprueban Valor de la Unidad Impositiva Tributaria durante el a§o 2025,https://busquedas.elperuano.pe/dispositivo/NL/2354583-4,31/12/2024,,,,,,,,,,,,,,,,,,,,,,,,,,,,,,,,,,,,,,
17/12/2024,2354507-1,ECONOMIA Y FINANZAS,RESOLUCION MINISTERIAL,N¯ 389-2024-EF/43,Aprueban la contrataci¢n del Servicio de Red Privada de Comunicaciones BANCARED a ser suscrito entre el Ministerio de Econom°a y Finanzas y la Asociaci¢n de Bancos del Per£,https://busquedas.elperuano.pe/dispositivo/NL/2354507-1,31/12/2024,,,,,,,,,,,,,,,,,,,,,,,,,,,,,,,,,,,,,,
17/12/2024,2354514-1,ECONOMIA Y FINANZAS,RESOLUCION MINISTERIAL,N¯ 390-2024-EF/43,Aprueban la contrataci¢n del servicio de Calificadora de Riesgo Soberano a ser suscrito entre el Ministerio de Econom°a y Finanzas y STANDARD,https://busquedas.elperuano.pe/dispositivo/NL/2354514-1,31/12/2024,,,,,,,,,,,,,,,,,,,,,,,,,,,,,,,,,,,,,,
17/12/2024,2354457-1,ECONOMIA Y FINANZAS,RESOLUCION VICE MINISTERIAL,N¯ 024-2024-EF/15.01,Aprueban precios de referencia y derechos variables adicionales a que se refiere el Decreto Supremo N¯ 115-2001-EF,https://busquedas.elperuano.pe/dispositivo/NL/2354457-1,31/12/2024,,,,,,,,,,,,,,,,,,,,,,,,,,,,,,,,,,,,,,
17/12/2024,2354608-1,JUSTICIA Y DERECHOS HUMANOS,RESOLUCION,N¯ 0299-2024-JUS,Modifican el Reglamento Interno de las/los Servidores Civiles del Ministerio de Justicia y Derechos Humanos,https://busquedas.elperuano.pe/dispositivo/NL/2354608-1,31/12/2024,,,,,,,,,,,,,,,,,,,,,,,,,,,,,,,,,,,,,,
17/12/2024,2354421-1,JUSTICIA Y DERECHOS HUMANOS,RESOLUCION MINISTERIAL,N¯ 0320-2024-JUS,Nombran notario del distrito de Ayaviri provincia de Melgar departamento de Puno Distrito Notarial de Puno,https://busquedas.elperuano.pe/dispositivo/NL/2354421-1,31/12/2024,,,,,,,,,,,,,,,,,,,,,,,,,,,,,,,,,,,,,,
17/12/2024,2354551-1,PRODUCE,RESOLUCION,N¯ 923-2024-PRODUCE/PROINNOVATE,Aprueban otorgamiento de subvenciones a favor de beneficiarios destinadas a cofinanciar desembolsos de proyectos en el marco del Contrato de PrÇstamo N¯ 5287/OC-PE Programa de Innovaci¢n Modernizaci¢n Tecnol¢gica y Emprendimiento y del Fondo MIPYME Emprendedor,https://busquedas.elperuano.pe/dispositivo/NL/2354551-1,31/12/2024,,,,,,,,,,,,,,,,,,,,,,,,,,,,,,,,,,,,,,
17/12/2024,2354192-1,SALUD,RESOLUCION,N¯ D000362-2024-SG-MINSA,Definen como Entidad P£blica Tipo B del Ministerio de Salud para efectos del Sistema Administrativo de Gesti¢n de Recursos Humanos al Hospital de Lima Este ? Vitarte,https://busquedas.elperuano.pe/dispositivo/NL/2354192-1,31/12/2024,,,,,,,,,,,,,,,,,,,,,,,,,,,,,,,,,,,,,,
17/12/2024,2354811-1,SALUD,RESOLUCION MINISTERIAL,N¯ 876-2024/MINSA,Aprueban Norma TÇcnica de Salud sobre el acceso a la cobertura oncol¢gica,https://busquedas.elperuano.pe/dispositivo/NL/2354811-1,31/12/2024,,,,,,,,,,,,,,,,,,,,,,,,,,,,,,,,,,,,,,
17/12/2024,2354818-1,SALUD,RESOLUCION MINISTERIAL,N¯ 877-2024/MINSA,Aprueban disposiciones complementarias a los Lineamientos para el proceso de nombramiento de los profesionales de la salud tÇcnicos y auxiliares asistenciales de la salud de las Comunidades Locales de Administraci¢n en Salud (CLAS) autorizado por la SeptuagÇsima Novena Disposici¢n Complementaria Final de la Ley Nß 31953 aprobados por Decreto Supremo Nß 021-2024-SA,https://busquedas.elperuano.pe/dispositivo/NL/2354818-1,31/12/2024,,,,,,,,,,,,,,,,,,,,,,,,,,,,,,,,,,,,,,
17/12/2024,2354439-1,SEGURO INTEGRAL DE SALUD,RESOLUCION JEFATURAL,N¯ 000194-2024-SIS/J,Autorizan transferencia financiera a favor de diversas unidades ejecutoras para el financiamiento de prestaciones de salud,https://busquedas.elperuano.pe/dispositivo/NL/2354439-1,31/12/2024,,,,,,,,,,,,,,,,,,,,,,,,,,,,,,,,,,,,,,
17/12/2024,2354516-1,ORGANISMO SUPERVISOR DE LAS CONTRATACIONES DEL ESTADO,RESOLUCION,N¯ D000184-2024-OSCE-PRE,Designan Asesor II de la Secretar°a General del Organismo Supervisor de las Contrataciones del Estado ? OSCE,https://busquedas.elperuano.pe/dispositivo/NL/2354516-1,31/12/2024,,,,,,,,,,,,,,,,,,,,,,,,,,,,,,,,,,,,,,
17/12/2024,2354470-1,SUPERINTENDENCIA NACIONAL DE ADUANAS Y DE ADMINISTRACI‡N TRIBUTARIA,RESOLUCION,N¯ 000211-2024-SUNAT/800000,Designan Supervisor 1 de la Gerencia de Dise§o de Inversiones y Supervisor 1 de la Gerencia de Administraci¢n y Finanzas de la Intendencia Nacional de Ejecuci¢n de Inversiones,https://busquedas.elperuano.pe/dispositivo/NL/2354470-1,31/12/2024,,,,,,,,,,,,,,,,,,,,,,,,,,,,,,,,,,,,,,
17/12/2024,2354433-1,SUPERINTENDENCIA NACIONAL DE FISCALIZACI‡N LABORAL,RESOLUCION,N¯ 272-2024-SUNAFIL,Designan Auxiliar Coactivo de la Unidad de Cobranza y Ejecuci¢n Coactiva de la Oficina de Administraci¢n de la SUNAFIL,https://busquedas.elperuano.pe/dispositivo/NL/2354433-1,31/12/2024,,,,,,,,,,,,,,,,,,,,,,,,,,,,,,,,,,,,,,
17/12/2024,2354434-1,CONSEJO EJECUTIVO DEL PODER JUDICIAL,RESOLUCION ADMINISTRATIVA,N¯ 000437-2024-CE-PJ,Establecen disposiciones sobre la ampliaci¢n de funcionamiento de ¢rganos jurisdiccionales permanentes en diversas Cortes Superiores de Justicia y dictan otras medidas,https://busquedas.elperuano.pe/dispositivo/NL/2354434-1,31/12/2024,,,,,,,,,,,,,,,,,,,,,,,,,,,,,,,,,,,,,,
17/12/2024,2354437-1,CONSEJO EJECUTIVO DEL PODER JUDICIAL,RESOLUCION ADMINISTRATIVA,N¯ 000438-2024-CE-PJ,Crean el Juzgado de Paz del Distrito de Megantoni; con competencia territorial en la Comunidad Nativa de Camisea (sede) los Centros Poblados de Miaria Kirigueti y Nuevo Mundo los Asentamientos Rurales de Saringaveni Maranquiato y Shintorini; y la Comunidad Nativa Ticumpinia; provincia de La Convenci¢n departamento y Distrito Judicial de Cusco,https://busquedas.elperuano.pe/dispositivo/NL/2354437-1,31/12/2024,,,,,,,,,,,,,,,,,,,,,,,,,,,,,,,,,,,,,,
17/12/2024,2354443-1,CONSEJO EJECUTIVO DEL PODER JUDICIAL,RESOLUCION ADMINISTRATIVA,N¯ 000439-2024-CE-PJ,Prorrogan el funcionamiento de diversos ¢rganos jurisdiccionales transitorios de descarga procesal y dictan otras disposiciones,https://busquedas.elperuano.pe/dispositivo/NL/2354443-1,31/12/2024,,,,,,,,,,,,,,,,,,,,,,,,,,,,,,,,,,,,,,
17/12/2024,2354371-1,INSTITUCIONES EDUCATIVAS,RESOLUCION,N¯ 0218-2024-CU-UNALM,Disponen expedir duplicado de diploma de Grado de Bachiller en Ciencias - Agronom°a de la Universidad Nacional Agraria La Molina,https://busquedas.elperuano.pe/dispositivo/NL/2354371-1,31/12/2024,,,,,,,,,,,,,,,,,,,,,,,,,,,,,,,,,,,,,,
17/12/2024,2354385-1,INSTITUCIONES EDUCATIVAS,RESOLUCION,N¯ 0318-2024-CU-UNALM,Disponen expedir duplicado de diploma de T°tulo Profesional de Ingeniero Agr¢nomo de la Universidad Nacional Agraria La Molina,https://busquedas.elperuano.pe/dispositivo/NL/2354385-1,31/12/2024,,,,,,,,,,,,,,,,,,,,,,,,,,,,,,,,,,,,,,
17/12/2024,2354388-1,INSTITUCIONES EDUCATIVAS,RESOLUCION,N¯ 0328-2024-CU-UNALM,Disponen expedir duplicado de Diploma de Grado de Bachiller en Ciencias - Forestales de la Universidad Nacional Agraria La Molina,https://busquedas.elperuano.pe/dispositivo/NL/2354388-1,31/12/2024,,,,,,,,,,,,,,,,,,,,,,,,,,,,,,,,,,,,,,
17/12/2024,2354390-1,INSTITUCIONES EDUCATIVAS,RESOLUCION,N¯ 0470-2024-CU-UNALM,Disponen expedir duplicado de diploma de T°tulo Profesional de Economista de la Universidad Nacional Agraria La Molina,https://busquedas.elperuano.pe/dispositivo/NL/2354390-1,31/12/2024,,,,,,,,,,,,,,,,,,,,,,,,,,,,,,,,,,,,,,
17/12/2024,2354501-1,MINISTERIO PUBLICO,RESOLUCION,N¯ 2848-2024-MP-FN,Designan fiscales en el Distrito Fiscal de La Libertad,https://busquedas.elperuano.pe/dispositivo/NL/2354501-1,31/12/2024,,,,,,,,,,,,,,,,,,,,,,,,,,,,,,,,,,,,,,
17/12/2024,2354501-2,MINISTERIO PUBLICO,RESOLUCION,N¯ 2849-2024-MP-FN,Nombran fiscal adjunta provincial provisional del Distrito Fiscal de Amazonas,https://busquedas.elperuano.pe/dispositivo/NL/2354501-2,31/12/2024,,,,,,,,,,,,,,,,,,,,,,,,,,,,,,,,,,,,,,
17/12/2024,2354501-3,MINISTERIO PUBLICO,RESOLUCION,N¯ 2850-2024-MP-FN,Aceptan renuncia de fiscal adjunta provincial provisional del Distrito Fiscal del Callao,https://busquedas.elperuano.pe/dispositivo/NL/2354501-3,31/12/2024,,,,,,,,,,,,,,,,,,,,,,,,,,,,,,,,,,,,,,
17/12/2024,2354501-4,MINISTERIO PUBLICO,RESOLUCION,N¯ 2851-2024-MP-FN,Nombran fiscal adjunto supremo provisional design†ndolo en el despacho de la Primera Fiscal°a Suprema Transitoria Especializada en Delitos Cometidos por Funcionarios P£blicos,https://busquedas.elperuano.pe/dispositivo/NL/2354501-4,31/12/2024,,,,,,,,,,,,,,,,,,,,,,,,,,,,,,,,,,,,,,
17/12/2024,2354501-5,MINISTERIO PUBLICO,RESOLUCION,N¯ 2852-2024-MP-FN,Nombran fiscal adjunta provincial provisional del Distrito Fiscal de Ucayali,https://busquedas.elperuano.pe/dispositivo/NL/2354501-5,31/12/2024,,,,,,,,,,,,,,,,,,,,,,,,,,,,,,,,,,,,,,
17/12/2024,2354501-6,MINISTERIO PUBLICO,RESOLUCION,N¯ 2853-2024-MP-FN,Nombran fiscal adjunta provincial provisional del Distrito Fiscal de Cajamarca,https://busquedas.elperuano.pe/dispositivo/NL/2354501-6,31/12/2024,,,,,,,,,,,,,,,,,,,,,,,,,,,,,,,,,,,,,,
17/12/2024,2354501-7,MINISTERIO PUBLICO,RESOLUCION,N¯ 2854-2024-MP-FN,Designan fiscal en el despacho de la Segunda Fiscal°a Provincial Penal Corporativa de Piura,https://busquedas.elperuano.pe/dispositivo/NL/2354501-7,31/12/2024,,,,,,,,,,,,,,,,,,,,,,,,,,,,,,,,,,,,,,
17/12/2024,2354501-8,MINISTERIO PUBLICO,RESOLUCION,N¯ 2855-2024-MP-FN,Nombran fiscal adjunto provincial provisional del Distrito Fiscal de Loreto,https://busquedas.elperuano.pe/dispositivo/NL/2354501-8,31/12/2024,,,,,,,,,,,,,,,,,,,,,,,,,,,,,,,,,,,,,,
17/12/2024,2354501-9,MINISTERIO PUBLICO,RESOLUCION,N¯ 2856-2024-MP-FN,Dejan sin efecto la Resoluci¢n de la Fiscal°a de la Naci¢n N¯ 2706-2024-MP-FN,https://busquedas.elperuano.pe/dispositivo/NL/2354501-9,31/12/2024,,,,,,,,,,,,,,,,,,,,,,,,,,,,,,,,,,,,,,
17/12/2024,2353808-1,"SUPERINTENDENCIA DE BANCA, SEGUROS Y ADMINISTRADORAS PRIVADAS DE FONDOS DE PENSIONES",RESOLUCION,SBS N¯ 04276-2024,Autorizan la difusi¢n en consulta p£blica del proyecto normativo que modifica el Reglamento para la Gesti¢n de la Continuidad del Negocio aprobado mediante Resoluci¢n SBS N¯ 877-2020 y sus modificatorias,https://busquedas.elperuano.pe/dispositivo/NL/2353808-1,31/12/2024,,,,,,,,,,,,,,,,,,,,,,,,,,,,,,,,,,,,,,
17/12/2024,2352541-1,MUNICIPALIDAD DE CHORRILLOS,Res. Alcald°a,N¯ 000104-2024-MDCH/ALC,Aprueban Manual de Clasificador de Cargos (MCC) de la Municipalidad Distrital de Chorrillos,https://epdoc2.elperuano.pe/EpPo/VistaDE.asp?Referencias=MjM1MjU0MS0xMjAyNDEyMTc=,31/12/2024,,,,,,,,,,,,,,,,,,,,,,,,,,,,,,,,,,,,,,
17/12/2024,2353513-1,MUNICIPALIDAD DE PUNTA HERMOSA,Res. Alcald°a,N¯ 148-2024-MDPH,Designan Auxiliar Coactivo,https://epdoc2.elperuano.pe/EpPo/VistaDE.asp?Referencias=MjM1MzUxMy0xMjAyNDEyMTc=,31/12/2024,,,,,,,,,,,,,,,,,,,,,,,,,,,,,,,,,,,,,,
17/12/2024,2352793-1,MUNICIPALIDAD DE PUNTA NEGRA,Res. Alcald°a,N¯ 105-2024-AL/MDPN,Aprueban el Texto Ènico de Servicios No Exclusivos (TUSNE) de la Municipalidad Distrital de Punta Negra,https://epdoc2.elperuano.pe/EpPo/VistaDE.asp?Referencias=MjM1Mjc5My0xMjAyNDEyMTc=,31/12/2024,,,,,,,,,,,,,,,,,,,,,,,,,,,,,,,,,,,,,,
16/12/2024,2354582-1,CONGRESO DE LA REPUBLICA,LEY,N¯ 32196,Ley que modifica la Ley 27829 Ley que crea el Bono Familiar Habitacional (BFH) a fin de fortalecer la protecci¢n de los derechos de sus beneficiarios,https://busquedas.elperuano.pe/dispositivo/NL/2354582-1,31/12/2024,,,,,,,,,,,,,,,,,,,,,,,,,,,,,,,,,,,,,,
16/12/2024,2354582-2,CONGRESO DE LA REPUBLICA,LEY,N¯ 32197,Ley que autoriza el otorgamiento de una entrega econ¢mica para el personal policial que de forma voluntaria preste servicios de patrullaje a pie patrullaje motorizado y operaciones focalizadas de investigaci¢n en el marco de la lucha contra la delincuencia com£n y la inseguridad ciudadana y dicta otras medidas,https://busquedas.elperuano.pe/dispositivo/NL/2354582-2,31/12/2024,,,,,,,,,,,,,,,,,,,,,,,,,,,,,,,,,,,,,,
16/12/2024,2354582-3,AMBIENTE,DECRETO SUPREMO,N¯ 015-2024-MINAM,Decreto Supremo que aprueba el Plan de Acci¢n Multisectorial Integrado de Intervenci¢n para la Cuenca del R°o Coralaque,https://busquedas.elperuano.pe/dispositivo/NL/2354582-3,31/12/2024,,,,,,,,,,,,,,,,,,,,,,,,,,,,,,,,,,,,,,
16/12/2024,2354141-1,DESARROLLO AGRARIO Y RIEGO,RESOLUCION DIRECTORAL,N¯ 366-2024-MIDAGRI-DVDAFIR-AGRO RURAL-DE,Designan Jefe de la Sub Unidad de Abastecimiento de la Unidad de Administraci¢n de AGRO RURAL,https://busquedas.elperuano.pe/dispositivo/NL/2354141-1,31/12/2024,,,,,,,,,,,,,,,,,,,,,,,,,,,,,,,,,,,,,,
16/12/2024,2354102-1,DESARROLLO E INCLUSI‡N SOCIAL,RESOLUCION,N¯ D000752-2024-MIDIS/PNAEQW-DE,Designan Jefa de la Unidad Territorial Loreto del Programa Nacional de Alimentaci¢n Escolar Qali Warma,https://busquedas.elperuano.pe/dispositivo/NL/2354102-1,31/12/2024,,,,,,,,,,,,,,,,,,,,,,,,,,,,,,,,,,,,,,
16/12/2024,2353964-1,EDUCACION,RESOLUCION DIRECTORAL,N¯ 000230-2024-MINEDU-VMGI-PRONIED-DE,Designan Coordinador de Equipo de la Unidad Gerencial de Estudios y Obras del Programa Nacional de Infraestructura Educativa,https://busquedas.elperuano.pe/dispositivo/NL/2353964-1,31/12/2024,,,,,,,,,,,,,,,,,,,,,,,,,,,,,,,,,,,,,,
16/12/2024,2353971-1,EDUCACION,RESOLUCION DIRECTORAL,N¯ 000232-2024-MINEDU-VMGI-PRONIED-DE,Designan Directora de Sistema Administrativo III de la Unidad Gerencial de Mantenimiento del Programa Nacional de Infraestructura Educativa,https://busquedas.elperuano.pe/dispositivo/NL/2353971-1,31/12/2024,,,,,,,,,,,,,,,,,,,,,,,,,,,,,,,,,,,,,,
16/12/2024,2354100-1,EDUCACION,RESOLUCION MINISTERIAL,N¯ 629-2024-MINEDU,Designan Jefa de la Unidad de Programaci¢n e Inversiones de la Oficina de Planificaci¢n EstratÇgica y Presupuesto y como Responsable de la Oficina de Programaci¢n Multianual de Inversiones del Sector Educaci¢n,https://busquedas.elperuano.pe/dispositivo/NL/2354100-1,31/12/2024,,,,,,,,,,,,,,,,,,,,,,,,,,,,,,,,,,,,,,
16/12/2024,2354103-1,MUJER Y POBLACIONES VULNERABLES,RESOLUCION MINISTERIAL,N¯ 375-2024-MIMP,Designan Secretario General del Ministerio de la Mujer y Poblaciones Vulnerables,https://busquedas.elperuano.pe/dispositivo/NL/2354103-1,31/12/2024,,,,,,,,,,,,,,,,,,,,,,,,,,,,,,,,,,,,,,
16/12/2024,2353111-1,PRODUCE,RESOLUCION DIRECTORAL,N¯ 029-2024-INACAL/DN,Aprueban Normas TÇcnicas Peruanas en su versi¢n 2024 referentes a conservas de pescado cacao y chocolate y confiter°a,https://busquedas.elperuano.pe/dispositivo/NL/2353111-1,31/12/2024,,,,,,,,,,,,,,,,,,,,,,,,,,,,,,,,,,,,,,
16/12/2024,2353121-1,PRODUCE,RESOLUCION DIRECTORAL,N¯ 030-2024-INACAL/DN,Aprueban Normas TÇcnicas Peruanas referentes a productos de acero fertilizantes pl†sticos calidad del aire ambiente y otros,https://busquedas.elperuano.pe/dispositivo/NL/2353121-1,31/12/2024,,,,,,,,,,,,,,,,,,,,,,,,,,,,,,,,,,,,,,
16/12/2024,2354104-1,TRANSPORTES Y COMUNICACIONES,RESOLUCION MINISTERIAL,N¯ 738-2024-MTC/01,Designan Directora de la Direcci¢n de Gesti¢n Ambiental de la Direcci¢n General de Asuntos Ambientales del Ministerio,https://busquedas.elperuano.pe/dispositivo/NL/2354104-1,31/12/2024,,,,,,,,,,,,,,,,,,,,,,,,,,,,,,,,,,,,,,
16/12/2024,2354105-1,TRANSPORTES Y COMUNICACIONES,RESOLUCION MINISTERIAL,N¯ 739-2024-MTC/01,Designan Ejecutora Coactiva de la Oficina de Cobranza y Ejecuci¢n Coactiva de la Oficina General de Administraci¢n del Ministerio,https://busquedas.elperuano.pe/dispositivo/NL/2354105-1,31/12/2024,,,,,,,,,,,,,,,,,,,,,,,,,,,,,,,,,,,,,,
16/12/2024,2354106-1,TRANSPORTES Y COMUNICACIONES,RESOLUCION MINISTERIAL,N¯ 743-2024-MTC/01.02,Autorizan viaje de inspector de la Direcci¢n General de Aeron†utica Civil a EE.UU. en comisi¢n de servicios,https://busquedas.elperuano.pe/dispositivo/NL/2354106-1,31/12/2024,,,,,,,,,,,,,,,,,,,,,,,,,,,,,,,,,,,,,,
16/12/2024,2354101-1,AUTORIDAD DE TRANSPORTE URBANO PARA LIMA Y CALLAO,RESOLUCION DIRECTORAL,N¯ D-000051-2024-ATU/DO,Aprueban los Lineamientos para la atenci¢n frente a situaciones de emergencias causada por desastres naturales en el COSAC I ante la ocurrencia de sismos y las contingencias producidas por estas,https://busquedas.elperuano.pe/dispositivo/NL/2354101-1,31/12/2024,,,,,,,,,,,,,,,,,,,,,,,,,,,,,,,,,,,,,,
16/12/2024,2354464-1,AUTORIDAD PORTUARIA NACIONAL,RESOLUCION,N¯ 0099-2024-APN-DIR,Aprueban modificaci¢n del Anexo 1 Puertos donde la Autoridad Portuaria Nacional ejecutar† el procedimiento de recepci¢n y despacho de naves del Reglamento para la Recepci¢n y Despacho de Naves en los Puertos de la Rep£blica del Per£ aprobado por Decreto Supremo N¯ 013-2011-MTC,https://busquedas.elperuano.pe/dispositivo/NL/2354464-1,31/12/2024,,,,,,,,,,,,,,,,,,,,,,,,,,,,,,,,,,,,,,
16/12/2024,2354073-1,SUPERINTENDENCIA NACIONAL DE FISCALIZACI‡N LABORAL,RESOLUCION,N¯ 269-2024-SUNAFIL,Designan Intendente Regional de la Intendencia Regional de Lima de la SUNAFIL,https://busquedas.elperuano.pe/dispositivo/NL/2354073-1,31/12/2024,,,,,,,,,,,,,,,,,,,,,,,,,,,,,,,,,,,,,,
16/12/2024,2350920-1,BANCO CENTRAL DE RESERVA,RESOLUCION,N¯ 0063-2024-BCRP-N,Autorizan misi¢n en el exterior de funcionario del BCRP para participar en evento a realizarse en Chile,https://busquedas.elperuano.pe/dispositivo/NL/2350920-1,31/12/2024,,,,,,,,,,,,,,,,,,,,,,,,,,,,,,,,,,,,,,
16/12/2024,2354415-1,JURADO NACIONAL DE ELECCIONES,RESOLUCION,N¯ 0423-2024-JNE,Aprueban el cronograma electoral para el proceso de Elecciones Municipales Complementarias 2025,https://busquedas.elperuano.pe/dispositivo/NL/2354415-1,31/12/2024,,,,,,,,,,,,,,,,,,,,,,,,,,,,,,,,,,,,,,
16/12/2024,2354527-1,MUNICIPALIDAD DE JESUS MARIA,Ordenanzas,N¯ 733-MDJM,Ordenanza que regula el sorteo de premios para los vecinos por el 61¯ aniversario del distrito de Jes£s Mar°a,https://epdoc2.elperuano.pe/EpPo/VistaDE.asp?Referencias=MjM1NDUyNy0xMjAyNDEyMTY=,31/12/2024,,,,,,,,,,,,,,,,,,,,,,,,,,,,,,,,,,,,,,
16/12/2024,2353391-1,MUNICIPALIDAD DE LA MOLINA,Ordenanzas,N¯ 461/MDLM,Ordenanza que regula los beneficios tributarios municipales para la poblaci¢n en situaci¢n econ¢mica precaria y/o con discapacidad en el distrito de La Molina,https://epdoc2.elperuano.pe/EpPo/VistaDE.asp?Referencias=MjM1MzM5MS0xMjAyNDEyMTY=,31/12/2024,,,,,,,,,,,,,,,,,,,,,,,,,,,,,,,,,,,,,,
16/12/2024,2353599-1,MUNICIPALIDAD DE LA MOLINA,Ordenanzas,N¯ 460/MDLM,Ordenanza que establece el Programa de Reconocimiento e Incentivos por Puntualidad en el Pago de Tributos Municipales - MOLICARD - en el distrito de La Molina,https://epdoc2.elperuano.pe/EpPo/VistaDE.asp?Referencias=MjM1MzU5OS0xMjAyNDEyMTY=,31/12/2024,,,,,,,,,,,,,,,,,,,,,,,,,,,,,,,,,,,,,,
16/12/2024,2352591-1,MUNICIPALIDAD DE SANTIAGO DE SURCO,ACUERDO,N¯ 108-2024-ACSS,Condecoran a persona natural con la medalla vecinal de la Orden Santiago Ap¢stol,https://busquedas.elperuano.pe/dispositivo/NL/2352591-1,31/12/2024,,,,,,,,,,,,,,,,,,,,,,,,,,,,,,,,,,,,,,
16/12/2024,2352599-1,MUNICIPALIDAD DE SANTIAGO DE SURCO,ACUERDO,N¯ 109-2024-ACSS,Condecoran a persona natural con la medalla vecinal de la Orden Santiago Ap¢stol,https://busquedas.elperuano.pe/dispositivo/NL/2352599-1,31/12/2024,,,,,,,,,,,,,,,,,,,,,,,,,,,,,,,,,,,,,,
16/12/2024,2352600-1,MUNICIPALIDAD DE SANTIAGO DE SURCO,ACUERDO,N¯ 110-2024-ACSS,Condecoran a asociaci¢n con la medalla c°vica de la Orden Santiago Ap¢stol,https://busquedas.elperuano.pe/dispositivo/NL/2352600-1,31/12/2024,,,,,,,,,,,,,,,,,,,,,,,,,,,,,,,,,,,,,,
16/12/2024,2352606-1,MUNICIPALIDAD DE SANTIAGO DE SURCO,ACUERDO,N¯ 111-2024-ACSS,Condecoran a CENTRUM ? Pontificia Universidad Cat¢lica del Per£ con la medalla c°vica de la Orden Santiago Ap¢stol,https://busquedas.elperuano.pe/dispositivo/NL/2352606-1,31/12/2024,,,,,,,,,,,,,,,,,,,,,,,,,,,,,,,,,,,,,,
16/12/2024,2352608-1,MUNICIPALIDAD DE SANTIAGO DE SURCO,ACUERDO,N¯ 112-2024-ACSS,Condecoran a la Universidad ESAN con la medalla c°vica de la Orden Santiago Ap¢stol,https://busquedas.elperuano.pe/dispositivo/NL/2352608-1,31/12/2024,,,,,,,,,,,,,,,,,,,,,,,,,,,,,,,,,,,,,,
16/12/2024,2352610-1,MUNICIPALIDAD DE SANTIAGO DE SURCO,ACUERDO,N¯ 113-2024-ACSS,Condecoran a la Universidad de Lima con la medalla c°vica de la Orden Santiago Ap¢stol,https://busquedas.elperuano.pe/dispositivo/NL/2352610-1,31/12/2024,,,,,,,,,,,,,,,,,,,,,,,,,,,,,,,,,,,,,,
16/12/2024,2353010-1,MUNICIPALIDAD DE SANTIAGO DE SURCO,ACUERDO,N¯ 104-2024-ACSS,Declaran desfavorable solicitud de Cambio de Zonificaci¢n de Zona Residencial de Densidad Baja (RDB) a Residencial de Densidad Media (RDM) para predio ubicado en el distrito,https://busquedas.elperuano.pe/dispositivo/NL/2353010-1,31/12/2024,,,,,,,,,,,,,,,,,,,,,,,,,,,,,,,,,,,,,,
15/12/2024,2354079-1,CONGRESO DE LA REPUBLICA,LEY,N¯ 32192,Ley que modifica el Decreto Legislativo 1350 Decreto Legislativo de Migraciones y el Decreto Legislativo 1582 - Decreto Legislativo que modifica el Decreto Legislativo 1350 Decreto Legislativo de Migraciones - para disponer la obligatoriedad de identificaci¢n de las personas extranjeras,https://busquedas.elperuano.pe/dispositivo/NL/2354079-1,31/12/2024,,,,,,,,,,,,,,,,,,,,,,,,,,,,,,,,,,,,,,
15/12/2024,2354079-2,CONGRESO DE LA REPUBLICA,LEY,N¯ 32193,Ley que declara de interÇs nacional la creaci¢n del Jardin Bot†nico Nacional del Per£,https://busquedas.elperuano.pe/dispositivo/NL/2354079-2,31/12/2024,,,,,,,,,,,,,,,,,,,,,,,,,,,,,,,,,,,,,,
15/12/2024,2354079-3,CONGRESO DE LA REPUBLICA,LEY,N¯ 32194,Ley que declara de necesidad p£blica e interÇs nacional diversos proyectos y obras de infraestructura en los departamentos de Amazonas Apur°mac Ayacucho Cajamarca Ica Jun°n La Libertad Lambayeque Lima Loreto Piura y Ucayali,https://busquedas.elperuano.pe/dispositivo/NL/2354079-3,31/12/2024,,,,,,,,,,,,,,,,,,,,,,,,,,,,,,,,,,,,,,
15/12/2024,2354079-4,CONGRESO DE LA REPUBLICA,LEY,N¯ 32195,Ley de desarrollo agricola del c†§amo para su uso industrial,https://busquedas.elperuano.pe/dispositivo/NL/2354079-4,31/12/2024,,,,,,,,,,,,,,,,,,,,,,,,,,,,,,,,,,,,,,
15/12/2024,2354081-1,PRESIDENCIA DEL CONSEJO DE MINISTROS,RESOLUCION MINISTERIAL,N¯ 356-2024-PCM,Autorizan transferencia financiera de recursos a favor del Programa de las Naciones Unidas para el Desarrollo (PNUD) para la ejecuci¢n del Proyecto PNUD 00099502 ? ID 00102790 Gesti¢n Social y Di†logo Multiactor,https://busquedas.elperuano.pe/dispositivo/NL/2354081-1,31/12/2024,,,,,,,,,,,,,,,,,,,,,,,,,,,,,,,,,,,,,,
15/12/2024,2354014-1,AMBIENTE,RESOLUCION,N¯ 115-2024-SENAMHI/PREJ,Designan Subdirector de Evaluaci¢n del Ambiente AtmosfÇrico de la Direcci¢n de Meteorolog°a y Evaluaci¢n Ambiental AtmosfÇrica del SENAMHI,https://busquedas.elperuano.pe/dispositivo/NL/2354014-1,31/12/2024,,,,,,,,,,,,,,,,,,,,,,,,,,,,,,,,,,,,,,
15/12/2024,2353473-1,CULTURA,RESOLUCION VICE MINISTERIAL,N¯ 000343-2024-VMPCIC/MC,Declaran Patrimonio Cultural de la Naci¢n a nueve bienes culturales muebles pertenecientes a la Municipalidad Provincial de Ica,https://busquedas.elperuano.pe/dispositivo/NL/2353473-1,31/12/2024,,,,,,,,,,,,,,,,,,,,,,,,,,,,,,,,,,,,,,
15/12/2024,2354094-1,DEFENSA,RESOLUCION VICE MINISTERIAL,N¯ 00120-2024-DE/VRD,Aprueban el Plan Operativo Institucional ? POI Anual 2024 actualizado versi¢n 2 del Ministerio de Defensa,https://busquedas.elperuano.pe/dispositivo/NL/2354094-1,31/12/2024,,,,,,,,,,,,,,,,,,,,,,,,,,,,,,,,,,,,,,
15/12/2024,2353505-1,DESARROLLO AGRARIO Y RIEGO,RESOLUCION DIRECTORAL,N¯ D000045-2024-MIDAGRI-SENASA-DSV,Aprueban como medida fitosanitaria la aplicaci¢n en los Puestos de Control Internos del SENASA la inspecci¢n de frutos hospedantes de la plaga moscas de la fruta en cantidades no mayores a diez (10) kilogramos,https://busquedas.elperuano.pe/dispositivo/NL/2353505-1,31/12/2024,,,,,,,,,,,,,,,,,,,,,,,,,,,,,,,,,,,,,,
15/12/2024,2354091-1,DESARROLLO AGRARIO Y RIEGO,RESOLUCION MINISTERIAL,N¯ 0414-2024-MIDAGRI,Reconocen representantes titular y alterno en el Consejo Directivo del Servicio Nacional Forestal y de Fauna Silvestre - SERFOR,https://busquedas.elperuano.pe/dispositivo/NL/2354091-1,31/12/2024,,,,,,,,,,,,,,,,,,,,,,,,,,,,,,,,,,,,,,
15/12/2024,2354092-1,DESARROLLO AGRARIO Y RIEGO,RESOLUCION MINISTERIAL,N¯ 0415-2024-MIDAGRI,Aprueban tres Fichas de Homologaci¢n en el Listado de Requerimientos Homologados,https://busquedas.elperuano.pe/dispositivo/NL/2354092-1,31/12/2024,,,,,,,,,,,,,,,,,,,,,,,,,,,,,,,,,,,,,,
15/12/2024,2354093-1,DESARROLLO E INCLUSI‡N SOCIAL,RESOLUCION MINISTERIAL,N¯ D000199 -2024-MIDIS,Designan Asesora de la Secretar°a General del Ministerio de Desarrollo e Inclusi¢n Social,https://busquedas.elperuano.pe/dispositivo/NL/2354093-1,31/12/2024,,,,,,,,,,,,,,,,,,,,,,,,,,,,,,,,,,,,,,
15/12/2024,2354084-1,ENERGIA Y MINAS,RESOLUCION MINISTERIAL,N¯ 460-2024-MINEM/DM,Declaran de interÇs para el Ministerio de Energ°a y Minas su participaci¢n en el evento internacional Convenci¢n Anual PDAC 2025 que se realizar† en la ciudad de Toronto Canad†,https://busquedas.elperuano.pe/dispositivo/NL/2354084-1,31/12/2024,,,,,,,,,,,,,,,,,,,,,,,,,,,,,,,,,,,,,,
15/12/2024,2354085-1,ENERGIA Y MINAS,RESOLUCION MINISTERIAL,N¯ 458-2024-MINEM/DM,Aprueban acciones inmediatas que conlleven al cierre definitivo de la unidad minera Florencia-Tucari de la empresa Aruntani S.A.C.,https://busquedas.elperuano.pe/dispositivo/NL/2354085-1,31/12/2024,,,,,,,,,,,,,,,,,,,,,,,,,,,,,,,,,,,,,,
15/12/2024,2354095-1,INTERIOR,RESOLUCION MINISTERIAL,N¯ 1524-2024-IN,Autorizan viaje de personal policial a Argentina en comisi¢n de servicios,https://busquedas.elperuano.pe/dispositivo/NL/2354095-1,31/12/2024,,,,,,,,,,,,,,,,,,,,,,,,,,,,,,,,,,,,,,
15/12/2024,2354087-1,JUSTICIA Y DERECHOS HUMANOS,RESOLUCION MINISTERIAL,N¯ 0317-2024-JUS,Disponen la publicaci¢n del proyecto de Reglamento del Registro Nacional de µrbitros y Centros de Arbitraje (RENACE); el proyecto de Decreto Supremo que lo aprueba y el proyecto de exposici¢n de motivos que lo sustenta,https://busquedas.elperuano.pe/dispositivo/NL/2354087-1,31/12/2024,,,,,,,,,,,,,,,,,,,,,,,,,,,,,,,,,,,,,,
15/12/2024,2354080-1,MUJER Y POBLACIONES VULNERABLES,RESOLUCION MINISTERIAL,N¯ 376-2024-MIMP,Aprueban el Padr¢n de Beneficiarios de la Subvenci¢n Econ¢mica por Acogimiento Familiar (PB-SEAF) correspondiente al mes de noviembre de 2024 y el monto total por concepto de subvenci¢n econ¢mica,https://busquedas.elperuano.pe/dispositivo/NL/2354080-1,31/12/2024,,,,,,,,,,,,,,,,,,,,,,,,,,,,,,,,,,,,,,
15/12/2024,2353542-1,RELACIONES EXTERIORES,CONVENIO,Protocolo Adhesion - Tratado Asoc Transpac°fico,Protocolo de Adhesi¢n del Reino Unido de Gran Breta§a e Irlanda del Norte al Tratado Integral y Progresista de Asociaci¢n Transpac°fico,https://epdoc2.elperuano.pe/EpPo/VistaNLSE.asp?Referencias=MjM1MzU0Mi0xMjAyNDEyMTU=,31/12/2024,,,,,,,,,,,,,,,,,,,,,,,,,,,,,,,,,,,,,,
15/12/2024,2351584-1,TRANSPORTES Y COMUNICACIONES,RESOLUCION MINISTERIAL,N¯ 726-2024-MTC/01,Ratifican el Memorando de Entendimiento sobre Liberalizaci¢n de Servicios Exclusivos de Carga AÇrea entre las Autoridades de Aviaci¢n Civil de los Estados Miembros de la Comisi¢n Latinoamericana de Aviaci¢n Civil (CLAC),https://busquedas.elperuano.pe/dispositivo/NL/2351584-1,31/12/2024,,,,,,,,,,,,,,,,,,,,,,,,,,,,,,,,,,,,,,
15/12/2024,2354096-1,TRANSPORTES Y COMUNICACIONES,RESOLUCION MINISTERIAL,N¯ 735-2024-MTC/01,Aprueban el Plan Operativo Institucional (POI) Anual 2024 Actualizado Versi¢n 1 del Pliego 036: Ministerio de Transportes y Comunicaciones,https://busquedas.elperuano.pe/dispositivo/NL/2354096-1,31/12/2024,,,,,,,,,,,,,,,,,,,,,,,,,,,,,,,,,,,,,,
15/12/2024,2354097-1,TRANSPORTES Y COMUNICACIONES,RESOLUCION MINISTERIAL,N¯ 740-2024-MTC/01.02,Disponen la publicaci¢n del proyecto de Decreto Supremo que modifica el Reglamento Nacional de Tr†nsito aprobado por Decreto Supremo N¯ 033-2001-MTC as° como su Exposici¢n de Motivos,https://busquedas.elperuano.pe/dispositivo/NL/2354097-1,31/12/2024,,,,,,,,,,,,,,,,,,,,,,,,,,,,,,,,,,,,,,
15/12/2024,2352747-1,INSTITUTO GEOL‡GICO MINERO Y METALÈRGICO,RESOLUCION,N¯ 0188-2024-INGEMMET/PE,Disponen publicar la relaci¢n de los 212 t°tulos de concesi¢n minera cuyos t°tulos se aprobaron en noviembre del 2024,https://busquedas.elperuano.pe/dispositivo/NL/2352747-1,31/12/2024,,,,,,,,,,,,,,,,,,,,,,,,,,,,,,,,,,,,,,
15/12/2024,2354090-1,ORGANISMO TêCNICO DE LA ADMINISTRACI‡N DE LOS SERVICIOS DE SANEAMIENTO,ACUERDO,N¯ 022-2024-CONSEJO DIRECTIVO,Acuerdo adoptado sobre designaci¢n de Gerente General en Empresas Prestadoras de Servicios de Saneamiento ? EPS,https://busquedas.elperuano.pe/dispositivo/NL/2354090-1,31/12/2024,,,,,,,,,,,,,,,,,,,,,,,,,,,,,,,,,,,,,,
15/12/2024,2354086-1,PROCURADUR÷A GENERAL DEL ESTADO,RESOLUCION,N¯ D000847-2024-JUS/PGE-PG,Designan Asesora II de la Presidencia Ejecutiva de la Procuradur°a General del Estado,https://busquedas.elperuano.pe/dispositivo/NL/2354086-1,31/12/2024,,,,,,,,,,,,,,,,,,,,,,,,,,,,,,,,,,,,,,
15/12/2024,2353962-1,SUPERINTENDENCIA NACIONAL DE ADUANAS Y DE ADMINISTRACI‡N TRIBUTARIA,RESOLUCION,N¯ 000283-2024/SUNAT,Designan Jefe de Proyecto Componente Nuevo Proceso y Sistema de Recaudaci¢n del Programa Transformaci¢n Digital,https://busquedas.elperuano.pe/dispositivo/NL/2353962-1,31/12/2024,,,,,,,,,,,,,,,,,,,,,,,,,,,,,,,,,,,,,,
15/12/2024,2353988-1,SUPERINTENDENCIA NACIONAL DE ADUANAS Y DE ADMINISTRACI‡N TRIBUTARIA,RESOLUCION,N¯ 000281-2024/SUNAT,Resoluci¢n de Superintendencia que modifica el procedimiento general Importaci¢n para el consumo DESPA-PG.01 (versi¢n 8) y el procedimiento espec°fico Reconocimiento f°sico - extracci¢n y an†lisis de muestras DESPA-PE.00.03 (versi¢n 4),https://busquedas.elperuano.pe/dispositivo/NL/2353988-1,31/12/2024,,,,,,,,,,,,,,,,,,,,,,,,,,,,,,,,,,,,,,
15/12/2024,2354043-1,SUPERINTENDENCIA NACIONAL DE ADUANAS Y DE ADMINISTRACI‡N TRIBUTARIA,RESOLUCION,N¯ 000282-2024/SUNAT,Resoluci¢n de Superintendencia que aprueba el procedimiento general Tr†nsito aduanero DESPA-PG.08 (versi¢n 6) modifica el procedimiento espec°fico Mandato electr¢nico DESPA-PE.00.18 (versi¢n 1) y deroga procedimientos,https://epdoc2.elperuano.pe/EpPo/VistaNLSE.asp?Referencias=MjM1NDA0My0xMjAyNDEyMTU=,31/12/2024,,,,,,,,,,,,,,,,,,,,,,,,,,,,,,,,,,,,,,
15/12/2024,2354098-1,SUPERINTENDENCIA NACIONAL DE ADUANAS Y DE ADMINISTRACI‡N TRIBUTARIA,RESOLUCION,N¯ 000285-2024/SUNAT,Designan Gerente de Ejecuci¢n de Inversiones de la Intendencia Nacional de Ejecuci¢n de Inversiones,https://busquedas.elperuano.pe/dispositivo/NL/2354098-1,31/12/2024,,,,,,,,,,,,,,,,,,,,,,,,,,,,,,,,,,,,,,
15/12/2024,2354068-1,SUPERINTENDENCIA NACIONAL DE FISCALIZACI‡N LABORAL,RESOLUCION,N¯ 268-2024-SUNAFIL,Designan Director de la Direcci¢n de Supervisi¢n y Evaluaci¢n de la SUNAFIL,https://busquedas.elperuano.pe/dispositivo/NL/2354068-1,31/12/2024,,,,,,,,,,,,,,,,,,,,,,,,,,,,,,,,,,,,,,
15/12/2024,2354088-1,SUPERINTENDENCIA NACIONAL DE FISCALIZACI‡N LABORAL,RESOLUCION,N¯ 271-2024-SUNAFIL,Designan Director de la Direcci¢n de Inteligencia Inspectiva de la Superintendencia Nacional de Fiscalizaci¢n Laboral ? Sunafil,https://busquedas.elperuano.pe/dispositivo/NL/2354088-1,31/12/2024,,,,,,,,,,,,,,,,,,,,,,,,,,,,,,,,,,,,,,
15/12/2024,2354082-1,FONDO NACIONAL DE FINANCIAMIENTO DE LA ACTIVIDAD EMPRESARIAL DEL ESTADO,ACUERDO,N¯ 002-2024/014-FONAFE,Aprueban Presupuesto Consolidado de las Empresas bajo el †mbito de FONAFE y de ESSALUD para el a§o 2025,https://busquedas.elperuano.pe/dispositivo/NL/2354082-1,31/12/2024,,,,,,,,,,,,,,,,,,,,,,,,,,,,,,,,,,,,,,
15/12/2024,2353377-2,INSTITUCIONES EDUCATIVAS,RESOLUCION,N¯ 991-2024-UNTRM/CU,Autorizan viaje de docentes y estudiante de la Universidad Nacional Toribio Rodr°guez de Mendoza de Amazonas para participar en la movilidad acadÇmica internacional en la Universidad del Azuay (UDA) de la ciudad de Cuenca ? Rep£blica del Ecuador,https://busquedas.elperuano.pe/dispositivo/NL/2353377-2,31/12/2024,,,,,,,,,,,,,,,,,,,,,,,,,,,,,,,,,,,,,,
15/12/2024,2353377-3,INSTITUCIONES EDUCATIVAS,RESOLUCION,N¯ 1001-2024-UNTRM/CU,Autorizan viaje de docentes y estudiantes de la Universidad Nacional Toribio Rodr°guez de Mendoza de Amazonas para participar en la movilidad acadÇmica internacional en la Universidad del Azuay (UDA) de la ciudad de Cuenca ? Rep£blica del Ecuador,https://busquedas.elperuano.pe/dispositivo/NL/2353377-3,31/12/2024,,,,,,,,,,,,,,,,,,,,,,,,,,,,,,,,,,,,,,
15/12/2024,2353377-4,INSTITUCIONES EDUCATIVAS,RESOLUCION,N¯ 1002-2024-UNTRM/CU,Autorizan viaje de docentes y estudiantes de la Universidad Nacional Toribio Rodr°guez de Mendoza de Amazonas para participar en la movilidad acadÇmica internacional en la Universidad CES -Medell°n? Rep£blica de Colombia,https://busquedas.elperuano.pe/dispositivo/NL/2353377-4,31/12/2024,,,,,,,,,,,,,,,,,,,,,,,,,,,,,,,,,,,,,,
15/12/2024,2354083-1,MINISTERIO PUBLICO,RESOLUCION,N¯ 2843 -2024-MP-FN,Asignan plazas dan por concluidas designaciones designan y nombran fiscales en diversos Distritos Fiscales,https://busquedas.elperuano.pe/dispositivo/NL/2354083-1,31/12/2024,,,,,,,,,,,,,,,,,,,,,,,,,,,,,,,,,,,,,,
15/12/2024,2331604-1,GOBIERNO REGIONAL DE HUANCAVELICA,ORDENANZA,N¯ 535-GOB.REG-HVCA/CR,Ordenanza Regional que aprueba establecer la retribuci¢n de bolsa de trabajo en los proyectos de inversi¢n p£blica ejecutados por el Gobierno Regional de Huancavelica en la modalidad de administraci¢n directa y la inversi¢n p£blica ejecutada bajo la modalidad de contrata (empleadores del sector privado),https://busquedas.elperuano.pe/dispositivo/NL/2331604-1,31/12/2024,,,,,,,,,,,,,,,,,,,,,,,,,,,,,,,,,,,,,,
15/12/2024,2338903-1,GOBIERNO REGIONAL DE JUNIN,ORDENANZA,N¯ 402-2024-GRJ/CR,Declaran de interÇs p£blico educativo cultural y prioridad en la jurisdicci¢n del Gobierno Regional de Jun°n la estrategia de fomento de la lectura 30 minutos de oro para leer en familia,https://busquedas.elperuano.pe/dispositivo/NL/2338903-1,31/12/2024,,,,,,,,,,,,,,,,,,,,,,,,,,,,,,,,,,,,,,
15/12/2024,2353654-1,GOBIERNO REGIONAL DE PIURA,ORDENANZA,N¯ 512-2024/GRP-CR,Ordenanza Regional que aprueba el Reglamento de Organizaci¢n y Funciones (ROF) del Gobierno Regional Piura,https://busquedas.elperuano.pe/dispositivo/NL/2353654-1,31/12/2024,,,,,,,,,,,,,,,,,,,,,,,,,,,,,,,,,,,,,,
15/12/2024,2353660-1,GOBIERNO REGIONAL DE PIURA,ORDENANZA,N¯ 511-2024/GRP-CR,Ordenanza Regional que declara de necesidad e interÇs p£blico regional la modernizaci¢n y ampliaci¢n de la Planta de Tratamiento de Agua Potable de El Arenal,https://busquedas.elperuano.pe/dispositivo/NL/2353660-1,31/12/2024,,,,,,,,,,,,,,,,,,,,,,,,,,,,,,,,,,,,,,
15/12/2024,2338491-1,GOBIERNO REGIONAL DE PUNO,ORDENANZA,N¯ 018-2024-GRP-CRP,Ordenanza que reconoce declara y aprueba el acondicionamiento para el desarrollo y promoci¢n ecotur°stico Los Circuitos Tur°stico - Culturales de la provincia de El Collao - Ilave,https://busquedas.elperuano.pe/dispositivo/NL/2338491-1,31/12/2024,,,,,,,,,,,,,,,,,,,,,,,,,,,,,,,,,,,,,,
15/12/2024,2352235-1,MUNICIPALIDAD DE LURIN,ORDENANZA,N¯ 512-2024/MDL,Ordenanza Municipal que modifica la Ordenanza Municipal Nß 492-2024/MDL Ordenanza Municipal que aprueba el nuevo RÇgimen de Aplicaci¢n de Sanciones Administrativas (RASA) y el Cuadro Ènico de Infracciones y Sanciones Administrativas (CUISA) de la Municipalidad Distrital de Lur°n,https://epdoc2.elperuano.pe/EpPo/VistaNLSE.asp?Referencias=MjM1MjIzNS0xMjAyNDEyMTU=,31/12/2024,,,,,,,,,,,,,,,,,,,,,,,,,,,,,,,,,,,,,,
15/12/2024,2352560-1,MUNICIPALIDAD DE PUNTA HERMOSA,ORDENANZA,N¯ 542-MDPH,Ordenanza que establece fechas para el pago del Impuesto Predial Arbitrios Municipales de Barrido de Calles Recolecci¢n de Residuos S¢lidos Parques y Jardines P£blicos y Serenazgo correspondiente al Ejercicio 2025 en el distrito de Punta Hermosa,https://busquedas.elperuano.pe/dispositivo/NL/2352560-1,31/12/2024,,,,,,,,,,,,,,,,,,,,,,,,,,,,,,,,,,,,,,
15/12/2024,2352423-1,MUNICIPALIDAD DEL RIMAC,Ordenanzas,N¯ 649-MDR y Acuerdo N¯ 442,Ordenanza que establece la aplicaci¢n del IPC a los importes y tasas de los Arbitrios Municipales correspondiente a los Servicios de Barridos de Calles Recolecci¢n de Residuos S¢lidos Parques y Jardines y Seguridad Ciudadana en el distrito del R°mac para el Ejercicio Fiscal 2025,https://epdoc2.elperuano.pe/EpPo/VistaDE.asp?Referencias=MjM1MjQyMy0xMjAyNDEyMTU=,31/12/2024,,,,,,,,,,,,,,,,,,,,,,,,,,,,,,,,,,,,,,
15/12/2024,2353463-1,MUNICIPALIDAD PROVINCIAL DEL CALLAO,DECRETO DE ALCALDIA,N¯ 022-2024-ALC/MPC,Prorrogan vigencia de la Ordenanza Municipal Nß 027-2024/MPC que aprueba programa de beneficios de reducci¢n de deudas constituidas por sanciones administrativas derivadas de infracciones al reglamento nacional de tr†nsito y reglamento del servicio de transporte p£blico especial de pasajeros en veh°culos motorizados y no motorizados en la Provincia Constitucional del Callao as° como la deuda por concepto de tasa de guardian°a por internamiento en el Dep¢sito Municipal de Veh°culos,https://busquedas.elperuano.pe/dispositivo/NL/2353463-1,31/12/2024,,,,,,,,,,,,,,,,,,,,,,,,,,,,,,,,,,,,,,
15/12/2024,2353551-1,RELACIONES EXTERIORES,CONVENIO,Carta Bilaterial con Reino Unido,Carta Bilateral con el Reino Unido sobre la aplicaci¢n del art°culo 18.38 respecto al Periodo de Gracia,https://busquedas.elperuano.pe/dispositivo/NL/2353551-1,31/12/2024,,,,,,,,,,,,,,,,,,,,,,,,,,,,,,,,,,,,,,
15/12/2024,2353553-1,RELACIONES EXTERIORES,CONVENIO,Entrada en vigor,Entrada en vigor del Protocolo de Adhesi¢n del Reino Unido de Gran Breta§a e Irlanda del Norte al Tratado Integral y Progresista de Asociaci¢n Transpac°fico y la Carta Bilateral con el Reino Unido sobre la aplicaci¢n del art°culo 18.38 respecto al Periodo de Gracia,https://busquedas.elperuano.pe/dispositivo/NL/2353553-1,31/12/2024,,,,,,,,,,,,,,,,,,,,,,,,,,,,,,,,,,,,,,
14/12/2024,2354079-5,PRESIDENCIA DEL CONSEJO DE MINISTROS,DECRETO SUPREMO,N¯ 142-2024-PCM,Decreto Supremo que aprueba la Pol°tica Nacional de Ordenamiento Territorial al 2050,https://busquedas.elperuano.pe/dispositivo/NL/2354079-5,31/12/2024,,,,,,,,,,,,,,,,,,,,,,,,,,,,,,,,,,,,,,
14/12/2024,2354074-1,PRESIDENCIA DEL CONSEJO DE MINISTROS,RESOLUCION MINISTERIAL,N¯ 354-2024-PCM,Crean el Grupo de Trabajo Multisectorial de naturaleza temporal denominado Mesa TÇcnica para el desarrollo integral del departamento de Moquegua dependiente de la Presidencia del Consejo de Ministros,https://busquedas.elperuano.pe/dispositivo/NL/2354074-1,31/12/2024,,,,,,,,,,,,,,,,,,,,,,,,,,,,,,,,,,,,,,
14/12/2024,2354078-3,PRESIDENCIA DEL CONSEJO DE MINISTROS,RESOLUCION SUPREMA,N¯ 256-2024-PCM,Autorizan viaje del Ministro de Desarrollo Agrario y Riego a EE.UU. y encargan su Despacho al Ministro de la Producci¢n,https://busquedas.elperuano.pe/dispositivo/NL/2354078-3,31/12/2024,,,,,,,,,,,,,,,,,,,,,,,,,,,,,,,,,,,,,,
14/12/2024,2354078-4,PRESIDENCIA DEL CONSEJO DE MINISTROS,RESOLUCION SUPREMA,N¯ 257-2024-PCM,Autorizan viaje del Ministro de Relaciones Exteriores a EE.UU. y encargan su Despacho al Presidente del Consejo de Ministros,https://busquedas.elperuano.pe/dispositivo/NL/2354078-4,31/12/2024,,,,,,,,,,,,,,,,,,,,,,,,,,,,,,,,,,,,,,
14/12/2024,2352996-1,CULTURA,RESOLUCION DIRECTORAL,N¯ 000217-2024-DGPA-VMPCIC/MC,Determinan Protecci¢n Provisional del Sitio Arqueol¢gico Huaca Poncoy 2 ubicado en el distrito de Monsef£ provincia de Chiclayo departamento de Lambayeque,https://busquedas.elperuano.pe/dispositivo/NL/2352996-1,31/12/2024,,,,,,,,,,,,,,,,,,,,,,,,,,,,,,,,,,,,,,
14/12/2024,2352998-1,CULTURA,RESOLUCION DIRECTORAL,N¯ 000211-2024-DGPA-VMPCIC/MC,Determinan Protecci¢n Provisional del Sitio Arqueol¢gico Huaca Santamar°a ubicado en el distrito de Mochum° provincia y departamento de Lambayeque,https://busquedas.elperuano.pe/dispositivo/NL/2352998-1,31/12/2024,,,,,,,,,,,,,,,,,,,,,,,,,,,,,,,,,,,,,,
14/12/2024,2353092-1,DEFENSA,RESOLUCION DIRECTORAL,N¯ 987-2024 MGP/DICAPI,Aprueban disposiciones para la evaluaci¢n de la gente de mar a nivel gesti¢n para el reconocimiento de t°tulos extranjeros de conformidad a la regla I/10 numeral 1 al 6 reglas II/2 III/2 o III/3 del Convenio Internacional sobre normas de formaci¢n titulaci¢n y guardia para la gente de mar de 1978 en su forma enmendada,https://busquedas.elperuano.pe/dispositivo/NL/2353092-1,31/12/2024,,,,,,,,,,,,,,,,,,,,,,,,,,,,,,,,,,,,,,
14/12/2024,2353472-1,DEFENSA,RESOLUCION DIRECTORAL,N¯ 715-2024 MGP/DICAPI,Aprueban inscripci¢n y protecci¢n de la rompiente de olas en las playas El Golf y Mal Paso a Providencia ubicadas en el distrito de La Brea provincia de Talara departamento de Piura a favor de la Comisi¢n de Rompientes de la Federaci¢n Deportiva Nacional de Tabla ? FENTA,https://busquedas.elperuano.pe/dispositivo/NL/2353472-1,31/12/2024,,,,,,,,,,,,,,,,,,,,,,,,,,,,,,,,,,,,,,
14/12/2024,2353474-1,DEFENSA,RESOLUCION DIRECTORAL,N¯ 631-2024 MGP/DICAPI,Aprueban inscripci¢n y protecci¢n de la rompiente de olas en la playa Puemape ubicada en el distrito de San Pedro de Lloc provincia de Pacasmayo departamento de La Libertad a favor de la Comisi¢n de Rompientes de la Federaci¢n Deportiva Nacional de Tabla ? FENTA,https://busquedas.elperuano.pe/dispositivo/NL/2353474-1,31/12/2024,,,,,,,,,,,,,,,,,,,,,,,,,,,,,,,,,,,,,,
14/12/2024,2353475-1,DEFENSA,RESOLUCION DIRECTORAL,N¯ 793-2024 MGP/DICAPI,Derogan las Resoluciones Directorales Nrs. 0360-2009/DCG y 0420-2009/DGCG,https://busquedas.elperuano.pe/dispositivo/NL/2353475-1,31/12/2024,,,,,,,,,,,,,,,,,,,,,,,,,,,,,,,,,,,,,,
14/12/2024,2353750-1,DEFENSA,RESOLUCION DIRECTORAL,N¯ 989-2024 MGP/DICAPI,Disponen que los buques de bandera nacional y los buques de bandera extranjera en puertos nacionales a los que les sea aplicable el Cap°tulo VI del Convenio Internacional para la Seguridad de la Vida Humana en el Mar SOLAS 1974 cumplan lo establecido en la regla 7 del SOLAS; y dictan otras disposiciones,https://busquedas.elperuano.pe/dispositivo/NL/2353750-1,31/12/2024,,,,,,,,,,,,,,,,,,,,,,,,,,,,,,,,,,,,,,
14/12/2024,2353751-1,DEFENSA,RESOLUCION DIRECTORAL,N¯ 1006-2024 MGP/DICAPI,Aprueban los Lineamientos del programa mejorado de inspecciones durante los reconocimientos de graneleros y petroleros adoptando las prescripciones establecidas en el C¢digo Internacional sobre el programa mejorado de inspecciones durante los reconocimientos de graneleros y petroleros C‡DIGO ESP 2011 establecidos por la Asamblea General de la Organizaci¢n Mar°tima Internacional mediante Resoluci¢n A.1049 (27),https://busquedas.elperuano.pe/dispositivo/NL/2353751-1,31/12/2024,,,,,,,,,,,,,,,,,,,,,,,,,,,,,,,,,,,,,,
14/12/2024,2354055-1,DEFENSA,RESOLUCION DIRECTORAL,N¯ 947-2024 MGP/DICAPI,Derogan las Resoluciones Directorales N¯ 275-2004/DCG y N¯ 778-2004/DCG,https://busquedas.elperuano.pe/dispositivo/NL/2354055-1,31/12/2024,,,,,,,,,,,,,,,,,,,,,,,,,,,,,,,,,,,,,,
14/12/2024,2354058-1,DEFENSA,RESOLUCION DIRECTORAL,N¯ 1009-2024 MGP/DICAPI,Modifican la Resoluci¢n Directoral N¯ 900-2023/MGP/DICAPI que aprueba la Norma para la preparaci¢n y ejecuci¢n de las pruebas de estabilidad a naves nacionales que realizan actividades acu†ticas en el mar r°os y lagos navegables; y dictan otras disposiciones,https://busquedas.elperuano.pe/dispositivo/NL/2354058-1,31/12/2024,,,,,,,,,,,,,,,,,,,,,,,,,,,,,,,,,,,,,,
14/12/2024,2353449-1,DEFENSA,RESOLUCION MINISTERIAL,N¯ 01723-2024-DE,Autorizan viaje de personal militar y civil del EjÇrcito del Per£ para que participen en la TrigÇsimo Primera Expedici¢n Cient°fica del Per£ a la Ant†rtida - ANTAR XXXI,https://busquedas.elperuano.pe/dispositivo/NL/2353449-1,31/12/2024,,,,,,,,,,,,,,,,,,,,,,,,,,,,,,,,,,,,,,
14/12/2024,2353602-1,DEFENSA,RESOLUCION MINISTERIAL,N¯ 01727-2024-DE,Autorizan viaje de personal militar a los EE.UU. en comisi¢n especial,https://busquedas.elperuano.pe/dispositivo/NL/2353602-1,31/12/2024,,,,,,,,,,,,,,,,,,,,,,,,,,,,,,,,,,,,,,
14/12/2024,2354079-11,DESARROLLO AGRARIO Y RIEGO,DECRETO SUPREMO,N¯ 015-2024-MIDAGRI,Decreto Supremo que aprueba el valor de las retribuciones econ¢micas por el uso del agua y por el vertimiento de aguas residuales tratadas a aplicarse en el a§o 2025,https://busquedas.elperuano.pe/dispositivo/NL/2354079-11,31/12/2024,,,,,,,,,,,,,,,,,,,,,,,,,,,,,,,,,,,,,,
14/12/2024,2353618-1,DESARROLLO AGRARIO Y RIEGO,RESOLUCION,N¯ D000317-2024-MIDAGRI-SERFOR-DE,Designan Directora de la Oficina de Abastecimiento de la Oficina General de Administraci¢n del SERFOR,https://busquedas.elperuano.pe/dispositivo/NL/2353618-1,31/12/2024,,,,,,,,,,,,,,,,,,,,,,,,,,,,,,,,,,,,,,
14/12/2024,2353919-1,DESARROLLO AGRARIO Y RIEGO,RESOLUCION MINISTERIAL,N¯ 0412-2024-MIDAGRI,Disponen publicar proyecto de Decreto Supremo que aprueba la Clasificaci¢n Anticipada de Proyectos con Caracter°sticas Comunes o Similares del Sector Agrario y de Riego,https://busquedas.elperuano.pe/dispositivo/NL/2353919-1,31/12/2024,,,,,,,,,,,,,,,,,,,,,,,,,,,,,,,,,,,,,,
14/12/2024,2354075-1,DESARROLLO E INCLUSI‡N SOCIAL,RESOLUCION,N¯ 002406-2024-MIDIS/PNCM-DE,Designan Coordinador de la Unidad Territorial Madre de Dios del Programa Nacional Cuna M†s,https://busquedas.elperuano.pe/dispositivo/NL/2354075-1,31/12/2024,,,,,,,,,,,,,,,,,,,,,,,,,,,,,,,,,,,,,,
14/12/2024,2353372-1,DESARROLLO E INCLUSI‡N SOCIAL,RESOLUCION MINISTERIAL,N¯ D000196-2024-MIDIS,Designan miembro del ComitÇ de Transparencia y Vigilancia Ciudadana en representaci¢n del Concilio Nacional EvangÇlico del Per£ (CONEP),https://busquedas.elperuano.pe/dispositivo/NL/2353372-1,31/12/2024,,,,,,,,,,,,,,,,,,,,,,,,,,,,,,,,,,,,,,
14/12/2024,2354078-1,ECONOMIA Y FINANZAS,DECRETO SUPREMO,N¯ 253-2024-EF,Aprueban Reglamento de las disposiciones que regulan el impuesto a los juegos a distancia y a las apuestas deportivas a distancia,https://busquedas.elperuano.pe/dispositivo/NL/2354078-1,31/12/2024,,,,,,,,,,,,,,,,,,,,,,,,,,,,,,,,,,,,,,
14/12/2024,2354078-2,ECONOMIA Y FINANZAS,DECRETO SUPREMO,N¯ 254-2024-EF,Aprueban el Reglamento del Impuesto Selectivo al Consumo a los juegos a distancia y apuestas deportivas a distancia,https://busquedas.elperuano.pe/dispositivo/NL/2354078-2,31/12/2024,,,,,,,,,,,,,,,,,,,,,,,,,,,,,,,,,,,,,,
14/12/2024,2354079-10,ECONOMIA Y FINANZAS,DECRETO SUPREMO,N¯ 259-2024-EF,Aprueban normas reglamentarias para la aplicaci¢n de las modificaciones introducidas por la Ley Nß 31962 Ley que sincera los intereses por devoluciones de pagos de tributos en exceso o indebidos por retenciones o percepciones no aplicadas del Impuesto General a las Ventas y actualizaci¢n de multas a los art°culos 28 38 y 181 del C¢digo Tributario,https://busquedas.elperuano.pe/dispositivo/NL/2354079-10,31/12/2024,,,,,,,,,,,,,,,,,,,,,,,,,,,,,,,,,,,,,,
14/12/2024,2354079-6,ECONOMIA Y FINANZAS,DECRETO SUPREMO,N¯ 255-2024-EF,Decreto Supremo que autoriza Transferencias de Partidas en el Presupuesto del Sector P£blico para el A§o Fiscal 2024 a favor de la Reserva de Contingencia y de la Municipalidad Distrital de Carmen de la Legua Reynoso,https://busquedas.elperuano.pe/dispositivo/NL/2354079-6,31/12/2024,,,,,,,,,,,,,,,,,,,,,,,,,,,,,,,,,,,,,,
14/12/2024,2354079-7,ECONOMIA Y FINANZAS,DECRETO SUPREMO,N¯ 256-2024-EF,Decreto Supremo que aprueba el Presupuesto Consolidado de Ingresos y Egresos para el A§o Fiscal 2025 de las empresas y Organismos P£blicos de los Gobiernos Regionales y Gobiernos Locales,https://busquedas.elperuano.pe/dispositivo/NL/2354079-7,31/12/2024,,,,,,,,,,,,,,,,,,,,,,,,,,,,,,,,,,,,,,
14/12/2024,2354079-8,ECONOMIA Y FINANZAS,DECRETO SUPREMO,N¯ 257-2024-EF,Decreto Supremo que autoriza Transferencia de Partidas en el Presupuesto del Sector P£blico para el A§o Fiscal 2024 a favor del Ministerio de Salud y de diversos Gobiernos Regionales por el cumplimiento de indicadores del Tramo I del Incentivo Presupuestario para el Sector Salud (IP Salud) correspondiente al A§o 2024,https://busquedas.elperuano.pe/dispositivo/NL/2354079-8,31/12/2024,,,,,,,,,,,,,,,,,,,,,,,,,,,,,,,,,,,,,,
14/12/2024,2354079-9,ECONOMIA Y FINANZAS,DECRETO SUPREMO,N¯ 258-2024-EF,Decreto Supremo que autoriza Transferencias de Partidas en el Presupuesto del Sector P£blico para el A§o Fiscal 2024 a favor de la Reserva de Contingencia y de diversos Gobiernos Locales,https://busquedas.elperuano.pe/dispositivo/NL/2354079-9,31/12/2024,,,,,,,,,,,,,,,,,,,,,,,,,,,,,,,,,,,,,,
14/12/2024,2354079-12,INTERIOR,RESOLUCION SUPREMA,N¯ 197-2024-IN,Designan Prefecto Regional de Jun°n,https://busquedas.elperuano.pe/dispositivo/NL/2354079-12,31/12/2024,,,,,,,,,,,,,,,,,,,,,,,,,,,,,,,,,,,,,,
14/12/2024,2354079-13,INTERIOR,RESOLUCION SUPREMA,N¯ 198-2024-IN,Designan Prefecto Regional de Lima Provincias,https://busquedas.elperuano.pe/dispositivo/NL/2354079-13,31/12/2024,,,,,,,,,,,,,,,,,,,,,,,,,,,,,,,,,,,,,,
14/12/2024,2354099-1,JUSTICIA Y DERECHOS HUMANOS,RESOLUCION MINISTERIAL,N¯ 0319-2024-JUS,Crean Comisi¢n Sectorial de naturaleza temporal dependiente del Ministerio de Justicia y Derechos Humanos encargada de elaborar un informe tÇcnico que recoja las propuestas para evaluar la aplicaci¢n de la pena de muerte al delito de violaci¢n sexual de menor de edad,https://busquedas.elperuano.pe/dispositivo/NL/2354099-1,31/12/2024,,,,,,,,,,,,,,,,,,,,,,,,,,,,,,,,,,,,,,
14/12/2024,2353913-1,PRODUCE,RESOLUCION MINISTERIAL,N¯ 000485-2024-PRODUCE,Designan Director de la Direcci¢n de Articulaci¢n de Mercados de la Direcci¢n General de Desarrollo Empresarial del Despacho Viceministerial de MYPE e Industria,https://busquedas.elperuano.pe/dispositivo/NL/2353913-1,31/12/2024,,,,,,,,,,,,,,,,,,,,,,,,,,,,,,,,,,,,,,
14/12/2024,2353918-1,PRODUCE,RESOLUCION MINISTERIAL,N¯ 000488-2024-PRODUCE,Modifican el Anexo I de la Resoluci¢n Ministerial N¯ 209-2001-PE respecto a los recursos coco y cachema,https://busquedas.elperuano.pe/dispositivo/NL/2353918-1,31/12/2024,,,,,,,,,,,,,,,,,,,,,,,,,,,,,,,,,,,,,,
14/12/2024,2353928-1,PRODUCE,RESOLUCION MINISTERIAL,N¯ 000486-2024-PRODUCE,Desarrollan la normativa regulatoria del subsector pesca para la aplicaci¢n de las excepciones establecidas en el segundo p†rrafo del art°culo 308-B del C¢digo Penal promulgado por el Decreto Legislativo N¯ 635 considerando lo dispuesto en el art°culo 127 del Reglamento de la Ley General de Pesca aprobado por el Decreto Supremo N¯ 012-2001-PE,https://busquedas.elperuano.pe/dispositivo/NL/2353928-1,31/12/2024,,,,,,,,,,,,,,,,,,,,,,,,,,,,,,,,,,,,,,
14/12/2024,2353929-1,PRODUCE,RESOLUCION MINISTERIAL,N¯ 000487-2024-PRODUCE,Disponen la publicaci¢n del proyecto de Decreto Supremo que modifica el Reglamento de Gesti¢n Ambiental de los Subsectores Pesca y Acuicultura aprobado por Decreto Supremo N¯ 012-2019-PRODUCE,https://busquedas.elperuano.pe/dispositivo/NL/2353929-1,31/12/2024,,,,,,,,,,,,,,,,,,,,,,,,,,,,,,,,,,,,,,
14/12/2024,2353933-1,PRODUCE,RESOLUCION MINISTERIAL,N¯ 000489-2024-PRODUCE,Autorizan transferencia financiera a favor del N£cleo Ejecutor de Compras del Sector Productivo Textil-Confecciones,https://busquedas.elperuano.pe/dispositivo/NL/2353933-1,31/12/2024,,,,,,,,,,,,,,,,,,,,,,,,,,,,,,,,,,,,,,
14/12/2024,2353417-1,RELACIONES EXTERIORES,RESOLUCION MINISTERIAL,N¯ 0956-2024-RE,Designan Agregada al Consulado General del Per£ en Mil†n Rep£blica Italiana,https://busquedas.elperuano.pe/dispositivo/NL/2353417-1,31/12/2024,,,,,,,,,,,,,,,,,,,,,,,,,,,,,,,,,,,,,,
14/12/2024,2353419-1,RELACIONES EXTERIORES,RESOLUCION MINISTERIAL,N¯ 0957-2024-RE,Autorizan viaje de funcionario diplom†tico a la Rep£blica de Armenia en comisi¢n de servicios,https://busquedas.elperuano.pe/dispositivo/NL/2353419-1,31/12/2024,,,,,,,,,,,,,,,,,,,,,,,,,,,,,,,,,,,,,,
14/12/2024,2353420-1,RELACIONES EXTERIORES,RESOLUCION MINISTERIAL,N¯ 0958-2024-RE,Autorizan viaje de funcionarios diplom†ticos a EE.UU. en comisi¢n de servicios,https://busquedas.elperuano.pe/dispositivo/NL/2353420-1,31/12/2024,,,,,,,,,,,,,,,,,,,,,,,,,,,,,,,,,,,,,,
14/12/2024,2353544-1,"VIVIENDA, CONSTRUCCI‡N Y SANEAMIENTO",RESOLUCION MINISTERIAL,N¯ 458-2024-VIVIENDA,Disponen la publicaci¢n del proyecto de Decreto Supremo que aprueba el Reglamento de la Ley N¯ 32041 Ley que dispone la implementaci¢n de los sistemas de gesti¢n de calidad (SGC) ISO 9000 ISO 9001 e ISO 9004 en las empresas prestadoras de servicios de saneamiento (EPS),https://busquedas.elperuano.pe/dispositivo/NL/2353544-1,31/12/2024,,,,,,,,,,,,,,,,,,,,,,,,,,,,,,,,,,,,,,
14/12/2024,2353549-1,"VIVIENDA, CONSTRUCCI‡N Y SANEAMIENTO",RESOLUCION MINISTERIAL,N¯ 459-2024-VIVIENDA,Disponen la publicaci¢n del proyecto de Decreto Supremo que modifica el Anexo II del Reglamento de Protecci¢n Ambiental para proyectos vinculados a las actividades de Vivienda Urbanismo Construcci¢n y Saneamiento,https://busquedas.elperuano.pe/dispositivo/NL/2353549-1,31/12/2024,,,,,,,,,,,,,,,,,,,,,,,,,,,,,,,,,,,,,,
14/12/2024,2353612-1,"VIVIENDA, CONSTRUCCI‡N Y SANEAMIENTO",RESOLUCION MINISTERIAL,N¯ 460-2024-VIVIENDA,Aprueban la CuadragÇsima octava convocatoria del a§o 2024 para el otorgamiento del Bono de Arrendamiento de Vivienda para Emergencias en atenci¢n al Decreto Supremo N¯ 130-2024-PCM,https://busquedas.elperuano.pe/dispositivo/NL/2353612-1,31/12/2024,,,,,,,,,,,,,,,,,,,,,,,,,,,,,,,,,,,,,,
14/12/2024,2353812-1,"VIVIENDA, CONSTRUCCI‡N Y SANEAMIENTO",RESOLUCION MINISTERIAL,N¯ 461-2024-VIVIENDA,Autorizan Transferencia Financiera a favor de la Entidad Prestadora de Servicio de Saneamiento Grau S.A.,https://busquedas.elperuano.pe/dispositivo/NL/2353812-1,31/12/2024,,,,,,,,,,,,,,,,,,,,,,,,,,,,,,,,,,,,,,
14/12/2024,2353994-1,SEGURO INTEGRAL DE SALUD,RESOLUCION JEFATURAL,N¯ 000193-2024-SIS/J,Aprueban la programaci¢n de pago del Beneficio Econ¢mico del Sepelio a nivel nacional correspondiente al Lote Setiembre 2024,https://busquedas.elperuano.pe/dispositivo/NL/2353994-1,31/12/2024,,,,,,,,,,,,,,,,,,,,,,,,,,,,,,,,,,,,,,
14/12/2024,2353081-1,SUPERINTENDENCIA NACIONAL DE BIENES ESTATALES,RESOLUCION,N¯ 0071-2024/SBN,Disponen incorporar a la base gr†fica tem†tica del SINABIP la L°nea de m†s Alta Marea - LAM y del l°mite de la franja ribere§a hasta 50 metros de ancho paralela a la LAM determinada e integrada por la DICAPI en el litoral costero de diversos distritos de las provincias de ChepÇn Pacasmayo Ascope Trujillo y Vir£ del departamento de La Libertad,https://busquedas.elperuano.pe/dispositivo/NL/2353081-1,31/12/2024,,,,,,,,,,,,,,,,,,,,,,,,,,,,,,,,,,,,,,
14/12/2024,2353229-1,ORGANISMO SUPERVISOR DE INVERSION PRIVADA EN TELECOMUNICACIONES,RESOLUCION,N¯ 00234-2024-CD/OSIPTEL,Aprueban Norma que modifica el Reglamento de Soluci¢n de Controversias entre Empresas,https://busquedas.elperuano.pe/dispositivo/NL/2353229-1,31/12/2024,,,,,,,,,,,,,,,,,,,,,,,,,,,,,,,,,,,,,,
14/12/2024,2353099-1,SUPERINTENDENCIA NACIONAL DE ADUANAS Y DE ADMINISTRACI‡N TRIBUTARIA,RESOLUCION,N¯ 000028-2024-SUNAT/300000,Resoluci¢n de Superintendencia Nacional Adjunta de Aduanas que aprueba facultad discrecional para no sancionar infracciones previstas en la Ley General de Aduanas relacionadas al nuevo proceso de inspecci¢n no intrusiva en la Intendencia de Aduana de Paita,https://busquedas.elperuano.pe/dispositivo/NL/2353099-1,31/12/2024,,,,,,,,,,,,,,,,,,,,,,,,,,,,,,,,,,,,,,
14/12/2024,2353600-1,SUPERINTENDENCIA NACIONAL DE SALUD,RESOLUCION,N¯ 231-2024-SUSALUD/S,Designan Intendente de la Intendencia de Fiscalizaci¢n y Sanci¢n de SUSALUD,https://busquedas.elperuano.pe/dispositivo/NL/2353600-1,31/12/2024,,,,,,,,,,,,,,,,,,,,,,,,,,,,,,,,,,,,,,
14/12/2024,2353607-1,SUPERINTENDENCIA NACIONAL DE SALUD,RESOLUCION,N¯ 233-2024-SUSALUD/S,Designan Superintendente Adjunto de la Superintendencia Adjunta de Regulaci¢n y Fiscalizaci¢n de SUSALUD,https://busquedas.elperuano.pe/dispositivo/NL/2353607-1,31/12/2024,,,,,,,,,,,,,,,,,,,,,,,,,,,,,,,,,,,,,,
14/12/2024,2353948-1,CONSEJO EJECUTIVO DEL PODER JUDICIAL,RESOLUCION ADMINISTRATIVA,N¯ 000434-2024-CE-PJ,Aprueban el fortalecimiento a nivel de infraestructura bienes servicios mobiliario y equipamiento del M¢dulo Corporativo Laboral a nivel de juzgados de la Corte Superior de Justicia de Arequipa; y dictan otras disposiciones,https://busquedas.elperuano.pe/dispositivo/NL/2353948-1,31/12/2024,,,,,,,,,,,,,,,,,,,,,,,,,,,,,,,,,,,,,,
14/12/2024,2354037-1,CONSEJO EJECUTIVO DEL PODER JUDICIAL,RESOLUCION ADMINISTRATIVA,N¯ 000435-2024-CE-PJ,Modifican el art°culo primero de la Resoluci¢n Administrativa N¯ 000369-2024-CE-PJ expedida por el Consejo Ejecutivo del Poder Judicial respecto de la competencia territorial de la Unidad Piloto de Flagrancia Delictiva de la Corte Superior de Justicia de San Mart°n,https://busquedas.elperuano.pe/dispositivo/NL/2354037-1,31/12/2024,,,,,,,,,,,,,,,,,,,,,,,,,,,,,,,,,,,,,,
14/12/2024,2339381-1,INSTITUCIONES EDUCATIVAS,RESOLUCION,N¯ CU-530-2024-UNSAAC,Conceden licencia con goce de haber a docente de la Universidad Nacional de San Antonio Abad del Cusco para asistir a misi¢n acadÇmica a llevarse a cabo en Estados Unidos de AmÇrica,https://busquedas.elperuano.pe/dispositivo/NL/2339381-1,31/12/2024,,,,,,,,,,,,,,,,,,,,,,,,,,,,,,,,,,,,,,
14/12/2024,2339820-1,INSTITUCIONES EDUCATIVAS,RESOLUCION,N¯ CU-526-2024-UNSAAC,Autorizan viaje de docente de la Universidad Nacional de San Antonio Abad del Cusco a EE.UU. en comisi¢n de servicios,https://busquedas.elperuano.pe/dispositivo/NL/2339820-1,31/12/2024,,,,,,,,,,,,,,,,,,,,,,,,,,,,,,,,,,,,,,
14/12/2024,2339821-1,INSTITUCIONES EDUCATIVAS,RESOLUCION,N¯ CU-531-2024-UNSAAC,Autorizan viaje de docente de la Universidad Nacional de San Antonio Abad del Cusco a Espa§a en comisi¢n de servicios,https://busquedas.elperuano.pe/dispositivo/NL/2339821-1,31/12/2024,,,,,,,,,,,,,,,,,,,,,,,,,,,,,,,,,,,,,,
14/12/2024,2343102-1,INSTITUCIONES EDUCATIVAS,RESOLUCION,N¯ CU-555-2024-UNSAAC,Conceden licencia a docentes de la Universidad Nacional de San Antonio Abad del Cusco para realizar pasant°a en Espa§a,https://busquedas.elperuano.pe/dispositivo/NL/2343102-1,31/12/2024,,,,,,,,,,,,,,,,,,,,,,,,,,,,,,,,,,,,,,
14/12/2024,2343490-1,INSTITUCIONES EDUCATIVAS,RESOLUCION,N¯ CU-568-2024-UNSAAC,Conceden licencia a docentes de la Universidad Nacional de San Antonio Abad del Cusco para participar en evento que se llevar† a cabo en Espa§a,https://busquedas.elperuano.pe/dispositivo/NL/2343490-1,31/12/2024,,,,,,,,,,,,,,,,,,,,,,,,,,,,,,,,,,,,,,
14/12/2024,2343500-1,INSTITUCIONES EDUCATIVAS,RESOLUCION,N¯ CU-571-2024-UNSAAC,Conceden licencia a docente y autorizan viaje de estudiantes de la Universidad Nacional de San Antonio Abad del Cusco para participar en concurso estudiantil que se realizar† en Espa§a,https://busquedas.elperuano.pe/dispositivo/NL/2343500-1,31/12/2024,,,,,,,,,,,,,,,,,,,,,,,,,,,,,,,,,,,,,,
14/12/2024,2352816-1,INSTITUCIONES EDUCATIVAS,RESOLUCION,N¯ 3919-2024-UNI,Otorgan duplicado de diploma de grado acadÇmico de bachiller en Ciencias con menci¢n en Ingenier°a Mec†nica en favor de egresado de la Universidad Nacional de Ingenier°a,https://busquedas.elperuano.pe/dispositivo/NL/2352816-1,31/12/2024,,,,,,,,,,,,,,,,,,,,,,,,,,,,,,,,,,,,,,
14/12/2024,2353906-1,MINISTERIO PUBLICO,RESOLUCION,N¯ 2832-2024-MP-FN,Designan fiscales como adscritas al Despacho de la Fiscal°a de la Naci¢n,https://busquedas.elperuano.pe/dispositivo/NL/2353906-1,31/12/2024,,,,,,,,,,,,,,,,,,,,,,,,,,,,,,,,,,,,,,
14/12/2024,2353906-2,MINISTERIO PUBLICO,RESOLUCION,N¯ 2833-2024-MP-FN,Nombran y designan fiscales en los Distritos Fiscales de Lima Centro y Hu†nuco,https://busquedas.elperuano.pe/dispositivo/NL/2353906-2,31/12/2024,,,,,,,,,,,,,,,,,,,,,,,,,,,,,,,,,,,,,,
14/12/2024,2353906-3,MINISTERIO PUBLICO,RESOLUCION,N¯ 2834-2024-MP-FN,Nombran fiscal adjunta provincial provisional del Distrito Fiscal de Lima Sur,https://busquedas.elperuano.pe/dispositivo/NL/2353906-3,31/12/2024,,,,,,,,,,,,,,,,,,,,,,,,,,,,,,,,,,,,,,
14/12/2024,2353906-4,MINISTERIO PUBLICO,RESOLUCION,N¯ 2835-2024-MP-FN,Aceptan renuncia de fiscal adjunto provincial provisional del Distrito Fiscal de Huancavelica,https://busquedas.elperuano.pe/dispositivo/NL/2353906-4,31/12/2024,,,,,,,,,,,,,,,,,,,,,,,,,,,,,,,,,,,,,,
14/12/2024,2353906-5,MINISTERIO PUBLICO,RESOLUCION,N¯ 2836-2024-MP-FN,Nombran fiscal adjunto provincial provisional del Distrito Fiscal de Cusco,https://busquedas.elperuano.pe/dispositivo/NL/2353906-5,31/12/2024,,,,,,,,,,,,,,,,,,,,,,,,,,,,,,,,,,,,,,
14/12/2024,2353906-6,MINISTERIO PUBLICO,RESOLUCION,N¯ 2837-2024-MP-FN,Aceptan renuncia de fiscal adjunta provincial provisional del Distrito Fiscal de Piura,https://busquedas.elperuano.pe/dispositivo/NL/2353906-6,31/12/2024,,,,,,,,,,,,,,,,,,,,,,,,,,,,,,,,,,,,,,
14/12/2024,2353906-7,MINISTERIO PUBLICO,RESOLUCION,N¯ 2838-2024-MP-FN,Nombran fiscal adjunto provincial provisional del Distrito Fiscal de Cajamarca,https://busquedas.elperuano.pe/dispositivo/NL/2353906-7,31/12/2024,,,,,,,,,,,,,,,,,,,,,,,,,,,,,,,,,,,,,,
14/12/2024,2354002-1,REGISTRO NACIONAL DE IDENTIFICACION Y ESTADO CIVIL,RESOLUCION JEFATURAL,N¯ 000189-2024/JNAC/RENIEC,Autorizan viaje de servidores a Rep£blica Dominicana en comisi¢n de servicios,https://busquedas.elperuano.pe/dispositivo/NL/2354002-1,31/12/2024,,,,,,,,,,,,,,,,,,,,,,,,,,,,,,,,,,,,,,
14/12/2024,2353008-1,GOBIERNO REGIONAL DE JUNIN,ORDENANZA,N¯ 405-2024-GRJ/CR,Ordenanza Regional que aprueba la Gu°a que previene la violencia de gÇnero en los servicios de salud sexual y reproductiva en la jurisdicci¢n del Gobierno Regional de Jun°n,https://busquedas.elperuano.pe/dispositivo/NL/2353008-1,31/12/2024,,,,,,,,,,,,,,,,,,,,,,,,,,,,,,,,,,,,,,
14/12/2024,2353011-1,GOBIERNO REGIONAL DE JUNIN,ORDENANZA,N¯ 406-2024-GRJ/CR,Ordenanza Regional que declara de interÇs regional el sistema de cuidados y reconoce el 29 de octubre como el D°a de los cuidados del trabajo domÇstico no remunerado la promoci¢n de la corresponsabilidad igualitaria para la prevenci¢n de la violencia de gÇnero,https://busquedas.elperuano.pe/dispositivo/NL/2353011-1,31/12/2024,,,,,,,,,,,,,,,,,,,,,,,,,,,,,,,,,,,,,,
14/12/2024,2306761-1,GOBIERNO REGIONAL DE MOQUEGUA,ORDENANZA,N¯ 002- 2024-CR/GRM,Ordenanza Regional que promueve la incorporaci¢n de la pol°tica intercultural; el uso preservaci¢n desarrollo recuperaci¢n fomento y difusi¢n de las lenguas ind°genas u originarias as° como la promoci¢n de la diversidad cultural para la prevenci¢n y sanci¢n del racismo y la discriminaci¢n Çtnico-racial en la Regi¢n de Moquegua,https://busquedas.elperuano.pe/dispositivo/NL/2306761-1,31/12/2024,,,,,,,,,,,,,,,,,,,,,,,,,,,,,,,,,,,,,,
14/12/2024,2323283-1,GOBIERNO REGIONAL DE MOQUEGUA,ORDENANZA,N¯ 006-2024-CR/GRM,Ordenanza que crea la Plataforma Regional Digital del Directorio de las Comunidades Campesinas de la Regi¢n Moquegua,https://busquedas.elperuano.pe/dispositivo/NL/2323283-1,31/12/2024,,,,,,,,,,,,,,,,,,,,,,,,,,,,,,,,,,,,,,
14/12/2024,2346433-1,GOBIERNO REGIONAL DE TACNA,RESOLUCION DIRECTORAL,N¯ 002607,Aprueban el Manual de Clasificador de Cargos (MCC) de la Direcci¢n Regional de Educaci¢n de Tacna y Unidades de Gesti¢n Educativa Local,https://busquedas.elperuano.pe/dispositivo/NL/2346433-1,31/12/2024,,,,,,,,,,,,,,,,,,,,,,,,,,,,,,,,,,,,,,
14/12/2024,2344152-1,GOBIERNO REGIONAL DE TUMBES,RESOLUCION DIRECTORAL,N¯ 036-2024 /GR-T-DREMT-DR,Publican Concesi¢n Minera de alcance regional cuyos t°tulos fueron aprobados en el mes de mayo del 2023 a setiembre 2024,https://busquedas.elperuano.pe/dispositivo/NL/2344152-1,31/12/2024,,,,,,,,,,,,,,,,,,,,,,,,,,,,,,,,,,,,,,
14/12/2024,2353418-1,MUNICIPALIDAD METROPOLITANA DE LIMA,DECRETO DE ALCALDIA,N¯ 020,Aprueban suspensi¢n temporal de ejecuci¢n de obras en propiedad privada y v°a p£blica en v°a p£blica y en propiedad p£blica en diversos sectores y dictan otras disposiciones,https://busquedas.elperuano.pe/dispositivo/NL/2353418-1,31/12/2024,,,,,,,,,,,,,,,,,,,,,,,,,,,,,,,,,,,,,,
14/12/2024,2352529-1,MUNICIPALIDAD METROPOLITANA DE LIMA,ORDENANZA,N¯ 2675,Ordenanza que modifica el plano de zonificaci¢n del distrito de San Borja aprobado por Ordenanza N¯ 1063,https://busquedas.elperuano.pe/dispositivo/NL/2352529-1,31/12/2024,,,,,,,,,,,,,,,,,,,,,,,,,,,,,,,,,,,,,,
14/12/2024,2350288-1,MUNICIPALIDAD DE BRE•A,Ordenanzas,N¯ 610-2024-MDB y Acuerdo N¯ 411,Ordenanza Municipal que establece la vigencia de los importes de los Arbitrios Municipales de Barrido de Calles Recolecci¢n de Residuos S¢lidos Parques y Jardines y Serenazgo aplicados al a§o 2024 con el reajuste de ÷ndice de Precios al Consumidor ? IPC para el periodo 2025 en la Municipalidad Distrital de Bre§a,https://epdoc2.elperuano.pe/EpPo/VistaDE.asp?Referencias=MjM1MDI4OC0xMjAyNDEyMTQ=,31/12/2024,,,,,,,,,,,,,,,,,,,,,,,,,,,,,,,,,,,,,,
14/12/2024,2353697-1,MUNICIPALIDAD DE COMAS,ORDENANZA,N¯ 709-2024/MDC,Ordenanza Municipal que declara de prioridad distrital la atenci¢n de la salud mental en la poblaci¢n en el distrito de Comas,https://busquedas.elperuano.pe/dispositivo/NL/2353697-1,31/12/2024,,,,,,,,,,,,,,,,,,,,,,,,,,,,,,,,,,,,,,
14/12/2024,2353821-1,MUNICIPALIDAD DE LA VICTORIA,ORDENANZA,N¯ 451/MLV,Ordenanza que establece beneficios para el pago de multas administrativas en estado ordinario y coactivo en el distrito de La Victoria,https://busquedas.elperuano.pe/dispositivo/NL/2353821-1,31/12/2024,,,,,,,,,,,,,,,,,,,,,,,,,,,,,,,,,,,,,,
14/12/2024,2350350-1,MUNICIPALIDAD DE PUENTE PIEDRA,ORDENANZA,N¯ 460-MDPP,Ordenanza que prorroga para el ejercicio fiscal 2025 la vigencia de la Ordenanza N¯ 419-MDPP Ordenanza que fija los montos por derecho de emisi¢n mecanizada de actualizaci¢n de valores determinaci¢n del impuesto predial y arbitrios municipales 2023 y su distribuci¢n a domicilio en el distrito de Puente Piedra,https://busquedas.elperuano.pe/dispositivo/NL/2350350-1,31/12/2024,,,,,,,,,,,,,,,,,,,,,,,,,,,,,,,,,,,,,,
14/12/2024,2352629-1,MUNICIPALIDAD DE PUNTA HERMOSA,Ordenanzas,N¯ 543-MDPH,Ordenanza que modifica de manera excepcional el plazo para la ejecuci¢n de obras civiles temporada verano 2024 -2025,https://epdoc2.elperuano.pe/EpPo/VistaDE.asp?Referencias=MjM1MjYyOS0xMjAyNDEyMTQ=,31/12/2024,,,,,,,,,,,,,,,,,,,,,,,,,,,,,,,,,,,,,,
14/12/2024,2351027-1,MUNICIPALIDAD DE SANTA MARIA DEL MAR,ORDENANZA,N¯ 019-2024-MDSMM,Ordenanza que fija el calendario tributario incentivos por pronto pago y pago m°nimo del impuesto predial correspondiente al ejercicio 2025,https://busquedas.elperuano.pe/dispositivo/NL/2351027-1,31/12/2024,,,,,,,,,,,,,,,,,,,,,,,,,,,,,,,,,,,,,,
14/12/2024,2351030-1,MUNICIPALIDAD DE SANTA MARIA DEL MAR,ORDENANZA,N¯ 018-2024-MDSMM,Ordenanza que prorroga para el ejercicio 2025 la vigencia de la Ordenanza N¯ 017-2023-MDSMM Ordenanza que establece el derecho de emisi¢n mecanizada de actualizaci¢n de valores de la declaraci¢n jurada liquidaci¢n del impuesto predial arbitrios municipales y distribuci¢n para el ejercicio 2025 en el distrito de Santa Maria del Mar,https://busquedas.elperuano.pe/dispositivo/NL/2351030-1,31/12/2024,,,,,,,,,,,,,,,,,,,,,,,,,,,,,,,,,,,,,,
14/12/2024,2351828-1,MUNICIPALIDAD DE VILLA MARIA DEL TRIUNFO,Decretos de Alcald°a,N¯ 07-2024-MDVMT,Prorrogan vigencia de la Ordenanza Nß 366-MDVMT que regula la expedici¢n de Constancia de Posesi¢n Actualizada dirigido a las organizaciones sociales y/o vecinales que estÇn incluidos en proyectos de factibilidad de servicios aprobados por empresas prestadoras de servicios en el distrito de Villa Mar°a del Triunfo,https://epdoc2.elperuano.pe/EpPo/VistaDE.asp?Referencias=MjM1MTgyOC0xMjAyNDEyMTQ=,31/12/2024,,,,,,,,,,,,,,,,,,,,,,,,,,,,,,,,,,,,,,
14/12/2024,2347530-1,MUNICIPALIDAD PROVINCIAL DE CA•ETE,ORDENANZA,N¯ 019-2024-MPC,Ordenanza que aprueba procedimiento de planeamiento integral con fines de anexi¢n al †rea urbana y asignaci¢n de zonificaci¢n de predio,https://busquedas.elperuano.pe/dispositivo/NL/2347530-1,31/12/2024,,,,,,,,,,,,,,,,,,,,,,,,,,,,,,,,,,,,,,
14/12/2024,2353699-1,MUNICIPALIDAD PROVINCIAL DE SECHURA,ORDENANZA,N¯ 005- 2024-MPS.,Ordenanza Municipal Sechurano premiamos tu puntualidad de pago por Impuesto Predial 2024,https://busquedas.elperuano.pe/dispositivo/NL/2353699-1,31/12/2024,,,,,,,,,,,,,,,,,,,,,,,,,,,,,,,,,,,,,,
14/12/2024,2346103-1,MUNICIPALIDAD PROVINCIAL DE CORONEL PORTILLO,RESOLUCION DE ALCALDIA,N¯ 000555-2024-MPCP/ALC,Autorizan viaje de alcaldesa y regidor a Azerbaiy†n en comisi¢n de servicios,https://busquedas.elperuano.pe/dispositivo/NL/2346103-1,31/12/2024,,,,,,,,,,,,,,,,,,,,,,,,,,,,,,,,,,,,,,
14/12/2024,2349089-1,MUNICIPALIDAD DE MI PERÈ,DECRETO DE ALCALDIA,N¯ 007-2024-MDMP,Aprueban el Programa de Vigilancia y Monitoreo de la Contaminaci¢n Sonora de la Municipalidad Distrital de Mi Per£ para el a§o 2025,https://busquedas.elperuano.pe/dispositivo/NL/2349089-1,31/12/2024,,,,,,,,,,,,,,,,,,,,,,,,,,,,,,,,,,,,,,
14/12/2024,2349071-1,MUNICIPALIDAD DE MI PERÈ,RESOLUCION DE ALCALDIA,N¯ 170-2024-MDMP,Aprueban el Estudio de Caracterizaci¢n de Residuos S¢lidos Municipales del distrito de Mi Per£ 2024,https://busquedas.elperuano.pe/dispositivo/NL/2349071-1,31/12/2024,,,,,,,,,,,,,,,,,,,,,,,,,,,,,,,,,,,,,,
13/12/2024,2353462-1,CONGRESO DE LA REPUBLICA,LEY,N¯ 32190,Ley que crea el Registro Ènico Consolidado de Personas Afectadas por Derrames o Fugas de Hidrocarburos,https://busquedas.elperuano.pe/dispositivo/NL/2353462-1,31/12/2024,,,,,,,,,,,,,,,,,,,,,,,,,,,,,,,,,,,,,,
13/12/2024,2353462-2,CONGRESO DE LA REPUBLICA,LEY,N¯ 32191,Ley que modifica el C¢digo de los Ni§os y Adolescentes aprobado mediante la Ley 27337 para incorporar la autorizaci¢n notarial de viaje de menor de edad por uno de los padres en caso de enfermedad estudios y olimpiadas acadÇmicas o competencias deportivas en el extranjero en representaci¢n del pa°s,https://busquedas.elperuano.pe/dispositivo/NL/2353462-2,31/12/2024,,,,,,,,,,,,,,,,,,,,,,,,,,,,,,,,,,,,,,
13/12/2024,2353285-1,COMERCIO EXTERIOR Y TURISMO,RESOLUCION VICE MINISTERIAL,N¯ 0048-2024-MINCETUR/VMT,Otorgan el reconocimiento como Pueblo con Encanto al Pueblo de Chacas ubicado en el distrito de Chacas provincia de Asunci¢n departamento de Ancash,https://busquedas.elperuano.pe/dispositivo/NL/2353285-1,31/12/2024,,,,,,,,,,,,,,,,,,,,,,,,,,,,,,,,,,,,,,
13/12/2024,2352544-1,CULTURA,RESOLUCION DIRECTORAL,N¯ 000216-2024-DGPA-VMPCIC/MC,Determinan la Protecci¢n Provisional del Sitio Arqueol¢gico Chepeconde F ubicado en el distrito de Cerro Azul provincia de Ca§ete departamento de Lima,https://busquedas.elperuano.pe/dispositivo/NL/2352544-1,31/12/2024,,,,,,,,,,,,,,,,,,,,,,,,,,,,,,,,,,,,,,
13/12/2024,2352551-1,CULTURA,RESOLUCION DIRECTORAL,N¯ 000214-2024-DGPA-VMPCIC-MC,Determinan la Protecci¢n Provisional del Sitio Arqueol¢gico Huaca Acosta 1 ubicados en el distrito provincia y departamento de Lambayeque,https://busquedas.elperuano.pe/dispositivo/NL/2352551-1,31/12/2024,,,,,,,,,,,,,,,,,,,,,,,,,,,,,,,,,,,,,,
13/12/2024,2353094-1,DEFENSA,RESOLUCION DIRECTORAL,N¯ 964-2024 MGP/DICAPI,Aprueban los Lineamientos para la inspecci¢n y el mantenimiento de las tapas de escotilla de los buques graneleros de Bandera Peruana,https://busquedas.elperuano.pe/dispositivo/NL/2353094-1,31/12/2024,,,,,,,,,,,,,,,,,,,,,,,,,,,,,,,,,,,,,,
13/12/2024,2353095-1,DEFENSA,RESOLUCION DIRECTORAL,N¯ 944-2024 MGP/DICAPI,Aprueban los lineamientos para la implementaci¢n de la Regla 3-1 del Cap°tulo XI-1 del Convenio Internacional para la Seguridad de la Vida Humana en el Mar (SOLAS 74) para la asignaci¢n de un n£mero de OMI a las compa§°as y propietarios de los buques de bandera nacional inscritos existentes y nuevos para su identificaci¢n a nivel internacional,https://busquedas.elperuano.pe/dispositivo/NL/2353095-1,31/12/2024,,,,,,,,,,,,,,,,,,,,,,,,,,,,,,,,,,,,,,
13/12/2024,2353360-1,DEFENSA,RESOLUCION DIRECTORAL,N¯ 988-2024 MGP/DICAPI,Aprueban incorporar a las normas nacionales las enmiendas del C¢digo Internacional para la Construcci¢n y el Equipo de Buques que Transporten Gases Licuados a Granel (C¢digo CIG) emitidas por el ComitÇ de Seguridad Mar°tima de la Organizaci¢n Mar°tima Internacional - OMI las cuales ser†n de aplicaci¢n a las naves de bandera nacional y extranjera que operen en el dominio mar°timo del Estado peruano; y dictan otras disposiciones,https://busquedas.elperuano.pe/dispositivo/NL/2353360-1,31/12/2024,,,,,,,,,,,,,,,,,,,,,,,,,,,,,,,,,,,,,,
13/12/2024,2353448-1,DEFENSA,RESOLUCION MINISTERIAL,N¯ 01721-2024-DE,Modifican el art°culo 2 de la Resoluci¢n Ministerial N¯ 00419-2023-DE en el extremo referido al valor final de los pasajes aÇreos autorizados,https://busquedas.elperuano.pe/dispositivo/NL/2353448-1,31/12/2024,,,,,,,,,,,,,,,,,,,,,,,,,,,,,,,,,,,,,,
13/12/2024,2352712-1,DESARROLLO E INCLUSI‡N SOCIAL,RESOLUCION MINISTERIAL,N¯ D000195-2024-MIDIS,Crean el Grupo de Trabajo Multisectorial de naturaleza temporal con el objeto de proponer una Agenda Social Territorial (informe tÇcnico) que contenga medidas e intervenciones destinadas a promover el desarrollo e inclusi¢n social con enfoque territorial en el distrito de Corani provincia de Carabaya departamento de Puno,https://busquedas.elperuano.pe/dispositivo/NL/2352712-1,31/12/2024,,,,,,,,,,,,,,,,,,,,,,,,,,,,,,,,,,,,,,
13/12/2024,2353927-1,EDUCACION,RESOLUCION VICE MINISTERIAL,N¯ 148-2024-MINEDU,Constituyen la Comisi¢n Organizadora de la Universidad Nacional Aut¢noma de Cutervo,https://busquedas.elperuano.pe/dispositivo/NL/2353927-1,31/12/2024,,,,,,,,,,,,,,,,,,,,,,,,,,,,,,,,,,,,,,
13/12/2024,2353363-1,JUSTICIA Y DERECHOS HUMANOS,RESOLUCION DIRECTORAL,N¯ 105-2024-JUS/DGTAIPD,Aprueban el Lineamiento para la elaboraci¢n del Informe anual sobre solicitudes de acceso a la informaci¢n p£blica y el nivel de cumplimiento en la actualizaci¢n de la informaci¢n p£blica en los Portales de transparencia est†ndar - A§o 2024,https://busquedas.elperuano.pe/dispositivo/NL/2353363-1,31/12/2024,,,,,,,,,,,,,,,,,,,,,,,,,,,,,,,,,,,,,,
13/12/2024,2353222-1,JUSTICIA Y DERECHOS HUMANOS,RESOLUCION MINISTERIAL,N¯ 0316-2024-JUS,Designan Directora de Promoci¢n de la Justicia y Fortalecimiento de la Pr†ctica Jur°dica de la Direcci¢n General de Justicia y Libertad Religiosa,https://busquedas.elperuano.pe/dispositivo/NL/2353222-1,31/12/2024,,,,,,,,,,,,,,,,,,,,,,,,,,,,,,,,,,,,,,
13/12/2024,2353051-1,MUJER Y POBLACIONES VULNERABLES,RESOLUCION MINISTERIAL,N¯ 372-2024-MIMP,Aprueban Lineamientos para la recepci¢n custodia y distribuci¢n de los recursos generados por el 1% de la venta bruta de los juegos de loter°as y similares organizados por las Sociedades de Beneficencia,https://busquedas.elperuano.pe/dispositivo/NL/2353051-1,31/12/2024,,,,,,,,,,,,,,,,,,,,,,,,,,,,,,,,,,,,,,
13/12/2024,2353052-1,MUJER Y POBLACIONES VULNERABLES,RESOLUCION MINISTERIAL,N¯ 373-2024-MIMP,Disponen la publicaci¢n del proyecto de Estrategia para la adecuada implementaci¢n del sistema de apoyos y salvaguardias para el ejercicio de la capacidad jur°dica de las personas con discapacidad,https://busquedas.elperuano.pe/dispositivo/NL/2353052-1,31/12/2024,,,,,,,,,,,,,,,,,,,,,,,,,,,,,,,,,,,,,,
13/12/2024,2353315-1,PRODUCE,RESOLUCION,N¯ 000212-2024-ITP/DE,Aprueban la versi¢n N¯ 02 de la Directiva N¯ 03-2019-ITP/DE denominada Directiva de procedimiento para la aprobaci¢n ejecuci¢n seguimiento y evaluaci¢n de los Convenios de Desempe§o,https://busquedas.elperuano.pe/dispositivo/NL/2353315-1,31/12/2024,,,,,,,,,,,,,,,,,,,,,,,,,,,,,,,,,,,,,,
13/12/2024,2353308-1,PRODUCE,RESOLUCION MINISTERIAL,N¯ 000483-2024-PRODUCE,Designan Directora de la Direcci¢n de Vigilancia y Control de la Direcci¢n General de Supervisi¢n Fiscalizaci¢n y Sanci¢n del Despacho Viceministerial de Pesca y Acuicultura,https://busquedas.elperuano.pe/dispositivo/NL/2353308-1,31/12/2024,,,,,,,,,,,,,,,,,,,,,,,,,,,,,,,,,,,,,,
13/12/2024,2352736-1,TRANSPORTES Y COMUNICACIONES,RESOLUCION MINISTERIAL,N¯ 730-2024-MTC/01.03,Otorgan a la empresa AR TELCOM PERU S.A.C. Concesi¢n Ènica para la prestaci¢n de servicios p£blicos de telecomunicaciones en †rea que comprende todo el territorio de la Rep£blica,https://busquedas.elperuano.pe/dispositivo/NL/2352736-1,31/12/2024,,,,,,,,,,,,,,,,,,,,,,,,,,,,,,,,,,,,,,
13/12/2024,2352746-1,TRANSPORTES Y COMUNICACIONES,RESOLUCION MINISTERIAL,N¯ 731-2024-MTC/01.03,Otorgan a la empresa FIBERGLASS GROUP MC S.A.C. Concesi¢n Ènica para la prestaci¢n de servicios p£blicos de telecomunicaciones en †rea que comprende todo el territorio de la Rep£blica,https://busquedas.elperuano.pe/dispositivo/NL/2352746-1,31/12/2024,,,,,,,,,,,,,,,,,,,,,,,,,,,,,,,,,,,,,,
13/12/2024,2352796-1,TRANSPORTES Y COMUNICACIONES,RESOLUCION MINISTERIAL,N¯ 732-2024-MTC/01.02,Aprueban ejecuci¢n de la expropiaci¢n de †rea afectada de bienes inmuebles para la ejecuci¢n de la obra: Aeropuerto Cadete FAP Guillermo del Castillo Paredes ubicado en el departamento de San Mart°n y el valor de la tasaci¢n,https://busquedas.elperuano.pe/dispositivo/NL/2352796-1,31/12/2024,,,,,,,,,,,,,,,,,,,,,,,,,,,,,,,,,,,,,,
13/12/2024,2352822-1,TRANSPORTES Y COMUNICACIONES,RESOLUCION MINISTERIAL,N¯ 733-2024-MTC/01.02,Aprueban ejecuci¢n de expropiaci¢n de †rea afectada de bienes inmuebles para ejecuci¢n de la obra: Aeropuerto Cadete FAP Guillermo del Castillo Paredes ubicado en el departamento de San Mart°n y el valor de la tasaci¢n,https://busquedas.elperuano.pe/dispositivo/NL/2352822-1,31/12/2024,,,,,,,,,,,,,,,,,,,,,,,,,,,,,,,,,,,,,,
13/12/2024,2353158-1,SEGURO INTEGRAL DE SALUD,RESOLUCION JEFATURAL,N¯ 000191-2024-SIS/J,Aprueban transferencia a favor de diversas unidades ejecutoras para el financiamiento de prestaciones administrativas (traslados casas maternas y procedimientos tercerizados) en mÇrito a los convenios y adendas suscritos,https://busquedas.elperuano.pe/dispositivo/NL/2353158-1,31/12/2024,,,,,,,,,,,,,,,,,,,,,,,,,,,,,,,,,,,,,,
13/12/2024,2353163-1,SEGURO INTEGRAL DE SALUD,RESOLUCION JEFATURAL,N¯ 000192-2024-SIS/J,Aprueban la programaci¢n de pago del Beneficio Econ¢mico del Sepelio a nivel nacional correspondiente al Lote agosto 2024,https://busquedas.elperuano.pe/dispositivo/NL/2353163-1,31/12/2024,,,,,,,,,,,,,,,,,,,,,,,,,,,,,,,,,,,,,,
13/12/2024,2352624-1,ORGANISMO SUPERVISOR DE LA INVERSI‡N EN ENERG÷A Y MINER÷A,RESOLUCION,N¯ 198-2024-OS/CD,Resoluci¢n de Consejo Directivo que resuelve el recurso de reconsideraci¢n interpuesto por Consorcio ElÇctrico Villacur° S.A.C. contra la Resoluci¢n N¯ 172-2024-OS/CD mediante la cual se fijaron las tarifas por el uso del SCTLN L°nea de Transmisi¢n en 220 kV Felam - Tierras Nuevas y subestaciones asociadas,https://busquedas.elperuano.pe/dispositivo/NL/2352624-1,31/12/2024,,,,,,,,,,,,,,,,,,,,,,,,,,,,,,,,,,,,,,
13/12/2024,2352627-1,ORGANISMO SUPERVISOR DE LA INVERSI‡N EN ENERG÷A Y MINER÷A,RESOLUCION,N¯ 199-2024-OS/CD,Resoluci¢n de Consejo Directivo que resuelve el recurso de reconsideraci¢n interpuesto por Electronorte S.A. contra la Resoluci¢n N¯ 172-2024-OS/CD mediante la cual se fijaron las tarifas por el uso del SCTLN L°nea de Transmisi¢n en 220 kV Felam - Tierras Nuevas y subestaciones asociadas,https://busquedas.elperuano.pe/dispositivo/NL/2352627-1,31/12/2024,,,,,,,,,,,,,,,,,,,,,,,,,,,,,,,,,,,,,,
13/12/2024,2352630-1,ORGANISMO SUPERVISOR DE LA INVERSI‡N EN ENERG÷A Y MINER÷A,RESOLUCION,N¯ 200-2024-OS/CD,Resoluci¢n de Consejo Directivo que resuelve los recursos de reconsideraci¢n interpuestos por las empresas: Agrolmos S.A. Danper Agr°cola Olmos S.A.C. Agr°cola Ayala S.A. contra la Resoluci¢n N¯ 172-2024-OS/CD mediante la cual se fijaron las tarifas por el uso del SCTLN L°nea de Transmisi¢n en 220 kV Felam - Tierras Nuevas y subestaciones asociadas,https://busquedas.elperuano.pe/dispositivo/NL/2352630-1,31/12/2024,,,,,,,,,,,,,,,,,,,,,,,,,,,,,,,,,,,,,,
13/12/2024,2352632-1,ORGANISMO SUPERVISOR DE LA INVERSI‡N EN ENERG÷A Y MINER÷A,RESOLUCION,N¯ 201-2024-OS/CD,Resoluci¢n de Consejo Directivo que declara improcedente el recurso de reconsideraci¢n interpuesto por Chimu Agropecuaria S.A. mediante la cual se fijaron las tarifas por el uso del SCTLN L°nea de Transmisi¢n en 220 kV Felam - Tierras Nuevas y subestaciones asociadas,https://busquedas.elperuano.pe/dispositivo/NL/2352632-1,31/12/2024,,,,,,,,,,,,,,,,,,,,,,,,,,,,,,,,,,,,,,
13/12/2024,2352639-1,ORGANISMO SUPERVISOR DE LA INVERSI‡N EN ENERG÷A Y MINER÷A,RESOLUCION,N¯ 202-2024-OS/CD,Resoluci¢n de Consejo Directivo que resuelve el recurso de reconsideraci¢n interpuesto por el Frente Unitario de los Pueblos del Per£ (FUPP) contra la Resoluci¢n N¯ 172-2024-OS/CD mediante la cual se fijaron las tarifas por el uso del Sistema Complementario de Transmisi¢n de Libre Negociaci¢n L°nea de Transmisi¢n en 220 kV Felam - Tierras Nuevas y subestaciones asociadas de Consorcio ElÇctrico de Villacur° S.A.C.,https://busquedas.elperuano.pe/dispositivo/NL/2352639-1,31/12/2024,,,,,,,,,,,,,,,,,,,,,,,,,,,,,,,,,,,,,,
13/12/2024,2352649-1,ORGANISMO SUPERVISOR DE LA INVERSI‡N EN ENERG÷A Y MINER÷A,RESOLUCION,N¯ 203-2024-OS/CD,Resoluci¢n de Consejo Directivo que modifica la Resoluci¢n N¯ 172-2024-OS/CD mediante la cual se fijaron las tarifas por el uso del Sistema Complementario de Transmisi¢n de Libre Negociaci¢n L°nea de Transmisi¢n en 220 kV Felam - Tierras Nuevas y subestaciones asociadas,https://busquedas.elperuano.pe/dispositivo/NL/2352649-1,31/12/2024,,,,,,,,,,,,,,,,,,,,,,,,,,,,,,,,,,,,,,
13/12/2024,2352658-1,ORGANISMO SUPERVISOR DE LA INVERSI‡N EN ENERG÷A Y MINER÷A,RESOLUCION,N¯ 204-2024-OS/CD,Resoluci¢n que resuelve el recurso de reconsideraci¢n interpuesto por Electrosur S.A. contra la Resoluci¢n N¯ 175-2024-OS/CD,https://busquedas.elperuano.pe/dispositivo/NL/2352658-1,31/12/2024,,,,,,,,,,,,,,,,,,,,,,,,,,,,,,,,,,,,,,
13/12/2024,2352662-1,ORGANISMO SUPERVISOR DE LA INVERSI‡N EN ENERG÷A Y MINER÷A,RESOLUCION,N¯ 205-2024-OS/CD,Resoluci¢n que resuelve el recurso de reconsideraci¢n interpuesto por Hidrandina S.A. contra la Resoluci¢n N¯ 175-2024-OS/CD,https://busquedas.elperuano.pe/dispositivo/NL/2352662-1,31/12/2024,,,,,,,,,,,,,,,,,,,,,,,,,,,,,,,,,,,,,,
13/12/2024,2353746-1,AUTORIDAD PORTUARIA NACIONAL,RESOLUCION,N¯ 0098-2024-APN-DIR,Delegan facultades y atribuciones en diversos ¢rganos de la Autoridad Portuaria Nacional - APN durante el A§o Fiscal 2025,https://busquedas.elperuano.pe/dispositivo/NL/2353746-1,31/12/2024,,,,,,,,,,,,,,,,,,,,,,,,,,,,,,,,,,,,,,
13/12/2024,2353770-1,AUTORIDAD PORTUARIA NACIONAL,RESOLUCION,N¯ 0097-2024-APN-DIR,Otorgan la Habilitaci¢n Portuaria para Mejoras Operacionales en el Terminal Portuario Multiboyas N¯ 03 de la Refiner°a La Pampilla S.A.A. ubicada en la Provincia Constitucional del Callao,https://busquedas.elperuano.pe/dispositivo/NL/2353770-1,31/12/2024,,,,,,,,,,,,,,,,,,,,,,,,,,,,,,,,,,,,,,
13/12/2024,2353001-1,"CONSEJO NACIONAL DE CIENCIA, TECNOLOG÷A E INNOVACI‡N TECNOL‡GICA",RESOLUCION,N¯ 161-2024-CONCYTEC-P,Aprueban transferencias financieras a entidades p£blicas y el otorgamiento de subvenciones a personas jur°dicas privadas,https://busquedas.elperuano.pe/dispositivo/NL/2353001-1,31/12/2024,,,,,,,,,,,,,,,,,,,,,,,,,,,,,,,,,,,,,,
13/12/2024,2353364-1,"CONSEJO SUPERIOR DEL SISTEMA NACIONAL DE EVALUACION, ACREDITACION Y CERTIFICACION DE LA CALIDAD EDUCATIVA",RESOLUCION,N¯ 000105-2024-SINEACE/COSUSINEACE-P,Designan Jefe de la Oficina de Asesor°a Jur°dica del Sistema Nacional de Evaluaci¢n Acreditaci¢n y Certificaci¢n de la Calidad Educativa (Sineace),https://busquedas.elperuano.pe/dispositivo/NL/2353364-1,31/12/2024,,,,,,,,,,,,,,,,,,,,,,,,,,,,,,,,,,,,,,
13/12/2024,2353370-1,"CONSEJO SUPERIOR DEL SISTEMA NACIONAL DE EVALUACION, ACREDITACION Y CERTIFICACION DE LA CALIDAD EDUCATIVA",RESOLUCION,N¯ 000106-2024-SINEACE/COSUSINEACE-P,Designan Asesor del Consejo de Evaluaci¢n Acreditaci¢n y Certificaci¢n de la Calidad de la Educaci¢n Universitaria ? Coneau,https://busquedas.elperuano.pe/dispositivo/NL/2353370-1,31/12/2024,,,,,,,,,,,,,,,,,,,,,,,,,,,,,,,,,,,,,,
13/12/2024,2353106-1,SUPERINTENDENCIA DEL MERCADO DE VALORES,FE DE ERRATA,Res. N¯ 012-2024-SMV/01,FE DE ERRATA,https://busquedas.elperuano.pe/dispositivo/NL/2353106-1,31/12/2024,,,,,,,,,,,,,,,,,,,,,,,,,,,,,,,,,,,,,,
13/12/2024,2353096-1,SUPERINTENDENCIA NACIONAL DE SALUD,RESOLUCION,N¯ 229-2024-SUSALUD/S,Modifican el Reglamento para la Recolecci¢n Transferencia y Difusi¢n de Informaci¢n de las Prestaciones de Salud generadas por las Instituciones Prestadoras de Servicio de Salud (IPRESS) y por las Unidades de Gesti¢n de IPRESS (UGIPRESS) y establecen otras disposiciones,https://busquedas.elperuano.pe/dispositivo/NL/2353096-1,31/12/2024,,,,,,,,,,,,,,,,,,,,,,,,,,,,,,,,,,,,,,
13/12/2024,2353330-1,CONSEJO EJECUTIVO DEL PODER JUDICIAL,RESOLUCION ADMINISTRATIVA,N¯ 000428-2024-CE-PJ,Disponen medidas administrativas en el Distrito Judicial de Loreto y dictan otras disposiciones,https://busquedas.elperuano.pe/dispositivo/NL/2353330-1,31/12/2024,,,,,,,,,,,,,,,,,,,,,,,,,,,,,,,,,,,,,,
13/12/2024,2353339-1,CONSEJO EJECUTIVO DEL PODER JUDICIAL,RESOLUCION ADMINISTRATIVA,N¯ 000429-2024-CE-PJ,Precisan que los actos de hostilidad a los que se hace referencia en el numeral 7) del art°culo 1 de la Ley Nß 29497 Nueva Ley Procesal del Trabajo modificada por la Ley Nß 32155 comprende todos los se§alados en el art°culo 30 del Texto Ènico Ordenado del Decreto Legislativo Nß 728 Ley de Productividad y Competitividad Laboral aprobado por el Decreto Supremo N.ß 003-97-TR incluidos los actos de acoso moral y hostigamiento sexual,https://busquedas.elperuano.pe/dispositivo/NL/2353339-1,31/12/2024,,,,,,,,,,,,,,,,,,,,,,,,,,,,,,,,,,,,,,
13/12/2024,2353343-1,CONSEJO EJECUTIVO DEL PODER JUDICIAL,RESOLUCION ADMINISTRATIVA,N¯ 000430-2024-CE-PJ,Aprueban la implementaci¢n del M¢dulo Corporativo Laboral ? Decreto Supremo N¯ 011-2019-JUS a nivel de Juzgados de Trabajo en la Corte Superior de Justicia de Cajamarca; y dictan otras disposiciones,https://busquedas.elperuano.pe/dispositivo/NL/2353343-1,31/12/2024,,,,,,,,,,,,,,,,,,,,,,,,,,,,,,,,,,,,,,
13/12/2024,2353344-1,CONSEJO EJECUTIVO DEL PODER JUDICIAL,RESOLUCION ADMINISTRATIVA,N¯ 000431-2024-CE-PJ,Aprueban los Est†ndares y Metas de Producci¢n para los integrantes de los Equipos Multidisciplinarios que se encuentran bajo el †mbito de acci¢n del Programa Presupuestal 0067 Celeridad en los Procesos Judiciales de Familia,https://busquedas.elperuano.pe/dispositivo/NL/2353344-1,31/12/2024,,,,,,,,,,,,,,,,,,,,,,,,,,,,,,,,,,,,,,
13/12/2024,2353347-1,CONSEJO EJECUTIVO DEL PODER JUDICIAL,RESOLUCION ADMINISTRATIVA,N¯ 000147-2024-P-CE-PJ,Aceptan renuncia de Juez Especializado titular del Segundo Juzgado Civil de Arequipa Distrito Judicial de Arequipa,https://busquedas.elperuano.pe/dispositivo/NL/2353347-1,31/12/2024,,,,,,,,,,,,,,,,,,,,,,,,,,,,,,,,,,,,,,
13/12/2024,2353355-1,CONSEJO EJECUTIVO DEL PODER JUDICIAL,RESOLUCION ADMINISTRATIVA,N¯ 000150-2024-P-CE-PJ,Disponen en v°a de regularizaci¢n el cese por fallecimiento de Juez Superior titular de la Corte Superior de Justicia de Lima Este,https://busquedas.elperuano.pe/dispositivo/NL/2353355-1,31/12/2024,,,,,,,,,,,,,,,,,,,,,,,,,,,,,,,,,,,,,,
13/12/2024,2350923-1,BANCO CENTRAL DE RESERVA,RESOLUCION,N¯ 0064-2024-BCRP-N,Autorizan misi¢n en el exterior de funcionario del BCRP para participar en evento a realizarse en Colombia,https://busquedas.elperuano.pe/dispositivo/NL/2350923-1,31/12/2024,,,,,,,,,,,,,,,,,,,,,,,,,,,,,,,,,,,,,,
13/12/2024,2353273-1,CONTRALORIA GENERAL DE LA REPUBLICA,RESOLUCION,N¯ 721-2024-CG,Designan Jefes de ‡rganos de Control Institucional del Gobierno Regional Piura y de la Universidad Nacional de Piura,https://busquedas.elperuano.pe/dispositivo/NL/2353273-1,31/12/2024,,,,,,,,,,,,,,,,,,,,,,,,,,,,,,,,,,,,,,
13/12/2024,2336062-1,INSTITUCIONES EDUCATIVAS,RESOLUCION,N¯ CU-509-2024-UNSAAC,Conceden licencia a docentes de la Universidad Nacional de San Antonio Abad del Cusco con el fin de que participen en evento a realizarse en Colombia,https://busquedas.elperuano.pe/dispositivo/NL/2336062-1,31/12/2024,,,,,,,,,,,,,,,,,,,,,,,,,,,,,,,,,,,,,,
13/12/2024,2353017-1,INSTITUCIONES EDUCATIVAS,RESOLUCION,N¯ 4401-2024-UNSCH-CU,Autorizan viaje del Rector de la Universidad Nacional de San Crist¢bal de Huamanga y de Directora de la Oficina de Cooperaci¢n y Relaciones Internacionales para participar en evento a realizarse en Espa§a,https://busquedas.elperuano.pe/dispositivo/NL/2353017-1,31/12/2024,,,,,,,,,,,,,,,,,,,,,,,,,,,,,,,,,,,,,,
13/12/2024,2353100-1,JURADO NACIONAL DE ELECCIONES,RESOLUCION,N¯ 0404-2024-JNE,Declaran nulo lo actuado a partir del acto de la notificaci¢n del Acuerdo de Concejo Nß 22-2023/MDCH del Concejo Distrital de Chaclacayo provincia y departamento de Lima,https://busquedas.elperuano.pe/dispositivo/NL/2353100-1,31/12/2024,,,,,,,,,,,,,,,,,,,,,,,,,,,,,,,,,,,,,,
13/12/2024,2353104-1,JURADO NACIONAL DE ELECCIONES,RESOLUCION,N¯ 0411-2024-JNE,Convocan a ciudadanos para que asuman provisionalmente cargos de alcalde y regidora de la Municipalidad Distrital de La Uni¢n provincia y departamento de Piura,https://busquedas.elperuano.pe/dispositivo/NL/2353104-1,31/12/2024,,,,,,,,,,,,,,,,,,,,,,,,,,,,,,,,,,,,,,
13/12/2024,2353432-1,MINISTERIO PUBLICO,RESOLUCION,N¯ 2824-2024-MP-FN,Dejan sin efecto el art°culo primero de la Resoluci¢n de la Fiscal°a de la Naci¢n N¯ 1313-2022-MP-FN en el extremo que se§ala que el Equipo Especial de Fiscales contra la corrupci¢n del poder se encontrar† a cargo de un fiscal superior coordinador; y dictan otras disposiciones,https://busquedas.elperuano.pe/dispositivo/NL/2353432-1,31/12/2024,,,,,,,,,,,,,,,,,,,,,,,,,,,,,,,,,,,,,,
13/12/2024,2353162-1,"SUPERINTENDENCIA DE BANCA, SEGUROS Y ADMINISTRADORAS PRIVADAS DE FONDOS DE PENSIONES",RESOLUCION,SBS N¯ 04243-2024,Aprueban la Central de Informaci¢n de seguros de cauci¢n y fianzas emitidas por las empresas de seguros,https://busquedas.elperuano.pe/dispositivo/NL/2353162-1,31/12/2024,,,,,,,,,,,,,,,,,,,,,,,,,,,,,,,,,,,,,,
13/12/2024,2352240-1,GOBIERNO REGIONAL DE AYACUCHO,DECRETO,N¯ 0008-2024-GRA/GR,Modifican el Decreto N¯ 004-2024-GRA/GR en lo referente al lugar donde se realizar† la Segunda Audiencia P£blica Regional de Rendici¢n de Cuentas del A§o Fiscal 2024,https://busquedas.elperuano.pe/dispositivo/NL/2352240-1,31/12/2024,,,,,,,,,,,,,,,,,,,,,,,,,,,,,,,,,,,,,,
13/12/2024,2341404-1,GOBIERNO REGIONAL DE HUANCAVELICA,ORDENANZA,N¯ 536-GOB.REG-HVCA/CR,Aprueban el Plan EstratÇgico Regional de Desarrollo Artesanal (PERDAR) Huancavelica 2022 - 2023,https://busquedas.elperuano.pe/dispositivo/NL/2341404-1,31/12/2024,,,,,,,,,,,,,,,,,,,,,,,,,,,,,,,,,,,,,,
13/12/2024,2351281-1,MUNICIPALIDAD DE BARRANCO,Decretos de Alcald°a,N¯ 019-2024-MDB.,Aprueban n£mero m†ximo y especificaciones tÇcnicas de kioscos que se ubicar†n en las plataformas de las playas del distrito de Barranco para desarrollar comercio ambulatorio,https://epdoc2.elperuano.pe/EpPo/VistaDE.asp?Referencias=MjM1MTI4MS0xMjAyNDEyMTM=,31/12/2024,,,,,,,,,,,,,,,,,,,,,,,,,,,,,,,,,,,,,,
13/12/2024,2351588-1,MUNICIPALIDAD DE CHORRILLOS,Ordenanzas,N¯ 494-MDCH y Acuerdo N¯ 441,Ordenanza que establece el RÇgimen Tributario de los Arbitrios Municipales de Barrido de Calles Recolecci¢n de Residuos S¢lidos Parques y Jardines y Serenazgo para el Ejercicio Fiscal 2025 en el distrito de Chorrillos,https://epdoc2.elperuano.pe/EpPo/VistaDE.asp?Referencias=MjM1MTU4OC0xMjAyNDEyMTM=,31/12/2024,,,,,,,,,,,,,,,,,,,,,,,,,,,,,,,,,,,,,,
13/12/2024,2352905-1,MUNICIPALIDAD DE CHORRILLOS,Ordenanzas,N¯ 499-MDCH,Ordenanza que establece disposiciones para la disminuci¢n progresiva del pl†stico de un solo uso y los recipientes o envases descartables en el distrito de Chorrillos,https://epdoc2.elperuano.pe/EpPo/VistaDE.asp?Referencias=MjM1MjkwNS0xMjAyNDEyMTM=,31/12/2024,,,,,,,,,,,,,,,,,,,,,,,,,,,,,,,,,,,,,,
13/12/2024,2341738-1,MUNICIPALIDAD DE PUCUSANA,Ordenanzas,N¯ 366-2024/MDP,Aprueban modificaci¢n de los miembros que conforman el ComitÇ Distrital de Salud de Pucusana (CDS),https://epdoc2.elperuano.pe/EpPo/VistaDE.asp?Referencias=MjM0MTczOC0xMjAyNDEyMTM=,31/12/2024,,,,,,,,,,,,,,,,,,,,,,,,,,,,,,,,,,,,,,
13/12/2024,2350227-1,MUNICIPALIDAD DE PUNTA NEGRA,Ordenanzas,N¯ 032-2024/MDPN,Ordenanza Municipal que regula la autorizaci¢n de comercio ambulatorio en zonas p£blicas del distrito de Punta Negra,https://epdoc2.elperuano.pe/EpPo/VistaDE.asp?Referencias=MjM1MDIyNy0xMjAyNDEyMTM=,31/12/2024,,,,,,,,,,,,,,,,,,,,,,,,,,,,,,,,,,,,,,
13/12/2024,2351966-1,MUNICIPALIDAD DE CARMEN DE LA LEGUA REYNOSO,Ordenanzas,N¯ 010-2024-MDCLR,Ordenanza que aprueba la creaci¢n del ComitÇ Distrital de Salud de Carmen de la Legua Reynoso,https://epdoc2.elperuano.pe/EpPo/VistaDE.asp?Referencias=MjM1MTk2Ni0xMjAyNDEyMTM=,31/12/2024,,,,,,,,,,,,,,,,,,,,,,,,,,,,,,,,,,,,,,
12/12/2024,2352090-1,CULTURA,RESOLUCION DIRECTORAL,N¯ 000210-2024-DGPA-VMPCIC/MC,Determinan la Protecci¢n Provisional del Paisaje Arqueol¢gico Supay Rumi de Conchaca ubicado en el distrito Pausa provincia de Paucar del Sara Sara departamento de Ayacucho,https://busquedas.elperuano.pe/dispositivo/NL/2352090-1,31/12/2024,,,,,,,,,,,,,,,,,,,,,,,,,,,,,,,,,,,,,,
12/12/2024,2352369-1,CULTURA,RESOLUCION DIRECTORAL,N¯ 000212-2024-DGPA-VMPCIC/MC,Determinan la Protecci¢n Provisional del Sitio Arqueol¢gico Casa Blanca Sector A y B ubicado en el distrito de San Jose de Los Molinos provincia de Ica departamento de Ica,https://busquedas.elperuano.pe/dispositivo/NL/2352369-1,31/12/2024,,,,,,,,,,,,,,,,,,,,,,,,,,,,,,,,,,,,,,
12/12/2024,2352436-1,CULTURA,RESOLUCION DIRECTORAL,N¯ 000215-2024-DGPA-VMPCIC/MC,Determinan la Protecci¢n Provisional del Sitio Arqueol¢gico Huaca Acosta 2 ubicado en el distrito provincia y departamento de Lambayeque,https://busquedas.elperuano.pe/dispositivo/NL/2352436-1,31/12/2024,,,,,,,,,,,,,,,,,,,,,,,,,,,,,,,,,,,,,,
12/12/2024,2352471-1,DESARROLLO AGRARIO Y RIEGO,RESOLUCION DIRECTORAL,N¯ D000032-2024-MIDAGRI-SENASA-DSA,Aprueban requisitos sanitarios para la importaci¢n de gelatina/col†geno de hueso de la especie bovina (no comestible) procedente de la Rep£blica Federativa de Brasil,https://busquedas.elperuano.pe/dispositivo/NL/2352471-1,31/12/2024,,,,,,,,,,,,,,,,,,,,,,,,,,,,,,,,,,,,,,
12/12/2024,2352479-1,DESARROLLO AGRARIO Y RIEGO,RESOLUCION DIRECTORAL,N¯ D000033-2024-MIDAGRI-SENASA-DSA,Dejan sin efecto el Anexo I de la R.D. Nß 003-2012-AG-SENASA-DSA y aprueban requisitos sanitarios para la importaci¢n de semen de bovino congelado procedente de Rep£blica Checa,https://busquedas.elperuano.pe/dispositivo/NL/2352479-1,31/12/2024,,,,,,,,,,,,,,,,,,,,,,,,,,,,,,,,,,,,,,
12/12/2024,2352993-1,ECONOMIA Y FINANZAS,DECRETO SUPREMO,N¯ 249-2024-EF,Decreto Supremo que aprueba un prÇstamo contingente con el Banco Internacional de Reconstrucci¢n y Fomento - BIRF,https://busquedas.elperuano.pe/dispositivo/NL/2352993-1,31/12/2024,,,,,,,,,,,,,,,,,,,,,,,,,,,,,,,,,,,,,,
12/12/2024,2352993-2,ECONOMIA Y FINANZAS,DECRETO SUPREMO,N¯ 250-2024-EF,Decreto Supremo que aprueba la operaci¢n de endeudamiento externo con el Banco Interamericano de Desarrollo - BID en el marco de la Ley N¯ 31955 Ley de Endeudamiento del Sector P£blico para el A§o Fiscal 2024,https://busquedas.elperuano.pe/dispositivo/NL/2352993-2,31/12/2024,,,,,,,,,,,,,,,,,,,,,,,,,,,,,,,,,,,,,,
12/12/2024,2352993-3,ECONOMIA Y FINANZAS,DECRETO SUPREMO,N¯ 251-2024-EF,Decreto Supremo que aprueba la operaci¢n de endeudamiento externo con el Banco Internacional de Reconstrucci¢n y Fomento (BIRF) en el marco de la Ley N¯ 31955 Ley de Endeudamiento del Sector P£blico para el A§o Fiscal 2024,https://busquedas.elperuano.pe/dispositivo/NL/2352993-3,31/12/2024,,,,,,,,,,,,,,,,,,,,,,,,,,,,,,,,,,,,,,
12/12/2024,2352993-4,ECONOMIA Y FINANZAS,DECRETO SUPREMO,N¯ 252-2024-EF,Decreto Supremo que autoriza Transferencia de Partidas en el Presupuesto del Sector P£blico para el A§o Fiscal 2024 a favor de la Reserva de Contingencia y de la Municipalidad Provincial de Carabaya - Macusani,https://busquedas.elperuano.pe/dispositivo/NL/2352993-4,31/12/2024,,,,,,,,,,,,,,,,,,,,,,,,,,,,,,,,,,,,,,
12/12/2024,2353213-1,ECONOMIA Y FINANZAS,RESOLUCION VICE MINISTERIAL,N¯ 004-2024-EF/11.01,Resoluci¢n Viceministerial que modifica el Anexo N¯ 1 de la Resoluci¢n Viceministerial N¯ 005-2023-EF/11.01 Resoluci¢n que aprueba el Cronograma Anual Mensualizado para el Pago de las Remuneraciones y Pensiones en la Administraci¢n P£blica as° como de las Pensiones correspondientes al Decreto Ley N¯ 19990 financiadas con cargo al presupuesto institucional de la ONP a aplicarse durante el A§o Fiscal 2024,https://busquedas.elperuano.pe/dispositivo/NL/2353213-1,31/12/2024,,,,,,,,,,,,,,,,,,,,,,,,,,,,,,,,,,,,,,
12/12/2024,2348861-1,ENERGIA Y MINAS,RESOLUCION MINISTERIAL,N¯ 450-2024-MINEM/DM,Aprueban tercera modificaci¢n de la concesi¢n definitiva para desarrollar la actividad de transmisi¢n de energ°a elÇctrica en la L°nea de Transmisi¢n de 220 kV S.E. Socabaya ? S.E. Cerro Verde,https://busquedas.elperuano.pe/dispositivo/NL/2348861-1,31/12/2024,,,,,,,,,,,,,,,,,,,,,,,,,,,,,,,,,,,,,,
12/12/2024,2352574-1,INTERIOR,RESOLUCION DIRECTORAL,N¯ 348-2024-IN-VOI-DGIN,Designan Subprefecto Provincial de Condorcanqui regi¢n Amazonas,https://busquedas.elperuano.pe/dispositivo/NL/2352574-1,31/12/2024,,,,,,,,,,,,,,,,,,,,,,,,,,,,,,,,,,,,,,
12/12/2024,2353027-1,INTERIOR,RESOLUCION MINISTERIAL,N¯ 1515-2024-IN,Autorizan viaje de personal policial a la Rep£blica Argentina en comisi¢n de servicios,https://busquedas.elperuano.pe/dispositivo/NL/2353027-1,31/12/2024,,,,,,,,,,,,,,,,,,,,,,,,,,,,,,,,,,,,,,
12/12/2024,2353039-1,INTERIOR,RESOLUCION MINISTERIAL,N¯ 1516-2024-IN,Autorizan viaje de personal policial a Colombia en comisi¢n de servicios,https://busquedas.elperuano.pe/dispositivo/NL/2353039-1,31/12/2024,,,,,,,,,,,,,,,,,,,,,,,,,,,,,,,,,,,,,,
12/12/2024,2352993-5,JUSTICIA Y DERECHOS HUMANOS,RESOLUCION SUPREMA,N¯ 363-2024-JUS,Acceden a solicitud de extradici¢n activa de ciudadano peruano para ser extraditado del Reino de Espa§a y cumplir su condena en la Rep£blica del Per£,https://busquedas.elperuano.pe/dispositivo/NL/2352993-5,31/12/2024,,,,,,,,,,,,,,,,,,,,,,,,,,,,,,,,,,,,,,
12/12/2024,2352967-1,RELACIONES EXTERIORES,RESOLUCION MINISTERIAL,N¯ 0952-2024-RE,Designan Asesor Ad Honorem del Despacho Ministerial,https://busquedas.elperuano.pe/dispositivo/NL/2352967-1,31/12/2024,,,,,,,,,,,,,,,,,,,,,,,,,,,,,,,,,,,,,,
12/12/2024,2352975-1,RELACIONES EXTERIORES,RESOLUCION MINISTERIAL,N¯ 0953-2024-RE,Convocan a Concurso P£blico de Admisi¢n a la Academia Diplom†tica del Per£ Javier PÇrez de CuÇllar para el A§o Lectivo 2025,https://busquedas.elperuano.pe/dispositivo/NL/2352975-1,31/12/2024,,,,,,,,,,,,,,,,,,,,,,,,,,,,,,,,,,,,,,
12/12/2024,2352979-1,RELACIONES EXTERIORES,RESOLUCION MINISTERIAL,N¯ 0955-2024-RE,Dan tÇrmino a la designaci¢n de Agregada a la Embajada del Per£ en el Reino de BÇlgica,https://busquedas.elperuano.pe/dispositivo/NL/2352979-1,31/12/2024,,,,,,,,,,,,,,,,,,,,,,,,,,,,,,,,,,,,,,
12/12/2024,2352664-1,SALUD,RESOLUCION MINISTERIAL,N¯ 868-2024/MINSA,Aprueban modificaci¢n del Manual de Operaciones del Programa Nacional de Inversiones en Salud ? PRONIS,https://busquedas.elperuano.pe/dispositivo/NL/2352664-1,31/12/2024,,,,,,,,,,,,,,,,,,,,,,,,,,,,,,,,,,,,,,
12/12/2024,2352974-1,SALUD,RESOLUCION MINISTERIAL,N¯ 869-2024/MINSA,Aprueban modificaci¢n de la Norma TÇcnica de Salud NTS N¯ 110-MINSA/DGIEM-V.01 Infraestructura y Equipamiento de los Establecimientos de Salud del Segundo Nivel de Atenci¢n,https://busquedas.elperuano.pe/dispositivo/NL/2352974-1,31/12/2024,,,,,,,,,,,,,,,,,,,,,,,,,,,,,,,,,,,,,,
12/12/2024,2352976-1,SALUD,RESOLUCION MINISTERIAL,N¯ 870-2024/MINSA,Aprueban modificaci¢n de la Norma TÇcnica de Salud NTS N¯ 119-MINSA/DGIEM-V.01 Infraestructura y Equipamiento de los Establecimientos de Salud del Tercer Nivel de Atenci¢n,https://busquedas.elperuano.pe/dispositivo/NL/2352976-1,31/12/2024,,,,,,,,,,,,,,,,,,,,,,,,,,,,,,,,,,,,,,
12/12/2024,2352596-1,TRANSPORTES Y COMUNICACIONES,RESOLUCION DIRECTORAL,N¯ 1243-2024-MTC/20,Designan Asesor de la Direcci¢n Ejecutiva del Programa denominado Proyecto Especial de Infraestructura de Transporte Nacional ? PROV÷AS NACIONAL,https://busquedas.elperuano.pe/dispositivo/NL/2352596-1,31/12/2024,,,,,,,,,,,,,,,,,,,,,,,,,,,,,,,,,,,,,,
12/12/2024,2352633-1,TRANSPORTES Y COMUNICACIONES,RESOLUCION DIRECTORAL,N¯ 1244-2024-MTC/20,Designan Director de la Direcci¢n de Control y Calidad del Programa denominado Proyecto Especial de Infraestructura de Transporte Nacional ? PROV÷AS NACIONAL,https://busquedas.elperuano.pe/dispositivo/NL/2352633-1,31/12/2024,,,,,,,,,,,,,,,,,,,,,,,,,,,,,,,,,,,,,,
12/12/2024,2352952-1,SEGURO INTEGRAL DE SALUD,RESOLUCION JEFATURAL,N¯ 000190-2024-SIS/J,Designan Director Ejecutivo de la Unidad Funcional de Tesorer°a de la Oficina General de Administraci¢n de Recursos del Seguro Integral de Salud,https://busquedas.elperuano.pe/dispositivo/NL/2352952-1,31/12/2024,,,,,,,,,,,,,,,,,,,,,,,,,,,,,,,,,,,,,,
12/12/2024,2353152-1,"SUPERINTENDENCIA DE TRANSPORTE TERRESTRE DE PERSONAS, CARGA Y MERCANCIAS",RESOLUCION,N¯ D000083-2024-SUTRAN-CD,Designan Gerente de la Gerencia de Supervisi¢n y Fiscalizaci¢n de la SUTRAN,https://busquedas.elperuano.pe/dispositivo/NL/2353152-1,31/12/2024,,,,,,,,,,,,,,,,,,,,,,,,,,,,,,,,,,,,,,
12/12/2024,2353153-1,"SUPERINTENDENCIA DE TRANSPORTE TERRESTRE DE PERSONAS, CARGA Y MERCANCIAS",RESOLUCION,N¯ D000084-2024-SUTRAN-CD,Designan Gerente de la Gerencia de Prevenci¢n de la SUTRAN,https://busquedas.elperuano.pe/dispositivo/NL/2353153-1,31/12/2024,,,,,,,,,,,,,,,,,,,,,,,,,,,,,,,,,,,,,,
12/12/2024,2352409-1,INSTITUTO GEOL‡GICO MINERO Y METALÈRGICO,RESOLUCION,N¯ 4693-2024-INGEMMET/PE/PM,Requieren a quienes resulten herederos de Lorenzo Mauricio Carhuamaca que cumplan con se§alar beneficiarios del nuevo Certificado Devoluci¢n proveniente del crÇdito existente y no utilizado del Certificado N¯ 02181 aperson†ndose en el procedimiento administrativo acreditando su calidad de herederos; bajo apercibimiento de tener por no presentado el documento N¯ 0100003324D de fecha 09/01/2024.,https://busquedas.elperuano.pe/dispositivo/NL/2352409-1,31/12/2024,,,,,,,,,,,,,,,,,,,,,,,,,,,,,,,,,,,,,,
12/12/2024,2352895-1,ORGANISMO DE EVALUACION Y FISCALIZACION AMBIENTAL,RESOLUCION,N¯ 122-2024-OEFA/PCD,Modifican la Resoluci¢n de Presidencia del Consejo Directivo N¯ 00001-2024-OEFA/PCD sobre delegaci¢n de facultades en materia administrativa en el/la Gerente/a General del Organismo de Evaluaci¢n y Fiscalizaci¢n Ambiental - OEFA durante el A§o Fiscal 2024,https://busquedas.elperuano.pe/dispositivo/NL/2352895-1,31/12/2024,,,,,,,,,,,,,,,,,,,,,,,,,,,,,,,,,,,,,,
12/12/2024,2352546-1,SERVICIO NACIONAL DE CERTIFICACI‡N AMBIENTAL PARA LAS INVERSIONES SOSTENIBLES,RESOLUCION,N¯ 00127-2024-SENACE/PE,Disponen la publicaci¢n de proyecto de Resoluci¢n de Presidencia Ejecutiva que aprobar°a la Conformaci¢n m°nima del equipo profesional multidisciplinario de consultoras ambientales para el sector Saneamiento,https://busquedas.elperuano.pe/dispositivo/NL/2352546-1,31/12/2024,,,,,,,,,,,,,,,,,,,,,,,,,,,,,,,,,,,,,,
12/12/2024,2352887-1,SUPERINTENDENCIA DEL MERCADO DE VALORES,RESOLUCION,N¯ 012-2024-SMV/01,Modifican la Norma sobre Contribuciones por los Servicios de Supervisi¢n que presta la Superintendencia del Mercado de Valores y el Reglamento del Mercado Alternativo de Valores ? MAV,https://busquedas.elperuano.pe/dispositivo/NL/2352887-1,31/12/2024,,,,,,,,,,,,,,,,,,,,,,,,,,,,,,,,,,,,,,
12/12/2024,2353080-1,SUPERINTENDENCIA NACIONAL DE EDUCACION SUPERIOR UNIVERSITARIA,RESOLUCION,N¯ 086-2024-SUNEDU,Designan Ejecutivo de la Unidad de Abastecimiento de la Oficina de Administraci¢n de la SUNEDU,https://busquedas.elperuano.pe/dispositivo/NL/2353080-1,31/12/2024,,,,,,,,,,,,,,,,,,,,,,,,,,,,,,,,,,,,,,
12/12/2024,2352980-1,CONTRALORIA GENERAL DE LA REPUBLICA,RESOLUCION,N¯ 720-2024-CG,Encargan al Vicecontralor de la Vicecontralor°a de Gesti¢n EstratÇgica Integridad y Control las funciones del cargo de Contralor General de la Rep£blica,https://busquedas.elperuano.pe/dispositivo/NL/2352980-1,31/12/2024,,,,,,,,,,,,,,,,,,,,,,,,,,,,,,,,,,,,,,
12/12/2024,2352656-1,INSTITUCIONES EDUCATIVAS,RESOLUCION,N¯ 2059-2024/UNT,Autorizan viaje de docentes de la Universidad Nacional de Trujillo para realizar visitas a universidades en Espa§a,https://busquedas.elperuano.pe/dispositivo/NL/2352656-1,31/12/2024,,,,,,,,,,,,,,,,,,,,,,,,,,,,,,,,,,,,,,
12/12/2024,2352584-1,JURADO NACIONAL DE ELECCIONES,RESOLUCION,N¯ 0402-2024-JNE,Convocan a ciudadano para que asuma el cargo de regidor del Concejo Distrital de Castillo Grande provincia de Leoncio Prado departamento de Hu†nuco,https://busquedas.elperuano.pe/dispositivo/NL/2352584-1,31/12/2024,,,,,,,,,,,,,,,,,,,,,,,,,,,,,,,,,,,,,,
12/12/2024,2352589-1,JURADO NACIONAL DE ELECCIONES,RESOLUCION,N¯ 0398-2024-JNE,Declaran la nulidad de todo lo actuado hasta la citaci¢n dirigida a regidora del Concejo Distrital de Huaripampa para asistir a sesi¢n extraordinaria donde se evalu¢ su vacancia,https://busquedas.elperuano.pe/dispositivo/NL/2352589-1,31/12/2024,,,,,,,,,,,,,,,,,,,,,,,,,,,,,,,,,,,,,,
12/12/2024,2352592-1,JURADO NACIONAL DE ELECCIONES,RESOLUCION,N¯ 0393-2024-JNE,Declaran la nulidad de todo lo actuado hasta la citaci¢n dirigida a regidora del Concejo Distrital de Santa Rosa de Sacco para que asista a sesi¢n extraordinaria donde se evalu¢ su vacancia,https://busquedas.elperuano.pe/dispositivo/NL/2352592-1,31/12/2024,,,,,,,,,,,,,,,,,,,,,,,,,,,,,,,,,,,,,,
12/12/2024,2352594-1,JURADO NACIONAL DE ELECCIONES,RESOLUCION,N¯ 0403-2024-JNE,Declaran la nulidad de todo lo actuado hasta la citaci¢n dirigida a regidora del Concejo Distrital de Corosha para asistir a sesi¢n extraordinaria donde se evalu¢ su vacancia,https://busquedas.elperuano.pe/dispositivo/NL/2352594-1,31/12/2024,,,,,,,,,,,,,,,,,,,,,,,,,,,,,,,,,,,,,,
12/12/2024,2352598-1,JURADO NACIONAL DE ELECCIONES,RESOLUCION,N¯ 0400-2024-JNE,Declaran la nulidad de todo lo actuado hasta la citaci¢n dirigida a regidora del Concejo Distrital de Santo Domingo de Acobamba para asistir a sesi¢n extraordinaria donde se evalu¢ su vacancia,https://busquedas.elperuano.pe/dispositivo/NL/2352598-1,31/12/2024,,,,,,,,,,,,,,,,,,,,,,,,,,,,,,,,,,,,,,
12/12/2024,2352601-1,JURADO NACIONAL DE ELECCIONES,RESOLUCION,N¯ 0399-2024-JNE,Declaran nulo lo actuado hasta el acto de notificaci¢n del Acuerdo de Concejo Municipal N.ß 092-2024-MDLH-CM dirigido a regidora del Concejo Distrital de La Huaca provincia de Paita departamento de Piura,https://busquedas.elperuano.pe/dispositivo/NL/2352601-1,31/12/2024,,,,,,,,,,,,,,,,,,,,,,,,,,,,,,,,,,,,,,
12/12/2024,2352616-1,JURADO NACIONAL DE ELECCIONES,RESOLUCION,N¯ 0401-2024-JNE,Declaran la nulidad de todo lo actuado hasta la citaci¢n dirigida a regidora del Concejo Distrital de San Joaqu°n para asistir a sesi¢n extraordinaria donde se evalu¢ su vacancia,https://busquedas.elperuano.pe/dispositivo/NL/2352616-1,31/12/2024,,,,,,,,,,,,,,,,,,,,,,,,,,,,,,,,,,,,,,
12/12/2024,2353443-1,MINISTERIO PUBLICO,RESOLUCION,N¯ 2825-2024-MP-FN,Designan fiscales en el despacho de la Primera Fiscal°a Suprema Penal y dictan otras disposiciones,https://busquedas.elperuano.pe/dispositivo/NL/2353443-1,31/12/2024,,,,,,,,,,,,,,,,,,,,,,,,,,,,,,,,,,,,,,
12/12/2024,2352044-1,GOBIERNO REGIONAL DE HUANUCO,ORDENANZA,N¯ 033-2024-GRH-CR,Modifican la Ordenanza Regional N¯ 17-2011-CRGRH que declara de InterÇs Regional la Prevenci¢n y Lucha Contra la Trata de Personas en la Regi¢n Hu†nuco,https://busquedas.elperuano.pe/dispositivo/NL/2352044-1,31/12/2024,,,,,,,,,,,,,,,,,,,,,,,,,,,,,,,,,,,,,,
12/12/2024,2351585-1,MUNICIPALIDAD DE SAN BARTOLO,Ordenanzas,N¯ 362-2024/MDSB,Prorrogan para el a§o 2025 la Ordenanza N¯ 334-2022/MDSB que estableci¢ los montos del derecho de emisi¢n mecanizada del Impuesto Predial y Arbitrios Municipales vencimiento del pago del Impuesto Predial y Arbitrios Municipales del ejercicio 2023 y el monto m°nimo del Impuesto Predial para el a§o fiscal 2023,https://epdoc2.elperuano.pe/EpPo/VistaDE.asp?Referencias=MjM1MTU4NS0xMjAyNDEyMTI=,31/12/2024,,,,,,,,,,,,,,,,,,,,,,,,,,,,,,,,,,,,,,
12/12/2024,2352869-1,MUNICIPALIDAD DE SAN BORJA,Res. Alcald°a,N¯ 144-2024-MSB-A,Aprueban modificaci¢n y actualizan el Texto Ordenado (TO) del Texto Ènico de Servicios No Exclusivos (TUSNE) de la Municipalidad Distrital de San Borja,https://epdoc2.elperuano.pe/EpPo/VistaDE.asp?Referencias=MjM1Mjg2OS0xMjAyNDEyMTI=,31/12/2024,,,,,,,,,,,,,,,,,,,,,,,,,,,,,,,,,,,,,,
12/12/2024,2351754-1,MUNICIPALIDAD DE SAN JUAN DE LURIGANCHO,Ordenanzas,N¯ 486-MDSJL y Acuerdo N¯ 413,Ordenanza que establece el rÇgimen tributario de los arbitrios municipales de recojo de residuos s¢lidos barrido de calles parques y jardines y serenazgo para el periodo 2025 en el distrito de San Juan de Lurigancho,https://epdoc2.elperuano.pe/EpPo/VistaDE.asp?Referencias=MjM1MTc1NC0xMjAyNDEyMTI=,31/12/2024,,,,,,,,,,,,,,,,,,,,,,,,,,,,,,,,,,,,,,
12/12/2024,2351042-1,MUNICIPALIDAD DE SANTA MARIA DEL MAR,ORDENANZA,N¯ 017-2024-MDSMM,Ordenanza Municipal que otorga beneficios tributarios a los contribuyentes del distrito de Santa Mar°a del Mar,https://busquedas.elperuano.pe/dispositivo/NL/2351042-1,31/12/2024,,,,,,,,,,,,,,,,,,,,,,,,,,,,,,,,,,,,,,
12/12/2024,2350240-1,MUNICIPALIDAD DE SANTA ROSA,ORDENANZA,N¯ 580-2024-MDSR,Aprueban la creaci¢n de la Agrupaci¢n Cultural de la Municipalidad Distrital de Santa Rosa y aprueban su Reglamento Interno,https://busquedas.elperuano.pe/dispositivo/NL/2350240-1,31/12/2024,,,,,,,,,,,,,,,,,,,,,,,,,,,,,,,,,,,,,,
12/12/2024,2350711-1,MUNICIPALIDAD PROVINCIAL DE ILO,ORDENANZA,N¯ 712-2021-MPI,Ordenanza que aprueba el procedimiento de ratificaci¢n de Ordenanzas Distritales en el †mbito de la Provincia de Ilo,https://busquedas.elperuano.pe/dispositivo/NL/2350711-1,31/12/2024,,,,,,,,,,,,,,,,,,,,,,,,,,,,,,,,,,,,,,
12/12/2024,2350715-1,MUNICIPALIDAD PROVINCIAL DE ILO,RESOLUCION DE ALCALDIA,N¯ 816-2024-A-MPI,Aprueban modificaci¢n del Texto Ènico de Servicios No Exclusivos ? TUSNE 2024 de la Municipalidad Provincial de Ilo,https://busquedas.elperuano.pe/dispositivo/NL/2350715-1,31/12/2024,,,,,,,,,,,,,,,,,,,,,,,,,,,,,,,,,,,,,,
11/12/2024,2352314-1,CONGRESO DE LA REPUBLICA,LEY,"N¯ 32185, N¯ 32186 y N¯ 32187",Ley de Presupuesto del Sector P£blico para el A§o Fiscal 2025 Ley de Equilibrio Financiero del Presupuesto del Sector P£blico para el A§o Fiscal 2025 Ley de Endeudamiento del Sector P£blico para el A§o Fiscal 2025,https://epdoc2.elperuano.pe/EpPo/VistaNLSE.asp?Referencias=MjM1MjMxNC0xMjAyNDEyMTE=,31/12/2024,,,,,,,,,,,,,,,,,,,,,,,,,,,,,,,,,,,,,,
11/12/2024,2352315-1,CONGRESO DE LA REPUBLICA,LEY,N¯ 32180,Ley que modifica el C¢digo Penal Decreto Legislativo 635 a fin de establecer nuevos supuestos de conductas delictivas y ampliar el umbral de protecci¢n a las mujeres personas con discapacidad adulto mayor centros educativos Cuerpo General de Bomberos Voluntarios del Per£ y centros de salud,https://busquedas.elperuano.pe/dispositivo/NL/2352315-1,31/12/2024,,,,,,,,,,,,,,,,,,,,,,,,,,,,,,,,,,,,,,
11/12/2024,2352315-2,CONGRESO DE LA REPUBLICA,LEY,N¯ 32181,Ley que modifica el C¢digo Penal Decreto Legislativo 635 y el Nuevo C¢digo Procesal Penal Decreto Legislativo 957 a fin de garantizar el principio de presunci¢n de inocencia y brindar mayor protecci¢n al personal de la Polic°a Nacional del Per£,https://busquedas.elperuano.pe/dispositivo/NL/2352315-2,31/12/2024,,,,,,,,,,,,,,,,,,,,,,,,,,,,,,,,,,,,,,
11/12/2024,2352315-3,CONGRESO DE LA REPUBLICA,LEY,N¯ 32182,Ley que modifica la Ley 30483 Ley de la Carrera Fiscal; la Ley 29277 Ley de la Carrera Judicial; el Nuevo C¢digo Procesal Penal Decreto Legislativo 957; y el C¢digo Penal Decreto Legislativo 635 para optimizar la administraci¢n de justicia en la lucha contra la criminalidad organizada,https://busquedas.elperuano.pe/dispositivo/NL/2352315-3,31/12/2024,,,,,,,,,,,,,,,,,,,,,,,,,,,,,,,,,,,,,,
11/12/2024,2352315-4,CONGRESO DE LA REPUBLICA,LEY,N¯ 32183,Ley que modifica el C¢digo Penal Decreto Legislativo 635 para incorporar la modalidad de prÇstamos extorsivos en el tipo penal de extorsi¢n,https://busquedas.elperuano.pe/dispositivo/NL/2352315-4,31/12/2024,,,,,,,,,,,,,,,,,,,,,,,,,,,,,,,,,,,,,,
11/12/2024,2352315-5,CONGRESO DE LA REPUBLICA,LEY,N¯ 32184,Ley que modifica la Ley 27181 Ley General de Transporte y Tr†nsito Terrestre para fortalecer la identificaci¢n visual de los veh°culos menores motorizados de la categor°a L con cambios de caracter°sticas de su placa £nica nacional de rodaje,https://busquedas.elperuano.pe/dispositivo/NL/2352315-5,31/12/2024,,,,,,,,,,,,,,,,,,,,,,,,,,,,,,,,,,,,,,
11/12/2024,2352508-1,CONGRESO DE LA REPUBLICA,LEY,N¯ 32188,Ley de Reforma Constitucional que modifica los Art°culos 7 y 23 de la Constituci¢n Pol°tica del Per£ para considerar el tÇrmino discapacidad,https://busquedas.elperuano.pe/dispositivo/NL/2352508-1,31/12/2024,,,,,,,,,,,,,,,,,,,,,,,,,,,,,,,,,,,,,,
11/12/2024,2352508-2,CONGRESO DE LA REPUBLICA,LEY,N¯ 32189,Ley de Reforma Constitucional del subt°tulo del cap°tulo VI del t°tulo III y del art°culo 89 de la Constituci¢n Pol°tica del Per£ para el reconocimiento del Pueblo Afroperuano,https://busquedas.elperuano.pe/dispositivo/NL/2352508-2,31/12/2024,,,,,,,,,,,,,,,,,,,,,,,,,,,,,,,,,,,,,,
11/12/2024,2352509-1,PRESIDENCIA DEL CONSEJO DE MINISTROS,RESOLUCION SUPREMA,N¯ 255-2024-PCM,Encargan funciones de Presidente del Consejo Nacional de Ciencia Tecnolog°a e Innovaci¢n - CONCYTEC,https://busquedas.elperuano.pe/dispositivo/NL/2352509-1,31/12/2024,,,,,,,,,,,,,,,,,,,,,,,,,,,,,,,,,,,,,,
11/12/2024,2352491-1,AMBIENTE,RESOLUCION,N¯ 00082-2024-MINAM,Aprueban modificaci¢n del Manual de Perfiles de Puestos ? MPP del Ministerio del Ambiente,https://busquedas.elperuano.pe/dispositivo/NL/2352491-1,31/12/2024,,,,,,,,,,,,,,,,,,,,,,,,,,,,,,,,,,,,,,
11/12/2024,2352145-1,DEFENSA,RESOLUCION DIRECTORAL,N¯ 791-2024 MGP/DICAPI,Aprueban modelos de certificados estatutarios nacional e internacional para naves y artefactos navales de bandera nacional y/o extranjera,https://busquedas.elperuano.pe/dispositivo/NL/2352145-1,31/12/2024,,,,,,,,,,,,,,,,,,,,,,,,,,,,,,,,,,,,,,
11/12/2024,2352149-1,DEFENSA,RESOLUCION DIRECTORAL,N¯ 963-2024 MGP/DICAPI,Aprueban incorporar a las normas de la Autoridad Mar°tima Nacional los Procedimientos para la Supervisi¢n por el Estado Rector del Puerto adoptados por la Asamblea de la Organizaci¢n Mar°tima Internacional (OMI) mediante Resoluci¢n A. 1185 (33) y sus enmiendas; y aprueban los Procedimientos y Disposiciones Complementarias para la Supervisi¢n por el Estado Rector del Puerto tomando como referencia la Resoluci¢n A. 1185 (33) a ser utilizados en territorio nacional,https://busquedas.elperuano.pe/dispositivo/NL/2352149-1,31/12/2024,,,,,,,,,,,,,,,,,,,,,,,,,,,,,,,,,,,,,,
11/12/2024,2352152-1,DEFENSA,RESOLUCION DIRECTORAL,N¯ 950-2024 MGP/DICAPI,Actualizan la relaci¢n de los Puestos de Capitan°a que operan en los puertos caletas o †rea geogr†fica a nivel nacional,https://busquedas.elperuano.pe/dispositivo/NL/2352152-1,31/12/2024,,,,,,,,,,,,,,,,,,,,,,,,,,,,,,,,,,,,,,
11/12/2024,2352178-1,DEFENSA,RESOLUCION DIRECTORAL,N¯ 984-2024 MGP/DICAPI,Aprueban disposiciones para la elaboraci¢n de planes de colaboraci¢n entre los servicios de b£squeda y salvamento y los buques de pasaje de conformidad al numeral 3 de la regla 7 del Cap°tulo V del Convenio Internacional para la Seguridad de la Vida Humana en el Mar (SOLAS 74),https://busquedas.elperuano.pe/dispositivo/NL/2352178-1,31/12/2024,,,,,,,,,,,,,,,,,,,,,,,,,,,,,,,,,,,,,,
11/12/2024,2352250-1,DEFENSA,RESOLUCION DIRECTORAL,N¯ 945-2024 MGP/DICAPI,Aprueban los Lineamientos para el registro de matr°culas de naves y artefactos navales de bandera nacional,https://busquedas.elperuano.pe/dispositivo/NL/2352250-1,31/12/2024,,,,,,,,,,,,,,,,,,,,,,,,,,,,,,,,,,,,,,
11/12/2024,2352508-3,EDUCACION,DECRETO SUPREMO,N¯ 015-2024-MINEDU,Decreto Supremo que declara de interÇs nacional la realizaci¢n de los XX Juegos Panamericanos Lima 2027,https://busquedas.elperuano.pe/dispositivo/NL/2352508-3,31/12/2024,,,,,,,,,,,,,,,,,,,,,,,,,,,,,,,,,,,,,,
11/12/2024,2352384-1,EDUCACION,RESOLUCION DIRECTORAL,N¯ 000222 -2024-MINEDU-VMGI-PRONIED-DE,Designan Directora de Sistema Administrativo II de la Unidad de Finanzas de la Oficina General de Administraci¢n del Programa Nacional de Infraestructura Educativa,https://busquedas.elperuano.pe/dispositivo/NL/2352384-1,31/12/2024,,,,,,,,,,,,,,,,,,,,,,,,,,,,,,,,,,,,,,
11/12/2024,2352393-1,EDUCACION,RESOLUCION DIRECTORAL,N¯ 00051-2024-PEIP-EB,Designan Coordinador III de Proyectos de la Direcci¢n de Infraestructura Educativa del Proyecto Especial de Inversi¢n P£blica Escuelas Bicentenario,https://busquedas.elperuano.pe/dispositivo/NL/2352393-1,31/12/2024,,,,,,,,,,,,,,,,,,,,,,,,,,,,,,,,,,,,,,
11/12/2024,2352508-4,MUJER Y POBLACIONES VULNERABLES,DECRETO SUPREMO,N¯ 009-2024-MIMP,Decreto Supremo que dispone la obligatoriedad de la notificaci¢n v°a casilla electronica del Ministerio de la Mujer y Poblaciones Vulnerables y aprueba su Reglamento,https://busquedas.elperuano.pe/dispositivo/NL/2352508-4,31/12/2024,,,,,,,,,,,,,,,,,,,,,,,,,,,,,,,,,,,,,,
11/12/2024,2352539-1,MUJER Y POBLACIONES VULNERABLES,RESOLUCION,N¯ D000237-2024-CONADIS-PRE,Designan Director I de la Subdirecci¢n de Promoci¢n y Concientizaci¢n en Discapacidad de la Direcci¢n de Promoci¢n Registro e Intervenciones para las Personas con Discapacidad del CONADIS,https://busquedas.elperuano.pe/dispositivo/NL/2352539-1,31/12/2024,,,,,,,,,,,,,,,,,,,,,,,,,,,,,,,,,,,,,,
11/12/2024,2352672-1,PRODUCE,RESOLUCION,N¯ 000210-2024-ITP/DE,Designan temporalmente a servidora como Secretaria General del Instituto Tecnol¢gico de la Producci¢n (ITP),https://busquedas.elperuano.pe/dispositivo/NL/2352672-1,31/12/2024,,,,,,,,,,,,,,,,,,,,,,,,,,,,,,,,,,,,,,
11/12/2024,2352448-1,RELACIONES EXTERIORES,RESOLUCION MINISTERIAL,N¯ 0950-2024-RE,Autorizan viaje de Secretario General del Ministerio a Rep£blica Dominicana en comisi¢n de servicios,https://busquedas.elperuano.pe/dispositivo/NL/2352448-1,31/12/2024,,,,,,,,,,,,,,,,,,,,,,,,,,,,,,,,,,,,,,
11/12/2024,2352508-5,RELACIONES EXTERIORES,RESOLUCION SUPREMA,N¯ 226-2024-RE,Reconocen a C¢nsul del Estado Plurinacional de Bolivia en Cusco Rep£blica del Per£ con jurisdicci¢n consular en los departamentos de Cusco Apur°mac Ayacucho Huancavelica Jun°n y Ucayali,https://busquedas.elperuano.pe/dispositivo/NL/2352508-5,31/12/2024,,,,,,,,,,,,,,,,,,,,,,,,,,,,,,,,,,,,,,
11/12/2024,2352508-6,RELACIONES EXTERIORES,RESOLUCION SUPREMA,N¯ 227-2024-RE,Modifican la R.S. N¯ 208-2023-RE mediante la cual se nombr¢ a C¢nsul General del Per£ en Ginebra Confederaci¢n Suiza,https://busquedas.elperuano.pe/dispositivo/NL/2352508-6,31/12/2024,,,,,,,,,,,,,,,,,,,,,,,,,,,,,,,,,,,,,,
11/12/2024,2352425-1,SALUD,RESOLUCION,N¯ D000352-2024-SG-MINSA,Aprueban el Presupuesto Anal°tico de Personal Modificado II de la Unidad Ejecutora 001-117: Administraci¢n Central del Ministerio de Salud correspondiente al a§o 2024,https://busquedas.elperuano.pe/dispositivo/NL/2352425-1,31/12/2024,,,,,,,,,,,,,,,,,,,,,,,,,,,,,,,,,,,,,,
11/12/2024,2352189-1,SALUD,RESOLUCION MINISTERIAL,N¯ 863-2024/MINSA,Designan Asesor de la Secretar°a General,https://busquedas.elperuano.pe/dispositivo/NL/2352189-1,31/12/2024,,,,,,,,,,,,,,,,,,,,,,,,,,,,,,,,,,,,,,
11/12/2024,2352347-1,TRABAJO Y PROMOCION DEL EMPLEO,RESOLUCION MINISTERIAL,N¯ 194-2024-TR,Actualizan el Texto Integrado del Reglamento de Organizaci¢n y Funciones del Ministerio de Trabajo y Promoci¢n del Empleo,https://busquedas.elperuano.pe/dispositivo/NL/2352347-1,31/12/2024,,,,,,,,,,,,,,,,,,,,,,,,,,,,,,,,,,,,,,
11/12/2024,2352404-1,TRABAJO Y PROMOCION DEL EMPLEO,RESOLUCION MINISTERIAL,N¯ 196-2024-TR,Disponen publicaci¢n del proyecto de Decreto Supremo que modifica el Decreto Supremo N¯ 003-2011-TR que aprueba el Reglamento de la Ley N¯ 29549 Ley que modifica el Decreto Legislativo N¯ 688 Ley de Consolidaci¢n de Beneficios Sociales y crea el Registro Obligatorio de Contratos de Seguros Vida Ley as° como su exposici¢n de motivos,https://busquedas.elperuano.pe/dispositivo/NL/2352404-1,31/12/2024,,,,,,,,,,,,,,,,,,,,,,,,,,,,,,,,,,,,,,
11/12/2024,2352484-1,TRABAJO Y PROMOCION DEL EMPLEO,RESOLUCION MINISTERIAL,N¯ 000197-2024-TR,Aprueban transferencia financiera del Programa de Empleo Temporal Llamkasun Per£ a favor de organismos ejecutores del sector p£blico,https://busquedas.elperuano.pe/dispositivo/NL/2352484-1,31/12/2024,,,,,,,,,,,,,,,,,,,,,,,,,,,,,,,,,,,,,,
11/12/2024,2352283-1,BIBLIOTECA NACIONAL DEL PERU,RESOLUCION JEFATURAL,N¯ 000203-2024-BNP,Designan Coordinadora de Procesamiento de Publicaciones Digitales y Peri¢dicas de la Direcci¢n de Gesti¢n de las Colecciones,https://busquedas.elperuano.pe/dispositivo/NL/2352283-1,31/12/2024,,,,,,,,,,,,,,,,,,,,,,,,,,,,,,,,,,,,,,
11/12/2024,2352476-1,BIBLIOTECA NACIONAL DEL PERU,RESOLUCION JEFATURAL,N¯ 000204-2024-BNP,Designan Coordinadora de Procesamiento de Monograf°as y Materiales Especiales de la Direcci¢n de Gesti¢n de las Colecciones,https://busquedas.elperuano.pe/dispositivo/NL/2352476-1,31/12/2024,,,,,,,,,,,,,,,,,,,,,,,,,,,,,,,,,,,,,,
11/12/2024,2352396-1,SEGURO INTEGRAL DE SALUD,RESOLUCION JEFATURAL,N¯ 000187-2024-SIS/J,Aprueban programaci¢n de pago del Beneficio Econ¢mico del Sepelio a nivel nacional correspondiente al Lote julio 2024,https://busquedas.elperuano.pe/dispositivo/NL/2352396-1,31/12/2024,,,,,,,,,,,,,,,,,,,,,,,,,,,,,,,,,,,,,,
11/12/2024,2352521-1,AUTORIDAD DE TRANSPORTE URBANO PARA LIMA Y CALLAO,RESOLUCION,N¯ 272-2024-ATU/PE,Designan Subdirector de la Subdirecci¢n de Servicios de Transporte Regular de la Direcci¢n de Operaciones,https://busquedas.elperuano.pe/dispositivo/NL/2352521-1,31/12/2024,,,,,,,,,,,,,,,,,,,,,,,,,,,,,,,,,,,,,,
11/12/2024,2352501-1,AUTORIDAD NACIONAL DEL AGUA,RESOLUCION JEFATURAL,N¯ 0467-2024-ANA,Designan Asesor de la Gerencia General de la Autoridad Nacional del Agua,https://busquedas.elperuano.pe/dispositivo/NL/2352501-1,31/12/2024,,,,,,,,,,,,,,,,,,,,,,,,,,,,,,,,,,,,,,
11/12/2024,2352375-1,SUPERINTENDENCIA NACIONAL DE ADUANAS Y DE ADMINISTRACI‡N TRIBUTARIA,RESOLUCION,N¯ 000206-2024-SUNAT/800000,Dejan sin efecto designaci¢n y designan Supervisor 1 de la Gerencia de Administraci¢n y Finanzas de la Intendencia Nacional de Ejecuci¢n de Inversiones,https://busquedas.elperuano.pe/dispositivo/NL/2352375-1,31/12/2024,,,,,,,,,,,,,,,,,,,,,,,,,,,,,,,,,,,,,,
11/12/2024,2352277-1,SUPERINTENDENCIA NACIONAL DE LOS REGISTROS PUBLICOS,RESOLUCION,N¯ 00187-2024-SUNARP/SN,Disponen publicaci¢n del proyecto normativo Reglamento del Procedimiento Administrativo Sancionador en el RÇgimen de Garant°a Mobiliaria,https://busquedas.elperuano.pe/dispositivo/NL/2352277-1,31/12/2024,,,,,,,,,,,,,,,,,,,,,,,,,,,,,,,,,,,,,,
11/12/2024,2351516-1,INSTITUCIONES EDUCATIVAS,RESOLUCION,N¯ 4201-2024-UNSCH-CU,Autorizan viaje de docente de la Universidad Nacional de San Crist¢bal de Huamanga para participar en evento a realizarse en Colombia,https://busquedas.elperuano.pe/dispositivo/NL/2351516-1,31/12/2024,,,,,,,,,,,,,,,,,,,,,,,,,,,,,,,,,,,,,,
11/12/2024,2351529-1,INSTITUCIONES EDUCATIVAS,RESOLUCION,N¯ 4200-2024-UNSCH-CU,Autorizan viaje de docente de la Universidad Nacional de San Crist¢bal de Huamanga para participar en evento a realizarse en Colombia,https://busquedas.elperuano.pe/dispositivo/NL/2351529-1,31/12/2024,,,,,,,,,,,,,,,,,,,,,,,,,,,,,,,,,,,,,,
11/12/2024,2352642-1,JURADO NACIONAL DE ELECCIONES,RESOLUCION,N¯ 000189-2024-P/JNE,Autorizan viaje de miembro del Pleno del JNE a Bolivia en comisi¢n de servicios,https://busquedas.elperuano.pe/dispositivo/NL/2352642-1,31/12/2024,,,,,,,,,,,,,,,,,,,,,,,,,,,,,,,,,,,,,,
11/12/2024,2352208-1,MINISTERIO PUBLICO,RESOLUCION,N¯ 2812-2024-MP-FN,Nombran fiscal adjunta provincial provisional del Distrito Fiscal de Lima Norte,https://busquedas.elperuano.pe/dispositivo/NL/2352208-1,31/12/2024,,,,,,,,,,,,,,,,,,,,,,,,,,,,,,,,,,,,,,
11/12/2024,2352208-2,MINISTERIO PUBLICO,RESOLUCION,N¯ 2813-2024-MP-FN,Designan fiscales en el Distrito Fiscal de Lima actualmente Distrito Fiscal de Lima Centro; y en el Distrito Fiscal de Ayacucho,https://busquedas.elperuano.pe/dispositivo/NL/2352208-2,31/12/2024,,,,,,,,,,,,,,,,,,,,,,,,,,,,,,,,,,,,,,
11/12/2024,2352208-3,MINISTERIO PUBLICO,RESOLUCION,N¯ 2814-2024-MP-FN,Nombran fiscal adjunto provincial provisional del Distrito Fiscal de µncash,https://busquedas.elperuano.pe/dispositivo/NL/2352208-3,31/12/2024,,,,,,,,,,,,,,,,,,,,,,,,,,,,,,,,,,,,,,
11/12/2024,2352208-4,MINISTERIO PUBLICO,RESOLUCION,N¯ 2815-2024-MP-FN,Nombran fiscal adjunto provincial provisional del Distrito Fiscal de Cajamarca,https://busquedas.elperuano.pe/dispositivo/NL/2352208-4,31/12/2024,,,,,,,,,,,,,,,,,,,,,,,,,,,,,,,,,,,,,,
11/12/2024,2352327-1,MINISTERIO PUBLICO,RESOLUCION,N¯ 2821-2024-MP-FN,Nombran fiscal adjunta provincial provisional del Distrito Fiscal de Ica,https://busquedas.elperuano.pe/dispositivo/NL/2352327-1,31/12/2024,,,,,,,,,,,,,,,,,,,,,,,,,,,,,,,,,,,,,,
11/12/2024,2352327-2,MINISTERIO PUBLICO,RESOLUCION,N¯ 2822-2024-MP-FN,Nombran fiscal adjunta provincial provisional del Distrito Fiscal de Huancavelica,https://busquedas.elperuano.pe/dispositivo/NL/2352327-2,31/12/2024,,,,,,,,,,,,,,,,,,,,,,,,,,,,,,,,,,,,,,
11/12/2024,2352210-1,"SUPERINTENDENCIA DE BANCA, SEGUROS Y ADMINISTRADORAS PRIVADAS DE FONDOS DE PENSIONES",RESOLUCION,SBS N¯ 04173-2024,Modifican el Reglamento General de las Cooperativas de Ahorro y CrÇdito No Autorizadas a Captar Recursos del P£blico,https://busquedas.elperuano.pe/dispositivo/NL/2352210-1,31/12/2024,,,,,,,,,,,,,,,,,,,,,,,,,,,,,,,,,,,,,,
11/12/2024,2352361-1,GOBIERNO REGIONAL DE LAMBAYEQUE,ORDENANZA,N¯ 000009-2024-GR.LAMB/CR [275260716 - 7],Ordenanza Regional que declara de InterÇs Regional la actualizaci¢n de la Estrategia Regional de Cambio Clim†tico de la Regi¢n de Lambayeque,https://busquedas.elperuano.pe/dispositivo/NL/2352361-1,31/12/2024,,,,,,,,,,,,,,,,,,,,,,,,,,,,,,,,,,,,,,
11/12/2024,2352377-1,GOBIERNO REGIONAL DE LAMBAYEQUE,ORDENANZA,N¯ 000013-2024-GR.LAMB/CR [515553029 - 15],Aprueban el Proyecto Educativo Regional de Lambayeque hacia el 2036 de la Gerencia Regional de Educaci¢n Lambayeque,https://busquedas.elperuano.pe/dispositivo/NL/2352377-1,31/12/2024,,,,,,,,,,,,,,,,,,,,,,,,,,,,,,,,,,,,,,
11/12/2024,2352379-1,GOBIERNO REGIONAL DE LAMBAYEQUE,ORDENANZA,N¯ 000011-2024-GR.LAMB/CR [515393476 - 80],Declaran de necesidad p£blica e interÇs regional la conservaci¢n y sostenibilidad de toda clase de especies hidrobiol¢gicas as° como del desarrollo de la maricultura acuicultura comercio exterior y promoci¢n del turismo en la regi¢n Lambayeque,https://busquedas.elperuano.pe/dispositivo/NL/2352379-1,31/12/2024,,,,,,,,,,,,,,,,,,,,,,,,,,,,,,,,,,,,,,
11/12/2024,2352486-1,GOBIERNO REGIONAL DE LAMBAYEQUE,RESOLUCION,N¯ 000194-2024-GR.LAMB/GEEM [515617243 - 1],Disponen publicar las Concesiones Mineras cuyos T°tulos fueron otorgados por la Gerencia Ejecutiva de Energ°a y Minas del Gobierno Regional de Lambayeque durante el mes de noviembre del 2024,https://busquedas.elperuano.pe/dispositivo/NL/2352486-1,31/12/2024,,,,,,,,,,,,,,,,,,,,,,,,,,,,,,,,,,,,,,
11/12/2024,2352391-1,MUNICIPALIDAD DE SANTIAGO DE SURCO,ORDENANZA,N¯ 714-MSS,Ordenanza que establece el beneficio en el pago de las multas administrativas en el distrito de Santiago de Surco,https://busquedas.elperuano.pe/dispositivo/NL/2352391-1,31/12/2024,,,,,,,,,,,,,,,,,,,,,,,,,,,,,,,,,,,,,,
11/12/2024,2352233-1,MUNICIPALIDAD PROVINCIAL DE CHACHAPOYAS,ACUERDO,N¯ 0106-2024-MPCH,Autorizan viaje del alcalde para participar en evento a realizarse en la Rep£blica de Corea,https://busquedas.elperuano.pe/dispositivo/NL/2352233-1,31/12/2024,,,,,,,,,,,,,,,,,,,,,,,,,,,,,,,,,,,,,,
11/12/2024,2351911-1,MUNICIPALIDAD PROVINCIAL DE LA CONVENCION,ORDENANZA,N¯ 032-2023-MPLC,Ordenanza Municipal que aprueba el Reglamento de Organizaci¢n y Funciones (ROF) y formaliza la Estructura Org†nica de la Municipalidad Provincial La Convenci¢n,https://busquedas.elperuano.pe/dispositivo/NL/2351911-1,31/12/2024,,,,,,,,,,,,,,,,,,,,,,,,,,,,,,,,,,,,,,
11/12/2024,2313695-1,MUNICIPALIDAD DISTRITAL DE SAN ANTONIO,ORDENANZA,N¯ 012-2024-MDSA,Ordenanza Municipal para la implementaci¢n de la Intervenci¢n Saberes Productivos en la Municipalidad Distrital de San Antonio,https://busquedas.elperuano.pe/dispositivo/NL/2313695-1,31/12/2024,,,,,,,,,,,,,,,,,,,,,,,,,,,,,,,,,,,,,,
11/12/2024,2318097-1,MUNICIPALIDAD DISTRITAL DE SAN ANTONIO,ORDENANZA,N¯ 013-2024-MDSA,Ordenanza que aprueba la conformaci¢n del ComitÇ Distrital de Salud de San Antonio como Instancia de Coordinaci¢n Interinstitucional del Sistema Nacional de Salud,https://busquedas.elperuano.pe/dispositivo/NL/2318097-1,31/12/2024,,,,,,,,,,,,,,,,,,,,,,,,,,,,,,,,,,,,,,
11/12/2024,2342201-1,MUNICIPALIDAD DISTRITAL DE SAN ANTONIO,ORDENANZA,N¯ 014-2024-MDSA,Establecen rÇgimen de gradualidad de sanciones por infracciones tributarias,https://busquedas.elperuano.pe/dispositivo/NL/2342201-1,31/12/2024,,,,,,,,,,,,,,,,,,,,,,,,,,,,,,,,,,,,,,
11/12/2024,2342212-1,MUNICIPALIDAD DISTRITAL DE SAN ANTONIO,ORDENANZA,N¯ 015-2024-MDSA,Aprueban el Reglamento de Organizaci¢n y Funciones - ROF y Estructura Org†nica de la municipalidad,https://busquedas.elperuano.pe/dispositivo/NL/2342212-1,31/12/2024,,,,,,,,,,,,,,,,,,,,,,,,,,,,,,,,,,,,,,
11/12/2024,2349505-1,MUNICIPALIDAD DE VENTANILLA,DECRETO DE ALCALDIA,N¯ 11-2024/MDV-ALC,Prorrogan vigencia de la Ordenanza Municipal N¯ 012-2024/MDV que estableci¢ beneficios para la regularizaci¢n de deudas tributarias y no tributarias,https://busquedas.elperuano.pe/dispositivo/NL/2349505-1,31/12/2024,,,,,,,,,,,,,,,,,,,,,,,,,,,,,,,,,,,,,,
11/12/2024,2349485-1,MUNICIPALIDAD DE VENTANILLA,ORDENANZA,N¯ 014-2024/MDV,Ordenanza Municipal que aprueba el Sistema Local de Gesti¢n Ambiental del distrito de Ventanilla,https://busquedas.elperuano.pe/dispositivo/NL/2349485-1,31/12/2024,,,,,,,,,,,,,,,,,,,,,,,,,,,,,,,,,,,,,,
10/12/2024,2352383-1,PRESIDENCIA DEL CONSEJO DE MINISTROS,RESOLUCION MINISTERIAL,N¯ 353-2024-PCM,Autorizan viaje de Presidente del Consejo Nacional de Ciencia Tecnolog°a e Innovaci¢n ? CONCYTEC para participar en evento a realizarse en EE.UU.,https://busquedas.elperuano.pe/dispositivo/NL/2352383-1,31/12/2024,,,,,,,,,,,,,,,,,,,,,,,,,,,,,,,,,,,,,,
10/12/2024,2352073-1,ENERGIA Y MINAS,RESOLUCION MINISTERIAL,N¯ 455-2024-MINEM/DM,Designan Jefe de Gabinete de Asesores del Ministerio de Energ°a y Minas,https://busquedas.elperuano.pe/dispositivo/NL/2352073-1,31/12/2024,,,,,,,,,,,,,,,,,,,,,,,,,,,,,,,,,,,,,,
10/12/2024,2352074-1,INTERIOR,RESOLUCION MINISTERIAL,N¯ 1513-2024-IN,Disponen publicar proyectos de los documentos tÇcnicos Lineamientos para la difusi¢n de las disposiciones del Reglamento del Decreto Legislativo N¯ 1218 y de la Ley N¯ 30120 aprobado mediante Decreto Supremo N¯ 007-2020- IN Lineamientos para el seguimiento y monitoreo del cumplimiento de las disposiciones del Reglamento del Decreto Legislativo N¯ 1218 y de la Ley N¯ 30120 aprobado mediante Decreto Supremo N¯ 007-2020-IN y Lineamientos para la adecuaci¢n de c†maras de videovigilancia en bienes de dominio p£blico,https://busquedas.elperuano.pe/dispositivo/NL/2352074-1,31/12/2024,,,,,,,,,,,,,,,,,,,,,,,,,,,,,,,,,,,,,,
10/12/2024,2352259-1,INTERIOR,RESOLUCION SUPREMA,N¯ 195-2024-IN,Designan a funcionario para desempe§ar temporalmente funciones de Superintendente Nacional de la Superintendencia Nacional de Migraciones - MIGRACIONES,https://busquedas.elperuano.pe/dispositivo/NL/2352259-1,31/12/2024,,,,,,,,,,,,,,,,,,,,,,,,,,,,,,,,,,,,,,
10/12/2024,2352069-1,SALUD,RESOLUCION MINISTERIAL,N¯ 859-2024/MINSA,Aprueban Norma TÇcnica de Salud para el Uso de la Amalgama Dental,https://busquedas.elperuano.pe/dispositivo/NL/2352069-1,31/12/2024,,,,,,,,,,,,,,,,,,,,,,,,,,,,,,,,,,,,,,
10/12/2024,2352070-1,SALUD,RESOLUCION MINISTERIAL,N¯ 860-2024/MINSA,Aprueban Norma TÇcnica de Salud Estrategia de Notificaci¢n Asistida de Contactos de Personas con el Virus de Inmunodeficiencia Humana,https://busquedas.elperuano.pe/dispositivo/NL/2352070-1,31/12/2024,,,,,,,,,,,,,,,,,,,,,,,,,,,,,,,,,,,,,,
10/12/2024,2352071-1,"VIVIENDA, CONSTRUCCI‡N Y SANEAMIENTO",RESOLUCION MINISTERIAL,N¯ 455-2024-VIVIENDA,Designan Director General de la Oficina General de Monitoreo y Evaluaci¢n del Impacto,https://busquedas.elperuano.pe/dispositivo/NL/2352071-1,31/12/2024,,,,,,,,,,,,,,,,,,,,,,,,,,,,,,,,,,,,,,
10/12/2024,2352072-1,"VIVIENDA, CONSTRUCCI‡N Y SANEAMIENTO",RESOLUCION MINISTERIAL,N¯ 456-2024-VIVIENDA,Designan Director General de la Direcci¢n General de Accesibilidad y Desarrollo Tecnol¢gico,https://busquedas.elperuano.pe/dispositivo/NL/2352072-1,31/12/2024,,,,,,,,,,,,,,,,,,,,,,,,,,,,,,,,,,,,,,
10/12/2024,2351997-1,SUPERINTENDENCIA NACIONAL DE ADUANAS Y DE ADMINISTRACI‡N TRIBUTARIA,RESOLUCION,N¯ 000027-2024-SUNAT/300000,Resoluci¢n de Superintendencia Nacional Adjunta de Aduanas que aprueba la facultad discrecional para no sancionar infracciones previstas en la Ley General de Aduanas relacionadas al rÇgimen de transbordo,https://busquedas.elperuano.pe/dispositivo/NL/2351997-1,31/12/2024,,,,,,,,,,,,,,,,,,,,,,,,,,,,,,,,,,,,,,
10/12/2024,2350533-1,INSTITUCIONES EDUCATIVAS,RESOLUCION,N¯ 3913-2024-UNSCH-CU,Autorizan viaje de docente de la Universidad Nacional de San Crist¢bal de Huamanga para realizar pasant°a de investigaci¢n en Colombia,https://busquedas.elperuano.pe/dispositivo/NL/2350533-1,31/12/2024,,,,,,,,,,,,,,,,,,,,,,,,,,,,,,,,,,,,,,
10/12/2024,2351837-1,INSTITUCIONES EDUCATIVAS,RESOLUCION,N¯ 3588-2024-R-UNE,Aprueban el Manual de Clasificador de Cargos (MCC) de la Universidad Nacional de Educaci¢n Enrique Guzm†n y Valle,https://busquedas.elperuano.pe/dispositivo/NL/2351837-1,31/12/2024,,,,,,,,,,,,,,,,,,,,,,,,,,,,,,,,,,,,,,
10/12/2024,2351406-1,"SUPERINTENDENCIA DE BANCA, SEGUROS Y ADMINISTRADORAS PRIVADAS DE FONDOS DE PENSIONES",RESOLUCION,SBS N¯ 04157-2024,Ampl°an plazo de adecuaci¢n dispuesto en el Art°culo Quinto de la Resoluci¢n SBS N¯ 3251-2024 para efectos de la implementaci¢n de las modificaciones introducidas en el inciso e) del art°culo 93¯ y el primer p†rrafo del art°culo 94¯ del T°tulo VII del Compendio de Normas de Superintendencia Reglamentarias del SPP contenidas en el Art°culo Segundo de la Resoluci¢n SBS N¯ 3251-2024,https://busquedas.elperuano.pe/dispositivo/NL/2351406-1,31/12/2024,,,,,,,,,,,,,,,,,,,,,,,,,,,,,,,,,,,,,,
10/12/2024,2352455-1,MUNICIPALIDAD DE SAN JUAN DE LURIGANCHO,Decretos de Alcald°a,N¯ 022-2024-MDSJL,Prorrogan fecha del Segundo Sorteo P£blico de Premios por Pago Puntual de Obligaciones Tributarias en el distrito de San Juan de Lurigancho,https://epdoc2.elperuano.pe/EpPo/VistaDE.asp?Referencias=MjM1MjQ1NS0xMjAyNDEyMTA=,31/12/2024,,,,,,,,,,,,,,,,,,,,,,,,,,,,,,,,,,,,,,
09/12/2024,2351409-1,PRESIDENCIA DEL CONSEJO DE MINISTROS,RESOLUCION JEFATURAL,N¯ 00138-2024-ANIN,Designan Ejecutivo de la Subdirecci¢n de Estudios de Mercado de la Direcci¢n de Adquisiciones para Infraestructura de la Autoridad Nacional de Infraestructura,https://busquedas.elperuano.pe/dispositivo/NL/2351409-1,31/12/2024,,,,,,,,,,,,,,,,,,,,,,,,,,,,,,,,,,,,,,
09/12/2024,2351574-1,GOBIERNO REGIONAL DE AREQUIPA,RESOLUCION,N¯ 246 -2024-GRA/GREM,Disponen la publicaci¢n de concesiones mineras cuyos t°tulos fueron aprobados entre los meses de mayo de 2024 a noviembre de 2024,https://busquedas.elperuano.pe/dispositivo/NL/2351574-1,31/12/2024,,,,,,,,,,,,,,,,,,,,,,,,,,,,,,,,,,,,,,
09/12/2024,2349009-1,MUNICIPALIDAD PROVINCIAL DE ATALAYA,ACUERDO,N¯ 165-2024-MPA,Autorizan viaje de funcionarios de la municipalidad a Costa Rica en comisi¢n de servicios,https://busquedas.elperuano.pe/dispositivo/NL/2349009-1,31/12/2024,,,,,,,,,,,,,,,,,,,,,,,,,,,,,,,,,,,,,,
09/12/2024,2351952-1,MUNICIPALIDAD DE CARMEN DE LA LEGUA REYNOSO,Ordenanzas,N¯ 009-2024-MDCLR,Ordenanza que aprueba la creaci¢n del ComitÇ Distrital de Prevenci¢n y Lucha contra el Dengue,https://epdoc2.elperuano.pe/EpPo/VistaDE.asp?Referencias=MjM1MTk1Mi0xMjAyNDEyMDk=,31/12/2024,,,,,,,,,,,,,,,,,,,,,,,,,,,,,,,,,,,,,,
08/12/2024,2351940-1,DESARROLLO E INCLUSI‡N SOCIAL,RESOLUCION MINISTERIAL,N¯ D000193-2024-MIDIS,Aprueban la Directiva de formulaci¢n de la raci¢n alimentaria y Metodolog°a para el c†lculo presupuestal seg£n modalidades de atenci¢n del Programa de Complementaci¢n Alimentaria - PCA,https://busquedas.elperuano.pe/dispositivo/NL/2351940-1,31/12/2024,,,,,,,,,,,,,,,,,,,,,,,,,,,,,,,,,,,,,,
08/12/2024,2352066-1,ORGANISMO DE FORMALIZACI‡N DE LA PROPIEDAD INFORMAL,RESOLUCION DIRECTORAL,N¯ D000171-2024-COFOPRI-DE,Modifican el art°culo 1 de la R.D. N¯ D000163-2024-COFOPRI-DE,https://busquedas.elperuano.pe/dispositivo/NL/2352066-1,31/12/2024,,,,,,,,,,,,,,,,,,,,,,,,,,,,,,,,,,,,,,
08/12/2024,2351745-1,SUPERINTENDENCIA NACIONAL DE ADUANAS Y DE ADMINISTRACI‡N TRIBUTARIA,RESOLUCION,N¯ 000203-2024-SUNAT/800000,Dejan sin efecto designaci¢n y designan Supervisor 1 de la Gerencia de Administraci¢n y Finanzas de la Intendencia Nacional de Ejecuci¢n de Inversiones,https://busquedas.elperuano.pe/dispositivo/NL/2351745-1,31/12/2024,,,,,,,,,,,,,,,,,,,,,,,,,,,,,,,,,,,,,,
08/12/2024,2351875-1,SUPERINTENDENCIA NACIONAL DE ADUANAS Y DE ADMINISTRACI‡N TRIBUTARIA,RESOLUCION,N¯ 000276-2024/SUNAT,Resoluci¢n de Superintendencia que modifica el procedimiento espec°fico Solicitud de rectificaci¢n electr¢nica de declaraci¢n DESPA-PE.00.11 (versi¢n 3),https://busquedas.elperuano.pe/dispositivo/NL/2351875-1,31/12/2024,,,,,,,,,,,,,,,,,,,,,,,,,,,,,,,,,,,,,,
08/12/2024,2352067-1,SUPERINTENDENCIA NACIONAL DE ADUANAS Y DE ADMINISTRACI‡N TRIBUTARIA,RESOLUCION,N¯ 000279-2024/SUNAT,Disponen la publicaci¢n del proyecto de resoluci¢n de superintendencia que aprueba disposiciones para la implementaci¢n del Decreto Legislativo N¯ 1532 y modifica la normativa de comprobantes de pago,https://busquedas.elperuano.pe/dispositivo/NL/2352067-1,31/12/2024,,,,,,,,,,,,,,,,,,,,,,,,,,,,,,,,,,,,,,
08/12/2024,2351108-1,INSTITUCIONES EDUCATIVAS,RESOLUCION,N¯ 3448-2024-R-UNA,Autorizan viaje de docentes de la Universidad Nacional del Altiplano de Puno para participar en evento a realizarse en Espa§a,https://busquedas.elperuano.pe/dispositivo/NL/2351108-1,31/12/2024,,,,,,,,,,,,,,,,,,,,,,,,,,,,,,,,,,,,,,
08/12/2024,2352068-1,OFICINA NACIONAL DE PROCESOS ELECTORALES,RESOLUCION JEFATURAL,N¯ 000201-2024-JN/ONPE,Aprueban el Programa de Transici¢n en el Marco de las Normas Internacionales de Contabilidad del Sector P£blico - NICSP del Pliego N¯ 032 ? Oficina Nacional de Procesos Electorales ? ONPE,https://busquedas.elperuano.pe/dispositivo/NL/2352068-1,31/12/2024,,,,,,,,,,,,,,,,,,,,,,,,,,,,,,,,,,,,,,
08/12/2024,2351939-1,REGISTRO NACIONAL DE IDENTIFICACION Y ESTADO CIVIL,RESOLUCION JEFATURAL,N¯ 000188-2024/JNAC/RENIEC,Autorizan viaje de servidores del RENIEC a los Estados Unidos de AmÇrica en comisi¢n de servicios,https://busquedas.elperuano.pe/dispositivo/NL/2351939-1,31/12/2024,,,,,,,,,,,,,,,,,,,,,,,,,,,,,,,,,,,,,,
08/12/2024,2350962-1,GOBIERNO REGIONAL DE AREQUIPA,ORDENANZA,N¯ 526-AREQUIPA,Ordenanza Regional que constituye la Comisi¢n Regional de Registros Geneal¢gicos de Alpacas y Llamas de la Regi¢n de Arequipa,https://busquedas.elperuano.pe/dispositivo/NL/2350962-1,31/12/2024,,,,,,,,,,,,,,,,,,,,,,,,,,,,,,,,,,,,,,
08/12/2024,2351819-1,MUNICIPALIDAD DE CIENEGUILLA,Ordenanzas,N¯ 395-2024-MDC,Ordenanza que prorroga para el ejercicio 2025 la vigencia del monto del derecho de emisi¢n mecanizada de actualizaci¢n de valores determinaci¢n de impuesto predial y arbitrios municipales y distribuci¢n domiciliaria correspondiente al ejercicio fiscal 2024,https://epdoc2.elperuano.pe/EpPo/VistaDE.asp?Referencias=MjM1MTgxOS0xMjAyNDEyMDg=,31/12/2024,,,,,,,,,,,,,,,,,,,,,,,,,,,,,,,,,,,,,,
08/12/2024,2351829-1,MUNICIPALIDAD DE CIENEGUILLA,Ordenanzas,N¯ 396-2024-MDC,Ordenanza que establece el monto m°nimo del Impuesto Predial las fechas de vencimiento para el pago del Impuesto Predial y Arbitrios Municipales para el ejercicio 2025,https://epdoc2.elperuano.pe/EpPo/VistaDE.asp?Referencias=MjM1MTgyOS0xMjAyNDEyMDg=,31/12/2024,,,,,,,,,,,,,,,,,,,,,,,,,,,,,,,,,,,,,,
08/12/2024,2351390-1,MUNICIPALIDAD DE SAN JUAN DE LURIGANCHO,Acuerdo,N¯ 135-2024-MDSJL,Autorizan viaje de regidor de la Municipalidad Distrital de San de Lurigancho a El Salvador para conocer y compartir experiencias relacionadas a temas de seguridad ciudadana y desarrollo econ¢mico local e integraci¢n social,https://epdoc2.elperuano.pe/EpPo/VistaDE.asp?Referencias=MjM1MTM5MC0xMjAyNDEyMDg=,31/12/2024,,,,,,,,,,,,,,,,,,,,,,,,,,,,,,,,,,,,,,
08/12/2024,2351398-1,MUNICIPALIDAD DE SAN JUAN DE LURIGANCHO,Acuerdo,N¯ 136-2024-MDSJL,Autorizan viaje de regidora de la Municipalidad Distrital de San de Lurigancho a El Salvador para conocer y compartir experiencias relacionadas a temas de seguridad ciudadana y desarrollo econ¢mico local e integraci¢n social,https://epdoc2.elperuano.pe/EpPo/VistaDE.asp?Referencias=MjM1MTM5OC0xMjAyNDEyMDg=,31/12/2024,,,,,,,,,,,,,,,,,,,,,,,,,,,,,,,,,,,,,,
08/12/2024,2351400-1,MUNICIPALIDAD DE SAN JUAN DE LURIGANCHO,Acuerdo,N¯ 137-2024-MDSJL,Autorizan viaje de Alcalde de la Municipalidad Distrital de San Juan de Lurigancho a El Salvador para conocer y compartir experiencias relacionadas a temas de seguridad ciudadana y desarrollo econ¢mico local e integraci¢n social,https://epdoc2.elperuano.pe/EpPo/VistaDE.asp?Referencias=MjM1MTQwMC0xMjAyNDEyMDg=,31/12/2024,,,,,,,,,,,,,,,,,,,,,,,,,,,,,,,,,,,,,,
08/12/2024,2351769-1,MUNICIPALIDAD PROVINCIAL DEL CALLAO,ORDENANZA,N¯ 028-2024/MPC,Ordenanza Municipal que modifica las condiciones de operatividad de las unidades de la tipolog°a vehicular de la categor°a L5 y establece disposiciones para las acciones de fiscalizaci¢n y control,https://busquedas.elperuano.pe/dispositivo/NL/2351769-1,31/12/2024,,,,,,,,,,,,,,,,,,,,,,,,,,,,,,,,,,,,,,
08/12/2024,2351771-1,MUNICIPALIDAD PROVINCIAL DEL CALLAO,ORDENANZA,N¯ 029-2024/MPC,Ordenanza Municipal que crea el Programa Adopta un Balc¢n Chalaco Conservaci¢n de Balc¢n y Mantenimiento de Fachada ? Primera Etapa,https://busquedas.elperuano.pe/dispositivo/NL/2351771-1,31/12/2024,,,,,,,,,,,,,,,,,,,,,,,,,,,,,,,,,,,,,,
08/12/2024,2350858-1,MUNICIPALIDAD DE BELLAVISTA,Decretos de Alcald°a,N¯ 012-2024-MDB,Ampl°an vigencia de la Ordenanza Nß 03-2024-MDB que estableci¢ el beneficio de regularizaci¢n de las edificaciones sin licencia en el distrito de Bellavista,https://epdoc2.elperuano.pe/EpPo/VistaDE.asp?Referencias=MjM1MDg1OC0xMjAyNDEyMDg=,31/12/2024,,,,,,,,,,,,,,,,,,,,,,,,,,,,,,,,,,,,,,
07/12/2024,2351726-1,PRESIDENCIA DEL CONSEJO DE MINISTROS,RESOLUCION MINISTERIAL,N¯ 351-2024-PCM,Disponen la publicaci¢n del proyecto de Decreto Supremo que modifica el Reglamento del Tribunal del Servicio Civil aprobado mediante Decreto Supremo N¯ 008-2010-PCM y su respectiva Exposici¢n de Motivos,https://busquedas.elperuano.pe/dispositivo/NL/2351726-1,31/12/2024,,,,,,,,,,,,,,,,,,,,,,,,,,,,,,,,,,,,,,
07/12/2024,2351728-1,PRESIDENCIA DEL CONSEJO DE MINISTROS,RESOLUCION MINISTERIAL,N¯ 350-2024-PCM,Aprueban los Lineamientos para la elaboraci¢n aprobaci¢n seguimiento y actualizaci¢n de la Pol°tica General de Gobierno,https://busquedas.elperuano.pe/dispositivo/NL/2351728-1,31/12/2024,,,,,,,,,,,,,,,,,,,,,,,,,,,,,,,,,,,,,,
07/12/2024,2351735-1,DEFENSA,RESOLUCION MINISTERIAL,N¯ 01711-2024-DE,Autorizan viaje de personal militar de la Fuerza AÇrea del Per£ a Espa§a en misi¢n de estudios,https://busquedas.elperuano.pe/dispositivo/NL/2351735-1,31/12/2024,,,,,,,,,,,,,,,,,,,,,,,,,,,,,,,,,,,,,,
07/12/2024,2351739-1,DEFENSA,RESOLUCION MINISTERIAL,N¯ 01714-2024-DE,Autorizan viaje del Director General de Relaciones Internacionales y del Director de Asuntos Multilaterales y Cooperaci¢n Internacional del Ministerio a Uruguay en comisi¢n de servicios,https://busquedas.elperuano.pe/dispositivo/NL/2351739-1,31/12/2024,,,,,,,,,,,,,,,,,,,,,,,,,,,,,,,,,,,,,,
07/12/2024,2352000-1,JUSTICIA Y DERECHOS HUMANOS,DECRETO SUPREMO,N¯ 018-2024-JUS,Decreto Supremo que aprueba la Pol°tica Nacional Multisectorial de Derechos Humanos al 2040,https://busquedas.elperuano.pe/dispositivo/NL/2352000-1,31/12/2024,,,,,,,,,,,,,,,,,,,,,,,,,,,,,,,,,,,,,,
07/12/2024,2351695-1,PRODUCE,RESOLUCION MINISTERIAL,N¯ 000481-2024-PRODUCE,Disponen la publicaci¢n del proyecto de Decreto Supremo que modifica el Reglamento de la Ley General de Pesca aprobado por Decreto Supremo N¯ 012-2001-PE y el Reglamento de Fiscalizaci¢n y Sanci¢n de las Actividades Pesqueras y Acu°colas aprobado por Decreto Supremo N¯ 017-2017-PRODUCE y su exposici¢n de motivos,https://busquedas.elperuano.pe/dispositivo/NL/2351695-1,31/12/2024,,,,,,,,,,,,,,,,,,,,,,,,,,,,,,,,,,,,,,
07/12/2024,2351696-1,PRODUCE,RESOLUCION MINISTERIAL,N¯ 000482-2024-PRODUCE,Disponen la publicaci¢n del proyecto de Resoluci¢n Ministerial que aprueba Disposiciones que regulan la gesti¢n de residuos s¢lidos de los titulares de actividades de la industria manufacturera y de comercio interno que no se encuentran obligados a contar con un instrumento de gesti¢n ambiental y sus Anexos,https://busquedas.elperuano.pe/dispositivo/NL/2351696-1,31/12/2024,,,,,,,,,,,,,,,,,,,,,,,,,,,,,,,,,,,,,,
07/12/2024,2351097-1,TRANSPORTES Y COMUNICACIONES,RESOLUCION DIRECTORAL,N¯ 0700-2024-MTC 17.03,Autorizan a la empresa JGM CITV VERIFICA SOCIEDAD ANONIMA CERRADA para operar como Centro de Inspecci¢n TÇcnica Vehicular Fijo en local ubicado en el departamento de Hu†nuco,https://busquedas.elperuano.pe/dispositivo/NL/2351097-1,31/12/2024,,,,,,,,,,,,,,,,,,,,,,,,,,,,,,,,,,,,,,
07/12/2024,2351247-1,TRANSPORTES Y COMUNICACIONES,RESOLUCION MINISTERIAL,N¯ 715-2024-MTC/01.02,Aprueban ejecuci¢n de expropiaci¢n de †reas afectadas de inmueble para la ejecuci¢n de la obra: Tramos viales del eje multimodal del Amazonas Norte del Plan de acci¢n para la integraci¢n de infraestructura regional sudamericana ? IIRSA,https://busquedas.elperuano.pe/dispositivo/NL/2351247-1,31/12/2024,,,,,,,,,,,,,,,,,,,,,,,,,,,,,,,,,,,,,,
07/12/2024,2351271-1,TRANSPORTES Y COMUNICACIONES,RESOLUCION MINISTERIAL,N¯ 717-2024-MTC/01.03,Aprueban ejecuci¢n de expropiaci¢n del †rea afectada de un (1) inmueble para la ejecuci¢n del proyecto: Red Dorsal Nacional de Fibra ‡ptica: Cobertura Universal Norte Cobertura Universal Sur y Cobertura Universal Centro,https://busquedas.elperuano.pe/dispositivo/NL/2351271-1,31/12/2024,,,,,,,,,,,,,,,,,,,,,,,,,,,,,,,,,,,,,,
07/12/2024,2351277-1,TRANSPORTES Y COMUNICACIONES,RESOLUCION MINISTERIAL,N¯ 718-2024-MTC/01.03,Otorgan a la empresa OPTICAL NET S.A.C. Concesi¢n Ènica para la prestaci¢n de servicios p£blicos de telecomunicaciones en †rea que comprende todo el territorio de la Rep£blica,https://busquedas.elperuano.pe/dispositivo/NL/2351277-1,31/12/2024,,,,,,,,,,,,,,,,,,,,,,,,,,,,,,,,,,,,,,
07/12/2024,2351286-1,TRANSPORTES Y COMUNICACIONES,RESOLUCION MINISTERIAL,N¯ 720-2024-MTC/01.02,Autorizan viaje de inspector de la Direcci¢n General de Aeron†utica Civil a Colombia en comisi¢n de servicios,https://busquedas.elperuano.pe/dispositivo/NL/2351286-1,31/12/2024,,,,,,,,,,,,,,,,,,,,,,,,,,,,,,,,,,,,,,
07/12/2024,2351288-1,TRANSPORTES Y COMUNICACIONES,RESOLUCION MINISTERIAL,N¯ 721-2024-MTC/01.03,Otorgan a la empresa BOOM TEL S.A.C. Concesi¢n Ènica para la prestaci¢n de servicios p£blicos de telecomunicaciones en †rea que comprende todo el territorio de la Rep£blica,https://busquedas.elperuano.pe/dispositivo/NL/2351288-1,31/12/2024,,,,,,,,,,,,,,,,,,,,,,,,,,,,,,,,,,,,,,
07/12/2024,2351543-1,TRANSPORTES Y COMUNICACIONES,RESOLUCION MINISTERIAL,N¯ 722-2024-MTC/01.02,Aprueban ejecuci¢n de expropiaci¢n de †rea afectada de bienes inmuebles para la ejecuci¢n de la obra: Aeropuerto Cadete FAP Guillermo del Castillo Paredes ubicado en el departamento de San Mart°n y el valor de tasaci¢n,https://busquedas.elperuano.pe/dispositivo/NL/2351543-1,31/12/2024,,,,,,,,,,,,,,,,,,,,,,,,,,,,,,,,,,,,,,
07/12/2024,2351566-1,TRANSPORTES Y COMUNICACIONES,RESOLUCION MINISTERIAL,N¯ 724-2024-MTC/01,Aprueban la creaci¢n de la Red de Integridad del sector Transportes y Comunicaciones para fortalecer la prevenci¢n de la corrupci¢n,https://busquedas.elperuano.pe/dispositivo/NL/2351566-1,31/12/2024,,,,,,,,,,,,,,,,,,,,,,,,,,,,,,,,,,,,,,
07/12/2024,2351575-1,TRANSPORTES Y COMUNICACIONES,RESOLUCION MINISTERIAL,N¯ 725-2024-MTC/01.02,Aprueban Lineamientos para el otorgamiento de la subvenci¢n as° como para la ejecuci¢n y rendici¢n de cuentas de los recursos financieros otorgados mediante subvenciones en el marco de lo establecido en la Ley N¯ 32122,https://busquedas.elperuano.pe/dispositivo/NL/2351575-1,31/12/2024,,,,,,,,,,,,,,,,,,,,,,,,,,,,,,,,,,,,,,
07/12/2024,2351596-1,TRANSPORTES Y COMUNICACIONES,RESOLUCION MINISTERIAL,N¯ 727-2024-MTC/01.02,Derogan la Resoluci¢n Ministerial N¯ 233-2000-MTC/15.02 que precisa el derecho de v°a de diversos tramos del Proyecto Especial PerifÇrico Vial Norte,https://busquedas.elperuano.pe/dispositivo/NL/2351596-1,31/12/2024,,,,,,,,,,,,,,,,,,,,,,,,,,,,,,,,,,,,,,
07/12/2024,2351650-1,TRANSPORTES Y COMUNICACIONES,RESOLUCION MINISTERIAL,N¯ 728-2024-MTC/01.03,Aprueban ejecuci¢n de Expropiaci¢n del †rea afectada de un (1) inmueble para la ejecuci¢n del proyecto: Red Dorsal Nacional de Fibra ‡ptica: Cobertura Universal Norte Cobertura Universal Sur y Cobertura Universal Centro,https://busquedas.elperuano.pe/dispositivo/NL/2351650-1,31/12/2024,,,,,,,,,,,,,,,,,,,,,,,,,,,,,,,,,,,,,,
07/12/2024,2351708-1,"VIVIENDA, CONSTRUCCI‡N Y SANEAMIENTO",RESOLUCION MINISTERIAL,N¯ 452-2024-VIVIENDA,Autorizan Transferencia Financiera a favor de la Entidad Prestadora de Servicio de Saneamiento Grau S.A.,https://busquedas.elperuano.pe/dispositivo/NL/2351708-1,31/12/2024,,,,,,,,,,,,,,,,,,,,,,,,,,,,,,,,,,,,,,
07/12/2024,2352065-1,"VIVIENDA, CONSTRUCCI‡N Y SANEAMIENTO",RESOLUCION MINISTERIAL,N¯ 453-2024-VIVIENDA,Autorizan Transferencia Financiera a favor de la Entidad Prestadora de Servicio de Saneamiento Grau S.A.,https://busquedas.elperuano.pe/dispositivo/NL/2352065-1,31/12/2024,,,,,,,,,,,,,,,,,,,,,,,,,,,,,,,,,,,,,,
07/12/2024,2350811-1,ORGANISMO SUPERVISOR DE INVERSION PRIVADA EN TELECOMUNICACIONES,RESOLUCION,N¯ 00233-2024-CD/OSIPTEL,Ampl°an plazo de entrada en vigencia del Reglamento de Portabilidad NumÇrica en el Servicio P£blico M¢vil y en el Servicio de Telefon°a Fija,https://busquedas.elperuano.pe/dispositivo/NL/2350811-1,31/12/2024,,,,,,,,,,,,,,,,,,,,,,,,,,,,,,,,,,,,,,
07/12/2024,2351736-1,AUTORIDAD DE TRANSPORTE URBANO PARA LIMA Y CALLAO,RESOLUCION DIRECTORAL,N¯ D-000048-2024-ATU/DO,Actualizan los par†metros tÇcnicos que deben aplicarse para la creaci¢n de oficio de servicios expresos por centralidad con demanda excepcional atractoras bajo administraci¢n privada,https://busquedas.elperuano.pe/dispositivo/NL/2351736-1,31/12/2024,,,,,,,,,,,,,,,,,,,,,,,,,,,,,,,,,,,,,,
07/12/2024,2351742-1,AUTORIDAD DE TRANSPORTE URBANO PARA LIMA Y CALLAO,RESOLUCION DIRECTORAL,N¯ D-000049-2024-ATU/DO,Aprueban lineamientos para la identificaci¢n externa de los veh°culos destinados a la prestaci¢n de servicios expresos en centralidades con demanda excepcional por atracci¢n bajo administraci¢n privada,https://busquedas.elperuano.pe/dispositivo/NL/2351742-1,31/12/2024,,,,,,,,,,,,,,,,,,,,,,,,,,,,,,,,,,,,,,
07/12/2024,2351451-1,SUPERINTENDENCIA NACIONAL DE ADUANAS Y DE ADMINISTRACI‡N TRIBUTARIA,RESOLUCION,N¯ 000202-2024-SUNAT/800000,Dejan sin efecto designaciones y designan Fedatarios Institucionales de la Intendencia Lima,https://busquedas.elperuano.pe/dispositivo/NL/2351451-1,31/12/2024,,,,,,,,,,,,,,,,,,,,,,,,,,,,,,,,,,,,,,
07/12/2024,2348071-1,ACADEMIA DE LA MAGISTRATURA,RESOLUCION,N¯ 000018-2024-D-AMAG/CD,Designan Vicepresidenta del Consejo Directivo de la Academia de la Magistratura,https://busquedas.elperuano.pe/dispositivo/NL/2348071-1,31/12/2024,,,,,,,,,,,,,,,,,,,,,,,,,,,,,,,,,,,,,,
07/12/2024,2351081-1,ACADEMIA DE LA MAGISTRATURA,RESOLUCION,N¯ 000019-2024-D-AMAG/CD,Rectifican error material incurrido en el Art°culo Cuarto de la Resoluci¢n N¯ 000018-2024-D-AMAG/CD,https://busquedas.elperuano.pe/dispositivo/NL/2351081-1,31/12/2024,,,,,,,,,,,,,,,,,,,,,,,,,,,,,,,,,,,,,,
07/12/2024,2351717-1,DEFENSORIA DEL PUEBLO,RESOLUCION,N¯ 020-2024/DP,Autorizan viaje del Defensor del Pueblo a Espa§a en comisi¢n de servicios,https://busquedas.elperuano.pe/dispositivo/NL/2351717-1,31/12/2024,,,,,,,,,,,,,,,,,,,,,,,,,,,,,,,,,,,,,,
07/12/2024,2351709-1,INSTITUCIONES EDUCATIVAS,RESOLUCION,N¯ 014499-2024-R/UNMSM,Ratifican resoluci¢n que autoriza viaje de docente de la Universidad Nacional Mayor de San Marcos a Ecuador en comisi¢n de servicios,https://busquedas.elperuano.pe/dispositivo/NL/2351709-1,31/12/2024,,,,,,,,,,,,,,,,,,,,,,,,,,,,,,,,,,,,,,
07/12/2024,2351345-1,"SUPERINTENDENCIA DE BANCA, SEGUROS Y ADMINISTRADORAS PRIVADAS DE FONDOS DE PENSIONES",RESOLUCION,SBS N¯ 04158-2024,Autorizan viaje de funcionarios para participar en evento a realizarse en EE.UU.,https://busquedas.elperuano.pe/dispositivo/NL/2351345-1,31/12/2024,,,,,,,,,,,,,,,,,,,,,,,,,,,,,,,,,,,,,,
07/12/2024,2350841-1,GOBIERNO REGIONAL DEL CALLAO,ORDENANZA,N¯ 008,Ordenanza Regional que declara de interÇs regional y de necesidad p£blica la construcci¢n del Nuevo Hospital San JosÇ,https://busquedas.elperuano.pe/dispositivo/NL/2350841-1,31/12/2024,,,,,,,,,,,,,,,,,,,,,,,,,,,,,,,,,,,,,,
07/12/2024,2343340-1,MUNICIPALIDAD METROPOLITANA DE LIMA,ORDENANZA,N¯ 2671,Ordenanza que modifica el plano de zonificaci¢n del Cercado de Lima aprobado por Ordenanza N¯ 893,https://busquedas.elperuano.pe/dispositivo/NL/2343340-1,31/12/2024,,,,,,,,,,,,,,,,,,,,,,,,,,,,,,,,,,,,,,
07/12/2024,2349600-1,MUNICIPALIDAD DE CHORRILLOS,Ordenanzas,N¯ 501-MDCH,Ordenanza que aprueba la gesti¢n manejo protecci¢n y conservaci¢n de †reas verdes de uso p£blico en el distrito de Chorrillos,https://epdoc2.elperuano.pe/EpPo/VistaDE.asp?Referencias=MjM0OTYwMC0xMjAyNDEyMDc=,31/12/2024,,,,,,,,,,,,,,,,,,,,,,,,,,,,,,,,,,,,,,
07/12/2024,2351611-1,MUNICIPALIDAD DE JESUS MARIA,Fe de Erratas,Ordenanza N¯ 731-MDJM,.,https://epdoc2.elperuano.pe/EpPo/VistaDE.asp?Referencias=MjM1MTYxMS0xMjAyNDEyMDc=,31/12/2024,,,,,,,,,,,,,,,,,,,,,,,,,,,,,,,,,,,,,,
07/12/2024,2351835-1,MUNICIPALIDAD DE PUEBLO LIBRE,Decretos de Alcald°a,N¯ 010-2024-MPL,Modifican el Art°culo Segundo del Decreto de Alcald°a N¯ 009-2024-MPL mediante el cual se cre¢ el Dep¢sito Municipal de Veh°culos (DMV) de la Municipalidad de Pueblo Libre,https://epdoc2.elperuano.pe/EpPo/VistaDE.asp?Referencias=MjM1MTgzNS0xMjAyNDEyMDc=,31/12/2024,,,,,,,,,,,,,,,,,,,,,,,,,,,,,,,,,,,,,,
07/12/2024,2351341-1,MUNICIPALIDAD DE SAN JUAN DE LURIGANCHO,Acuerdo,N¯ 133-2024-MDSJL,Autorizan viaje de regidor de la Municipalidad Distrital de San de Lurigancho a El Salvador para conocer y compartir experiencias relacionadas a temas de seguridad ciudadana y desarrollo econ¢mico local e integraci¢n social,https://epdoc2.elperuano.pe/EpPo/VistaDE.asp?Referencias=MjM1MTM0MS0xMjAyNDEyMDc=,31/12/2024,,,,,,,,,,,,,,,,,,,,,,,,,,,,,,,,,,,,,,
07/12/2024,2351346-1,MUNICIPALIDAD DE SAN JUAN DE LURIGANCHO,Acuerdo,N¯ 134-2024-MDSJL,Autorizan viaje de regidor de la Municipalidad Distrital de San de Lurigancho a El Salvador para conocer y compartir experiencias relacionadas a temas de seguridad ciudadana y desarrollo econ¢mico local e integraci¢n social,https://epdoc2.elperuano.pe/EpPo/VistaDE.asp?Referencias=MjM1MTM0Ni0xMjAyNDEyMDc=,31/12/2024,,,,,,,,,,,,,,,,,,,,,,,,,,,,,,,,,,,,,,
07/12/2024,2351509-1,MUNICIPALIDAD DE SANTA ANITA,ORDENANZA,N¯ 00362/MDSA,Ordenanza que aprueba el Reglamento de Altas Bajas y Disposici¢n Final de Bienes Patrimoniales de la Municipalidad Distrital de Santa Anita,https://busquedas.elperuano.pe/dispositivo/NL/2351509-1,31/12/2024,,,,,,,,,,,,,,,,,,,,,,,,,,,,,,,,,,,,,,
06/12/2024,2351691-1,PRESIDENCIA DEL CONSEJO DE MINISTROS,DECRETO SUPREMO,N¯ 134-2024-PCM,Decreto Supremo que declara el Estado de Emergencia en varios distritos de las provincias del departamento de Lambayeque por peligro inminente ante dÇficit h°drico,https://busquedas.elperuano.pe/dispositivo/NL/2351691-1,31/12/2024,,,,,,,,,,,,,,,,,,,,,,,,,,,,,,,,,,,,,,
06/12/2024,2351691-2,PRESIDENCIA DEL CONSEJO DE MINISTROS,DECRETO SUPREMO,N¯ 135-2024-PCM,Decreto Supremo que prorroga el Estado de Emergencia declarado en las provincias de Putumayo y Mariscal Ram¢n Castilla del departamento de Loreto,https://busquedas.elperuano.pe/dispositivo/NL/2351691-2,31/12/2024,,,,,,,,,,,,,,,,,,,,,,,,,,,,,,,,,,,,,,
06/12/2024,2351691-3,PRESIDENCIA DEL CONSEJO DE MINISTROS,DECRETO SUPREMO,N¯ 136-2024-PCM,Decreto Supremo que prorroga el Estado de Emergencia declarado en la provincia de Trujillo del departamento de La Libertad,https://busquedas.elperuano.pe/dispositivo/NL/2351691-3,31/12/2024,,,,,,,,,,,,,,,,,,,,,,,,,,,,,,,,,,,,,,
06/12/2024,2351691-4,PRESIDENCIA DEL CONSEJO DE MINISTROS,DECRETO SUPREMO,N¯ 137-2024-PCM,Decreto Supremo que prorroga el Estado de Emergencia declarado en la provincia de Vir£ del departamento de La Libertad,https://busquedas.elperuano.pe/dispositivo/NL/2351691-4,31/12/2024,,,,,,,,,,,,,,,,,,,,,,,,,,,,,,,,,,,,,,
06/12/2024,2351691-5,PRESIDENCIA DEL CONSEJO DE MINISTROS,DECRETO SUPREMO,N¯ 138-2024-PCM,Decreto Supremo que prorroga el Estado de Emergencia en la provincia de Pataz del departamento de La Libertad,https://busquedas.elperuano.pe/dispositivo/NL/2351691-5,31/12/2024,,,,,,,,,,,,,,,,,,,,,,,,,,,,,,,,,,,,,,
06/12/2024,2351693-1,PRESIDENCIA DEL CONSEJO DE MINISTROS,DECRETO SUPREMO,N¯ 140-2024-PCM,Decreto Supremo que modifica el art°culo 15 del Reglamento de la Ley N¯ 29664 Ley que crea el Sistema Nacional de Gesti¢n del Riesgo de Desastres (SINAGERD) aprobado por Decreto Supremo N¯ 048-2011-PCM,https://busquedas.elperuano.pe/dispositivo/NL/2351693-1,31/12/2024,,,,,,,,,,,,,,,,,,,,,,,,,,,,,,,,,,,,,,
06/12/2024,2351693-2,PRESIDENCIA DEL CONSEJO DE MINISTROS,DECRETO SUPREMO,N¯ 141-2024-PCM,Decreto Supremo que aprueba los Lineamientos para la ejecuci¢n de la fiscalizaci¢n posterior aleatoria de los procedimientos administrativos y para el funcionamiento de la Central de Riesgo Administrativo aplicables a las entidades de la administraci¢n p£blica,https://busquedas.elperuano.pe/dispositivo/NL/2351693-2,31/12/2024,,,,,,,,,,,,,,,,,,,,,,,,,,,,,,,,,,,,,,
06/12/2024,2351694-1,PRESIDENCIA DEL CONSEJO DE MINISTROS,DECRETO SUPREMO,N¯ 139-2024-PCM,Decreto Supremo que declara el Estado de Emergencia en el distrito de La Victoria de la provincia de Lima del departamento de Lima y en los distritos de Callao Cercado Bellavista Carmen de La Legua-Reynoso La Perla La Punta y Mi Per£ de la Provincia Constitucional del Callao,https://busquedas.elperuano.pe/dispositivo/NL/2351694-1,31/12/2024,,,,,,,,,,,,,,,,,,,,,,,,,,,,,,,,,,,,,,
06/12/2024,2351595-1,PRESIDENCIA DEL CONSEJO DE MINISTROS,RESOLUCION,N¯ 012-2024-PCM/SIP,Aprueban Directiva para la participaci¢n de la Oficina de Integridad Institucional o la que haga sus veces en calidad de veedora en los procesos de selecci¢n de personal en las entidades de la administraci¢n p£blica,https://busquedas.elperuano.pe/dispositivo/NL/2351595-1,31/12/2024,,,,,,,,,,,,,,,,,,,,,,,,,,,,,,,,,,,,,,
06/12/2024,2351692-1,PRESIDENCIA DEL CONSEJO DE MINISTROS,RESOLUCION SUPREMA,N¯ 254-2024-PCM,Autorizan viaje de Ministro de Relaciones Exteriores a Chile y encargan su Despacho a la Ministra de Comercio Exterior y Turismo,https://busquedas.elperuano.pe/dispositivo/NL/2351692-1,31/12/2024,,,,,,,,,,,,,,,,,,,,,,,,,,,,,,,,,,,,,,
06/12/2024,2351680-1,AMBIENTE,RESOLUCION MINISTERIAL,N¯ 00426-2024-MINAM,Disponen la publicaci¢n del proyecto de Resoluci¢n Ministerial que aprueba los Lineamientos para la Implementaci¢n del Proceso de Evaluaci¢n Ambiental EstratÇgica (EAE) en el marco del Sistema Nacional de Evaluaci¢n del Impacto Ambiental (SEIA),https://busquedas.elperuano.pe/dispositivo/NL/2351680-1,31/12/2024,,,,,,,,,,,,,,,,,,,,,,,,,,,,,,,,,,,,,,
06/12/2024,2350958-1,COMERCIO EXTERIOR Y TURISMO,RESOLUCION MINISTERIAL,N¯ 370-2024-MINCETUR,Autorizan viaje de representante del Ministerio para participar en evento a realizarse en la Rep£blica Francesa,https://busquedas.elperuano.pe/dispositivo/NL/2350958-1,31/12/2024,,,,,,,,,,,,,,,,,,,,,,,,,,,,,,,,,,,,,,
06/12/2024,2351049-1,COMERCIO EXTERIOR Y TURISMO,RESOLUCION MINISTERIAL,N¯ 369-2024-MINCETUR,Autorizan viaje de representante del Ministerio para participar en evento a realizarse en Chile,https://busquedas.elperuano.pe/dispositivo/NL/2351049-1,31/12/2024,,,,,,,,,,,,,,,,,,,,,,,,,,,,,,,,,,,,,,
06/12/2024,2350955-1,CULTURA,RESOLUCION DIRECTORAL,N¯ 000209-2024-DGPA-VMPCIC/MC,Prorrogan el plazo de la determinaci¢n de la protecci¢n provisional del sitio arqueol¢gico de Jisse ubicado en los distritos de Janjaillo y Curicaca provincia de Jauja departamento de Jun°n,https://busquedas.elperuano.pe/dispositivo/NL/2350955-1,31/12/2024,,,,,,,,,,,,,,,,,,,,,,,,,,,,,,,,,,,,,,
06/12/2024,2351691-6,DESARROLLO AGRARIO Y RIEGO,DECRETO SUPREMO,N¯ 014-2024-MIDAGRI,Decreto Supremo que aprueba la Secci¢n Primera del Reglamento de Organizaci¢n y Funciones del Instituto Nacional de Innovaci¢n Agraria,https://busquedas.elperuano.pe/dispositivo/NL/2351691-6,31/12/2024,,,,,,,,,,,,,,,,,,,,,,,,,,,,,,,,,,,,,,
06/12/2024,2351704-1,DESARROLLO AGRARIO Y RIEGO,RESOLUCION,N¯ D000309-2024-MIDAGRI-SERFOR-DE,Designan Director General de la Direcci¢n General de Gesti¢n del Conocimiento Forestal y de Fauna Silvestre del SERFOR,https://busquedas.elperuano.pe/dispositivo/NL/2351704-1,31/12/2024,,,,,,,,,,,,,,,,,,,,,,,,,,,,,,,,,,,,,,
06/12/2024,2351656-1,DESARROLLO AGRARIO Y RIEGO,RESOLUCION MINISTERIAL,N¯ 0401-2024-MIDAGRI,Aprueban ÆLineamientos de Alcance Sectorial LI N¯ 007-2024-MIDAGRI-DVDAFIR/DGDG denominado Lineamientos que establecen los Enfoques Principios y Criterios de Sostenibilidad Ambiental en los Sistemas Extensivos de Producci¢n Pecuaria Versi¢n 01Ø,https://busquedas.elperuano.pe/dispositivo/NL/2351656-1,31/12/2024,,,,,,,,,,,,,,,,,,,,,,,,,,,,,,,,,,,,,,
06/12/2024,2351672-1,DESARROLLO AGRARIO Y RIEGO,RESOLUCION MINISTERIAL,N¯ 0402-2024-MIDAGRI,Fijan cuotas de exportaci¢n de alpacas y llamas correspondientes al a§o 2025,https://busquedas.elperuano.pe/dispositivo/NL/2351672-1,31/12/2024,,,,,,,,,,,,,,,,,,,,,,,,,,,,,,,,,,,,,,
06/12/2024,2351707-1,DESARROLLO AGRARIO Y RIEGO,RESOLUCION MINISTERIAL,N¯ 0406-2024-MIDAGRI,Autorizan viaje de profesionales del SENASA para realizar pasant°a en Brasil,https://busquedas.elperuano.pe/dispositivo/NL/2351707-1,31/12/2024,,,,,,,,,,,,,,,,,,,,,,,,,,,,,,,,,,,,,,
06/12/2024,2351881-1,DESARROLLO AGRARIO Y RIEGO,RESOLUCION MINISTERIAL,N¯ 0408-2024-MIDAGRI,Encargan el puesto de Director Ejecutivo del Programa de Desarrollo Productivo Agrario Rural ? AGRO RURAL,https://busquedas.elperuano.pe/dispositivo/NL/2351881-1,31/12/2024,,,,,,,,,,,,,,,,,,,,,,,,,,,,,,,,,,,,,,
06/12/2024,2351512-1,ECONOMIA Y FINANZAS,RESOLUCION VICE MINISTERIAL,N¯ 023-2024-EF/15.01,Fijan °ndices de correcci¢n monetaria para efectos de determinar el costo computable de los inmuebles enajenados por personas naturales sucesiones indivisas o sociedades conyugales que optaron por tributar como tales,https://busquedas.elperuano.pe/dispositivo/NL/2351512-1,31/12/2024,,,,,,,,,,,,,,,,,,,,,,,,,,,,,,,,,,,,,,
06/12/2024,2351547-1,ENERGIA Y MINAS,RESOLUCION MINISTERIAL,N¯ 454-2024-MINEM/DM,Prorrogan vigencia del Grupo de Trabajo para el desarrollo sostenible de las provincias y distritos que conforman la Mancomunidad Municipal AMUVRAE,https://busquedas.elperuano.pe/dispositivo/NL/2351547-1,31/12/2024,,,,,,,,,,,,,,,,,,,,,,,,,,,,,,,,,,,,,,
06/12/2024,2351697-1,INTERIOR,RESOLUCION DIRECTORAL,N¯ 342-2024-IN-VOI-DGIN,Designan Subprefectos Provinciales y Suprefectos Distritales en diversas regiones del pa°s,https://busquedas.elperuano.pe/dispositivo/NL/2351697-1,31/12/2024,,,,,,,,,,,,,,,,,,,,,,,,,,,,,,,,,,,,,,
06/12/2024,2351702-1,INTERIOR,RESOLUCION MINISTERIAL,N¯ 1505-2024-IN,Aprueban suscripci¢n de la VigÇsima Tercera Adenda al Convenio Espec°fico de Administraci¢n de Recursos para el Fortalecimiento de la Polic°a Nacional para la Seguridad y Estabilizaci¢n Comunitaria del Per£ y autorizan transferencia financiera a favor de la OIM,https://busquedas.elperuano.pe/dispositivo/NL/2351702-1,31/12/2024,,,,,,,,,,,,,,,,,,,,,,,,,,,,,,,,,,,,,,
06/12/2024,2351900-1,INTERIOR,RESOLUCION MINISTERIAL,N¯ 1508-2024-IN,Autorizan viaje de personal policial a Espa§a en comisi¢n de servicios,https://busquedas.elperuano.pe/dispositivo/NL/2351900-1,31/12/2024,,,,,,,,,,,,,,,,,,,,,,,,,,,,,,,,,,,,,,
06/12/2024,2351255-1,PRODUCE,RESOLUCION,N¯ 000009-2024-ITP/PCD,Modifican la denominaci¢n del Centro de Innovaci¢n Productiva y Transferencia Tecnol¢gica de la Madera - CITEmadera al de Centro de Innovaci¢n Productiva y Transferencia Tecnol¢gica de la Madera y del Mueble ? CITEmadera y del Mueble,https://busquedas.elperuano.pe/dispositivo/NL/2351255-1,31/12/2024,,,,,,,,,,,,,,,,,,,,,,,,,,,,,,,,,,,,,,
06/12/2024,2351692-3,PRODUCE,RESOLUCION SUPREMA,N¯ 011-2024-PRODUCE,Encargan funciones de la Presidencia Ejecutiva del SANIPES,https://busquedas.elperuano.pe/dispositivo/NL/2351692-3,31/12/2024,,,,,,,,,,,,,,,,,,,,,,,,,,,,,,,,,,,,,,
06/12/2024,2349570-1,RELACIONES EXTERIORES,RESOLUCION MINISTERIAL,N¯ 0911-2024-RE,Autorizan viaje de funcionarios diplom†ticos a Chile en comisi¢n de servicios,https://busquedas.elperuano.pe/dispositivo/NL/2349570-1,31/12/2024,,,,,,,,,,,,,,,,,,,,,,,,,,,,,,,,,,,,,,
06/12/2024,2351244-1,RELACIONES EXTERIORES,RESOLUCION MINISTERIAL,N¯ 0934-2024-RE,Autorizan viaje de funcionario diplom†tico a Rep£blica de Corea Rep£blica de Singapur y Rep£blica Francesa en comisi¢n de servicios,https://busquedas.elperuano.pe/dispositivo/NL/2351244-1,31/12/2024,,,,,,,,,,,,,,,,,,,,,,,,,,,,,,,,,,,,,,
06/12/2024,2351601-1,SALUD,RESOLUCION MINISTERIAL,N¯ 857-2024/MINSA,Declaran alerta amarilla en establecimientos de salud a nivel nacional por la proximidad de las fiestas navide§as y de fin de a§o,https://busquedas.elperuano.pe/dispositivo/NL/2351601-1,31/12/2024,,,,,,,,,,,,,,,,,,,,,,,,,,,,,,,,,,,,,,
06/12/2024,2351691-7,TRANSPORTES Y COMUNICACIONES,DECRETO SUPREMO,N¯ 022-2024-MTC,Decreto Supremo que modifica el Reglamento del Decreto Legislativo N¯ 1413 Decreto Legislativo para promover y facilitar el transporte mar°timo en tr†fico de cabotaje de pasajeros y de carga aprobado con Decreto Supremo N¯ 029-2019-MTC,https://busquedas.elperuano.pe/dispositivo/NL/2351691-7,31/12/2024,,,,,,,,,,,,,,,,,,,,,,,,,,,,,,,,,,,,,,
06/12/2024,2351180-1,TRANSPORTES Y COMUNICACIONES,RESOLUCION MINISTERIAL,N¯ 716-2024-MTC/01.02,Disponen la publicaci¢n de proyecto de Decreto Supremo que aprueba el Reglamento de la Ley N¯ 31886 Ley que establece medidas para promover la competencia en el servicio de transporte terrestre,https://busquedas.elperuano.pe/dispositivo/NL/2351180-1,31/12/2024,,,,,,,,,,,,,,,,,,,,,,,,,,,,,,,,,,,,,,
06/12/2024,2351337-1,TRANSPORTES Y COMUNICACIONES,RESOLUCION MINISTERIAL,N¯ 729-2024-MTC/01.03,Modifican Norma de Metas de Uso del Espectro RadioelÇctrico aplicable para los servicios p£blicos de Telecomunicaciones excepto para el servicio portador brindado a travÇs de enlaces punto a punto y para los servicios satelitales,https://busquedas.elperuano.pe/dispositivo/NL/2351337-1,31/12/2024,,,,,,,,,,,,,,,,,,,,,,,,,,,,,,,,,,,,,,
06/12/2024,2351692-2,TRANSPORTES Y COMUNICACIONES,RESOLUCION SUPREMA,N¯ 017-2024-MTC,Renuevan designaci¢n de Director General de la Direcci¢n General de Aeron†utica Civil,https://busquedas.elperuano.pe/dispositivo/NL/2351692-2,31/12/2024,,,,,,,,,,,,,,,,,,,,,,,,,,,,,,,,,,,,,,
06/12/2024,2351684-1,"VIVIENDA, CONSTRUCCI‡N Y SANEAMIENTO",RESOLUCION MINISTERIAL,N¯ 451-2024-VIVIENDA,Aprueban la cuadragÇsima sÇptima convocatoria del a§o 2024 para el otorgamiento del Bono de Arrendamiento de Vivienda para Emergencias en atenci¢n a los Decretos Supremos N¯s. 097-2024-PCM y 099-2024-PCM,https://busquedas.elperuano.pe/dispositivo/NL/2351684-1,31/12/2024,,,,,,,,,,,,,,,,,,,,,,,,,,,,,,,,,,,,,,
06/12/2024,2351989-1,BIBLIOTECA NACIONAL DEL PERU,RESOLUCION JEFATURAL,N¯ 000202-2024-BNP,Designan Jefe de la Oficina de Planeamiento y Presupuesto de la Biblioteca Nacional del Per£,https://busquedas.elperuano.pe/dispositivo/NL/2351989-1,31/12/2024,,,,,,,,,,,,,,,,,,,,,,,,,,,,,,,,,,,,,,
06/12/2024,2351705-1,INSTITUTO NACIONAL DE DEFENSA CIVIL,RESOLUCION JEFATURAL,N¯ 000193-2024-INDECI/JEF INDECI,Designan servidores en puestos de confianza de diversos ¢rganos y unidades org†nicas del Instituto Nacional de Defensa Civil,https://busquedas.elperuano.pe/dispositivo/NL/2351705-1,31/12/2024,,,,,,,,,,,,,,,,,,,,,,,,,,,,,,,,,,,,,,
06/12/2024,2351519-1,ORGANISMO DE FORMALIZACI‡N DE LA PROPIEDAD INFORMAL,RESOLUCION DIRECTORAL,N¯ D000169-2024-COFOPRI-DE,Designan Director de la Oficina de Coordinaci¢n Descentralizada del Organismo de Formalizaci¢n de la Propiedad Informal - COFOPRI,https://busquedas.elperuano.pe/dispositivo/NL/2351519-1,31/12/2024,,,,,,,,,,,,,,,,,,,,,,,,,,,,,,,,,,,,,,
06/12/2024,2351569-1,ORGANISMO SUPERVISOR DE LA INVERSI‡N EN ENERG÷A Y MINER÷A,RESOLUCION,N¯ 045-2024-OS/GRT,Resoluci¢n que resuelve el recurso de reconsideraci¢n interpuesto por la Empresa de Servicios Municipales de Paramonga S.A. contra la Resoluci¢n N¯ 043-2024-OS/GRT,https://busquedas.elperuano.pe/dispositivo/NL/2351569-1,31/12/2024,,,,,,,,,,,,,,,,,,,,,,,,,,,,,,,,,,,,,,
06/12/2024,2351572-1,ORGANISMO SUPERVISOR DE LA INVERSI‡N EN ENERG÷A Y MINER÷A,RESOLUCION,N¯ 046-2024-OS/GRT,Aprueban costos administrativos y operativos del FISE de las Distribuidoras ElÇctricas en sus actividades vinculadas con el descuento en la compra del bal¢n de gas al mes de setiembre de 2024,https://busquedas.elperuano.pe/dispositivo/NL/2351572-1,31/12/2024,,,,,,,,,,,,,,,,,,,,,,,,,,,,,,,,,,,,,,
06/12/2024,2351603-1,AUTORIDAD NACIONAL DEL AGUA,RESOLUCION JEFATURAL,N¯ 0465-2024-ANA,Designan Asesor de Jefatura de la Autoridad Nacional del Agua,https://busquedas.elperuano.pe/dispositivo/NL/2351603-1,31/12/2024,,,,,,,,,,,,,,,,,,,,,,,,,,,,,,,,,,,,,,
06/12/2024,2352031-1,AUTORIDAD NACIONAL DEL AGUA,RESOLUCION JEFATURAL,N¯ 0466-2024-ANA,Establecen disposiciones para atender demandas de uso de agua ante el dÇficit h°drico en el departamento Lambayeque,https://busquedas.elperuano.pe/dispositivo/NL/2352031-1,31/12/2024,,,,,,,,,,,,,,,,,,,,,,,,,,,,,,,,,,,,,,
06/12/2024,2351561-1,"CONSEJO SUPERIOR DEL SISTEMA NACIONAL DE EVALUACION, ACREDITACION Y CERTIFICACION DE LA CALIDAD EDUCATIVA",RESOLUCION,N¯ 000101-2024-SINEACE/COSUSINEACE-P,Designan Jefe de la Oficina de Recursos Humanos del Sistema Nacional de Evaluaci¢n Acreditaci¢n y Certificaci¢n de la Calidad Educativa (Sineace),https://busquedas.elperuano.pe/dispositivo/NL/2351561-1,31/12/2024,,,,,,,,,,,,,,,,,,,,,,,,,,,,,,,,,,,,,,
06/12/2024,2351165-1,SUPERINTENDENCIA NACIONAL DE ADUANAS Y DE ADMINISTRACI‡N TRIBUTARIA,RESOLUCION,N¯ 000275-2024/SUNAT,Resoluci¢n de Superintendencia que modifica el procedimiento general Tr†nsito aduanero internacional de mercanc°as CAN - ALADI DESPA-PG.27 (versi¢n 4),https://busquedas.elperuano.pe/dispositivo/NL/2351165-1,31/12/2024,,,,,,,,,,,,,,,,,,,,,,,,,,,,,,,,,,,,,,
06/12/2024,2351610-1,SUPERINTENDENCIA NACIONAL DE MIGRACIONES,RESOLUCION,N¯ 000209-2024-MIGRACIONES,Designan Director de la Direcci¢n de Operaciones de la Superintendencia Nacional de Migraciones ? MIGRACIONES,https://busquedas.elperuano.pe/dispositivo/NL/2351610-1,31/12/2024,,,,,,,,,,,,,,,,,,,,,,,,,,,,,,,,,,,,,,
06/12/2024,2351321-1,SUPERINTENDENCIA NACIONAL DE SALUD,RESOLUCION,N¯ 225-2024-SUSALUD/S,Designan Directora del Centro de Conciliaci¢n y Arbitraje de la Superintendencia Nacional de Salud,https://busquedas.elperuano.pe/dispositivo/NL/2351321-1,31/12/2024,,,,,,,,,,,,,,,,,,,,,,,,,,,,,,,,,,,,,,
06/12/2024,2351599-1,CONSEJO EJECUTIVO DEL PODER JUDICIAL,RESOLUCION ADMINISTRATIVA,N¯ 000419-2024-CE-PJ,Designan a magistrado como Juez Superior provisional en la Corte Superior Nacional de Justicia Penal Especializada y dictan otras disposiciones,https://busquedas.elperuano.pe/dispositivo/NL/2351599-1,31/12/2024,,,,,,,,,,,,,,,,,,,,,,,,,,,,,,,,,,,,,,
06/12/2024,2351602-1,CONSEJO EJECUTIVO DEL PODER JUDICIAL,RESOLUCION ADMINISTRATIVA,N¯ 000420-2024-CE-PJ,Disponen la implementaci¢n de los art°culos 40 y 41 del Reglamento de Organizaci¢n y Funciones del Poder Judicial que crea la Unidad de Integridad y determina sus funciones,https://busquedas.elperuano.pe/dispositivo/NL/2351602-1,31/12/2024,,,,,,,,,,,,,,,,,,,,,,,,,,,,,,,,,,,,,,
06/12/2024,2351607-1,CONSEJO EJECUTIVO DEL PODER JUDICIAL,RESOLUCION ADMINISTRATIVA,N¯ 000421-2024-CE-PJ,Disponen ampliaci¢n de la implementaci¢n del Expediente Judicial Electr¢nico (EJE) y la Mesa de Partes Electr¢nica (MPE) para la especialidad Laboral ? Nueva Ley Procesal del Trabajo (NLPT) en la 2¯ Sala Laboral de Chimbote de la Corte Superior de Justicia del Santa,https://busquedas.elperuano.pe/dispositivo/NL/2351607-1,31/12/2024,,,,,,,,,,,,,,,,,,,,,,,,,,,,,,,,,,,,,,
06/12/2024,2351612-1,CONSEJO EJECUTIVO DEL PODER JUDICIAL,RESOLUCION ADMINISTRATIVA,N¯ 000422-2024-CE-PJ,Disponen la ampliaci¢n de la implementaci¢n del Expediente Judicial Electr¢nico (EJE) y la Mesa de Partes Electr¢nica (MPE) para la especialidad Laboral ? Nueva Ley Procesal del Trabajo (NLPT) en el 5¯ Juzgado de Trabajo 2¯ Juzgado de Trabajo Transitorio y 5¯ Juzgado de Paz Letrado Laboral del distrito de Independencia Corte Superior de Justicia de Lima Norte,https://busquedas.elperuano.pe/dispositivo/NL/2351612-1,31/12/2024,,,,,,,,,,,,,,,,,,,,,,,,,,,,,,,,,,,,,,
06/12/2024,2351614-1,CONSEJO EJECUTIVO DEL PODER JUDICIAL,RESOLUCION ADMINISTRATIVA,N¯ 000423-2024-CE-PJ,Dejan sin efecto las Resoluciones Administrativas N¯ 182-2010-CE-PJ y N¯ 277-2010-CE-PJ y dictan otras disposiciones,https://busquedas.elperuano.pe/dispositivo/NL/2351614-1,31/12/2024,,,,,,,,,,,,,,,,,,,,,,,,,,,,,,,,,,,,,,
06/12/2024,2351617-1,CONSEJO EJECUTIVO DEL PODER JUDICIAL,RESOLUCION ADMINISTRATIVA,N¯ 000424-2024-CE-PJ,Precisan que los Juzgados de Paz Letrados Laborales son competentes para conocer los procesos de responsabilidad civil por enfermedades profesionales y accidentes de trabajo cuando el monto indemnizatorio sea igual o menor de setenta Unidades de Referencia Procesal (URP).,https://busquedas.elperuano.pe/dispositivo/NL/2351617-1,31/12/2024,,,,,,,,,,,,,,,,,,,,,,,,,,,,,,,,,,,,,,
06/12/2024,2351621-1,CONSEJO EJECUTIVO DEL PODER JUDICIAL,RESOLUCION ADMINISTRATIVA,N¯ 000425-2024-CE-PJ,Disponen que la Gerencia General del Poder Judicial realice la adecuaci¢n de las materias en el Sistema Integrado Judicial del Expediente Judicial Electr¢nico (SIJ-EJE) conforme a las modificaciones establecidas en la Ley N¯ 32155,https://busquedas.elperuano.pe/dispositivo/NL/2351621-1,31/12/2024,,,,,,,,,,,,,,,,,,,,,,,,,,,,,,,,,,,,,,
06/12/2024,2351681-1,CONSEJO EJECUTIVO DEL PODER JUDICIAL,RESOLUCION ADMINISTRATIVA,N¯ 000426-2024-CE-PJ,Designan Presidente provisional de la Corte Superior Nacional de Justicia Penal Especializada para el periodo 2025-2026,https://busquedas.elperuano.pe/dispositivo/NL/2351681-1,31/12/2024,,,,,,,,,,,,,,,,,,,,,,,,,,,,,,,,,,,,,,
06/12/2024,2351686-1,CONSEJO EJECUTIVO DEL PODER JUDICIAL,RESOLUCION ADMINISTRATIVA,N¯ 000427-2024-CE-PJ,Modifican la Resoluci¢n Administrativa Nß 000119-2024-P-CE-PJ en lo referido a renuncia de Jueza titular del Juzgado de Paz Letrado del distrito de Andoas provincia de Datem del Mara§¢n Distrito Judicial de Loreto,https://busquedas.elperuano.pe/dispositivo/NL/2351686-1,31/12/2024,,,,,,,,,,,,,,,,,,,,,,,,,,,,,,,,,,,,,,
06/12/2024,2351570-1,CORTE SUPREMA DE JUSTICIA,RESOLUCION ADMINISTRATIVA,N¯ 00046-2024-SP-CS-PJ,Proclaman presidenta de la Corte Suprema de Justicia de la Rep£blica y del Poder Judicial para el periodo 2025-2026,https://busquedas.elperuano.pe/dispositivo/NL/2351570-1,31/12/2024,,,,,,,,,,,,,,,,,,,,,,,,,,,,,,,,,,,,,,
06/12/2024,2351309-1,"SUPERINTENDENCIA DE BANCA, SEGUROS Y ADMINISTRADORAS PRIVADAS DE FONDOS DE PENSIONES",CIRCULAR,N¯ B-2273-2024,Actualizaci¢n del monto m†ximo de cobertura del Fondo de Seguro de Dep¢sitos correspondiente al trimestre diciembre 2024 - febrero 2025,https://busquedas.elperuano.pe/dispositivo/NL/2351309-1,31/12/2024,,,,,,,,,,,,,,,,,,,,,,,,,,,,,,,,,,,,,,
06/12/2024,2351082-1,"SUPERINTENDENCIA DE BANCA, SEGUROS Y ADMINISTRADORAS PRIVADAS DE FONDOS DE PENSIONES",RESOLUCION,SBS N¯ 04138-2024,Declaran el sometimiento a rÇgimen de intervenci¢n de la Cooperativa de Ahorro y CrÇdito Coopevision Cusco,https://busquedas.elperuano.pe/dispositivo/NL/2351082-1,31/12/2024,,,,,,,,,,,,,,,,,,,,,,,,,,,,,,,,,,,,,,
06/12/2024,2351084-1,"SUPERINTENDENCIA DE BANCA, SEGUROS Y ADMINISTRADORAS PRIVADAS DE FONDOS DE PENSIONES",RESOLUCION,SBS N¯ 04139-2024,Declaran el sometimiento a rÇgimen de intervenci¢n de la Cooperativa de Ahorro y CrÇdito Acci¢n para el Desarrollo y Emprendimiento Ltda. ADECOOP,https://busquedas.elperuano.pe/dispositivo/NL/2351084-1,31/12/2024,,,,,,,,,,,,,,,,,,,,,,,,,,,,,,,,,,,,,,
06/12/2024,2351085-1,"SUPERINTENDENCIA DE BANCA, SEGUROS Y ADMINISTRADORAS PRIVADAS DE FONDOS DE PENSIONES",RESOLUCION,SBS N¯ 04140-2024,Declaran el sometimiento a rÇgimen de intervenci¢n de la Cooperativa de Ahorro y CrÇdito Crecer Per£,https://busquedas.elperuano.pe/dispositivo/NL/2351085-1,31/12/2024,,,,,,,,,,,,,,,,,,,,,,,,,,,,,,,,,,,,,,
06/12/2024,2329539-1,GOBIERNO REGIONAL DE TUMBES,DECRETO,N¯ 000004-2024/GOB.REG.TUMBES-GR.,Aprueban el Reglamento Interno Mecanismo de Retribuci¢n por Servicios EcosistÇmicos Fondo para la gesti¢n integrada del agua en Tumbes (FONGIAT),https://busquedas.elperuano.pe/dispositivo/NL/2329539-1,31/12/2024,,,,,,,,,,,,,,,,,,,,,,,,,,,,,,,,,,,,,,
06/12/2024,2350314-1,MUNICIPALIDAD DISTRITAL DE LA YARADA LOS PALOS,ACUERDO,N¯ 091-2024-CM/MDLYLP,Autorizan viaje de alcalde a Chile en comisi¢n de servicios,https://busquedas.elperuano.pe/dispositivo/NL/2350314-1,31/12/2024,,,,,,,,,,,,,,,,,,,,,,,,,,,,,,,,,,,,,,
06/12/2024,2351511-1,MUNICIPALIDAD METROPOLITANA DE LIMA,RESOLUCION JEFATURAL,N¯ 001-004-00005278,Aprueban Tabla de Valores Unitarios de Obras Complementarias e Instalaciones Fijas y Permanentes para el ejercicio 2025,https://busquedas.elperuano.pe/dispositivo/NL/2351511-1,31/12/2024,,,,,,,,,,,,,,,,,,,,,,,,,,,,,,,,,,,,,,
06/12/2024,2346321-1,MUNICIPALIDAD DE CHACLACAYO,ORDENANZA,N¯ 509-2024-MDCH y Acuerdo N¯ 417,Ordenanza que prorroga para el Ejercicio Fiscal 2025 los costos y tasas de los arbitrios municipales de barrido de calles recolecci¢n de residuos s¢lidos parques y jardines p£blicos y serenazgo establecidos en la Ordenanza Nß 495-2023-MDCH,https://busquedas.elperuano.pe/dispositivo/NL/2346321-1,31/12/2024,,,,,,,,,,,,,,,,,,,,,,,,,,,,,,,,,,,,,,
06/12/2024,2350058-1,MUNICIPALIDAD DE CHORRILLOS,Decretos de Alcald°a,N¯ 000014-2024-MDCH/ALC,Aprueban el Programa RECICLA de la Municipalidad Distrital de Chorrillos 2024-2028,https://epdoc2.elperuano.pe/EpPo/VistaDE.asp?Referencias=MjM1MDA1OC0xMjAyNDEyMDY=,31/12/2024,,,,,,,,,,,,,,,,,,,,,,,,,,,,,,,,,,,,,,
06/12/2024,2351662-1,MUNICIPALIDAD DE JESUS MARIA,Decretos de Alcald°a,N¯ 015-2024-MDJM,Aprueban las Bases del Sorteo del Programa de Incentivos Vecino Puntual y Exclusivo en el distrito de Jes£s Mar°a 2024,https://epdoc2.elperuano.pe/EpPo/VistaDE.asp?Referencias=MjM1MTY2Mi0xMjAyNDEyMDY=,31/12/2024,,,,,,,,,,,,,,,,,,,,,,,,,,,,,,,,,,,,,,
06/12/2024,2348253-1,MUNICIPALIDAD DE LINCE,ORDENANZA,N¯ 515-2024-MDL y Acuerdo N¯ 415,Ordenanza que aprueba el rÇgimen tributario de los arbitrios de barrido de calles recolecci¢n de residuos s¢lidos parques y jardines y serenazgo para el a§o 2025,https://epdoc2.elperuano.pe/EpPo/VistaNLSE.asp?Referencias=MjM0ODI1My0xMjAyNDEyMDY=,31/12/2024,,,,,,,,,,,,,,,,,,,,,,,,,,,,,,,,,,,,,,
06/12/2024,2350545-1,MUNICIPALIDAD DE PUCUSANA,Acuerdo,N¯ 057-2024/MDP,Ratifican el Acuerdo de Concejo N¯ 028-2022/MDP que declara de interÇs p£blico local el rechazo a la ejecuci¢n del proyecto denominado Terminal Portuario de Pucusana impulsado por la Empresa NAVISAN S.A.,https://epdoc2.elperuano.pe/EpPo/VistaDE.asp?Referencias=MjM1MDU0NS0xMjAyNDEyMDY=,31/12/2024,,,,,,,,,,,,,,,,,,,,,,,,,,,,,,,,,,,,,,
06/12/2024,2351374-1,MUNICIPALIDAD DE SAN BARTOLO,Ordenanzas,N¯ 363-2024/MDSB,Ordenanza que aprueba beneficios para la regularizaci¢n de deudas tributarias y no tributarias en el distrito de San Bartolo,https://epdoc2.elperuano.pe/EpPo/VistaDE.asp?Referencias=MjM1MTM3NC0xMjAyNDEyMDY=,31/12/2024,,,,,,,,,,,,,,,,,,,,,,,,,,,,,,,,,,,,,,
06/12/2024,2351350-1,MUNICIPALIDAD DE SAN ISIDRO,DECRETO DE ALCALDIA,N¯ 014-2024-ALC/MSI,Dejan sin efecto dos derechos de tr†mite no ratificados por el Acuerdo de Concejo N¯ 370-2024 de la Municipalidad Metropolitana de Lima,https://busquedas.elperuano.pe/dispositivo/NL/2351350-1,31/12/2024,,,,,,,,,,,,,,,,,,,,,,,,,,,,,,,,,,,,,,
06/12/2024,2351332-1,MUNICIPALIDAD DE SAN JUAN DE LURIGANCHO,Ordenanzas,N¯ 492-MDSJL,Ordenanza que modifica la Ordenanza N¯ 389 que aprueba la creaci¢n de la instancia distrital de concertaci¢n para erradicar la violencia contra las mujeres y los integrantes del grupo familiar en el distrito de San Juan de Lurigancho,https://epdoc2.elperuano.pe/EpPo/VistaDE.asp?Referencias=MjM1MTMzMi0xMjAyNDEyMDY=,31/12/2024,,,,,,,,,,,,,,,,,,,,,,,,,,,,,,,,,,,,,,
06/12/2024,2351332-2,MUNICIPALIDAD DE SAN JUAN DE LURIGANCHO,Ordenanzas,N¯ 493-MDSJL,Ordenanza que aprueba la creaci¢n del Centro de Capacitaci¢n de Serenos de la Municipalidad Distrital de San Juan de Lurigancho,https://epdoc2.elperuano.pe/EpPo/VistaDE.asp?Referencias=MjM1MTMzMi0yMjAyNDEyMDY=,31/12/2024,,,,,,,,,,,,,,,,,,,,,,,,,,,,,,,,,,,,,,
05/12/2024,2351211-2,PRESIDENCIA DEL CONSEJO DE MINISTROS,RESOLUCION SUPREMA,N¯ 253-2024-PCM,Encargan funciones de Presidente Ejecutivo de la Comisi¢n Nacional para el Desarrollo y Vida sin Drogas - DEVIDA,https://busquedas.elperuano.pe/dispositivo/NL/2351211-2,31/12/2024,,,,,,,,,,,,,,,,,,,,,,,,,,,,,,,,,,,,,,
05/12/2024,2350953-1,COMERCIO EXTERIOR Y TURISMO,RESOLUCION MINISTERIAL,N¯ 368-2024-MINCETUR,Autorizan viaje de representante de PROMPERÈ para participar en evento a realizarse en los Estados Unidos de AmÇrica,https://busquedas.elperuano.pe/dispositivo/NL/2350953-1,31/12/2024,,,,,,,,,,,,,,,,,,,,,,,,,,,,,,,,,,,,,,
05/12/2024,2351186-1,COMERCIO EXTERIOR Y TURISMO,RESOLUCION MINISTERIAL,N¯ 367-2024-MINCETUR,Modifican la R.M. N¯ 376-2017-MINCETUR que aprob¢ a INMOBILIARIA VISTAMAR S.A. como empresa calificada para efecto del art°culo 3 del D. Leg. N¯ 973 por el desarrollo del Proyecto Hotelero Vistamar,https://busquedas.elperuano.pe/dispositivo/NL/2351186-1,31/12/2024,,,,,,,,,,,,,,,,,,,,,,,,,,,,,,,,,,,,,,
05/12/2024,2350215-1,CULTURA,RESOLUCION DIRECTORAL,N¯ 000208-2024-DGPA-VMPCIC/MC,Determinan la Protecci¢n Provisional del Paisaje Arqueol¢gico Huarunta ubicado en el distrito de Quito Arma provincia de Huaytar† departamento de Huancavelica,https://busquedas.elperuano.pe/dispositivo/NL/2350215-1,31/12/2024,,,,,,,,,,,,,,,,,,,,,,,,,,,,,,,,,,,,,,
05/12/2024,2350220-1,CULTURA,RESOLUCION DIRECTORAL,N¯ 000207-2024-DGPA-VMPCIC/MC,Determinan la Protecci¢n Provisional del Sitio Arqueol¢gico Pampas de Rontoy 3 ubicado en el distrito y provincia de Huaura departamento de Lima,https://busquedas.elperuano.pe/dispositivo/NL/2350220-1,31/12/2024,,,,,,,,,,,,,,,,,,,,,,,,,,,,,,,,,,,,,,
05/12/2024,2351103-1,DEFENSA,RESOLUCION MINISTERIAL,N¯ 01696-2024-DE,Autorizan viaje de personal militar de la Fuerza AÇrea del Per£ a Espa§a en misi¢n de estudios,https://busquedas.elperuano.pe/dispositivo/NL/2351103-1,31/12/2024,,,,,,,,,,,,,,,,,,,,,,,,,,,,,,,,,,,,,,
05/12/2024,2351105-1,DEFENSA,RESOLUCION MINISTERIAL,N¯ 01695-2024-DE,Autorizan viaje de personal militar FAP a Chile en misi¢n de estudios,https://busquedas.elperuano.pe/dispositivo/NL/2351105-1,31/12/2024,,,,,,,,,,,,,,,,,,,,,,,,,,,,,,,,,,,,,,
05/12/2024,2351111-1,DEFENSA,RESOLUCION MINISTERIAL,N¯ 01694-2024-DE,Autorizan viaje de Director de la Direcci¢n de Respuesta del Instituto Nacional de Defensa Civil - INDECI para participar en eventos a realizarse en Ecuador,https://busquedas.elperuano.pe/dispositivo/NL/2351111-1,31/12/2024,,,,,,,,,,,,,,,,,,,,,,,,,,,,,,,,,,,,,,
05/12/2024,2351304-1,DEFENSA,RESOLUCION MINISTERIAL,N¯ 01702-2024-DE,Autorizan viaje de personal militar FAP a los EE.UU. en comisi¢n de servicios,https://busquedas.elperuano.pe/dispositivo/NL/2351304-1,31/12/2024,,,,,,,,,,,,,,,,,,,,,,,,,,,,,,,,,,,,,,
05/12/2024,2351253-1,DESARROLLO AGRARIO Y RIEGO,RESOLUCION,N¯ D000303-2024-MIDAGRI-SERFOR-DE,Designan Asesora de la Gerencia General del SERFOR,https://busquedas.elperuano.pe/dispositivo/NL/2351253-1,31/12/2024,,,,,,,,,,,,,,,,,,,,,,,,,,,,,,,,,,,,,,
05/12/2024,2351257-1,DESARROLLO AGRARIO Y RIEGO,RESOLUCION,N¯ D000304-2024-MIDAGRI-SERFOR-DE,Designan Directora General de la Oficina General de Administraci¢n del SERFOR,https://busquedas.elperuano.pe/dispositivo/NL/2351257-1,31/12/2024,,,,,,,,,,,,,,,,,,,,,,,,,,,,,,,,,,,,,,
05/12/2024,2351258-1,DESARROLLO AGRARIO Y RIEGO,RESOLUCION,N¯ D000305-2024-MIDAGRI-SERFOR-DE,Designan Asesor de la Direcci¢n Ejecutiva del SERFOR,https://busquedas.elperuano.pe/dispositivo/NL/2351258-1,31/12/2024,,,,,,,,,,,,,,,,,,,,,,,,,,,,,,,,,,,,,,
05/12/2024,2351259-1,DESARROLLO AGRARIO Y RIEGO,RESOLUCION,N¯ D000306-2024-MIDAGRI-SERFOR-DE,Designan Asesor de la Gerencia General del SERFOR,https://busquedas.elperuano.pe/dispositivo/NL/2351259-1,31/12/2024,,,,,,,,,,,,,,,,,,,,,,,,,,,,,,,,,,,,,,
05/12/2024,2351261-1,DESARROLLO AGRARIO Y RIEGO,RESOLUCION,N¯ D000307-2024-MIDAGRI-SERFOR-DE,Designan Directora General de la Oficina General de Planeamiento y Presupuesto del SERFOR,https://busquedas.elperuano.pe/dispositivo/NL/2351261-1,31/12/2024,,,,,,,,,,,,,,,,,,,,,,,,,,,,,,,,,,,,,,
05/12/2024,2350279-1,DESARROLLO AGRARIO Y RIEGO,RESOLUCION DIRECTORAL,N¯ D000031-2024-MIDAGRI-SENASA-DSA,Aprueban requisitos sanitarios para la importaci¢n de jirafas procedentes de los Estados Unidos Mexicanos,https://busquedas.elperuano.pe/dispositivo/NL/2350279-1,31/12/2024,,,,,,,,,,,,,,,,,,,,,,,,,,,,,,,,,,,,,,
05/12/2024,2351251-1,DESARROLLO AGRARIO Y RIEGO,RESOLUCION MINISTERIAL,N¯ 0400-2024-MIDAGRI,Designan Director de la Oficina de Presupuesto de la Oficina General de Planeamiento y Presupuesto del Ministerio,https://busquedas.elperuano.pe/dispositivo/NL/2351251-1,31/12/2024,,,,,,,,,,,,,,,,,,,,,,,,,,,,,,,,,,,,,,
05/12/2024,2351205-1,DESARROLLO E INCLUSI‡N SOCIAL,RESOLUCION,N¯ D000741-2024-MIDIS/PNAEQW-DE,Aprueban las Bases Estandarizadas Anexos y Formatos de la Modalidad Productos para el Proceso de Compras Electr¢nico 2025 del Programa Nacional de Alimentaci¢n Escolar Qali Warma,https://busquedas.elperuano.pe/dispositivo/NL/2351205-1,31/12/2024,,,,,,,,,,,,,,,,,,,,,,,,,,,,,,,,,,,,,,
05/12/2024,2351629-1,ECONOMIA Y FINANZAS,DECRETO SUPREMO,N¯ 248-2024-EF,Decreto Supremo que autoriza Transferencia de Partidas en el Presupuesto del Sector P£blico para el A§o Fiscal 2024 a favor del Instituto Nacional Penitenciario,https://busquedas.elperuano.pe/dispositivo/NL/2351629-1,31/12/2024,,,,,,,,,,,,,,,,,,,,,,,,,,,,,,,,,,,,,,
05/12/2024,2350818-1,ECONOMIA Y FINANZAS,RESOLUCION MINISTERIAL,N¯ 386-2024-EF/43,Aprueban contrataci¢n de estudio de abogados para prestar servicios de asesor°a jur°dica al Estado peruano,https://busquedas.elperuano.pe/dispositivo/NL/2350818-1,31/12/2024,,,,,,,,,,,,,,,,,,,,,,,,,,,,,,,,,,,,,,
05/12/2024,2351051-1,EDUCACION,RESOLUCION DIRECTORAL,N¯ 01749-2024-DRELM,Designan Jefe de la Oficina de Gesti¢n de la Educaci¢n Superior de la Direcci¢n Regional de Educaci¢n de Lima Metropolitana,https://busquedas.elperuano.pe/dispositivo/NL/2351051-1,31/12/2024,,,,,,,,,,,,,,,,,,,,,,,,,,,,,,,,,,,,,,
05/12/2024,2351168-1,EDUCACION,RESOLUCION VICE MINISTERIAL,N¯ 146-2024-MINEDU,Modifican el Documento Normativo denominado Disposiciones que regulan la transitabilidad entre las instituciones educativas de Educaci¢n B†sica TÇcnico ? Productiva y Superior Tecnol¢gica,https://busquedas.elperuano.pe/dispositivo/NL/2351168-1,31/12/2024,,,,,,,,,,,,,,,,,,,,,,,,,,,,,,,,,,,,,,
05/12/2024,2346815-1,ENERGIA Y MINAS,RESOLUCION DIRECTORAL,N¯ 0132-2024-MINEM/DGE,Aprueban primera modificaci¢n de concesi¢n elÇctrica rural solicitada por acciona.org Per£ as° como la Adenda N¯ 01 al Contrato de Concesi¢n ElÇctrica Rural N¯ 154-2021 referente al proyecto Sistema ElÇctrico Rural Fotovoltaico Maynas Requena y Ram¢n Castilla,https://busquedas.elperuano.pe/dispositivo/NL/2346815-1,31/12/2024,,,,,,,,,,,,,,,,,,,,,,,,,,,,,,,,,,,,,,
05/12/2024,2351004-1,INTERIOR,RESOLUCION DIRECTORAL,N¯ 338-2024-IN-VOI-DGIN,Designan Subprefecto Provincial de JaÇn regi¢n Cajamarca,https://busquedas.elperuano.pe/dispositivo/NL/2351004-1,31/12/2024,,,,,,,,,,,,,,,,,,,,,,,,,,,,,,,,,,,,,,
05/12/2024,2351036-1,MUJER Y POBLACIONES VULNERABLES,RESOLUCION MINISTERIAL,N¯ 363-2024-MIMP,Designan miembro del Directorio de la Sociedad de Beneficencia de Guadalupe,https://busquedas.elperuano.pe/dispositivo/NL/2351036-1,31/12/2024,,,,,,,,,,,,,,,,,,,,,,,,,,,,,,,,,,,,,,
05/12/2024,2351087-1,MUJER Y POBLACIONES VULNERABLES,RESOLUCION MINISTERIAL,N¯ 364-2024-MIMP,Designan miembro del Directorio de la Sociedad de Beneficencia de Pisco,https://busquedas.elperuano.pe/dispositivo/NL/2351087-1,31/12/2024,,,,,,,,,,,,,,,,,,,,,,,,,,,,,,,,,,,,,,
05/12/2024,2351090-1,MUJER Y POBLACIONES VULNERABLES,RESOLUCION MINISTERIAL,N¯ 365-2024-MIMP,Designan miembro del Directorio de la Sociedad de Beneficencia de Callao,https://busquedas.elperuano.pe/dispositivo/NL/2351090-1,31/12/2024,,,,,,,,,,,,,,,,,,,,,,,,,,,,,,,,,,,,,,
05/12/2024,2351106-1,MUJER Y POBLACIONES VULNERABLES,RESOLUCION MINISTERIAL,N¯ 366-2024-MIMP,Designan miembro del Directorio de la Sociedad de Beneficencia de Pasco,https://busquedas.elperuano.pe/dispositivo/NL/2351106-1,31/12/2024,,,,,,,,,,,,,,,,,,,,,,,,,,,,,,,,,,,,,,
05/12/2024,2351107-1,MUJER Y POBLACIONES VULNERABLES,RESOLUCION MINISTERIAL,N¯ 367-2024-MIMP,Designan miembro del Directorio de la Sociedad de Beneficencia de Puquio,https://busquedas.elperuano.pe/dispositivo/NL/2351107-1,31/12/2024,,,,,,,,,,,,,,,,,,,,,,,,,,,,,,,,,,,,,,
05/12/2024,2351109-1,MUJER Y POBLACIONES VULNERABLES,RESOLUCION MINISTERIAL,N¯ 368-2024-MIMP,Designan miembro del Directorio de la Sociedad de Beneficencia de Huanta,https://busquedas.elperuano.pe/dispositivo/NL/2351109-1,31/12/2024,,,,,,,,,,,,,,,,,,,,,,,,,,,,,,,,,,,,,,
05/12/2024,2351210-1,MUJER Y POBLACIONES VULNERABLES,RESOLUCION MINISTERIAL,N¯ 369-2024-MIMP,Establecen servicios de protecci¢n social que pueden prestar las Sociedades de Beneficencia o complementar los existentes en el marco del D. Leg. N¯ 1411,https://busquedas.elperuano.pe/dispositivo/NL/2351210-1,31/12/2024,,,,,,,,,,,,,,,,,,,,,,,,,,,,,,,,,,,,,,
05/12/2024,2350750-1,RELACIONES EXTERIORES,RESOLUCION MINISTERIAL,N¯ 0930-2024-RE,Designan Jefa de Unidad de la Unidad de Beneficios al Personal de la Oficina de Servicios y Bienestar del Personal,https://busquedas.elperuano.pe/dispositivo/NL/2350750-1,31/12/2024,,,,,,,,,,,,,,,,,,,,,,,,,,,,,,,,,,,,,,
05/12/2024,2351294-1,RELACIONES EXTERIORES,RESOLUCION MINISTERIAL,N¯ 0937-2024-RE,Autorizan viaje de funcionarios diplom†ticos a la Rep£blica de Corea en comisi¢n de servicios,https://busquedas.elperuano.pe/dispositivo/NL/2351294-1,31/12/2024,,,,,,,,,,,,,,,,,,,,,,,,,,,,,,,,,,,,,,
05/12/2024,2351296-1,RELACIONES EXTERIORES,RESOLUCION MINISTERIAL,N¯ 0938-2024-RE,Autorizan viaje de funcionario diplom†tico a la Rep£blica Italiana en comisi¢n de servicios,https://busquedas.elperuano.pe/dispositivo/NL/2351296-1,31/12/2024,,,,,,,,,,,,,,,,,,,,,,,,,,,,,,,,,,,,,,
05/12/2024,2351211-3,RELACIONES EXTERIORES,RESOLUCION SUPREMA,N¯ 221-2024-RE,Dan tÇrmino a nombramiento de Ministro en el Servicio Diplom†tico de la Rep£blica como Representante Permanente del Per£ ante la Agencia Internacional de Energ°as Renovables (IRENA),https://busquedas.elperuano.pe/dispositivo/NL/2351211-3,31/12/2024,,,,,,,,,,,,,,,,,,,,,,,,,,,,,,,,,,,,,,
05/12/2024,2351211-4,RELACIONES EXTERIORES,RESOLUCION SUPREMA,N¯ 222-2024-RE,Nombran Representante Permanente del Per£ ante la Organizaci¢n para la Prohibici¢n de las Armas Qu°micas (OPAQ); Representante ante la Conferencia de Estados Parte y ante el Consejo Ejecutivo de la OPAQ,https://busquedas.elperuano.pe/dispositivo/NL/2351211-4,31/12/2024,,,,,,,,,,,,,,,,,,,,,,,,,,,,,,,,,,,,,,
05/12/2024,2351211-5,RELACIONES EXTERIORES,RESOLUCION SUPREMA,N¯ 223-2024-RE,Nombran al Embajador Extraordinario y Plenipotenciario del Per£ en la Rep£blica Dominicana para que se desempe§e simult†neamente como Embajador Extraordinario y Plenipotenciario del Per£ ante la Federaci¢n de San Crist¢bal y Nieves,https://busquedas.elperuano.pe/dispositivo/NL/2351211-5,31/12/2024,,,,,,,,,,,,,,,,,,,,,,,,,,,,,,,,,,,,,,
05/12/2024,2351211-6,RELACIONES EXTERIORES,RESOLUCION SUPREMA,N¯ 224-2024-RE,Nombran al Embajador Extraordinario y Plenipotenciario del Per£ en la Rep£blica HelÇnica para que se desempe§e simult†neamente como Embajador Extraordinario y Plenipotenciario del Per£ ante la Rep£blica de Bulgaria,https://busquedas.elperuano.pe/dispositivo/NL/2351211-6,31/12/2024,,,,,,,,,,,,,,,,,,,,,,,,,,,,,,,,,,,,,,
05/12/2024,2351211-7,RELACIONES EXTERIORES,RESOLUCION SUPREMA,N¯ 225-2024-RE,Nombran a Embajadora Extraordinaria y Plenipotenciaria del Per£ en la Rep£blica de Trinidad y Tobago para que se desempe§e simult†neamente como Embajadora Extraordinaria y Plenipotenciaria del Per£ ante San Vicente y las Granadinas,https://busquedas.elperuano.pe/dispositivo/NL/2351211-7,31/12/2024,,,,,,,,,,,,,,,,,,,,,,,,,,,,,,,,,,,,,,
05/12/2024,2351206-1,SALUD,RESOLUCION MINISTERIAL,N¯ 851-2024/MINSA,Autorizan viaje de profesionales de la Direcci¢n General de Medicamentos Insumos y Drogas a la Rep£blica Popular China en comisi¢n de servicios,https://busquedas.elperuano.pe/dispositivo/NL/2351206-1,31/12/2024,,,,,,,,,,,,,,,,,,,,,,,,,,,,,,,,,,,,,,
05/12/2024,2351207-1,SALUD,RESOLUCION MINISTERIAL,N¯ 852-2024/MINSA,Autorizan viaje de profesionales de la Direcci¢n General de Medicamentos Insumos y Drogas a la Rep£blica Argentina en comisi¢n de servicios,https://busquedas.elperuano.pe/dispositivo/NL/2351207-1,31/12/2024,,,,,,,,,,,,,,,,,,,,,,,,,,,,,,,,,,,,,,
05/12/2024,2351208-1,SALUD,RESOLUCION MINISTERIAL,N¯ 853-2024/MINSA,Autorizan viaje de profesionales de la Direcci¢n General de Medicamentos Insumos y Drogas a Argentina en comisi¢n de servicios,https://busquedas.elperuano.pe/dispositivo/NL/2351208-1,31/12/2024,,,,,,,,,,,,,,,,,,,,,,,,,,,,,,,,,,,,,,
05/12/2024,2351209-1,SALUD,RESOLUCION MINISTERIAL,N¯ 854-2024/MINSA,Disponen la publicaci¢n del proyecto de Reglamento de Participaci¢n Ciudadana en la Gesti¢n Ambiental del Sector Salud del proyecto de decreto supremo aprobatorio y del proyecto de exposici¢n de motivos en la sede digital del Ministerio de Salud,https://busquedas.elperuano.pe/dispositivo/NL/2351209-1,31/12/2024,,,,,,,,,,,,,,,,,,,,,,,,,,,,,,,,,,,,,,
05/12/2024,2351211-1,TRANSPORTES Y COMUNICACIONES,DECRETO SUPREMO,N¯ 021-2024-MTC,Decreto Supremo que modifica el Reglamento de Placa Ènica Nacional de Rodaje aprobado mediante Decreto Supremo N¯ 017-2008-MTC,https://busquedas.elperuano.pe/dispositivo/NL/2351211-1,31/12/2024,,,,,,,,,,,,,,,,,,,,,,,,,,,,,,,,,,,,,,
05/12/2024,2350406-1,TRANSPORTES Y COMUNICACIONES,RESOLUCION MINISTERIAL,N¯ 699-2024-MTC/01.02,Aprueban ejecuci¢n de la expropiaci¢n de las †reas afectadas de los inmuebles para la ejecuci¢n de la obra: Tramos viales del eje multimodal del Amazonas Norte del Plan de acci¢n para la integraci¢n de infraestructura regional sudamericana ? IIRSA y los valores de las Tasaciones ascendentes a la suma de S/ 298 48048 (DOSCIENTOS NOVENTA Y OCHO MIL CUATROCIENTOS OCHENTA Y 48/100 SOLES) correspondiente al c¢digo OLM-TA-005 y S/ 927 60641 (NOVECIENTOS VEINTISIETE MIL SEISCIENTOS SEIS Y 41/100 SOLES) correspondiente al c¢digo OLM-TA-076,https://epdoc2.elperuano.pe/EpPo/VistaNLSE.asp?Referencias=MjM1MDQwNi0xMjAyNDEyMDU=,31/12/2024,,,,,,,,,,,,,,,,,,,,,,,,,,,,,,,,,,,,,,
05/12/2024,2350452-1,TRANSPORTES Y COMUNICACIONES,RESOLUCION MINISTERIAL,N¯ 704-2024-MTC/01.02,Aprueban ejecuci¢n de expropiaci¢n de †reas afectadas de inmueble para la ejecuci¢n de la Obra: Rehabilitaci¢n y Mejoramiento de la Carretera: Dv. Yanacocha - Bambamarca Tramo: Dv. Yanacocha - Hualgayoc,https://busquedas.elperuano.pe/dispositivo/NL/2350452-1,31/12/2024,,,,,,,,,,,,,,,,,,,,,,,,,,,,,,,,,,,,,,
05/12/2024,2350467-1,TRANSPORTES Y COMUNICACIONES,RESOLUCION MINISTERIAL,N¯ 705-2024-MTC/01.02,Aprueban ejecuci¢n de expropiaci¢n de †rea afectada de inmueble para la ejecuci¢n de la obra: Construcci¢n de Puentes por Reemplazo en la Zona Norte del Pa°s Obra 4 (Puente S/N Puente S/N Puente S/N Puente El Pavo Pont¢n Puente La Leche Puente Chele Puente Pont¢n),https://busquedas.elperuano.pe/dispositivo/NL/2350467-1,31/12/2024,,,,,,,,,,,,,,,,,,,,,,,,,,,,,,,,,,,,,,
05/12/2024,2351184-1,"VIVIENDA, CONSTRUCCI‡N Y SANEAMIENTO",RESOLUCION MINISTERIAL,N¯ 449-2024-VIVIENDA,Designan Directora General de la Oficina General de Planeamiento y Presupuesto del Ministerio,https://busquedas.elperuano.pe/dispositivo/NL/2351184-1,31/12/2024,,,,,,,,,,,,,,,,,,,,,,,,,,,,,,,,,,,,,,
05/12/2024,2351019-1,INSTITUTO PERUANO DEL DEPORTE,RESOLUCION,N¯ 000129-2024-P/IPD,Designan Asesor II de Presidencia del Instituto Peruano del Deporte,https://busquedas.elperuano.pe/dispositivo/NL/2351019-1,31/12/2024,,,,,,,,,,,,,,,,,,,,,,,,,,,,,,,,,,,,,,
05/12/2024,2351021-1,INSTITUTO PERUANO DEL DEPORTE,RESOLUCION,N¯ 000130-2024-P/IPD,Designan jefe de la Oficina de Coordinaci¢n Regional Cooperaci¢n y Relaciones Nacionales e Internacionales del Instituto Peruano del Deporte,https://busquedas.elperuano.pe/dispositivo/NL/2351021-1,31/12/2024,,,,,,,,,,,,,,,,,,,,,,,,,,,,,,,,,,,,,,
05/12/2024,2351116-1,SEGURO INTEGRAL DE SALUD,RESOLUCION JEFATURAL,N¯ 000184-2024-SIS/J,Aprueban Transferencia Financiera a favor de unidades ejecutoras para el financiamiento de prestaciones de salud brindadas a los asegurados del Seguro Integral de Salud,https://busquedas.elperuano.pe/dispositivo/NL/2351116-1,31/12/2024,,,,,,,,,,,,,,,,,,,,,,,,,,,,,,,,,,,,,,
05/12/2024,2350037-1,ORGANISMO SUPERVISOR DE LA INVERSI‡N EN INFRAESTRUCTURA DE TRANSPORTE DE USO PÈBLICO,RESOLUCION,N¯ 0080-2024-PD-OSITRAN,Designan miembros del Cuerpo Colegiado Ad-Hoc del Ositr†n para resolver controversias entre Interamerican Service CO S.A.C. contra APM Terminals Callao S.A. as° como entre CORPAC S.A. contra SARU EIRL,https://busquedas.elperuano.pe/dispositivo/NL/2350037-1,31/12/2024,,,,,,,,,,,,,,,,,,,,,,,,,,,,,,,,,,,,,,
05/12/2024,2351178-1,INSTITUTO GEOL‡GICO MINERO Y METALÈRGICO,RESOLUCION,N¯ 0179-2024-INGEMMET/PE,Designan Asesor en Investigaci¢n Geol¢gica de la Presidencia Ejecutiva del INGEMMET,https://busquedas.elperuano.pe/dispositivo/NL/2351178-1,31/12/2024,,,,,,,,,,,,,,,,,,,,,,,,,,,,,,,,,,,,,,
05/12/2024,2351181-1,INSTITUTO GEOL‡GICO MINERO Y METALÈRGICO,RESOLUCION,N¯ 0182-2024-INGEMMET/PE,Aprueban modificaci¢n del Manual de Clasificador de Cargos del Instituto Geol¢gico Minero y Metal£rgico ? INGEMMET,https://busquedas.elperuano.pe/dispositivo/NL/2351181-1,31/12/2024,,,,,,,,,,,,,,,,,,,,,,,,,,,,,,,,,,,,,,
05/12/2024,2351134-1,SUPERINTENDENCIA NACIONAL DE ADUANAS Y DE ADMINISTRACI‡N TRIBUTARIA,RESOLUCION,N¯ 000201-2024-SUNAT/800000,Dejan sin efecto designaciones y designan en cargos de confianza de la Superintendencia Nacional Adjunta de Administraci¢n y Finanzas,https://busquedas.elperuano.pe/dispositivo/NL/2351134-1,31/12/2024,,,,,,,,,,,,,,,,,,,,,,,,,,,,,,,,,,,,,,
05/12/2024,2351154-1,SUPERINTENDENCIA NACIONAL DE ADUANAS Y DE ADMINISTRACI‡N TRIBUTARIA,RESOLUCION,N¯ 000274-2024/SUNAT,Dejan sin efecto designaciones y designan en cargos de confianza de la SUNAT,https://busquedas.elperuano.pe/dispositivo/NL/2351154-1,31/12/2024,,,,,,,,,,,,,,,,,,,,,,,,,,,,,,,,,,,,,,
05/12/2024,2350860-1,AUTORIDAD NACIONAL DE SANIDAD E INOCUIDAD EN PESCA Y ACUICULTURA,RESOLUCION,N¯ 000157-2024-SANIPES/PE,Designan Jefe de la Unidad de Abastecimiento de la Autoridad Nacional de Sanidad e Inocuidad en Pesca y Acuicultura - SANIPES,https://busquedas.elperuano.pe/dispositivo/NL/2350860-1,31/12/2024,,,,,,,,,,,,,,,,,,,,,,,,,,,,,,,,,,,,,,
05/12/2024,2350788-1,BANCO CENTRAL DE RESERVA,CIRCULAR,N¯ 0031-2024-BCRP,Ponen en circulaci¢n una moneda de plata alusiva al bicentenario de la Batalla de Ayacucho,https://busquedas.elperuano.pe/dispositivo/NL/2350788-1,31/12/2024,,,,,,,,,,,,,,,,,,,,,,,,,,,,,,,,,,,,,,
05/12/2024,2351008-1,CONTRALORIA GENERAL DE LA REPUBLICA,RESOLUCION,N¯ 714-2024-CG,Modifican el numeral 7.3 y el Formato N¯ 1B del Anexo N¯ 2 de la Directiva N¯ 013-2022-CG/NORM Servicio de Control Simult†neo aprobada por Resoluci¢n de Contralor°a N¯ 218-2022-CG,https://busquedas.elperuano.pe/dispositivo/NL/2351008-1,31/12/2024,,,,,,,,,,,,,,,,,,,,,,,,,,,,,,,,,,,,,,
05/12/2024,2348745-1,INSTITUCIONES EDUCATIVAS,RESOLUCION,N¯ 3797-2024-UNI,Otorgan duplicado de diploma de grado acadÇmico de bachiller en Ciencias con menci¢n en Arquitectura de la Universidad Nacional de Ingenier°a,https://busquedas.elperuano.pe/dispositivo/NL/2348745-1,31/12/2024,,,,,,,,,,,,,,,,,,,,,,,,,,,,,,,,,,,,,,
05/12/2024,2349807-1,INSTITUCIONES EDUCATIVAS,RESOLUCION,N¯ 14189-2024-UNJBG,Autorizan viaje de personal administrativo de la Universidad Nacional Jorge Basadre Grohmann a Chile en comisi¢n de servicios,https://busquedas.elperuano.pe/dispositivo/NL/2349807-1,31/12/2024,,,,,,,,,,,,,,,,,,,,,,,,,,,,,,,,,,,,,,
05/12/2024,2350017-1,INSTITUCIONES EDUCATIVAS,RESOLUCION,N¯ 3301-2024-R-UNA,Autorizan viaje de docente de la Universidad Nacional del Altiplano de Puno a Argentina en comisi¢n de servicios,https://busquedas.elperuano.pe/dispositivo/NL/2350017-1,31/12/2024,,,,,,,,,,,,,,,,,,,,,,,,,,,,,,,,,,,,,,
05/12/2024,2351099-1,MINISTERIO PUBLICO,RESOLUCION,N¯ 2782-2024-MP-FN,Nombran fiscal adjunto provincial provisional del Distrito Fiscal de Cusco,https://busquedas.elperuano.pe/dispositivo/NL/2351099-1,31/12/2024,,,,,,,,,,,,,,,,,,,,,,,,,,,,,,,,,,,,,,
05/12/2024,2351099-2,MINISTERIO PUBLICO,RESOLUCION,N¯ 2783-2024-MP-FN,Nombran fiscal adjunta provincial provisional del Distrito Fiscal de Lima Centro,https://busquedas.elperuano.pe/dispositivo/NL/2351099-2,31/12/2024,,,,,,,,,,,,,,,,,,,,,,,,,,,,,,,,,,,,,,
05/12/2024,2351099-3,MINISTERIO PUBLICO,RESOLUCION,N¯ 2784-2024-MP-FN,Dan por concluido el nombramiento de fiscal provincial provisional del Distrito Fiscal de Ventanilla actualmente Distrito Fiscal de Lima Noroeste,https://busquedas.elperuano.pe/dispositivo/NL/2351099-3,31/12/2024,,,,,,,,,,,,,,,,,,,,,,,,,,,,,,,,,,,,,,
05/12/2024,2351099-4,MINISTERIO PUBLICO,RESOLUCION,N¯ 2785-2024-MP-FN,Nombran fiscal adjunta provincial provisional del Distrito Fiscal de Moquegua,https://busquedas.elperuano.pe/dispositivo/NL/2351099-4,31/12/2024,,,,,,,,,,,,,,,,,,,,,,,,,,,,,,,,,,,,,,
05/12/2024,2351099-5,MINISTERIO PUBLICO,RESOLUCION,N¯ 2786-2024-MP-FN,Nombran fiscal adjunta provincial provisional del Distrito Fiscal de Loreto,https://busquedas.elperuano.pe/dispositivo/NL/2351099-5,31/12/2024,,,,,,,,,,,,,,,,,,,,,,,,,,,,,,,,,,,,,,
05/12/2024,2351099-6,MINISTERIO PUBLICO,RESOLUCION,N¯ 2787-2024-MP-FN,Nombran fiscal adjunta provincial provisional del Distrito Fiscal de Lima Centro,https://busquedas.elperuano.pe/dispositivo/NL/2351099-6,31/12/2024,,,,,,,,,,,,,,,,,,,,,,,,,,,,,,,,,,,,,,
05/12/2024,2351099-7,MINISTERIO PUBLICO,RESOLUCION,N¯ 2788-2024-MP-FN,Nombran fiscal adjunto provincial provisional del Distrito Fiscal de Lima Centro,https://busquedas.elperuano.pe/dispositivo/NL/2351099-7,31/12/2024,,,,,,,,,,,,,,,,,,,,,,,,,,,,,,,,,,,,,,
05/12/2024,2351099-8,MINISTERIO PUBLICO,RESOLUCION,N¯ 2789-2024-MP-FN,Nombran fiscal provincial provisional del Distrito Fiscal del Cusco,https://busquedas.elperuano.pe/dispositivo/NL/2351099-8,31/12/2024,,,,,,,,,,,,,,,,,,,,,,,,,,,,,,,,,,,,,,
05/12/2024,2351099-9,MINISTERIO PUBLICO,RESOLUCION,N¯ 2790-2024-MP-FN,Nombran fiscal provincial provisional del Distrito Fiscal de Lima Centro,https://busquedas.elperuano.pe/dispositivo/NL/2351099-9,31/12/2024,,,,,,,,,,,,,,,,,,,,,,,,,,,,,,,,,,,,,,
05/12/2024,2337375-1,GOBIERNO REGIONAL DEL CUSCO,ORDENANZA,N¯ 208-2021-CR/GR CUSCO,Aprueban el Plan Maestro del µrea de Conservaci¢n Regional Ausangate,https://busquedas.elperuano.pe/dispositivo/NL/2337375-1,31/12/2024,,,,,,,,,,,,,,,,,,,,,,,,,,,,,,,,,,,,,,
05/12/2024,2337694-1,GOBIERNO REGIONAL DEL CUSCO,ORDENANZA,N¯ 248-2024-CR/GRC,Ordenanza Regional que aprueba el Reglamento Interno del Consejo Regional de Cusco,https://busquedas.elperuano.pe/dispositivo/NL/2337694-1,31/12/2024,,,,,,,,,,,,,,,,,,,,,,,,,,,,,,,,,,,,,,
05/12/2024,2350710-1,GOBIERNO REGIONAL DE HUANUCO,ORDENANZA,N¯ 034-2024-GRH-CR,Ordenanza Regional que crea el Observatorio Regional de Seguridad Ciudadana,https://busquedas.elperuano.pe/dispositivo/NL/2350710-1,31/12/2024,,,,,,,,,,,,,,,,,,,,,,,,,,,,,,,,,,,,,,
05/12/2024,2350712-1,GOBIERNO REGIONAL DE HUANUCO,ORDENANZA,N¯ 035-2024-GRH-CR,Ordenanza Regional que declara de InterÇs Tur°stico Regional la Festividad de los Negritos de Hu†nuco en Honor al Ni§o Jes£s de la Regi¢n Hu†nuco e institucionalizan el Festival de los Negritos de Hu†nuco como la Navidad m†s Grande del Mundo,https://busquedas.elperuano.pe/dispositivo/NL/2350712-1,31/12/2024,,,,,,,,,,,,,,,,,,,,,,,,,,,,,,,,,,,,,,
05/12/2024,2350999-1,GOBIERNO REGIONAL DE LAMBAYEQUE,ORDENANZA,N¯ 000012-2024-GR.LAMB/CR [2839110 - 48],Ordenanza Regional que aprueba disposiciones para la promoci¢n de la incorporaci¢n del enfoque intercultural; el uso preservaci¢n desarrollo recuperaci¢n fomento y difusi¢n de las lenguas ind°genas u originarias la promoci¢n de la diversidad cultural para la prevenci¢n y sanci¢n del racismo y la discriminaci¢n Çtnico-racial as° como la promoci¢n de derechos del pueblo afroperuano en la Regi¢n Lambayeque,https://busquedas.elperuano.pe/dispositivo/NL/2350999-1,31/12/2024,,,,,,,,,,,,,,,,,,,,,,,,,,,,,,,,,,,,,,
05/12/2024,2351001-1,GOBIERNO REGIONAL DE LAMBAYEQUE,ORDENANZA,N¯ 000007-2024-GR.LAMB/CR [515325300 - 18],Modifican la Ordenanza Regional Nß 018-2011-GR.LAMB./CR que constituye el Consejo Regional de la Juventud COREJU - LAMBAYEQUE del Gobierno Regional de Lambayeque,https://busquedas.elperuano.pe/dispositivo/NL/2351001-1,31/12/2024,,,,,,,,,,,,,,,,,,,,,,,,,,,,,,,,,,,,,,
05/12/2024,2351002-1,GOBIERNO REGIONAL DE LAMBAYEQUE,ORDENANZA,N¯ 000008-2024-GR. LAMB/CR [515302051 - 13],Modifican la Ordenanza Regional N¯ 016-2016-GR.LAMB/CR que conforma la Red Regional para la Lucha contra la Trata de Personas y el Tr†fico Il°cito de Migrantes en la Regi¢n Lambayeque,https://busquedas.elperuano.pe/dispositivo/NL/2351002-1,31/12/2024,,,,,,,,,,,,,,,,,,,,,,,,,,,,,,,,,,,,,,
05/12/2024,2350613-1,MUNICIPALIDAD METROPOLITANA DE LIMA,ORDENANZA,N¯ 2672,Ordenanza que rectifica el plano de zonificaci¢n del distrito de Ate,https://busquedas.elperuano.pe/dispositivo/NL/2350613-1,31/12/2024,,,,,,,,,,,,,,,,,,,,,,,,,,,,,,,,,,,,,,
05/12/2024,2350614-1,MUNICIPALIDAD METROPOLITANA DE LIMA,ORDENANZA,N¯ 2673,Ordenanza que aprueba la rectificaci¢n del plano de zonificaci¢n del distrito de San Bartolo,https://busquedas.elperuano.pe/dispositivo/NL/2350614-1,31/12/2024,,,,,,,,,,,,,,,,,,,,,,,,,,,,,,,,,,,,,,
05/12/2024,2350615-1,MUNICIPALIDAD METROPOLITANA DE LIMA,ORDENANZA,N¯ 2674,Ordenanza que rectifica el plano de zonificaci¢n del distrito de San Bartolo,https://busquedas.elperuano.pe/dispositivo/NL/2350615-1,31/12/2024,,,,,,,,,,,,,,,,,,,,,,,,,,,,,,,,,,,,,,
05/12/2024,2349817-1,MUNICIPALIDAD DE EL AGUSTINO,DECRETO DE ALCALDIA,N¯ 016-2024-MDEA,Prorrogan vigencia de la Ordenanza N¯749-2024-MDEA que estableci¢ beneficios tributarios y no tributarios a favor de los contribuyentes del distrito de El Agustino,https://busquedas.elperuano.pe/dispositivo/NL/2349817-1,31/12/2024,,,,,,,,,,,,,,,,,,,,,,,,,,,,,,,,,,,,,,
05/12/2024,2351183-1,MUNICIPALIDAD DE INDEPENDENCIA,Acuerdo,N¯ D000055-2024-AL-MDI,Disponen proceder con el Saneamiento F°sico Legal de †reas en posesi¢n y bajo administraci¢n de la Municipalidad Distrital de Independencia a fin de preservar los espacios p£blicos destinados al servicio p£blico de seguridad ciudadana respecto de diversos predios,https://epdoc2.elperuano.pe/EpPo/VistaDE.asp?Referencias=MjM1MTE4My0xMjAyNDEyMDU=,31/12/2024,,,,,,,,,,,,,,,,,,,,,,,,,,,,,,,,,,,,,,
05/12/2024,2350518-1,MUNICIPALIDAD DE CARMEN DE LA LEGUA REYNOSO,ORDENANZA,N¯ 014-2024-MDCLR,Ordenanza que aprueba beneficios tributarios en el distrito de Carmen de la Legua Reynoso,https://busquedas.elperuano.pe/dispositivo/NL/2350518-1,31/12/2024,,,,,,,,,,,,,,,,,,,,,,,,,,,,,,,,,,,,,,
04/12/2024,2350706-1,CONGRESO DE LA REPUBLICA,LEY,N¯ 32179,Ley que modifica la Ley 31125 Ley que declara en emergencia el Sistema Nacional de Salud y regula su proceso de reforma a fin de precisar las condiciones del personal de suplencia para ser contratado a plazo indeterminado,https://busquedas.elperuano.pe/dispositivo/NL/2350706-1,31/12/2024,,,,,,,,,,,,,,,,,,,,,,,,,,,,,,,,,,,,,,
04/12/2024,2350706-5,PRESIDENCIA DEL CONSEJO DE MINISTROS,RESOLUCION SUPREMA,N¯ 252-2024-PCM,Autorizan viaje del Ministro de la Producci¢n a la Rep£blica de Corea y encargan su Despacho al Ministro de Desarrollo Agrario y Riego,https://busquedas.elperuano.pe/dispositivo/NL/2350706-5,31/12/2024,,,,,,,,,,,,,,,,,,,,,,,,,,,,,,,,,,,,,,
04/12/2024,2350689-1,AMBIENTE,RESOLUCION MINISTERIAL,N¯ 00422-2024-MINAM,Disponen la publicaci¢n del proyecto de Decreto Supremo que establece nuevo plazo para la adecuaci¢n ambiental de las actividades de residuos s¢lidos y dicta otras disposiciones as° como su Exposici¢n de Motivos,https://busquedas.elperuano.pe/dispositivo/NL/2350689-1,31/12/2024,,,,,,,,,,,,,,,,,,,,,,,,,,,,,,,,,,,,,,
04/12/2024,2350970-1,DESARROLLO AGRARIO Y RIEGO,RESOLUCION,N¯ D000296-2024-MIDAGRI-SERFOR-DE,Designan Asesor de la Gerencia General del Servicio Nacional Forestal y de Fauna Silvestre - SERFOR,https://busquedas.elperuano.pe/dispositivo/NL/2350970-1,31/12/2024,,,,,,,,,,,,,,,,,,,,,,,,,,,,,,,,,,,,,,
04/12/2024,2351025-1,DESARROLLO AGRARIO Y RIEGO,RESOLUCION,N¯ D000297-2024-MIDAGRI-SERFOR-DE,Designan Directora de la Direcci¢n de Fortalecimiento de Capacidades de la Direcci¢n General de Pol°tica y Competitividad Forestal y de Fauna Silvestre del SERFOR,https://busquedas.elperuano.pe/dispositivo/NL/2351025-1,31/12/2024,,,,,,,,,,,,,,,,,,,,,,,,,,,,,,,,,,,,,,
04/12/2024,2349985-1,DESARROLLO AGRARIO Y RIEGO,RESOLUCION DIRECTORAL,N¯ D000030-2024-MIDAGRI-SENASA-DSA,Aprueban requisitos sanitarios para la importaci¢n de hemoderivados de la especie porcina destinados al consumo animal (excepto rumiantes) procedentes del Reino de Espa§a,https://busquedas.elperuano.pe/dispositivo/NL/2349985-1,31/12/2024,,,,,,,,,,,,,,,,,,,,,,,,,,,,,,,,,,,,,,
04/12/2024,2350706-4,DESARROLLO E INCLUSI‡N SOCIAL,DECRETO SUPREMO,N¯ 010-2024-MIDIS,Decreto Supremo que modifica el Decreto Supremo N¯ 008-2012-MIDIS de creaci¢n del Programa Nacional de Alimentaci¢n Escolar Qali Warma y regula el nuevo Programa Nacional de Alimentaci¢n Escolar Comunitaria Wasi Mikuna estableciendo medidas para su fortalecimiento y mejora,https://busquedas.elperuano.pe/dispositivo/NL/2350706-4,31/12/2024,,,,,,,,,,,,,,,,,,,,,,,,,,,,,,,,,,,,,,
04/12/2024,2350778-1,DESARROLLO E INCLUSI‡N SOCIAL,RESOLUCION,N¯ 000214-2024-MIDIS/FONCODES/DE,Designan Asesor de la Direcci¢n Ejecutiva del Foncodes,https://busquedas.elperuano.pe/dispositivo/NL/2350778-1,31/12/2024,,,,,,,,,,,,,,,,,,,,,,,,,,,,,,,,,,,,,,
04/12/2024,2350781-1,DESARROLLO E INCLUSI‡N SOCIAL,RESOLUCION,N¯ 000215-2024-MIDIS/FONCODES/DE,Designan Coordinador de la Unidad de Gesti¢n de Proyectos Productivos del Foncodes,https://busquedas.elperuano.pe/dispositivo/NL/2350781-1,31/12/2024,,,,,,,,,,,,,,,,,,,,,,,,,,,,,,,,,,,,,,
04/12/2024,2350724-1,DESARROLLO E INCLUSI‡N SOCIAL,Resoluci¢n,N¯ D000735-2024-MIDIS/PNAEQW-DE,Aprueban Bases Estandarizadas Anexos y Formatos de la Modalidad Raciones para el Proceso de Compras Electr¢nico 2025 del Programa Nacional de Alimentaci¢n Escolar Qali Warma,https://busquedas.elperuano.pe/dispositivo/NL/2350724-1,31/12/2024,,,,,,,,,,,,,,,,,,,,,,,,,,,,,,,,,,,,,,
04/12/2024,2349987-1,DESARROLLO E INCLUSI‡N SOCIAL,RESOLUCION MINISTERIAL,N¯ D000190-2024-MIDIS,Aprueban la modificaci¢n de la Directiva N¯ 002-2022-MIDIS Directiva para el Monitoreo y Supervisi¢n de la Gesti¢n del Programa de Complementaci¢n Alimentaria Versi¢n 2 aprobada por Resoluci¢n Ministerial N¯ 082-2022-MIDIS,https://busquedas.elperuano.pe/dispositivo/NL/2349987-1,31/12/2024,,,,,,,,,,,,,,,,,,,,,,,,,,,,,,,,,,,,,,
04/12/2024,2349993-1,DESARROLLO E INCLUSI‡N SOCIAL,RESOLUCION MINISTERIAL,N¯ D000191-2024-MIDIS,Aprueban la Directiva N¯ 0011-2024-MIDIS Directiva que regula la identificaci¢n selecci¢n y aprobaci¢n de una intervenci¢n p£blica focalizada y la elaboraci¢n de su Documento TÇcnico Definitivo,https://busquedas.elperuano.pe/dispositivo/NL/2349993-1,31/12/2024,,,,,,,,,,,,,,,,,,,,,,,,,,,,,,,,,,,,,,
04/12/2024,2350293-1,DESARROLLO E INCLUSI‡N SOCIAL,RESOLUCION MINISTERIAL,N¯ D000192-2024-MIDIS,Designan Secretaria General del Ministerio de Desarrollo e Inclusi¢n Social,https://busquedas.elperuano.pe/dispositivo/NL/2350293-1,31/12/2024,,,,,,,,,,,,,,,,,,,,,,,,,,,,,,,,,,,,,,
04/12/2024,2350706-2,ECONOMIA Y FINANZAS,DECRETO SUPREMO,N¯ 246-2024-EF,Decreto Supremo que autoriza una Transferencia de Partidas en el Presupuesto del Sector P£blico para el A§o Fiscal 2024 a favor de la Municipalidad Distrital del R°mac,https://busquedas.elperuano.pe/dispositivo/NL/2350706-2,31/12/2024,,,,,,,,,,,,,,,,,,,,,,,,,,,,,,,,,,,,,,
04/12/2024,2350707-1,ECONOMIA Y FINANZAS,DECRETO SUPREMO,N¯ 247-2024-EF,Decreto Supremo que aprueba el nuevo monto de la propina de las promotoras educativas comunitarias del Programa No Escolarizado de Educaci¢n Inicial (PRONOEI) del Ciclo I y Ciclo II y autoriza Transferencia de Partidas en el Presupuesto del Sector P£blico para el A§o Fiscal 2024 a favor de los gobiernos regionales,https://busquedas.elperuano.pe/dispositivo/NL/2350707-1,31/12/2024,,,,,,,,,,,,,,,,,,,,,,,,,,,,,,,,,,,,,,
04/12/2024,2350296-1,ECONOMIA Y FINANZAS,RESOLUCION MINISTERIAL,N¯ 382-2024-EF/15,Resoluci¢n Ministerial que modifica el Reglamento Operativo del Programa REACTIVA PERÈ,https://busquedas.elperuano.pe/dispositivo/NL/2350296-1,31/12/2024,,,,,,,,,,,,,,,,,,,,,,,,,,,,,,,,,,,,,,
04/12/2024,2350690-1,EDUCACION,RESOLUCION VICE MINISTERIAL,N¯ 143-2024-MINEDU,Aprueban los Lineamientos para la articulaci¢n intergubernamental y territorial del Sector Educaci¢n,https://busquedas.elperuano.pe/dispositivo/NL/2350690-1,31/12/2024,,,,,,,,,,,,,,,,,,,,,,,,,,,,,,,,,,,,,,
04/12/2024,2351041-1,EDUCACION,RESOLUCION VICE MINISTERIAL,N¯ 145-2024-MINEDU,Aprueban cronograma excepcional del Concurso P£blico para el Ascenso de Escala de los profesores de Educaci¢n B†sica Ley N¯ 29944 dirigido a postulantes de la modalidad de Educaci¢n B†sica Regular nivel Primaria Educaci¢n F°sica y Profesor de Innovaci¢n Pedag¢gica que asistieron a la prueba nacional y no la rindieron en su grupo de inscripci¢n a fin de que puedan participar de forma voluntaria en prueba excepcional seleccionando nueva sede y dictan otras disposiciones,https://busquedas.elperuano.pe/dispositivo/NL/2351041-1,31/12/2024,,,,,,,,,,,,,,,,,,,,,,,,,,,,,,,,,,,,,,
04/12/2024,2348120-1,ENERGIA Y MINAS,RESOLUCION MINISTERIAL,N¯ 448-2024-MINEM/DM,Otorgan a favor de KALLPA GENERACION S.A. concesi¢n temporal para desarrollar Estudios de Factibilidad relacionados a la actividad de generaci¢n de energ°a elÇctrica para el proyecto Central Solar Fotovoltaica Sunny III los cuales se llevar†n a cabo en el distrito de La Joya provincia y departamento de Arequipa,https://busquedas.elperuano.pe/dispositivo/NL/2348120-1,31/12/2024,,,,,,,,,,,,,,,,,,,,,,,,,,,,,,,,,,,,,,
04/12/2024,2350544-1,JUSTICIA Y DERECHOS HUMANOS,RESOLUCION,N¯ 239-2024-JUS/PRONACEJ,Designan director del Centro Juvenil de Diagn¢stico y Rehabilitaci¢n Lima del Programa Nacional de Centros Juveniles,https://busquedas.elperuano.pe/dispositivo/NL/2350544-1,31/12/2024,,,,,,,,,,,,,,,,,,,,,,,,,,,,,,,,,,,,,,
04/12/2024,2350900-1,MUJER Y POBLACIONES VULNERABLES,RESOLUCION,N¯ D000230-2024-CONADIS-PRE,Designan Director II de la Oficina de Asesor°a Jur°dica del Consejo Nacional para la Integraci¢n de la Persona con Discapacidad (CONADIS),https://busquedas.elperuano.pe/dispositivo/NL/2350900-1,31/12/2024,,,,,,,,,,,,,,,,,,,,,,,,,,,,,,,,,,,,,,
04/12/2024,2350706-3,PRODUCE,DECRETO SUPREMO,N¯ 018-2024-PRODUCE,Decreto Supremo que aprueba el Reglamento de Ordenamiento Pesquero del recurso anguila (Ophichthus remiger),https://busquedas.elperuano.pe/dispositivo/NL/2350706-3,31/12/2024,,,,,,,,,,,,,,,,,,,,,,,,,,,,,,,,,,,,,,
04/12/2024,2349552-1,PRODUCE,RESOLUCION DIRECTORAL,N¯ 028-2024-INACAL/DN,Aprueban Normas TÇcnicas Peruanas sobre truchas m†quinas elÇctricas rotativas y otras,https://busquedas.elperuano.pe/dispositivo/NL/2349552-1,31/12/2024,,,,,,,,,,,,,,,,,,,,,,,,,,,,,,,,,,,,,,
04/12/2024,2350569-1,PRODUCE,RESOLUCION MINISTERIAL,N¯ 00476-2024-PRODUCE,Autorizan Transferencias Financieras a favor del N£cleo Ejecutor de Compras del Sector Productivo de Textil-Confecciones y del N£cleo Ejecutor de Compras del Sector Productivo de Cuero y Calzado,https://busquedas.elperuano.pe/dispositivo/NL/2350569-1,31/12/2024,,,,,,,,,,,,,,,,,,,,,,,,,,,,,,,,,,,,,,
04/12/2024,2350586-1,PRODUCE,RESOLUCION MINISTERIAL,N¯ 00475-2024-PRODUCE,Modifican la R.M. N¯ 110-2012-PRODUCE que aprueba el modelo de Convenio de Gesti¢n para la Administraci¢n de las Infraestructuras Pesqueras Artesanales entre el Ministerio de la Producci¢n o el Gobierno Regional el Fondo Nacional de Desarrollo Pesquero - FONDEPES y la Organizaci¢n Social de Pescadores Artesanales,https://busquedas.elperuano.pe/dispositivo/NL/2350586-1,31/12/2024,,,,,,,,,,,,,,,,,,,,,,,,,,,,,,,,,,,,,,
04/12/2024,2350617-1,PRODUCE,RESOLUCION MINISTERIAL,N¯ 00477-2024-PRODUCE,Establecen cuota de captura complementaria del recurso bonito a la aprobada por R.M. N¯ 00026-2024-PRODUCE a ser extra°da hasta el 31 de diciembre de 2024 aplicable a las actividades extractivas efectuadas por embarcaciones pesqueras artesanales que cuenten con permiso de pesca vigente,https://busquedas.elperuano.pe/dispositivo/NL/2350617-1,31/12/2024,,,,,,,,,,,,,,,,,,,,,,,,,,,,,,,,,,,,,,
04/12/2024,2350658-1,SALUD,RESOLUCION MINISTERIAL,N¯ 844-2024/MINSA,Autorizan viaje de profesionales de la Direcci¢n General de Medicamentos Insumos y Drogas a la Rep£blica Socialista de Vietnam en comisi¢n de servicios,https://busquedas.elperuano.pe/dispositivo/NL/2350658-1,31/12/2024,,,,,,,,,,,,,,,,,,,,,,,,,,,,,,,,,,,,,,
04/12/2024,2350665-1,SALUD,RESOLUCION MINISTERIAL,N¯ 845-2024/MINSA,Aprueban Documento TÇcnico: Lineamientos para la formulaci¢n y evaluaci¢n de la declaratoria de emergencia sanitaria y su correspondiente plan de acci¢n conforme al D.Leg. N¯ 1156 y su Reglamento aprobado por D.S. N¯ 007-2014-SA,https://busquedas.elperuano.pe/dispositivo/NL/2350665-1,31/12/2024,,,,,,,,,,,,,,,,,,,,,,,,,,,,,,,,,,,,,,
04/12/2024,2350703-1,SALUD,RESOLUCION MINISTERIAL,N¯ 846-2024/MINSA,Autorizan Transferencia Financiera a favor de la Organizaci¢n Panamericana de la Salud (OPS/OMS),https://busquedas.elperuano.pe/dispositivo/NL/2350703-1,31/12/2024,,,,,,,,,,,,,,,,,,,,,,,,,,,,,,,,,,,,,,
04/12/2024,2350704-1,SALUD,RESOLUCION MINISTERIAL,N¯ 847-2024/MINSA,Autorizan Transferencia Financiera a favor de la Organizaci¢n Panamericana de la Salud (OPS/OMS),https://busquedas.elperuano.pe/dispositivo/NL/2350704-1,31/12/2024,,,,,,,,,,,,,,,,,,,,,,,,,,,,,,,,,,,,,,
04/12/2024,2350705-1,SALUD,RESOLUCION MINISTERIAL,N¯ 848-2024/MINSA,Autorizan viaje de profesionales de la Direcci¢n General de Medicamentos Insumos y Drogas a Polonia en comisi¢n de servicios,https://busquedas.elperuano.pe/dispositivo/NL/2350705-1,31/12/2024,,,,,,,,,,,,,,,,,,,,,,,,,,,,,,,,,,,,,,
04/12/2024,2350268-1,TRABAJO Y PROMOCION DEL EMPLEO,FE DE ERRATA,R.M. N¯ 192-2024-TR,FE DE ERRATA,https://busquedas.elperuano.pe/dispositivo/NL/2350268-1,31/12/2024,,,,,,,,,,,,,,,,,,,,,,,,,,,,,,,,,,,,,,
04/12/2024,2350763-1,TRABAJO Y PROMOCION DEL EMPLEO,RESOLUCION MINISTERIAL,N¯ 193-2024-TR,Aprueban transferencia financiera del Programa de Empleo Temporal Llamkasun Per£ a favor de diversos organismos ejecutores del sector p£blico,https://busquedas.elperuano.pe/dispositivo/NL/2350763-1,31/12/2024,,,,,,,,,,,,,,,,,,,,,,,,,,,,,,,,,,,,,,
04/12/2024,2349875-1,TRANSPORTES Y COMUNICACIONES,RESOLUCION MINISTERIAL,N¯ 702-2024-MTC/01.03,Aprueban ejecuci¢n de expropiaci¢n del †rea afectada de un (1) inmueble para la ejecuci¢n del proyecto: Red Dorsal Nacional de Fibra ‡ptica: Cobertura Universal Norte Cobertura Universal Sur y Cobertura Universal Centro correspondiente al c¢digo NODO LOS ANGELES,https://busquedas.elperuano.pe/dispositivo/NL/2349875-1,31/12/2024,,,,,,,,,,,,,,,,,,,,,,,,,,,,,,,,,,,,,,
04/12/2024,2349920-1,TRANSPORTES Y COMUNICACIONES,RESOLUCION MINISTERIAL,N¯ 703-2024-MTC/01.02,Aprueban ejecuci¢n de expropiaci¢n de †rea afectada de inmueble para la ejecuci¢n del proyecto: Tramo vial Desv°o Quilca ? Desv°o Arequipa (Repartici¢n) ? Desv°o Matarani ? Desv°o Moquegua; Desv°o Ilo ? Tacna ? La Concordia,https://busquedas.elperuano.pe/dispositivo/NL/2349920-1,31/12/2024,,,,,,,,,,,,,,,,,,,,,,,,,,,,,,,,,,,,,,
04/12/2024,2349984-1,TRANSPORTES Y COMUNICACIONES,RESOLUCION MINISTERIAL,N¯ 706-2024-MTC/01.02,Aprueban ejecuci¢n de expropiaci¢n de †reas afectadas de inmueble para la ejecuci¢n de la obra: Tramo N¯ 2 del Corredor Vial Interoce†nico Sur Per£ Brasil (Urcos - Inambari),https://busquedas.elperuano.pe/dispositivo/NL/2349984-1,31/12/2024,,,,,,,,,,,,,,,,,,,,,,,,,,,,,,,,,,,,,,
04/12/2024,2350002-1,TRANSPORTES Y COMUNICACIONES,RESOLUCION MINISTERIAL,N¯ 707-2024-MTC/01.03,Dejan sin efecto la R.M. N¯ 475-2024-MTC/01.03 que aprueba ejecuci¢n de expropiaci¢n del †rea afectada de un (1) inmueble identificado con c¢digo NODO OMATE para la ejecuci¢n del proyecto: Red Dorsal Nacional de Fibra ‡ptica: Cobertura Universal Norte Cobertura Universal Sur y Cobertura Universal Centro,https://busquedas.elperuano.pe/dispositivo/NL/2350002-1,31/12/2024,,,,,,,,,,,,,,,,,,,,,,,,,,,,,,,,,,,,,,
04/12/2024,2350047-1,TRANSPORTES Y COMUNICACIONES,RESOLUCION MINISTERIAL,N¯ 711-2024-MTC/01.03,Otorgan a la empresa SUPER RED TELECOMUNICACION S.A.C. Concesi¢n Ènica para la prestaci¢n de servicios p£blicos de telecomunicaciones en †rea que comprende todo el territorio de la Rep£blica,https://busquedas.elperuano.pe/dispositivo/NL/2350047-1,31/12/2024,,,,,,,,,,,,,,,,,,,,,,,,,,,,,,,,,,,,,,
04/12/2024,2350681-1,TRANSPORTES Y COMUNICACIONES,RESOLUCION MINISTERIAL,N¯ 714-2024-MTC/01.02,Autorizan viaje de inspector de la Direcci¢n General de Aeron†utica Civil a Chile en comisi¢n de servicios,https://busquedas.elperuano.pe/dispositivo/NL/2350681-1,31/12/2024,,,,,,,,,,,,,,,,,,,,,,,,,,,,,,,,,,,,,,
04/12/2024,2350692-1,"VIVIENDA, CONSTRUCCI‡N Y SANEAMIENTO",RESOLUCION MINISTERIAL,N¯ 448-2024-VIVIENDA,Designan Director de la Direcci¢n de Ordenamiento e Integraci¢n de Centros Poblados de la Direcci¢n General de Pol°ticas y Regulaci¢n en Vivienda y Urbanismo,https://busquedas.elperuano.pe/dispositivo/NL/2350692-1,31/12/2024,,,,,,,,,,,,,,,,,,,,,,,,,,,,,,,,,,,,,,
04/12/2024,2350667-1,ORGANISMO DE FORMALIZACI‡N DE LA PROPIEDAD INFORMAL,RESOLUCION DIRECTORAL,N¯ D000170-2024-COFOPRI-DE,Designan Jefe de la Oficina Zonal Ancash del Organismo de Formalizaci¢n de la Propiedad Informal ? COFOPRI,https://busquedas.elperuano.pe/dispositivo/NL/2350667-1,31/12/2024,,,,,,,,,,,,,,,,,,,,,,,,,,,,,,,,,,,,,,
04/12/2024,2350682-1,ORGANISMO DE SUPERVISION DE LOS RECURSOS FORESTALES Y DE FAUNA SILVESTRE,RESOLUCION JEFATURAL,N¯ 00060-2024-OSINFOR/01.1,Designan Ejecutiva de la Unidad de Abastecimiento de la Oficina de Administraci¢n del OSINFOR,https://busquedas.elperuano.pe/dispositivo/NL/2350682-1,31/12/2024,,,,,,,,,,,,,,,,,,,,,,,,,,,,,,,,,,,,,,
04/12/2024,2350306-1,SEGURO INTEGRAL DE SALUD,RESOLUCION JEFATURAL,N¯ 000183-2024-SIS/J,Aprueban Transferencia Financiera a favor de unidades ejecutoras para el financiamiento de prestaciones en mÇrito a convenios y adendas suscritos,https://busquedas.elperuano.pe/dispositivo/NL/2350306-1,31/12/2024,,,,,,,,,,,,,,,,,,,,,,,,,,,,,,,,,,,,,,
04/12/2024,2350344-1,ORGANISMO DE EVALUACION Y FISCALIZACION AMBIENTAL,RESOLUCION,N¯ 00015-2024-OEFA/CD,Aprueban la Metodolog°a para el c†lculo de la multa coercitiva en el OEFA,https://busquedas.elperuano.pe/dispositivo/NL/2350344-1,31/12/2024,,,,,,,,,,,,,,,,,,,,,,,,,,,,,,,,,,,,,,
04/12/2024,2350691-1,ORGANISMO TêCNICO DE LA ADMINISTRACI‡N DE LOS SERVICIOS DE SANEAMIENTO,ACUERDO,N¯ 021-2024-CD,Acuerdo adoptado sobre designaci¢n de Gerentes de diversas Empresas Prestadoras de Servicios de Saneamiento ? EPS,https://busquedas.elperuano.pe/dispositivo/NL/2350691-1,31/12/2024,,,,,,,,,,,,,,,,,,,,,,,,,,,,,,,,,,,,,,
04/12/2024,2350282-1,SUPERINTENDENCIA DEL MERCADO DE VALORES,RESOLUCION,N¯ 140-2024-SMV/02,Autorizan el funcionamiento de Santander Empresa Administradora de Fondos Colectivos S.A. - Santander EAFC S.A.,https://busquedas.elperuano.pe/dispositivo/NL/2350282-1,31/12/2024,,,,,,,,,,,,,,,,,,,,,,,,,,,,,,,,,,,,,,
04/12/2024,2350313-1,SUPERINTENDENCIA DEL MERCADO DE VALORES,RESOLUCION,N¯ 141-2024-SMV/02,Autorizan funcionamiento de PREST‡POLIS Sociedad Administradora de Plataforma de Financiamiento Participativo Financiero S.A.C.,https://busquedas.elperuano.pe/dispositivo/NL/2350313-1,31/12/2024,,,,,,,,,,,,,,,,,,,,,,,,,,,,,,,,,,,,,,
04/12/2024,2350454-1,SUPERINTENDENCIA NACIONAL DE MIGRACIONES,RESOLUCION,N¯ 000204-2024-MIGRACIONES,Modifican la Resoluci¢n de Superintendencia N¯ 000024-2024-MIGRACIONES en lo referido a delegaci¢n de facultades y atribuciones en el/la Jefe/a de la Oficina de Administraci¢n y Finanzas durante el Ejercicio Fiscal 2024,https://busquedas.elperuano.pe/dispositivo/NL/2350454-1,31/12/2024,,,,,,,,,,,,,,,,,,,,,,,,,,,,,,,,,,,,,,
04/12/2024,2350572-1,CONTRALORIA GENERAL DE LA REPUBLICA,RESOLUCION,N¯ 712-2024-CG,Dan por terminada designaci¢n de Jefe del ‡rgano de Control Institucional de la Municipalidad Provincial de Otuzco,https://busquedas.elperuano.pe/dispositivo/NL/2350572-1,31/12/2024,,,,,,,,,,,,,,,,,,,,,,,,,,,,,,,,,,,,,,
04/12/2024,2350112-1,INSTITUCIONES EDUCATIVAS,RESOLUCION,N¯ 014277-2024-R/UNMSM,Ratifican la Resoluci¢n Decanal Nß 001827-2024-D-FDCP/UNMSM de la Facultad de Derecho y Ciencia Pol°tica de la Universidad Nacional Mayor de San Marcos en el sentido de modificar la Resoluci¢n Decanal N¯ 001796-2024-D-FDCP/UNMSM que autoriz¢ gastos del viaje de docente a Espa§a en Comisi¢n de Servicios,https://busquedas.elperuano.pe/dispositivo/NL/2350112-1,31/12/2024,,,,,,,,,,,,,,,,,,,,,,,,,,,,,,,,,,,,,,
04/12/2024,2350524-1,INSTITUCIONES EDUCATIVAS,RESOLUCION,N¯ 449-2024-UNC,Aprueban la actualizaci¢n del Manual de Clasificador de Cargos de la Universidad Nacional de Cajamarca,https://busquedas.elperuano.pe/dispositivo/NL/2350524-1,31/12/2024,,,,,,,,,,,,,,,,,,,,,,,,,,,,,,,,,,,,,,
04/12/2024,2350504-1,JURADO NACIONAL DE ELECCIONES,RESOLUCION,N¯ 0395-2024-JNE,Convocan a ciudadana para que asuma el cargo de regidora del Concejo Distrital de Mariscal C†ceres provincia de Caman† departamento de Arequipa,https://busquedas.elperuano.pe/dispositivo/NL/2350504-1,31/12/2024,,,,,,,,,,,,,,,,,,,,,,,,,,,,,,,,,,,,,,
04/12/2024,2350506-1,JURADO NACIONAL DE ELECCIONES,RESOLUCION,N¯ 0396-2024-JNE,Convocan a ciudadana para que asuma el cargo de regidora del Concejo Distrital de Santiago de Surco provincia y departamento de Lima,https://busquedas.elperuano.pe/dispositivo/NL/2350506-1,31/12/2024,,,,,,,,,,,,,,,,,,,,,,,,,,,,,,,,,,,,,,
04/12/2024,2350507-1,JURADO NACIONAL DE ELECCIONES,RESOLUCION,N¯ 0394-2024-JNE,Declaran la nulidad de todo lo actuado hasta la citaci¢n dirigida a regidora del Concejo Distrital de Tauca provincia de Pallasca departamento de µncash para que asista a la Sesi¢n Extraordinaria Nß 13 en la que se evalu¢ la vacancia seguida en su contra; y dictan otras disposiciones,https://busquedas.elperuano.pe/dispositivo/NL/2350507-1,31/12/2024,,,,,,,,,,,,,,,,,,,,,,,,,,,,,,,,,,,,,,
04/12/2024,2350510-1,JURADO NACIONAL DE ELECCIONES,RESOLUCION,N¯ 0392-2024-JNE,Convocan a ciudadanos para que asuman de manera definitiva cargos de alcaldesa y regidor de la Municipalidad Distrital de Huandoval provincia de Pallasca departamento de µncash,https://busquedas.elperuano.pe/dispositivo/NL/2350510-1,31/12/2024,,,,,,,,,,,,,,,,,,,,,,,,,,,,,,,,,,,,,,
04/12/2024,2349867-1,OFICINA NACIONAL DE PROCESOS ELECTORALES,RESOLUCION,N¯ 000086-2024-SG/ONPE,Admiten solicitud de revocatoria respecto al mandato de autoridades municipales del distrito de Julcamarca provincia de Angaraes regi¢n de Huancavelica,https://busquedas.elperuano.pe/dispositivo/NL/2349867-1,31/12/2024,,,,,,,,,,,,,,,,,,,,,,,,,,,,,,,,,,,,,,
04/12/2024,2350785-1,REGISTRO NACIONAL DE IDENTIFICACION Y ESTADO CIVIL,RESOLUCION JEFATURAL,N¯ 000186-2024/JNAC/RENIEC,Designan Jefa de la Oficina de Formaci¢n Ciudadana e Identidad del RENIEC,https://busquedas.elperuano.pe/dispositivo/NL/2350785-1,31/12/2024,,,,,,,,,,,,,,,,,,,,,,,,,,,,,,,,,,,,,,
04/12/2024,2350063-1,"SUPERINTENDENCIA DE BANCA, SEGUROS Y ADMINISTRADORAS PRIVADAS DE FONDOS DE PENSIONES",RESOLUCION,SBS N¯ 04089-2024,Autorizan la difusi¢n en consulta p£blica del proyecto normativo que aprueba el nuevo Reglamento de Canales Complementarios de Atenci¢n al P£blico de las Empresas del Sistema Financiero y de las Empresas Emisoras de Dinero Electr¢nico,https://busquedas.elperuano.pe/dispositivo/NL/2350063-1,31/12/2024,,,,,,,,,,,,,,,,,,,,,,,,,,,,,,,,,,,,,,
04/12/2024,2335742-1,GOBIERNO REGIONAL DE JUNIN,ACUERDO,N¯ 228-2024-GRJ/CR,Autorizan Transferencia Financiera a favor de la Mancomunidad Regional de Los Andes,https://busquedas.elperuano.pe/dispositivo/NL/2335742-1,31/12/2024,,,,,,,,,,,,,,,,,,,,,,,,,,,,,,,,,,,,,,
04/12/2024,2350219-1,MUNICIPALIDAD DE ATE,Acuerdo,N¯ 078,Aprueban licencia y autorizan participaci¢n de representantes de la Municipalidad en evento a realizarse en Argentina,https://epdoc2.elperuano.pe/EpPo/VistaDE.asp?Referencias=MjM1MDIxOS0xMjAyNDEyMDQ=,31/12/2024,,,,,,,,,,,,,,,,,,,,,,,,,,,,,,,,,,,,,,
04/12/2024,2350339-1,MUNICIPALIDAD DE LURIN,ORDENANZA,N¯ 513-2024/MDL,Ordenanza Municipal que establece el sorteo p£blico de premiaci¢n a los contribuyentes con deuda cero del distrito de Lur°n,https://busquedas.elperuano.pe/dispositivo/NL/2350339-1,31/12/2024,,,,,,,,,,,,,,,,,,,,,,,,,,,,,,,,,,,,,,
04/12/2024,2350409-1,MUNICIPALIDAD DE LURIN,ORDENANZA,N¯ 515-2024/MDL,Establecen la inafectaci¢n del pago de Impuesto Predial y la exoneraci¢n permanente del pago de Arbitrios Municipales respecto de los predios de la Iglesia Cat¢lica Jurisdicciones y Comunidades Religiosas que la integran; y otras entidades religiosas ubicadas en el distrito de Lur°n,https://busquedas.elperuano.pe/dispositivo/NL/2350409-1,31/12/2024,,,,,,,,,,,,,,,,,,,,,,,,,,,,,,,,,,,,,,
04/12/2024,2350257-1,MUNICIPALIDAD DE MIRAFLORES,Decretos de Alcald°a,N¯ 023-2024/MM,Aprueban el Reglamento de evaluaci¢n de solicitudes de sustituci¢n de pago dinerario por la entrega de bienes muebles conforme a lo dispuesto por la Ordenanza N¯ 645/MM y modificatorias; y dictan otras disposiciones,https://epdoc2.elperuano.pe/EpPo/VistaDE.asp?Referencias=MjM1MDI1Ny0xMjAyNDEyMDQ=,31/12/2024,,,,,,,,,,,,,,,,,,,,,,,,,,,,,,,,,,,,,,
04/12/2024,2350686-1,MUNICIPALIDAD DE SAN BORJA,DECRETO DE ALCALDIA,N¯ 014-2024-MSB-A,Aprueban el documento denominado Reglamento de la Ordenanza que regula el servicio de transporte de productos a travÇs de veh°culos menores motorizados y no motorizados estableciendo la prohibici¢n del servicio de transporte de pasajeros y carga en veh°culos menores en el distrito de San Borja,https://busquedas.elperuano.pe/dispositivo/NL/2350686-1,31/12/2024,,,,,,,,,,,,,,,,,,,,,,,,,,,,,,,,,,,,,,
04/12/2024,2350835-1,MUNICIPALIDAD DE SAN JUAN DE MIRAFLORES,ORDENANZA,N¯ 536/MDSJM,Ordenanza que establece incentivos tributarios en el distrito de San Juan de Miraflores,https://busquedas.elperuano.pe/dispositivo/NL/2350835-1,31/12/2024,,,,,,,,,,,,,,,,,,,,,,,,,,,,,,,,,,,,,,
04/12/2024,2349553-1,MUNICIPALIDAD DE BELLAVISTA,Ordenanzas,N¯ 012-2024-MDB,Ordenanza que otorga Beneficios Tributarios y No Tributarios en el distrito de Bellavista - diciembre 2024,https://epdoc2.elperuano.pe/EpPo/VistaDE.asp?Referencias=MjM0OTU1My0xMjAyNDEyMDQ=,31/12/2024,,,,,,,,,,,,,,,,,,,,,,,,,,,,,,,,,,,,,,
03/12/2024,2350201-5,PRESIDENCIA DEL CONSEJO DE MINISTROS,RESOLUCION SUPREMA,N¯ 250-2024-PCM,Otorgan la Condecoraci¢n Medalla al Defensor de la Democracia,https://busquedas.elperuano.pe/dispositivo/NL/2350201-5,31/12/2024,,,,,,,,,,,,,,,,,,,,,,,,,,,,,,,,,,,,,,
03/12/2024,2350480-1,PRESIDENCIA DEL CONSEJO DE MINISTROS,RESOLUCION SUPREMA,N¯ 251-2024-PCM,Autorizan viaje del Ministro de Econom°a y Finanzas a El Salvador y encargan su Despacho al Ministro de Defensa,https://busquedas.elperuano.pe/dispositivo/NL/2350480-1,31/12/2024,,,,,,,,,,,,,,,,,,,,,,,,,,,,,,,,,,,,,,
03/12/2024,2350201-4,AMBIENTE,DECRETO SUPREMO,N¯ 014-2024-MINAM,Decreto Supremo que aprueba el Reglamento de la Ley N¯ 28245 Ley Marco del Sistema Nacional de Gesti¢n Ambiental,https://busquedas.elperuano.pe/dispositivo/NL/2350201-4,31/12/2024,,,,,,,,,,,,,,,,,,,,,,,,,,,,,,,,,,,,,,
03/12/2024,2349763-1,AMBIENTE,RESOLUCION MINISTERIAL,N¯ 00421-2024-MINAM,Aprueban la Gu°a para la compensaci¢n ambiental en el marco del Sistema Nacional de Evaluaci¢n del Impacto Ambiental (SEIA),https://busquedas.elperuano.pe/dispositivo/NL/2349763-1,31/12/2024,,,,,,,,,,,,,,,,,,,,,,,,,,,,,,,,,,,,,,
03/12/2024,2350201-3,COMERCIO EXTERIOR Y TURISMO,DECRETO SUPREMO,N¯ 004-2024-MINCETUR,Decreto Supremo que dispone la puesta en ejecuci¢n del Protocolo de Adhesi¢n del Reino Unido de Gran Breta§a e Irlanda del Norte al Tratado Integral y Progresista de Asociaci¢n Transpac°fico y la Carta Bilateral con el Reino Unido sobre la aplicaci¢n del art°culo 18.38 respecto al Periodo de Gracia,https://busquedas.elperuano.pe/dispositivo/NL/2350201-3,31/12/2024,,,,,,,,,,,,,,,,,,,,,,,,,,,,,,,,,,,,,,
03/12/2024,2350072-1,COMERCIO EXTERIOR Y TURISMO,RESOLUCION MINISTERIAL,N¯ 359-2024-MINCETUR,Autorizan viaje de la Viceministra de Comercio Exterior y de servidores del Viceministerio de Comercio Exterior para participar en eventos a realizarse en Chile,https://busquedas.elperuano.pe/dispositivo/NL/2350072-1,31/12/2024,,,,,,,,,,,,,,,,,,,,,,,,,,,,,,,,,,,,,,
03/12/2024,2349857-1,DEFENSA,RESOLUCION DIRECTORAL,N¯ 742-2024 MGP/DICAPI,Disponen la publicaci¢n de proyecto de resoluci¢n directoral que aprueba los Procedimientos para la presentaci¢n y tramitaci¢n de autorizaci¢n de la Declaraci¢n Diaria de Zarpe y Arribo electr¢nica de naves pesqueras nacionales en el †mbito mar°timo fluvial y lacustre a travÇs de los TrazApp para naves pesqueras de una capacidad de bodega hasta 32.60 m3 y TrazApp Web para naves de una capacidad de bodega mayor de 32.60 m3),https://busquedas.elperuano.pe/dispositivo/NL/2349857-1,31/12/2024,,,,,,,,,,,,,,,,,,,,,,,,,,,,,,,,,,,,,,
03/12/2024,2349862-1,DEFENSA,RESOLUCION DIRECTORAL,N¯ 716-2024 MGP/DICAPI,Modifican la Norma de practicaje mar°timo y de los pr†cticos mar°timos aprobada por Resoluci¢n Directoral N¯ 1186-2016 MGP/DGCG,https://busquedas.elperuano.pe/dispositivo/NL/2349862-1,31/12/2024,,,,,,,,,,,,,,,,,,,,,,,,,,,,,,,,,,,,,,
03/12/2024,2349866-1,DEFENSA,RESOLUCION DIRECTORAL,N¯ 943-2024 MGP/DICAPI,Aprueban incorporaci¢n a las normas nacionales de diversas Resoluciones expedidas por la Asamblea y del ComitÇ de Seguridad Mar°tima de la Organizaci¢n Mar°tima Internacional ? OMI relacionadas a las enmiendas del Convenio Internacional sobre las L°neas de Carga 1966 y su protocolo de 1988,https://busquedas.elperuano.pe/dispositivo/NL/2349866-1,31/12/2024,,,,,,,,,,,,,,,,,,,,,,,,,,,,,,,,,,,,,,
03/12/2024,2349872-1,DEFENSA,RESOLUCION DIRECTORAL,N¯ 792-2024 MGP/DICAPI,Aprueban procedimiento para el otorgamiento del Certificado de Exenci¢n a naves de bandera nacional en virtud de lo dispuesto en el Convenio Internacional para la Seguridad de la Vida Humana en el Mar 1974 Regla 1/2: protocolo de 1988,https://busquedas.elperuano.pe/dispositivo/NL/2349872-1,31/12/2024,,,,,,,,,,,,,,,,,,,,,,,,,,,,,,,,,,,,,,
03/12/2024,2349876-1,DEFENSA,RESOLUCION DIRECTORAL,N¯ 790-2024 MGP/DICAPI,Disponen consultar a la comunidad mar°tima la propuesta de aprobar el proyecto de Resoluci¢n Directoral que aprueba la Norma sobre el Arqueo de naves y los procedimientos para la determinaci¢n del Arqueo Bruto y Arqueo Neto de las naves y artefactos navales de bandera nacional en virtud a las exigencias del Convenio Internacional sobre Arqueo de Buques (1969),https://busquedas.elperuano.pe/dispositivo/NL/2349876-1,31/12/2024,,,,,,,,,,,,,,,,,,,,,,,,,,,,,,,,,,,,,,
03/12/2024,2350201-6,DEFENSA,RESOLUCION SUPREMA,N¯ 173-2024-DE,Aceptan renuncia de miembro del Consejo Directivo de la Caja de Pensiones Militar Policial,https://busquedas.elperuano.pe/dispositivo/NL/2350201-6,31/12/2024,,,,,,,,,,,,,,,,,,,,,,,,,,,,,,,,,,,,,,
03/12/2024,2350547-1,DESARROLLO AGRARIO Y RIEGO,RESOLUCION,N¯ D000291-2024-MIDAGRI-SERFOR-DE,Designan Gerente General de la Gerencia General del Servicio Nacional Forestal y de Fauna Silvestre ? SERFOR,https://busquedas.elperuano.pe/dispositivo/NL/2350547-1,31/12/2024,,,,,,,,,,,,,,,,,,,,,,,,,,,,,,,,,,,,,,
03/12/2024,2349971-1,DESARROLLO AGRARIO Y RIEGO,RESOLUCION JEFATURAL,N¯ D000217-2024-MIDAGRI-SENASA-JN,Designan Ejecutor Coactivo de la Unidad de Ejecutor°a Coactiva de la Oficina de Administraci¢n del SENASA,https://busquedas.elperuano.pe/dispositivo/NL/2349971-1,31/12/2024,,,,,,,,,,,,,,,,,,,,,,,,,,,,,,,,,,,,,,
03/12/2024,2350151-1,DESARROLLO E INCLUSI‡N SOCIAL,RESOLUCION,N¯ 000212-2024-MIDIS/FONCODES/DE,Designan Jefe de la Unidad de Gesti¢n de Proyectos de Infraestructura del FONCODES,https://busquedas.elperuano.pe/dispositivo/NL/2350151-1,31/12/2024,,,,,,,,,,,,,,,,,,,,,,,,,,,,,,,,,,,,,,
03/12/2024,2350201-1,ECONOMIA Y FINANZAS,DECRETO SUPREMO,N¯ 245-2024-EF,Decreto Supremo que modifica los art°culos 7 y 9 del Reglamento de la Ley de Procedimiento de Ejecuci¢n Coactiva aprobado por Decreto Supremo N¯ 069-2003-EF y lo adec£a a lo dispuesto en las Leyes N¯ 31370 y N¯ 32035 que modifican los art°culos 19 23 y 33-B de la Ley N¯ 26979 Ley de Procedimiento de Ejecuci¢n Coactiva,https://busquedas.elperuano.pe/dispositivo/NL/2350201-1,31/12/2024,,,,,,,,,,,,,,,,,,,,,,,,,,,,,,,,,,,,,,
03/12/2024,2350180-1,EDUCACION,RESOLUCION MINISTERIAL,N¯ 612-2024-MINEDU,Modifican el Anexo de la Resoluci¢n Ministerial N¯ 069-2024-MINEDU,https://busquedas.elperuano.pe/dispositivo/NL/2350180-1,31/12/2024,,,,,,,,,,,,,,,,,,,,,,,,,,,,,,,,,,,,,,
03/12/2024,2350201-14,EDUCACION,RESOLUCION SUPREMA,N¯ 016-2024-MINEDU,Designan representante del Ministerio de Educaci¢n ante el Consejo de Administraci¢n del Fondo Nacional de Desarrollo de la Educaci¢n Peruana - FONDEP,https://busquedas.elperuano.pe/dispositivo/NL/2350201-14,31/12/2024,,,,,,,,,,,,,,,,,,,,,,,,,,,,,,,,,,,,,,
03/12/2024,2350688-1,EDUCACION,RESOLUCION VICE MINISTERIAL,N¯ 144-2024-MINEDU,Reconforman la Comisi¢n Organizadora de la Universidad Nacional Intercultural Fabiola Salazar Legu°a de Bagua,https://busquedas.elperuano.pe/dispositivo/NL/2350688-1,31/12/2024,,,,,,,,,,,,,,,,,,,,,,,,,,,,,,,,,,,,,,
03/12/2024,2350186-1,INTERIOR,RESOLUCION MINISTERIAL,N¯ 1487-2024-IN,Designan Director de la Oficina de Abastecimiento de la Oficina General de Administraci¢n y Finanzas,https://busquedas.elperuano.pe/dispositivo/NL/2350186-1,31/12/2024,,,,,,,,,,,,,,,,,,,,,,,,,,,,,,,,,,,,,,
03/12/2024,2350224-1,INTERIOR,RESOLUCION MINISTERIAL,N¯ 1488-2024-IN,Formalizan cuadros de mÇrito por categor°as y grados de Oficiales Superiores correspondiente al proceso de ascenso por concurso de Oficiales de Armas y de Servicios de la Polic°a Nacional del Per£ del a§o 2024 - Promoci¢n 2025,https://busquedas.elperuano.pe/dispositivo/NL/2350224-1,31/12/2024,,,,,,,,,,,,,,,,,,,,,,,,,,,,,,,,,,,,,,
03/12/2024,2350200-10,JUSTICIA Y DERECHOS HUMANOS,RESOLUCION SUPREMA,N¯ 350-2024-JUS,Acceden a solicitud de extradici¢n activa de ciudadano peruano para ser extraditado de la Rep£blica de Chile y ser procesado en la Rep£blica del Per£,https://busquedas.elperuano.pe/dispositivo/NL/2350200-10,31/12/2024,,,,,,,,,,,,,,,,,,,,,,,,,,,,,,,,,,,,,,
03/12/2024,2350200-11,JUSTICIA Y DERECHOS HUMANOS,RESOLUCION SUPREMA,N¯ 351-2024-JUS,Acceden a solicitud de extradici¢n activa de ciudadano venezolano para ser extraditado de la Rep£blica Bolivariana de Venezuela y ser procesado en la Rep£blica del Per£,https://busquedas.elperuano.pe/dispositivo/NL/2350200-11,31/12/2024,,,,,,,,,,,,,,,,,,,,,,,,,,,,,,,,,,,,,,
03/12/2024,2350200-12,JUSTICIA Y DERECHOS HUMANOS,RESOLUCION SUPREMA,N¯ 352-2024-JUS,Acceden a solicitud de extradici¢n activa de ciudadano peruano para ser extraditado de la Rep£blica Bolivariana de Venezuela y ser procesado en la Rep£blica del Per£,https://busquedas.elperuano.pe/dispositivo/NL/2350200-12,31/12/2024,,,,,,,,,,,,,,,,,,,,,,,,,,,,,,,,,,,,,,
03/12/2024,2350200-13,JUSTICIA Y DERECHOS HUMANOS,RESOLUCION SUPREMA,N¯ 353-2024-JUS,Acceden a solicitud de extradici¢n pasiva con procedimiento simplificado de entrega de ciudadano peruano para ser extraditado de la Rep£blica del Per£ y ser procesado en el Reino de Espa§a,https://busquedas.elperuano.pe/dispositivo/NL/2350200-13,31/12/2024,,,,,,,,,,,,,,,,,,,,,,,,,,,,,,,,,,,,,,
03/12/2024,2350200-14,JUSTICIA Y DERECHOS HUMANOS,RESOLUCION SUPREMA,N¯ 354-2024-JUS,Acceden a solicitud de extradici¢n pasiva de ciudadano peruano para ser extraditado de la Rep£blica del Per£ y ser procesado en el Reino de Espa§a,https://busquedas.elperuano.pe/dispositivo/NL/2350200-14,31/12/2024,,,,,,,,,,,,,,,,,,,,,,,,,,,,,,,,,,,,,,
03/12/2024,2350200-15,JUSTICIA Y DERECHOS HUMANOS,RESOLUCION SUPREMA,N¯ 355-2024-JUS,Acceden a solicitud de ampliaci¢n de extradici¢n pasiva con procedimiento simplificado de entrega de ciudadano mexicano para ser extraditado de la Rep£blica del Per£ y ser procesado en los Estados Unidos Mexicanos,https://busquedas.elperuano.pe/dispositivo/NL/2350200-15,31/12/2024,,,,,,,,,,,,,,,,,,,,,,,,,,,,,,,,,,,,,,
03/12/2024,2350200-16,JUSTICIA Y DERECHOS HUMANOS,RESOLUCION SUPREMA,N¯ 356-2024-JUS,Acceden a solicitud de extradici¢n pasiva con procedimiento simplificado de entrega de ciudadano peruano para ser extraditado de la Rep£blica del Per£ y ser procesado en la Rep£blica Argentina,https://busquedas.elperuano.pe/dispositivo/NL/2350200-16,31/12/2024,,,,,,,,,,,,,,,,,,,,,,,,,,,,,,,,,,,,,,
03/12/2024,2350200-17,JUSTICIA Y DERECHOS HUMANOS,RESOLUCION SUPREMA,N¯ 357-2024-JUS,Acceden a solicitud de extradici¢n pasiva con procedimiento simplificado de entrega de ciudadano peruano para ser extraditado de la Rep£blica del Per£ y ser procesado en la Rep£blica Argentina,https://busquedas.elperuano.pe/dispositivo/NL/2350200-17,31/12/2024,,,,,,,,,,,,,,,,,,,,,,,,,,,,,,,,,,,,,,
03/12/2024,2350200-18,JUSTICIA Y DERECHOS HUMANOS,RESOLUCION SUPREMA,N¯ 358-2024-JUS,Acceden a solicitud de extradici¢n pasiva de ciudadano peruano para ser extraditado de la Rep£blica del Per£ y ser procesado en la Rep£blica Argentina,https://busquedas.elperuano.pe/dispositivo/NL/2350200-18,31/12/2024,,,,,,,,,,,,,,,,,,,,,,,,,,,,,,,,,,,,,,
03/12/2024,2350200-19,JUSTICIA Y DERECHOS HUMANOS,RESOLUCION SUPREMA,N¯ 359-2024-JUS,Acceden a solicitud de extradici¢n pasiva de ciudadano peruano para ser extraditado de la Rep£blica del Per£ y cumplir su condena en la Rep£blica Argentina,https://busquedas.elperuano.pe/dispositivo/NL/2350200-19,31/12/2024,,,,,,,,,,,,,,,,,,,,,,,,,,,,,,,,,,,,,,
03/12/2024,2350200-2,JUSTICIA Y DERECHOS HUMANOS,RESOLUCION SUPREMA,N¯ 342-2024-JUS,Acceden a solicitud de extradici¢n activa de ciudadano peruano para ser extraditado de la Rep£blica Italiana y ser procesado en la Rep£blica del Per£,https://busquedas.elperuano.pe/dispositivo/NL/2350200-2,31/12/2024,,,,,,,,,,,,,,,,,,,,,,,,,,,,,,,,,,,,,,
03/12/2024,2350200-20,JUSTICIA Y DERECHOS HUMANOS,RESOLUCION SUPREMA,N¯ 360-2024-JUS,Acceden a solicitud de traslado activo de ciudadano peruano quien se encuentra cumpliendo sentencia en un centro penitenciario de la Rep£blica del Ecuador para cumplir el resto de su condena en un establecimiento penitenciario de la Rep£blica del Per£,https://busquedas.elperuano.pe/dispositivo/NL/2350200-20,31/12/2024,,,,,,,,,,,,,,,,,,,,,,,,,,,,,,,,,,,,,,
03/12/2024,2350200-21,JUSTICIA Y DERECHOS HUMANOS,RESOLUCION SUPREMA,N¯ 361-2024-JUS,Acceden a solicitud de traslado activo de ciudadano peruano quien se encuentra cumpliendo sentencia en un centro penitenciario de la Rep£blica del Ecuador para cumplir el resto de su condena en un establecimiento penitenciario de la Rep£blica del Per£,https://busquedas.elperuano.pe/dispositivo/NL/2350200-21,31/12/2024,,,,,,,,,,,,,,,,,,,,,,,,,,,,,,,,,,,,,,
03/12/2024,2350200-22,JUSTICIA Y DERECHOS HUMANOS,RESOLUCION SUPREMA,N¯ 362-2024-JUS,Acceden a solicitud de traslado pasivo de ciudadano espa§ol para cumplir el resto de la condena impuesta por las autoridades judiciales peruanas en un centro penitenciario del Reino de Espa§a,https://busquedas.elperuano.pe/dispositivo/NL/2350200-22,31/12/2024,,,,,,,,,,,,,,,,,,,,,,,,,,,,,,,,,,,,,,
03/12/2024,2350200-3,JUSTICIA Y DERECHOS HUMANOS,RESOLUCION SUPREMA,N¯ 343-2024-JUS,Acceden a solicitud de extradici¢n activa de ciudadano peruano para ser extraditado de la Rep£blica Italiana y ser procesado en la Rep£blica del Per£,https://busquedas.elperuano.pe/dispositivo/NL/2350200-3,31/12/2024,,,,,,,,,,,,,,,,,,,,,,,,,,,,,,,,,,,,,,
03/12/2024,2350200-4,JUSTICIA Y DERECHOS HUMANOS,RESOLUCION SUPREMA,N¯ 344-2024-JUS,Acceden a solicitud de extradici¢n activa y su ampliaci¢n de ciudadano peruano para ser extraditado del Reino de Espa§a y ser procesado en la Rep£blica del Per£,https://busquedas.elperuano.pe/dispositivo/NL/2350200-4,31/12/2024,,,,,,,,,,,,,,,,,,,,,,,,,,,,,,,,,,,,,,
03/12/2024,2350200-5,JUSTICIA Y DERECHOS HUMANOS,RESOLUCION SUPREMA,N¯ 345-2024-JUS,Acceden a solicitud de extradici¢n activa de ciudadano peruano para ser extraditado de la Rep£blica Argentina y ser procesado en la Rep£blica del Per£,https://busquedas.elperuano.pe/dispositivo/NL/2350200-5,31/12/2024,,,,,,,,,,,,,,,,,,,,,,,,,,,,,,,,,,,,,,
03/12/2024,2350200-6,JUSTICIA Y DERECHOS HUMANOS,RESOLUCION SUPREMA,N¯ 346-2024-JUS,Acceden a solicitud de extradici¢n activa de ciudadanos peruanos para ser extraditados de la Rep£blica Argentina y ser procesados en la Rep£blica del Per£,https://busquedas.elperuano.pe/dispositivo/NL/2350200-6,31/12/2024,,,,,,,,,,,,,,,,,,,,,,,,,,,,,,,,,,,,,,
03/12/2024,2350200-7,JUSTICIA Y DERECHOS HUMANOS,RESOLUCION SUPREMA,N¯ 347-2024-JUS,Acceden a solicitud de extradici¢n activa de ciudadano colombiano para ser extraditado de la Rep£blica de Colombia y ser procesado en la Rep£blica del Per£,https://busquedas.elperuano.pe/dispositivo/NL/2350200-7,31/12/2024,,,,,,,,,,,,,,,,,,,,,,,,,,,,,,,,,,,,,,
03/12/2024,2350200-8,JUSTICIA Y DERECHOS HUMANOS,RESOLUCION SUPREMA,N¯ 348-2024-JUS,Acceden a solicitud de extradici¢n activa de ciudadano peruano para ser extraditado de la Rep£blica Federativa de Brasil y ser procesado en la Rep£blica del Per£,https://busquedas.elperuano.pe/dispositivo/NL/2350200-8,31/12/2024,,,,,,,,,,,,,,,,,,,,,,,,,,,,,,,,,,,,,,
03/12/2024,2350200-9,JUSTICIA Y DERECHOS HUMANOS,RESOLUCION SUPREMA,N¯ 349-2024-JUS,Acceden a solicitud de extradici¢n activa de ciudadano peruano para ser extraditado de la Rep£blica de Chile y ser procesado en la Rep£blica del Per£,https://busquedas.elperuano.pe/dispositivo/NL/2350200-9,31/12/2024,,,,,,,,,,,,,,,,,,,,,,,,,,,,,,,,,,,,,,
03/12/2024,2349530-1,PRODUCE,RESOLUCION DIRECTORAL,N¯ 027-2024-INACAL/DN,Aprueban Normas TÇcnicas Peruanas en su versi¢n 2024 sobre carne y productos c†rnicos cereales yesos y otras,https://busquedas.elperuano.pe/dispositivo/NL/2349530-1,31/12/2024,,,,,,,,,,,,,,,,,,,,,,,,,,,,,,,,,,,,,,
03/12/2024,2349859-1,PRODUCE,RESOLUCION MINISTERIAL,N¯ 000472-2024-PRODUCE,Modifican el Plan de Manejo para el cultivo de tilapia en ambientes artificiales aprobado mediante R.M. Nß 040-2019-PRODUCE,https://busquedas.elperuano.pe/dispositivo/NL/2349859-1,31/12/2024,,,,,,,,,,,,,,,,,,,,,,,,,,,,,,,,,,,,,,
03/12/2024,2350201-15,PRODUCE,RESOLUCION SUPREMA,N¯ 010-2024-PRODUCE,Designan miembro del Consejo Directivo del Instituto Tecnol¢gico de la Producci¢n - ITP en representaci¢n del Ministerio de Comercio Exterior y Turismo,https://busquedas.elperuano.pe/dispositivo/NL/2350201-15,31/12/2024,,,,,,,,,,,,,,,,,,,,,,,,,,,,,,,,,,,,,,
03/12/2024,2350201-2,RELACIONES EXTERIORES,DECRETO SUPREMO,N¯ 058-2024-RE,Decreto Supremo que dispone trasladar la sede del Consulado del Per£ en C£cuta a Bucaramanga,https://busquedas.elperuano.pe/dispositivo/NL/2350201-2,31/12/2024,,,,,,,,,,,,,,,,,,,,,,,,,,,,,,,,,,,,,,
03/12/2024,2350191-1,RELACIONES EXTERIORES,RESOLUCION MINISTERIAL,N¯ 0924-2024-RE,Autorizan viaje de Viceministro de Relaciones Exteriores a Bolivia en comisi¢n de servicios,https://busquedas.elperuano.pe/dispositivo/NL/2350191-1,31/12/2024,,,,,,,,,,,,,,,,,,,,,,,,,,,,,,,,,,,,,,
03/12/2024,2350253-1,RELACIONES EXTERIORES,RESOLUCION MINISTERIAL,N¯ 0928-2024-RE,Autorizan viaje de funcionarios diplom†ticos al Estado Plurinacional de Bolivia en comisi¢n de servicios,https://busquedas.elperuano.pe/dispositivo/NL/2350253-1,31/12/2024,,,,,,,,,,,,,,,,,,,,,,,,,,,,,,,,,,,,,,
03/12/2024,2350201-10,RELACIONES EXTERIORES,RESOLUCION SUPREMA,N¯ 217-2024-RE,Cancelan Exequ†tur que reconoce a C¢nsul Ad Honorem de la Rep£blica Federal de Alemania en el Cusco,https://busquedas.elperuano.pe/dispositivo/NL/2350201-10,31/12/2024,,,,,,,,,,,,,,,,,,,,,,,,,,,,,,,,,,,,,,
03/12/2024,2350201-11,RELACIONES EXTERIORES,RESOLUCION SUPREMA,N¯ 218-2024-RE,Pasan a la situaci¢n de retiro a Embajador en el Servicio Diplom†tico de la Rep£blica,https://busquedas.elperuano.pe/dispositivo/NL/2350201-11,31/12/2024,,,,,,,,,,,,,,,,,,,,,,,,,,,,,,,,,,,,,,
03/12/2024,2350201-12,RELACIONES EXTERIORES,RESOLUCION SUPREMA,N¯ 219-2024-RE,Dan por terminadas funciones de Embajador Extraordinario y Plenipotenciario del Per£ en la Rep£blica Checa,https://busquedas.elperuano.pe/dispositivo/NL/2350201-12,31/12/2024,,,,,,,,,,,,,,,,,,,,,,,,,,,,,,,,,,,,,,
03/12/2024,2350201-13,RELACIONES EXTERIORES,RESOLUCION SUPREMA,N¯ 220-2024-RE,Pasan a la situaci¢n de retiro a Embajador en el Servicio Diplom†tico de la Rep£blica,https://busquedas.elperuano.pe/dispositivo/NL/2350201-13,31/12/2024,,,,,,,,,,,,,,,,,,,,,,,,,,,,,,,,,,,,,,
03/12/2024,2350201-7,RELACIONES EXTERIORES,RESOLUCION SUPREMA,N¯ 214-2024-RE,Cancelan Exequ†tur que reconoce a C¢nsul de la Rep£blica de Colombia en Iquitos con jurisdicci¢n consular en los departamentos de Amazonas Loreto y San Mart°n,https://busquedas.elperuano.pe/dispositivo/NL/2350201-7,31/12/2024,,,,,,,,,,,,,,,,,,,,,,,,,,,,,,,,,,,,,,
03/12/2024,2350201-8,RELACIONES EXTERIORES,RESOLUCION SUPREMA,N¯ 215-2024-RE,Dan por cancelado nombramiento de Vicec¢nsul Honorario del Per£ en la ciudad de Minsk Rep£blica de Belar£s,https://busquedas.elperuano.pe/dispositivo/NL/2350201-8,31/12/2024,,,,,,,,,,,,,,,,,,,,,,,,,,,,,,,,,,,,,,
03/12/2024,2350201-9,RELACIONES EXTERIORES,RESOLUCION SUPREMA,N¯ 216-2024-RE,Dan por terminadas funciones de C¢nsul Honorario del Per£ en Alejandr°a Rep£blica µrabe de Egipto,https://busquedas.elperuano.pe/dispositivo/NL/2350201-9,31/12/2024,,,,,,,,,,,,,,,,,,,,,,,,,,,,,,,,,,,,,,
03/12/2024,2350640-1,SALUD,RESOLUCION MINISTERIAL,N¯ 842-2024/MINSA,Modifican la NTS N¯ 127-MINSA/2016/DGIESP Norma TÇcnica de Salud para la Evaluaci¢n Calificaci¢n y Certificaci¢n de la Persona con Discapacidad,https://busquedas.elperuano.pe/dispositivo/NL/2350640-1,31/12/2024,,,,,,,,,,,,,,,,,,,,,,,,,,,,,,,,,,,,,,
03/12/2024,2350038-1,TRANSPORTES Y COMUNICACIONES,RESOLUCION MINISTERIAL,N¯ 708-2024-MTC/01.02,Autorizan viaje de inspectora de la Direcci¢n General de Aeron†utica Civil a EE.UU. en comisi¢n de servicios,https://busquedas.elperuano.pe/dispositivo/NL/2350038-1,31/12/2024,,,,,,,,,,,,,,,,,,,,,,,,,,,,,,,,,,,,,,
03/12/2024,2350190-1,"VIVIENDA, CONSTRUCCI‡N Y SANEAMIENTO",RESOLUCION DIRECTORAL,N¯ 346-2024/VIVIENDA/VMCS/PNSR,Designan Jefe de Unidad de la Unidad TÇcnica de Gesti¢n Territorial del Programa Nacional de Saneamiento Rural,https://busquedas.elperuano.pe/dispositivo/NL/2350190-1,31/12/2024,,,,,,,,,,,,,,,,,,,,,,,,,,,,,,,,,,,,,,
03/12/2024,2350001-1,INSTITUTO PERUANO DE ENERGIA NUCLEAR,RESOLUCION,N¯ D000083-2024-IPEN-PRES,Designan Ejecutivo de la Unidad de Recursos Humanos del Instituto Peruano de Energ°a Nuclear - IPEN,https://busquedas.elperuano.pe/dispositivo/NL/2350001-1,31/12/2024,,,,,,,,,,,,,,,,,,,,,,,,,,,,,,,,,,,,,,
03/12/2024,2350141-1,AUTORIDAD NACIONAL DEL AGUA,RESOLUCION JEFATURAL,N¯ 0462-2024-ANA,Incorporan tÇrmino al Anexo de la R.J. N¯ 151-2020-ANA que aprueba el documento denominado Glosario de TÇrminos de la Ley N¯ 29338 Ley de Recursos H°dricos y su Reglamento aprobado mediante el Decreto Supremo N¯ 001-2010-AG,https://busquedas.elperuano.pe/dispositivo/NL/2350141-1,31/12/2024,,,,,,,,,,,,,,,,,,,,,,,,,,,,,,,,,,,,,,
03/12/2024,2350403-1,AUTORIDAD NACIONAL DEL SERVICIO CIVIL,RESOLUCION,N¯ 000167-2024-SERVIR-PE,Modifican el Anexo 02 Indicadores metas de cumplimiento criterios de verificaci¢n y periodicidad de los servidores p£blicos de los servidores p£blicos de alto rendimiento contratados con cargo al Fondo de Apoyo Gerencial (FAG) en el marco de la Ley N¯ 31912 aprobado por la Resoluci¢n de Presidencia Ejecutiva N¯ 020-2024-SERVIR-PE,https://busquedas.elperuano.pe/dispositivo/NL/2350403-1,31/12/2024,,,,,,,,,,,,,,,,,,,,,,,,,,,,,,,,,,,,,,
03/12/2024,2350170-1,INSTITUTO NACIONAL DE ESTADISTICA E INFORMATICA,RESOLUCION JEFATURAL,N¯ 284-2024-INEI,Aprueban ÷ndices Unificados de Precios de la Construcci¢n para las seis (6) µreas Geogr†ficas correspondientes al mes de noviembre de 2024,https://busquedas.elperuano.pe/dispositivo/NL/2350170-1,31/12/2024,,,,,,,,,,,,,,,,,,,,,,,,,,,,,,,,,,,,,,
03/12/2024,2350146-1,SUPERINTENDENCIA NACIONAL DE FISCALIZACI‡N LABORAL,RESOLUCION,N¯ 262-2024-SUNAFIL,Designan Intendente Regional de la Intendencia Regional de Cusco de la Superintendencia Nacional de Fiscalizaci¢n Laboral - SUNAFIL.,https://busquedas.elperuano.pe/dispositivo/NL/2350146-1,31/12/2024,,,,,,,,,,,,,,,,,,,,,,,,,,,,,,,,,,,,,,
03/12/2024,2350171-1,CONSEJO EJECUTIVO DEL PODER JUDICIAL,RESOLUCION ADMINISTRATIVA,N¯ 000414-2024-CE-PJ,Aprueban el Plan de Actividades del Equipo TÇcnico Institucional de Implementaci¢n de la Nueva Ley Procesal del Trabajo para el a§o 2025,https://busquedas.elperuano.pe/dispositivo/NL/2350171-1,31/12/2024,,,,,,,,,,,,,,,,,,,,,,,,,,,,,,,,,,,,,,
03/12/2024,2350175-1,CONSEJO EJECUTIVO DEL PODER JUDICIAL,RESOLUCION ADMINISTRATIVA,N¯ 000417-2024-CE-PJ,Establecen que en los casos de discordia impedimento licencias vacaciones o cualquier otra situaci¢n an†loga que amerite la ausencia de uno de los jueces superiores de las Salas Transitorias Especializadas en Extinci¢n de Dominio con sede en Lima Arequipa y La Libertad se llamar† al juez superior menos antiguo de las salas de la especialidad m†s cercana geogr†ficamente; y dictan otras disposiciones,https://busquedas.elperuano.pe/dispositivo/NL/2350175-1,31/12/2024,,,,,,,,,,,,,,,,,,,,,,,,,,,,,,,,,,,,,,
03/12/2024,2350179-1,CONSEJO EJECUTIVO DEL PODER JUDICIAL,RESOLUCION ADMINISTRATIVA,N¯ 000418-2024-CE-PJ,Disponen la ampliaci¢n de la implementaci¢n del Expediente Judicial Electr¢nico (EJE) y la Mesa de Partes Electr¢nica (MPE) para la especialidad Laboral ? Nueva Ley Procesal del Trabajo (NLPT) en el Juzgado de Trabajo Transitorio de Descarga 11¯ Juzgado de Paz Letrado Laboral y el Juzgado de Paz Letrado Laboral Transitorio de Arequipa Distrito Judicial de Arequipa,https://busquedas.elperuano.pe/dispositivo/NL/2350179-1,31/12/2024,,,,,,,,,,,,,,,,,,,,,,,,,,,,,,,,,,,,,,
03/12/2024,2349919-1,BANCO CENTRAL DE RESERVA,CIRCULAR,N¯ 0030-2024-BCRP,÷ndice de reajuste diario a que se refiere el art°culo 240ß de la Ley General del Sistema Financiero y del Sistema de Seguros y Org†nica de la Superintendencia de Banca Seguros y AFP correspondiente al mes de diciembre de 2024,https://busquedas.elperuano.pe/dispositivo/NL/2349919-1,31/12/2024,,,,,,,,,,,,,,,,,,,,,,,,,,,,,,,,,,,,,,
03/12/2024,2350134-1,CONTRALORIA GENERAL DE LA REPUBLICA,RESOLUCION,N¯ 708-2024-CG,Aprueban la Directiva N¯ 014-2024-CG/VCST Supervisi¢n TÇcnica a los Servicios de Control,https://busquedas.elperuano.pe/dispositivo/NL/2350134-1,31/12/2024,,,,,,,,,,,,,,,,,,,,,,,,,,,,,,,,,,,,,,
03/12/2024,2350225-1,CONTRALORIA GENERAL DE LA REPUBLICA,RESOLUCION,N¯ 709-2024-CG,Modifican el Reglamento de Infracciones y Sanciones aprobado por Resoluci¢n de Contralor°a N¯ 276-2014-CG,https://busquedas.elperuano.pe/dispositivo/NL/2350225-1,31/12/2024,,,,,,,,,,,,,,,,,,,,,,,,,,,,,,,,,,,,,,
03/12/2024,2350254-1,CONTRALORIA GENERAL DE LA REPUBLICA,RESOLUCION,N¯ 710-2024-CG,Dan por terminada designaci¢n de Jefas de ‡rganos de Control Institucional de las Municipalidades Provinciales de Caravel° y Condesuyos,https://busquedas.elperuano.pe/dispositivo/NL/2350254-1,31/12/2024,,,,,,,,,,,,,,,,,,,,,,,,,,,,,,,,,,,,,,
03/12/2024,2350299-1,CONTRALORIA GENERAL DE LA REPUBLICA,RESOLUCION,N¯ 711-2024-CG,Suspenden la eficacia del art°culo 1 de la Resoluci¢n de Contralor°a N¯ 247-2024-CG modificado por Resoluci¢n de Contralor°a N¯ 281-2024-CG que modifica el rubro De la publicidad de los resultados de los servicios de control de la secci¢n IV. Normas Comunes a los Servicios de Control de las Normas Generales de Control Gubernamental; y dictan otras disposiciones,https://busquedas.elperuano.pe/dispositivo/NL/2350299-1,31/12/2024,,,,,,,,,,,,,,,,,,,,,,,,,,,,,,,,,,,,,,
03/12/2024,2350092-1,MINISTERIO PUBLICO,RESOLUCION,N¯ 2742-2024-MP-FN,Designan fiscal en el despacho de la Primera Fiscal°a Provincial Penal Corporativa de Hu†nuco,https://busquedas.elperuano.pe/dispositivo/NL/2350092-1,31/12/2024,,,,,,,,,,,,,,,,,,,,,,,,,,,,,,,,,,,,,,
03/12/2024,2350576-1,MINISTERIO PUBLICO,RESOLUCION,N¯ 2765-2024-MP-FN,Dan por concluido el nombramiento de fiscal adjunta provincial provisional transitoria del Distrito Fiscal de Piura,https://busquedas.elperuano.pe/dispositivo/NL/2350576-1,31/12/2024,,,,,,,,,,,,,,,,,,,,,,,,,,,,,,,,,,,,,,
03/12/2024,2349733-1,REGISTRO NACIONAL DE IDENTIFICACION Y ESTADO CIVIL,RESOLUCION JEFATURAL,N¯ 000184-2024/JNAC/RENIEC,Designan Jefa de la Unidad de Gesti¢n de Prensa de la Oficina de Comunicaciones y Prensa del RENIEC,https://busquedas.elperuano.pe/dispositivo/NL/2349733-1,31/12/2024,,,,,,,,,,,,,,,,,,,,,,,,,,,,,,,,,,,,,,
03/12/2024,2349735-1,REGISTRO NACIONAL DE IDENTIFICACION Y ESTADO CIVIL,RESOLUCION JEFATURAL,N¯ 000185-2024/JNAC/RENIEC,Autorizan viaje de servidores del RENIEC a Espa§a en comisi¢n de servicios,https://busquedas.elperuano.pe/dispositivo/NL/2349735-1,31/12/2024,,,,,,,,,,,,,,,,,,,,,,,,,,,,,,,,,,,,,,
03/12/2024,2349770-1,REGISTRO NACIONAL DE IDENTIFICACION Y ESTADO CIVIL,RESOLUCION JEFATURAL,N¯ 000180-2024/JNAC/RENIEC,Aprueban el Plan Operativo Institucional 2024 Modificado Versi¢n 3 del Registro Nacional de Identificaci¢n y Estado Civil ? RENIEC para el a§o fiscal 2024,https://busquedas.elperuano.pe/dispositivo/NL/2349770-1,31/12/2024,,,,,,,,,,,,,,,,,,,,,,,,,,,,,,,,,,,,,,
03/12/2024,2349844-1,"SUPERINTENDENCIA DE BANCA, SEGUROS Y ADMINISTRADORAS PRIVADAS DE FONDOS DE PENSIONES",RESOLUCION,SBS N¯ 04072-2024,Declaran la disoluci¢n de la Cooperativa de Ahorro y CrÇdito MF y su exclusi¢n del Registro Nacional de Cooperativas de Ahorro y CrÇdito No Autorizadas a Captar Recursos del P£blico,https://busquedas.elperuano.pe/dispositivo/NL/2349844-1,31/12/2024,,,,,,,,,,,,,,,,,,,,,,,,,,,,,,,,,,,,,,
03/12/2024,2350230-1,GOBIERNO REGIONAL DE PIURA,FE DE ERRATA,Acuerdo N¯ 2353-2024/GRP-CR,FE DE ERRATA,https://busquedas.elperuano.pe/dispositivo/NL/2350230-1,31/12/2024,,,,,,,,,,,,,,,,,,,,,,,,,,,,,,,,,,,,,,
03/12/2024,2349517-1,GOBIERNO REGIONAL DE SAN MARTIN,RESOLUCION DIRECTORAL,N¯ 142-2024-GRSM/DREM,Rectifican la R.D. N¯ 134-2024-GRSM/DREM que aprob¢ contrato de concesi¢n definitiva de generaci¢n de energ°a elÇctrica con recursos energÇticos renovables,https://busquedas.elperuano.pe/dispositivo/NL/2349517-1,31/12/2024,,,,,,,,,,,,,,,,,,,,,,,,,,,,,,,,,,,,,,
03/12/2024,2348846-1,MUNICIPALIDAD DE CARABAYLLO,DECRETO DE ALCALDIA,N¯ 13-2024/MDC,Prorrogan vigencia de la Ordenanza Nß 506/MDC Ordenanza que establece beneficios para el pago de las deudas tributarias y no tributarias en el distrito de Carabayllo,https://busquedas.elperuano.pe/dispositivo/NL/2348846-1,31/12/2024,,,,,,,,,,,,,,,,,,,,,,,,,,,,,,,,,,,,,,
03/12/2024,2350211-1,MUNICIPALIDAD DE MAGDALENA DEL MAR,ORDENANZA,N¯ 250-2024-MDMM,Ordenanza que otorga facilidades de pago para los contribuyentes del distrito de Magdalena del Mar,https://busquedas.elperuano.pe/dispositivo/NL/2350211-1,31/12/2024,,,,,,,,,,,,,,,,,,,,,,,,,,,,,,,,,,,,,,
03/12/2024,2350139-1,MUNICIPALIDAD DE SAN JUAN DE LURIGANCHO,Ordenanzas,N¯ 494-MDSJL,Ordenanza que establece el rÇgimen de beneficios tributarios y no tributarios para los contribuyentes y administrados que cumplan con la regularizaci¢n de sus obligaciones tributarias con la Municipalidad Distrital de San Juan de Lurigancho,https://epdoc2.elperuano.pe/EpPo/VistaDE.asp?Referencias=MjM1MDEzOS0xMjAyNDEyMDM=,31/12/2024,,,,,,,,,,,,,,,,,,,,,,,,,,,,,,,,,,,,,,
03/12/2024,2334869-1,MUNICIPALIDAD PROVINCIAL DE TAMBOPATA,ACUERDO,N¯ 357-2024-CMPT-SO.,Autorizan viaje de regidores para asistir al evento Expo Acre que se realizar† en Brasil,https://busquedas.elperuano.pe/dispositivo/NL/2334869-1,31/12/2024,,,,,,,,,,,,,,,,,,,,,,,,,,,,,,,,,,,,,,
03/12/2024,2350090-1,ORGANISMO SUPERVISOR DE LA INVERSI‡N EN INFRAESTRUCTURA DE TRANSPORTE DE USO PÈBLICO,RESOLUCION,N¯ 0079-2024-PD-OSITRAN,Aprueban el Informe Propuesta: Revisi¢n Tarifaria de la Tarifa M†xima de la playa de estacionamiento vehicular ? Nuevo Terminal del Aeropuerto Internacional Jorge Ch†vez y sus anexos; y disponen la publicaci¢n del proyecto de resoluci¢n que aprueba la propuesta de revisi¢n tarifaria junto con otros documentos relacionados,https://busquedas.elperuano.pe/dispositivo/NL/2350090-1,31/12/2024,,,,,,,,,,,,,,,,,,,,,,,,,,,,,,,,,,,,,,
02/12/2024,2350200-1,CONGRESO DE LA REPUBLICA,LEY,N¯ 32177,Ley que regula el otorgamiento de dietas y la realizaci¢n de sesiones de los diferentes ¢rganos resolutivos del Instituto Nacional de Defensa de la Competencia y de la Protecci¢n de la Propiedad Intelectual (INDECOPI),https://busquedas.elperuano.pe/dispositivo/NL/2350200-1,31/12/2024,,,,,,,,,,,,,,,,,,,,,,,,,,,,,,,,,,,,,,
02/12/2024,2350202-1,CONGRESO DE LA REPUBLICA,LEY,N¯ 32178,Ley que modifica el Decreto Legislativo 1441 Decreto Legislativo del Sistema Nacional de Tesorer°a para establecer excepciones al Ministerio de Salud y al INEN respecto de sus tasas ingresos no tributarios y multas,https://busquedas.elperuano.pe/dispositivo/NL/2350202-1,31/12/2024,,,,,,,,,,,,,,,,,,,,,,,,,,,,,,,,,,,,,,
02/12/2024,2349002-1,COMERCIO EXTERIOR Y TURISMO,RESOLUCION VICE MINISTERIAL,N¯ 0046-2024-MINCETUR/VMT,Otorgan el reconocimiento como Pueblo con Encanto al Pueblo de Huancaya ubicado en el distrito de Huancaya provincia de Yauyos departamento de Lima,https://busquedas.elperuano.pe/dispositivo/NL/2349002-1,31/12/2024,,,,,,,,,,,,,,,,,,,,,,,,,,,,,,,,,,,,,,
02/12/2024,2349638-1,DESARROLLO E INCLUSI‡N SOCIAL,RESOLUCION,N¯ D00003-2024-OFIS-PE,Aprueban el Manual de Clasificador de Cargos del Organismo de Focalizaci¢n e Informaci¢n Social,https://busquedas.elperuano.pe/dispositivo/NL/2349638-1,31/12/2024,,,,,,,,,,,,,,,,,,,,,,,,,,,,,,,,,,,,,,
02/12/2024,2349215-1,DESARROLLO E INCLUSI‡N SOCIAL,RESOLUCION MINISTERIAL,N¯ D000184-2024-MIDIS,Aprueban la herramienta denominada Observatorio de Integridad del Sector MIDIS,https://busquedas.elperuano.pe/dispositivo/NL/2349215-1,31/12/2024,,,,,,,,,,,,,,,,,,,,,,,,,,,,,,,,,,,,,,
02/12/2024,2349646-1,EDUCACION,RESOLUCION DIRECTORAL,N¯ 00049-2024-PEIP-EB,Designan Director del Sistema Administrativo III de la Oficina de Administraci¢n del Proyecto Especial de Inversi¢n P£blica Escuelas Bicentenario,https://busquedas.elperuano.pe/dispositivo/NL/2349646-1,31/12/2024,,,,,,,,,,,,,,,,,,,,,,,,,,,,,,,,,,,,,,
02/12/2024,2349499-1,CENTRAL DE COMPRAS PÈBLICAS,RESOLUCION JEFATURAL,N¯ 000204-2024-PERÈ COMPRAS-JEFATURA,Designan jefa de la Oficina de Asesor°a Jur°dica de la Central de Compras P£blicas ? PERÈ COMPRAS,https://busquedas.elperuano.pe/dispositivo/NL/2349499-1,31/12/2024,,,,,,,,,,,,,,,,,,,,,,,,,,,,,,,,,,,,,,
02/12/2024,2349629-1,SUPERINTENDENCIA NACIONAL DE SERVICIOS DE SANEAMIENTO,RESOLUCION,N¯ 073-2024-SUNASS-CD,Modifican la Norma complementaria al Decreto Supremo N¯ 010-2019-VIVIENDA Reglamento de Valores M†ximos Admisibles (VMA) para las descargas de aguas residuales no domÇsticas en el sistema de alcantarillado sanitario aprobada por Resoluci¢n de Consejo Directivo N¯ 011-2020-SUNASS-CD,https://busquedas.elperuano.pe/dispositivo/NL/2349629-1,31/12/2024,,,,,,,,,,,,,,,,,,,,,,,,,,,,,,,,,,,,,,
02/12/2024,2349699-1,"CONSEJO NACIONAL DE CIENCIA, TECNOLOG÷A E INNOVACI‡N TECNOL‡GICA",RESOLUCION,N¯ 155-2024-CONCYTEC-P,Aprueban transferencias financieras a entidades p£blicas y el otorgamiento de subvenci¢n a persona jur°dica privada,https://busquedas.elperuano.pe/dispositivo/NL/2349699-1,31/12/2024,,,,,,,,,,,,,,,,,,,,,,,,,,,,,,,,,,,,,,
02/12/2024,2349304-1,INSTITUTO NACIONAL DE DEFENSA DE LA COMPETENCIA Y DE LA PROTECCION DE LA PROPIEDAD INTELECTUAL,RESOLUCION,N¯ 000171-2024-GEG/INDECOPI,Modifican el Manual de Clasificador de Cargos del INDECOPI,https://busquedas.elperuano.pe/dispositivo/NL/2349304-1,31/12/2024,,,,,,,,,,,,,,,,,,,,,,,,,,,,,,,,,,,,,,
02/12/2024,2349697-1,SUPERINTENDENCIA NACIONAL DE ADUANAS Y DE ADMINISTRACI‡N TRIBUTARIA,RESOLUCION,N¯ 000198-2024-SUNAT/800000,Designan Supervisor 1 de la Divisi¢n de Ejecuci¢n Contractual de la Gerencia de Gesti¢n de Contrataciones de la Intendencia Nacional de Administraci¢n,https://busquedas.elperuano.pe/dispositivo/NL/2349697-1,31/12/2024,,,,,,,,,,,,,,,,,,,,,,,,,,,,,,,,,,,,,,
02/12/2024,2349698-1,SUPERINTENDENCIA NACIONAL DE ADUANAS Y DE ADMINISTRACI‡N TRIBUTARIA,RESOLUCION,N¯ 000271-2024/SUNAT,Designan funcionarios en cargos de confianza,https://busquedas.elperuano.pe/dispositivo/NL/2349698-1,31/12/2024,,,,,,,,,,,,,,,,,,,,,,,,,,,,,,,,,,,,,,
02/12/2024,2348767-1,ACADEMIA DE LA MAGISTRATURA,RESOLUCION,N¯ 000030-2024-D-AMAG/CD-P,Aceptan renuncia de Presidente del Consejo Directivo de la Academia de la Magistratura,https://busquedas.elperuano.pe/dispositivo/NL/2348767-1,31/12/2024,,,,,,,,,,,,,,,,,,,,,,,,,,,,,,,,,,,,,,
02/12/2024,2348820-1,OFICINA NACIONAL DE PROCESOS ELECTORALES,RESOLUCION,N¯ 000085-2024-SG/ONPE,Admiten solicitud de revocatoria presentada respecto del mandato de las autoridades municipales del distrito de Huamal° provincia de Jauja regi¢n de Jun°n,https://busquedas.elperuano.pe/dispositivo/NL/2348820-1,31/12/2024,,,,,,,,,,,,,,,,,,,,,,,,,,,,,,,,,,,,,,
02/12/2024,2349260-1,MUNICIPALIDAD DE LA MOLINA,ORDENANZA,N¯ 458/MDLM,Prorrogan para el ejercicio 2025 la vigencia de la Ordenanza N¯ 430/MDLM Ordenanza que estableci¢ el Derecho de Emisi¢n Mecanizada por la Actualizaci¢n de Valores de la Declaraci¢n Jurada liquidaci¢n del Impuesto Predial y Arbitrios Municipales y Distribuci¢n para el Ejercicio 2023,https://busquedas.elperuano.pe/dispositivo/NL/2349260-1,31/12/2024,,,,,,,,,,,,,,,,,,,,,,,,,,,,,,,,,,,,,,
02/12/2024,2339459-1,MUNICIPALIDAD DISTRITAL DE NUEVO CHIMBOTE,ORDENANZA,N¯ 007-2024-MDNCH,Disponen obligatoriedad de limpiar y cercar terrenos sin constru°r con construcci¢n paralizada o en situaci¢n de abandono,https://busquedas.elperuano.pe/dispositivo/NL/2339459-1,31/12/2024,,,,,,,,,,,,,,,,,,,,,,,,,,,,,,,,,,,,,,
01/12/2024,2349696-1,PRESIDENCIA DEL CONSEJO DE MINISTROS,RESOLUCION SUPREMA,N¯ 249-2024-PCM,Nombran Ministro de Estado en el Despacho de Energ°a y Minas,https://busquedas.elperuano.pe/dispositivo/NL/2349696-1,31/12/2024,,,,,,,,,,,,,,,,,,,,,,,,,,,,,,,,,,,,,,
01/12/2024,2349532-1,COMERCIO EXTERIOR Y TURISMO,RESOLUCION MINISTERIAL,N¯ 365-2024-MINCETUR,Autorizan viaje de representantes del MINCETUR a la Rep£blica de Corea en comisi¢n de servicios,https://busquedas.elperuano.pe/dispositivo/NL/2349532-1,31/12/2024,,,,,,,,,,,,,,,,,,,,,,,,,,,,,,,,,,,,,,
01/12/2024,2349254-1,CULTURA,RESOLUCION DIRECTORAL,N¯ 000206-2024-DGPA-VMPCIC/MC,Determinan la Protecci¢n Provisional del Sitio Arqueol¢gico Cementerio Tunan ubicado en el distrito Paramonga provincia de Barranca departamento de Lima,https://busquedas.elperuano.pe/dispositivo/NL/2349254-1,31/12/2024,,,,,,,,,,,,,,,,,,,,,,,,,,,,,,,,,,,,,,
01/12/2024,2349684-1,CULTURA,RESOLUCION MINISTERIAL,N¯ 000435-2024-MC,Designan Asesor II de la Secretar°a General del Ministerio de Cultura,https://busquedas.elperuano.pe/dispositivo/NL/2349684-1,31/12/2024,,,,,,,,,,,,,,,,,,,,,,,,,,,,,,,,,,,,,,
01/12/2024,2349696-2,CULTURA,RESOLUCION SUPREMA,N¯ 018-2024-MC,Encargan funciones del cargo de Presidente Ejecutivo del Instituto Nacional de Radio y Televisi¢n del Per£,https://busquedas.elperuano.pe/dispositivo/NL/2349696-2,31/12/2024,,,,,,,,,,,,,,,,,,,,,,,,,,,,,,,,,,,,,,
01/12/2024,2349685-1,CULTURA,RESOLUCION VICE MINISTERIAL,N¯ 000335-2024-VMPCIC/MC,Declaran Patrimonio Cultural de la Naci¢n a bien cultural mueble,https://busquedas.elperuano.pe/dispositivo/NL/2349685-1,31/12/2024,,,,,,,,,,,,,,,,,,,,,,,,,,,,,,,,,,,,,,
01/12/2024,2349637-1,DEFENSA,RESOLUCION MINISTERIAL,N¯ 01687-2024-DE,Designan Director de la Direcci¢n de Pensiones y Servicio Social de la Direcci¢n General Previsional de las Fuerzas Armadas,https://busquedas.elperuano.pe/dispositivo/NL/2349637-1,31/12/2024,,,,,,,,,,,,,,,,,,,,,,,,,,,,,,,,,,,,,,
01/12/2024,2349663-1,DESARROLLO AGRARIO Y RIEGO,RESOLUCION,N¯ D000286-2024-MIDAGRI-SERFOR-DE,Designan Asesora de la Direcci¢n Ejecutiva del Servicio Nacional Forestal y de Fauna Silvestre - SERFOR,https://busquedas.elperuano.pe/dispositivo/NL/2349663-1,31/12/2024,,,,,,,,,,,,,,,,,,,,,,,,,,,,,,,,,,,,,,
01/12/2024,2349664-1,DESARROLLO AGRARIO Y RIEGO,RESOLUCION,N¯ D000289-2024-MIDAGRI-SERFOR-DE,Designan Directora de la Direcci¢n de Catastro Zonificaci¢n y Ordenamiento de la Direcci¢n General de Informaci¢n y Ordenamiento Forestal y de Fauna Silvestre del Servicio Nacional Forestal y de Fauna Silvestre - SERFOR y otra designaci¢n temporal,https://busquedas.elperuano.pe/dispositivo/NL/2349664-1,31/12/2024,,,,,,,,,,,,,,,,,,,,,,,,,,,,,,,,,,,,,,
01/12/2024,2349597-1,DESARROLLO AGRARIO Y RIEGO,RESOLUCION DIRECTORAL,N¯ D000044-2024-MIDAGRI-SENASA-DSV,Autorizan ingreso al pa°s de plantas de ar†ndano de origen y procedencia de la Rep£blica de Chile a travÇs del Complejo Fronterizo Santa Rosa ubicado en el departamento de Tacna y bajo la responsabilidad de la empresa Family Farms Per£ S.R.L.,https://busquedas.elperuano.pe/dispositivo/NL/2349597-1,31/12/2024,,,,,,,,,,,,,,,,,,,,,,,,,,,,,,,,,,,,,,
01/12/2024,2349680-1,DESARROLLO AGRARIO Y RIEGO,RESOLUCION MINISTERIAL,N¯ 0394-2024-MIDAGRI,Designan Director General de la Direcci¢n General de Pol°ticas Agrarias del Viceministerio de Pol°ticas y Supervisi¢n del Desarrollo Agrario del Ministerio de Desarrollo Agrario y Riego,https://busquedas.elperuano.pe/dispositivo/NL/2349680-1,31/12/2024,,,,,,,,,,,,,,,,,,,,,,,,,,,,,,,,,,,,,,
01/12/2024,2349681-1,DESARROLLO AGRARIO Y RIEGO,RESOLUCION MINISTERIAL,N¯ 0396-2024-MIDAGRI,Designan Director General de la Direcci¢n General de Saneamiento de la Propiedad Agraria y Catastro Rural del Viceministerio de Pol°ticas y Supervisi¢n del Desarrollo Agrario del Ministerio de Desarrollo Agrario y Riego,https://busquedas.elperuano.pe/dispositivo/NL/2349681-1,31/12/2024,,,,,,,,,,,,,,,,,,,,,,,,,,,,,,,,,,,,,,
01/12/2024,2349693-1,DESARROLLO E INCLUSI‡N SOCIAL,RESOLUCION,N¯ D000729-2024-MIDIS/PNAEQW-DE,Designan Jefe de la Unidad de Recursos Humanos del Programa Nacional de Alimentaci¢n Escolar Qali Warma,https://busquedas.elperuano.pe/dispositivo/NL/2349693-1,31/12/2024,,,,,,,,,,,,,,,,,,,,,,,,,,,,,,,,,,,,,,
01/12/2024,2349688-1,INTERIOR,RESOLUCION MINISTERIAL,N¯ 1477-2024-IN,Designan Director de la Oficina de Programaci¢n Multianual de Inversiones de la Oficina General de Planeamiento y Presupuesto del Ministerio del Interior,https://busquedas.elperuano.pe/dispositivo/NL/2349688-1,31/12/2024,,,,,,,,,,,,,,,,,,,,,,,,,,,,,,,,,,,,,,
01/12/2024,2349694-1,INTERIOR,RESOLUCION MINISTERIAL,N¯ 1479-2024-IN,Designan Director General de la Oficina General de Planeamiento y Presupuesto del Ministerio del Interior,https://busquedas.elperuano.pe/dispositivo/NL/2349694-1,31/12/2024,,,,,,,,,,,,,,,,,,,,,,,,,,,,,,,,,,,,,,
01/12/2024,2349654-1,JUSTICIA,DECRETO SUPREMO,N¯ 017-2024-JUS,Decreto Supremo que aprueba el Protocolo de Actuaci¢n Interinstitucional para la aplicaci¢n del proceso de Extinci¢n de Dominio,https://epdoc2.elperuano.pe/EpPo/VistaNLSE.asp?Referencias=MjM0OTY1NC0xMjAyNDEyMDE=,31/12/2024,,,,,,,,,,,,,,,,,,,,,,,,,,,,,,,,,,,,,,
01/12/2024,2349671-1,JUSTICIA Y DERECHOS HUMANOS,RESOLUCION MINISTERIAL,N¯ 0301-2024-JUS,Aprueban el TrigÇsimo Sexto Listado de Personas Beneficiarias civiles militares y policiales del Programa de Reparaciones Econ¢micas (PRE),https://busquedas.elperuano.pe/dispositivo/NL/2349671-1,31/12/2024,,,,,,,,,,,,,,,,,,,,,,,,,,,,,,,,,,,,,,
01/12/2024,2349673-1,JUSTICIA Y DERECHOS HUMANOS,RESOLUCION MINISTERIAL,N¯ 0302-2024-JUS,Autorizan viaje de Procuradora P£blica Ad Hoc para el caso Odebrecht y otras a la ciudad de Sao Paulo (Brasil) en comisi¢n de servicios,https://busquedas.elperuano.pe/dispositivo/NL/2349673-1,31/12/2024,,,,,,,,,,,,,,,,,,,,,,,,,,,,,,,,,,,,,,
01/12/2024,2349674-1,JUSTICIA Y DERECHOS HUMANOS,RESOLUCION MINISTERIAL,N¯ 0303-2024-JUS,Aprueban actualizaci¢n del Plan de Implementaci¢n de la Procuradur°a General del Estado,https://busquedas.elperuano.pe/dispositivo/NL/2349674-1,31/12/2024,,,,,,,,,,,,,,,,,,,,,,,,,,,,,,,,,,,,,,
01/12/2024,2349675-1,PRODUCE,RESOLUCION,N¯ 000203-2024-ITP/DE,Designan Director de la Direcci¢n de Estrategia Desarrollo y Fortalecimiento de los Centros de Innovaci¢n Productiva y Transferencia Tecnol¢gica del Instituto Tecnol¢gico de la Producci¢n,https://busquedas.elperuano.pe/dispositivo/NL/2349675-1,31/12/2024,,,,,,,,,,,,,,,,,,,,,,,,,,,,,,,,,,,,,,
01/12/2024,2349676-1,PRODUCE,RESOLUCION,N¯ 000204-2024-ITP/DE,Designan Director de la Direcci¢n de Seguimiento y Evaluaci¢n del Instituto Tecnol¢gico de la Producci¢n,https://busquedas.elperuano.pe/dispositivo/NL/2349676-1,31/12/2024,,,,,,,,,,,,,,,,,,,,,,,,,,,,,,,,,,,,,,
01/12/2024,2349677-1,PRODUCE,RESOLUCION,N¯ 000205-2024-ITP/DE,Designan Directora de la Direcci¢n de Investigaci¢n Desarrollo Innovaci¢n y Transferencia Tecnol¢gica del Instituto Tecnol¢gico de la Producci¢n,https://busquedas.elperuano.pe/dispositivo/NL/2349677-1,31/12/2024,,,,,,,,,,,,,,,,,,,,,,,,,,,,,,,,,,,,,,
01/12/2024,2349687-1,RELACIONES EXTERIORES,RESOLUCION MINISTERIAL,N¯ 0918-2024-RE,Autorizan viaje de funcionario diplom†tico a Paraguay en comisi¢n de servicios,https://busquedas.elperuano.pe/dispositivo/NL/2349687-1,31/12/2024,,,,,,,,,,,,,,,,,,,,,,,,,,,,,,,,,,,,,,
01/12/2024,2349689-1,RELACIONES EXTERIORES,RESOLUCION MINISTERIAL,N¯ 0920-2024-RE,Autorizan viaje de funcionario diplom†tico a Suiza en comisi¢n de servicios,https://busquedas.elperuano.pe/dispositivo/NL/2349689-1,31/12/2024,,,,,,,,,,,,,,,,,,,,,,,,,,,,,,,,,,,,,,
01/12/2024,2349691-1,TRABAJO Y PROMOCION DEL EMPLEO,RESOLUCION MINISTERIAL,N¯ 192-2024-TR,Autorizan viaje de Director General de la Direcci¢n General de Derechos Fundamentales y Seguridad y Salud en el Trabajo a Italia en comisi¢n de servicios,https://busquedas.elperuano.pe/dispositivo/NL/2349691-1,31/12/2024,,,,,,,,,,,,,,,,,,,,,,,,,,,,,,,,,,,,,,
01/12/2024,2349339-1,TRANSPORTES Y COMUNICACIONES,RESOLUCION MINISTERIAL,N¯ 691-2024-MTC/01.03,Otorgan a la empresa GRUPO HEMMY E.I.R.L. Concesi¢n Ènica para la prestaci¢n de servicios p£blicos de telecomunicaciones en †rea que comprende todo el territorio de la Rep£blica,https://busquedas.elperuano.pe/dispositivo/NL/2349339-1,31/12/2024,,,,,,,,,,,,,,,,,,,,,,,,,,,,,,,,,,,,,,
01/12/2024,2349380-1,TRANSPORTES Y COMUNICACIONES,RESOLUCION MINISTERIAL,N¯ 692-2024-MTC/01.03,Aprueban ejecuci¢n de la Expropiaci¢n del †rea afectada de un inmueble para la ejecuci¢n del proyecto: Red Dorsal Nacional de Fibra ‡ptica: Cobertura Universal Norte Cobertura Universal Sur y Cobertura Universal Centro y el valor de tasaci¢n,https://busquedas.elperuano.pe/dispositivo/NL/2349380-1,31/12/2024,,,,,,,,,,,,,,,,,,,,,,,,,,,,,,,,,,,,,,
01/12/2024,2349435-1,TRANSPORTES Y COMUNICACIONES,RESOLUCION MINISTERIAL,N¯ 693-2024-MTC/01.03,Dejan sin efecto la Resoluci¢n Ministerial N¯ 1420-2023-MTC/01.03,https://busquedas.elperuano.pe/dispositivo/NL/2349435-1,31/12/2024,,,,,,,,,,,,,,,,,,,,,,,,,,,,,,,,,,,,,,
01/12/2024,2349463-1,TRANSPORTES Y COMUNICACIONES,RESOLUCION MINISTERIAL,N¯ 695-2024-MTC/01.02,Autorizan viaje de inspector de la Direcci¢n General de Aeron†utica Civil a los Estados Unidos de AmÇrica en comisi¢n de servicios,https://busquedas.elperuano.pe/dispositivo/NL/2349463-1,31/12/2024,,,,,,,,,,,,,,,,,,,,,,,,,,,,,,,,,,,,,,
01/12/2024,2349479-1,TRANSPORTES Y COMUNICACIONES,RESOLUCION MINISTERIAL,N¯ 697-2024-MTC/01.02,Aprueban ejecuci¢n de expropiaci¢n de †rea afectada de inmueble para la ejecuci¢n de la obra: Tramos viales del eje multimodal del Amazonas Norte del Plan de acci¢n para la integraci¢n de infraestructura regional sudamericana ? IIRSA,https://busquedas.elperuano.pe/dispositivo/NL/2349479-1,31/12/2024,,,,,,,,,,,,,,,,,,,,,,,,,,,,,,,,,,,,,,
01/12/2024,2349587-1,TRANSPORTES Y COMUNICACIONES,RESOLUCION MINISTERIAL,N¯ 698-2024-MTC/01.02,Aprueban ejecuci¢n de expropiaci¢n de †rea afectada de bienes inmuebles para la ejecuci¢n de la obra: Aeropuerto Cadete FAP Guillermo del Castillo Paredes ubicado en el distrito de Tarapoto provincia y departamento de San Mart°n,https://busquedas.elperuano.pe/dispositivo/NL/2349587-1,31/12/2024,,,,,,,,,,,,,,,,,,,,,,,,,,,,,,,,,,,,,,
01/12/2024,2349627-1,TRANSPORTES Y COMUNICACIONES,RESOLUCION MINISTERIAL,N¯ 701-2024-MTC/01.03,Aprueban ejecuci¢n de Expropiaci¢n de †rea afectada de un (1) inmueble para la ejecuci¢n del proyecto: Red Dorsal Nacional de Fibra ‡ptica: Cobertura Universal Norte Cobertura Universal Sur y Cobertura Universal Centro,https://busquedas.elperuano.pe/dispositivo/NL/2349627-1,31/12/2024,,,,,,,,,,,,,,,,,,,,,,,,,,,,,,,,,,,,,,
01/12/2024,2349644-1,TRANSPORTES Y COMUNICACIONES,RESOLUCION VICE MINISTERIAL,N¯ 0148-2024-MTC/03,Modifican la R.VM. N¯ 205-2004-MTC/03 que aprueba Planes de Canalizaci¢n y Asignaci¢n de Frecuencias del Servicio de Radiodifusi¢n por Televisi¢n en UHF para distintas localidades del departamento de Amazonas,https://busquedas.elperuano.pe/dispositivo/NL/2349644-1,31/12/2024,,,,,,,,,,,,,,,,,,,,,,,,,,,,,,,,,,,,,,
01/12/2024,2349670-1,"VIVIENDA, CONSTRUCCI‡N Y SANEAMIENTO",RESOLUCION DIRECTORAL,N¯ 00005-2024-VIVIENDA/VMVU-DGPRVU,Oficializan la realizaci¢n del II Curso de Extensi¢n Universitaria en Vivienda y Urbanismo,https://busquedas.elperuano.pe/dispositivo/NL/2349670-1,31/12/2024,,,,,,,,,,,,,,,,,,,,,,,,,,,,,,,,,,,,,,
01/12/2024,2349182-1,ARCHIVO GENERAL DE LA NACION,RESOLUCION JEFATURAL,N¯ 000333-2024-AGN/JEF,Designan Director de la Escuela Nacional de Archiv°stica,https://busquedas.elperuano.pe/dispositivo/NL/2349182-1,31/12/2024,,,,,,,,,,,,,,,,,,,,,,,,,,,,,,,,,,,,,,
01/12/2024,2349449-1,INSTITUTO NACIONAL DE DEFENSA CIVIL,RESOLUCION JEFATURAL,N¯ 000185-2024-INDECI/ JEF INDECI,Designan Jefe de la Oficina de Recursos Humanos de la Oficina General de Administraci¢n del Instituto Nacional de Defensa Civil ? INDECI,https://busquedas.elperuano.pe/dispositivo/NL/2349449-1,31/12/2024,,,,,,,,,,,,,,,,,,,,,,,,,,,,,,,,,,,,,,
01/12/2024,2349695-1,INSTITUTO PERUANO DE ENERGIA NUCLEAR,RESOLUCION,N¯ D000082-2024-IPEN-PRES,Designan Jefe de la Oficina de Administraci¢n del Instituto Peruano de Energ°a Nuclear ? IPEN,https://busquedas.elperuano.pe/dispositivo/NL/2349695-1,31/12/2024,,,,,,,,,,,,,,,,,,,,,,,,,,,,,,,,,,,,,,
01/12/2024,2349416-1,ORGANISMO SUPERVISOR DE LA INVERSI‡N EN INFRAESTRUCTURA DE TRANSPORTE DE USO PÈBLICO,RESOLUCION,N¯ 0078-2024-PD-OSITRAN,Aprueban modificaci¢n del Reglamento de Atenci¢n y Soluci¢n de Reclamos de Usuarios de Terminal Portuario Paracas S.A.,https://busquedas.elperuano.pe/dispositivo/NL/2349416-1,31/12/2024,,,,,,,,,,,,,,,,,,,,,,,,,,,,,,,,,,,,,,
01/12/2024,2349642-1,SUPERINTENDENCIA NACIONAL DE SERVICIOS DE SANEAMIENTO,RESOLUCION,N¯ 074-2024-SUNASS-CD,Aprueban las Disposiciones destinadas a garantizar la continuaci¢n de los procedimientos de revisi¢n peri¢dica en tr†mite y posterior adecuaci¢n al Reglamento del Decreto Legislativo N¯ 1280 Decreto Legislativo que aprueba la Ley del Servicio Universal de Agua Potable y Saneamiento aprobado por Decreto Supremo N¯ 009-2024-VIVIENDA,https://busquedas.elperuano.pe/dispositivo/NL/2349642-1,31/12/2024,,,,,,,,,,,,,,,,,,,,,,,,,,,,,,,,,,,,,,
01/12/2024,2349672-1,SUPERINTENDENCIA NACIONAL DE SERVICIOS DE SANEAMIENTO,RESOLUCION,N¯ 00251-2024-SUNASS-GG,Designan jefe de unidad de la Unidad de Abastecimiento de la Oficina de Administraci¢n y Finanzas de la SUNASS,https://busquedas.elperuano.pe/dispositivo/NL/2349672-1,31/12/2024,,,,,,,,,,,,,,,,,,,,,,,,,,,,,,,,,,,,,,
01/12/2024,2349665-1,INSTITUTO NACIONAL DE ESTADISTICA E INFORMATICA,RESOLUCION JEFATURAL,N¯ 279-2024-INEI,Aprueban ÷ndices de Precios al Consumidor a Nivel Nacional y de Lima Metropolitana correspondientes al mes de noviembre de 2024,https://busquedas.elperuano.pe/dispositivo/NL/2349665-1,31/12/2024,,,,,,,,,,,,,,,,,,,,,,,,,,,,,,,,,,,,,,
01/12/2024,2349666-1,INSTITUTO NACIONAL DE ESTADISTICA E INFORMATICA,RESOLUCION JEFATURAL,N¯ 280-2024-INEI,Aprueban ÷ndice de Precios al Por Mayor a Nivel Nacional correspondiente al mes de noviembre de 2024,https://busquedas.elperuano.pe/dispositivo/NL/2349666-1,31/12/2024,,,,,,,,,,,,,,,,,,,,,,,,,,,,,,,,,,,,,,
01/12/2024,2349234-1,SUPERINTENDENCIA NACIONAL DE ADUANAS Y DE ADMINISTRACI‡N TRIBUTARIA,RESOLUCION,N¯ 000043-2024-SUNAT/700000,Designan Ejecutor Coactivo de la Intendencia de Tributos Internos Jun°n,https://busquedas.elperuano.pe/dispositivo/NL/2349234-1,31/12/2024,,,,,,,,,,,,,,,,,,,,,,,,,,,,,,,,,,,,,,
01/12/2024,2349686-1,SUPERINTENDENCIA NACIONAL DE ADUANAS Y DE ADMINISTRACI‡N TRIBUTARIA,RESOLUCION,N¯ 000270-2024/SUNAT,Disponen publicaci¢n del proyecto de Resoluci¢n de Superintendencia que aprueba el formulario virtual para declarar y/o pagar el Impuesto General a las Ventas percibido y/o retenido seg£n el art°culo 49-A de la Ley del Impuesto General a las Ventas e Impuesto Selectivo al Consumo; crea la plataforma Declaraci¢n y pago para no domiciliados y regula la declaraci¢n y pago en d¢lares y la compensaci¢n,https://busquedas.elperuano.pe/dispositivo/NL/2349686-1,31/12/2024,,,,,,,,,,,,,,,,,,,,,,,,,,,,,,,,,,,,,,
01/12/2024,2349588-1,CONSEJO EJECUTIVO DEL PODER JUDICIAL,VISITA,Extraordinaria N¯ 491-2018-JUN÷N,Imponen la medida disciplinaria de destituci¢n a notificador del M¢dulo B†sico de Justicia de Jauja Distrito Judicial de Jun°n,https://busquedas.elperuano.pe/dispositivo/NL/2349588-1,31/12/2024,,,,,,,,,,,,,,,,,,,,,,,,,,,,,,,,,,,,,,
01/12/2024,2342047-1,INSTITUCIONES EDUCATIVAS,RESOLUCION,N¯ 2858-2024-R-UNA,Conceden licencia con goce de haber a docente de la Universidad Nacional del Altiplano por su participaci¢n en evento realizado en Argentina,https://busquedas.elperuano.pe/dispositivo/NL/2342047-1,31/12/2024,,,,,,,,,,,,,,,,,,,,,,,,,,,,,,,,,,,,,,
01/12/2024,2349200-1,INSTITUCIONES EDUCATIVAS,RESOLUCION,N¯ 3262-2024-R-UNA,Conceden licencia a docentes de la Universidad Nacional del Altiplano - Puno para participar en evento que se realizar† en Costa Rica,https://busquedas.elperuano.pe/dispositivo/NL/2349200-1,31/12/2024,,,,,,,,,,,,,,,,,,,,,,,,,,,,,,,,,,,,,,
01/12/2024,2349121-1,REGISTRO NACIONAL DE IDENTIFICACION Y ESTADO CIVIL,RESOLUCION JEFATURAL,N¯ 000181-2024/JNAC/RENIEC,Autorizan viaje de Jefa Nacional del Registro Nacional de Identificaci¢n y Estado Civil - RENIEC a Suiza en comisi¢n de servicios,https://busquedas.elperuano.pe/dispositivo/NL/2349121-1,31/12/2024,,,,,,,,,,,,,,,,,,,,,,,,,,,,,,,,,,,,,,
01/12/2024,2349181-1,GOBIERNO REGIONAL DE PIURA,ACUERDO,N¯ 2354 - 2024/GRP-CR,Precisan considerandos del Acuerdo de Consejo Regional N¯ 2353-2024/GRP-CR que autoriz¢ transferencias financieras a favor de la Autoridad Nacional de Infraestructura (ANIN),https://busquedas.elperuano.pe/dispositivo/NL/2349181-1,31/12/2024,,,,,,,,,,,,,,,,,,,,,,,,,,,,,,,,,,,,,,
01/12/2024,2349678-1,MUNICIPALIDAD DE ATE,Ordenanzas,N¯ 625,Autorizan celebraci¢n del Matrimonio Civil Comunitario 2025 en el Distrito de Ate,https://epdoc2.elperuano.pe/EpPo/VistaDE.asp?Referencias=MjM0OTY3OC0xMjAyNDEyMDE=,31/12/2024,,,,,,,,,,,,,,,,,,,,,,,,,,,,,,,,,,,,,,
01/12/2024,2349478-1,MUNICIPALIDAD DE CIENEGUILLA,ORDENANZA,N¯ 394-2024-MDC,Ordenanza que otorga beneficios tributarios para el pago del impuesto predial arbitrios municipales y multas tributarias en el distrito de Cieneguilla Amnist°a Tributaria Total 2024,https://busquedas.elperuano.pe/dispositivo/NL/2349478-1,31/12/2024,,,,,,,,,,,,,,,,,,,,,,,,,,,,,,,,,,,,,,
01/12/2024,2349143-1,MUNICIPALIDAD DE LA MOLINA,RESOLUCION DE ALCALDIA,N¯ 035-2024/MDLM,Designan Funcionario P£blico Responsable del Monitoreo del Proceso de Implementaci¢n de las Recomendaciones de los informes de servicios de control posterior emitidos por el Sistema Nacional de Control,https://busquedas.elperuano.pe/dispositivo/NL/2349143-1,31/12/2024,,,,,,,,,,,,,,,,,,,,,,,,,,,,,,,,,,,,,,
