Fecha Publicación,OP,Entidad,Dispositivo,Número,Sumilla,Link,Fecha Corte,,,,,,,,,,,,,,,,,,,,,,,,,,,,,,,,,,,,,,
31/01/2025,2367631-1,CONGRESO DE LA REPUBLICA,LEY,N° 32254,Ley que modifica la Ley 28094 Ley de Organizaciones Políticas a fin de restituir el financiamiento privado de personas jurídicas y dictar disposiciones para el empleo del financiamiento público,https://busquedas.elperuano.pe/dispositivo/NL/2367631-1,31/01/2025,,,,,,,,,,,,,,,,,,,,,,,,,,,,,,,,,,,,,,
31/01/2025,2367165-1,PRESIDENCIA DEL CONSEJO DE MINISTROS,DECRETO SUPREMO,N° 018-2025-PCM,Decreto Supremo que prorroga el Estado de Emergencia declarado en las provincias de Putumayo y Mariscal Ramón Castilla del departamento de Loreto,https://busquedas.elperuano.pe/dispositivo/NL/2367165-1,31/01/2025,,,,,,,,,,,,,,,,,,,,,,,,,,,,,,,,,,,,,,
31/01/2025,2367169-1,PRESIDENCIA DEL CONSEJO DE MINISTROS,FE DE ERRATA,D.S. N° 014-2025-PCM,FE DE ERRATA,https://busquedas.elperuano.pe/dispositivo/NL/2367169-1,31/01/2025,,,,,,,,,,,,,,,,,,,,,,,,,,,,,,,,,,,,,,
31/01/2025,2367116-1,COMERCIO EXTERIOR Y TURISMO,RESOLUCION MINISTERIAL,N° 024-2025-MINCETUR,Autorizan viaje de representante de PROMPERÚ para participar en evento a realizarse en la República Federal de Alemania,https://busquedas.elperuano.pe/dispositivo/NL/2367116-1,31/01/2025,,,,,,,,,,,,,,,,,,,,,,,,,,,,,,,,,,,,,,
31/01/2025,2366375-1,CULTURA,RESOLUCION DIRECTORAL,N° 000041-2025-DGPA-VMPCIC/MC,Determinan la Protección Provisional del Paisaje Arqueológico Canal de Surco – Segmento 4 ubicado en el distrito de Santiago de Surco provincia y departamento de Lima,https://busquedas.elperuano.pe/dispositivo/NL/2366375-1,31/01/2025,,,,,,,,,,,,,,,,,,,,,,,,,,,,,,,,,,,,,,
31/01/2025,2366379-1,CULTURA,RESOLUCION DIRECTORAL,N° 000038-2025-DGPA-VMPCIC/MC,Determinan la Protección Provisional del Sitio Arqueológico Cerro el Caymán ubicado en el distrito de Ventanilla provincia del Callao región del Callao,https://busquedas.elperuano.pe/dispositivo/NL/2366379-1,31/01/2025,,,,,,,,,,,,,,,,,,,,,,,,,,,,,,,,,,,,,,
31/01/2025,2366381-1,CULTURA,RESOLUCION DIRECTORAL,N° 000045-2025-DGPA-VMPCIC/MC,Determinan la Protección Provisional del Paisaje Arqueológico Camino Prehispánico Farfán – Trujillo; Tramo Farfán- Chiquitoy; Sector Cerro Faclo ubicado en el distrito de San Pedro de Lloc provincia de Pacasmayo departamento de La Libertad,https://busquedas.elperuano.pe/dispositivo/NL/2366381-1,31/01/2025,,,,,,,,,,,,,,,,,,,,,,,,,,,,,,,,,,,,,,
31/01/2025,2366384-1,CULTURA,RESOLUCION DIRECTORAL,N° 000042-2025-DGPA-VMPCIC/MC,Determinan la Protección Provisional del Sitio Arqueológico Pampa del Inca ubicado en los distritos de Chancay y Huaral provincia de Huaral departamento de Lima,https://busquedas.elperuano.pe/dispositivo/NL/2366384-1,31/01/2025,,,,,,,,,,,,,,,,,,,,,,,,,,,,,,,,,,,,,,
31/01/2025,2367161-1,CULTURA,RESOLUCION MINISTERIAL,N° 000025-2025-MC,Designan Asesor ll del Despacho Ministerial,https://busquedas.elperuano.pe/dispositivo/NL/2367161-1,31/01/2025,,,,,,,,,,,,,,,,,,,,,,,,,,,,,,,,,,,,,,
31/01/2025,2367026-1,DEFENSA,FE DE ERRATA,R.M. N° 00092-2025-DE,FE DE ERRATA,https://busquedas.elperuano.pe/dispositivo/NL/2367026-1,31/01/2025,,,,,,,,,,,,,,,,,,,,,,,,,,,,,,,,,,,,,,
31/01/2025,2367034-1,DEFENSA,RESOLUCION MINISTERIAL,N° 00108-2025-DE,Autorizan viaje de oficial de la Marina de Guerra del Perú a la República Oriental del Uruguay en comisión de servicios,https://busquedas.elperuano.pe/dispositivo/NL/2367034-1,31/01/2025,,,,,,,,,,,,,,,,,,,,,,,,,,,,,,,,,,,,,,
31/01/2025,2366740-1,DEFENSA,RESOLUCION MINISTERIAL,N° 00101-2025-DE,Autorizan viaje de personal militar de la Marina de Guerra del Perú a los Estados Unidos de América en comisión de servicios,https://busquedas.elperuano.pe/dispositivo/NL/2366740-1,31/01/2025,,,,,,,,,,,,,,,,,,,,,,,,,,,,,,,,,,,,,,
31/01/2025,2366618-1,DESARROLLO AGRARIO Y RIEGO,RESOLUCION DIRECTORAL,N° D000003-2025-MIDAGRI-SENASA-DIAIA,Aprueban el Plan anual de monitoreo de residuos químicos y otros contaminantes en alimentos agropecuarios primarios y piensos para el año 2025 y sus veinte Anexos,https://busquedas.elperuano.pe/dispositivo/NL/2366618-1,31/01/2025,,,,,,,,,,,,,,,,,,,,,,,,,,,,,,,,,,,,,,
31/01/2025,2367190-1,DESARROLLO AGRARIO Y RIEGO,RESOLUCION MINISTERIAL,N° 0018-2025-MIDAGRI,Designan representantes del Ministerio ante el Consejo Directivo del Proyecto Especial Olmos - Tinajones,https://busquedas.elperuano.pe/dispositivo/NL/2367190-1,31/01/2025,,,,,,,,,,,,,,,,,,,,,,,,,,,,,,,,,,,,,,
31/01/2025,2367195-1,DESARROLLO AGRARIO Y RIEGO,RESOLUCION MINISTERIAL,N° 0019-2025-MIDAGRI,Designan representante del Ministerio ante el Consejo Directivo del Proyecto Especial Chira - Piura,https://busquedas.elperuano.pe/dispositivo/NL/2367195-1,31/01/2025,,,,,,,,,,,,,,,,,,,,,,,,,,,,,,,,,,,,,,
31/01/2025,2367197-1,DESARROLLO AGRARIO Y RIEGO,RESOLUCION MINISTERIAL,N° 0020-2025-MIDAGRI,Aprueban el Plan Estratégico Institucional - PEI 2025-2030 del Ministerio de Desarrollo Agrario y Riego,https://busquedas.elperuano.pe/dispositivo/NL/2367197-1,31/01/2025,,,,,,,,,,,,,,,,,,,,,,,,,,,,,,,,,,,,,,
31/01/2025,2367633-1,ECONOMIA Y FINANZAS,DECRETO SUPREMO,N° 012-2025-EF,Decreto Supremo que aprueba las Normas Reglamentarias para la aplicación de la Quinta Disposición Complementaria Final de la Ley Nº 32185 Ley de Presupuesto del Sector Público para el Año Fiscal 2025,https://busquedas.elperuano.pe/dispositivo/NL/2367633-1,31/01/2025,,,,,,,,,,,,,,,,,,,,,,,,,,,,,,,,,,,,,,
31/01/2025,2367633-2,ECONOMIA Y FINANZAS,DECRETO SUPREMO,N° 013-2025-EF,Decreto Supremo que autoriza una Transferencia de Partidas en el Presupuesto del Sector Público para el Año Fiscal 2025 a favor de los gobiernos regionales y diversos gobiernos locales,https://busquedas.elperuano.pe/dispositivo/NL/2367633-2,31/01/2025,,,,,,,,,,,,,,,,,,,,,,,,,,,,,,,,,,,,,,
31/01/2025,2367651-1,ECONOMIA Y FINANZAS,DECRETO SUPREMO,N° 014-2025-EF,Decreto Supremo que autoriza Transferencia de Partidas en el Presupuesto del Sector Público para el Año Fiscal 2025 a favor de la Procuraduría General del Estado,https://busquedas.elperuano.pe/dispositivo/NL/2367651-1,31/01/2025,,,,,,,,,,,,,,,,,,,,,,,,,,,,,,,,,,,,,,
31/01/2025,2367165-2,ECONOMIA Y FINANZAS,DECRETO SUPREMO,N° 011-2025-EF,Decreto Supremo que aprueba la formalización de los Créditos Suplementarios del Tercer Trimestre del Año Fiscal 2024 en el presupuesto consolidado de las empresas y organismos públicos de los gobiernos regionales y gobiernos locales,https://busquedas.elperuano.pe/dispositivo/NL/2367165-2,31/01/2025,,,,,,,,,,,,,,,,,,,,,,,,,,,,,,,,,,,,,,
31/01/2025,2366930-1,ECONOMIA Y FINANZAS,RESOLUCION DIRECTORAL,N° 0002-2025-EF/51.01,Aprueban incorporar cuentas y subcuentas al Plan Contable Gubernamental correspondientes al ejercicio fiscal 2024,https://busquedas.elperuano.pe/dispositivo/NL/2366930-1,31/01/2025,,,,,,,,,,,,,,,,,,,,,,,,,,,,,,,,,,,,,,
31/01/2025,2366964-1,ECONOMIA Y FINANZAS,RESOLUCION MINISTERIAL,N° 022-2025-EF/10,Autorizan viaje de Superintendente Nacional de Aduanas y de Administración Tributaria a Panamá en comisión de servicios,https://busquedas.elperuano.pe/dispositivo/NL/2366964-1,31/01/2025,,,,,,,,,,,,,,,,,,,,,,,,,,,,,,,,,,,,,,
31/01/2025,2366971-1,ECONOMIA Y FINANZAS,RESOLUCION MINISTERIAL,N° 023-2025-EF/50,Resolución Ministerial que aprueba los montos máximos de recursos que corresponden a cada municipalidad que cumpla las metas de los indicadores evaluados del Tramo I y Tramo II del año 2024 del Programa de Incentivos a la Mejora de la Gestión Municipal,https://busquedas.elperuano.pe/dispositivo/NL/2366971-1,31/01/2025,,,,,,,,,,,,,,,,,,,,,,,,,,,,,,,,,,,,,,
31/01/2025,2367505-1,EDUCACION,RESOLUCION MINISTERIAL,N° 045-2025-MINEDU,Aprueban Norma Técnica denominada Disposiciones generales para el financiamiento monitoreo y rendición de cuentas de proyectos de innovación y desarrollo educativo – 2025 bajo la modalidad de subvenciones,https://busquedas.elperuano.pe/dispositivo/NL/2367505-1,31/01/2025,,,,,,,,,,,,,,,,,,,,,,,,,,,,,,,,,,,,,,
31/01/2025,2367508-1,EDUCACION,RESOLUCION MINISTERIAL,N° 049-2025-MINEDU,Aprueban la Norma Técnica Disposiciones para la Ejecución del Acondicionamiento de Locales Educativos para la Mejora de Condiciones de Accesibilidad y para la Atención de Estudiantes con Necesidades Educativas Especiales Asociadas a Discapacidad para el Año 2025,https://busquedas.elperuano.pe/dispositivo/NL/2367508-1,31/01/2025,,,,,,,,,,,,,,,,,,,,,,,,,,,,,,,,,,,,,,
31/01/2025,2366773-1,JUSTICIA Y DERECHOS HUMANOS,RESOLUCION,N° 004-2025-PMSAJ-EJENOPENAL,Delegan determinadas facultades y atribuciones en el Jefe de la Unidad de Administración y Finanzas del Programa Mejoramiento de los servicios de Justicia no Penales a través de la implementación del Expediente Judicial Electrónico (EJE),https://busquedas.elperuano.pe/dispositivo/NL/2366773-1,31/01/2025,,,,,,,,,,,,,,,,,,,,,,,,,,,,,,,,,,,,,,
31/01/2025,2366836-1,PRODUCE,RESOLUCION,N° 000013-2025-ITP/DE,Designan temporalmente a servidores en el cargo de Director del Centro de Innovación Productiva y Transferencia Tecnológica Agroindustrial Majes – CITEagroindustrial Majes,https://busquedas.elperuano.pe/dispositivo/NL/2366836-1,31/01/2025,,,,,,,,,,,,,,,,,,,,,,,,,,,,,,,,,,,,,,
31/01/2025,2366376-1,RELACIONES EXTERIORES,RESOLUCION MINISTERIAL,N° 0055-2025-RE,Autorizan viaje de funcionarias diplomáticas a Costa Rica en comisión de servicios,https://busquedas.elperuano.pe/dispositivo/NL/2366376-1,31/01/2025,,,,,,,,,,,,,,,,,,,,,,,,,,,,,,,,,,,,,,
31/01/2025,2366372-1,RELACIONES EXTERIORES,RESOLUCION MINISTERIAL,N° 0052-2025-RE,Designan Representantes titular y alterno del Ministerio en la Comisión Binacional para la Gestión Integrada de los Recursos Hídricos de las Cuencas Hidrográficas Transfronterizas entre la República del Perú y la República del Ecuador,https://busquedas.elperuano.pe/dispositivo/NL/2366372-1,31/01/2025,,,,,,,,,,,,,,,,,,,,,,,,,,,,,,,,,,,,,,
31/01/2025,2366373-1,RELACIONES EXTERIORES,RESOLUCION MINISTERIAL,N° 0053-2025-RE,Designan Representantes titular y alterno en la Secretaría Técnica Binacional de la Comisión Binacional para la Gestión Integrada de los Recursos Hídricos de las Cuencas Hidrográficas Transfronterizas entre la República del Perú y la República del Ecuador,https://busquedas.elperuano.pe/dispositivo/NL/2366373-1,31/01/2025,,,,,,,,,,,,,,,,,,,,,,,,,,,,,,,,,,,,,,
31/01/2025,2366827-1,SALUD,RESOLUCION MINISTERIAL,N° 059-2025/MINSA,Aprueban Documento Técnico: Plan de prevención y control del dengue para el año 2025,https://busquedas.elperuano.pe/dispositivo/NL/2366827-1,31/01/2025,,,,,,,,,,,,,,,,,,,,,,,,,,,,,,,,,,,,,,
31/01/2025,2366830-1,SALUD,RESOLUCION MINISTERIAL,N° 060-2025/MINSA,Aprueban el Documento Técnico Plan Nacional de Vacunación contra el Virus del Papiloma Humano para el Año Fiscal 2025,https://busquedas.elperuano.pe/dispositivo/NL/2366830-1,31/01/2025,,,,,,,,,,,,,,,,,,,,,,,,,,,,,,,,,,,,,,
31/01/2025,2367220-1,SALUD,RESOLUCION MINISTERIAL,N° 064-2025/MINSA,Aprueban Plan Estratégico Institucional (PEI) 2025 – 2030 del Ministerio de Salud,https://busquedas.elperuano.pe/dispositivo/NL/2367220-1,31/01/2025,,,,,,,,,,,,,,,,,,,,,,,,,,,,,,,,,,,,,,
31/01/2025,2367549-1,SALUD,RESOLUCION VICE MINISTERIAL,N° D000005-2025-DVMPAS-MINSA,Designan Director Adjunto de la Dirección General del Instituto Nacional de Ciencias Neurológicas,https://busquedas.elperuano.pe/dispositivo/NL/2367549-1,31/01/2025,,,,,,,,,,,,,,,,,,,,,,,,,,,,,,,,,,,,,,
31/01/2025,2367539-1,"VIVIENDA, CONSTRUCCIÓN Y SANEAMIENTO",RESOLUCION MINISTERIAL,N° 038-2025-VIVIENDA,Autorizan Transferencia Financiera a favor de la Entidad Prestadora de Servicios de Saneamiento de Lambayeque S.A.,https://busquedas.elperuano.pe/dispositivo/NL/2367539-1,31/01/2025,,,,,,,,,,,,,,,,,,,,,,,,,,,,,,,,,,,,,,
31/01/2025,2367547-1,"VIVIENDA, CONSTRUCCIÓN Y SANEAMIENTO",RESOLUCION MINISTERIAL,N° 039-2025-VIVIENDA,Autorizan transferencias financieras a favor de diversas empresas prestadoras de servicios de agua potable y saneamiento para financiar la distribución gratuita de agua potable mediante camiones cisterna en zonas urbanas que no cuentan con agua potable y se encuentran en condición de pobreza y pobreza extrema,https://busquedas.elperuano.pe/dispositivo/NL/2367547-1,31/01/2025,,,,,,,,,,,,,,,,,,,,,,,,,,,,,,,,,,,,,,
31/01/2025,2367250-1,"VIVIENDA, CONSTRUCCIÓN Y SANEAMIENTO",RESOLUCION MINISTERIAL,N° 032-2025-VIVIENDA,Autorizan Transferencia Financiera a favor de la empresa Servicio de Agua Potable y Alcantarillado de Lima - SEDAPAL,https://busquedas.elperuano.pe/dispositivo/NL/2367250-1,31/01/2025,,,,,,,,,,,,,,,,,,,,,,,,,,,,,,,,,,,,,,
31/01/2025,2367566-1,ARCHIVO GENERAL DE LA NACION,RESOLUCION JEFATURAL,N° 000043-2025-AGN/JEF,Aprueban el Plan Estratégico Institucional PEI 2025-2030 del Archivo General de la Nación,https://busquedas.elperuano.pe/dispositivo/NL/2367566-1,31/01/2025,,,,,,,,,,,,,,,,,,,,,,,,,,,,,,,,,,,,,,
31/01/2025,2367037-1,INSTITUTO NACIONAL DE RADIO Y TELEVISIÓN DEL PERÚ,RESOLUCION,N° 000006-2025-IRTP-PE,Aprueban la Sección Segunda del Reglamento de Organización y Funciones (ROF) del Instituto Nacional de Radio y Televisión del Perú - IRTP,https://busquedas.elperuano.pe/dispositivo/NL/2367037-1,31/01/2025,,,,,,,,,,,,,,,,,,,,,,,,,,,,,,,,,,,,,,
31/01/2025,2367451-1,INTENDENCIA NACIONAL DE BOMBEROS DEL PERU,RESOLUCION,N° 008-2025-INBP,Designan Jefe de la Oficina de Planificación y Presupuesto y Subdirectora de la Subdirección de Gestión de Infraestructura y Equipamiento de la Intendencia Nacional de Bomberos del Perú,https://busquedas.elperuano.pe/dispositivo/NL/2367451-1,31/01/2025,,,,,,,,,,,,,,,,,,,,,,,,,,,,,,,,,,,,,,
31/01/2025,2367041-1,ORGANISMO SUPERVISOR DE LA INVERSIÓN EN ENERGÍA Y MINERÍA,FE DE ERRATA,Res. N° 004-2025-OS/GRT,FE DE ERRATA,https://busquedas.elperuano.pe/dispositivo/NL/2367041-1,31/01/2025,,,,,,,,,,,,,,,,,,,,,,,,,,,,,,,,,,,,,,
31/01/2025,2367167-1,ORGANISMO SUPERVISOR DE LA INVERSIÓN EN ENERGÍA Y MINERÍA,RESOLUCION,N° 008-2025-OS/CD,Resolución de Consejo Directivo que aprueba el Saldo de la Cuenta de Promoción los factores de reajuste tarifario y el valor de la alícuota aplicables a la Tarifa Única de Distribución de la concesión de distribución de gas natural por red de ductos de Lima y Callao,https://busquedas.elperuano.pe/dispositivo/NL/2367167-1,31/01/2025,,,,,,,,,,,,,,,,,,,,,,,,,,,,,,,,,,,,,,
31/01/2025,2367168-1,ORGANISMO SUPERVISOR DE LA INVERSIÓN EN ENERGÍA Y MINERÍA,RESOLUCION,N° 009-2025-OS/CD,Resolución de Consejo Directivo mediante la cual se aprueba el Saldo de la Cuenta de Promoción los Factores de Ajuste Tarifario y el valor de la Alícuota aplicables a la Tarifa de Distribución de gas natural por red de ductos de la concesión de Ica,https://busquedas.elperuano.pe/dispositivo/NL/2367168-1,31/01/2025,,,,,,,,,,,,,,,,,,,,,,,,,,,,,,,,,,,,,,
31/01/2025,2366600-1,ORGANISMO SUPERVISOR DE INVERSION PRIVADA EN TELECOMUNICACIONES,RESOLUCION,N° 00010-2025-PE/OSIPTEL,Delegan funciones y atribuciones en diversos funcionarios de OSIPTEL,https://busquedas.elperuano.pe/dispositivo/NL/2366600-1,31/01/2025,,,,,,,,,,,,,,,,,,,,,,,,,,,,,,,,,,,,,,
31/01/2025,2366603-1,ORGANISMO SUPERVISOR DE INVERSION PRIVADA EN TELECOMUNICACIONES,RESOLUCION,N° 00008-2025-CD/OSIPTEL,Revocan la Resolución N° 00045-2022-CD/OSIPTEL que confirmó la Resolución Nº 376-2021-GG/OSIPTEL y modifican multa,https://busquedas.elperuano.pe/dispositivo/NL/2366603-1,31/01/2025,,,,,,,,,,,,,,,,,,,,,,,,,,,,,,,,,,,,,,
31/01/2025,2366823-1,AUTORIDAD DE TRANSPORTE URBANO PARA LIMA Y CALLAO,RESOLUCION,N° 025-2025-ATU/PE,Autorizan transferencia financiera correspondiente a la duodécima liquidación - 2024 a favor de municipalidades de la provincia de Lima con las cuales se celebraron convenios de cooperación para la fiscalización del servicio público de transporte terrestre de personas,https://busquedas.elperuano.pe/dispositivo/NL/2366823-1,31/01/2025,,,,,,,,,,,,,,,,,,,,,,,,,,,,,,,,,,,,,,
31/01/2025,2367582-1,ORGANISMO DE EVALUACION Y FISCALIZACION AMBIENTAL,RESOLUCION,N° 00013-2025-OEFA/GEG,Delegan facultades en materia administrativa en el/la Jefe/a de la Unidad de Gestión de Recursos Humanos de la Oficina de Administración del Organismo de Evaluación y Fiscalización Ambiental - OEFA durante el Año Fiscal 2025,https://busquedas.elperuano.pe/dispositivo/NL/2367582-1,31/01/2025,,,,,,,,,,,,,,,,,,,,,,,,,,,,,,,,,,,,,,
31/01/2025,2366863-1,SERVICIO NACIONAL DE AREAS NATURALES PROTEGIDAS POR EL ESTADO,RESOLUCION,N° 000004-2025-SERNANP/SHMPI-SGD,Aprueban la implementación de tarifas promocionales para el ingreso al Santuario Histórico de Machupicchu por el periodo comprendido desde 1 de enero hasta el 31 de diciembre del 2026,https://busquedas.elperuano.pe/dispositivo/NL/2366863-1,31/01/2025,,,,,,,,,,,,,,,,,,,,,,,,,,,,,,,,,,,,,,
31/01/2025,2366434-1,SUPERINTENDENCIA NACIONAL DE ADUANAS Y DE ADMINISTRACIÓN TRIBUTARIA,RESOLUCION,N° 000015-2025/SUNAT,Resolución de Superintendencia que aprueba nueva versión del PDT Planilla Electrónica - PLAME Formulario Virtual N° 0601,https://busquedas.elperuano.pe/dispositivo/NL/2366434-1,31/01/2025,,,,,,,,,,,,,,,,,,,,,,,,,,,,,,,,,,,,,,
31/01/2025,2367048-1,SUPERINTENDENCIA NACIONAL DE ADUANAS Y DE ADMINISTRACIÓN TRIBUTARIA,RESOLUCION,N° 000016-2025/SUNAT,Aprueban nueva versión del Programa de Declaración Telemática del Impuesto Selectivo al Consumo - Formulario Virtual N° 615,https://busquedas.elperuano.pe/dispositivo/NL/2367048-1,31/01/2025,,,,,,,,,,,,,,,,,,,,,,,,,,,,,,,,,,,,,,
31/01/2025,2367475-1,SUPERINTENDENCIA NACIONAL DE ADUANAS Y DE ADMINISTRACIÓN TRIBUTARIA,RESOLUCION,N° 000003-2025-SUNAT/700000,Amplían aplicación de la facultad discrecional en la administración de sanciones por infracciones relacionadas a libros y registros vinculados a asuntos tributarios llevados de manera electrónica dispuesta en la Res. N° 000039-2023-SUNAT/700000 y ampliatorias,https://busquedas.elperuano.pe/dispositivo/NL/2367475-1,31/01/2025,,,,,,,,,,,,,,,,,,,,,,,,,,,,,,,,,,,,,,
31/01/2025,2367155-1,SUPERINTENDENCIA NACIONAL DE MIGRACIONES,RESOLUCION,N° 000018-2025-MIGRACIONES,Aprueban el Protocolo Exigencias para el control migratorio de ingreso o salida del país de nacionales y extranjeros con código: M01.DRCM.PTL.001 versión 02,https://busquedas.elperuano.pe/dispositivo/NL/2367155-1,31/01/2025,,,,,,,,,,,,,,,,,,,,,,,,,,,,,,,,,,,,,,
31/01/2025,2367159-1,SUPERINTENDENCIA NACIONAL DE SALUD,RESOLUCION,N° 005-2025-SUSALUD/S,Designan Ejecutor Coactivo de la Superintendencia Nacional de Salud,https://busquedas.elperuano.pe/dispositivo/NL/2367159-1,31/01/2025,,,,,,,,,,,,,,,,,,,,,,,,,,,,,,,,,,,,,,
31/01/2025,2367117-1,CONSEJO EJECUTIVO DEL PODER JUDICIAL,RESOLUCION ADMINISTRATIVA,N° 000028-2025-CE-PJ,Disponen ampliación de la implementación del Expediente Judicial Electrónico (EJE) y la Mesa de Partes Electrónica (MPE) para diversas especialidades en Juzgados de Familia Permanentes de la provincia de Pisco Corte Superior de Justicia de Ica,https://busquedas.elperuano.pe/dispositivo/NL/2367117-1,31/01/2025,,,,,,,,,,,,,,,,,,,,,,,,,,,,,,,,,,,,,,
31/01/2025,2367122-1,CONSEJO EJECUTIVO DEL PODER JUDICIAL,RESOLUCION ADMINISTRATIVA,N° 000030-2025-CE-PJ,Modifican el numeral 5.24 del artículo quinto de la Resolución Administrativa N° 000449-2024-CE-PJ emitida por el Consejo Ejecutivo del Poder Judicial,https://busquedas.elperuano.pe/dispositivo/NL/2367122-1,31/01/2025,,,,,,,,,,,,,,,,,,,,,,,,,,,,,,,,,,,,,,
31/01/2025,2367126-1,CONSEJO EJECUTIVO DEL PODER JUDICIAL,RESOLUCION ADMINISTRATIVA,N° 000031-2025-CE-PJ,Aprueban el Plan de Capacitaciones sobre la Aplicación de la Meritocracia para el Proceso de Valoración de Méritos de Jueces Titulares a Nivel Nacional correspondiente al año 2025,https://busquedas.elperuano.pe/dispositivo/NL/2367126-1,31/01/2025,,,,,,,,,,,,,,,,,,,,,,,,,,,,,,,,,,,,,,
31/01/2025,2367128-1,CONSEJO EJECUTIVO DEL PODER JUDICIAL,RESOLUCION ADMINISTRATIVA,N° 000032-2025-CE-PJ,Disponen la creación de ocho órganos jurisdiccionales en la Corte Superior de Justicia de Lima cuyo monitoreo se encuentra bajo la competencia de la Comisión Nacional de Productividad Judicial,https://busquedas.elperuano.pe/dispositivo/NL/2367128-1,31/01/2025,,,,,,,,,,,,,,,,,,,,,,,,,,,,,,,,,,,,,,
31/01/2025,2367132-1,CONSEJO EJECUTIVO DEL PODER JUDICIAL,RESOLUCION ADMINISTRATIVA,N° 000033-2025-CE-PJ,Aprueban el Plan de Trabajo 2025 de la Comisión de Justicia de Género del Poder Judicial,https://busquedas.elperuano.pe/dispositivo/NL/2367132-1,31/01/2025,,,,,,,,,,,,,,,,,,,,,,,,,,,,,,,,,,,,,,
31/01/2025,2367114-1,CONSEJO EJECUTIVO DEL PODER JUDICIAL,RESOLUCION ADMINISTRATIVA,N° 000027-2025-CE-PJ,Prorrogan funcionamiento de la Segunda Sala de Derecho Constitucional y Social Transitoria de la Corte Suprema de Justicia de la República,https://busquedas.elperuano.pe/dispositivo/NL/2367114-1,31/01/2025,,,,,,,,,,,,,,,,,,,,,,,,,,,,,,,,,,,,,,
31/01/2025,2367081-1,CONSEJO EJECUTIVO DEL PODER JUDICIAL,RESOLUCION ADMINISTRATIVA,N° 000009-2025-P-CE-PJ,Cesan por límite de edad a Jueza Superior titular de la Corte Superior de Justicia de Lima,https://busquedas.elperuano.pe/dispositivo/NL/2367081-1,31/01/2025,,,,,,,,,,,,,,,,,,,,,,,,,,,,,,,,,,,,,,
31/01/2025,2367105-1,CONSEJO EJECUTIVO DEL PODER JUDICIAL,RESOLUCION ADMINISTRATIVA,N° 000024-2025-CE-PJ,Prorrogan el funcionamiento de la Quinta Sala de Derecho Constitucional y Social Transitoria de la Corte Suprema de Justicia de la República y dictan otras disposiciones,https://busquedas.elperuano.pe/dispositivo/NL/2367105-1,31/01/2025,,,,,,,,,,,,,,,,,,,,,,,,,,,,,,,,,,,,,,
31/01/2025,2367110-1,CONSEJO EJECUTIVO DEL PODER JUDICIAL,RESOLUCION ADMINISTRATIVA,N° 000025-2025-CE-PJ,Prorrogan funcionamiento de diversos órganos jurisdiccionales transitorios de descarga procesal,https://busquedas.elperuano.pe/dispositivo/NL/2367110-1,31/01/2025,,,,,,,,,,,,,,,,,,,,,,,,,,,,,,,,,,,,,,
31/01/2025,2367111-1,CONSEJO EJECUTIVO DEL PODER JUDICIAL,RESOLUCION ADMINISTRATIVA,N° 000026-2025-CE-PJ,Prorrogan funcionamiento de órganos jurisdiccionales permanentes en diversas Cortes Superiores de Justicia,https://busquedas.elperuano.pe/dispositivo/NL/2367111-1,31/01/2025,,,,,,,,,,,,,,,,,,,,,,,,,,,,,,,,,,,,,,
31/01/2025,2366020-1,ACADEMIA DE LA MAGISTRATURA,RESOLUCION,N° 000021-2024-D-AMAG/CD,Proclaman a consejero representante del Poder Judicial como Vicepresidente del Consejo Directivo de la Academia de la Magistratura,https://busquedas.elperuano.pe/dispositivo/NL/2366020-1,31/01/2025,,,,,,,,,,,,,,,,,,,,,,,,,,,,,,,,,,,,,,
31/01/2025,2366904-1,DEFENSORIA DEL PUEBLO,RESOLUCION,N° 0001-2025/DP,Aprueban Transferencia Financiera a favor de la Contraloría General de la República,https://busquedas.elperuano.pe/dispositivo/NL/2366904-1,31/01/2025,,,,,,,,,,,,,,,,,,,,,,,,,,,,,,,,,,,,,,
31/01/2025,2247281-1,INSTITUCIONES EDUCATIVAS,RESOLUCION,N° 3564-CU-2023,Otorgan duplicado de diploma de Título Profesional de Licenciado en Pedagogía y Humanidades de la Universidad Nacional del Centro del Perú,https://busquedas.elperuano.pe/dispositivo/NL/2247281-1,31/01/2025,,,,,,,,,,,,,,,,,,,,,,,,,,,,,,,,,,,,,,
31/01/2025,2367113-1,MINISTERIO PUBLICO,RESOLUCION,N° 269-2025-MP-FN,Aceptan renuncia de fiscal adjunta provincial provisional del Distrito Fiscal de Lima Centro,https://busquedas.elperuano.pe/dispositivo/NL/2367113-1,31/01/2025,,,,,,,,,,,,,,,,,,,,,,,,,,,,,,,,,,,,,,
31/01/2025,2367113-2,MINISTERIO PUBLICO,RESOLUCION,N° 270-2025-MP-FN,Nombran fiscal adjunta provincial provisional del Distrito Fiscal de la Selva Central,https://busquedas.elperuano.pe/dispositivo/NL/2367113-2,31/01/2025,,,,,,,,,,,,,,,,,,,,,,,,,,,,,,,,,,,,,,
31/01/2025,2367113-3,MINISTERIO PUBLICO,RESOLUCION,N° 271-2025-MP-FN,Nombran fiscal adjunto provincial provisional del Distrito Fiscal de Lima Este,https://busquedas.elperuano.pe/dispositivo/NL/2367113-3,31/01/2025,,,,,,,,,,,,,,,,,,,,,,,,,,,,,,,,,,,,,,
31/01/2025,2367113-5,MINISTERIO PUBLICO,RESOLUCION,N° 273-2025-MP-FN,Nombran fiscal adjunto provincial provisional del Distrito Fiscal de Lima Centro,https://busquedas.elperuano.pe/dispositivo/NL/2367113-5,31/01/2025,,,,,,,,,,,,,,,,,,,,,,,,,,,,,,,,,,,,,,
31/01/2025,2367113-6,MINISTERIO PUBLICO,RESOLUCION,N° 274-2025-MP-FN,Nombran fiscal provincial provisional del Distrito Fiscal de Lima Centro,https://busquedas.elperuano.pe/dispositivo/NL/2367113-6,31/01/2025,,,,,,,,,,,,,,,,,,,,,,,,,,,,,,,,,,,,,,
31/01/2025,2367075-1,MINISTERIO PUBLICO,RESOLUCION,N° 002-2025-MP-FN-JFS,Aceptan renuncia de fiscal adjunto provincial titular penal (corporativo) de Arequipa del Distrito Fiscal de Arequipa,https://busquedas.elperuano.pe/dispositivo/NL/2367075-1,31/01/2025,,,,,,,,,,,,,,,,,,,,,,,,,,,,,,,,,,,,,,
31/01/2025,2367075-2,MINISTERIO PUBLICO,RESOLUCION,N° 265-2025-MP-FN,Dan por concluida designación de abogado en el Despacho de la Segunda Fiscalía Provincial Penal Corporativa de Arequipa,https://busquedas.elperuano.pe/dispositivo/NL/2367075-2,31/01/2025,,,,,,,,,,,,,,,,,,,,,,,,,,,,,,,,,,,,,,
31/01/2025,2367075-3,MINISTERIO PUBLICO,RESOLUCION,N° 266-2025-MP-FN,Nombran fiscal adjunta provincial provisional del Distrito Fiscal de Madre de Dios,https://busquedas.elperuano.pe/dispositivo/NL/2367075-3,31/01/2025,,,,,,,,,,,,,,,,,,,,,,,,,,,,,,,,,,,,,,
31/01/2025,2367075-4,MINISTERIO PUBLICO,RESOLUCION,N° 267-2025-MP-FN,Nombran fiscal adjunto provincial provisional del Distrito Fiscal de La Libertad,https://busquedas.elperuano.pe/dispositivo/NL/2367075-4,31/01/2025,,,,,,,,,,,,,,,,,,,,,,,,,,,,,,,,,,,,,,
31/01/2025,2367160-1,MINISTERIO PUBLICO,RESOLUCION,N° 275-2025-MP-FN,Designan fiscales en el Distrito Fiscal de Lima Norte,https://busquedas.elperuano.pe/dispositivo/NL/2367160-1,31/01/2025,,,,,,,,,,,,,,,,,,,,,,,,,,,,,,,,,,,,,,
31/01/2025,2367162-1,MINISTERIO PUBLICO,RESOLUCION,N° 276-2025-MP-FN,Designan fiscal provincial titular de familia de Ventanilla Distrito Fiscal de Lima Noroeste,https://busquedas.elperuano.pe/dispositivo/NL/2367162-1,31/01/2025,,,,,,,,,,,,,,,,,,,,,,,,,,,,,,,,,,,,,,
31/01/2025,2367163-1,MINISTERIO PUBLICO,RESOLUCION,N° 277-2025-MP-FN,Designan fiscales en el Distrito Fiscal del Santa,https://busquedas.elperuano.pe/dispositivo/NL/2367163-1,31/01/2025,,,,,,,,,,,,,,,,,,,,,,,,,,,,,,,,,,,,,,
31/01/2025,2367366-1,REGISTRO NACIONAL DE IDENTIFICACION Y ESTADO CIVIL,RESOLUCION JEFATURAL,N° 000014-2025/JNAC/RENIEC,Aprueban el Plan Operativo Institucional 2024 Modificado Versión 4 del RENIEC para el año fiscal 2024,https://busquedas.elperuano.pe/dispositivo/NL/2367366-1,31/01/2025,,,,,,,,,,,,,,,,,,,,,,,,,,,,,,,,,,,,,,
31/01/2025,2367156-1,"SUPERINTENDENCIA DE BANCA, SEGUROS Y ADMINISTRADORAS PRIVADAS DE FONDOS DE PENSIONES",RESOLUCION,SBS N° 00335-2025,Designan Superintendente Adjunto de Riesgos,https://busquedas.elperuano.pe/dispositivo/NL/2367156-1,31/01/2025,,,,,,,,,,,,,,,,,,,,,,,,,,,,,,,,,,,,,,
31/01/2025,2367157-1,"SUPERINTENDENCIA DE BANCA, SEGUROS Y ADMINISTRADORAS PRIVADAS DE FONDOS DE PENSIONES",RESOLUCION,SBS N° 00336-2025,Designan Gerente de Planeamiento y Organización,https://busquedas.elperuano.pe/dispositivo/NL/2367157-1,31/01/2025,,,,,,,,,,,,,,,,,,,,,,,,,,,,,,,,,,,,,,
31/01/2025,2366611-1,JUNTA NACIONAL DE JUSTICIA,RESOLUCION,N° 019-2025-P-JNJ,Delegan facultades en diversos funcionarios de la Junta Nacional de Justicia durante el ejercicio fiscal 2025,https://busquedas.elperuano.pe/dispositivo/NL/2366611-1,31/01/2025,,,,,,,,,,,,,,,,,,,,,,,,,,,,,,,,,,,,,,
31/01/2025,2358744-1,GOBIERNO REGIONAL DE AMAZONAS,ACUERDO,N° 077-2024-GRA/CR-SE.,Aprueban el Presupuesto Institucional de Apertura – PIA correspondiente al Año Fiscal 2025 del Pliego 440: Gobierno Regional de Amazonas,https://busquedas.elperuano.pe/dispositivo/NL/2358744-1,31/01/2025,,,,,,,,,,,,,,,,,,,,,,,,,,,,,,,,,,,,,,
31/01/2025,2365496-1,MUNICIPALIDAD DISTRITAL DE SANTA ROSA DE QUIVES,ORDENANZA,N° 087-2024-MDSRQ,Ordenanza que prorroga para el ejercicio 2025 la vigencia de la Ordenanza Nº 064-2023-MDSRQ Ordenanza que establece el monto de derecho de emisión mecanizada de actualización de valores determinación del tributo y distribución domiciliaria de la declaración jurada y liquidación del impuesto predial y arbitrios municipales para el ejercicio 2024,https://busquedas.elperuano.pe/dispositivo/NL/2365496-1,31/01/2025,,,,,,,,,,,,,,,,,,,,,,,,,,,,,,,,,,,,,,
31/01/2025,2365497-1,MUNICIPALIDAD DISTRITAL DE SANTA ROSA DE QUIVES,ORDENANZA,N° 086-2024-MDSRQ,Ordenanza que aprueba el régimen tributario de los arbitrios municipales de limpieza pública (barrido de calles recolección de residuos sólidos) parques y jardines y serenazgo para el ejercicio fiscal 2025,https://busquedas.elperuano.pe/dispositivo/NL/2365497-1,31/01/2025,,,,,,,,,,,,,,,,,,,,,,,,,,,,,,,,,,,,,,
31/01/2025,2366667-1,MUNICIPALIDAD DE ANCON,ORDENANZA,N° 530-2025/MDA,Ordenanza que aprueba el Reglamento de Organización y Funciones (ROF) de la Municipalidad Distrital de Ancón,https://busquedas.elperuano.pe/dispositivo/NL/2366667-1,31/01/2025,,,,,,,,,,,,,,,,,,,,,,,,,,,,,,,,,,,,,,
31/01/2025,2366793-1,MUNICIPALIDAD DE BARRANCO,Decretos de Alcaldía,N° 002-2025-MDB,Prorrogan los plazos de vigencia de los descuentos dispuestos en la Ordenanza N° 649-2024-MDB que aprobó las fechas de vencimiento del Impuesto Predial el monto mínimo del Impuesto Predial y el Beneficio Tributario de Pronto Pago correspondiente al Ejercicio 2025,https://epdoc2.elperuano.pe/EpPo/VistaDE.asp?Referencias=MjM2Njc5My0xMjAyNTAxMzE=,31/01/2025,,,,,,,,,,,,,,,,,,,,,,,,,,,,,,,,,,,,,,
31/01/2025,2366794-1,MUNICIPALIDAD DE BARRANCO,Decretos de Alcaldía,N° 003-2025-MDB,Prorrogan plazo de presentación de documentos para la inscripción a la celebración de matrimonio civil comunitario en el distrito de Barranco,https://epdoc2.elperuano.pe/EpPo/VistaDE.asp?Referencias=MjM2Njc5NC0xMjAyNTAxMzE=,31/01/2025,,,,,,,,,,,,,,,,,,,,,,,,,,,,,,,,,,,,,,
31/01/2025,2366949-1,MUNICIPALIDAD DE LA MOLINA,Decretos de Alcaldía,N° 001-2025/MDLM,Prorrogan plazo de vencimiento para el pago de la primera cuota de Arbitrios Municipales correspondiente al mes de enero del ejercicio 2025,https://epdoc2.elperuano.pe/EpPo/VistaDE.asp?Referencias=MjM2Njk0OS0xMjAyNTAxMzE=,31/01/2025,,,,,,,,,,,,,,,,,,,,,,,,,,,,,,,,,,,,,,
31/01/2025,2367248-1,MUNICIPALIDAD DE LA VICTORIA,Decretos de Alcaldía,N° 002-2025/MLV,Prorrogan vigencia de la Ordenanza N° 451/MLV Ordenanza que establece Beneficios para el Pago de Multas Administrativas en Estado Ordinario y Coactivo en el distrito de La Victoria,https://epdoc2.elperuano.pe/EpPo/VistaDE.asp?Referencias=MjM2NzI0OC0xMjAyNTAxMzE=,31/01/2025,,,,,,,,,,,,,,,,,,,,,,,,,,,,,,,,,,,,,,
31/01/2025,2367045-1,MUNICIPALIDAD DE LOS OLIVOS,ORDENANZA,N° 605/CDLO,Ordenanza que aprueba la primera campaña de beneficios tributarios en el distrito de Los Olivos,https://busquedas.elperuano.pe/dispositivo/NL/2367045-1,31/01/2025,,,,,,,,,,,,,,,,,,,,,,,,,,,,,,,,,,,,,,
31/01/2025,2365962-1,MUNICIPALIDAD DE LURIGANCHO CHOSICA,ACUERDO,N° 001-2023/MDL,Aprueban el ingreso mensual que percibe el Alcalde de la Municipalidad Distrital de Lurigancho para los Ejercicios Fiscales 2023 2024 2025 y 2026; así como el monto de dietas de regidores,https://busquedas.elperuano.pe/dispositivo/NL/2365962-1,31/01/2025,,,,,,,,,,,,,,,,,,,,,,,,,,,,,,,,,,,,,,
31/01/2025,2365207-1,MUNICIPALIDAD DE PUNTA NEGRA,Ordenanzas,N° 036-2025/MDPN,Ordenanza que establece las fechas de vencimiento de pago del Impuesto Predial y Arbitrios Municipales del ejercicio fiscal 2025 y beneficios tributarios por pronto pago de Arbitrios Municipales correspondientes al ejercicio fiscal 2025 en el distrito de Punta Negra,https://epdoc2.elperuano.pe/EpPo/VistaDE.asp?Referencias=MjM2NTIwNy0xMjAyNTAxMzE=,31/01/2025,,,,,,,,,,,,,,,,,,,,,,,,,,,,,,,,,,,,,,
31/01/2025,2366956-1,MUNICIPALIDAD DE SAN JUAN DE LURIGANCHO,Ordenanzas,N° 496-MDSJL,Aprueban el Reglamento Interno del Concejo Municipal de San Juan de Lurigancho,https://epdoc2.elperuano.pe/EpPo/VistaDE.asp?Referencias=MjM2Njk1Ni0xMjAyNTAxMzE=,31/01/2025,,,,,,,,,,,,,,,,,,,,,,,,,,,,,,,,,,,,,,
31/01/2025,2366406-1,MUNICIPALIDAD DE SANTA ANITA,DECRETO DE ALCALDIA,N° 00001-2025/MDSA,Aprueban el Cronograma y Propuesta Metodológica del Proceso de Presupuesto Participativo Basado en Resultados para el año fiscal 2026 del distrito de Santa Anita,https://busquedas.elperuano.pe/dispositivo/NL/2366406-1,31/01/2025,,,,,,,,,,,,,,,,,,,,,,,,,,,,,,,,,,,,,,
31/01/2025,2367006-1,MUNICIPALIDAD PROVINCIAL DEL CALLAO,DECRETO DE ALCALDIA,N° 02-2025-ALC/MPC,Prorrogan vigencia de la Ordenanza Municipal Nº 026-2024/MPC denominada Ordenanza Municipal que aprueba beneficios extraordinarios en el Cercado del Callao Cumple con tu Callao,https://busquedas.elperuano.pe/dispositivo/NL/2367006-1,31/01/2025,,,,,,,,,,,,,,,,,,,,,,,,,,,,,,,,,,,,,,
31/01/2025,2365853-1,MUNICIPALIDAD PROVINCIAL DE BARRANCA,ORDENANZA,N° 001-2025-AL/CPB,Ordenanza Municipal que aprueba la modificación parcial del Reglamento de Organización y Funciones (ROF) de la Municipalidad Provincial de Barranca,https://busquedas.elperuano.pe/dispositivo/NL/2365853-1,31/01/2025,,,,,,,,,,,,,,,,,,,,,,,,,,,,,,,,,,,,,,
31/01/2025,2360780-1,MUNICIPALIDAD PROVINCIAL DE PISCO,ORDENANZA,N° 021-2024-MPP,Ordenanza que aprueba la desafectación de uso de dominio privado del Estado de la Prolongación de la Calle Pedemonte colindante con los lotes 10 y 11 de la Lotización Social La Esperanza del distrito de Pisco provincia de Pisco departamento de Ica,https://busquedas.elperuano.pe/dispositivo/NL/2360780-1,31/01/2025,,,,,,,,,,,,,,,,,,,,,,,,,,,,,,,,,,,,,,
30/01/2025,2367166-1,PRESIDENCIA DEL CONSEJO DE MINISTROS,ANEXO,D.S. N° 016-2025-PCM,Anexo del Decreto Supremo que prorroga el Estado de Emergencia en algunos distritos y centros poblados de provincias pertenecientes a los departamentos de Ayacucho Huancavelica Junín y Cusco,https://busquedas.elperuano.pe/dispositivo/NL/2367166-1,31/01/2025,,,,,,,,,,,,,,,,,,,,,,,,,,,,,,,,,,,,,,
30/01/2025,2366767-1,PRESIDENCIA DEL CONSEJO DE MINISTROS,DECRETO SUPREMO,N° 016-2025-PCM,Decreto Supremo que prorroga el Estado de Emergencia en algunos distritos y centros poblados de provincias pertenecientes a los departamentos de Ayacucho Huancavelica Junín y Cusco,https://busquedas.elperuano.pe/dispositivo/NL/2366767-1,31/01/2025,,,,,,,,,,,,,,,,,,,,,,,,,,,,,,,,,,,,,,
30/01/2025,2366767-2,PRESIDENCIA DEL CONSEJO DE MINISTROS,DECRETO SUPREMO,N° 017-2025-PCM,Decreto Supremo que modifica el artículo 12 del Decreto Supremo N° 041-2023-PCM Decreto Supremo que declara de interés nacional el proceso de adhesión del Perú a la Organización para la Cooperación y el Desarrollo Económicos (OCDE) y crea la Comisión Multisectorial de naturaleza permanente encargada del seguimiento de las acciones para la adhesión del Perú a la OCDE,https://busquedas.elperuano.pe/dispositivo/NL/2366767-2,31/01/2025,,,,,,,,,,,,,,,,,,,,,,,,,,,,,,,,,,,,,,
30/01/2025,2366767-4,PRESIDENCIA DEL CONSEJO DE MINISTROS,RESOLUCION SUPREMA,N° 013-2025-PCM,Designan a Embajadora en el Servicio Diplomático de la República como Alta Representante del Perú para el proceso de adhesión a la OCDE,https://busquedas.elperuano.pe/dispositivo/NL/2366767-4,31/01/2025,,,,,,,,,,,,,,,,,,,,,,,,,,,,,,,,,,,,,,
30/01/2025,2366616-1,AMBIENTE,RESOLUCION MINISTERIAL,N° 00023-2025-MINAM,Aprueban Fichas Técnicas Ambientales para proyectos de inversión de residuos sólidos y dictan otras disposiciones,https://busquedas.elperuano.pe/dispositivo/NL/2366616-1,31/01/2025,,,,,,,,,,,,,,,,,,,,,,,,,,,,,,,,,,,,,,
30/01/2025,2366671-1,AMBIENTE,RESOLUCION MINISTERIAL,N° 00024-2025-MINAM,Designan Director de la Dirección General de Ordenamiento Territorial y de la Gestión Integrada de los Recursos Naturales del Ministerio,https://busquedas.elperuano.pe/dispositivo/NL/2366671-1,31/01/2025,,,,,,,,,,,,,,,,,,,,,,,,,,,,,,,,,,,,,,
30/01/2025,2366514-1,CULTURA,RESOLUCION MINISTERIAL,N° 000018-2025-MC,Crean el Grupo de Trabajo para la mejora de la Gestión de las Inversiones del Ministerio de Cultura,https://busquedas.elperuano.pe/dispositivo/NL/2366514-1,31/01/2025,,,,,,,,,,,,,,,,,,,,,,,,,,,,,,,,,,,,,,
30/01/2025,2366767-6,CULTURA,RESOLUCION SUPREMA,N° 001-2025-MC,Dan por concluida designación de Jefe Institucional del Archivo General de la Nación,https://busquedas.elperuano.pe/dispositivo/NL/2366767-6,31/01/2025,,,,,,,,,,,,,,,,,,,,,,,,,,,,,,,,,,,,,,
30/01/2025,2366767-7,CULTURA,RESOLUCION SUPREMA,N° 002-2025-MC,Designan Jefa Institucional del Archivo General de la Nación,https://busquedas.elperuano.pe/dispositivo/NL/2366767-7,31/01/2025,,,,,,,,,,,,,,,,,,,,,,,,,,,,,,,,,,,,,,
30/01/2025,2366308-1,DEFENSA,RESOLUCION MINISTERIAL,N° 00097-2025-DE,Autorizan viaje de personal militar FAP a Brasil en misión de estudios,https://busquedas.elperuano.pe/dispositivo/NL/2366308-1,31/01/2025,,,,,,,,,,,,,,,,,,,,,,,,,,,,,,,,,,,,,,
30/01/2025,2366784-1,DEFENSA,RESOLUCION MINISTERIAL,N° 00112-2025-DE,Autorizan viaje de oficiales de la Fuerza Aérea del Perú a la Antártida en comisión de servicios,https://busquedas.elperuano.pe/dispositivo/NL/2366784-1,31/01/2025,,,,,,,,,,,,,,,,,,,,,,,,,,,,,,,,,,,,,,
30/01/2025,2366796-1,DEFENSA,RESOLUCION MINISTERIAL,N° 00111-2025-DE,Autorizan viaje de Oficiales del Ejército del Perú a la Antártida en comisión de servicios,https://busquedas.elperuano.pe/dispositivo/NL/2366796-1,31/01/2025,,,,,,,,,,,,,,,,,,,,,,,,,,,,,,,,,,,,,,
30/01/2025,2366799-1,DEFENSA,RESOLUCION MINISTERIAL,N° 00109-2025-DE,Autorizan viaje de Oficiales de la Marina de Guerra del Perú a la Antártida en comisión de servicios,https://busquedas.elperuano.pe/dispositivo/NL/2366799-1,31/01/2025,,,,,,,,,,,,,,,,,,,,,,,,,,,,,,,,,,,,,,
30/01/2025,2366763-1,DESARROLLO AGRARIO Y RIEGO,RESOLUCION,N° D000027-2025-MIDAGRI-SERFOR-DE,Designan Directora General de la Dirección General de Información y Ordenamiento Forestal y de Fauna Silvestre del Servicio Nacional Forestal y de Fauna Silvestre – SERFOR,https://busquedas.elperuano.pe/dispositivo/NL/2366763-1,31/01/2025,,,,,,,,,,,,,,,,,,,,,,,,,,,,,,,,,,,,,,
30/01/2025,2366727-1,DESARROLLO AGRARIO Y RIEGO,RESOLUCION JEFATURAL,N° 004-2025-MIDAGRI-AGROMERCADO/J,Designan responsables titular y alterna en las funciones de brindar información que demanden los ciudadanos en aplicación del Texto Único Ordenado de la Ley N° 27806,https://busquedas.elperuano.pe/dispositivo/NL/2366727-1,31/01/2025,,,,,,,,,,,,,,,,,,,,,,,,,,,,,,,,,,,,,,
30/01/2025,2366737-1,DESARROLLO AGRARIO Y RIEGO,RESOLUCION JEFATURAL,N° 005-2025-MIDAGRI-AGROMERCADO/J,Designan responsable de la implementación y actualización del Portal de Transparencia Estándar y a su suplente,https://busquedas.elperuano.pe/dispositivo/NL/2366737-1,31/01/2025,,,,,,,,,,,,,,,,,,,,,,,,,,,,,,,,,,,,,,
30/01/2025,2366852-1,DESARROLLO E INCLUSIÓN SOCIAL,RESOLUCION,N° D000078-2025-MIDIS/WM-DE,Delegan facultades al Jefe de la Unidad de Gestión de Contrataciones y Transferencia de Recursos del Programa Wasi Mikuna durante el Año Fiscal 2025,https://busquedas.elperuano.pe/dispositivo/NL/2366852-1,31/01/2025,,,,,,,,,,,,,,,,,,,,,,,,,,,,,,,,,,,,,,
30/01/2025,2367007-1,DESARROLLO E INCLUSIÓN SOCIAL,RESOLUCION MINISTERIAL,N° D000029-2025-MIDIS,Autorizan transferencia financiera a favor del Programa Mundial de Alimentos de las Naciones Unidas destinada a financiar la implementación del mecanismo de tarjetas alimentarias para personas afectadas por tuberculosis del Programa de Alimentación y Nutrición al Paciente con Tuberculosis y Familia – PANTBC,https://busquedas.elperuano.pe/dispositivo/NL/2367007-1,31/01/2025,,,,,,,,,,,,,,,,,,,,,,,,,,,,,,,,,,,,,,
30/01/2025,2366530-1,DESARROLLO E INCLUSIÓN SOCIAL,RESOLUCION MINISTERIAL,N° D000025-2025-MIDIS,Aprueban la Directiva para las Acciones de Fortalecimiento de Capacidades – Versión N° 01,https://busquedas.elperuano.pe/dispositivo/NL/2366530-1,31/01/2025,,,,,,,,,,,,,,,,,,,,,,,,,,,,,,,,,,,,,,
30/01/2025,2366672-1,DESARROLLO E INCLUSIÓN SOCIAL,RESOLUCION MINISTERIAL,N° D000027-2025-MIDIS,Designan miembro del Comité de Transparencia y Vigilancia Ciudadana en representación de la Asamblea Nacional de Gobiernos Regionales (ANGR),https://busquedas.elperuano.pe/dispositivo/NL/2366672-1,31/01/2025,,,,,,,,,,,,,,,,,,,,,,,,,,,,,,,,,,,,,,
30/01/2025,2366670-1,DESARROLLO E INCLUSIÓN SOCIAL,RESOLUCION MINISTERIAL,N° D000026-2025-MIDIS,Aprueban el Texto Integrado actualizado del Reglamento de Organización y Funciones del Ministerio de Desarrollo e Inclusión Social,https://busquedas.elperuano.pe/dispositivo/NL/2366670-1,31/01/2025,,,,,,,,,,,,,,,,,,,,,,,,,,,,,,,,,,,,,,
30/01/2025,2367164-1,EDUCACION,ANEXO,D.S. N° 001-2025-MINEDU,Criterios de priorización para la atención del pago de sentencias judiciales en calidad de cosa juzgada y en ejecución del sector Educación,https://busquedas.elperuano.pe/dispositivo/NL/2367164-1,31/01/2025,,,,,,,,,,,,,,,,,,,,,,,,,,,,,,,,,,,,,,
30/01/2025,2366767-3,EDUCACION,DECRETO SUPREMO,N° 001-2025-MINEDU,Decreto Supremo que aprueba los criterios de priorización para la atención del pago de sentencias judiciales en calidad de cosa juzgada y en ejecución del sector Educación,https://busquedas.elperuano.pe/dispositivo/NL/2366767-3,31/01/2025,,,,,,,,,,,,,,,,,,,,,,,,,,,,,,,,,,,,,,
30/01/2025,2366592-1,EDUCACION,RESOLUCION DIRECTORAL,N° 000033-2025-MINEDU-VMGI-PRONIED-DE,Designan Director de Sistema Administrativo III de la Unidad Gerencial de Supervisión de Convenios del Programa Nacional de Infraestructura Educativa,https://busquedas.elperuano.pe/dispositivo/NL/2366592-1,31/01/2025,,,,,,,,,,,,,,,,,,,,,,,,,,,,,,,,,,,,,,
30/01/2025,2366553-1,EDUCACION,RESOLUCION MINISTERIAL,N° 036-2025-MINEDU,Modificación del documento normativo denominado Disposiciones para el proceso de adecuación a las Condiciones Básicas de Instituciones Educativas de Gestión Privada de Educación Básica aprobado por la Resolución Ministerial Nº 109-2022-MINEDU,https://epdoc2.elperuano.pe/EpPo/VistaNLSE.asp?Referencias=MjM2NjU1My0xMjAyNTAxMzA=,31/01/2025,,,,,,,,,,,,,,,,,,,,,,,,,,,,,,,,,,,,,,
30/01/2025,2361450-1,ENERGIA Y MINAS,RESOLUCION MINISTERIAL,N° 006-2025-MINEM/DM,Otorgan autorización por plazo indefinido a favor de la empresa OPP FILM S.A. para desarrollar la actividad de generación de energía eléctrica en instalaciones de central térmica ubicada en el distrito de Lurín provincia y departamento de Lima,https://busquedas.elperuano.pe/dispositivo/NL/2361450-1,31/01/2025,,,,,,,,,,,,,,,,,,,,,,,,,,,,,,,,,,,,,,
30/01/2025,2364090-1,ENERGIA Y MINAS,RESOLUCION MINISTERIAL,N° 020-2025-MINEM/DM,Otorgan autorización a favor de la empresa PETROTAL PERU S.R.L. para desarrollar la actividad de generación de energía eléctrica en las instalaciones de la Central Térmica Bretaña ubicada en el departamento de Loreto,https://busquedas.elperuano.pe/dispositivo/NL/2364090-1,31/01/2025,,,,,,,,,,,,,,,,,,,,,,,,,,,,,,,,,,,,,,
30/01/2025,2366520-1,INTERIOR,RESOLUCION DIRECTORAL,N° 053-2025-IN-VOI-DGIN,Designan Subprefectos(as) Distritales en diversas regiones,https://busquedas.elperuano.pe/dispositivo/NL/2366520-1,31/01/2025,,,,,,,,,,,,,,,,,,,,,,,,,,,,,,,,,,,,,,
30/01/2025,2366767-5,JUSTICIA Y DERECHOS HUMANOS,RESOLUCION SUPREMA,N° 006-2025-JUS,Acceden a solicitud de extradición activa de ciudadano peruano para ser extraditado del Reino de España y ser procesado en la República del Perú,https://busquedas.elperuano.pe/dispositivo/NL/2366767-5,31/01/2025,,,,,,,,,,,,,,,,,,,,,,,,,,,,,,,,,,,,,,
30/01/2025,2366547-1,SALUD,RESOLUCION MINISTERIAL,N° 058-2025/MINSA,Aprueban el Documento Técnico para la Participación de los Consejos Regionales de Salud Consejos Provinciales de Salud y Comités Distritales de Salud en los procesos de Planificación del Desarrollo Concertado Territorial y Gestión Local de Determinantes Sociales de Salud,https://busquedas.elperuano.pe/dispositivo/NL/2366547-1,31/01/2025,,,,,,,,,,,,,,,,,,,,,,,,,,,,,,,,,,,,,,
30/01/2025,2366374-1,SALUD,RESOLUCION MINISTERIAL,N° 049-2025/MINSA,Modifican el Documento Técnico: Manual de Buenas Prácticas de Farmacovigilancia aprobado por la R.M. N° 1053-2020/MINSA,https://busquedas.elperuano.pe/dispositivo/NL/2366374-1,31/01/2025,,,,,,,,,,,,,,,,,,,,,,,,,,,,,,,,,,,,,,
30/01/2025,2366571-1,TRANSPORTES Y COMUNICACIONES,RESOLUCION MINISTERIAL,N° 036-2025-MTC/01,Designan Director de la Oficina de Presupuesto de la Oficina General de Planeamiento y Presupuesto del Ministerio,https://busquedas.elperuano.pe/dispositivo/NL/2366571-1,31/01/2025,,,,,,,,,,,,,,,,,,,,,,,,,,,,,,,,,,,,,,
30/01/2025,2366377-1,SEGURO INTEGRAL DE SALUD,RESOLUCION JEFATURAL,N° 000009-2025-SIS/J,Aprueban Transferencia Financiera a favor de diversas unidades ejecutoras para el financiamiento de prestaciones de salud y administrativas,https://busquedas.elperuano.pe/dispositivo/NL/2366377-1,31/01/2025,,,,,,,,,,,,,,,,,,,,,,,,,,,,,,,,,,,,,,
30/01/2025,2366604-1,ORGANISMO SUPERVISOR DE LA INVERSIÓN EN ENERGÍA Y MINERÍA,RESOLUCION,N° 002-2025-OS/GRT,Resolución que aprueba el programa de transferencias mensuales de los recursos del FISE habilitados para el Mecanismo de Compensación de la Tarifa Eléctrica Residencial a las distribuidoras eléctricas para el periodo del 04 de febrero al 30 de abril de 2025 de acuerdo a lo dispuesto en la Ley N° 30468,https://busquedas.elperuano.pe/dispositivo/NL/2366604-1,31/01/2025,,,,,,,,,,,,,,,,,,,,,,,,,,,,,,,,,,,,,,
30/01/2025,2366640-1,ORGANISMO SUPERVISOR DE LA INVERSIÓN EN ENERGÍA Y MINERÍA,RESOLUCION,N° 003-2025-OS/GRT,Resolución mediante la cual se fija la Banda de Precios y los Márgenes Comerciales aplicables al Diésel B5 destinado al uso vehicular,https://busquedas.elperuano.pe/dispositivo/NL/2366640-1,31/01/2025,,,,,,,,,,,,,,,,,,,,,,,,,,,,,,,,,,,,,,
30/01/2025,2366645-1,ORGANISMO SUPERVISOR DE LA INVERSIÓN EN ENERGÍA Y MINERÍA,RESOLUCION,N° 004-2025-OS/GRT,Aprueban el Factor de Recargo del Fondo de Compensación Social Eléctrica aplicable en la facturación del periodo del 04 de febrero al 30 de abril de 2025 y dictan otras disposiciones,https://busquedas.elperuano.pe/dispositivo/NL/2366645-1,31/01/2025,,,,,,,,,,,,,,,,,,,,,,,,,,,,,,,,,,,,,,
30/01/2025,2366161-1,INSTITUTO GEOLÓGICO MINERO Y METALÚRGICO,RESOLUCION,N° 000016-2025-INGEMMET/PE,Asignan montos que por Derecho de Vigencia y Penalidad correspondan al mes de diciembre de 2024,https://busquedas.elperuano.pe/dispositivo/NL/2366161-1,31/01/2025,,,,,,,,,,,,,,,,,,,,,,,,,,,,,,,,,,,,,,
30/01/2025,2367082-1,ORGANISMO DE EVALUACION Y FISCALIZACION AMBIENTAL,RESOLUCION,N° 00010-2025-OEFA/PCD,Designan Ejecutivo/a de la Dirección de Supervisión Ambiental en Actividades Productivas del Organismo de Evaluación y Fiscalización Ambiental - OEFA,https://busquedas.elperuano.pe/dispositivo/NL/2367082-1,31/01/2025,,,,,,,,,,,,,,,,,,,,,,,,,,,,,,,,,,,,,,
30/01/2025,2366708-1,SERVICIO NACIONAL DE AREAS NATURALES PROTEGIDAS POR EL ESTADO,RESOLUCION DIRECTORAL,N° 000022-2025-SERNANP/DGANP-SGD,Modifican la R.D. N° 112-2023-SERNANP-DGANP en lo referido a la aplicación de tarifas por ingreso al Santuario Histórico de Machupicchu con fines turísticos,https://busquedas.elperuano.pe/dispositivo/NL/2366708-1,31/01/2025,,,,,,,,,,,,,,,,,,,,,,,,,,,,,,,,,,,,,,
30/01/2025,2366606-1,SUPERINTENDENCIA DEL MERCADO DE VALORES,RESOLUCION,N° 002-2025-SMV/01,Modifican Norma sobre Contribuciones por los Servicios de Supervisión que presta la SMV y derogan la Resolución CONASEV N° 096-2007-EF/94.01.1.,https://busquedas.elperuano.pe/dispositivo/NL/2366606-1,31/01/2025,,,,,,,,,,,,,,,,,,,,,,,,,,,,,,,,,,,,,,
30/01/2025,2366637-1,SUPERINTENDENCIA NACIONAL DE FISCALIZACIÓN LABORAL,RESOLUCION,N° 018-2025-SUNAFIL-GG,Delegan facultad en el/la Jefe/a de la Oficina de Planeamiento y Presupuesto de la Superintendencia Nacional de Fiscalización Laboral – SUNAFIL durante el Año Fiscal 2025,https://busquedas.elperuano.pe/dispositivo/NL/2366637-1,31/01/2025,,,,,,,,,,,,,,,,,,,,,,,,,,,,,,,,,,,,,,
30/01/2025,2366518-1,CONTRALORIA GENERAL DE LA REPUBLICA,RESOLUCION,N° 064-2025-CG,Disponen la separación definitiva de Jefe del Órgano de Control Institucional de la Municipalidad Provincial de Mariscal Ramón Castilla,https://busquedas.elperuano.pe/dispositivo/NL/2366518-1,31/01/2025,,,,,,,,,,,,,,,,,,,,,,,,,,,,,,,,,,,,,,
30/01/2025,2367070-1,MINISTERIO PUBLICO,RESOLUCION,N° 80-2024-MP-FN-JFS,Aceptan renuncia de fiscal adjunto provincial especializado en delitos de lavado de activos y pérdida de dominio (supraprovincial corporativo) de Lima del Distrito Fiscal de Lima,https://busquedas.elperuano.pe/dispositivo/NL/2367070-1,31/01/2025,,,,,,,,,,,,,,,,,,,,,,,,,,,,,,,,,,,,,,
30/01/2025,2366655-1,MINISTERIO PUBLICO,RESOLUCION,N° 240-2025-MP-FN,Aceptan renuncia de fiscal adjunta provincial provisional del Distrito Fiscal de Lima Centro,https://busquedas.elperuano.pe/dispositivo/NL/2366655-1,31/01/2025,,,,,,,,,,,,,,,,,,,,,,,,,,,,,,,,,,,,,,
30/01/2025,2366655-2,MINISTERIO PUBLICO,RESOLUCION,N° 241-2025-MP-FN,Designan y nombran fiscales en el Distrito Fiscal de Lima Centro y en el Distrito Fiscal de Lima Sur y dictan otras disposiciones,https://busquedas.elperuano.pe/dispositivo/NL/2366655-2,31/01/2025,,,,,,,,,,,,,,,,,,,,,,,,,,,,,,,,,,,,,,
30/01/2025,2366715-1,MINISTERIO PUBLICO,RESOLUCION,N° 164-2025-MP-FN,Dan por concluidas designaciones nombran fiscales adjuntos provinciales provisionales del Distrito Fiscal de Lima Centro y dictan diversas disposiciones,https://busquedas.elperuano.pe/dispositivo/NL/2366715-1,31/01/2025,,,,,,,,,,,,,,,,,,,,,,,,,,,,,,,,,,,,,,
30/01/2025,2366715-10,MINISTERIO PUBLICO,RESOLUCION,N° 251-2025-MP-FN,Aceptan renuncia de fiscal adjunta provincial provisional del Distrito Fiscal de Piura,https://busquedas.elperuano.pe/dispositivo/NL/2366715-10,31/01/2025,,,,,,,,,,,,,,,,,,,,,,,,,,,,,,,,,,,,,,
30/01/2025,2366715-11,MINISTERIO PUBLICO,RESOLUCION,N° 252-2025-MP-FN,Aceptan renuncia de fiscal adjunta provincial provisional del Distrito Fiscal de Ayacucho,https://busquedas.elperuano.pe/dispositivo/NL/2366715-11,31/01/2025,,,,,,,,,,,,,,,,,,,,,,,,,,,,,,,,,,,,,,
30/01/2025,2366715-12,MINISTERIO PUBLICO,RESOLUCION,N° 253-2025-MP-FN,Aceptan renuncia de fiscal adjunta provincial provisional transitoria del Distrito Fiscal de Lima Centro,https://busquedas.elperuano.pe/dispositivo/NL/2366715-12,31/01/2025,,,,,,,,,,,,,,,,,,,,,,,,,,,,,,,,,,,,,,
30/01/2025,2366715-13,MINISTERIO PUBLICO,RESOLUCION,N° 254-2025-MP-FN,Aceptan renuncia de fiscal adjunta provincial provisional del Distrito Fiscal de Lima Centro,https://busquedas.elperuano.pe/dispositivo/NL/2366715-13,31/01/2025,,,,,,,,,,,,,,,,,,,,,,,,,,,,,,,,,,,,,,
30/01/2025,2366715-14,MINISTERIO PUBLICO,RESOLUCION,N° 255-2025-MP-FN,Aceptan renuncia de fiscal adjunta provincial provisional del Distrito Fiscal de La Libertad,https://busquedas.elperuano.pe/dispositivo/NL/2366715-14,31/01/2025,,,,,,,,,,,,,,,,,,,,,,,,,,,,,,,,,,,,,,
30/01/2025,2366715-15,MINISTERIO PUBLICO,RESOLUCION,N° 256-2025-MP-FN,Aceptan renuncia de fiscal adjunta provincial provisional del Distrito Fiscal de Lima Centro,https://busquedas.elperuano.pe/dispositivo/NL/2366715-15,31/01/2025,,,,,,,,,,,,,,,,,,,,,,,,,,,,,,,,,,,,,,
30/01/2025,2366715-16,MINISTERIO PUBLICO,RESOLUCION,N° 257-2025-MP-FN,Nombran fiscal adjunto provincial provisional del Distrito Fiscal de Lima Este,https://busquedas.elperuano.pe/dispositivo/NL/2366715-16,31/01/2025,,,,,,,,,,,,,,,,,,,,,,,,,,,,,,,,,,,,,,
30/01/2025,2366715-17,MINISTERIO PUBLICO,RESOLUCION,N° 258-2025-MP-FN,Nombran fiscal adjunta provincial provisional del Distrito Fiscal de Lima Norte,https://busquedas.elperuano.pe/dispositivo/NL/2366715-17,31/01/2025,,,,,,,,,,,,,,,,,,,,,,,,,,,,,,,,,,,,,,
30/01/2025,2366715-2,MINISTERIO PUBLICO,RESOLUCION,N° 243-2025-MP-FN,Cesan por límite de edad a fiscal provincial titular mixta de Urubamba Distrito Fiscal de Cusco,https://busquedas.elperuano.pe/dispositivo/NL/2366715-2,31/01/2025,,,,,,,,,,,,,,,,,,,,,,,,,,,,,,,,,,,,,,
30/01/2025,2366715-3,MINISTERIO PUBLICO,RESOLUCION,N° 244-2025-MP-FN,Aceptan renuncia de fiscal provincial provisional del Distrito Fiscal de Lima Centro,https://busquedas.elperuano.pe/dispositivo/NL/2366715-3,31/01/2025,,,,,,,,,,,,,,,,,,,,,,,,,,,,,,,,,,,,,,
30/01/2025,2366715-4,MINISTERIO PUBLICO,RESOLUCION,N° 245-2025-MP-FN,Nombran fiscal provincial provisional del Distrito Fiscal de Cañete,https://busquedas.elperuano.pe/dispositivo/NL/2366715-4,31/01/2025,,,,,,,,,,,,,,,,,,,,,,,,,,,,,,,,,,,,,,
30/01/2025,2366715-5,MINISTERIO PUBLICO,RESOLUCION,N° 246-2025-MP-FN,Dan por concluida designación y nombran fiscal provincial provisional del Distrito Fiscal de Piura,https://busquedas.elperuano.pe/dispositivo/NL/2366715-5,31/01/2025,,,,,,,,,,,,,,,,,,,,,,,,,,,,,,,,,,,,,,
30/01/2025,2366715-6,MINISTERIO PUBLICO,RESOLUCION,N° 247-2025-MP-FN,Aceptan renuncia de fiscal adjunta provincial provisional del Distrito Fiscal del Santa,https://busquedas.elperuano.pe/dispositivo/NL/2366715-6,31/01/2025,,,,,,,,,,,,,,,,,,,,,,,,,,,,,,,,,,,,,,
30/01/2025,2366715-7,MINISTERIO PUBLICO,RESOLUCION,N° 248-2025-MP-FN,Aceptan renuncia de fiscal adjunto provincial provisional del Distrito Fiscal de Cajamarca,https://busquedas.elperuano.pe/dispositivo/NL/2366715-7,31/01/2025,,,,,,,,,,,,,,,,,,,,,,,,,,,,,,,,,,,,,,
30/01/2025,2366715-8,MINISTERIO PUBLICO,RESOLUCION,N° 249-2025-MP-FN,Aceptan renuncia de fiscal adjunta provincial provisional del Distrito Fiscal de Cajamarca,https://busquedas.elperuano.pe/dispositivo/NL/2366715-8,31/01/2025,,,,,,,,,,,,,,,,,,,,,,,,,,,,,,,,,,,,,,
30/01/2025,2366715-9,MINISTERIO PUBLICO,RESOLUCION,N° 250-2025-MP-FN,Aceptan renuncia de fiscal adjunta provincial provisional del Distrito Fiscal de Lima Noroeste,https://busquedas.elperuano.pe/dispositivo/NL/2366715-9,31/01/2025,,,,,,,,,,,,,,,,,,,,,,,,,,,,,,,,,,,,,,
30/01/2025,2366707-1,REGISTRO NACIONAL DE IDENTIFICACION Y ESTADO CIVIL,RESOLUCION JEFATURAL,N° 000012-2025/JNAC/RENIEC,Aprueban el Reglamento RE-003-DRI/001 Depuración de Inscripciones en el Registro Único de Identificación de las Personas Naturales primera versión,https://busquedas.elperuano.pe/dispositivo/NL/2366707-1,31/01/2025,,,,,,,,,,,,,,,,,,,,,,,,,,,,,,,,,,,,,,
30/01/2025,2359706-1,GOBIERNO REGIONAL DE MADRE DE DIOS,ORDENANZA,N° 027-2024-RMDD/CR,Aprueban la modificación de la Estructura Orgánica y del Reglamento de Organización y Funciones del Gobierno Regional Madre de Dios (ROF - 2024),https://busquedas.elperuano.pe/dispositivo/NL/2359706-1,31/01/2025,,,,,,,,,,,,,,,,,,,,,,,,,,,,,,,,,,,,,,
30/01/2025,2366416-1,MUNICIPALIDAD DE CHACLACAYO,DECRETO DE ALCALDIA,N° 001-2025-ALC/MDCH,Prorrogan vigencia de la Ordenanza N° 514-2024-MDCH que establece Incentivos y Flexibilidades para la Regularización de las Obligaciones Tributarias y No Tributarias en la Municipalidad Distrital de Chaclacayo,https://busquedas.elperuano.pe/dispositivo/NL/2366416-1,31/01/2025,,,,,,,,,,,,,,,,,,,,,,,,,,,,,,,,,,,,,,
30/01/2025,2366418-1,MUNICIPALIDAD DE CHACLACAYO,DECRETO DE ALCALDIA,N° 002-2025-ALC/MDCH,Prorrogan plazo de vencimiento para acogerse al incentivo para el pronto pago de tasas de arbitrios municipales del Ejercicio Fiscal 2025 establecidos en la Ordenanza N° 515-2024-MDCH,https://busquedas.elperuano.pe/dispositivo/NL/2366418-1,31/01/2025,,,,,,,,,,,,,,,,,,,,,,,,,,,,,,,,,,,,,,
30/01/2025,2366617-1,MUNICIPALIDAD DE LA VICTORIA,Decretos de Alcaldía,N° 001-2025/MLV,Prorrogan vigencia de la Ordenanza N° 453/MLV que establece las fechas de vencimiento para el Pago del Impuesto Predial y Arbitrios Municipales e Incentivos por pronto pago para el Ejercicio 2025,https://epdoc2.elperuano.pe/EpPo/VistaDE.asp?Referencias=MjM2NjYxNy0xMjAyNTAxMzA=,31/01/2025,,,,,,,,,,,,,,,,,,,,,,,,,,,,,,,,,,,,,,
30/01/2025,2365930-1,MUNICIPALIDAD DE LINCE,Res. Alcaldía,N° 006-2025-MDL,Encargan funciones de Ejecutora Coactiva de la Municipalidad Distrital de Lince,https://epdoc2.elperuano.pe/EpPo/VistaDE.asp?Referencias=MjM2NTkzMC0xMjAyNTAxMzA=,31/01/2025,,,,,,,,,,,,,,,,,,,,,,,,,,,,,,,,,,,,,,
30/01/2025,2365372-1,MUNICIPALIDAD DE SAN MIGUEL,Ordenanzas,N° 510/MDSM,Ordenanza que dispone la celebración del primer matrimonio civil comunitario del año 2025 en el distrito de San Miguel,https://epdoc2.elperuano.pe/EpPo/VistaDE.asp?Referencias=MjM2NTM3Mi0xMjAyNTAxMzA=,31/01/2025,,,,,,,,,,,,,,,,,,,,,,,,,,,,,,,,,,,,,,
30/01/2025,2365377-1,MUNICIPALIDAD DE SAN MIGUEL,Ordenanzas,N° 511/MDSM,Ordenanza que otorga incentivos tributarios a los contribuyentes que coadyuven con la prestación del servicio de seguridad ciudadana del distrito Vigilando el Distrito,https://epdoc2.elperuano.pe/EpPo/VistaDE.asp?Referencias=MjM2NTM3Ny0xMjAyNTAxMzA=,31/01/2025,,,,,,,,,,,,,,,,,,,,,,,,,,,,,,,,,,,,,,
30/01/2025,2365387-1,MUNICIPALIDAD DE SAN MIGUEL,Ordenanzas,N° 512/MDSM,Ordenanza que otorga incentivos tributarios a los contribuyentes del Asentamiento Humano Pando IX Etapa del distrito de San Miguel,https://epdoc2.elperuano.pe/EpPo/VistaDE.asp?Referencias=MjM2NTM4Ny0xMjAyNTAxMzA=,31/01/2025,,,,,,,,,,,,,,,,,,,,,,,,,,,,,,,,,,,,,,
30/01/2025,2363976-1,MUNICIPALIDAD PROVINCIAL DE HUANCAYO,RESOLUCION DE ALCALDIA,N° 007-2025-MPH/A,Conforman el Comité de Promoción de la Inversión Privada – CPIP de la Municipalidad Provincial de Huancayo,https://busquedas.elperuano.pe/dispositivo/NL/2363976-1,31/01/2025,,,,,,,,,,,,,,,,,,,,,,,,,,,,,,,,,,,,,,
29/01/2025,2366354-1,PRESIDENCIA DEL CONSEJO DE MINISTROS,RESOLUCION DIRECTORAL,N° 000012-2025-PEL/PEL,Aprueban modificación del Manual de Clasificador de Cargos del Proyecto Especial Legado,https://busquedas.elperuano.pe/dispositivo/NL/2366354-1,31/01/2025,,,,,,,,,,,,,,,,,,,,,,,,,,,,,,,,,,,,,,
29/01/2025,2365629-1,COMERCIO EXTERIOR Y TURISMO,RESOLUCION JEFATURAL,N° 192-2024-CENFOTUR/J,Aprueban el Plan de Estrategia Publicitaria 2025 del Centro de Formación en Turismo - CENFOTUR,https://busquedas.elperuano.pe/dispositivo/NL/2365629-1,31/01/2025,,,,,,,,,,,,,,,,,,,,,,,,,,,,,,,,,,,,,,
29/01/2025,2365520-1,CULTURA,RESOLUCION DIRECTORAL,N° 000039-2025-DGPA-VMPCIC/MC,Determinan la Protección Provisional del sitio arqueológico Pirca Pirca ubicado en el distrito de Uchumarca provincia de Bolívar departamento de La Libertad,https://busquedas.elperuano.pe/dispositivo/NL/2365520-1,31/01/2025,,,,,,,,,,,,,,,,,,,,,,,,,,,,,,,,,,,,,,
29/01/2025,2365525-1,CULTURA,RESOLUCION DIRECTORAL,N° 000040-2025-DGPA-VMPCIC/MC,Determinan la Protección Provisional del Sitio Arqueológico Caruya Sector A y B ubicado en el distrito de Alto Larán provincia de Chincha departamento de Ica,https://busquedas.elperuano.pe/dispositivo/NL/2365525-1,31/01/2025,,,,,,,,,,,,,,,,,,,,,,,,,,,,,,,,,,,,,,
29/01/2025,2366646-1,CULTURA,RESOLUCION MINISTERIAL,N° 000021-2025-MC,Designan Directora de Programa Sectorial IV de la Dirección General de Industrias Culturales y Artes del Ministerio,https://busquedas.elperuano.pe/dispositivo/NL/2366646-1,31/01/2025,,,,,,,,,,,,,,,,,,,,,,,,,,,,,,,,,,,,,,
29/01/2025,2365941-1,CULTURA,RESOLUCION VICE MINISTERIAL,N° 000032-2025-VMPCIC/MC,Delegan facultades en el/la Director/a de la Dirección Desconcentrada de Cultura de Cusco para el Ejercicio Fiscal 2025,https://busquedas.elperuano.pe/dispositivo/NL/2365941-1,31/01/2025,,,,,,,,,,,,,,,,,,,,,,,,,,,,,,,,,,,,,,
29/01/2025,2366301-1,DEFENSA,RESOLUCION MINISTERIAL,N° 00095-2025-DE,Autorizan viaje de oficial de la Fuerza Aérea del Perú a la República Argentina en misión de estudios,https://busquedas.elperuano.pe/dispositivo/NL/2366301-1,31/01/2025,,,,,,,,,,,,,,,,,,,,,,,,,,,,,,,,,,,,,,
29/01/2025,2365735-1,DESARROLLO AGRARIO Y RIEGO,RESOLUCION DIRECTORAL,N° D000003-2025-MIDAGRI-SENASA-DSV,Establecen requisitos fitosanitarios de necesario cumplimiento en la importación de especímenes vivos del ácaro predador Galendromus occidentalis (Nesbitt) de origen y procedencia del Estado de Israel,https://busquedas.elperuano.pe/dispositivo/NL/2365735-1,31/01/2025,,,,,,,,,,,,,,,,,,,,,,,,,,,,,,,,,,,,,,
29/01/2025,2366102-1,DESARROLLO AGRARIO Y RIEGO,RESOLUCION MINISTERIAL,N° 0016-2025-MIDAGRI,Aprueban el Manual para la Gestión del Financiamiento de Inversiones de los Gobiernos Subnacionales Versión 01 con código MA N° 005-2025-MIDAGRI/OGGP,https://busquedas.elperuano.pe/dispositivo/NL/2366102-1,31/01/2025,,,,,,,,,,,,,,,,,,,,,,,,,,,,,,,,,,,,,,
29/01/2025,2366076-1,ECONOMIA Y FINANZAS,RESOLUCION MINISTERIAL,N° 021-2025-EF/15,Aprueban la Tabla de Valores Referenciales para efectos de determinar la base imponible del Impuesto a las Embarcaciones de Recreo correspondiente al año 2025,https://busquedas.elperuano.pe/dispositivo/NL/2366076-1,31/01/2025,,,,,,,,,,,,,,,,,,,,,,,,,,,,,,,,,,,,,,
29/01/2025,2365956-1,EDUCACION,RESOLUCION DIRECTORAL,N° 000029- 2025-MINEDU-VMGI-PRONIED-DE,Designan Director de Sistema Administrativo III de la Oficina General de Administración del Programa Nacional de Infraestructura Educativa,https://busquedas.elperuano.pe/dispositivo/NL/2365956-1,31/01/2025,,,,,,,,,,,,,,,,,,,,,,,,,,,,,,,,,,,,,,
29/01/2025,2366071-1,ENERGIA Y MINAS,RESOLUCION MINISTERIAL,N° 026-2025-MINEM/DM,Formalizan transferencia a título gratuito de bienes de cuatro proyectos a favor de Electro Puno S.A.A.,https://busquedas.elperuano.pe/dispositivo/NL/2366071-1,31/01/2025,,,,,,,,,,,,,,,,,,,,,,,,,,,,,,,,,,,,,,
29/01/2025,2366072-1,ENERGIA Y MINAS,RESOLUCION MINISTERIAL,N° 028-2025-MINEM/DM,Encargan a Proinversión los procesos de promoción de la inversión privada de diversos Proyectos Vinculantes del Plan de Transmisión 2025-2034,https://busquedas.elperuano.pe/dispositivo/NL/2366072-1,31/01/2025,,,,,,,,,,,,,,,,,,,,,,,,,,,,,,,,,,,,,,
29/01/2025,2366074-1,ENERGIA Y MINAS,RESOLUCION MINISTERIAL,N° 029-2025-MINEM/DM,Disponen la publicación del proyecto de Resolución Ministerial que aprueba los Lineamientos de gestión ambiental de proyectos calificados como Sistemas Eléctricos Rurales (SER) y su Anexo,https://busquedas.elperuano.pe/dispositivo/NL/2366074-1,31/01/2025,,,,,,,,,,,,,,,,,,,,,,,,,,,,,,,,,,,,,,
29/01/2025,2366216-1,INTERIOR,RESOLUCION MINISTERIAL,N° 0093-2025-IN,Autorizan viaje de personal policial a Uruguay en misión de estudios,https://busquedas.elperuano.pe/dispositivo/NL/2366216-1,31/01/2025,,,,,,,,,,,,,,,,,,,,,,,,,,,,,,,,,,,,,,
29/01/2025,2366303-1,JUSTICIA Y DERECHOS HUMANOS,RESOLUCION,N° 20-2025-JUS/PRONACEJ,Designan asesora de la Dirección Ejecutiva del Programa Nacional de Centros Juveniles,https://busquedas.elperuano.pe/dispositivo/NL/2366303-1,31/01/2025,,,,,,,,,,,,,,,,,,,,,,,,,,,,,,,,,,,,,,
29/01/2025,2366363-1,JUSTICIA Y DERECHOS HUMANOS,RESOLUCION MINISTERIAL,N° 0028-2025-JUS,Autorizan viaje de Procurador Público Adjunto Especializado Supranacional y agentes alternos del Estado Peruano a Costa Rica en comisión de servicios,https://busquedas.elperuano.pe/dispositivo/NL/2366363-1,31/01/2025,,,,,,,,,,,,,,,,,,,,,,,,,,,,,,,,,,,,,,
29/01/2025,2366330-1,MUJER Y POBLACIONES VULNERABLES,RESOLUCION MINISTERIAL,N° 020-2025-MIMP,Aprueban el Cuadro para Asignación de Personal Provisional (CAP Provisional) del Programa Integral Nacional para el Bienestar Familiar – INABIF,https://busquedas.elperuano.pe/dispositivo/NL/2366330-1,31/01/2025,,,,,,,,,,,,,,,,,,,,,,,,,,,,,,,,,,,,,,
29/01/2025,2366266-1,MUJER Y POBLACIONES VULNERABLES,RESOLUCION MINISTERIAL,N° 018-2025-MIMP,Aprueban el Padrón Nominal de Mujeres Emprendedoras y Empresarias,https://busquedas.elperuano.pe/dispositivo/NL/2366266-1,31/01/2025,,,,,,,,,,,,,,,,,,,,,,,,,,,,,,,,,,,,,,
29/01/2025,2366269-1,MUJER Y POBLACIONES VULNERABLES,RESOLUCION MINISTERIAL,N° 019-2025-MIMP,Aprueban la Directiva N° 001-2025-MIMP Fiscalización posterior aleatoria de los procedimientos administrativos del Texto Único de Procedimientos Administrativos (TUPA) del Ministerio de la Mujer y Poblaciones Vulnerables (MIMP),https://busquedas.elperuano.pe/dispositivo/NL/2366269-1,31/01/2025,,,,,,,,,,,,,,,,,,,,,,,,,,,,,,,,,,,,,,
29/01/2025,2365965-1,PRODUCE,RESOLUCION,N° 086-2025-PRODUCE/PROINNOVATE,Aprueban otorgamiento de subvenciones a favor de los beneficiarios con cargo al Presupuesto del Programa Nacional de Innovación para la Competitividad y Productividad,https://busquedas.elperuano.pe/dispositivo/NL/2365965-1,31/01/2025,,,,,,,,,,,,,,,,,,,,,,,,,,,,,,,,,,,,,,
29/01/2025,2366147-1,PRODUCE,RESOLUCION MINISTERIAL,N° 000023-2025-PRODUCE,Disponen la publicación del proyecto de Decreto Supremo que aprueba la obligatoriedad de la notificación vía casilla electrónica de la Autoridad Nacional de Sanidad e Inocuidad en Pesca y Acuicultura (SANIPES) y crea el Sistema de Casillas Electrónicas del SANIPES y su Exposición de Motivos,https://busquedas.elperuano.pe/dispositivo/NL/2366147-1,31/01/2025,,,,,,,,,,,,,,,,,,,,,,,,,,,,,,,,,,,,,,
29/01/2025,2366150-1,PRODUCE,RESOLUCION MINISTERIAL,N° 000025-2025-PRODUCE,Designan Directora de la Dirección de Gestión Pesquera Artesanal de la Dirección General de Pesca Artesanal,https://busquedas.elperuano.pe/dispositivo/NL/2366150-1,31/01/2025,,,,,,,,,,,,,,,,,,,,,,,,,,,,,,,,,,,,,,
29/01/2025,2366156-1,PRODUCE,RESOLUCION MINISTERIAL,N° 000027-2025-PRODUCE,Designan Director de la Dirección de Promoción y Formalización Pesquera Artesanal de la Dirección General de Pesca Artesanal,https://busquedas.elperuano.pe/dispositivo/NL/2366156-1,31/01/2025,,,,,,,,,,,,,,,,,,,,,,,,,,,,,,,,,,,,,,
29/01/2025,2366058-1,SALUD,RESOLUCION,N° 08-2025-PRONIS-CG,Designan jefe de la Sub Unidad de Logística de la Unidad de Administración y Finanzas del Programa Nacional de Inversiones en Salud,https://busquedas.elperuano.pe/dispositivo/NL/2366058-1,31/01/2025,,,,,,,,,,,,,,,,,,,,,,,,,,,,,,,,,,,,,,
29/01/2025,2364129-1,TRANSPORTES Y COMUNICACIONES,RESOLUCION DIRECTORAL,N° 0020-2025-MTC/17.03,Autorizan a la empresa CERTIFICACION TECNIMOTORS S.R.L. como Entidad Certificadora de Conversiones a Gas Licuado de Petróleo – GLP de ámbito nacional,https://busquedas.elperuano.pe/dispositivo/NL/2364129-1,31/01/2025,,,,,,,,,,,,,,,,,,,,,,,,,,,,,,,,,,,,,,
29/01/2025,2366471-1,"VIVIENDA, CONSTRUCCIÓN Y SANEAMIENTO",RESOLUCION MINISTERIAL,N° 030-2025-VIVIENDA,Autorizan Transferencia Financiera a favor de la empresa Servicio de Agua Potable y Alcantarillado de Lima (SEDAPAL) para financiar la distribución gratuita de agua potable mediante camiones cisterna en zonas urbanas que no cuentan con agua potable y se encuentran en condición de pobreza y pobreza extrema,https://busquedas.elperuano.pe/dispositivo/NL/2366471-1,31/01/2025,,,,,,,,,,,,,,,,,,,,,,,,,,,,,,,,,,,,,,
29/01/2025,2366219-1,AUTORIDAD DE TRANSPORTE URBANO PARA LIMA Y CALLAO,RESOLUCION,N° 024-2025-ATU/PE,Aprueban la reducción del marco de ingresos y gastos del Presupuesto Institucional del Pliego 203: Autoridad de Transporte Urbano para Lima y Callao – ATU aprobado por la Ley N° 32185 Ley de Presupuesto del Sector Público para el Año Fiscal 2025,https://busquedas.elperuano.pe/dispositivo/NL/2366219-1,31/01/2025,,,,,,,,,,,,,,,,,,,,,,,,,,,,,,,,,,,,,,
29/01/2025,2366568-1,AUTORIDAD PORTUARIA NACIONAL,RESOLUCION,N° 0014-2025-APN-DIR,Aprueban Lineamientos técnicos operativos para el personal que realiza actividades de supervisión durante la operación de transferencia de productos líquidos y gaseosos a granel en los terminales portuarios y embarcaderos del Sistema Portuario Nacional,https://busquedas.elperuano.pe/dispositivo/NL/2366568-1,31/01/2025,,,,,,,,,,,,,,,,,,,,,,,,,,,,,,,,,,,,,,
29/01/2025,2365731-1,SUPERINTENDENCIA NACIONAL DE ADUANAS Y DE ADMINISTRACIÓN TRIBUTARIA,RESOLUCION,N° 000002-2025-SUNAT/700000,Designan Ejecutor Coactivo encargado de la gestión de cobranza coactiva de la Intendencia de Tributos Internos Huánuco,https://busquedas.elperuano.pe/dispositivo/NL/2365731-1,31/01/2025,,,,,,,,,,,,,,,,,,,,,,,,,,,,,,,,,,,,,,
29/01/2025,2366353-1,SUPERINTENDENCIA NACIONAL DE FISCALIZACIÓN LABORAL,RESOLUCION,N° 031-2025-SUNAFIL,Designan Director de la Dirección de Prevención y Promoción de la Superintendencia Nacional de Fiscalización Laboral - SUNAFIL,https://busquedas.elperuano.pe/dispositivo/NL/2366353-1,31/01/2025,,,,,,,,,,,,,,,,,,,,,,,,,,,,,,,,,,,,,,
29/01/2025,2366220-1,CONSEJO EJECUTIVO DEL PODER JUDICIAL,RESOLUCION ADMINISTRATIVA,N° 000023-2025-CE-PJ,Autorizan la Reunión Anual 2025 de Presidentes y Presidentas de las Cortes Superiores de Justicia del país con Gerentes de Administración Distrital y/o Jefes de Oficinas de Administración Distrital que se llevará a cabo en la ciudad de Lima,https://busquedas.elperuano.pe/dispositivo/NL/2366220-1,31/01/2025,,,,,,,,,,,,,,,,,,,,,,,,,,,,,,,,,,,,,,
29/01/2025,2366218-1,CONSEJO EJECUTIVO DEL PODER JUDICIAL,RESOLUCION ADMINISTRATIVA,N° 000021-2025-CE-PJ,Aprueban el Plan de Actividades 2025 del Programa Presupuestal N.° 0099 Celeridad en los Procesos Judiciales Laborales,https://busquedas.elperuano.pe/dispositivo/NL/2366218-1,31/01/2025,,,,,,,,,,,,,,,,,,,,,,,,,,,,,,,,,,,,,,
29/01/2025,2365059-1,CORTES SUPERIORES DE JUSTICIA,RESOLUCION ADMINISTRATIVA,N° 000109-2025-P-CSJPI-PJ,Designan y ratifican a responsables de brindar información pública en la Corte Superior de Justicia de Piura para el año 2025,https://busquedas.elperuano.pe/dispositivo/NL/2365059-1,31/01/2025,,,,,,,,,,,,,,,,,,,,,,,,,,,,,,,,,,,,,,
29/01/2025,2366061-1,CONTRALORIA GENERAL DE LA REPUBLICA,RESOLUCION,N° 061-2025-CG,Dan por terminada la designación de Jefa del Órgano de Control Institucional del Fuero Militar Policial – Ex Consejo Supremo de Justicia Militar,https://busquedas.elperuano.pe/dispositivo/NL/2366061-1,31/01/2025,,,,,,,,,,,,,,,,,,,,,,,,,,,,,,,,,,,,,,
29/01/2025,2366055-1,CONTRALORIA GENERAL DE LA REPUBLICA,RESOLUCION,N° 060-2025-CG,Dan por terminada la designación de Jefe del Órgano de Control Institucional de la Gerencia Regional de Salud Lambayeque,https://busquedas.elperuano.pe/dispositivo/NL/2366055-1,31/01/2025,,,,,,,,,,,,,,,,,,,,,,,,,,,,,,,,,,,,,,
29/01/2025,2366268-1,MINISTERIO PUBLICO,RESOLUCION,N° 208-2025-MP-FN,Aceptan renuncia de fiscal adjunta provincial provisional del Distrito Fiscal de Lima Centro,https://busquedas.elperuano.pe/dispositivo/NL/2366268-1,31/01/2025,,,,,,,,,,,,,,,,,,,,,,,,,,,,,,,,,,,,,,
29/01/2025,2366256-1,MINISTERIO PUBLICO,RESOLUCION,N° 206-2025-MP-FN,Dejan sin efecto la Resolución de la Fiscalía de la Nación N° 2397-2024-MP-FN,https://busquedas.elperuano.pe/dispositivo/NL/2366256-1,31/01/2025,,,,,,,,,,,,,,,,,,,,,,,,,,,,,,,,,,,,,,
29/01/2025,2366260-1,MINISTERIO PUBLICO,RESOLUCION,N° 207-2025-MP-FN,Aceptan renuncia de fiscal adjunto provincial provisional del Distrito Fiscal de Lima Centro,https://busquedas.elperuano.pe/dispositivo/NL/2366260-1,31/01/2025,,,,,,,,,,,,,,,,,,,,,,,,,,,,,,,,,,,,,,
29/01/2025,2366273-1,MINISTERIO PUBLICO,RESOLUCION,N° 209-2025-MP-FN,Aceptan renuncia de fiscal adjunta provincial provisional del Distrito Fiscal de Ancash,https://busquedas.elperuano.pe/dispositivo/NL/2366273-1,31/01/2025,,,,,,,,,,,,,,,,,,,,,,,,,,,,,,,,,,,,,,
29/01/2025,2366278-1,MINISTERIO PUBLICO,RESOLUCION,N° 210-2025-MP-FN,Nombran fiscal adjunto provincial provisional del Distrito Fiscal de Ucayali,https://busquedas.elperuano.pe/dispositivo/NL/2366278-1,31/01/2025,,,,,,,,,,,,,,,,,,,,,,,,,,,,,,,,,,,,,,
29/01/2025,2366279-1,MINISTERIO PUBLICO,RESOLUCION,N° 211-2025-MP-FN,Dejan sin efecto el artículo sexto de la Res. N° 138-2025-MP-FN y nombran fiscal adjunta provincial provisional del Distrito Fiscal de Lima Norte,https://busquedas.elperuano.pe/dispositivo/NL/2366279-1,31/01/2025,,,,,,,,,,,,,,,,,,,,,,,,,,,,,,,,,,,,,,
29/01/2025,2366281-1,MINISTERIO PUBLICO,RESOLUCION,N° 212-2025-MP-FN,Nombran fiscal superior provisional del Distrito Fiscal de Lima Centro y designan fiscal en la Segunda Fiscalía Supraprovincial Corporativa Especializada Contra la Criminalidad Organizada,https://busquedas.elperuano.pe/dispositivo/NL/2366281-1,31/01/2025,,,,,,,,,,,,,,,,,,,,,,,,,,,,,,,,,,,,,,
29/01/2025,2366284-1,MINISTERIO PUBLICO,RESOLUCION,N° 213-2025-MP-FN,Nombran fiscal adjunta superior provisional del Distrito Fiscal de Lima Centro,https://busquedas.elperuano.pe/dispositivo/NL/2366284-1,31/01/2025,,,,,,,,,,,,,,,,,,,,,,,,,,,,,,,,,,,,,,
29/01/2025,2366287-1,MINISTERIO PUBLICO,RESOLUCION,N° 214-2025-MP-FN,Nombran fiscal adjunto provincial provisional y fiscal adjunta provincial provisional del Distrito Fiscal de Lima Centro,https://busquedas.elperuano.pe/dispositivo/NL/2366287-1,31/01/2025,,,,,,,,,,,,,,,,,,,,,,,,,,,,,,,,,,,,,,
29/01/2025,2366289-1,MINISTERIO PUBLICO,RESOLUCION,N° 215-2025-MP-FN,Dejar sin efecto la Resolución de la Fiscalía de la Nación N° 041-2025-MP-FN,https://busquedas.elperuano.pe/dispositivo/NL/2366289-1,31/01/2025,,,,,,,,,,,,,,,,,,,,,,,,,,,,,,,,,,,,,,
29/01/2025,2366292-1,MINISTERIO PUBLICO,RESOLUCION,N° 216-2025-MP-FN,Dan por concluido el nombramiento de fiscal adjunto provincial provisional del Distrito Fiscal de Huaura,https://busquedas.elperuano.pe/dispositivo/NL/2366292-1,31/01/2025,,,,,,,,,,,,,,,,,,,,,,,,,,,,,,,,,,,,,,
29/01/2025,2366295-1,MINISTERIO PUBLICO,RESOLUCION,N° 217-2025-MP-FN,Aceptan renuncia de fiscal adjunta provincial provisional del Distrito Fiscal de Lima Este,https://busquedas.elperuano.pe/dispositivo/NL/2366295-1,31/01/2025,,,,,,,,,,,,,,,,,,,,,,,,,,,,,,,,,,,,,,
29/01/2025,2366298-1,MINISTERIO PUBLICO,RESOLUCION,N° 218-2025-MP-FN,Aceptan renuncia de fiscal adjunta provincial provisional del Distrito Fiscal de Huancavelica,https://busquedas.elperuano.pe/dispositivo/NL/2366298-1,31/01/2025,,,,,,,,,,,,,,,,,,,,,,,,,,,,,,,,,,,,,,
29/01/2025,2366300-1,MINISTERIO PUBLICO,RESOLUCION,N° 219-2025-MP-FN,Aceptan renuncia de fiscal adjunta provincial provisional del Distrito Fiscal de Lima Norte,https://busquedas.elperuano.pe/dispositivo/NL/2366300-1,31/01/2025,,,,,,,,,,,,,,,,,,,,,,,,,,,,,,,,,,,,,,
29/01/2025,2366304-1,MINISTERIO PUBLICO,RESOLUCION,N° 220-2025-MP-FN,Aceptan renuncia de fiscal adjunta provincial provisional del Distrito Fiscal de Cajamarca,https://busquedas.elperuano.pe/dispositivo/NL/2366304-1,31/01/2025,,,,,,,,,,,,,,,,,,,,,,,,,,,,,,,,,,,,,,
29/01/2025,2366305-1,MINISTERIO PUBLICO,RESOLUCION,N° 221-2025-MP-FN,Aceptan renuncia de fiscal adjunto provincial provisional del Distrito Fiscal de Lima Este,https://busquedas.elperuano.pe/dispositivo/NL/2366305-1,31/01/2025,,,,,,,,,,,,,,,,,,,,,,,,,,,,,,,,,,,,,,
29/01/2025,2366310-1,MINISTERIO PUBLICO,RESOLUCION,N° 222-2025-MP-FN,Aceptan renuncia de fiscal adjunta provincial provisional del Distrito Fiscal de Huánuco,https://busquedas.elperuano.pe/dispositivo/NL/2366310-1,31/01/2025,,,,,,,,,,,,,,,,,,,,,,,,,,,,,,,,,,,,,,
29/01/2025,2364261-1,"SUPERINTENDENCIA DE BANCA, SEGUROS Y ADMINISTRADORAS PRIVADAS DE FONDOS DE PENSIONES",RESOLUCION,SBS N° 00200-2025,Designan Superintendente Adjunto de Cooperativas,https://busquedas.elperuano.pe/dispositivo/NL/2364261-1,31/01/2025,,,,,,,,,,,,,,,,,,,,,,,,,,,,,,,,,,,,,,
29/01/2025,2366183-1,GOBIERNO REGIONAL DE ANCASH,ORDENANZA,N° 009-2024-GRA/CR,Ordenanza que aprueba el Reglamento que Regula la Realización de las Audiencias Públicas de Rendición de Cuentas del Gobierno Regional de Ancash,https://busquedas.elperuano.pe/dispositivo/NL/2366183-1,31/01/2025,,,,,,,,,,,,,,,,,,,,,,,,,,,,,,,,,,,,,,
29/01/2025,2361489-1,GOBIERNO REGIONAL DE AYACUCHO,ACUERDO,N° 386-2024-GRA/CR,Autorizan transferencia financiera a favor de la Contraloría General de la República,https://busquedas.elperuano.pe/dispositivo/NL/2361489-1,31/01/2025,,,,,,,,,,,,,,,,,,,,,,,,,,,,,,,,,,,,,,
29/01/2025,2360768-1,GOBIERNO REGIONAL DE JUNIN,ORDENANZA,N° 404-2024-GRJ/CR,Declaran de interés público y prioridad regional la conservación de la diversidad biológica y los servicios ecosistémicos de la propuesta de área de conservación regional Otorongo – Pampa Lazo,https://busquedas.elperuano.pe/dispositivo/NL/2360768-1,31/01/2025,,,,,,,,,,,,,,,,,,,,,,,,,,,,,,,,,,,,,,
29/01/2025,2363972-1,GOBIERNO REGIONAL DE TUMBES,ORDENANZA,N° 001-2025/GOB.REG.TUMBES-CR-CD,Declaran de interés regional la Institucionalización de los Carnavales de Tumbes,https://busquedas.elperuano.pe/dispositivo/NL/2363972-1,31/01/2025,,,,,,,,,,,,,,,,,,,,,,,,,,,,,,,,,,,,,,
29/01/2025,2366318-1,MUNICIPALIDAD DE ATE,Decretos de Alcaldía,N° 0001,Aprueban el Cuadro de Equivalencias de las Unidades de Organización de la Municipalidad Distrital de Ate,https://epdoc2.elperuano.pe/EpPo/VistaDE.asp?Referencias=MjM2NjMxOC0xMjAyNTAxMjk=,31/01/2025,,,,,,,,,,,,,,,,,,,,,,,,,,,,,,,,,,,,,,
29/01/2025,2362956-1,MUNICIPALIDAD DE BARRANCO,Decretos de Alcaldía,N° 001-2025-MDB,Prorrogan la la vigencia del periodo de Representación de los Concejos Directivos de las Juntas Vecinales Comunales de las Zonas 0203 04 050607.08. 09 10. 11 12 13 14 15 16 17 18 20 21 22 23 25,https://epdoc2.elperuano.pe/EpPo/VistaDE.asp?Referencias=MjM2Mjk1Ni0xMjAyNTAxMjk=,31/01/2025,,,,,,,,,,,,,,,,,,,,,,,,,,,,,,,,,,,,,,
29/01/2025,2363010-1,MUNICIPALIDAD DE BARRANCO,Ordenanzas,N° 653-2024-MDB,Ordenanza que establece la regulación de Grafitis y Murales en el distrito de Barranco,https://epdoc2.elperuano.pe/EpPo/VistaDE.asp?Referencias=MjM2MzAxMC0xMjAyNTAxMjk=,31/01/2025,,,,,,,,,,,,,,,,,,,,,,,,,,,,,,,,,,,,,,
29/01/2025,2365758-1,MUNICIPALIDAD DE MIRAFLORES,Ordenanzas,N° 654/MM,Ordenanza que modifica parcialmente el Reglamento de Organización Funciones y proceso de elección de las Juntas Vecinales Comunales (JVC) del distrito de Miraflores,https://epdoc2.elperuano.pe/EpPo/VistaDE.asp?Referencias=MjM2NTc1OC0xMjAyNTAxMjk=,31/01/2025,,,,,,,,,,,,,,,,,,,,,,,,,,,,,,,,,,,,,,
29/01/2025,2366066-1,MUNICIPALIDAD DE MIRAFLORES,Res. Alcaldía,N° 019-2025-A/MM,Disponen la publicación del proyecto normativo que Modifica la Ordenanza N° 610/MM Ordenanza que dispone medidas complementarias para la evaluación de expedientes de obras privadas con informe técnico favorable emitido por revisores urbanos en el distrito de Miraflores,https://epdoc2.elperuano.pe/EpPo/VistaDE.asp?Referencias=MjM2NjA2Ni0xMjAyNTAxMjk=,31/01/2025,,,,,,,,,,,,,,,,,,,,,,,,,,,,,,,,,,,,,,
29/01/2025,2362921-1,MUNICIPALIDAD DE SAN BARTOLO,Ordenanzas,N° 365-2024/MDSB,Ordenanza Municipal que aprueba el Reglamento del Programa de Formalización y Registro de Recicladores en la Recolección Selectiva de Residuos Sólidos en el Distrito de San Bartolo,https://epdoc2.elperuano.pe/EpPo/VistaDE.asp?Referencias=MjM2MjkyMS0xMjAyNTAxMjk=,31/01/2025,,,,,,,,,,,,,,,,,,,,,,,,,,,,,,,,,,,,,,
29/01/2025,2365992-1,MUNICIPALIDAD DE SAN BORJA,Res. Alcaldía,N° 008-2025-MSB-A,Designan funcionaria responsable de atender las solicitudes de acceso a la información de la Municipalidad Distrital de San Borja,https://epdoc2.elperuano.pe/EpPo/VistaDE.asp?Referencias=MjM2NTk5Mi0xMjAyNTAxMjk=,31/01/2025,,,,,,,,,,,,,,,,,,,,,,,,,,,,,,,,,,,,,,
29/01/2025,2365086-1,MUNICIPALIDAD DE SAN JUAN DE MIRAFLORES,ORDENANZA,N° 540/2025,Ordenanza que fija el monto mínimo del Impuesto Predial y establece las fechas de vencimiento del Impuesto Predial y los Arbitrios Municipales en el distrito de San Juan de Miraflores para el Ejercicio Fiscal 2025,https://busquedas.elperuano.pe/dispositivo/NL/2365086-1,31/01/2025,,,,,,,,,,,,,,,,,,,,,,,,,,,,,,,,,,,,,,
29/01/2025,2365097-1,MUNICIPALIDAD DISTRITAL DE CASTILLA,ACUERDO,N° 02-2025-CDC,Autorizan viaje de alcalde para asistir a evento que se realizará en España,https://busquedas.elperuano.pe/dispositivo/NL/2365097-1,31/01/2025,,,,,,,,,,,,,,,,,,,,,,,,,,,,,,,,,,,,,,
29/01/2025,2365097-2,MUNICIPALIDAD DISTRITAL DE CASTILLA,ACUERDO,N° 04-2025-CDC,Autorizan viaje de regidor para asistir a evento que se realizará en España,https://busquedas.elperuano.pe/dispositivo/NL/2365097-2,31/01/2025,,,,,,,,,,,,,,,,,,,,,,,,,,,,,,,,,,,,,,
29/01/2025,2365097-3,MUNICIPALIDAD DISTRITAL DE CASTILLA,ACUERDO,N° 05-2025-CDC.,Autorizan viaje de regidor para asistir a evento que se realizará en España,https://busquedas.elperuano.pe/dispositivo/NL/2365097-3,31/01/2025,,,,,,,,,,,,,,,,,,,,,,,,,,,,,,,,,,,,,,
29/01/2025,2366063-1,MUNICIPALIDAD DE LA PUNTA,Decretos de Alcaldía,N° 001-2025-MDLP/AL,Prorrogan el plazo del vencimiento de la presentación de la declaración jurada de predios; del pago al contado o de la primera cuota del Impuesto Predial y de la primera y segunda cuota de los Arbitrios del ejercicio 2025,https://epdoc2.elperuano.pe/EpPo/VistaDE.asp?Referencias=MjM2NjA2My0xMjAyNTAxMjk=,31/01/2025,,,,,,,,,,,,,,,,,,,,,,,,,,,,,,,,,,,,,,
28/01/2025,2365854-1,PRESIDENCIA DEL CONSEJO DE MINISTROS,RESOLUCION JEFATURAL,N° 000007-2025-ANIN-JEF,Designan Ejecutivo de la Unidad de Tesorería de la Oficina de Administración de la Autoridad Nacional de Infraestructura,https://busquedas.elperuano.pe/dispositivo/NL/2365854-1,31/01/2025,,,,,,,,,,,,,,,,,,,,,,,,,,,,,,,,,,,,,,
28/01/2025,2365698-1,PRESIDENCIA DEL CONSEJO DE MINISTROS,RESOLUCION MINISTERIAL,N° 014-2025-PCM,Designan Jefa de Oficina I de la Oficina de Contabilidad y Tesorería de la Oficina General de Administración de la PCM,https://busquedas.elperuano.pe/dispositivo/NL/2365698-1,31/01/2025,,,,,,,,,,,,,,,,,,,,,,,,,,,,,,,,,,,,,,
28/01/2025,2366184-1,AMBIENTE,RESOLUCION SUPREMA,N° 001-2025-MINAM,Aceptan renuncia y encargan funciones del puesto de Presidente Ejecutivo del Servicio Nacional de Meteorología e Hidrología del Perú - SENAMHI,https://busquedas.elperuano.pe/dispositivo/NL/2366184-1,31/01/2025,,,,,,,,,,,,,,,,,,,,,,,,,,,,,,,,,,,,,,
28/01/2025,2366028-1,CULTURA,RESOLUCION MINISTERIAL,N° 000011-2025-MC,Crean el Grupo de Trabajo Sectorial de naturaleza temporal dependiente del Ministerio de Cultura denominado Grupo de Trabajo para el Planeamiento Institucional del Ministerio de Cultura,https://busquedas.elperuano.pe/dispositivo/NL/2366028-1,31/01/2025,,,,,,,,,,,,,,,,,,,,,,,,,,,,,,,,,,,,,,
28/01/2025,2366107-1,DESARROLLO AGRARIO Y RIEGO,RESOLUCION DIRECTORAL,N° 018-2025-MIDAGRI-DVDAFIR-AGRO RURAL-DE,Designan Jefe de la Unidad de Cadena de Valor Agroforestal Forestal y Silvopastoril del Programa de Desarrollo Productivo Agrario Rural — AGRO RURAL,https://busquedas.elperuano.pe/dispositivo/NL/2366107-1,31/01/2025,,,,,,,,,,,,,,,,,,,,,,,,,,,,,,,,,,,,,,
28/01/2025,2366109-1,DESARROLLO AGRARIO Y RIEGO,RESOLUCION DIRECTORAL,N° 019-2025-MIDAGRI-DVDAFIR-AGRO RURAL-DE,Designan Jefe de la Sub Unidad de Infraestructura de Producción y Comercialización Agropecuaria de la Unidad de Infraestructura Rural del Programa de Desarrollo Productivo Agrario Rural — AGRO RURAL,https://busquedas.elperuano.pe/dispositivo/NL/2366109-1,31/01/2025,,,,,,,,,,,,,,,,,,,,,,,,,,,,,,,,,,,,,,
28/01/2025,2365516-1,DESARROLLO E INCLUSIÓN SOCIAL,RESOLUCION,N° D000074-2025-MIDIS/WM-DE,Designan Coordinador de la Coordinación de Supervisión y Monitoreo de la Unidad de Supervisión Monitoreo y Evaluación del Programa Nacional de Alimentación Escolar Comunitaria Wasi Mikuna,https://busquedas.elperuano.pe/dispositivo/NL/2365516-1,31/01/2025,,,,,,,,,,,,,,,,,,,,,,,,,,,,,,,,,,,,,,
28/01/2025,2365855-1,ECONOMIA Y FINANZAS,RESOLUCION MINISTERIAL,N° 018-2025-EF/50,Resolución Ministerial que aprueba los Índices de Distribución del Fondo de Desarrollo Socioeconómico de Camisea (FOCAM) correspondientes al Año Fiscal 2025,https://busquedas.elperuano.pe/dispositivo/NL/2365855-1,31/01/2025,,,,,,,,,,,,,,,,,,,,,,,,,,,,,,,,,,,,,,
28/01/2025,2365759-1,EDUCACION,RESOLUCION MINISTERIAL,N° 035-2025-MINEDU,Aprueban la Norma Técnica para la Implementación del mecanismo denominado Compromisos de Desempeño 2025,https://busquedas.elperuano.pe/dispositivo/NL/2365759-1,31/01/2025,,,,,,,,,,,,,,,,,,,,,,,,,,,,,,,,,,,,,,
28/01/2025,2365780-1,EDUCACION,RESOLUCION MINISTERIAL,N° 034-2025-MINEDU,Aprueban cinco subvenciones a otorgarse durante el año 2025 a favor de los estudiantes que ocuparon el primer puesto en cada categoría del Premio Nacional de Narrativa y Ensayo José María Arguedas 2024,https://busquedas.elperuano.pe/dispositivo/NL/2365780-1,31/01/2025,,,,,,,,,,,,,,,,,,,,,,,,,,,,,,,,,,,,,,
28/01/2025,2365577-1,INTERIOR,RESOLUCION DIRECTORAL,N° 050-2025-IN-VOI-DGIN,Designan Subprefecto Provincial de Chiclayo departamento de Lambayeque,https://busquedas.elperuano.pe/dispositivo/NL/2365577-1,31/01/2025,,,,,,,,,,,,,,,,,,,,,,,,,,,,,,,,,,,,,,
28/01/2025,2365818-1,JUSTICIA Y DERECHOS HUMANOS,RESOLUCION,N° 19-2025-JUS/PRONACEJ,Designan jefa de la Unidad de Gestión de Medida Socioeducativa de Internación del Programa Nacional de Centros Juveniles,https://busquedas.elperuano.pe/dispositivo/NL/2365818-1,31/01/2025,,,,,,,,,,,,,,,,,,,,,,,,,,,,,,,,,,,,,,
28/01/2025,2365563-1,JUSTICIA Y DERECHOS HUMANOS,RESOLUCION MINISTERIAL,N° 0026-2025-JUS,Disponen publicación del proyecto de Reglamento de actuación de las autoridades que participan en los procedimientos de extradición y traslado de personas condenadas el Decreto Supremo que lo aprobaría y la Exposición de Motivos que lo sustenta,https://busquedas.elperuano.pe/dispositivo/NL/2365563-1,31/01/2025,,,,,,,,,,,,,,,,,,,,,,,,,,,,,,,,,,,,,,
28/01/2025,2365591-1,MUJER Y POBLACIONES VULNERABLES,RESOLUCION MINISTERIAL,N° 015-2025-MIMP,Aprueban Clasificación de las Sociedades de Beneficencia,https://busquedas.elperuano.pe/dispositivo/NL/2365591-1,31/01/2025,,,,,,,,,,,,,,,,,,,,,,,,,,,,,,,,,,,,,,
28/01/2025,2365593-1,MUJER Y POBLACIONES VULNERABLES,RESOLUCION MINISTERIAL,N° 016-2025-MIMP,Aprueban el Padrón de Beneficiarios de la Subvención Económica por Acogimiento Familiar (PB-SEAF) correspondiente al mes de diciembre de 2024 y el monto total por concepto de subvención económica,https://busquedas.elperuano.pe/dispositivo/NL/2365593-1,31/01/2025,,,,,,,,,,,,,,,,,,,,,,,,,,,,,,,,,,,,,,
28/01/2025,2365514-1,PRODUCE,RESOLUCION JEFATURAL,N° 000009-2025-FONDEPES/J,Autorizan Transferencia Financiera del Fondo Nacional de Desarrollo Pesquero a favor de la Contraloría General de la República,https://busquedas.elperuano.pe/dispositivo/NL/2365514-1,31/01/2025,,,,,,,,,,,,,,,,,,,,,,,,,,,,,,,,,,,,,,
28/01/2025,2365869-1,RELACIONES EXTERIORES,RESOLUCION MINISTERIAL,N° 0035-2025-RE,Disponen la publicación del proyecto de Decreto Supremo que aprueba el Reglamento de la Ley N° 31821 Ley que incorpora dentro de las funciones notariales de los funcionarios consulares la designación de personas de apoyo para la persona adulta mayor y/o persona con discapacidad que resida en el exterior y su Exposición de Motivos,https://busquedas.elperuano.pe/dispositivo/NL/2365869-1,31/01/2025,,,,,,,,,,,,,,,,,,,,,,,,,,,,,,,,,,,,,,
28/01/2025,2365661-1,TRABAJO Y PROMOCION DEL EMPLEO,RESOLUCION MINISTERIAL,N° 016-2025-TR,Aprueban el otorgamiento de una subvención a favor de la Caja de Protección y Asistencia Social de la Ley Nº 10674,https://busquedas.elperuano.pe/dispositivo/NL/2365661-1,31/01/2025,,,,,,,,,,,,,,,,,,,,,,,,,,,,,,,,,,,,,,
28/01/2025,2365963-1,TRABAJO Y PROMOCION DEL EMPLEO,RESOLUCION MINISTERIAL,N° 017-2025-TR,Autorizan el pago de la compensación económica prevista en el artículo 3 de la Ley N° 27803 en favor de mil cuatrocientos setenta y dos beneficiarios comprendidos en el Registro Nacional de Trabajadores Cesados Irregularmente y que optaron por dicho beneficio,https://busquedas.elperuano.pe/dispositivo/NL/2365963-1,31/01/2025,,,,,,,,,,,,,,,,,,,,,,,,,,,,,,,,,,,,,,
28/01/2025,2365978-1,TRABAJO Y PROMOCION DEL EMPLEO,RESOLUCION MINISTERIAL,N° 019-2025-TR,Modifican la Resolución Ministerial N° 003-2025-TR que creò el Grupo de Trabajo denominado Mesa de Trabajo para promover el trabajo decente y abordar la formalización laboral en las cadenas de suministro de la actividad agrícola de exportación,https://busquedas.elperuano.pe/dispositivo/NL/2365978-1,31/01/2025,,,,,,,,,,,,,,,,,,,,,,,,,,,,,,,,,,,,,,
28/01/2025,2365738-1,ORGANISMO DE FORMALIZACIÓN DE LA PROPIEDAD INFORMAL,RESOLUCION DIRECTORAL,N° D000004-2025-COFOPRI-DE,Oficializan el uso de la Ficha Unificada de Empadronamiento y Verificación en su versión digital y dictan diversas disposiciones,https://busquedas.elperuano.pe/dispositivo/NL/2365738-1,31/01/2025,,,,,,,,,,,,,,,,,,,,,,,,,,,,,,,,,,,,,,
28/01/2025,2365058-1,INSTITUTO NACIONAL DE DEFENSA DE LA COMPETENCIA Y DE LA PROTECCION DE LA PROPIEDAD INTELECTUAL,RESOLUCION,N° 006-2025/CDB-INDECOPI,Disponen iniciar procedimiento de examen por presuntas prácticas de elusión de los derechos antidumping impuestos mediante Resolución N° 293-2021/CDB-INDECOPI sobre importaciones de cierres de cremallera y sus partes originarios de la República Popular China respecto a importaciones de cierres de cremallera y sus partes declarados como originarios de la República de Indonesia y del Reino de Tailandia a solicitud de la empresa productora nacional Corporación Rey S.A.,https://busquedas.elperuano.pe/dispositivo/NL/2365058-1,31/01/2025,,,,,,,,,,,,,,,,,,,,,,,,,,,,,,,,,,,,,,
28/01/2025,2365927-1,SERVICIO NACIONAL DE AREAS NATURALES PROTEGIDAS POR EL ESTADO,RESOLUCION,N° 000017-2025-SERNANP/J-SGD,Designan Asesora de la Oficina de Administración del Servicio Nacional de Áreas Naturales Protegidas por el Estado – SERNANP,https://busquedas.elperuano.pe/dispositivo/NL/2365927-1,31/01/2025,,,,,,,,,,,,,,,,,,,,,,,,,,,,,,,,,,,,,,
28/01/2025,2365741-1,SERVICIO NACIONAL DE AREAS NATURALES PROTEGIDAS POR EL ESTADO,RESOLUCION DIRECTORAL,N° 000002-2025-SERNANP/DDE-SGD,Aprueban relación de las Áreas Naturales Protegidas aptas para iniciar el proceso de elaboración o actualización de sus respectivos Planes Maestros en el año 2025,https://busquedas.elperuano.pe/dispositivo/NL/2365741-1,31/01/2025,,,,,,,,,,,,,,,,,,,,,,,,,,,,,,,,,,,,,,
28/01/2025,2365934-1,"SUPERINTENDENCIA NACIONAL DE CONTROL DE SERVICIOS DE SEGURIDAD, ARMAS, MUNICIONES Y EXPLOSIVOS DE USO CIVIL",RESOLUCION,N° 00006-2025-SUCAMEC-GG,Aprueban el Manual de Perfiles de Puestos (MPP) de la Superintendencia Nacional de Control de Servicios de Seguridad Armas Municiones y Explosivos de Uso Civil – SUCAMEC,https://busquedas.elperuano.pe/dispositivo/NL/2365934-1,31/01/2025,,,,,,,,,,,,,,,,,,,,,,,,,,,,,,,,,,,,,,
28/01/2025,2365931-1,AUTORIDAD NACIONAL DE SANIDAD E INOCUIDAD EN PESCA Y ACUICULTURA,RESOLUCION,N° 000012-2025-SANIPES/PE,Designan Jefe de la Unidad de Abastecimiento de la Autoridad Nacional de Sanidad e Inocuidad en Pesca y Acuicultura - SANIPES,https://busquedas.elperuano.pe/dispositivo/NL/2365931-1,31/01/2025,,,,,,,,,,,,,,,,,,,,,,,,,,,,,,,,,,,,,,
28/01/2025,2365611-1,CONSEJO EJECUTIVO DEL PODER JUDICIAL,RESOLUCION ADMINISTRATIVA,N° 000007-2025-P-CE-PJ,Aceptan renuncia de Juez titular del Juzgado Mixto de Paruro Distrito Judicial de Cusco,https://busquedas.elperuano.pe/dispositivo/NL/2365611-1,31/01/2025,,,,,,,,,,,,,,,,,,,,,,,,,,,,,,,,,,,,,,
28/01/2025,2365612-1,CONSEJO EJECUTIVO DEL PODER JUDICIAL,RESOLUCION ADMINISTRATIVA,N° 000020-2025-CE-PJ,Disponen que las Cortes Superiores de Justicia del país procedan a la convocatoria de los Concursos de Selección de Jueces Supernumerarios en su jurisdicción; así como culminar en breve término los concursos iniciados o realizar nuevos concursos en los casos que corresponda,https://busquedas.elperuano.pe/dispositivo/NL/2365612-1,31/01/2025,,,,,,,,,,,,,,,,,,,,,,,,,,,,,,,,,,,,,,
28/01/2025,2365613-1,CONSEJO EJECUTIVO DEL PODER JUDICIAL,RESOLUCION ADMINISTRATIVA,N° 000022-2025-CE-PJ,Prohíben impresión de expedientes judiciales electrónicos en procesos no penales y la transcripción íntegra de audiencias que han sido grabadas en audio y video,https://busquedas.elperuano.pe/dispositivo/NL/2365613-1,31/01/2025,,,,,,,,,,,,,,,,,,,,,,,,,,,,,,,,,,,,,,
28/01/2025,2365614-1,CONSEJO EJECUTIVO DEL PODER JUDICIAL,RESOLUCION ADMINISTRATIVA,N° 000465-2024-CE-PJ,Designan representantes de los trabajadores ante el Comité de Seguridad y Salud en el Trabajo del Poder Judicial para el periodo de dos años 2024-2026,https://busquedas.elperuano.pe/dispositivo/NL/2365614-1,31/01/2025,,,,,,,,,,,,,,,,,,,,,,,,,,,,,,,,,,,,,,
28/01/2025,2365724-1,CONSEJO EJECUTIVO DEL PODER JUDICIAL,RESOLUCION ADMINISTRATIVA,N° 000005-2025-P-CE-PJ,Autorizan viaje de juez superior titular de la Corte Superior de Justicia de Lima para participar en audiencia pública ante la sede de la Corte Interamericana de Derechos Humanos que se llevará a cabo en Costa Rica,https://busquedas.elperuano.pe/dispositivo/NL/2365724-1,31/01/2025,,,,,,,,,,,,,,,,,,,,,,,,,,,,,,,,,,,,,,
28/01/2025,2365727-1,CONSEJO EJECUTIVO DEL PODER JUDICIAL,RESOLUCION ADMINISTRATIVA,N° 000019-2025-CE-PJ,Conforman Grupo de Trabajo para la Calificación Automatizada de Demandas Civiles de Desalojo por Ocupación Precaria para el Ejercicio Presupuestal 2025,https://busquedas.elperuano.pe/dispositivo/NL/2365727-1,31/01/2025,,,,,,,,,,,,,,,,,,,,,,,,,,,,,,,,,,,,,,
28/01/2025,2364871-1,INSTITUCIONES EDUCATIVAS,RESOLUCION,N° 017-2025-UNDC/CO,Modifican el Texto Único de Servicios No Exclusivos – TUSNE de la Universidad Nacional de Cañete,https://busquedas.elperuano.pe/dispositivo/NL/2364871-1,31/01/2025,,,,,,,,,,,,,,,,,,,,,,,,,,,,,,,,,,,,,,
28/01/2025,2365841-1,JURADO NACIONAL DE ELECCIONES,RESOLUCION,N° 0007-2025-JNE,Modifican el Acta de Proclamación de Resultados de Cómputo y de Autoridades Municipales Distritales Electas correspondiente al distrito de Colquemarca provincia de Chumbivilcas departamento de Cusco emitida por el Jurado Electoral Especial de Espinar,https://busquedas.elperuano.pe/dispositivo/NL/2365841-1,31/01/2025,,,,,,,,,,,,,,,,,,,,,,,,,,,,,,,,,,,,,,
28/01/2025,2365872-1,JURADO NACIONAL DE ELECCIONES,RESOLUCION,N° 0005-2025-JNE,Convocan a ciudadana para que asuma el cargo de regidora del Concejo Distrital de Yaquerana provincia de Requena departamento de Loreto,https://busquedas.elperuano.pe/dispositivo/NL/2365872-1,31/01/2025,,,,,,,,,,,,,,,,,,,,,,,,,,,,,,,,,,,,,,
28/01/2025,2365824-1,MUNICIPALIDAD DE MIRAFLORES,Res. Alcaldía,N° 015-2025-A/MM,Disponen la publicación del proyecto normativo que Deroga la Ordenanza N° 607/MM Ordenanza que establece como Únicas Zonas Especiales de Interés Social – ZEIS para el desarrollo de expedientes de licencias de edificación en el distrito de Miraflores y su modificatoria la Ordenanza N° 609/MM,https://epdoc2.elperuano.pe/EpPo/VistaDE.asp?Referencias=MjM2NTgyNC0xMjAyNTAxMjg=,31/01/2025,,,,,,,,,,,,,,,,,,,,,,,,,,,,,,,,,,,,,,
28/01/2025,2365489-1,MUNICIPALIDAD DE SAN JUAN DE MIRAFLORES,DECRETO DE ALCALDIA,N° 026-2024/MDSJM,Convocan a elecciones de Representantes de la Sociedad Civil ante el Consejo de Coordinación Local Distrital de San Juan de Miraflores para el periodo 2025 – 2027,https://busquedas.elperuano.pe/dispositivo/NL/2365489-1,31/01/2025,,,,,,,,,,,,,,,,,,,,,,,,,,,,,,,,,,,,,,
28/01/2025,2361570-1,MUNICIPALIDAD DE SANTA MARIA DEL MAR,RESOLUCION DE ALCALDIA,N° 004-2025-MDSMM/ALC,Delegan al Gerente Municipal la facultad para aprobar modificaciones presupuestarias en el Nivel Funcional Programático,https://busquedas.elperuano.pe/dispositivo/NL/2361570-1,31/01/2025,,,,,,,,,,,,,,,,,,,,,,,,,,,,,,,,,,,,,,
28/01/2025,2365118-1,MUNICIPALIDAD DE PACHACAMAC,RESOLUCION DE ALCALDIA,N° 024-2025-MDP/A,Aprueban el Texto Único de Servicios No Exclusivos (TUSNE) de la Municipalidad Distrital de Pachacamac,https://epdoc2.elperuano.pe/EpPo/VistaNLSE.asp?Referencias=MjM2NTExOC0xMjAyNTAxMjg=,31/01/2025,,,,,,,,,,,,,,,,,,,,,,,,,,,,,,,,,,,,,,
27/01/2025,2365481-1,AMBIENTE,RESOLUCION MINISTERIAL,N° 00020-2025-MINAM,Designan Director de la Dirección General de Gestión de Residuos Sólidos,https://busquedas.elperuano.pe/dispositivo/NL/2365481-1,31/01/2025,,,,,,,,,,,,,,,,,,,,,,,,,,,,,,,,,,,,,,
27/01/2025,2364935-1,DEFENSA,RESOLUCION MINISTERIAL,N° 00080-2025-DE,Autorizan viaje de oficiales de la Marina de Guerra del Perú a la República de Singapur en comisión de servicios,https://busquedas.elperuano.pe/dispositivo/NL/2364935-1,31/01/2025,,,,,,,,,,,,,,,,,,,,,,,,,,,,,,,,,,,,,,
27/01/2025,2365465-1,DEFENSA,RESOLUCION MINISTERIAL,N° 00094-2025-DE,Autorizan viaje de oficiales de la Marina de Guerra del Perú a la República Oriental del Uruguay en comisión de servicios,https://busquedas.elperuano.pe/dispositivo/NL/2365465-1,31/01/2025,,,,,,,,,,,,,,,,,,,,,,,,,,,,,,,,,,,,,,
27/01/2025,2365407-1,DESARROLLO E INCLUSIÓN SOCIAL,RESOLUCION,N° D000072-2025-MIDIS/WM-DE,Designan Jefe de la Unidad Territorial Ayacucho del Programa Nacional de Alimentación Escolar Comunitaria Wasi Mikuna,https://busquedas.elperuano.pe/dispositivo/NL/2365407-1,31/01/2025,,,,,,,,,,,,,,,,,,,,,,,,,,,,,,,,,,,,,,
27/01/2025,2365921-1,ECONOMIA Y FINANZAS,DECRETO SUPREMO,N° 010-2025-EF,Decreto Supremo que autoriza Transferencia de Partidas en el Presupuesto del Sector Público para el Año Fiscal 2025 a favor de diversos Pliegos del Gobierno Nacional los gobiernos regionales y diversos gobiernos locales,https://busquedas.elperuano.pe/dispositivo/NL/2365921-1,31/01/2025,,,,,,,,,,,,,,,,,,,,,,,,,,,,,,,,,,,,,,
27/01/2025,2365480-1,MUJER Y POBLACIONES VULNERABLES,RESOLUCION MINISTERIAL,N° 014-2025-MIMP,Designan Directora General de la Dirección General de Población Desarrollo y Voluntariado,https://busquedas.elperuano.pe/dispositivo/NL/2365480-1,31/01/2025,,,,,,,,,,,,,,,,,,,,,,,,,,,,,,,,,,,,,,
27/01/2025,2365861-1,RELACIONES EXTERIORES,RESOLUCION MINISTERIAL,N° 0033-2025-RE,Amplían plazo de duración de la comisión de servicios de personal de la Dirección de Asuntos Antárticos en el marco de la Trigésima Primera Expedición Científica del Perú a la Antártida (ANTAR XXXI) a fin de cumplir funciones de su especialidad en la Estación Científica Antártica Machu Picchu,https://busquedas.elperuano.pe/dispositivo/NL/2365861-1,31/01/2025,,,,,,,,,,,,,,,,,,,,,,,,,,,,,,,,,,,,,,
27/01/2025,2365174-1,TRABAJO Y PROMOCION DEL EMPLEO,RESOLUCION MINISTERIAL,N° 012-2025-TR,Designan Jefe de la Oficina de Presupuesto de la Oficina General de Planeamiento y Presupuesto,https://busquedas.elperuano.pe/dispositivo/NL/2365174-1,31/01/2025,,,,,,,,,,,,,,,,,,,,,,,,,,,,,,,,,,,,,,
27/01/2025,2365919-1,"VIVIENDA, CONSTRUCCIÓN Y SANEAMIENTO",RESOLUCION MINISTERIAL,N° 027-2025-VIVIENDA,Delegan facultades y atribuciones en diversos funcionarios del Ministerio,https://busquedas.elperuano.pe/dispositivo/NL/2365919-1,31/01/2025,,,,,,,,,,,,,,,,,,,,,,,,,,,,,,,,,,,,,,
27/01/2025,2365482-1,"SUPERINTENDENCIA DE TRANSPORTE TERRESTRE DE PERSONAS, CARGA Y MERCANCIAS",RESOLUCION,N° D000012-2025-SUTRAN-CD,Designan Jefe de la Unidad de Recursos Humanos de la SUTRAN,https://busquedas.elperuano.pe/dispositivo/NL/2365482-1,31/01/2025,,,,,,,,,,,,,,,,,,,,,,,,,,,,,,,,,,,,,,
27/01/2025,2365912-1,ORGANISMO DE EVALUACION Y FISCALIZACION AMBIENTAL,RESOLUCION,N° 00003-2025-OEFA/CD,Disponen que la Dirección de Supervisión Ambiental en Energía y Minas; la Dirección de Supervisión Ambiental en Actividades Productivas; y la Dirección de Supervisión Ambiental en Infraestructura y Servicios deleguen diversas funciones en las Oficinas Desconcentradas del OEFA,https://busquedas.elperuano.pe/dispositivo/NL/2365912-1,31/01/2025,,,,,,,,,,,,,,,,,,,,,,,,,,,,,,,,,,,,,,
27/01/2025,2365043-1,CORTES SUPERIORES DE JUSTICIA,RESOLUCION ADMINISTRATIVA,N° 000086-2025-P-CSJPI-PJ,Ratifican funcionaria responsable titular y designan funcionaria responsable alterna para elaborar y actualizar el Portal de Transparencia Estándar de la Corte Superior de Justicia de Piura,https://busquedas.elperuano.pe/dispositivo/NL/2365043-1,31/01/2025,,,,,,,,,,,,,,,,,,,,,,,,,,,,,,,,,,,,,,
27/01/2025,2364278-1,INSTITUCIONES EDUCATIVAS,RESOLUCION,N° 6499-CU-2020,Otorgan duplicado de diploma de Bachiller en Ingeniería Química Ambiental de la Universidad Nacional del Centro del Perú,https://busquedas.elperuano.pe/dispositivo/NL/2364278-1,31/01/2025,,,,,,,,,,,,,,,,,,,,,,,,,,,,,,,,,,,,,,
27/01/2025,2358780-1,GOBIERNO REGIONAL DE UCAYALI,ACUERDO,N° 160-2024-GRU-CR,Aprueban el Presupuesto Institucional de Apertura - PIA 2025 del Gobierno Regional del Departamento de Ucayali,https://busquedas.elperuano.pe/dispositivo/NL/2358780-1,31/01/2025,,,,,,,,,,,,,,,,,,,,,,,,,,,,,,,,,,,,,,
27/01/2025,2358786-1,GOBIERNO REGIONAL DE UCAYALI,ACUERDO,N° 161-2024-GRU-CR,Aprueban validar Acuerdo que aprueba el Expediente Único de Saneamiento y Organización Territorial de la Provincia de Atalaya que contiene las acciones de Delimitación y Redelimitación de la Provincia y sus Distritos así como la creación del Distrito GRAN PAJONAL,https://busquedas.elperuano.pe/dispositivo/NL/2358786-1,31/01/2025,,,,,,,,,,,,,,,,,,,,,,,,,,,,,,,,,,,,,,
27/01/2025,2359614-1,GOBIERNO REGIONAL DE UCAYALI,ORDENANZA,N° 014-2024-GRU-CR,Aprueban e incorporan la Matriz de Inversiones Estratégicas con Enfoque Territorial (ANEXO B-4) al Plan de Desarrollo Regional Concertado del departamento de Ucayali 2023-2033,https://busquedas.elperuano.pe/dispositivo/NL/2359614-1,31/01/2025,,,,,,,,,,,,,,,,,,,,,,,,,,,,,,,,,,,,,,
27/01/2025,2359948-1,GOBIERNO REGIONAL DE UCAYALI,RESOLUCION,N° 002-2025-GRU-GR,Delegan al gerente general regional las facultades para aprobar y/o formalizar las modificaciones presupuestarias en el nivel funcional y programático a propuesta de la Unidad de Planeamiento y Presupuesto durante el Año Fiscal 2025,https://busquedas.elperuano.pe/dispositivo/NL/2359948-1,31/01/2025,,,,,,,,,,,,,,,,,,,,,,,,,,,,,,,,,,,,,,
27/01/2025,2364162-1,MUNICIPALIDAD DE LURIGANCHO CHOSICA,DECRETO DE ALCALDIA,N° 001-2025-MDL,Aprueban modificación del Acta de Fiscalización - Anexo A del Régimen de Aplicación de Sanciones Administrativas (RASA) y el Cuadro Único de Infracciones y Sanciones (CUIS) aprobados mediante la Ordenanza Municipal N° 348-MDL así como el reverso del acta sobre gradualidad eximentes y atenuantes en la imposición de multas administrativas,https://busquedas.elperuano.pe/dispositivo/NL/2364162-1,31/01/2025,,,,,,,,,,,,,,,,,,,,,,,,,,,,,,,,,,,,,,
27/01/2025,2364156-1,MUNICIPALIDAD DE LURIGANCHO CHOSICA,ORDENANZA,N° 361-MDL,Aprueban el Reglamento del Proceso de Presupuesto Participativo Basado en Resultados 2026 del Distrito de Lurigancho a desarrollarse en el año 2025,https://busquedas.elperuano.pe/dispositivo/NL/2364156-1,31/01/2025,,,,,,,,,,,,,,,,,,,,,,,,,,,,,,,,,,,,,,
27/01/2025,2364160-1,MUNICIPALIDAD DE LURIGANCHO CHOSICA,ORDENANZA,N° 362-MDL,Aprueban la creación del Consejo Local de Fomento Artesanal Distrital de Lurigancho – COLOFAR así como su Reglamento y el del Artesano Chosicano,https://busquedas.elperuano.pe/dispositivo/NL/2364160-1,31/01/2025,,,,,,,,,,,,,,,,,,,,,,,,,,,,,,,,,,,,,,
27/01/2025,2365269-1,MUNICIPALIDAD DE SAN BORJA,Decretos de Alcaldía,N° 002-2025-MSB-A,Aprueban el Texto Único Ordenado (TUO) de la Ordenanza N° 491-MSB que aprueba el Reglamento de Edificaciones y Normas Complementarias de la zonificación del distrito de San Borja,https://epdoc2.elperuano.pe/EpPo/VistaDE.asp?Referencias=MjM2NTI2OS0xMjAyNTAxMjc=,31/01/2025,,,,,,,,,,,,,,,,,,,,,,,,,,,,,,,,,,,,,,
26/01/2025,2365304-1,CULTURA,RESOLUCION DIRECTORAL,N° 000034-2025-DGPA-VMPCIC/MC,Determinan la Protección Provisional del Sitio Arqueológico Loma Ancón 2 ubicado en el distrito de Ancón provincia y departamento de Lima,https://busquedas.elperuano.pe/dispositivo/NL/2365304-1,31/01/2025,,,,,,,,,,,,,,,,,,,,,,,,,,,,,,,,,,,,,,
26/01/2025,2365365-1,CULTURA,RESOLUCION DIRECTORAL,N° 000035-2025-DGPA-VMPCIC/MC,Determinan la Protección Provisional del Sitio Arqueológico Muralla Tungasuca ubicado en el distrito de Comas provincia y departamento de Lima,https://busquedas.elperuano.pe/dispositivo/NL/2365365-1,31/01/2025,,,,,,,,,,,,,,,,,,,,,,,,,,,,,,,,,,,,,,
26/01/2025,2365051-1,CULTURA,RESOLUCION VICE MINISTERIAL,N° 000029-2025-VMPCIC/MC,Declaran Patrimonio Cultural de la Nación en el ámbito de Obra de grandes maestros sabios y creadores a la Obra Musical de José Theodoro Valcárcel Caballero,https://busquedas.elperuano.pe/dispositivo/NL/2365051-1,31/01/2025,,,,,,,,,,,,,,,,,,,,,,,,,,,,,,,,,,,,,,
26/01/2025,2365052-1,CULTURA,RESOLUCION VICE MINISTERIAL,N° 000030-2025-VMPCIC/MC,Declaran Patrimonio Cultural de la Nación en su condición de patrimonio cultural subacuático al buque naufragado que se encuentra en la cercanía de la isla Chincha Sur provincia de Pisco departamento de Ica denominado Buque Histórico Chincha Sur,https://busquedas.elperuano.pe/dispositivo/NL/2365052-1,31/01/2025,,,,,,,,,,,,,,,,,,,,,,,,,,,,,,,,,,,,,,
26/01/2025,2364944-1,DEFENSA,RESOLUCION MINISTERIAL,N° 00082-2025-DE,Autorizan viaje de oficial de la Marina de Guerra del Perú a la República de Chile en comisión de servicios,https://busquedas.elperuano.pe/dispositivo/NL/2364944-1,31/01/2025,,,,,,,,,,,,,,,,,,,,,,,,,,,,,,,,,,,,,,
26/01/2025,2365475-1,INTERIOR,RESOLUCION MINISTERIAL,N° 0087-2025-IN,Designan Directora de la Dirección de Canales de Atención y Denuncias de la Dirección General de Información para la Seguridad del Despacho Viceministerial de Seguridad Pública del Ministerio del Interior,https://busquedas.elperuano.pe/dispositivo/NL/2365475-1,31/01/2025,,,,,,,,,,,,,,,,,,,,,,,,,,,,,,,,,,,,,,
26/01/2025,2365477-1,"VIVIENDA, CONSTRUCCIÓN Y SANEAMIENTO",RESOLUCION MINISTERIAL,N° 026-2025-VIVIENDA,Aprueban el Plan de Acción para la Adopción Progresiva de la Metodología BIM en el Sector Vivienda Construcción y Saneamiento y el Plan de Implementación de la Metodología BIM en el Sector Vivienda Construcción y Saneamiento,https://busquedas.elperuano.pe/dispositivo/NL/2365477-1,31/01/2025,,,,,,,,,,,,,,,,,,,,,,,,,,,,,,,,,,,,,,
26/01/2025,2365354-1,ORGANISMO SUPERVISOR DE LA INVERSIÓN EN INFRAESTRUCTURA DE TRANSPORTE DE USO PÚBLICO,RESOLUCION,N° 0010-2025-PD-OSITRAN,Aprueban el Informe Conjunto N° 00012-2025-IC-OSITRAN y en consecuencia disponen el inicio de oficio del procedimiento de interpretación de la cláusula 1.13 del Contrato de Concesión para la Construcción Conservación y operación del Tramo Vial Ovalo Chancay / Dv. Variante Pasamayo - Huaral – Acos,https://busquedas.elperuano.pe/dispositivo/NL/2365354-1,31/01/2025,,,,,,,,,,,,,,,,,,,,,,,,,,,,,,,,,,,,,,
26/01/2025,2365476-1,AGENCIA DE PROMOCIÓN DE LA INVERSIÓN PRIVADA,RESOLUCION,N° 011-2025,Designan Director de Línea de la Dirección de Servicios al Inversionista de la Agencia de Promoción de la Inversión Privada - PROINVERSIÓN,https://busquedas.elperuano.pe/dispositivo/NL/2365476-1,31/01/2025,,,,,,,,,,,,,,,,,,,,,,,,,,,,,,,,,,,,,,
26/01/2025,2365261-1,INSTITUTO NACIONAL DE DEFENSA DE LA COMPETENCIA Y DE LA PROTECCION DE LA PROPIEDAD INTELECTUAL,RESOLUCION,N° 0002-2025/SEL-INDECOPI,Declaran barreras burocráticas ilegales diversas exigencias establecidas en la Ordenanza Nº 627/MM Ordenanza que reglamenta el otorgamiento de las licencias de funcionamiento autorizaciones derivadas y/o conexas así como autorizaciones temporales para el desarrollo de actividades económicas en el distrito de Miraflores,https://busquedas.elperuano.pe/dispositivo/NL/2365261-1,31/01/2025,,,,,,,,,,,,,,,,,,,,,,,,,,,,,,,,,,,,,,
26/01/2025,2365262-1,INSTITUTO NACIONAL DE DEFENSA DE LA COMPETENCIA Y DE LA PROTECCION DE LA PROPIEDAD INTELECTUAL,RESOLUCION,N° 0010-2025/SEL-INDECOPI,Declaran barrera burocrática ilegal lo dispuesto en el Numeral 8.8 del artículo 8 del Decreto Supremo Nº 012-2019-PRODUCE,https://busquedas.elperuano.pe/dispositivo/NL/2365262-1,31/01/2025,,,,,,,,,,,,,,,,,,,,,,,,,,,,,,,,,,,,,,
26/01/2025,2364833-1,GOBIERNO REGIONAL DE PIURA,ACUERDO,N° 2378-2025/GRP-CR,Ratifican para el año fiscal 2025 las remuneraciones del Gobernador y Vicegobernadora Regional y dietas de los Consejeros y Consejeras Regionales,https://busquedas.elperuano.pe/dispositivo/NL/2364833-1,31/01/2025,,,,,,,,,,,,,,,,,,,,,,,,,,,,,,,,,,,,,,
26/01/2025,2365235-1,MUNICIPALIDAD METROPOLITANA DE LIMA,ACUERDO,N° 021,Acuerdo de Concejo que autoriza viaje al exterior del Jefe de la Oficina General de Asuntos Jurídicos a San Francisco – EE.UU.,https://busquedas.elperuano.pe/dispositivo/NL/2365235-1,31/01/2025,,,,,,,,,,,,,,,,,,,,,,,,,,,,,,,,,,,,,,
26/01/2025,2363833-1,MUNICIPALIDAD DE PUENTE PIEDRA,Ordenanzas,N° 462-MDPP,Ordenanza que regula el Proceso de Participación de las Organizaciones de la Sociedad Civil y el Proceso de Presupuesto Participativo Basado en Resultados,https://epdoc2.elperuano.pe/EpPo/VistaDE.asp?Referencias=MjM2MzgzMy0xMjAyNTAxMjY=,31/01/2025,,,,,,,,,,,,,,,,,,,,,,,,,,,,,,,,,,,,,,
26/01/2025,2363385-1,MUNICIPALIDAD PROVINCIAL DE AREQUIPA,ORDENANZA,N° 1356,Prorrogan vigencia de tasas de arbitrios de los servicios públicos aprobado mediante Ordenanza Municipal Nº 1084 para el periodo fiscal 2025; reajustado por el Índice de Precios al Consumidor (IPC) del periodo 2024,https://busquedas.elperuano.pe/dispositivo/NL/2363385-1,31/01/2025,,,,,,,,,,,,,,,,,,,,,,,,,,,,,,,,,,,,,,
26/01/2025,2363386-1,MUNICIPALIDAD PROVINCIAL DE AREQUIPA,ORDENANZA,N° 1357,Establecen plazo de presentación de la Declaración Jurada Anual y pago del Impuesto Predial y al Patrimonio Vehicular así como la actualización de valores y emisión mecanizada para el año 2025,https://busquedas.elperuano.pe/dispositivo/NL/2363386-1,31/01/2025,,,,,,,,,,,,,,,,,,,,,,,,,,,,,,,,,,,,,,
25/01/2025,2364643-1,CULTURA,RESOLUCION DIRECTORAL,N° 000033-2025-DGPA-VMPCIC/MC,Determinan la Protección Provisional del sitio arqueológico Loma Mica ubicado en el distrito de La Matanza provincia de Morropón departamento de Piura,https://busquedas.elperuano.pe/dispositivo/NL/2364643-1,31/01/2025,,,,,,,,,,,,,,,,,,,,,,,,,,,,,,,,,,,,,,
25/01/2025,2365478-1,CULTURA,RESOLUCION MINISTERIAL,N° 000016-2025-MC,Modifican la R.M. N° 000452-2024-MC mediante la cual se delegan facultades y atribuciones en diversos funcionarios del Ministerio de Cultura durante el Ejercicio Fiscal 2025,https://busquedas.elperuano.pe/dispositivo/NL/2365478-1,31/01/2025,,,,,,,,,,,,,,,,,,,,,,,,,,,,,,,,,,,,,,
25/01/2025,2365466-1,CULTURA,RESOLUCION MINISTERIAL,N° 000012-2025-MC,Aprueban el ingreso libre en los días de aniversario de la creación o inauguración a los cincuenta y seis museos administrados por el Ministerio de Cultura durante el año 2025,https://busquedas.elperuano.pe/dispositivo/NL/2365466-1,31/01/2025,,,,,,,,,,,,,,,,,,,,,,,,,,,,,,,,,,,,,,
25/01/2025,2364632-1,CULTURA,RESOLUCION VICE MINISTERIAL,N° 000027-2025-VMPCIC/MC,Declaran Patrimonio Cultural de la Nación al buque naufragado que se encuentra en la cercanía de la isla Chincha Norte provincia de Pisco departamento de Ica denominado Buque Histórico Chincha Norte,https://busquedas.elperuano.pe/dispositivo/NL/2364632-1,31/01/2025,,,,,,,,,,,,,,,,,,,,,,,,,,,,,,,,,,,,,,
25/01/2025,2364940-1,DEFENSA,RESOLUCION MINISTERIAL,N° 00081-2025-DE,Autorizan viaje de personal militar FAP a la República de Colombia en misión de estudios,https://busquedas.elperuano.pe/dispositivo/NL/2364940-1,31/01/2025,,,,,,,,,,,,,,,,,,,,,,,,,,,,,,,,,,,,,,
25/01/2025,2364946-1,DEFENSA,RESOLUCION MINISTERIAL,N° 00083-2025-DE,Autorizan viaje de oficiales de la Fuerza Aérea del Perú a la República Argentina en misión de estudios,https://busquedas.elperuano.pe/dispositivo/NL/2364946-1,31/01/2025,,,,,,,,,,,,,,,,,,,,,,,,,,,,,,,,,,,,,,
25/01/2025,2365329-1,DEFENSA,RESOLUCION MINISTERIAL,N° 00092-2025-DE,Designan Director General de la Dirección General de Relaciones Internacionales del Ministerio,https://busquedas.elperuano.pe/dispositivo/NL/2365329-1,31/01/2025,,,,,,,,,,,,,,,,,,,,,,,,,,,,,,,,,,,,,,
25/01/2025,2365310-1,DESARROLLO AGRARIO Y RIEGO,RESOLUCION DIRECTORAL,N° D000002-2025-MIDAGRI-SENASA-DSV,Establecen requisitos fitosanitarios de cumplimiento obligatorio para la importación de fruta fresca de carozos: durazno ciruela nectarina cereza damasco y plumcot de origen y procedencia de la República de Chile,https://busquedas.elperuano.pe/dispositivo/NL/2365310-1,31/01/2025,,,,,,,,,,,,,,,,,,,,,,,,,,,,,,,,,,,,,,
25/01/2025,2365021-1,DESARROLLO AGRARIO Y RIEGO,RESOLUCION DIRECTORAL,N° D000005-2025-MIDAGRI-SENASA-DSA,Aprueban los Lineamientos para el reconocimiento de compartimento con estatus libre de las enfermedades de influenza aviar altamente patógena y/o Newcastle velogénica y la conservación del estatus del compartimento,https://busquedas.elperuano.pe/dispositivo/NL/2365021-1,31/01/2025,,,,,,,,,,,,,,,,,,,,,,,,,,,,,,,,,,,,,,
25/01/2025,2365029-1,DESARROLLO AGRARIO Y RIEGO,RESOLUCION JEFATURAL,N° D000012-2025-MIDAGRI-SENASA-JN,Disponen oficialización de la campaña de vacunación contra enfermedades del carbunco sintomático y el edema maligno para el año 2025 en los departamentos de Amazonas Áncash Apurímac Arequipa Ayacucho Cajamarca Cusco Huancavelica Huánuco Ica Junín La Libertad Lambayeque Lima Loreto Madre de Dios Moquegua Pasco Piura Puno San Martín Tacna Tumbes y Ucayali,https://busquedas.elperuano.pe/dispositivo/NL/2365029-1,31/01/2025,,,,,,,,,,,,,,,,,,,,,,,,,,,,,,,,,,,,,,
25/01/2025,2365384-1,DESARROLLO E INCLUSIÓN SOCIAL,RESOLUCION MINISTERIAL,N° D000018-2025-MIDIS,Designan Asesor de la Secretaría General del Ministerio,https://busquedas.elperuano.pe/dispositivo/NL/2365384-1,31/01/2025,,,,,,,,,,,,,,,,,,,,,,,,,,,,,,,,,,,,,,
25/01/2025,2365386-1,DESARROLLO E INCLUSIÓN SOCIAL,RESOLUCION MINISTERIAL,N° D000019-2025-MIDIS,Designan Asesora de la Secretaría General del Ministerio,https://busquedas.elperuano.pe/dispositivo/NL/2365386-1,31/01/2025,,,,,,,,,,,,,,,,,,,,,,,,,,,,,,,,,,,,,,
25/01/2025,2365389-1,DESARROLLO E INCLUSIÓN SOCIAL,RESOLUCION MINISTERIAL,N° D000022-2025-MIDIS,Designan Asesor de Coordinación Parlamentaria del Despacho Ministerial,https://busquedas.elperuano.pe/dispositivo/NL/2365389-1,31/01/2025,,,,,,,,,,,,,,,,,,,,,,,,,,,,,,,,,,,,,,
25/01/2025,2365393-1,DESARROLLO E INCLUSIÓN SOCIAL,RESOLUCION MINISTERIAL,N° D000023-2025-MIDIS,Designan Asesor del Despacho Viceministerial de Prestaciones Sociales,https://busquedas.elperuano.pe/dispositivo/NL/2365393-1,31/01/2025,,,,,,,,,,,,,,,,,,,,,,,,,,,,,,,,,,,,,,
25/01/2025,2365411-1,ECONOMIA Y FINANZAS,RESOLUCION DIRECTORAL,N° 0005-2025-EF/53.01,Establecen el inicio y el cronograma para el proceso de transferencia de la administración y pago de pensiones en el régimen del Decreto Ley N° 20530,https://busquedas.elperuano.pe/dispositivo/NL/2365411-1,31/01/2025,,,,,,,,,,,,,,,,,,,,,,,,,,,,,,,,,,,,,,
25/01/2025,2365360-1,EDUCACION,RESOLUCION VICE MINISTERIAL,N° 004-2025-MINEDU,Aprueban Lineamientos aplicables para el otorgamiento de subvenciones económicas a graduados y estudiantes de pregrado de las universidades públicas para el desarrollo de actividades académicas investigación formativa de pregrado concursos de investigación e innovación entre otros fines vinculados al artículo 48 de la Ley N° 30220 Ley Universitaria; así como subvenciones a favor de estudiantes de pregrado y graduados para obtener el título profesional a nivel de pregrado en el marco del artículo 82 de la Ley N° 32185 Ley de Presupuesto del Sector Público para el Año Fiscal 2025,https://busquedas.elperuano.pe/dispositivo/NL/2365360-1,31/01/2025,,,,,,,,,,,,,,,,,,,,,,,,,,,,,,,,,,,,,,
25/01/2025,2365364-1,INTERIOR,RESOLUCION MINISTERIAL,N° 0076-2025-IN,Autorizan viaje de personal policial a Colombia en comisión de servicios,https://busquedas.elperuano.pe/dispositivo/NL/2365364-1,31/01/2025,,,,,,,,,,,,,,,,,,,,,,,,,,,,,,,,,,,,,,
25/01/2025,2365468-1,INTERIOR,RESOLUCION MINISTERIAL,N° 0081-2025-IN,Designan Director de la Oficina de Liquidación de Contratos de la Oficina General de Infraestructura del Ministerio,https://busquedas.elperuano.pe/dispositivo/NL/2365468-1,31/01/2025,,,,,,,,,,,,,,,,,,,,,,,,,,,,,,,,,,,,,,
25/01/2025,2365469-1,INTERIOR,RESOLUCION MINISTERIAL,N° 0083-2025-IN,Designan Directora de la Oficina de Obras de la Oficina General de Infraestructura del Ministerio,https://busquedas.elperuano.pe/dispositivo/NL/2365469-1,31/01/2025,,,,,,,,,,,,,,,,,,,,,,,,,,,,,,,,,,,,,,
25/01/2025,2365470-1,INTERIOR,RESOLUCION MINISTERIAL,N° 0084-2025-IN,Designan Director de la Oficina de Estudios de la Oficina General de Infraestructura del Ministerio,https://busquedas.elperuano.pe/dispositivo/NL/2365470-1,31/01/2025,,,,,,,,,,,,,,,,,,,,,,,,,,,,,,,,,,,,,,
25/01/2025,2365311-1,MUJER Y POBLACIONES VULNERABLES,RESOLUCION MINISTERIAL,N° 012-2025-MIMP,Designan miembro del Directorio de la Sociedad de Beneficencia de Tacna en representación del Ministerio de la Mujer y Poblaciones Vulnerables,https://busquedas.elperuano.pe/dispositivo/NL/2365311-1,31/01/2025,,,,,,,,,,,,,,,,,,,,,,,,,,,,,,,,,,,,,,
25/01/2025,2365136-1,RELACIONES EXTERIORES,RESOLUCION MINISTERIAL,N° 0011-2025-RE,Designan Presidente de la Sección Nacional Peruana de la Comisión Permanente del Pacífico Sur (CPPS) y Representante Permanente del Ministerio de Relaciones Exteriores ante dicho organismo,https://busquedas.elperuano.pe/dispositivo/NL/2365136-1,31/01/2025,,,,,,,,,,,,,,,,,,,,,,,,,,,,,,,,,,,,,,
25/01/2025,2365473-1,TRANSPORTES Y COMUNICACIONES,DECRETO SUPREMO,N° 001-2025-MTC,Decreto Supremo que aprueba el texto de la Adenda N° 2 del Contrato de Concesión para el Diseño Construcción Financiamiento Conservación y Explotación del Terminal de Embarque de Concentrados de Minerales en el Terminal Portuario del Callao,https://busquedas.elperuano.pe/dispositivo/NL/2365473-1,31/01/2025,,,,,,,,,,,,,,,,,,,,,,,,,,,,,,,,,,,,,,
25/01/2025,2364780-1,TRANSPORTES Y COMUNICACIONES,RESOLUCION MINISTERIAL,N° 030-2025-MTC/01.03,Otorgan a la empresa CORPORACION ORBITA TV S.A.C. Concesión Única para la prestación de servicios públicos de telecomunicaciones en área que comprende todo el territorio de la República,https://busquedas.elperuano.pe/dispositivo/NL/2364780-1,31/01/2025,,,,,,,,,,,,,,,,,,,,,,,,,,,,,,,,,,,,,,
25/01/2025,2364806-1,TRANSPORTES Y COMUNICACIONES,RESOLUCION MINISTERIAL,N° 031-2025-MTC/01.03,Otorgan a la empresa DICTEL PERU S.A.C. Concesión Única para la prestación de servicios públicos de telecomunicaciones en área que comprende todo el territorio de la República,https://busquedas.elperuano.pe/dispositivo/NL/2364806-1,31/01/2025,,,,,,,,,,,,,,,,,,,,,,,,,,,,,,,,,,,,,,
25/01/2025,2364819-1,TRANSPORTES Y COMUNICACIONES,RESOLUCION MINISTERIAL,N° 032-2025-MTC/01.03,Otorgan a la empresa AKITEL PERU E.I.R.L. Concesión Única para la prestación de servicios públicos de telecomunicaciones en área que comprende todo el territorio de la República,https://busquedas.elperuano.pe/dispositivo/NL/2364819-1,31/01/2025,,,,,,,,,,,,,,,,,,,,,,,,,,,,,,,,,,,,,,
25/01/2025,2364829-1,TRANSPORTES Y COMUNICACIONES,RESOLUCION VICE MINISTERIAL,N° 0006-2025-MTC/03,Designan el Comité de Recepción y Evaluación de Propuestas que tiene a su cargo la preparación de las Bases y la conducción de los Concursos Públicos para el otorgamiento de autorizaciones del servicio de radiodifusión en aquellas localidades y bandas de frecuencias que han sido declaradas en restricción que se convoquen en el año 2025,https://busquedas.elperuano.pe/dispositivo/NL/2364829-1,31/01/2025,,,,,,,,,,,,,,,,,,,,,,,,,,,,,,,,,,,,,,
25/01/2025,2365319-1,"VIVIENDA, CONSTRUCCIÓN Y SANEAMIENTO",RESOLUCION DIRECTORAL,N° 005-2025/VIVIENDA/VMCS/PNSR,Aprueban el Manual de Clasificador de Cargos del Programa Nacional de Saneamiento Rural – PNSR,https://busquedas.elperuano.pe/dispositivo/NL/2365319-1,31/01/2025,,,,,,,,,,,,,,,,,,,,,,,,,,,,,,,,,,,,,,
25/01/2025,2365398-1,"VIVIENDA, CONSTRUCCIÓN Y SANEAMIENTO",RESOLUCION MINISTERIAL,N° 025-2025-VIVIENDA,Autorizan Transferencia Financiera a favor del Fondo MIVIVIENDA S.A. destinada a la ejecución del Bono Familiar Habitacional en la modalidad de aplicación de Adquisición de Vivienda Nueva,https://busquedas.elperuano.pe/dispositivo/NL/2365398-1,31/01/2025,,,,,,,,,,,,,,,,,,,,,,,,,,,,,,,,,,,,,,
25/01/2025,2364693-1,CENTRAL DE COMPRAS PÚBLICAS,RESOLUCION JEFATURAL,N° 000009-2025-PERÚ COMPRAS-JEFATURA,Aprueban quince (15) Fichas Técnicas del rubro Componentes y suministros de construcciones estructuras y obras disponiendo su inclusión en el Listado de Bienes y Servicios Comunes - LBSC,https://busquedas.elperuano.pe/dispositivo/NL/2364693-1,31/01/2025,,,,,,,,,,,,,,,,,,,,,,,,,,,,,,,,,,,,,,
25/01/2025,2365301-1,INSTITUTO PERUANO DE ENERGIA NUCLEAR,RESOLUCION,N° D000005-2025-IPEN-PRES,Designan Jefa de la Oficina de Asesoría Jurídica del Instituto Peruano de Energía Nuclear - IPEN,https://busquedas.elperuano.pe/dispositivo/NL/2365301-1,31/01/2025,,,,,,,,,,,,,,,,,,,,,,,,,,,,,,,,,,,,,,
25/01/2025,2364409-1,ORGANISMO SUPERVISOR DE LA INVERSIÓN EN ENERGÍA Y MINERÍA,RESOLUCION,N° s. 004 y 005-2025-OS/CD,Resolución de Consejo Directivo que aprueba el Procedimiento Técnico del COES N° 17 Determinación de la Potencia Efectiva y Rendimiento de las Unidades de Generación Termoeléctrica (PR-17) - Resolución de Consejo Directivo que aprueba el nuevo Procedimiento Técnico del COES N° 18 Determinación de la Potencia Efectiva de Centrales Hidroeléctricas (PR-18),https://epdoc2.elperuano.pe/EpPo/VistaNLSE.asp?Referencias=MjM2NDQwOS0xMjAyNTAxMjU=,31/01/2025,,,,,,,,,,,,,,,,,,,,,,,,,,,,,,,,,,,,,,
25/01/2025,2365023-1,SERVICIO NACIONAL DE AREAS NATURALES PROTEGIDAS POR EL ESTADO,RESOLUCION,N° 000014-2025-SERNANP/J-SGD,Aprueban el Plan Maestro de la Reserva Nacional de Salinas y Aguada Blanca para el periodo 2025-2030,https://busquedas.elperuano.pe/dispositivo/NL/2365023-1,31/01/2025,,,,,,,,,,,,,,,,,,,,,,,,,,,,,,,,,,,,,,
25/01/2025,2364588-1,SERVICIO NACIONAL DE CERTIFICACIÓN AMBIENTAL PARA LAS INVERSIONES SOSTENIBLES,RESOLUCION,N° 00007-2025-SENACE/PE,Aprueban Lineamientos para la realización de reuniones de comunicación del avance de la evaluación ambiental orientación técnica y traslado de copia de observaciones durante la evaluación ambiental,https://busquedas.elperuano.pe/dispositivo/NL/2364588-1,31/01/2025,,,,,,,,,,,,,,,,,,,,,,,,,,,,,,,,,,,,,,
25/01/2025,2365080-1,DEFENSORIA DEL PUEBLO,RESOLUCION ADMINISTRATIVA,N° 0004-2025/DP,Delegan facultades en el Secretario General en materia presupuestaria y de inversiones durante el ejercicio del Año Fiscal 2025,https://busquedas.elperuano.pe/dispositivo/NL/2365080-1,31/01/2025,,,,,,,,,,,,,,,,,,,,,,,,,,,,,,,,,,,,,,
25/01/2025,2364671-1,OFICINA NACIONAL DE PROCESOS ELECTORALES,RESOLUCION JEFATURAL,N° 000004-2025-JN/ONPE,Autorizan viaje de jefe de la Oficina Nacional de Procesos Electorales a Ecuador en comisión de servicios,https://busquedas.elperuano.pe/dispositivo/NL/2364671-1,31/01/2025,,,,,,,,,,,,,,,,,,,,,,,,,,,,,,,,,,,,,,
25/01/2025,2362224-1,MUNICIPALIDAD DE EL AGUSTINO,ORDENANZA,N° 755-2024-MDEA,Ordenanza que convoca a elecciones de los representantes de la Sociedad Civil ante del Consejo de Coordinación Local del distrito de El Agustino; aprueba el Reglamento y el Cronograma del Proceso de Elecciones; y designa al Comité Electoral que conducirá al proceso,https://busquedas.elperuano.pe/dispositivo/NL/2362224-1,31/01/2025,,,,,,,,,,,,,,,,,,,,,,,,,,,,,,,,,,,,,,
25/01/2025,2365079-1,MUNICIPALIDAD DE JESUS MARIA,Ordenanzas,N° 736 -MDJM,Ordenanza que regula los beneficios de descuentos en Arbitrios Municipales por el pronto pago y establece el cronograma para el cumplimiento del Impuesto Predial y Arbitrios Municipales para el ejercicio 2025,https://epdoc2.elperuano.pe/EpPo/VistaDE.asp?Referencias=MjM2NTA3OS0xMjAyNTAxMjU=,31/01/2025,,,,,,,,,,,,,,,,,,,,,,,,,,,,,,,,,,,,,,
25/01/2025,2364752-1,MUNICIPALIDAD DE MAGDALENA DEL MAR,Ordenanzas,N° 256-2025-MDMM,Ordenanza que modifica la Quinta Disposición Complementaria y Final de la Ordenanza N° 251-2024-MDMM que establecen las tasas de los Arbitrios Municipales de Barrido de Calles Recolección de Residuos Sólidos Parques y Jardines Públicos y Serenazgo del año 2025 para el distrito de Magdalena del Mar,https://epdoc2.elperuano.pe/EpPo/VistaDE.asp?Referencias=MjM2NDc1Mi0xMjAyNTAxMjU=,31/01/2025,,,,,,,,,,,,,,,,,,,,,,,,,,,,,,,,,,,,,,
25/01/2025,2364635-1,MUNICIPALIDAD DE MAGDALENA DEL MAR,Ordenanzas,N° 253-2025-MDMM,Modifican la Ordenanza Nº 215-2024-MDMM que regula el otorgamiento de licencias de funcionamiento y autorizaciones conexas y derivadas para el desarrollo de actividades económicas en el distrito de Magdalena del Mar,https://epdoc2.elperuano.pe/EpPo/VistaDE.asp?Referencias=MjM2NDYzNS0xMjAyNTAxMjU=,31/01/2025,,,,,,,,,,,,,,,,,,,,,,,,,,,,,,,,,,,,,,
25/01/2025,2364637-1,MUNICIPALIDAD DE MAGDALENA DEL MAR,Ordenanzas,N° 254-2025-MDMM,Ordenanza que establece beneficios tributarios a favor de las personas con discapacidad y de las entidades que albergan menores de edad en situación de extrema pobreza y/o abandono,https://epdoc2.elperuano.pe/EpPo/VistaDE.asp?Referencias=MjM2NDYzNy0xMjAyNTAxMjU=,31/01/2025,,,,,,,,,,,,,,,,,,,,,,,,,,,,,,,,,,,,,,
25/01/2025,2364639-1,MUNICIPALIDAD DE MAGDALENA DEL MAR,Ordenanzas,N° 255-2025-MDMM,Ordenanza que establece medidas excepcionales para la recuperación de adeudos de años anteriores que se encuentren en estado coactivo en la Municipalidad de Magdalena del Mar,https://epdoc2.elperuano.pe/EpPo/VistaDE.asp?Referencias=MjM2NDYzOS0xMjAyNTAxMjU=,31/01/2025,,,,,,,,,,,,,,,,,,,,,,,,,,,,,,,,,,,,,,
25/01/2025,2352403-1,MUNICIPALIDAD DE SAN JUAN DE MIRAFLORES,ORDENANZA,N° 535/MDSJM,Ordenanza que aprueba el Reglamento de Organización y Funciones (ROF) de la Municipalidad Distrital de San Juan de Miraflores,https://epdoc2.elperuano.pe/EpPo/VistaNLSE.asp?Referencias=MjM1MjQwMy0xMjAyNTAxMjU=,31/01/2025,,,,,,,,,,,,,,,,,,,,,,,,,,,,,,,,,,,,,,
25/01/2025,2359964-1,MUNICIPALIDAD DE SAN JUAN DE MIRAFLORES,ORDENANZA,N° 537/MDSJM,Modifican la Ordenanza Nº 516/MDSJM del cuadrante seguro y saludable que regula el uso de elementos de seguridad resguardando el derecho a la vida integridad física libre tránsito y propiedad privada en el distrito de San Juan de Miraflores,https://busquedas.elperuano.pe/dispositivo/NL/2359964-1,31/01/2025,,,,,,,,,,,,,,,,,,,,,,,,,,,,,,,,,,,,,,
25/01/2025,2364690-1,MUNICIPALIDAD DE SAN MIGUEL,Res. Alcaldía,N° 644-2024/MDSM,Aprueban el Texto Único de Servicios No Exclusivos de la Municipalidad de San Miguel,https://epdoc2.elperuano.pe/EpPo/VistaDE.asp?Referencias=MjM2NDY5MC0xMjAyNTAxMjU=,31/01/2025,,,,,,,,,,,,,,,,,,,,,,,,,,,,,,,,,,,,,,
25/01/2025,2360973-1,MUNICIPALIDAD PROVINCIAL DE AREQUIPA,ORDENANZA,N° 1355,Ordenanza que aprueba el Plan de Optimización de Rutas para la etapa pre operativa del Sistema Integrado de Transportes de la Ciudad de Arequipa,https://busquedas.elperuano.pe/dispositivo/NL/2360973-1,31/01/2025,,,,,,,,,,,,,,,,,,,,,,,,,,,,,,,,,,,,,,
24/01/2025,2365039-1,PRESIDENCIA DEL CONSEJO DE MINISTROS,DECRETO SUPREMO,N° 014-2025-PCM,Decreto Supremo que modifica el Reglamento del Tribunal del Servicio Civil aprobado mediante Decreto Supremo N° 008-2010-PCM,https://busquedas.elperuano.pe/dispositivo/NL/2365039-1,31/01/2025,,,,,,,,,,,,,,,,,,,,,,,,,,,,,,,,,,,,,,
24/01/2025,2365027-1,PRESIDENCIA DEL CONSEJO DE MINISTROS,RESOLUCION MINISTERIAL,N° 012-2025-PCM,Designan Asesor de Alta Dirección de la Secretaría General de la PCM,https://busquedas.elperuano.pe/dispositivo/NL/2365027-1,31/01/2025,,,,,,,,,,,,,,,,,,,,,,,,,,,,,,,,,,,,,,
24/01/2025,2365472-2,PRESIDENCIA DEL CONSEJO DE MINISTROS,RESOLUCION SUPREMA,N° 012-2025-PCM,Modifican el artículo 1 de la Resolución Suprema N° 006-2025-PCM,https://busquedas.elperuano.pe/dispositivo/NL/2365472-2,31/01/2025,,,,,,,,,,,,,,,,,,,,,,,,,,,,,,,,,,,,,,
24/01/2025,2364696-1,AMBIENTE,RESOLUCION MINISTERIAL,N° 00017-2025-MINAM,Designan Jefa de la Oficina de Presupuesto y Programación Multianual de Inversiones de la Oficina General de Planeamiento y Presupuesto del Ministerio,https://busquedas.elperuano.pe/dispositivo/NL/2364696-1,31/01/2025,,,,,,,,,,,,,,,,,,,,,,,,,,,,,,,,,,,,,,
24/01/2025,2365036-1,AMBIENTE,RESOLUCION MINISTERIAL,N° 00018-2025-MINAM,Disponen la publicación del proyecto de Decreto Supremo que crea la Línea base ambiental pública a cargo del Ministerio del Ambiente y su Exposición de Motivos,https://busquedas.elperuano.pe/dispositivo/NL/2365036-1,31/01/2025,,,,,,,,,,,,,,,,,,,,,,,,,,,,,,,,,,,,,,
24/01/2025,2364246-1,CULTURA,RESOLUCION DIRECTORAL,N° 000029-2025-DGPA-VMPCIC/MC,Determinan la Protección Provisional de la Zona Arqueológica Monumental Hatun Xauxa Sector 9 ubicado en el distrito de Sausa provincia de Jauja departamento de Junín,https://busquedas.elperuano.pe/dispositivo/NL/2364246-1,31/01/2025,,,,,,,,,,,,,,,,,,,,,,,,,,,,,,,,,,,,,,
24/01/2025,2364251-1,CULTURA,RESOLUCION DIRECTORAL,N° 000030-2025-DGPA-VMPCIC/MC,Determinan la Protección Provisional del Sitio Arqueológico Molle ubicado en el distrito de Cieneguilla provincia y departamento de Lima,https://busquedas.elperuano.pe/dispositivo/NL/2364251-1,31/01/2025,,,,,,,,,,,,,,,,,,,,,,,,,,,,,,,,,,,,,,
24/01/2025,2364254-1,CULTURA,RESOLUCION DIRECTORAL,N° 000032-2025-DGPA-VMPCIC/MC,Determinan la Protección Provisional del Complejo Arqueológico Monumental Punkuchi Sector B ubicado en el distrito de Cuenca provincia de Huancavelica departamento de Huancavelica,https://busquedas.elperuano.pe/dispositivo/NL/2364254-1,31/01/2025,,,,,,,,,,,,,,,,,,,,,,,,,,,,,,,,,,,,,,
24/01/2025,2364436-1,DEFENSA,RESOLUCION MINISTERIAL,N° 00071-2025-DE,Autorizan viaje de oficiales de la Marina de Guerra del Perú a la República Oriental del Uruguay en comisión de servicios,https://busquedas.elperuano.pe/dispositivo/NL/2364436-1,31/01/2025,,,,,,,,,,,,,,,,,,,,,,,,,,,,,,,,,,,,,,
24/01/2025,2364438-1,DEFENSA,RESOLUCION MINISTERIAL,N° 00076-2025-DE,Autorizan viaje de personal militar del Ejército del Perú a EE.UU. en misión de estudios,https://busquedas.elperuano.pe/dispositivo/NL/2364438-1,31/01/2025,,,,,,,,,,,,,,,,,,,,,,,,,,,,,,,,,,,,,,
24/01/2025,2365147-1,DESARROLLO AGRARIO Y RIEGO,RESOLUCION,N° D000016-2025-MIDAGRI-SERFOR-DE,Aprueban incorporación de un ecosistema ubicado en los distritos de San Juan de Miraflores y Santiago de Surco provincia y departamento de Lima en la Lista Sectorial de Ecosistemas Frágiles aperturada mediante R.M. N° 0274-2013-MINAGRI,https://busquedas.elperuano.pe/dispositivo/NL/2365147-1,31/01/2025,,,,,,,,,,,,,,,,,,,,,,,,,,,,,,,,,,,,,,
24/01/2025,2364873-1,DESARROLLO AGRARIO Y RIEGO,RESOLUCION JEFATURAL,N° 019-2025-INIA,Aprueban la sexta modificación del Texto Único de Servicios No Exclusivos – TUSNE del Instituto Nacional de Innovación Agraria – INIA,https://busquedas.elperuano.pe/dispositivo/NL/2364873-1,31/01/2025,,,,,,,,,,,,,,,,,,,,,,,,,,,,,,,,,,,,,,
24/01/2025,2364894-1,DESARROLLO E INCLUSIÓN SOCIAL,RESOLUCION,N° D000011-2025-MIDIS/P65-DE,Designan Jefa de la Unidad Territorial Ayacucho del Programa Nacional de Asistencia Solidaria Pensión 65,https://busquedas.elperuano.pe/dispositivo/NL/2364894-1,31/01/2025,,,,,,,,,,,,,,,,,,,,,,,,,,,,,,,,,,,,,,
24/01/2025,2364938-1,DESARROLLO E INCLUSIÓN SOCIAL,RESOLUCION MINISTERIAL,N° D000016-2025-MIDIS,Designan Jefa de la Oficina de Atención al Ciudadano y Gestión Documental,https://busquedas.elperuano.pe/dispositivo/NL/2364938-1,31/01/2025,,,,,,,,,,,,,,,,,,,,,,,,,,,,,,,,,,,,,,
24/01/2025,2365017-1,ECONOMIA Y FINANZAS,RESOLUCION DIRECTORAL,N° 0002-2025-EF/50.01,Aprueban los Procedimientos para el Cumplimiento de Indicadores y Metas del Incentivo Presupuestario al Programa Presupuestal 0079: Acceso de la Población a la Identidad los Indicadores y las Metas Correspondientes al Año Fiscal 2025,https://busquedas.elperuano.pe/dispositivo/NL/2365017-1,31/01/2025,,,,,,,,,,,,,,,,,,,,,,,,,,,,,,,,,,,,,,
24/01/2025,2364746-1,ECONOMIA Y FINANZAS,RESOLUCION DIRECTORAL,N° 0001-2025-EF/51.01,Oficializan eventos contables nacionales programados por la Junta de Decanos de Colegios de Contadores Públicos del Perú correspondientes al Ejercicio 2025,https://busquedas.elperuano.pe/dispositivo/NL/2364746-1,31/01/2025,,,,,,,,,,,,,,,,,,,,,,,,,,,,,,,,,,,,,,
24/01/2025,2365039-2,ENERGIA Y MINAS,DECRETO SUPREMO,N° 001-2025-EM,Decreto Supremo que modifica el Decreto Supremo N° 010-2023-EM Decreto Supremo que prorroga y modifica medidas establecidas en el Decreto Supremo N° 012-2017-EM que dicta medidas para la atención de las solicitudes de inscripción en el Registro de Hidrocarburos así como de los Informes Técnicos Favorables (ITF) para los establecimientos de venta al público de combustibles en el departamento de Madre de Dios y zonas aledañas,https://busquedas.elperuano.pe/dispositivo/NL/2365039-2,31/01/2025,,,,,,,,,,,,,,,,,,,,,,,,,,,,,,,,,,,,,,
24/01/2025,2365472-1,ENERGIA Y MINAS,DECRETO SUPREMO,N° 002-2025-EM,Decreto Supremo que optimiza la seguridad en las Líneas Submarinas Líneas hacia Terminales Marítimos Sistemas de Recolección e Inyección utilizados en las actividades de Hidrocarburos ubicados en el Litoral y/o frente a la costa peruana,https://busquedas.elperuano.pe/dispositivo/NL/2365472-1,31/01/2025,,,,,,,,,,,,,,,,,,,,,,,,,,,,,,,,,,,,,,
24/01/2025,2364983-1,ENERGIA Y MINAS,RESOLUCION MINISTERIAL,N° 023-2025-MINEM/DM,Designan Director General de la Dirección General de Minería,https://busquedas.elperuano.pe/dispositivo/NL/2364983-1,31/01/2025,,,,,,,,,,,,,,,,,,,,,,,,,,,,,,,,,,,,,,
24/01/2025,2364753-1,"VIVIENDA, CONSTRUCCIÓN Y SANEAMIENTO",RESOLUCION MINISTERIAL,N° 024-2025-VIVIENDA,Aprueban la Primera convocatoria del año 2025 para el otorgamiento del Bono de Arrendamiento de Vivienda para Emergencias en atención al Decreto Supremo N° 124-2024-PCM,https://busquedas.elperuano.pe/dispositivo/NL/2364753-1,31/01/2025,,,,,,,,,,,,,,,,,,,,,,,,,,,,,,,,,,,,,,
24/01/2025,2365126-1,BIBLIOTECA NACIONAL DEL PERU,RESOLUCION JEFATURAL,N° 000026-2025-BNP,Modifican la R.J. N° 000220-2024-BNP en lo referente a la delegación de facultades y atribuciones otorgadas a el/la Jefe/a de la Oficina de Administración,https://busquedas.elperuano.pe/dispositivo/NL/2365126-1,31/01/2025,,,,,,,,,,,,,,,,,,,,,,,,,,,,,,,,,,,,,,
24/01/2025,2365471-1,DESPACHO PRESIDENCIAL,RESOLUCION,N° 000009-2025-DP/SGDP,Designan Ejecutivo de la Oficina de Protocolo del Despacho Presidencial,https://busquedas.elperuano.pe/dispositivo/NL/2365471-1,31/01/2025,,,,,,,,,,,,,,,,,,,,,,,,,,,,,,,,,,,,,,
24/01/2025,2365471-2,DESPACHO PRESIDENCIAL,RESOLUCION,N° 000011-2025-DP/SGDP,Modifican la Res. N° 000014-2024-DP/SGDP que delega facultades y atribuciones en diversos funcionarios y servidores durante el Año Fiscal 2025,https://busquedas.elperuano.pe/dispositivo/NL/2365471-2,31/01/2025,,,,,,,,,,,,,,,,,,,,,,,,,,,,,,,,,,,,,,
24/01/2025,2363940-1,INSTITUTO GEOFISICO DEL PERU,RESOLUCION,N° 203-IGP/2024,Aprueban reducción del Presupuesto Institucional del Instituto Geofísico del Perú para el Año Fiscal 2024,https://busquedas.elperuano.pe/dispositivo/NL/2363940-1,31/01/2025,,,,,,,,,,,,,,,,,,,,,,,,,,,,,,,,,,,,,,
24/01/2025,2364892-1,AGENCIA DE PROMOCIÓN DE LA INVERSIÓN PRIVADA,RESOLUCION,N° 024-2025,Aprueban modificación del Manual de Clasificador de Cargos de la Agencia de Promoción de la Inversión Privada – PROINVERSIÓN,https://busquedas.elperuano.pe/dispositivo/NL/2364892-1,31/01/2025,,,,,,,,,,,,,,,,,,,,,,,,,,,,,,,,,,,,,,
24/01/2025,2364247-1,INSTITUTO NACIONAL DE DEFENSA DE LA COMPETENCIA Y DE LA PROTECCION DE LA PROPIEDAD INTELECTUAL,RESOLUCION,N° 000003-2025-PRE/INDECOPI,Formalizan designación de Miembro de la Comisión adscrita a la Oficina Regional del INDECOPI en Lambayeque,https://busquedas.elperuano.pe/dispositivo/NL/2364247-1,31/01/2025,,,,,,,,,,,,,,,,,,,,,,,,,,,,,,,,,,,,,,
24/01/2025,2364248-1,INSTITUTO NACIONAL DE DEFENSA DE LA COMPETENCIA Y DE LA PROTECCION DE LA PROPIEDAD INTELECTUAL,RESOLUCION,N° 000004-2025-PRE/INDECOPI,Formalizan designación de Miembro de la Comisión adscrita a la Oficina Regional del INDECOPI en Puno,https://busquedas.elperuano.pe/dispositivo/NL/2364248-1,31/01/2025,,,,,,,,,,,,,,,,,,,,,,,,,,,,,,,,,,,,,,
24/01/2025,2364587-1,INSTITUTO NACIONAL DE INVESTIGACION EN GLACIARES Y ECOSISTEMAS DE MONTAÑA,RESOLUCION,N° 001-2025-INAIGEM/PE,Delegan facultades y atribuciones al Gerente General del Instituto Nacional de Investigación en Glaciares y Ecosistemas de Montaña – INAIGEM,https://busquedas.elperuano.pe/dispositivo/NL/2364587-1,31/01/2025,,,,,,,,,,,,,,,,,,,,,,,,,,,,,,,,,,,,,,
24/01/2025,2364595-1,INSTITUTO NACIONAL DE INVESTIGACION EN GLACIARES Y ECOSISTEMAS DE MONTAÑA,RESOLUCION,N° 003-2025-INAIGEM/PE,Designan Asesora en Investigación en Ecosistemas de Montaña para la Presidencia Ejecutiva del Instituto Nacional de Investigación en Glaciares y Ecosistemas de Montaña,https://busquedas.elperuano.pe/dispositivo/NL/2364595-1,31/01/2025,,,,,,,,,,,,,,,,,,,,,,,,,,,,,,,,,,,,,,
24/01/2025,2364976-1,INSTITUTO NACIONAL DE INVESTIGACION EN GLACIARES Y ECOSISTEMAS DE MONTAÑA,RESOLUCION,N° 012-2025-INAIGEM/PE,Delegan facultades y atribuciones en el Gerente General y el Jefe de la Oficina de Administración del INAIGEM,https://busquedas.elperuano.pe/dispositivo/NL/2364976-1,31/01/2025,,,,,,,,,,,,,,,,,,,,,,,,,,,,,,,,,,,,,,
24/01/2025,2365196-1,ORGANISMO DE EVALUACION Y FISCALIZACION AMBIENTAL,RESOLUCION,N° 00008-2025-OEFA/PCD,Designan Experto de la Dirección de Evaluación Ambiental del OEFA,https://busquedas.elperuano.pe/dispositivo/NL/2365196-1,31/01/2025,,,,,,,,,,,,,,,,,,,,,,,,,,,,,,,,,,,,,,
24/01/2025,2364613-1,SUPERINTENDENCIA NACIONAL DE ADUANAS Y DE ADMINISTRACIÓN TRIBUTARIA,RESOLUCION,N° 000013-2025-SUNAT/800000,Designan Supervisor 1 de la División de Programación y Gestión de la Gerencia de Gestión de Contrataciones de la Intendencia Nacional de Administración,https://busquedas.elperuano.pe/dispositivo/NL/2364613-1,31/01/2025,,,,,,,,,,,,,,,,,,,,,,,,,,,,,,,,,,,,,,
24/01/2025,2364630-1,SUPERINTENDENCIA NACIONAL DE LOS REGISTROS PUBLICOS,RESOLUCION,N° 00014-2025-SUNARP/SN,Autorizan presentación electrónica a través del SID Sunarp de actos administrativos emitidos con firma digital de los ejecutores coactivos del Servicio Nacional de Áreas Naturales Protegidas por el Estado – Sernanp,https://busquedas.elperuano.pe/dispositivo/NL/2364630-1,31/01/2025,,,,,,,,,,,,,,,,,,,,,,,,,,,,,,,,,,,,,,
24/01/2025,2364682-1,CORTES SUPERIORES DE JUSTICIA,RESOLUCION ADMINISTRATIVA,N° 000070-2025-P-CSNJPE-PJ,Designan jefe encargado en la Oficina de Administración Distrital de la Corte Superior Nacional de Justicia Penal Especializada,https://busquedas.elperuano.pe/dispositivo/NL/2364682-1,31/01/2025,,,,,,,,,,,,,,,,,,,,,,,,,,,,,,,,,,,,,,
24/01/2025,2364458-1,CORTES SUPERIORES DE JUSTICIA,RESOLUCION ADMINISTRATIVA,N° 000052-2025-P-CSNJPE-PJ,Aceptan declinación y concluyen designación de jefa encargada en la Oficina de Administración Distrital de la Corte Superior Nacional de Justicia Penal Especializada,https://busquedas.elperuano.pe/dispositivo/NL/2364458-1,31/01/2025,,,,,,,,,,,,,,,,,,,,,,,,,,,,,,,,,,,,,,
24/01/2025,2364463-1,CORTES SUPERIORES DE JUSTICIA,RESOLUCION ADMINISTRATIVA,N° 000053-2024-P-CSNJPE-PJ,Reconocen y felicitan a servidores judiciales de diversos órganos jurisdiccionales de la Corte Superior Nacional de Justicia Penal Especializada por su mayor producción demostrando compromiso con la administración de justicia,https://busquedas.elperuano.pe/dispositivo/NL/2364463-1,31/01/2025,,,,,,,,,,,,,,,,,,,,,,,,,,,,,,,,,,,,,,
24/01/2025,2364465-1,CORTES SUPERIORES DE JUSTICIA,RESOLUCION ADMINISTRATIVA,N° 000059-2025-P-CSNJPE-PJ,Conforman la Comisión de Planificación de la Corte Superior Nacional de Justicia Penal Especializada,https://busquedas.elperuano.pe/dispositivo/NL/2364465-1,31/01/2025,,,,,,,,,,,,,,,,,,,,,,,,,,,,,,,,,,,,,,
24/01/2025,2364298-1,CORTES SUPERIORES DE JUSTICIA,RESOLUCION ADMINISTRATIVA,N° 000035-2025-P-CSNJPE-PJ,Conforman Equipo Técnico Distrital de Implementación del Código Procesal Penal de la Corte Superior Nacional de Justicia Penal Especializada por el periodo 2025-2026,https://busquedas.elperuano.pe/dispositivo/NL/2364298-1,31/01/2025,,,,,,,,,,,,,,,,,,,,,,,,,,,,,,,,,,,,,,
24/01/2025,2364421-1,CORTES SUPERIORES DE JUSTICIA,RESOLUCION ADMINISTRATIVA,N° 000044-2025-P-CSNJPE-PJ,Aprueban el Cronograma de Audiencias Públicas Extraordinarias 2025 las que efectuarán la Primera Segunda y Tercera Salas Penales Superiores Nacionales Liquidadoras Transitorias y la Cuarta Sala Penal de Apelaciones Nacional de la Corte Superior Nacional de Justicia Penal Especializada,https://busquedas.elperuano.pe/dispositivo/NL/2364421-1,31/01/2025,,,,,,,,,,,,,,,,,,,,,,,,,,,,,,,,,,,,,,
24/01/2025,2364209-1,CORTES SUPERIORES DE JUSTICIA,RESOLUCION ADMINISTRATIVA,N° 000008-2025-P-CSNJPE-PJ,Designan magistrado del Juzgado Superior de Investigación Preparatoria de la Corte Superior Nacional de Justicia Penal Especializada,https://busquedas.elperuano.pe/dispositivo/NL/2364209-1,31/01/2025,,,,,,,,,,,,,,,,,,,,,,,,,,,,,,,,,,,,,,
24/01/2025,2364210-1,CORTES SUPERIORES DE JUSTICIA,RESOLUCION ADMINISTRATIVA,N° 000011-2025-P-CSNJPE-PJ,Designan responsable del Área de Personal de la Corte Superior Nacional de Justicia Penal Especializada,https://busquedas.elperuano.pe/dispositivo/NL/2364210-1,31/01/2025,,,,,,,,,,,,,,,,,,,,,,,,,,,,,,,,,,,,,,
24/01/2025,2364215-1,CORTES SUPERIORES DE JUSTICIA,RESOLUCION ADMINISTRATIVA,N° 000015-2025-P-CSNJPE-PJ,Disponen que las Presidencias de la Primera Segunda Tercera Salas Penales Superiores Nacionales Liquidadoras Transitorias y Cuarta Sala Penal de Apelaciones Nacional elaboren el cronograma trimestral de audiencias públicas extraordinarias para el año judicial 2025,https://busquedas.elperuano.pe/dispositivo/NL/2364215-1,31/01/2025,,,,,,,,,,,,,,,,,,,,,,,,,,,,,,,,,,,,,,
24/01/2025,2364217-1,CORTES SUPERIORES DE JUSTICIA,RESOLUCION ADMINISTRATIVA,N° 000022-2025-P-CSNJPE-PJ,Oficializan incorporación de magistrado como juez del Séptimo Juzgado de Investigación Preparatoria Nacional (asignación nominal) y como juez del Quinto Juzgado de Investigación Preparatoria Nacional (asignación física) de la Corte Superior Nacional de Justicia Penal Especializada,https://busquedas.elperuano.pe/dispositivo/NL/2364217-1,31/01/2025,,,,,,,,,,,,,,,,,,,,,,,,,,,,,,,,,,,,,,
24/01/2025,2364228-1,CORTES SUPERIORES DE JUSTICIA,RESOLUCION ADMINISTRATIVA,N° 000023-2025-P-CSNJPE-PJ,Disponen la rotación de magistrados del Noveno y Quinto Juzgado de Investigación Preparatoria Nacional de la Corte Superior Nacional de Justicia Penal Especializada,https://busquedas.elperuano.pe/dispositivo/NL/2364228-1,31/01/2025,,,,,,,,,,,,,,,,,,,,,,,,,,,,,,,,,,,,,,
24/01/2025,2364229-1,CORTES SUPERIORES DE JUSTICIA,RESOLUCION ADMINISTRATIVA,N° 000029-2025-P-CSNJPE-PJ,Establecen disposiciones para el desarrollo de las vacaciones de jueces personal jurisdiccional y administrativo de la Corte Superior Nacional de Justicia Penal Especializada en el año judicial 2025.,https://busquedas.elperuano.pe/dispositivo/NL/2364229-1,31/01/2025,,,,,,,,,,,,,,,,,,,,,,,,,,,,,,,,,,,,,,
24/01/2025,2364874-1,INSTITUCIONES EDUCATIVAS,RESOLUCION,N° 041-2025-UNDC/CO,Autorizan viaje de Presidente de la Comisión Organizadora de la Universidad Nacional de Cañete a Colombia para la firma del Convenio Marco y Específico de Cooperación Académica entre la Universidad Nacional de Cañete y la Fundación Universitaria Colombo Internacional - UNICOLOMBO,https://busquedas.elperuano.pe/dispositivo/NL/2364874-1,31/01/2025,,,,,,,,,,,,,,,,,,,,,,,,,,,,,,,,,,,,,,
24/01/2025,2364872-1,INSTITUCIONES EDUCATIVAS,RESOLUCION,N° 040-2025-UNDC/CO,Modifican el artículo primero de la Resolución de Comisión Organizadora Nº 026-2025-UNDC/CO que autorizó viaje de representantes de la Universidad Nacional de Cañete a Colombia,https://busquedas.elperuano.pe/dispositivo/NL/2364872-1,31/01/2025,,,,,,,,,,,,,,,,,,,,,,,,,,,,,,,,,,,,,,
24/01/2025,2365028-1,MINISTERIO PUBLICO,RESOLUCION,N° 178-2025-MP-FN,Designan fiscal en el 1° Despacho Provincial Penal de la Octava Fiscalía Corporativa Penal de Cercado de Lima-Breña-Rímac-Jesús María y nombran fiscal provincial provisional del Distrito Fiscal de Lima Centro,https://busquedas.elperuano.pe/dispositivo/NL/2365028-1,31/01/2025,,,,,,,,,,,,,,,,,,,,,,,,,,,,,,,,,,,,,,
24/01/2025,2365030-1,MINISTERIO PUBLICO,RESOLUCION,N° 179-2025-MP-FN,Disponen convertir la Tercera Fiscalía Provincial Corporativa Especializada en Violencia contra las Mujeres y los Integrantes del Grupo Familiar de Condevilla en Séptima Fiscalía Provincial Corporativa Especializada en Violencia contra las Mujeres y los Integrantes del Grupo Familiar de Comas (sede Independencia) y dictan diversas disposiciones,https://busquedas.elperuano.pe/dispositivo/NL/2365030-1,31/01/2025,,,,,,,,,,,,,,,,,,,,,,,,,,,,,,,,,,,,,,
24/01/2025,2364268-1,"SUPERINTENDENCIA DE BANCA, SEGUROS Y ADMINISTRADORAS PRIVADAS DE FONDOS DE PENSIONES",RESOLUCION,SBS N° 00154-2025,Autorizan viaje de funcionario para participar en evento a realizarse en los Estados Unidos Mexicanos,https://busquedas.elperuano.pe/dispositivo/NL/2364268-1,31/01/2025,,,,,,,,,,,,,,,,,,,,,,,,,,,,,,,,,,,,,,
24/01/2025,2355861-1,MUNICIPALIDAD DE LA PERLA,Ordenanzas,N° 13-2024-MDLP,Ordenanza Municipal que aprueba el Reglamento de Aplicación de Sanciones Administrativas (RASA) y el Cuadro de Infracciones y Sanciones Administrativas (CISA) de la Municipalidad Distrital de La Perla,https://epdoc2.elperuano.pe/EpPo/VistaDE.asp?Referencias=MjM1NTg2MS0xMjAyNTAxMjQ=,31/01/2025,,,,,,,,,,,,,,,,,,,,,,,,,,,,,,,,,,,,,,
24/01/2025,2355863-1,MUNICIPALIDAD DE LA PERLA,Ordenanzas,N° 14-2024-MDLP,Ordenanza Municipal que declara como bienes de dominio público con carácter de intangibles inalienables e inembargables las cuentas bancarias de titularidad de la Municipalidad Distrital de La Perla,https://epdoc2.elperuano.pe/EpPo/VistaDE.asp?Referencias=MjM1NTg2My0xMjAyNTAxMjQ=,31/01/2025,,,,,,,,,,,,,,,,,,,,,,,,,,,,,,,,,,,,,,
24/01/2025,2364380-1,ORGANISMO SUPERVISOR DE LA INVERSIÓN EN INFRAESTRUCTURA DE TRANSPORTE DE USO PÚBLICO,RESOLUCION,N° 0008-2025-PD-OSITRAN,Aprueban el Informe Propuesta: Revisión extraordinaria de las tarifas máximas de los servicios aeroportuarios prestados por la Corporación Peruana de Aeropuertos y Aviación Comercial Corpac S.A. así como sus anexos,https://busquedas.elperuano.pe/dispositivo/NL/2364380-1,31/01/2025,,,,,,,,,,,,,,,,,,,,,,,,,,,,,,,,,,,,,,
24/01/2025,2364389-1,ORGANISMO SUPERVISOR DE LA INVERSIÓN EN INFRAESTRUCTURA DE TRANSPORTE DE USO PÚBLICO,RESOLUCION,N° 0009-2025-PD-OSITRAN,Aprueban el Informe Propuesta: Revisión de las Tarifas de los Servicios de Navegación Aérea en Ruta (SNAR) Aproximación y Sobrevuelo prestados por la Corporación Peruana de Aeropuertos y Aviación Comercial CORPAC S.A. así como sus anexos,https://busquedas.elperuano.pe/dispositivo/NL/2364389-1,31/01/2025,,,,,,,,,,,,,,,,,,,,,,,,,,,,,,,,,,,,,,
23/01/2025,2364614-1,PRESIDENCIA DEL CONSEJO DE MINISTROS,DECRETO SUPREMO,N° 011-2025-PCM,Decreto Supremo que prorroga el Estado de Emergencia declarado en los distritos de Tambopata Inambari Las Piedras y Laberinto de la provincia de Tambopata y en los distritos de Madre de Dios y Huepetuhe de la provincia de Manu del departamento de Madre de Dios,https://busquedas.elperuano.pe/dispositivo/NL/2364614-1,31/01/2025,,,,,,,,,,,,,,,,,,,,,,,,,,,,,,,,,,,,,,
23/01/2025,2364614-2,PRESIDENCIA DEL CONSEJO DE MINISTROS,DECRETO SUPREMO,N° 012-2025-PCM,Decreto Supremo que prorroga el Estado de Emergencia declarado en el Corredor Vial Sur Apurímac-Cusco-Arequipa,https://busquedas.elperuano.pe/dispositivo/NL/2364614-2,31/01/2025,,,,,,,,,,,,,,,,,,,,,,,,,,,,,,,,,,,,,,
23/01/2025,2365038-1,PRESIDENCIA DEL CONSEJO DE MINISTROS,DECRETO SUPREMO,N° 013-2025-PCM,Decreto Supremo que modifica el Decreto Supremo N° 003-2025-PCM Decreto Supremo que prorroga el Estado de Emergencia declarado en la provincia de Trujillo del departamento de La Libertad,https://busquedas.elperuano.pe/dispositivo/NL/2365038-1,31/01/2025,,,,,,,,,,,,,,,,,,,,,,,,,,,,,,,,,,,,,,
23/01/2025,2364415-1,PRESIDENCIA DEL CONSEJO DE MINISTROS,RESOLUCION MINISTERIAL,N° 010-2025-PCM,Disponen la publicación de proyecto de Decreto Supremo que aprueba el Reglamento Técnico sobre Etiquetado de Alimentos Genéticamente Modificados y de su Exposición de Motivos,https://busquedas.elperuano.pe/dispositivo/NL/2364415-1,31/01/2025,,,,,,,,,,,,,,,,,,,,,,,,,,,,,,,,,,,,,,
23/01/2025,2364614-3,PRESIDENCIA DEL CONSEJO DE MINISTROS,RESOLUCION SUPREMA,N° 011-2025-PCM,Autorizan viaje del Ministro de Trabajo y Promoción del Empleo al Reino de Arabia Saudita y encargan su Despacho al Ministro de Salud,https://busquedas.elperuano.pe/dispositivo/NL/2364614-3,31/01/2025,,,,,,,,,,,,,,,,,,,,,,,,,,,,,,,,,,,,,,
23/01/2025,2363808-1,CULTURA,RESOLUCION DIRECTORAL,N° 000028-2025-DGPA-VMPCIC/MC,Determinan la Protección Provisional del Sitio Arqueológico Huaca Barco- Sector 1 ubicado en el distrito de San Pedro de Lloc provincia de Pacasmayo departamento La Libertad,https://busquedas.elperuano.pe/dispositivo/NL/2363808-1,31/01/2025,,,,,,,,,,,,,,,,,,,,,,,,,,,,,,,,,,,,,,
23/01/2025,2363811-1,CULTURA,RESOLUCION DIRECTORAL,N° 000027-2025-DGPA-VMPCIC/MC,Determinan la Protección Provisional del Sitio Arqueológico Tambo de Mora – Punta Vegueta ubicado en el distrito de Vegueta provincia de Huaura departamento de Lima,https://busquedas.elperuano.pe/dispositivo/NL/2363811-1,31/01/2025,,,,,,,,,,,,,,,,,,,,,,,,,,,,,,,,,,,,,,
23/01/2025,2363815-1,CULTURA,RESOLUCION DIRECTORAL,N° 000022-2025-DGPA-VMPCIC/MC,Determinan la Protección Provisional del Sitio Arqueológico El Tambo ubicado en el distrito de San Jose de Los Molinos provincia de Ica departamento de Ica,https://busquedas.elperuano.pe/dispositivo/NL/2363815-1,31/01/2025,,,,,,,,,,,,,,,,,,,,,,,,,,,,,,,,,,,,,,
23/01/2025,2363820-1,CULTURA,RESOLUCION DIRECTORAL,N° 000024-2025-DGPA-VMPCIC/MC,Determinan la Protección Provisional del Paisaje Arqueológico Camino Prehispánico Huampaní Sector 1 ubicado en el distrito de Lurigancho provincia de Lima departamento de Lima,https://busquedas.elperuano.pe/dispositivo/NL/2363820-1,31/01/2025,,,,,,,,,,,,,,,,,,,,,,,,,,,,,,,,,,,,,,
23/01/2025,2363830-1,CULTURA,RESOLUCION DIRECTORAL,N° 000019-2025-DGPA-VMPCIC/MC,Determinan la Protección Provisional del Sitio Arqueológico Viña Vieja 4 sectores A B y C ubicado en el distrito de El Carmen provincia de Chincha departamento de Ica,https://busquedas.elperuano.pe/dispositivo/NL/2363830-1,31/01/2025,,,,,,,,,,,,,,,,,,,,,,,,,,,,,,,,,,,,,,
23/01/2025,2363836-1,CULTURA,RESOLUCION DIRECTORAL,N° 000021-2025-DGPA-VMPCIC/MC,Determinan la Protección Provisional del Paisaje Arqueológico Los Petroglifos de Pakra ubicado en el distrito de Huancano provincia de Pisco departamento de Ica,https://busquedas.elperuano.pe/dispositivo/NL/2363836-1,31/01/2025,,,,,,,,,,,,,,,,,,,,,,,,,,,,,,,,,,,,,,
23/01/2025,2364128-1,CULTURA,RESOLUCION DIRECTORAL,N° 000025-2025-DGPA-VMPCIC/MC,Determinan la Protección Provisional del Sitio Arqueológico Pampas de Rontoy 4 ubicado en el distrito de Huaura provincia de Huaura departamento de Lima,https://busquedas.elperuano.pe/dispositivo/NL/2364128-1,31/01/2025,,,,,,,,,,,,,,,,,,,,,,,,,,,,,,,,,,,,,,
23/01/2025,2364183-1,CULTURA,RESOLUCION DIRECTORAL,N° 000026-2025-DGPA-VMPCIC/MC,Determinan la Protección Provisional del Sitio Arqueológico Choruro ubicado en el distrito de Lurigancho provincia de Lima departamento de Lima,https://busquedas.elperuano.pe/dispositivo/NL/2364183-1,31/01/2025,,,,,,,,,,,,,,,,,,,,,,,,,,,,,,,,,,,,,,
23/01/2025,2364186-1,CULTURA,RESOLUCION DIRECTORAL,N° 000023-2025-DGPA-VMPCIC/MC,Determinan la Protección Provisional del sitio arqueológico Qatun Orqo ubicado en el distrito de Huambalpa provincia de Vilcas Huamán departamento de Ayacucho,https://busquedas.elperuano.pe/dispositivo/NL/2364186-1,31/01/2025,,,,,,,,,,,,,,,,,,,,,,,,,,,,,,,,,,,,,,
23/01/2025,2364191-1,CULTURA,RESOLUCION DIRECTORAL,N° 000031-2025-DGPA-VMPCIC/MC,Determinan la Protección Provisional del Sitio Arqueológico Huacapacha ubicado en el distrito de San Vicente de Cañete provincia de Cañete departamento de Lima,https://busquedas.elperuano.pe/dispositivo/NL/2364191-1,31/01/2025,,,,,,,,,,,,,,,,,,,,,,,,,,,,,,,,,,,,,,
23/01/2025,2363806-1,CULTURA,RESOLUCION VICE MINISTERIAL,N° 000025-2025-VMPCIC/MC,Declaran Patrimonio Cultural de la Nación a la danza los Lupakas de la comunidad de Huaquina Sapijicani del distrito de Juli provincia de Chucuito región Puno,https://busquedas.elperuano.pe/dispositivo/NL/2363806-1,31/01/2025,,,,,,,,,,,,,,,,,,,,,,,,,,,,,,,,,,,,,,
23/01/2025,2364426-1,DESARROLLO AGRARIO Y RIEGO,RESOLUCION JEFATURAL,N° 016-2025-INIA,Designan Director de la Estación Experimental Agraria Chumbibamba del Instituto Nacional de Innovación Agraria – INIA,https://busquedas.elperuano.pe/dispositivo/NL/2364426-1,31/01/2025,,,,,,,,,,,,,,,,,,,,,,,,,,,,,,,,,,,,,,
23/01/2025,2364426-2,DESARROLLO AGRARIO Y RIEGO,RESOLUCION JEFATURAL,N° 018-2025-INIA,Designan Director de la Estación Experimental Agraria Amazonas del Instituto Nacional de Innovación Agraria – INIA,https://busquedas.elperuano.pe/dispositivo/NL/2364426-2,31/01/2025,,,,,,,,,,,,,,,,,,,,,,,,,,,,,,,,,,,,,,
23/01/2025,2364429-1,DESARROLLO E INCLUSIÓN SOCIAL,RESOLUCION MINISTERIAL,N° D000014-2025-MIDIS,Designan Director de la Dirección de Modelamiento y Promoción Multisectorial de Políticas de la Dirección General de Políticas y Estrategias del Ministerio,https://busquedas.elperuano.pe/dispositivo/NL/2364429-1,31/01/2025,,,,,,,,,,,,,,,,,,,,,,,,,,,,,,,,,,,,,,
23/01/2025,2364774-1,DESARROLLO E INCLUSIÓN SOCIAL,RESOLUCION MINISTERIAL,N° D000015-2025-MIDIS,Aprueban Manual de Operaciones (MOP) del Programa Nacional de Alimentación Escolar Comunitaria Wasi Mikuna,https://busquedas.elperuano.pe/dispositivo/NL/2364774-1,31/01/2025,,,,,,,,,,,,,,,,,,,,,,,,,,,,,,,,,,,,,,
23/01/2025,2364424-1,ECONOMIA Y FINANZAS,FE DE ERRATA,R.D. N° 0004-2025-EF/53.01,FE DE ERRATA,https://busquedas.elperuano.pe/dispositivo/NL/2364424-1,31/01/2025,,,,,,,,,,,,,,,,,,,,,,,,,,,,,,,,,,,,,,
23/01/2025,2364432-1,INTERIOR,RESOLUCION DIRECTORAL,N° 047-2025-IN-VOI-DGIN,Designan Subprefecto Provincial de la provincia de Santa departamento de Áncash,https://busquedas.elperuano.pe/dispositivo/NL/2364432-1,31/01/2025,,,,,,,,,,,,,,,,,,,,,,,,,,,,,,,,,,,,,,
23/01/2025,2364636-1,INTERIOR,RESOLUCION MINISTERIAL,N° 0060-2025-IN,Autorizan viaje de personal policial a España en comisión de servicios,https://busquedas.elperuano.pe/dispositivo/NL/2364636-1,31/01/2025,,,,,,,,,,,,,,,,,,,,,,,,,,,,,,,,,,,,,,
23/01/2025,2364469-1,JUSTICIA Y DERECHOS HUMANOS,RESOLUCION MINISTERIAL,N° 0019-2025-JUS,Designan Asesora II del Despacho Viceministerial de Justicia,https://busquedas.elperuano.pe/dispositivo/NL/2364469-1,31/01/2025,,,,,,,,,,,,,,,,,,,,,,,,,,,,,,,,,,,,,,
23/01/2025,2364472-1,JUSTICIA Y DERECHOS HUMANOS,RESOLUCION MINISTERIAL,N° 0020-2025-JUS,Designan Asesora II del Despacho Viceministerial de Justicia,https://busquedas.elperuano.pe/dispositivo/NL/2364472-1,31/01/2025,,,,,,,,,,,,,,,,,,,,,,,,,,,,,,,,,,,,,,
23/01/2025,2364614-4,JUSTICIA Y DERECHOS HUMANOS,RESOLUCION SUPREMA,N° 005-2025-JUS,Acceden a solicitud de extradición activa de ciudadano venezolano para ser extraditado de la República de Colombia y ser procesado en la República del Perú,https://busquedas.elperuano.pe/dispositivo/NL/2364614-4,31/01/2025,,,,,,,,,,,,,,,,,,,,,,,,,,,,,,,,,,,,,,
23/01/2025,2364610-1,SALUD,RESOLUCION MINISTERIAL,N° 041-2025/MINSA,Designan Ejecutiva Adjunta II del Despacho Viceministerial de Salud Pública,https://busquedas.elperuano.pe/dispositivo/NL/2364610-1,31/01/2025,,,,,,,,,,,,,,,,,,,,,,,,,,,,,,,,,,,,,,
23/01/2025,2364573-1,TRABAJO Y PROMOCION DEL EMPLEO,RESOLUCION MINISTERIAL,N° 010-2025-TR,Modifican el Manual de Operaciones del Programa Nacional de Empleo Jóvenes Productivos,https://busquedas.elperuano.pe/dispositivo/NL/2364573-1,31/01/2025,,,,,,,,,,,,,,,,,,,,,,,,,,,,,,,,,,,,,,
23/01/2025,2364528-1,TRABAJO Y PROMOCION DEL EMPLEO,RESOLUCION MINISTERIAL,N° 008-2025-TR,Designan Jefa de la Oficina de Estadística de la Oficina General de Estadística y Tecnologías de la Información y Comunicaciones,https://busquedas.elperuano.pe/dispositivo/NL/2364528-1,31/01/2025,,,,,,,,,,,,,,,,,,,,,,,,,,,,,,,,,,,,,,
23/01/2025,2364200-1,TRANSPORTES Y COMUNICACIONES,RESOLUCION DIRECTORAL,N° 001-2025-MTC/18,Aprueban la Metodología para el Cálculo de Emisiones Evitadas y Valoración de Externalidades Ambientales Mitigadas con la Implementación de los Programas de Chatarreo - 2025,https://busquedas.elperuano.pe/dispositivo/NL/2364200-1,31/01/2025,,,,,,,,,,,,,,,,,,,,,,,,,,,,,,,,,,,,,,
23/01/2025,2363853-1,TRANSPORTES Y COMUNICACIONES,RESOLUCION MINISTERIAL,N° 026-2025-MTC/01.03,Otorgan a la empresa SUPERLINK S.A.C. Concesión Única para la prestación de servicios públicos de telecomunicaciones en área que comprende todo el territorio de la República,https://busquedas.elperuano.pe/dispositivo/NL/2363853-1,31/01/2025,,,,,,,,,,,,,,,,,,,,,,,,,,,,,,,,,,,,,,
23/01/2025,2364618-1,DESPACHO PRESIDENCIAL,RESOLUCION,N° 000008-2025-DP/SGDP,Designan Jefe de la Oficina General de Planeamiento Presupuesto y Modernización del Despacho Presidencial,https://busquedas.elperuano.pe/dispositivo/NL/2364618-1,31/01/2025,,,,,,,,,,,,,,,,,,,,,,,,,,,,,,,,,,,,,,
23/01/2025,2364537-1,INSTITUTO PERUANO DE ENERGIA NUCLEAR,RESOLUCION,N° D000001-2025-IPEN-PRES,Designan Director de la Oficina Técnica de la Autoridad Nacional del Instituto Peruano de Energía Nuclear – IPEN,https://busquedas.elperuano.pe/dispositivo/NL/2364537-1,31/01/2025,,,,,,,,,,,,,,,,,,,,,,,,,,,,,,,,,,,,,,
23/01/2025,2364541-1,INSTITUTO PERUANO DE ENERGIA NUCLEAR,RESOLUCION,N° D000002-2025-IPEN-PRES,Designan Director de la Dirección de Servicios del Instituto Peruano de Energía Nuclear – IPEN,https://busquedas.elperuano.pe/dispositivo/NL/2364541-1,31/01/2025,,,,,,,,,,,,,,,,,,,,,,,,,,,,,,,,,,,,,,
23/01/2025,2364101-1,SUPERINTENDENCIA NACIONAL DE BIENES ESTATALES,RESOLUCION,N° 0006-2025/SBN,Modifican la Directiva N° DIR-00006-2021/SBN denominada Disposiciones para la compraventa por subasta pública de predios estatales,https://busquedas.elperuano.pe/dispositivo/NL/2364101-1,31/01/2025,,,,,,,,,,,,,,,,,,,,,,,,,,,,,,,,,,,,,,
23/01/2025,2364369-1,AUTORIDAD NACIONAL DEL SERVICIO CIVIL,RESOLUCION,N° 000018-2025-SERVIR-PE,Formalizan acuerdo mediante el cual se aprueba la modificación y la versión actualizada de los Lineamientos N° 001-2023-SERVIR-GDSRH Lineamientos que desarrollan los criterios y el procedimiento aplicable para la evaluación de excepciones al tope de servidores de confianza,https://busquedas.elperuano.pe/dispositivo/NL/2364369-1,31/01/2025,,,,,,,,,,,,,,,,,,,,,,,,,,,,,,,,,,,,,,
23/01/2025,2363804-1,INSTITUTO NACIONAL DE DEFENSA DE LA COMPETENCIA Y DE LA PROTECCION DE LA PROPIEDAD INTELECTUAL,RESOLUCION,N° 003-2025/CDB-INDECOPI,Disponen iniciar procedimiento de investigación por presuntas prácticas de dumping en las exportaciones al Perú de alambrón de acero sin alear de bajo y alto carbono de sección y superficie lisa y con un diámetro que varía entre 5.5 mm y 16 mm originario de la República Popular China a solicitud de la empresa productora nacional Corporación Aceros Arequipa S.A.,https://busquedas.elperuano.pe/dispositivo/NL/2363804-1,31/01/2025,,,,,,,,,,,,,,,,,,,,,,,,,,,,,,,,,,,,,,
23/01/2025,2364274-1,INSTITUTO NACIONAL DE ESTADISTICA E INFORMATICA,RESOLUCION JEFATURAL,N° 018-2025-INEI,Autorizan ejecución de la Encuesta Trimestral de Flete de Transporte Terrestre de Carga durante el año 2025 para elaborar el Índice Unificado de Flete Terrestre (código 32) dirigida a las empresas y agencias de transporte en Lima Metropolitana y la Provincia Constitucional del Callao,https://busquedas.elperuano.pe/dispositivo/NL/2364274-1,31/01/2025,,,,,,,,,,,,,,,,,,,,,,,,,,,,,,,,,,,,,,
23/01/2025,2364659-1,INSTITUTO NACIONAL DE ESTADISTICA E INFORMATICA,RESOLUCION JEFATURAL,N° 013-2025-INEI,Autorizan ejecución de la Encuesta Mensual para el Índice de Precios al Por Mayor durante el año 2025,https://busquedas.elperuano.pe/dispositivo/NL/2364659-1,31/01/2025,,,,,,,,,,,,,,,,,,,,,,,,,,,,,,,,,,,,,,
23/01/2025,2364660-1,INSTITUTO NACIONAL DE ESTADISTICA E INFORMATICA,RESOLUCION JEFATURAL,N° 014-2025-INEI,Autorizan ejecución de la Encuesta Mensual para el Índice de Precios de Maquinaria y Equipo en el año 2025,https://busquedas.elperuano.pe/dispositivo/NL/2364660-1,31/01/2025,,,,,,,,,,,,,,,,,,,,,,,,,,,,,,,,,,,,,,
23/01/2025,2364661-1,INSTITUTO NACIONAL DE ESTADISTICA E INFORMATICA,RESOLUCION JEFATURAL,N° 015-2025-INEI,Autorizan ejecución de la Encuesta Mensual para el Índice de Precios de Materiales de Construcción durante el año 2025,https://busquedas.elperuano.pe/dispositivo/NL/2364661-1,31/01/2025,,,,,,,,,,,,,,,,,,,,,,,,,,,,,,,,,,,,,,
23/01/2025,2364664-1,INSTITUTO NACIONAL DE ESTADISTICA E INFORMATICA,RESOLUCION JEFATURAL,N° 016-2025-INEI,Autorizan ejecución de la Encuesta Mensual del Índice de Precios de Productor durante el año 2025,https://busquedas.elperuano.pe/dispositivo/NL/2364664-1,31/01/2025,,,,,,,,,,,,,,,,,,,,,,,,,,,,,,,,,,,,,,
23/01/2025,2364665-1,INSTITUTO NACIONAL DE ESTADISTICA E INFORMATICA,RESOLUCION JEFATURAL,N° 017-2025-INEI,Autorizan ejecución de la Encuesta Mensual para los Índices Unificados de Precios de la Construcción en el año 2025,https://busquedas.elperuano.pe/dispositivo/NL/2364665-1,31/01/2025,,,,,,,,,,,,,,,,,,,,,,,,,,,,,,,,,,,,,,
23/01/2025,2364666-1,INSTITUTO NACIONAL DE ESTADISTICA E INFORMATICA,RESOLUCION JEFATURAL,N° 019-2025-INEI,Autorizan ejecución de la Encuesta Mensual de Comercio Encuesta Mensual de Restaurantes Encuesta Mensual de Servicios Prestados a Empresas y Encuesta Mensual de Otros Servicios en el año 2025,https://busquedas.elperuano.pe/dispositivo/NL/2364666-1,31/01/2025,,,,,,,,,,,,,,,,,,,,,,,,,,,,,,,,,,,,,,
23/01/2025,2364568-1,INSTITUTO NACIONAL DE INVESTIGACION EN GLACIARES Y ECOSISTEMAS DE MONTAÑA,RESOLUCION,N° 008-2025-INAIGEM/PE,Designan Jefe de la Oficina de Administración del Instituto Nacional de Investigación en Glaciares y Ecosistemas de Montaña,https://busquedas.elperuano.pe/dispositivo/NL/2364568-1,31/01/2025,,,,,,,,,,,,,,,,,,,,,,,,,,,,,,,,,,,,,,
23/01/2025,2364611-1,INSTITUTO NACIONAL DE INVESTIGACION EN GLACIARES Y ECOSISTEMAS DE MONTAÑA,RESOLUCION,N° 007-2025-INAIGEM/PE,Designan Gerente General del Instituto Nacional de Investigación en Glaciares y Ecosistemas de Montaña,https://busquedas.elperuano.pe/dispositivo/NL/2364611-1,31/01/2025,,,,,,,,,,,,,,,,,,,,,,,,,,,,,,,,,,,,,,
23/01/2025,2364601-1,INSTITUTO NACIONAL DE INVESTIGACION EN GLACIARES Y ECOSISTEMAS DE MONTAÑA,RESOLUCION,N° 009-2025-INAIGEM/PE,Designan Jefe de la Oficina de Planeamiento Presupuesto y Modernización del Instituto Nacional de Investigación en Glaciares y Ecosistemas de Montaña,https://busquedas.elperuano.pe/dispositivo/NL/2364601-1,31/01/2025,,,,,,,,,,,,,,,,,,,,,,,,,,,,,,,,,,,,,,
23/01/2025,2364605-1,INSTITUTO NACIONAL DE INVESTIGACION EN GLACIARES Y ECOSISTEMAS DE MONTAÑA,RESOLUCION,N° 010-2025-INAIGEM/PE,Designan Jefe de la Oficina de Asesoría Jurídica del Instituto Nacional de Investigación en Glaciares y Ecosistemas de Montaña,https://busquedas.elperuano.pe/dispositivo/NL/2364605-1,31/01/2025,,,,,,,,,,,,,,,,,,,,,,,,,,,,,,,,,,,,,,
23/01/2025,2364218-1,ORGANISMO SUPERVISOR DE LAS CONTRATACIONES DEL ESTADO,RESOLUCION,N° D000005-2025-OSCE-PRE,Formalizan Acuerdo que aprueba el Plan Estratégico Institucional (PEI) 2024 – 2028 Ampliado del Organismo Supervisor de las Contrataciones del Estado (OSCE),https://busquedas.elperuano.pe/dispositivo/NL/2364218-1,31/01/2025,,,,,,,,,,,,,,,,,,,,,,,,,,,,,,,,,,,,,,
23/01/2025,2364616-1,PROCURADURÍA GENERAL DEL ESTADO,RESOLUCION,N° D000060-2025-JUS/PGE-PG,Disponen que el director de la Dirección Técnico Normativa de la Procuraduría General del Estado designado mediante Resolución N° D000410-2024/PGE-PG estará bajo el régimen de la Ley del Servicio Civil,https://busquedas.elperuano.pe/dispositivo/NL/2364616-1,31/01/2025,,,,,,,,,,,,,,,,,,,,,,,,,,,,,,,,,,,,,,
23/01/2025,2364617-1,PROCURADURÍA GENERAL DEL ESTADO,RESOLUCION,N° D000061-2025-JUS/PGE-PG,Disponen que el director de la Dirección de Aplicación Jurídico Procesal de la Procuraduría General del Estado designado mediante Resolución N° D000408-2024-JUS/PGE-PG estará bajo el régimen de la Ley N° 30057 Ley del Servicio Civil,https://busquedas.elperuano.pe/dispositivo/NL/2364617-1,31/01/2025,,,,,,,,,,,,,,,,,,,,,,,,,,,,,,,,,,,,,,
23/01/2025,2364343-1,SUPERINTENDENCIA NACIONAL DE LOS REGISTROS PUBLICOS,RESOLUCION,N° 00011-2025-SUNARP/SN,Disponen la entrada en funcionamiento del Sistema Informativo de Garantías Mobiliarias - SIGM,https://busquedas.elperuano.pe/dispositivo/NL/2364343-1,31/01/2025,,,,,,,,,,,,,,,,,,,,,,,,,,,,,,,,,,,,,,
23/01/2025,2364461-1,SUPERINTENDENCIA NACIONAL DE LOS REGISTROS PUBLICOS,RESOLUCION,N° 00013-2025-SUNARP/SN,Aprueban la Directiva DI-001-2025-SUNARP-DTR Directiva que regula el acceso al Sistema Informativo de Garantías Mobiliarias y emisión de certificaciones en aplicación del Decreto Legislativo N° 1400 y su Reglamento,https://busquedas.elperuano.pe/dispositivo/NL/2364461-1,31/01/2025,,,,,,,,,,,,,,,,,,,,,,,,,,,,,,,,,,,,,,
23/01/2025,2363852-1,SUPERINTENDENCIA NACIONAL DE LOS REGISTROS PUBLICOS,RESOLUCION,N° 00007-2025-SUNARP/SN,Aprueban el Reglamento del Procedimiento Administrativo Sancionador en el Régimen de Garantía Mobiliaria,https://busquedas.elperuano.pe/dispositivo/NL/2363852-1,31/01/2025,,,,,,,,,,,,,,,,,,,,,,,,,,,,,,,,,,,,,,
23/01/2025,2364500-1,CONSEJO EJECUTIVO DEL PODER JUDICIAL,RESOLUCION ADMINISTRATIVA,N° 000010-2025-CE-PJ,Aprueban el Protocolo Implementación del Modelo de Oralidad Civil en las Cortes Superiores de Justicia – Versión 001,https://busquedas.elperuano.pe/dispositivo/NL/2364500-1,31/01/2025,,,,,,,,,,,,,,,,,,,,,,,,,,,,,,,,,,,,,,
23/01/2025,2364505-1,CONSEJO EJECUTIVO DEL PODER JUDICIAL,RESOLUCION ADMINISTRATIVA,N° 000015-2025-CE-PJ,Crean unidades orgánicas de apoyo dependientes del Consejo Ejecutivo del Poder Judicial,https://busquedas.elperuano.pe/dispositivo/NL/2364505-1,31/01/2025,,,,,,,,,,,,,,,,,,,,,,,,,,,,,,,,,,,,,,
23/01/2025,2363956-1,CORTES SUPERIORES DE JUSTICIA,RESOLUCION ADMINISTRATIVA,N° 000010-2025-P-CSJHA-PJ,Ratifican al secretario general como funcionario responsable de implementar y actualizar el Portal de Transparencia Estándar de la Corte Superior de Justicia de Huaura,https://busquedas.elperuano.pe/dispositivo/NL/2363956-1,31/01/2025,,,,,,,,,,,,,,,,,,,,,,,,,,,,,,,,,,,,,,
23/01/2025,2364203-1,CORTES SUPERIORES DE JUSTICIA,RESOLUCION ADMINISTRATIVA,N° 000004-2025-P-CSNJPE-PJ,Designan secretaria encargada de la Presidencia de la Corte Superior Nacional de Justicia Penal Especializada,https://busquedas.elperuano.pe/dispositivo/NL/2364203-1,31/01/2025,,,,,,,,,,,,,,,,,,,,,,,,,,,,,,,,,,,,,,
23/01/2025,2364205-1,CORTES SUPERIORES DE JUSTICIA,RESOLUCION ADMINISTRATIVA,N° 000007-2025-P-CSNJPE-PJ,Modifican la Res. Adm. Nº 000001-2025-P-CSNJPE-PJ únicamente en el extremo de la conformación de la Sala Penal Especial,https://busquedas.elperuano.pe/dispositivo/NL/2364205-1,31/01/2025,,,,,,,,,,,,,,,,,,,,,,,,,,,,,,,,,,,,,,
23/01/2025,2364530-1,CONTRALORIA GENERAL DE LA REPUBLICA,RESOLUCION,N° 051-2025-CG,Dan por terminada la designación de Jefa del Órgano de Control Institucional del Instituto Nacional de Oftalmología,https://busquedas.elperuano.pe/dispositivo/NL/2364530-1,31/01/2025,,,,,,,,,,,,,,,,,,,,,,,,,,,,,,,,,,,,,,
23/01/2025,2282281-1,INSTITUCIONES EDUCATIVAS,RESOLUCION,N° 1244-2023-R-UNA,Imponen sanción de inhabilitación a docente de la Universidad Nacional del Altiplano,https://busquedas.elperuano.pe/dispositivo/NL/2282281-1,31/01/2025,,,,,,,,,,,,,,,,,,,,,,,,,,,,,,,,,,,,,,
23/01/2025,2350918-1,INSTITUCIONES EDUCATIVAS,RESOLUCION,N° 0740-2024-R-UNA,Autorizan viaje de docente de la Universidad Nacional del Altiplano - Puno a España en comisión de servicios,https://busquedas.elperuano.pe/dispositivo/NL/2350918-1,31/01/2025,,,,,,,,,,,,,,,,,,,,,,,,,,,,,,,,,,,,,,
23/01/2025,2364471-1,MINISTERIO PUBLICO,RESOLUCION,N° 158-2025-MP-FN,Dejan sin efecto la Resolución de la Fiscalía de la Nación N° 091-2025-MP-FN que resolvió el nombramiento de Fiscal Provincial Provisional del Distrito de Lima Este; y dictan otras disposiciones,https://busquedas.elperuano.pe/dispositivo/NL/2364471-1,31/01/2025,,,,,,,,,,,,,,,,,,,,,,,,,,,,,,,,,,,,,,
23/01/2025,2364607-1,MINISTERIO PUBLICO,RESOLUCION,N° 011-2025-MP-FN-JFS,Crean la Segunda Fiscalía Corporativa Penal de San Isidro – Lince con plazas fiscales ya existentes,https://busquedas.elperuano.pe/dispositivo/NL/2364607-1,31/01/2025,,,,,,,,,,,,,,,,,,,,,,,,,,,,,,,,,,,,,,
23/01/2025,2364609-1,MINISTERIO PUBLICO,RESOLUCION,N° 012-2025-MP-FN-JFS,Crean la Segunda Fiscalía Corporativa Especializada en Ciberdelincuencia de Lima Centro con plazas fiscales ya existentes,https://busquedas.elperuano.pe/dispositivo/NL/2364609-1,31/01/2025,,,,,,,,,,,,,,,,,,,,,,,,,,,,,,,,,,,,,,
23/01/2025,2363982-1,"SUPERINTENDENCIA DE BANCA, SEGUROS Y ADMINISTRADORAS PRIVADAS DE FONDOS DE PENSIONES",CIRCULAR,N° CS-42-2025,Disponen la actualización del capital social mínimo de las empresas corredoras de seguros y auxiliares de seguros para el año 2025,https://busquedas.elperuano.pe/dispositivo/NL/2363982-1,31/01/2025,,,,,,,,,,,,,,,,,,,,,,,,,,,,,,,,,,,,,,
23/01/2025,2364031-1,"SUPERINTENDENCIA DE BANCA, SEGUROS Y ADMINISTRADORAS PRIVADAS DE FONDOS DE PENSIONES",CIRCULAR,N° AFP-185-2025,Disponen la actualización del capital mínimo de las AFP para el año 2025,https://busquedas.elperuano.pe/dispositivo/NL/2364031-1,31/01/2025,,,,,,,,,,,,,,,,,,,,,,,,,,,,,,,,,,,,,,
23/01/2025,2364288-1,GOBIERNO REGIONAL DE ANCASH,RESOLUCION,N° 04-2025-GRA/GR,Designan funcionario responsable de entregar la Información de Acceso Público del Gobierno Regional de Ancash,https://busquedas.elperuano.pe/dispositivo/NL/2364288-1,31/01/2025,,,,,,,,,,,,,,,,,,,,,,,,,,,,,,,,,,,,,,
23/01/2025,2363200-1,MUNICIPALIDAD DE VILLA MARIA DEL TRIUNFO,Ordenanzas,N° 382-MDVMT,Modifican la Estructura Orgánica y el artículo 18° del Texto Íntegro del Reglamento de Organización y Funciones (ROF) de la Municipalidad Distrital de Villa María del Triunfo,https://epdoc2.elperuano.pe/EpPo/VistaDE.asp?Referencias=MjM2MzIwMC0xMjAyNTAxMjM=,31/01/2025,,,,,,,,,,,,,,,,,,,,,,,,,,,,,,,,,,,,,,
23/01/2025,2362983-1,MUNICIPALIDAD DE VILLA MARIA DEL TRIUNFO,Ordenanzas,N° 383-MDVMT,Ordenanza que regula de manera extraordinaria la licencia de regularización de edificaciones en el distrito de Villa María del Triunfo,https://epdoc2.elperuano.pe/EpPo/VistaDE.asp?Referencias=MjM2Mjk4My0xMjAyNTAxMjM=,31/01/2025,,,,,,,,,,,,,,,,,,,,,,,,,,,,,,,,,,,,,,
23/01/2025,2364055-1,MUNICIPALIDAD PROVINCIAL DEL CALLAO,DECRETO DE ALCALDIA,N° 001-2025-ALC/MPC,Autorizan celebración de Matrimonio Civil Comunitario,https://busquedas.elperuano.pe/dispositivo/NL/2364055-1,31/01/2025,,,,,,,,,,,,,,,,,,,,,,,,,,,,,,,,,,,,,,
23/01/2025,2362125-1,MUNICIPALIDAD PROVINCIAL DE MARISCAL NIETO,ORDENANZA,N° 014-2024-MPMN,Aprueban la propuesta de Cambio de Zonificación de Zona Agrícola (ZA) a Zonificación Residencial de Densidad Baja (RDB) de predios de propiedad de Creatus Servicios Generales Sociedad Anónima Cerrada,https://busquedas.elperuano.pe/dispositivo/NL/2362125-1,31/01/2025,,,,,,,,,,,,,,,,,,,,,,,,,,,,,,,,,,,,,,
23/01/2025,2363195-1,MUNICIPALIDAD DE MI PERÚ,Resolución,N° 002-2025-MDMP/GM,Aprueban modificación del Manual de Clasificador de Cargos de la Municipalidad Distrital de Mi Perú,https://epdoc2.elperuano.pe/EpPo/VistaDE.asp?Referencias=MjM2MzE5NS0xMjAyNTAxMjM=,31/01/2025,,,,,,,,,,,,,,,,,,,,,,,,,,,,,,,,,,,,,,
22/01/2025,2363802-1,AMBIENTE,RESOLUCION MINISTERIAL,N° 00015-2025-MINAM,Disponen la publicación en el portal institucional del proyecto de Decreto Supremo que aprueba el Reglamento de la Ley Nº 32106 Ley de declaratoria de emergencia ambiental y su Exposición de Motivos,https://busquedas.elperuano.pe/dispositivo/NL/2363802-1,31/01/2025,,,,,,,,,,,,,,,,,,,,,,,,,,,,,,,,,,,,,,
22/01/2025,2363456-1,CULTURA,RESOLUCION DIRECTORAL,N° 000020-2025-DGPA-VMPCIC/MC,Determinan la Protección Provisional del Paisaje Arqueológico Los Petroglifos de Fuente de Oro ubicado en el distrito de Huancano provincia de Pisco departamento de Ica,https://busquedas.elperuano.pe/dispositivo/NL/2363456-1,31/01/2025,,,,,,,,,,,,,,,,,,,,,,,,,,,,,,,,,,,,,,
22/01/2025,2363636-1,DESARROLLO AGRARIO Y RIEGO,RESOLUCION DIRECTORAL,N° D000004-2025-MIDAGRI-SENASA-DSA,Disponen la oficialización de la campaña de vacunación contra la enfermedad de la rabia de los herbívoros para el año 2025 en los departamentos de Amazonas Apurímac Ayacucho Cajamarca Cusco Huánuco Junín La Libertad Lambayeque Loreto Madre de Dios Pasco Piura San Martín y Ucayali,https://busquedas.elperuano.pe/dispositivo/NL/2363636-1,31/01/2025,,,,,,,,,,,,,,,,,,,,,,,,,,,,,,,,,,,,,,
22/01/2025,2363646-1,DESARROLLO AGRARIO Y RIEGO,RESOLUCION DIRECTORAL,N° D000006-2025-MIDAGRI-SENASA-DSA,Disponen la oficialización de la campaña de vacunación contra la enfermedad del ántrax para el año 2025 en los departamentos de Tumbes Piura Lambayeque La Libertad Áncash Lima Ica Moquegua y Tacna,https://busquedas.elperuano.pe/dispositivo/NL/2363646-1,31/01/2025,,,,,,,,,,,,,,,,,,,,,,,,,,,,,,,,,,,,,,
22/01/2025,2363793-1,DESARROLLO E INCLUSIÓN SOCIAL,RESOLUCION,N° D000057-2025-MIDIS/WM-DE,Designan Jefe de la Unidad Territorial de Cajamarca 1 del Programa Nacional de Alimentación Escolar Comunitaria Wasi Mikuna,https://busquedas.elperuano.pe/dispositivo/NL/2363793-1,31/01/2025,,,,,,,,,,,,,,,,,,,,,,,,,,,,,,,,,,,,,,
22/01/2025,2364081-1,DESARROLLO E INCLUSIÓN SOCIAL,RESOLUCION,N° D000010-2025-MIDIS/P65-DE,Designan Jefe de la Unidad Territorial Apurímac del Programa Nacional de Asistencia Solidaria Pensión 65,https://busquedas.elperuano.pe/dispositivo/NL/2364081-1,31/01/2025,,,,,,,,,,,,,,,,,,,,,,,,,,,,,,,,,,,,,,
22/01/2025,2364207-1,ECONOMIA Y FINANZAS,DECRETO SUPREMO,N° 009-2025-EF,Reglamento de la Ley N° 32069 Ley General de Contrataciones Públicas,https://epdoc2.elperuano.pe/EpPo/VistaNLSE.asp?Referencias=MjM2NDIwNy0xMjAyNTAxMjI=,31/01/2025,,,,,,,,,,,,,,,,,,,,,,,,,,,,,,,,,,,,,,
22/01/2025,2364099-1,ECONOMIA Y FINANZAS,RESOLUCION DIRECTORAL,N° 0001-2025-EF/63.01,Establecen disposiciones para la aplicación de la Quincuagésima Cuarta Disposición Complementaria Final de la Ley Nº 32185 Ley de Presupuesto del Sector Público para el Año Fiscal 2025,https://busquedas.elperuano.pe/dispositivo/NL/2364099-1,31/01/2025,,,,,,,,,,,,,,,,,,,,,,,,,,,,,,,,,,,,,,
22/01/2025,2364076-1,EDUCACION,RESOLUCION VICE MINISTERIAL,N° 003-2025-MINEDU,Formalizan la conclusión de la Comisión Organizadora de la Universidad Nacional de Moquegua,https://busquedas.elperuano.pe/dispositivo/NL/2364076-1,31/01/2025,,,,,,,,,,,,,,,,,,,,,,,,,,,,,,,,,,,,,,
22/01/2025,2364079-1,JUSTICIA Y DERECHOS HUMANOS,RESOLUCION MINISTERIAL,N° 0014-2025-JUS,Disponen la publicación de la propuesta de Términos de Referencia de la Declaración de Impacto Ambiental de los proyectos con características comunes o similares del Sector Justicia y Derechos Humanos,https://busquedas.elperuano.pe/dispositivo/NL/2364079-1,31/01/2025,,,,,,,,,,,,,,,,,,,,,,,,,,,,,,,,,,,,,,
22/01/2025,2364082-1,JUSTICIA Y DERECHOS HUMANOS,RESOLUCION MINISTERIAL,N° 0015-2025-JUS,Disponen la publicación de la propuesta de Ficha Técnica Ambiental del Sector Justicia y Derechos Humanos en la sede digital del Ministerio,https://busquedas.elperuano.pe/dispositivo/NL/2364082-1,31/01/2025,,,,,,,,,,,,,,,,,,,,,,,,,,,,,,,,,,,,,,
22/01/2025,2364086-1,JUSTICIA Y DERECHOS HUMANOS,RESOLUCION MINISTERIAL,N° 0016-2025-JUS,Crean Grupo de Trabajo Multisectorial de naturaleza temporal para la mejora y actualización de la normativa que regula el arbitraje,https://busquedas.elperuano.pe/dispositivo/NL/2364086-1,31/01/2025,,,,,,,,,,,,,,,,,,,,,,,,,,,,,,,,,,,,,,
22/01/2025,2364088-1,JUSTICIA Y DERECHOS HUMANOS,RESOLUCION MINISTERIAL,N° 0017-2025-JUS,Cancelan por causal de muerte título de Notario de la provincia de Lima departamento de Lima Distrito Notarial de Lima,https://busquedas.elperuano.pe/dispositivo/NL/2364088-1,31/01/2025,,,,,,,,,,,,,,,,,,,,,,,,,,,,,,,,,,,,,,
22/01/2025,2364167-1,PRODUCE,RESOLUCION MINISTERIAL,N° 00017-2025-PRODUCE,Dan por concluida la Segunda Temporada de Pesca 2024 del recurso anchoveta y anchoveta blanca en la Zona Norte - Centro del Perú,https://busquedas.elperuano.pe/dispositivo/NL/2364167-1,31/01/2025,,,,,,,,,,,,,,,,,,,,,,,,,,,,,,,,,,,,,,
22/01/2025,2364206-1,RELACIONES EXTERIORES,DECRETO SUPREMO,N° 002-2025-RE,Decreto Supremo que dispone el cierre del Consulado del Perú en Concepción,https://busquedas.elperuano.pe/dispositivo/NL/2364206-1,31/01/2025,,,,,,,,,,,,,,,,,,,,,,,,,,,,,,,,,,,,,,
22/01/2025,2364206-2,RELACIONES EXTERIORES,DECRETO SUPREMO,N° 003-2025-RE,Decreto Supremo que dispone restablecer la Oficina Consular del Perú en Antofagasta República de Chile,https://busquedas.elperuano.pe/dispositivo/NL/2364206-2,31/01/2025,,,,,,,,,,,,,,,,,,,,,,,,,,,,,,,,,,,,,,
22/01/2025,2364206-3,RELACIONES EXTERIORES,DECRETO SUPREMO,N° 004-2025-RE,Decreto Supremo que exonera del requisito de visa de transeúnte a personas extranjeras que se encuentren exoneradas de visa para su ingreso y permanencia en territorio peruano,https://busquedas.elperuano.pe/dispositivo/NL/2364206-3,31/01/2025,,,,,,,,,,,,,,,,,,,,,,,,,,,,,,,,,,,,,,
22/01/2025,2364206-4,RELACIONES EXTERIORES,RESOLUCION SUPREMA,N° 014-2025-RE,Dan por terminadas las funciones de Cónsul General Honorario del Perú en la ciudad de Seattle Estados Unidos de América con jurisdicción consular en el Estado de Washington,https://busquedas.elperuano.pe/dispositivo/NL/2364206-4,31/01/2025,,,,,,,,,,,,,,,,,,,,,,,,,,,,,,,,,,,,,,
22/01/2025,2364206-5,RELACIONES EXTERIORES,RESOLUCION SUPREMA,N° 015-2025-RE,Cancelan Exequátur que reconoce a Cónsul General de la República de Chile en Tacna con jurisdicción consular en la circunscripción consular correspondiente a los departamentos de Tacna Moquegua y Puno,https://busquedas.elperuano.pe/dispositivo/NL/2364206-5,31/01/2025,,,,,,,,,,,,,,,,,,,,,,,,,,,,,,,,,,,,,,
22/01/2025,2364206-6,RELACIONES EXTERIORES,RESOLUCION SUPREMA,N° 016-2025-RE,Nombran Cónsul Honorario del Perú en la ciudad de Andorra La Vella Principado de Andorra,https://busquedas.elperuano.pe/dispositivo/NL/2364206-6,31/01/2025,,,,,,,,,,,,,,,,,,,,,,,,,,,,,,,,,,,,,,
22/01/2025,2363952-1,TRANSPORTES Y COMUNICACIONES,RESOLUCION DIRECTORAL,N° 0009-2025-MTC/21,Designan Jefe de la Oficina de Asesoría Jurídica del Programa denominado Proyecto Especial de Infraestructura de Transporte Descentralizado - PROVIAS DESCENTRALIZADO,https://busquedas.elperuano.pe/dispositivo/NL/2363952-1,31/01/2025,,,,,,,,,,,,,,,,,,,,,,,,,,,,,,,,,,,,,,
22/01/2025,2363634-1,TRANSPORTES Y COMUNICACIONES,RESOLUCION DIRECTORAL,N° 0104-2025-MTC/28,Declaran que las autorizaciones para la prestación del servicio de radiodifusión en diversas localidades y bandas de los departamentos de Junín La Libertad Huánuco Piura Moquegua y Lima serán otorgadas a solicitud de parte,https://busquedas.elperuano.pe/dispositivo/NL/2363634-1,31/01/2025,,,,,,,,,,,,,,,,,,,,,,,,,,,,,,,,,,,,,,
22/01/2025,2363589-1,TRANSPORTES Y COMUNICACIONES,RESOLUCION MINISTERIAL,N° 023-2025-MTC/01.03,Otorgan a la empresa SEGURA TELECOM E.I.R.L. Concesión Única para la prestación de servicios públicos de telecomunicaciones en área que comprende todo el territorio de la República,https://busquedas.elperuano.pe/dispositivo/NL/2363589-1,31/01/2025,,,,,,,,,,,,,,,,,,,,,,,,,,,,,,,,,,,,,,
22/01/2025,2363618-1,TRANSPORTES Y COMUNICACIONES,RESOLUCION MINISTERIAL,N° 024-2025-MTC/01.02,Aprueban texto de la Adenda N° 5 del Contrato de Concesión de los Tramos Viales de la Red Vial N° 4 (Pativilca - Santa - Trujillo y Salaverry - Empalme R01N) a celebrarse con la empresa Autopista del Norte S.A.C.,https://busquedas.elperuano.pe/dispositivo/NL/2363618-1,31/01/2025,,,,,,,,,,,,,,,,,,,,,,,,,,,,,,,,,,,,,,
22/01/2025,2363999-1,TRANSPORTES Y COMUNICACIONES,RESOLUCION MINISTERIAL,N° 028-2025-MTC/01.03,Disponen la publicación de proyecto de Decreto Supremo que modifica el numeral 1 del artículo 231 del Texto Único Ordenado del Reglamento General de la Ley de Telecomunicaciones aprobado por Decreto Supremo N° 020-2007-MTC,https://busquedas.elperuano.pe/dispositivo/NL/2363999-1,31/01/2025,,,,,,,,,,,,,,,,,,,,,,,,,,,,,,,,,,,,,,
22/01/2025,2363880-1,TRANSPORTES Y COMUNICACIONES,RESOLUCION MINISTERIAL,N° 027-2025-MTC/01,Designan Asesora II del Despacho Viceministerial de Transportes,https://busquedas.elperuano.pe/dispositivo/NL/2363880-1,31/01/2025,,,,,,,,,,,,,,,,,,,,,,,,,,,,,,,,,,,,,,
22/01/2025,2364199-1,"VIVIENDA, CONSTRUCCIÓN Y SANEAMIENTO",RESOLUCION DIRECTORAL,N° 011-2025/VIVIENDA/VMCS/PNSR,Designan Coordinador Técnico de la Coordinación Técnica del Programa Nacional de Saneamiento Rural (PNSR),https://busquedas.elperuano.pe/dispositivo/NL/2364199-1,31/01/2025,,,,,,,,,,,,,,,,,,,,,,,,,,,,,,,,,,,,,,
22/01/2025,2363843-1,"VIVIENDA, CONSTRUCCIÓN Y SANEAMIENTO",RESOLUCION MINISTERIAL,N° 019-2025-VIVIENDA,Modifican la R.M. N° 257-2019-VIVIENDA mediante la cual se autorizó Transferencia Financiera a favor del Fondo MIVIVIENDA S.A.,https://busquedas.elperuano.pe/dispositivo/NL/2363843-1,31/01/2025,,,,,,,,,,,,,,,,,,,,,,,,,,,,,,,,,,,,,,
22/01/2025,2363868-1,AUTORIDAD DE TRANSPORTE URBANO PARA LIMA Y CALLAO,RESOLUCION,N° 020-2025-ATU/PE,Designan Subdirectora de la Subdirección de Regulación de la Dirección de Integración de Transporte Urbano y Recaudo,https://busquedas.elperuano.pe/dispositivo/NL/2363868-1,31/01/2025,,,,,,,,,,,,,,,,,,,,,,,,,,,,,,,,,,,,,,
22/01/2025,2364460-1,AUTORIDAD PORTUARIA NACIONAL,RESOLUCION,N° 0006-2025-APN-DIR,Aprueban actualización del Anexo 1 del Plan Nacional de Desarrollo Portuario aprobado con Decreto Supremo Nº 027-2024-MTC que contiene la Lista de Terminales Portuarios y Embarcaderos que conforman el SPN y su clasificación,https://busquedas.elperuano.pe/dispositivo/NL/2364460-1,31/01/2025,,,,,,,,,,,,,,,,,,,,,,,,,,,,,,,,,,,,,,
22/01/2025,2364204-1,"CONSEJO SUPERIOR DEL SISTEMA NACIONAL DE EVALUACION, ACREDITACION Y CERTIFICACION DE LA CALIDAD EDUCATIVA",FE DE ERRATA,Res. N° 000003-2025-SINEACE/COSUSINEACE-P,FE DE ERRATA,https://busquedas.elperuano.pe/dispositivo/NL/2364204-1,31/01/2025,,,,,,,,,,,,,,,,,,,,,,,,,,,,,,,,,,,,,,
22/01/2025,2363662-1,INSTITUTO NACIONAL DE DEFENSA DE LA COMPETENCIA Y DE LA PROTECCION DE LA PROPIEDAD INTELECTUAL,RESOLUCION,N° 0697-2024/SEL-INDECOPI,Declaran barrera burocrática ilegal lo dispuesto en el artículo 19 del Reglamento del Servicio de Transporte Terrestre de la Provincia de Huancayo aprobado mediante D.A. N° 007-2012-MPH/A,https://busquedas.elperuano.pe/dispositivo/NL/2363662-1,31/01/2025,,,,,,,,,,,,,,,,,,,,,,,,,,,,,,,,,,,,,,
22/01/2025,2363665-1,INSTITUTO NACIONAL DE DEFENSA DE LA COMPETENCIA Y DE LA PROTECCION DE LA PROPIEDAD INTELECTUAL,RESOLUCION,N° 0708-2024/SEL-INDECOPI,Declaran barreras burocráticas ilegales lo dispuesto en el artículo 59 del D.S. N° 010-2017-MINEDU y en los Numerales 36 y 41 de los procedimientos de Licenciamiento de IES privado y de EEST privada previstos en el TUPA aprobado por D.S. N° 014-2023-MINEDU,https://busquedas.elperuano.pe/dispositivo/NL/2363665-1,31/01/2025,,,,,,,,,,,,,,,,,,,,,,,,,,,,,,,,,,,,,,
22/01/2025,2364010-1,SUPERINTENDENCIA NACIONAL DE LOS REGISTROS PUBLICOS,RESOLUCION,N° 00008-2025-SUNARP/SN,Aprueban implementación de Mesas Técnicas de orientación registral para el saneamiento de la propiedad urbana para Gobiernos Locales,https://busquedas.elperuano.pe/dispositivo/NL/2364010-1,31/01/2025,,,,,,,,,,,,,,,,,,,,,,,,,,,,,,,,,,,,,,
22/01/2025,2363416-1,CORTES SUPERIORES DE JUSTICIA,RESOLUCION ADMINISTRATIVA,N° 000001-2025-P-CSNJPE-PJ,Disponen la conformación de las Salas Superiores de la Corte Superior Nacional de Justicia Penal Especializada para el año judicial 2025,https://busquedas.elperuano.pe/dispositivo/NL/2363416-1,31/01/2025,,,,,,,,,,,,,,,,,,,,,,,,,,,,,,,,,,,,,,
22/01/2025,2363434-1,CORTES SUPERIORES DE JUSTICIA,RESOLUCION ADMINISTRATIVA,N° 000002-2025-P-CSNJPE-PJ,Designan jefa encargada en la Oficina de Administración Distrital de la Corte Superior Nacional de Justicia Penal Especializada,https://busquedas.elperuano.pe/dispositivo/NL/2363434-1,31/01/2025,,,,,,,,,,,,,,,,,,,,,,,,,,,,,,,,,,,,,,
22/01/2025,2363441-1,CORTES SUPERIORES DE JUSTICIA,RESOLUCION ADMINISTRATIVA,N° 000003-2025-P-CSNJPE-PJ,Establecen la conformación de la Quinta Sala Penal de Apelaciones Nacional de la Corte Superior Nacional de Justicia Penal Especializada,https://busquedas.elperuano.pe/dispositivo/NL/2363441-1,31/01/2025,,,,,,,,,,,,,,,,,,,,,,,,,,,,,,,,,,,,,,
22/01/2025,2363633-1,AUTORIDAD NACIONAL DE CONTROL DEL PODER JUDICIAL,RESOLUCION JEFATURAL,N° 039-2025-ANC-PJ-JN,Disponen la realización de Visita Judicial Ordinaria para el mes de enero de 2025 a la Corte Superior de Justicia del Callao,https://busquedas.elperuano.pe/dispositivo/NL/2363633-1,31/01/2025,,,,,,,,,,,,,,,,,,,,,,,,,,,,,,,,,,,,,,
22/01/2025,2361944-1,INSTITUCIONES EDUCATIVAS,RESOLUCION,N° 067-2025-CCO-UNAJ,Aprueban viaje de personal de la Universidad Nacional de Juliaca a España en comisión de servicios,https://busquedas.elperuano.pe/dispositivo/NL/2361944-1,31/01/2025,,,,,,,,,,,,,,,,,,,,,,,,,,,,,,,,,,,,,,
22/01/2025,2364468-1,MINISTERIO PUBLICO,RESOLUCION,N° 160-2025-MP-FN,Delegan facultades y atribuciones en diversos funcionarios del Ministerio Público,https://busquedas.elperuano.pe/dispositivo/NL/2364468-1,31/01/2025,,,,,,,,,,,,,,,,,,,,,,,,,,,,,,,,,,,,,,
22/01/2025,2364299-1,MINISTERIO PUBLICO,RESOLUCION,N° 153-2025-MP-FN,Delegan y asignan determinadas facultades y atribuciones en presidentes de diversas Juntas de Fiscales Superiores y en el Jefe Nacional del Instituto de Medicina Legal y Ciencias Forenses,https://busquedas.elperuano.pe/dispositivo/NL/2364299-1,31/01/2025,,,,,,,,,,,,,,,,,,,,,,,,,,,,,,,,,,,,,,
22/01/2025,2363704-1,"SUPERINTENDENCIA DE BANCA, SEGUROS Y ADMINISTRADORAS PRIVADAS DE FONDOS DE PENSIONES",RESOLUCION,SBS N° 00199-2025,Modifican Norma sobre funciones y cargos ocupados por personas expuestas políticamente (PEP) en materia de prevención del lavado de activos y del financiamiento del terrorismo,https://busquedas.elperuano.pe/dispositivo/NL/2363704-1,31/01/2025,,,,,,,,,,,,,,,,,,,,,,,,,,,,,,,,,,,,,,
22/01/2025,2363832-1,"SUPERINTENDENCIA DE BANCA, SEGUROS Y ADMINISTRADORAS PRIVADAS DE FONDOS DE PENSIONES",RESOLUCION,SBS N° 00198-2025,Encargan a persona natural la conducción del proceso de liquidación de la Cooperativa de Ahorro y Crédito Credicoop Arequipa en Liquidación,https://busquedas.elperuano.pe/dispositivo/NL/2363832-1,31/01/2025,,,,,,,,,,,,,,,,,,,,,,,,,,,,,,,,,,,,,,
22/01/2025,2363418-1,GOBIERNO REGIONAL DE CAJAMARCA,ORDENANZA,N° D3-2024-GR.CAJ/CR,Ordenanza Regional que aprueba el CAP Provisional de la Sede del Gobierno Regional Cajamarca Dirección Regional de Comercio Exterior y Turismo Dirección Regional de la Producción Dirección Regional de Energía y Minas Dirección Regional de Vivienda Construcción y Saneamiento Dirección Regional de Trabajo y Promoción del Empleo Archivo Regional y Aldea Infantil San Antonio,https://busquedas.elperuano.pe/dispositivo/NL/2363418-1,31/01/2025,,,,,,,,,,,,,,,,,,,,,,,,,,,,,,,,,,,,,,
22/01/2025,2363875-1,GOBIERNO REGIONAL DE HUANUCO,ORDENANZA,N° 041-2024-GRH-CR,Declaran de interés regional la seguridad ciudadana,https://busquedas.elperuano.pe/dispositivo/NL/2363875-1,31/01/2025,,,,,,,,,,,,,,,,,,,,,,,,,,,,,,,,,,,,,,
22/01/2025,2363848-1,GOBIERNO REGIONAL DE HUANUCO,ORDENANZA,N° 040-2024-GRH-CR,Aprueban el Reglamento para el desarrollo del Proceso del Presupuesto Participativo Basado en Resultados 2026 del Gobierno Regional Huánuco,https://busquedas.elperuano.pe/dispositivo/NL/2363848-1,31/01/2025,,,,,,,,,,,,,,,,,,,,,,,,,,,,,,,,,,,,,,
22/01/2025,2363294-1,MUNICIPALIDAD DE CHORRILLOS,Ordenanzas,N° 506-MDCH,Ordenanza que aprueba el monto mínimo del impuesto predial las fechas de vencimiento para el pago del impuesto predial y arbitrios municipales incentivos por pronto pago para el ejercicio 2025 y la actualización de datos con carácter de declaración jurada,https://epdoc2.elperuano.pe/EpPo/VistaDE.asp?Referencias=MjM2MzI5NC0xMjAyNTAxMjI=,31/01/2025,,,,,,,,,,,,,,,,,,,,,,,,,,,,,,,,,,,,,,
22/01/2025,2363028-1,MUNICIPALIDAD DE SAN BARTOLO,Ordenanzas,N° 366-2025/MDSB,Ordenanza que aprueba beneficios tributarios por pronto pago de Arbitrios Municipales correspondientes al Ejercicio Fiscal 2025 en el distrito de San Bartolo,https://epdoc2.elperuano.pe/EpPo/VistaDE.asp?Referencias=MjM2MzAyOC0xMjAyNTAxMjI=,31/01/2025,,,,,,,,,,,,,,,,,,,,,,,,,,,,,,,,,,,,,,
22/01/2025,2363810-1,MUNICIPALIDAD DE SAN BORJA,Decretos de Alcaldía,N° 001-2025-MSB-A,Convocan a elecciones de las Juntas Vecinales Comunales del distrito de San Borja para el periodo 2025-2026,https://epdoc2.elperuano.pe/EpPo/VistaDE.asp?Referencias=MjM2MzgxMC0xMjAyNTAxMjI=,31/01/2025,,,,,,,,,,,,,,,,,,,,,,,,,,,,,,,,,,,,,,
22/01/2025,2359571-1,MUNICIPALIDAD DE SAN MIGUEL,RESOLUCION DE ALCALDIA,N° 651-2024/MDSM,Promulgan el Presupuesto Institucional de Gastos correspondiente al Año Fiscal 2025 del Pliego: Municipalidad Distrital de San Miguel,https://epdoc2.elperuano.pe/EpPo/VistaDE.asp?Referencias=MjM1OTU3MS0xMjAyNTAxMjI=,31/01/2025,,,,,,,,,,,,,,,,,,,,,,,,,,,,,,,,,,,,,,
22/01/2025,2362965-1,MUNICIPALIDAD DE VILLA MARIA DEL TRIUNFO,Ordenanzas,N° 381-MDVMT,Ordenanza que establece beneficio por pago del Impuesto Predial Arbitrios Municipales Multas Tributarias y Administrativas en el distrito de Villa María del Triunfo,https://epdoc2.elperuano.pe/EpPo/VistaDE.asp?Referencias=MjM2Mjk2NS0xMjAyNTAxMjI=,31/01/2025,,,,,,,,,,,,,,,,,,,,,,,,,,,,,,,,,,,,,,
21/01/2025,2363796-1,CONGRESO DE LA REPUBLICA,LEY,N° 32252,Ley que declara de interés nacional la construcción del desembarcadero pesquero artesanal en el distrito de Paracas provincia de Pisco departamento de Ica,https://busquedas.elperuano.pe/dispositivo/NL/2363796-1,31/01/2025,,,,,,,,,,,,,,,,,,,,,,,,,,,,,,,,,,,,,,
21/01/2025,2363796-2,CONGRESO DE LA REPUBLICA,LEY,N° 32253,Ley que declara el 12 de febrero Día de la Amazonía Peruana,https://busquedas.elperuano.pe/dispositivo/NL/2363796-2,31/01/2025,,,,,,,,,,,,,,,,,,,,,,,,,,,,,,,,,,,,,,
21/01/2025,2363797-1,PRESIDENCIA DEL CONSEJO DE MINISTROS,DECRETO SUPREMO,N° 010-2025-PCM,Decreto Supremo que aprueba el Plan Multisectorial ante Incendios Forestales 2025-2027,https://busquedas.elperuano.pe/dispositivo/NL/2363797-1,31/01/2025,,,,,,,,,,,,,,,,,,,,,,,,,,,,,,,,,,,,,,
21/01/2025,2363623-1,PRESIDENCIA DEL CONSEJO DE MINISTROS,RESOLUCION JEFATURAL,N° 000004-2025-ANIN/JEF,Designan Ejecutivo de la Unidad de Soporte de la Oficina de Tecnologías de la Información de la Autoridad Nacional de Infraestructura,https://busquedas.elperuano.pe/dispositivo/NL/2363623-1,31/01/2025,,,,,,,,,,,,,,,,,,,,,,,,,,,,,,,,,,,,,,
21/01/2025,2363661-1,DESARROLLO E INCLUSIÓN SOCIAL,RESOLUCION,N° 000019-2025-MIDIS/FONCODES/DE,Designan Coordinador de la Unidad de Gestión de Proyectos Productivos,https://busquedas.elperuano.pe/dispositivo/NL/2363661-1,31/01/2025,,,,,,,,,,,,,,,,,,,,,,,,,,,,,,,,,,,,,,
21/01/2025,2363515-1,EDUCACION,RESOLUCION MINISTERIAL,N° 025-2025-MINEDU,Aprueban la Norma Técnica denominada Disposiciones para el otorgamiento ejecución y rendición de cuentas de los recursos financieros otorgados mediante subvenciones a favor de entidades privadas sin fines de lucro e instituciones comprendidas en el Acuerdo Internacional aprobado por Decreto Ley N° 23211 para la implementación de propuestas de servicios educativos en el ámbito rural en instituciones educativas públicas que brindan el servicio educativo en los modelos de secundaria con residencia estudiantil secundaria en alternancia y secundaria tutorial del ámbito rural,https://busquedas.elperuano.pe/dispositivo/NL/2363515-1,31/01/2025,,,,,,,,,,,,,,,,,,,,,,,,,,,,,,,,,,,,,,
21/01/2025,2363783-1,ENERGIA Y MINAS,RESOLUCION MINISTERIAL,N° 018-2025-MINEM/DM,Designan Jefa de la Oficina de Abastecimiento y Servicios de la Oficina General de Administración del Ministerio,https://busquedas.elperuano.pe/dispositivo/NL/2363783-1,31/01/2025,,,,,,,,,,,,,,,,,,,,,,,,,,,,,,,,,,,,,,
21/01/2025,2363784-1,ENERGIA Y MINAS,RESOLUCION MINISTERIAL,N° 019-2025-MINEM/DM,Designan Jefa de la Oficina de Recursos Humanos de la Oficina General de Administración del Ministerio,https://busquedas.elperuano.pe/dispositivo/NL/2363784-1,31/01/2025,,,,,,,,,,,,,,,,,,,,,,,,,,,,,,,,,,,,,,
21/01/2025,2363516-1,INTERIOR,RESOLUCION DIRECTORAL,N° 042-2025-IN-VOI-DGIN,Dejan sin efecto el numeral 2) del artículo 1° de la Resolución Directoral N° 014-2025-IN-VOI-DGIN que designa Subprefecta Provincial de San Pablo Cajamarca,https://busquedas.elperuano.pe/dispositivo/NL/2363516-1,31/01/2025,,,,,,,,,,,,,,,,,,,,,,,,,,,,,,,,,,,,,,
21/01/2025,2363525-1,INTERIOR,RESOLUCION DIRECTORAL,N° 041-2025-IN-VOI-DGIN,Dejan sin efecto el numeral 3) del artículo 1° de la Resolución Directoral N° 003-2025-IN-VOI-DGIN que designa Subprefecta distrital de Santa Catalina provincia Luya Amazonas,https://busquedas.elperuano.pe/dispositivo/NL/2363525-1,31/01/2025,,,,,,,,,,,,,,,,,,,,,,,,,,,,,,,,,,,,,,
21/01/2025,2363424-1,INTERIOR,RESOLUCION DIRECTORAL,N° 040-2025-IN-VOI-DGIN,Designan Subprefectos(as) Provinciales en las regiones de Cajamarca San Martín y Puno,https://busquedas.elperuano.pe/dispositivo/NL/2363424-1,31/01/2025,,,,,,,,,,,,,,,,,,,,,,,,,,,,,,,,,,,,,,
21/01/2025,2363666-1,INTERIOR,RESOLUCION MINISTERIAL,N° 0056-2025-IN,Designan Director de la Oficina de Cooperación y Relaciones Internacionales de la Oficina General de Planeamiento y Presupuesto del Ministerio,https://busquedas.elperuano.pe/dispositivo/NL/2363666-1,31/01/2025,,,,,,,,,,,,,,,,,,,,,,,,,,,,,,,,,,,,,,
21/01/2025,2363797-2,MUJER Y POBLACIONES VULNERABLES,DECRETO SUPREMO,N° 001-2025-MIMP,Decreto Supremo que modifica el Decreto Supremo N° 004-2023-MIMP Decreto Supremo que aprueba la Estrategia Multisectorial Gobernando Juntas,https://busquedas.elperuano.pe/dispositivo/NL/2363797-2,31/01/2025,,,,,,,,,,,,,,,,,,,,,,,,,,,,,,,,,,,,,,
21/01/2025,2363797-3,RELACIONES EXTERIORES,RESOLUCION SUPREMA,N° 012-2025-RE,Dan por terminadas funciones de Cónsul General del Perú en Cuenca República del Ecuador,https://busquedas.elperuano.pe/dispositivo/NL/2363797-3,31/01/2025,,,,,,,,,,,,,,,,,,,,,,,,,,,,,,,,,,,,,,
21/01/2025,2363797-4,RELACIONES EXTERIORES,RESOLUCION SUPREMA,N° 013-2025-RE,Nombran Cónsul General del Perú en Cuenca República del Ecuador,https://busquedas.elperuano.pe/dispositivo/NL/2363797-4,31/01/2025,,,,,,,,,,,,,,,,,,,,,,,,,,,,,,,,,,,,,,
21/01/2025,2363554-1,SALUD,RESOLUCION MINISTERIAL,N° 040-2025/MINSA,Designan Director General de la Escuela Nacional de Salud Pública,https://busquedas.elperuano.pe/dispositivo/NL/2363554-1,31/01/2025,,,,,,,,,,,,,,,,,,,,,,,,,,,,,,,,,,,,,,
21/01/2025,2363779-1,"VIVIENDA, CONSTRUCCIÓN Y SANEAMIENTO",RESOLUCION MINISTERIAL,N° 018-2025-VIVIENDA,Designan Asesora I del Despacho Viceministerial de Construcción y Saneamiento,https://busquedas.elperuano.pe/dispositivo/NL/2363779-1,31/01/2025,,,,,,,,,,,,,,,,,,,,,,,,,,,,,,,,,,,,,,
21/01/2025,2363818-1,INSTITUTO NACIONAL DE DEFENSA CIVIL,RESOLUCION JEFATURAL,N° 000006-2025-INDECI/JEF INDECI,Designan Director de Respuesta del INDECI,https://busquedas.elperuano.pe/dispositivo/NL/2363818-1,31/01/2025,,,,,,,,,,,,,,,,,,,,,,,,,,,,,,,,,,,,,,
21/01/2025,2363785-1,ORGANISMO SUPERVISOR DE LA INVERSIÓN EN ENERGÍA Y MINERÍA,RESOLUCION,N° 003-2025-OS/CD,Resolución de Consejo Directivo que modifica los Procedimientos Técnicos del COES N° 01 Programación de la Operación de Corto Plazo (PR-01) y N° 09 Coordinación de la Operación en Tiempo Real del SEIN (PR-09),https://busquedas.elperuano.pe/dispositivo/NL/2363785-1,31/01/2025,,,,,,,,,,,,,,,,,,,,,,,,,,,,,,,,,,,,,,
21/01/2025,2363635-1,AUTORIDAD DE TRANSPORTE URBANO PARA LIMA Y CALLAO,RESOLUCION,N° 018-2025-ATU/PE,Designan Jefe de la Unidad de Tecnologías de la Información de la Oficina de Administración de la ATU,https://busquedas.elperuano.pe/dispositivo/NL/2363635-1,31/01/2025,,,,,,,,,,,,,,,,,,,,,,,,,,,,,,,,,,,,,,
21/01/2025,2363821-1,AUTORIDAD DE TRANSPORTE URBANO PARA LIMA Y CALLAO,RESOLUCION,N° 019-2025-ATU/PE,Disponen la implementación de Beneficio Extraordinario de Regularización de Sanciones aplicable a sanciones administrativas en materia de transporte terrestre que se encuentren en cobranza coactiva en el periodo de 2001 a 2019 transferidas a la ATU,https://busquedas.elperuano.pe/dispositivo/NL/2363821-1,31/01/2025,,,,,,,,,,,,,,,,,,,,,,,,,,,,,,,,,,,,,,
21/01/2025,2363889-1,AUTORIDAD PORTUARIA NACIONAL,RESOLUCION,N° 0005-2025-APN-DIR,Aprueban el Texto Integrado del Reglamento de Organización y Funciones de la Autoridad Portuaria Nacional – APN,https://busquedas.elperuano.pe/dispositivo/NL/2363889-1,31/01/2025,,,,,,,,,,,,,,,,,,,,,,,,,,,,,,,,,,,,,,
21/01/2025,2363941-1,ORGANISMO SUPERVISOR DE LAS CONTRATACIONES DEL ESTADO,RESOLUCION,N° D000004-2025-OSCE-PRE,Formalizan acuerdo del Consejo Directivo que aprueba la reconformación de la Segunda Tercera y Sexta Sala del Tribunal de Contrataciones del Estado del OSCE,https://busquedas.elperuano.pe/dispositivo/NL/2363941-1,31/01/2025,,,,,,,,,,,,,,,,,,,,,,,,,,,,,,,,,,,,,,
21/01/2025,2363556-1,ORGANISMO SUPERVISOR DE LAS CONTRATACIONES DEL ESTADO,RESOLUCION,N° D000003-2025-OSCE-PRE,Designan Asesora II de la Presidencia Ejecutiva del Organismo Supervisor de las Contrataciones del Estado – OSCE,https://busquedas.elperuano.pe/dispositivo/NL/2363556-1,31/01/2025,,,,,,,,,,,,,,,,,,,,,,,,,,,,,,,,,,,,,,
21/01/2025,2363459-1,SUPERINTENDENCIA NACIONAL DE ADUANAS Y DE ADMINISTRACIÓN TRIBUTARIA,RESOLUCION,N° 000010-2025/SUNAT,Resolución de Superintendencia que aprueba el formulario virtual para declarar y/o pagar el Impuesto a los juegos a distancia y a las apuestas deportivas a distancia y el Impuesto Selectivo al Consumo que grava dichas actividades regula la declaración y pago en dólares y la compensación de pagos o percepciones indebidas o en exceso,https://busquedas.elperuano.pe/dispositivo/NL/2363459-1,31/01/2025,,,,,,,,,,,,,,,,,,,,,,,,,,,,,,,,,,,,,,
21/01/2025,2363790-1,CONSEJO EJECUTIVO DEL PODER JUDICIAL,RESOLUCION ADMINISTRATIVA,N° 000014-2025-CE-PJ,Designan Consejero Responsable del Programa Presupuestal 0099: Celeridad de los Procesos Judiciales Laborales,https://busquedas.elperuano.pe/dispositivo/NL/2363790-1,31/01/2025,,,,,,,,,,,,,,,,,,,,,,,,,,,,,,,,,,,,,,
21/01/2025,2363792-1,CORTE SUPREMA DE JUSTICIA,RESOLUCION ADMINISTRATIVA,N° 000030-2025-P-PJ,Delegan en el Gerente General del Poder Judicial la facultad de aprobar las Modificaciones Presupuestarias en el Nivel Funcional Programático perteneciente al Pliego Poder Judicial para el año fiscal 2025,https://busquedas.elperuano.pe/dispositivo/NL/2363792-1,31/01/2025,,,,,,,,,,,,,,,,,,,,,,,,,,,,,,,,,,,,,,
21/01/2025,2363684-1,CORTE SUPREMA DE JUSTICIA,RESOLUCION ADMINISTRATIVA,N° 000380-2024-P-PJ,Aprueban el Plan Operativo Institucional (POI) 2025 del Poder Judicial – Consistente con el Presupuesto 2025,https://busquedas.elperuano.pe/dispositivo/NL/2363684-1,31/01/2025,,,,,,,,,,,,,,,,,,,,,,,,,,,,,,,,,,,,,,
21/01/2025,2362730-1,BANCO CENTRAL DE RESERVA,RESOLUCION,N° 0002-2025-BCRP-N,Autorizan viaje de funcionario a Chile en comisión de servicios,https://busquedas.elperuano.pe/dispositivo/NL/2362730-1,31/01/2025,,,,,,,,,,,,,,,,,,,,,,,,,,,,,,,,,,,,,,
21/01/2025,2363620-1,CONTRALORIA GENERAL DE LA REPUBLICA,RESOLUCION,N° 049-2025-CG,Designan Jefe del Órgano de Control Institucional de la Municipalidad Provincial de Sechura,https://busquedas.elperuano.pe/dispositivo/NL/2363620-1,31/01/2025,,,,,,,,,,,,,,,,,,,,,,,,,,,,,,,,,,,,,,
21/01/2025,2360014-1,INSTITUCIONES EDUCATIVAS,RESOLUCION,N° 1272-2024-UNHEVAL,Aprueban el Reglamento de Organización y Funciones de la Universidad Nacional Hermilio Valdizán de Huánuco,https://busquedas.elperuano.pe/dispositivo/NL/2360014-1,31/01/2025,,,,,,,,,,,,,,,,,,,,,,,,,,,,,,,,,,,,,,
21/01/2025,2360019-1,INSTITUCIONES EDUCATIVAS,RESOLUCION,N° 1288-2024-UNHEVAL,Aprueban la reducción del marco presupuestal en el Presupuesto Institucional del Pliego 525 Universidad Nacional Hermilio Valdizán,https://busquedas.elperuano.pe/dispositivo/NL/2360019-1,31/01/2025,,,,,,,,,,,,,,,,,,,,,,,,,,,,,,,,,,,,,,
21/01/2025,2363706-1,INSTITUCIONES EDUCATIVAS,RESOLUCION,N° 14444-2025-UNJBG,Autorizan viaje de docente de la Universidad Nacional Jorge Basadre Grohmann a Francia en comisión de servicios,https://busquedas.elperuano.pe/dispositivo/NL/2363706-1,31/01/2025,,,,,,,,,,,,,,,,,,,,,,,,,,,,,,,,,,,,,,
21/01/2025,2363732-1,MINISTERIO PUBLICO,RESOLUCION,N° 148-2025-MP-FN,Nombran fiscal adjunta provincial provisional del Distrito Fiscal de Lima Centro,https://busquedas.elperuano.pe/dispositivo/NL/2363732-1,31/01/2025,,,,,,,,,,,,,,,,,,,,,,,,,,,,,,,,,,,,,,
21/01/2025,2363732-2,MINISTERIO PUBLICO,RESOLUCION,N° 149-2025-MP-FN,Aceptan renuncia de fiscal adjunta provincial provisional del Distrito Fiscal de Lima Sur,https://busquedas.elperuano.pe/dispositivo/NL/2363732-2,31/01/2025,,,,,,,,,,,,,,,,,,,,,,,,,,,,,,,,,,,,,,
21/01/2025,2363732-3,MINISTERIO PUBLICO,RESOLUCION,N° 150-2025-MP-FN,Aceptan renuncia de fiscal adjunta provincial provisional del Distrito Fiscal de Lima Noroeste,https://busquedas.elperuano.pe/dispositivo/NL/2363732-3,31/01/2025,,,,,,,,,,,,,,,,,,,,,,,,,,,,,,,,,,,,,,
21/01/2025,2363732-4,MINISTERIO PUBLICO,RESOLUCION,N° 151-2025-MP-FN,Aceptan renuncia de fiscal adjunta provincial provisional del Distrito Fiscal de Lima Norte,https://busquedas.elperuano.pe/dispositivo/NL/2363732-4,31/01/2025,,,,,,,,,,,,,,,,,,,,,,,,,,,,,,,,,,,,,,
21/01/2025,2361538-1,MUNICIPALIDAD DE CARABAYLLO,DECRETO DE ALCALDIA,N° 14-2024/MDC,Prorrogan vigencia de la Ordenanza Nº 506/MDC que estableció beneficios para el pago de las deudas tributarias y no tributarias en el distrito de Carabayllo,https://busquedas.elperuano.pe/dispositivo/NL/2361538-1,31/01/2025,,,,,,,,,,,,,,,,,,,,,,,,,,,,,,,,,,,,,,
21/01/2025,2362964-1,MUNICIPALIDAD DE VILLA MARIA DEL TRIUNFO,Ordenanzas,N° 380-MDVMT,Ordenanza que establece el beneficio por pronto pago del Impuesto Predial y Arbitrios Municipales del año fiscal 2025 fechas de vencimiento del Impuesto Predial y Arbitrios Municipales y fija el monto mínimo a pagar por Impuesto Predial en el distrito de Villa María del Triunfo,https://epdoc2.elperuano.pe/EpPo/VistaDE.asp?Referencias=MjM2Mjk2NC0xMjAyNTAxMjE=,31/01/2025,,,,,,,,,,,,,,,,,,,,,,,,,,,,,,,,,,,,,,
20/01/2025,2363276-1,DEFENSA,RESOLUCION MINISTERIAL,N° 00052-2025-DE,Autorizan viaje de oficial de la Fuerza Aérea del Perú a la República Argentina en misión de estudios,https://busquedas.elperuano.pe/dispositivo/NL/2363276-1,31/01/2025,,,,,,,,,,,,,,,,,,,,,,,,,,,,,,,,,,,,,,
20/01/2025,2363304-1,DEFENSA,RESOLUCION MINISTERIAL,N° 00050-2025-DE,Autorizan viaje de oficial de la Marina de Guerra del Perú a Panamá en misión de estudios,https://busquedas.elperuano.pe/dispositivo/NL/2363304-1,31/01/2025,,,,,,,,,,,,,,,,,,,,,,,,,,,,,,,,,,,,,,
20/01/2025,2363248-1,DESARROLLO E INCLUSIÓN SOCIAL,RESOLUCION,N° D000046-2025-MIDIS/WM-DE,Designan Jefe de la Unidad de Supervisión Monitoreo y Evaluación del Programa Nacional de Alimentación Escolar Comunitaria Wasi Mikuna,https://busquedas.elperuano.pe/dispositivo/NL/2363248-1,31/01/2025,,,,,,,,,,,,,,,,,,,,,,,,,,,,,,,,,,,,,,
20/01/2025,2363255-1,DESARROLLO E INCLUSIÓN SOCIAL,RESOLUCION,N° D000048-2025-MIDIS/WM-DE,Designan Coordinador de la Coordinación del Componente Alimentario de la Unidad de Organización de las Prestaciones del Programa Nacional de Alimentación Escolar Comunitaria Wasi Mikuna,https://busquedas.elperuano.pe/dispositivo/NL/2363255-1,31/01/2025,,,,,,,,,,,,,,,,,,,,,,,,,,,,,,,,,,,,,,
20/01/2025,2363376-1,DESARROLLO E INCLUSIÓN SOCIAL,RESOLUCION,N° D000054-2025-MIDIS/WM-DE,Designan Jefe de la Unidad de Tecnologías de la Información del Programa Nacional de Alimentación Escolar Comunitaria Wasi Mikuna,https://busquedas.elperuano.pe/dispositivo/NL/2363376-1,31/01/2025,,,,,,,,,,,,,,,,,,,,,,,,,,,,,,,,,,,,,,
20/01/2025,2363378-1,ENERGIA Y MINAS,RESOLUCION MINISTERIAL,N° 017-2025-MINEM/DM,Designan Director General de la Dirección General de Formalización Minera,https://busquedas.elperuano.pe/dispositivo/NL/2363378-1,31/01/2025,,,,,,,,,,,,,,,,,,,,,,,,,,,,,,,,,,,,,,
20/01/2025,2363379-1,INTERIOR,RESOLUCION MINISTERIAL,N° 0037-2025-IN,Designan Director de la Oficina de Planeamiento y Estadística de la Oficina General de Planeamiento y Presupuesto,https://busquedas.elperuano.pe/dispositivo/NL/2363379-1,31/01/2025,,,,,,,,,,,,,,,,,,,,,,,,,,,,,,,,,,,,,,
20/01/2025,2362529-1,TRABAJO Y PROMOCION DEL EMPLEO,RESOLUCION MINISTERIAL,N° 006-2025-TR,Designan Asesora II del Despacho Ministerial,https://busquedas.elperuano.pe/dispositivo/NL/2362529-1,31/01/2025,,,,,,,,,,,,,,,,,,,,,,,,,,,,,,,,,,,,,,
20/01/2025,2363338-1,SUPERINTENDENCIA NACIONAL DE MIGRACIONES,RESOLUCION,N° 000012-2025-MIGRACIONES,Designan Jefe Zonal II de la Jefatura Zonal de Iquitos de MIGRACIONES,https://busquedas.elperuano.pe/dispositivo/NL/2363338-1,31/01/2025,,,,,,,,,,,,,,,,,,,,,,,,,,,,,,,,,,,,,,
20/01/2025,2363344-1,SUPERINTENDENCIA NACIONAL DE MIGRACIONES,RESOLUCION,N° 000013-2025-MIGRACIONES,Designan Jefe Zonal III de la Jefatura Zonal de Tarapoto de MIGRACIONES,https://busquedas.elperuano.pe/dispositivo/NL/2363344-1,31/01/2025,,,,,,,,,,,,,,,,,,,,,,,,,,,,,,,,,,,,,,
20/01/2025,2363221-1,CORTES SUPERIORES DE JUSTICIA,RESOLUCION ADMINISTRATIVA,N° 000008-2024-P-CDI-CSNJPE-PJ,Oficializan acuerdo de la Comisión Distrital de Implementación del Código Procesal Penal de la Corte Superior Nacional de Justicia Penal Especializada sobre la Metodología de la dirección de audiencias de las Salas Penales de Apelaciones Nacionales,https://busquedas.elperuano.pe/dispositivo/NL/2363221-1,31/01/2025,,,,,,,,,,,,,,,,,,,,,,,,,,,,,,,,,,,,,,
20/01/2025,2362388-1,OFICINA NACIONAL DE PROCESOS ELECTORALES,RESOLUCION,N° 000008-2024-SGACTD-SG/ONPE,Declaran la baja de las casillas electrónicas de diversos ciudadanos,https://busquedas.elperuano.pe/dispositivo/NL/2362388-1,31/01/2025,,,,,,,,,,,,,,,,,,,,,,,,,,,,,,,,,,,,,,
20/01/2025,2363377-1,REGISTRO NACIONAL DE IDENTIFICACION Y ESTADO CIVIL,RESOLUCION JEFATURAL,N° 000008-2025/JNAC/RENIEC,Designan Jefa de la Unidad de Modernización Organizacional de la Oficina de Planeamiento Presupuesto y Modernización del RENIEC,https://busquedas.elperuano.pe/dispositivo/NL/2363377-1,31/01/2025,,,,,,,,,,,,,,,,,,,,,,,,,,,,,,,,,,,,,,
20/01/2025,2362476-1,"SUPERINTENDENCIA DE BANCA, SEGUROS Y ADMINISTRADORAS PRIVADAS DE FONDOS DE PENSIONES",RESOLUCION,SBS N° 00126-2025,Fijan montos de contribuciones de las instituciones o personas sujetas al control de la SBS distintas a las empresas del sistema financiero empresas de seguros y de reaseguros y empresas de seguros de vida para el año 2025,https://busquedas.elperuano.pe/dispositivo/NL/2362476-1,31/01/2025,,,,,,,,,,,,,,,,,,,,,,,,,,,,,,,,,,,,,,
20/01/2025,2362941-1,"SUPERINTENDENCIA DE BANCA, SEGUROS Y ADMINISTRADORAS PRIVADAS DE FONDOS DE PENSIONES",RESOLUCION,SBS N° 00162-2025,Declaran la disolución de la Cooperativa de Ahorro y Crédito Coopevision Cusco y su exclusión del Registro Nacional de Cooperativas de Ahorro y Crédito No Autorizadas a Captar Recursos del Público,https://busquedas.elperuano.pe/dispositivo/NL/2362941-1,31/01/2025,,,,,,,,,,,,,,,,,,,,,,,,,,,,,,,,,,,,,,
20/01/2025,2362942-1,"SUPERINTENDENCIA DE BANCA, SEGUROS Y ADMINISTRADORAS PRIVADAS DE FONDOS DE PENSIONES",RESOLUCION,SBS N° 00163-2025,Declaran la disolución de la Cooperativa de Ahorro y Crédito Acción para el Desarrollo y Emprendimiento Ltda ADECOOP y su exclusión del Registro Nacional de Cooperativas de Ahorro y Crédito No Autorizadas a Captar Recursos del Público,https://busquedas.elperuano.pe/dispositivo/NL/2362942-1,31/01/2025,,,,,,,,,,,,,,,,,,,,,,,,,,,,,,,,,,,,,,
20/01/2025,2362944-1,"SUPERINTENDENCIA DE BANCA, SEGUROS Y ADMINISTRADORAS PRIVADAS DE FONDOS DE PENSIONES",RESOLUCION,SBS N° 00164-2025,Declaran la disolución de la Cooperativa de Ahorro y Crédito Crecer Perú y su exclusión del Registro Nacional de Cooperativas de Ahorro y Crédito No Autorizadas a Captar Recursos del Público,https://busquedas.elperuano.pe/dispositivo/NL/2362944-1,31/01/2025,,,,,,,,,,,,,,,,,,,,,,,,,,,,,,,,,,,,,,
20/01/2025,2363402-1,MUNICIPALIDAD DE LURIN,DECRETO DE ALCALDIA,N° 001-2025-ALC/MDL,Convocan a Proceso de Elecciones de Representantes de la Sociedad Civil ante el Consejo de Coordinación Local Distrital - CCLD de Lurín para el período 2025-2027,https://busquedas.elperuano.pe/dispositivo/NL/2363402-1,31/01/2025,,,,,,,,,,,,,,,,,,,,,,,,,,,,,,,,,,,,,,
20/01/2025,2363018-1,MUNICIPALIDAD DE LURIN,ORDENANZA,N° 516-2025/MDL,Ordenanza Municipal que establece el cronograma de vencimiento de pagos del Impuesto Predial Arbitrios Municipales e importe mínimo de pago del Impuesto Predial correspondiente al Ejercicio 2025,https://busquedas.elperuano.pe/dispositivo/NL/2363018-1,31/01/2025,,,,,,,,,,,,,,,,,,,,,,,,,,,,,,,,,,,,,,
20/01/2025,2363383-1,MUNICIPALIDAD DISTRITAL DE SAN SEBASTIAN,ACUERDO,N° 004-2025-CM-MDSS,Autorizan viaje de alcaldesa regidor y funcionario de la Municipalidad a España en comisión de servicios,https://busquedas.elperuano.pe/dispositivo/NL/2363383-1,31/01/2025,,,,,,,,,,,,,,,,,,,,,,,,,,,,,,,,,,,,,,
19/01/2025,2363369-1,CONGRESO DE LA REPUBLICA,LEY,N° 32248,Ley que declara de interés nacional la protección conservación y recuperación de los páramos y bosques de neblina de las provincias de Ayabaca y Huancabamba departamento de Piura,https://busquedas.elperuano.pe/dispositivo/NL/2363369-1,31/01/2025,,,,,,,,,,,,,,,,,,,,,,,,,,,,,,,,,,,,,,
19/01/2025,2363369-2,CONGRESO DE LA REPUBLICA,LEY,N° 32249,Ley que modifica la Ley 28832 Ley para asegurar el desarrollo eficiente de la generación eléctrica a fin de garantizar el abastecimiento seguro confiable y eficiente del suministro eléctrico y promover la diversificación de la matriz energética,https://busquedas.elperuano.pe/dispositivo/NL/2363369-2,31/01/2025,,,,,,,,,,,,,,,,,,,,,,,,,,,,,,,,,,,,,,
19/01/2025,2363369-3,CONGRESO DE LA REPUBLICA,LEY,N° 32250,Ley que modifica el Código Penal Decreto Legislativo 635 para fortalecer la lucha contra el tráfico ilícito de drogas,https://busquedas.elperuano.pe/dispositivo/NL/2363369-3,31/01/2025,,,,,,,,,,,,,,,,,,,,,,,,,,,,,,,,,,,,,,
19/01/2025,2363369-4,CONGRESO DE LA REPUBLICA,LEY,N° 32251,Ley que unifica y armoniza la regulación de los símbolos de la patria símbolos del estado y emblemas nacionales,https://busquedas.elperuano.pe/dispositivo/NL/2363369-4,31/01/2025,,,,,,,,,,,,,,,,,,,,,,,,,,,,,,,,,,,,,,
19/01/2025,2363371-1,PRESIDENCIA DEL CONSEJO DE MINISTROS,DECRETO SUPREMO,N° 009-2025-PCM,Decreto Supremo que aprueba el Plan Multisectorial ante Heladas y Friaje 2025-2027,https://busquedas.elperuano.pe/dispositivo/NL/2363371-1,31/01/2025,,,,,,,,,,,,,,,,,,,,,,,,,,,,,,,,,,,,,,
19/01/2025,2363371-8,AMBIENTE,DECRETO SUPREMO,N° 002-2025-MINAM,Decreto Supremo que aprueba el Reglamento de la Ley N° 32099 Ley para la protección conservación y uso sostenible de los humedales en el territorio nacional,https://busquedas.elperuano.pe/dispositivo/NL/2363371-8,31/01/2025,,,,,,,,,,,,,,,,,,,,,,,,,,,,,,,,,,,,,,
19/01/2025,2363354-1,AMBIENTE,RESOLUCION MINISTERIAL,N° 00014-2025-MINAM,Designan Director de la Dirección General de Educación Ciudadanía e Información Ambiental del Ministerio del Ambiente,https://busquedas.elperuano.pe/dispositivo/NL/2363354-1,31/01/2025,,,,,,,,,,,,,,,,,,,,,,,,,,,,,,,,,,,,,,
19/01/2025,2363246-1,COMERCIO EXTERIOR Y TURISMO,RESOLUCION MINISTERIAL,N° 016-2025-MINCETUR,Autorizan viaje de representante de PROMPERÚ para participar en evento a realizarse en Dinamarca,https://busquedas.elperuano.pe/dispositivo/NL/2363246-1,31/01/2025,,,,,,,,,,,,,,,,,,,,,,,,,,,,,,,,,,,,,,
19/01/2025,2363230-1,COMERCIO EXTERIOR Y TURISMO,RESOLUCION MINISTERIAL,N° 012-2025-MINCETUR,Autorizan viaje de personal del Ministerio para participar en evento a realizarse en la República Federal de Alemania,https://busquedas.elperuano.pe/dispositivo/NL/2363230-1,31/01/2025,,,,,,,,,,,,,,,,,,,,,,,,,,,,,,,,,,,,,,
19/01/2025,2363235-1,COMERCIO EXTERIOR Y TURISMO,RESOLUCION MINISTERIAL,N° 015-2025-MINCETUR,Autorizan viaje de representantes de PROMPERÚ para participar en evento a realizarse en España,https://busquedas.elperuano.pe/dispositivo/NL/2363235-1,31/01/2025,,,,,,,,,,,,,,,,,,,,,,,,,,,,,,,,,,,,,,
19/01/2025,2362922-1,CULTURA,RESOLUCION DIRECTORAL,N° 000018-2025-DGPA-VMPCIC/MC,Determinan la Protección Provisional del Sitio Arqueológico de Chuco ubicado en el distrito de Vischongo provincia de Vilcas Huamán departamento de Ayacucho,https://busquedas.elperuano.pe/dispositivo/NL/2362922-1,31/01/2025,,,,,,,,,,,,,,,,,,,,,,,,,,,,,,,,,,,,,,
19/01/2025,2363238-1,CULTURA,RESOLUCION VICE MINISTERIAL,N° 000023-2025-VMPCIC/MC,Delegan en el/la Director/a de la Dirección Desconcentrada de Cultura de Cusco durante el Ejercicio Fiscal 2025 la facultad de determinar la protección provisional de los bienes inmuebles prehispánicos que se presumen integrantes del Patrimonio Cultural de la Nación ubicados en el departamento de Cusco,https://busquedas.elperuano.pe/dispositivo/NL/2363238-1,31/01/2025,,,,,,,,,,,,,,,,,,,,,,,,,,,,,,,,,,,,,,
19/01/2025,2363242-1,CULTURA,RESOLUCION VICE MINISTERIAL,N° 000022-2025-VMPCIC/MC,Declaran Patrimonio Cultural de la Nación al Sitio Arqueológico Wanrin ubicado en el distrito de Paucar provincia de Daniel Alcides Carrión departamento de Pasco,https://busquedas.elperuano.pe/dispositivo/NL/2363242-1,31/01/2025,,,,,,,,,,,,,,,,,,,,,,,,,,,,,,,,,,,,,,
19/01/2025,2363277-1,DEFENSA,RESOLUCION MINISTERIAL,N° 00051-2025-DE,Autorizan viaje de personal militar de la Fuerza Aérea del Perú a Argentina en misión de estudios,https://busquedas.elperuano.pe/dispositivo/NL/2363277-1,31/01/2025,,,,,,,,,,,,,,,,,,,,,,,,,,,,,,,,,,,,,,
19/01/2025,2363308-1,DEFENSA,RESOLUCION MINISTERIAL,N° 00049-2025-DE,Autorizan viaje de oficial de la Fuerza Aérea del Perú a la República Argentina en misión de estudios,https://busquedas.elperuano.pe/dispositivo/NL/2363308-1,31/01/2025,,,,,,,,,,,,,,,,,,,,,,,,,,,,,,,,,,,,,,
19/01/2025,2363373-2,DEFENSA,RESOLUCION SUPREMA,N° 002-2025-DE,Modifican el artículo 1 de la R.S. N° 181-2024-DE que asigna empleo a partir del 1 de enero de 2025 en el extremo referido al empleo de los Generales de Brigada del Ejército del Perú por necesidad de servicio,https://busquedas.elperuano.pe/dispositivo/NL/2363373-2,31/01/2025,,,,,,,,,,,,,,,,,,,,,,,,,,,,,,,,,,,,,,
19/01/2025,2363371-2,ECONOMIA Y FINANZAS,DECRETO SUPREMO,N° 003-2025-EF,Decreto Supremo que dispone el reajuste de pensiones del régimen del Decreto Ley N° 20530 y autoriza transferencia de partidas a favor de diversos pliegos,https://busquedas.elperuano.pe/dispositivo/NL/2363371-2,31/01/2025,,,,,,,,,,,,,,,,,,,,,,,,,,,,,,,,,,,,,,
19/01/2025,2363371-3,ECONOMIA Y FINANZAS,DECRETO SUPREMO,N° 004-2025-EF,Decreto Supremo que aprueba el primer reajuste de pensiones a favor del personal militar de las Fuerzas Armadas y policial de la Policía Nacional del Perú,https://busquedas.elperuano.pe/dispositivo/NL/2363371-3,31/01/2025,,,,,,,,,,,,,,,,,,,,,,,,,,,,,,,,,,,,,,
19/01/2025,2363371-4,ECONOMIA Y FINANZAS,DECRETO SUPREMO,N° 005-2025-EF,Decreto Supremo que aprueba los nuevos montos de la remuneración consolidada del personal militar de las Fuerzas Armadas y policial de la Policía Nacional del Perú,https://busquedas.elperuano.pe/dispositivo/NL/2363371-4,31/01/2025,,,,,,,,,,,,,,,,,,,,,,,,,,,,,,,,,,,,,,
19/01/2025,2363371-5,ECONOMIA Y FINANZAS,DECRETO SUPREMO,N° 006-2025-EF,Decreto Supremo que establece los límites máximos de incorporación de mayores ingresos públicos en los pliegos del gobierno nacional los gobiernos regionales los gobiernos locales así como en las empresas y los organismos públicos de los gobiernos regionales y los gobiernos locales y dicta otra disposición,https://busquedas.elperuano.pe/dispositivo/NL/2363371-5,31/01/2025,,,,,,,,,,,,,,,,,,,,,,,,,,,,,,,,,,,,,,
19/01/2025,2363371-6,ECONOMIA Y FINANZAS,DECRETO SUPREMO,N° 007-2025-EF,Decreto Supremo que autoriza transferencia de partidas en el presupuesto del sector público para el año fiscal 2025 a favor de diversos pliegos del gobierno nacional y gobiernos regionales,https://busquedas.elperuano.pe/dispositivo/NL/2363371-6,31/01/2025,,,,,,,,,,,,,,,,,,,,,,,,,,,,,,,,,,,,,,
19/01/2025,2363371-7,ECONOMIA Y FINANZAS,DECRETO SUPREMO,N° 008-2025-EF,Decreto Supremo que modifica el Nuevo Apéndice IV del Texto Único Ordenado de la Ley del Impuesto General a las Ventas e Impuesto Selectivo al Consumo,https://busquedas.elperuano.pe/dispositivo/NL/2363371-7,31/01/2025,,,,,,,,,,,,,,,,,,,,,,,,,,,,,,,,,,,,,,
19/01/2025,2363364-1,ECONOMIA Y FINANZAS,RESOLUCION MINISTERIAL,N° 015-2025-EF/50,Resolución Ministerial que aprueba los índices de distribución de la regalía minera correspondientes al mes de diciembre del año 2024,https://busquedas.elperuano.pe/dispositivo/NL/2363364-1,31/01/2025,,,,,,,,,,,,,,,,,,,,,,,,,,,,,,,,,,,,,,
19/01/2025,2363365-1,ECONOMIA Y FINANZAS,RESOLUCION MINISTERIAL,N° 016-2025-EF/41,Actualizan el Plan Operativo Institucional (POI) Anual 2025 del Ministerio de Economía y Finanzas,https://busquedas.elperuano.pe/dispositivo/NL/2363365-1,31/01/2025,,,,,,,,,,,,,,,,,,,,,,,,,,,,,,,,,,,,,,
19/01/2025,2363373-3,ECONOMIA Y FINANZAS,RESOLUCION SUPREMA,N° 003-2025-EF,Designan Vocales del Tribunal de Contrataciones del Estado del Organismo Supervisor de las Contrataciones del Estado - OSCE,https://busquedas.elperuano.pe/dispositivo/NL/2363373-3,31/01/2025,,,,,,,,,,,,,,,,,,,,,,,,,,,,,,,,,,,,,,
19/01/2025,2363358-1,ECONOMIA Y FINANZAS,RESOLUCION VICE MINISTERIAL,N° 002-2025-EF/15.01,Aprueban precios de referencia y derechos variables adicionales a que se refiere el Decreto Supremo N° 115-2001-EF,https://busquedas.elperuano.pe/dispositivo/NL/2363358-1,31/01/2025,,,,,,,,,,,,,,,,,,,,,,,,,,,,,,,,,,,,,,
19/01/2025,2363355-1,INTERIOR,RESOLUCION MINISTERIAL,N° 0036-2025-IN,Autorizan viaje de personal policial a España en comisión de servicios,https://busquedas.elperuano.pe/dispositivo/NL/2363355-1,31/01/2025,,,,,,,,,,,,,,,,,,,,,,,,,,,,,,,,,,,,,,
19/01/2025,2363366-1,PRODUCE,RESOLUCION,N° 006 -2025-IMARPE/PE,Designan Jefe de la Oficina General de Planeamiento y Presupuesto del Instituto del Mar del Perú – IMARPE,https://busquedas.elperuano.pe/dispositivo/NL/2363366-1,31/01/2025,,,,,,,,,,,,,,,,,,,,,,,,,,,,,,,,,,,,,,
19/01/2025,2363373-1,SALUD,DECRETO SUPREMO,N° 001-2025-SA,Decreto Supremo que incorpora una disposición complementaria final a las disposiciones para las Instituciones Administradoras de Fondos de Aseguramiento en Salud Públicas - IAFAS Públicas aprobadas por Decreto Supremo N° 010-2016-SA,https://busquedas.elperuano.pe/dispositivo/NL/2363373-1,31/01/2025,,,,,,,,,,,,,,,,,,,,,,,,,,,,,,,,,,,,,,
19/01/2025,2363205-1,TRANSPORTES Y COMUNICACIONES,RESOLUCION DIRECTORAL,N° 040-2024-MTC/18,Aprueban inclusión de la Autoridad de Transporte Urbano para Lima y Callao - ATU al Sistema de Casillas Electrónicas en materia de Transporte y Tránsito Terrestre y dictan otras disposiciones,https://busquedas.elperuano.pe/dispositivo/NL/2363205-1,31/01/2025,,,,,,,,,,,,,,,,,,,,,,,,,,,,,,,,,,,,,,
19/01/2025,2363372-1,TRANSPORTES Y COMUNICACIONES,RESOLUCION DIRECTORAL,N° 022-2025-MTC/20,Designan Jefe de la Oficina de Administración del Programa denominado Proyecto Especial de Infraestructura de Transporte Nacional — PROVIAS NACIONAL,https://busquedas.elperuano.pe/dispositivo/NL/2363372-1,31/01/2025,,,,,,,,,,,,,,,,,,,,,,,,,,,,,,,,,,,,,,
19/01/2025,2363067-1,TRANSPORTES Y COMUNICACIONES,RESOLUCION MINISTERIAL,N° 021-2025-MTC/01.03,Otorgan a la empresa COMPAÑIA TECNOLOGICA WEBPLUS SOCIEDAD ANONIMA CERRADA Concesión Única para la prestación de servicios públicos de telecomunicaciones en el área que comprende todo el territorio de la República,https://busquedas.elperuano.pe/dispositivo/NL/2363067-1,31/01/2025,,,,,,,,,,,,,,,,,,,,,,,,,,,,,,,,,,,,,,
19/01/2025,2363370-1,"VIVIENDA, CONSTRUCCIÓN Y SANEAMIENTO",RESOLUCION VICE MINISTERIAL,N° 002-2025-VIVIENDA/VMCS,Designan Directoras Titular y Suplente en el Directorio de la Empresa Prestadora de Servicios de Saneamiento Tacna Sociedad Anónima - EPS TACNA S.A.,https://busquedas.elperuano.pe/dispositivo/NL/2363370-1,31/01/2025,,,,,,,,,,,,,,,,,,,,,,,,,,,,,,,,,,,,,,
19/01/2025,2363357-1,BIBLIOTECA NACIONAL DEL PERU,RESOLUCION JEFATURAL,N° 000023-2025-BNP,Designan Coordinadora de Acceso a Contenidos Digitales de la Dirección del Acceso y Promoción de la Información de la Biblioteca Nacional del Perú,https://busquedas.elperuano.pe/dispositivo/NL/2363357-1,31/01/2025,,,,,,,,,,,,,,,,,,,,,,,,,,,,,,,,,,,,,,
19/01/2025,2363310-1,INSTITUTO NACIONAL DE SALUD,RESOLUCION DIRECTORAL,N° 001-2025-CETS/INS,Aprueban la Pauta Metodológica N° 001-CETS-INS-V.01 Pauta Metodológica: Evaluación Multicriterio para Generar Recomendaciones de Uso de Tecnologías Sanitarias Oncológicas de Alto Costo,https://busquedas.elperuano.pe/dispositivo/NL/2363310-1,31/01/2025,,,,,,,,,,,,,,,,,,,,,,,,,,,,,,,,,,,,,,
19/01/2025,2363360-1,PROCURADURÍA GENERAL DEL ESTADO,RESOLUCION,N° D000054-2025-JUS/PGE-PG,Designan Ejecutivo de la Unidad de Instrucción de la Oficina de Control Funcional de la Procuraduría General del Estado,https://busquedas.elperuano.pe/dispositivo/NL/2363360-1,31/01/2025,,,,,,,,,,,,,,,,,,,,,,,,,,,,,,,,,,,,,,
19/01/2025,2363367-1,SUPERINTENDENCIA NACIONAL DE ADUANAS Y DE ADMINISTRACIÓN TRIBUTARIA,RESOLUCION,N° 000011-2025/SUNAT,Resolución de Superintendencia que aprueba el porcentaje requerido para determinar el límite máximo de devolución del Impuesto Selectivo al Consumo a que se refiere el Reglamento del Decreto de Urgencia Nº 012-2019,https://busquedas.elperuano.pe/dispositivo/NL/2363367-1,31/01/2025,,,,,,,,,,,,,,,,,,,,,,,,,,,,,,,,,,,,,,
19/01/2025,2363261-1,SUPERINTENDENCIA NACIONAL DE FISCALIZACIÓN LABORAL,RESOLUCION,N° 025-2025-SUNAFIL,Designan Intendente Regional de la Intendencia Regional de Apurímac de la SUNAFIL,https://busquedas.elperuano.pe/dispositivo/NL/2363261-1,31/01/2025,,,,,,,,,,,,,,,,,,,,,,,,,,,,,,,,,,,,,,
19/01/2025,2362905-1,CONSEJO EJECUTIVO DEL PODER JUDICIAL,INVESTIGACION,Definitiva N° 380-2021-ANCASH,Imponen medida disciplinaria de destitución a juez de paz del Centro Poblado Hualcán distrito y provincia de Carhuaz de la Corte Superior de Justicia de Ancash,https://busquedas.elperuano.pe/dispositivo/NL/2362905-1,31/01/2025,,,,,,,,,,,,,,,,,,,,,,,,,,,,,,,,,,,,,,
19/01/2025,2362906-1,CONSEJO EJECUTIVO DEL PODER JUDICIAL,INVESTIGACION,Definitiva N° 10398-2021-LIMA,Imponen la medida disciplinaria de destitución a auxiliar judicial de la Tercera Sala Constitucional de Lima de la Corte Superior de Justicia de Lima,https://busquedas.elperuano.pe/dispositivo/NL/2362906-1,31/01/2025,,,,,,,,,,,,,,,,,,,,,,,,,,,,,,,,,,,,,,
19/01/2025,2362992-1,BANCO CENTRAL DE RESERVA,RESOLUCION,N° 0001-2025-BCRP-N,Aprueban misión en el exterior del Presidente del BCRP para participar en la Reunión Anual del Foro Económico Mundial 2025,https://busquedas.elperuano.pe/dispositivo/NL/2362992-1,31/01/2025,,,,,,,,,,,,,,,,,,,,,,,,,,,,,,,,,,,,,,
19/01/2025,2363356-1,INSTITUCIONES EDUCATIVAS,RESOLUCION,N° 042-2025-UNSCH-R,Autorizan viaje de Rector de la Universidad Nacional de San Cristóbal de Huamanga a EE.UU. en comisión de servicios,https://busquedas.elperuano.pe/dispositivo/NL/2363356-1,31/01/2025,,,,,,,,,,,,,,,,,,,,,,,,,,,,,,,,,,,,,,
19/01/2025,2363353-1,MINISTERIO PUBLICO,RESOLUCION,N° 140 -2025-MP-FN,Autorizar viaje de perito de la Oficina de Peritajes y fiscales de la Segunda Fiscalía Supraprovincial Corporativa Especializada en Delitos de Lavado de Activos a Argentina en comisión de servicios,https://busquedas.elperuano.pe/dispositivo/NL/2363353-1,31/01/2025,,,,,,,,,,,,,,,,,,,,,,,,,,,,,,,,,,,,,,
19/01/2025,2363362-1,MUNICIPALIDAD DE CIENEGUILLA,Decretos de Alcaldía,N° 023-2024-MDC,Amplían vigencia de plazo establecido en la Ordenanza N° 356-2023-MDC que regula la emisión de constancia de posesión para fines de otorgamiento de factibilidad de servicios básicos que cuenten con planos visados por la Municipalidad de Cieneguilla,https://epdoc2.elperuano.pe/EpPo/VistaDE.asp?Referencias=MjM2MzM2Mi0xMjAyNTAxMTk=,31/01/2025,,,,,,,,,,,,,,,,,,,,,,,,,,,,,,,,,,,,,,
19/01/2025,2363363-1,MUNICIPALIDAD DE CIENEGUILLA,Decretos de Alcaldía,N° 022-2024-MDC,Amplían vigencia de plazo establecido en la Ordenanza N° 355-2023-MDC que regula el procedimiento de visación de planos de trazado de vías y lotización para fines de dotación de servicios básicos para las organizaciones sociales del distrito de Cieneguilla,https://epdoc2.elperuano.pe/EpPo/VistaDE.asp?Referencias=MjM2MzM2My0xMjAyNTAxMTk=,31/01/2025,,,,,,,,,,,,,,,,,,,,,,,,,,,,,,,,,,,,,,
19/01/2025,2363361-1,MUNICIPALIDAD DE CIENEGUILLA,Ordenanzas,N° 397-2025-MDC,Ordenanza que aprueba descuentos por el pronto pago del Impuesto Predial y Arbitrios Municipales del ejercicio 2025,https://epdoc2.elperuano.pe/EpPo/VistaDE.asp?Referencias=MjM2MzM2MS0xMjAyNTAxMTk=,31/01/2025,,,,,,,,,,,,,,,,,,,,,,,,,,,,,,,,,,,,,,
18/01/2025,2362961-1,PRESIDENCIA DEL CONSEJO DE MINISTROS,RESOLUCION MINISTERIAL,N° 008-2025-PCM,Crean el Grupo de Trabajo Multisectorial de naturaleza temporal con el objeto de formular una propuesta de Plan de Trabajo para la actualización de la Plataforma Digital Única del Estado Peruano para Orientación al Ciudadano (Plataforma GOB.PE),https://busquedas.elperuano.pe/dispositivo/NL/2362961-1,31/01/2025,,,,,,,,,,,,,,,,,,,,,,,,,,,,,,,,,,,,,,
18/01/2025,2363352-2,PRESIDENCIA DEL CONSEJO DE MINISTROS,RESOLUCION SUPREMA,N° 010-2025-PCM,Encargan funciones de Jefe del Instituto Nacional de Estadística e Informática - INEI,https://busquedas.elperuano.pe/dispositivo/NL/2363352-2,31/01/2025,,,,,,,,,,,,,,,,,,,,,,,,,,,,,,,,,,,,,,
18/01/2025,2363224-1,COMERCIO EXTERIOR Y TURISMO,RESOLUCION MINISTERIAL,N° 010-2025-MINCETUR,Designan Directora de la Dirección de Desarrollo de Capacidades y Oferta Exportable de la Dirección General de Políticas de Desarrollo de Comercio Exterior,https://busquedas.elperuano.pe/dispositivo/NL/2363224-1,31/01/2025,,,,,,,,,,,,,,,,,,,,,,,,,,,,,,,,,,,,,,
18/01/2025,2362511-1,CULTURA,RESOLUCION DIRECTORAL,N° 000015-2025-DGPA-VMPCIC/MC,Prorrogan plazo de determinación de la protección provisional del Sitio Arqueológico Santa Ana A o San Juan Sector 1 ubicado en el distrito de Ricardo Palma provincia de Huarochiri y departamento de Lima,https://busquedas.elperuano.pe/dispositivo/NL/2362511-1,31/01/2025,,,,,,,,,,,,,,,,,,,,,,,,,,,,,,,,,,,,,,
18/01/2025,2362520-1,CULTURA,RESOLUCION DIRECTORAL,N° 000016-2025-DGPA-VMPCIC/MC,Determinan la Protección Provisional del Paisaje Arqueológico Complejo La Laguna- Quebrada La Camotera ubicado en el distrito y provincia de Ascope departamento La Libertad,https://busquedas.elperuano.pe/dispositivo/NL/2362520-1,31/01/2025,,,,,,,,,,,,,,,,,,,,,,,,,,,,,,,,,,,,,,
18/01/2025,2363359-1,CULTURA,RESOLUCION MINISTERIAL,N° 000010-2025-MC,Autorizan viaje de servidores de la Gerencia de Prensa del IRTP a Suiza en comisión de servicios,https://busquedas.elperuano.pe/dispositivo/NL/2363359-1,31/01/2025,,,,,,,,,,,,,,,,,,,,,,,,,,,,,,,,,,,,,,
18/01/2025,2362776-1,DEFENSA,RESOLUCION MINISTERIAL,N° 00042-2025-DE,Autorizan viaje de Oficial de la Marina de Guerra del Perú a Colombia en misión de estudios,https://busquedas.elperuano.pe/dispositivo/NL/2362776-1,31/01/2025,,,,,,,,,,,,,,,,,,,,,,,,,,,,,,,,,,,,,,
18/01/2025,2363272-1,DEFENSA,RESOLUCION MINISTERIAL,N° 00053-2025-DE,Autorizan viaje de personal militar de la Fuerza Aérea del Perú a Francia en misión de estudios,https://busquedas.elperuano.pe/dispositivo/NL/2363272-1,31/01/2025,,,,,,,,,,,,,,,,,,,,,,,,,,,,,,,,,,,,,,
18/01/2025,2363257-1,DESARROLLO AGRARIO Y RIEGO,RESOLUCION MINISTERIAL,N° 0008-2025-MIDAGRI,Autorizan viaje de Jefe de Gabinete de Asesores del Despacho Ministerial a la Confederación Suiza en comisión de servicios,https://busquedas.elperuano.pe/dispositivo/NL/2363257-1,31/01/2025,,,,,,,,,,,,,,,,,,,,,,,,,,,,,,,,,,,,,,
18/01/2025,2363352-1,DESARROLLO E INCLUSIÓN SOCIAL,DECRETO SUPREMO,N° 001-2025-MIDIS,Decreto Supremo que aprueba los montos máximos de recursos que corresponde a cada gobierno regional por el cumplimiento de las metas establecidas en el marco del Fondo de Estímulo al Desempeño y logro de Resultados Sociales (FED) correspondiente al periodo 2024 - 2025,https://busquedas.elperuano.pe/dispositivo/NL/2363352-1,31/01/2025,,,,,,,,,,,,,,,,,,,,,,,,,,,,,,,,,,,,,,
18/01/2025,2363319-1,ECONOMIA Y FINANZAS,RESOLUCION MINISTERIAL,N° 012-2025-EF/15,Actualizan montos fijos vigentes aplicables a bienes sujetos al Sistema Específico del Impuesto Selectivo al Consumo,https://busquedas.elperuano.pe/dispositivo/NL/2363319-1,31/01/2025,,,,,,,,,,,,,,,,,,,,,,,,,,,,,,,,,,,,,,
18/01/2025,2363323-1,ECONOMIA Y FINANZAS,RESOLUCION MINISTERIAL,N° 013-2025-EF/15,Establecen tipo de cambio de referencia correspondiente al año 2025 para los sujetos obligados al pago de la Regalía Minera que lleven su contabilidad en moneda nacional y mantengan vigentes contratos de garantías y medidas de promoción a la inversión en la actividad minera suscritos antes del 01 de octubre de 2011,https://busquedas.elperuano.pe/dispositivo/NL/2363323-1,31/01/2025,,,,,,,,,,,,,,,,,,,,,,,,,,,,,,,,,,,,,,
18/01/2025,2363324-1,ECONOMIA Y FINANZAS,RESOLUCION MINISTERIAL,N° 014-2025-EF/50,Resolución Ministerial que aprueba los índices de distribución y montos a ser transferidos para el Año Fiscal 2025 a las Municipalidades Provinciales y Distritales de las provincias y distritos de los diversos departamentos de la Amazonía en el marco de lo dispuesto en el Decreto Supremo N° 066-2019-EF,https://busquedas.elperuano.pe/dispositivo/NL/2363324-1,31/01/2025,,,,,,,,,,,,,,,,,,,,,,,,,,,,,,,,,,,,,,
18/01/2025,2361499-1,ENERGIA Y MINAS,RESOLUCION MINISTERIAL,N° 014-2025-MINEM/DM,Aprobar la segunda modificación de la concesión definitiva para desarrollar la actividad de transmisión de energía eléctrica en la Línea de Transmisión de 500 kV S.E. Chilca – S.E. Marcona Nueva – S.E. Ocoña – S.E. Montalvo 2 y Subestaciones; L.T. 220 kV S.E. Marcona Nueva – S.E. Marcona Existente; y L.T. 220 kV S.E. Montalvo Nueva – S.E. Montalvo Existente y dictan otras disposiciones,https://busquedas.elperuano.pe/dispositivo/NL/2361499-1,31/01/2025,,,,,,,,,,,,,,,,,,,,,,,,,,,,,,,,,,,,,,
18/01/2025,2363219-1,PRODUCE,RESOLUCION,N° 00001-2025-PRODUCE,Aprueban modificación del Manual de Clasificador de Cargos del Ministerio de la Producción,https://busquedas.elperuano.pe/dispositivo/NL/2363219-1,31/01/2025,,,,,,,,,,,,,,,,,,,,,,,,,,,,,,,,,,,,,,
18/01/2025,2363074-1,PRODUCE,RESOLUCION MINISTERIAL,N° 000015-2025-PRODUCE,Oficializan designación de representante de las universidades ante el Consejo Nacional para la Calidad – CONACAL,https://busquedas.elperuano.pe/dispositivo/NL/2363074-1,31/01/2025,,,,,,,,,,,,,,,,,,,,,,,,,,,,,,,,,,,,,,
18/01/2025,2362685-1,TRANSPORTES Y COMUNICACIONES,RESOLUCION MINISTERIAL,N° 017-2025-MTC/01.03,Otorgan a la empresa INFINITY SMART S.A.C. concesión única para la prestación de servicios públicos de telecomunicaciones en área que comprende todo el territorio nacional,https://busquedas.elperuano.pe/dispositivo/NL/2362685-1,31/01/2025,,,,,,,,,,,,,,,,,,,,,,,,,,,,,,,,,,,,,,
18/01/2025,2362736-1,CENTRAL DE COMPRAS PÚBLICAS,RESOLUCION JEFATURAL,N° 000004-2025-PERÚ COMPRAS-JEFATURA,Aprueban 2 Fichas Técnicas del rubro Material accesorios y suministros de plantas y animales vivos y disponen su inclusión en el Listado de Bienes y Servicios Comunes - LBSC,https://busquedas.elperuano.pe/dispositivo/NL/2362736-1,31/01/2025,,,,,,,,,,,,,,,,,,,,,,,,,,,,,,,,,,,,,,
18/01/2025,2362925-1,CENTRAL DE COMPRAS PÚBLICAS,RESOLUCION JEFATURAL,N° 000006-2025-PERÚ COMPRAS-JEFATURA,Designan director de la Dirección de Compras Corporativas de la Central de Compras Públicas - PERÚ COMPRAS,https://busquedas.elperuano.pe/dispositivo/NL/2362925-1,31/01/2025,,,,,,,,,,,,,,,,,,,,,,,,,,,,,,,,,,,,,,
18/01/2025,2363351-1,DESPACHO PRESIDENCIAL,RESOLUCION,N° 000006-2025-DP/SGPD,Designan jefa de la Oficina General de Asesoría Jurídica del Despacho Presidencial,https://busquedas.elperuano.pe/dispositivo/NL/2363351-1,31/01/2025,,,,,,,,,,,,,,,,,,,,,,,,,,,,,,,,,,,,,,
18/01/2025,2363300-1,AUTORIDAD DE TRANSPORTE URBANO PARA LIMA Y CALLAO,RESOLUCION,N° 015-2025-ATU/PE,Designan Director de la Dirección de Operaciones de la Autoridad de Transporte Urbano para Lima y Callao – ATU,https://busquedas.elperuano.pe/dispositivo/NL/2363300-1,31/01/2025,,,,,,,,,,,,,,,,,,,,,,,,,,,,,,,,,,,,,,
18/01/2025,2363330-1,AUTORIDAD NACIONAL DEL AGUA,RESOLUCION JEFATURAL,N° 0009-2025-ANA,Designan Director de la Oficina de Administración de la Autoridad Nacional del Agua,https://busquedas.elperuano.pe/dispositivo/NL/2363330-1,31/01/2025,,,,,,,,,,,,,,,,,,,,,,,,,,,,,,,,,,,,,,
18/01/2025,2363346-1,AUTORIDAD NACIONAL DEL AGUA,RESOLUCION JEFATURAL,N° 0010-2025-ANA,Modifican el Reglamento de Procedimientos Administrativos para el Otorgamiento de Derechos de Uso de Agua y de Autorización de Ejecución de Obras en Fuentes Naturales de Agua,https://busquedas.elperuano.pe/dispositivo/NL/2363346-1,31/01/2025,,,,,,,,,,,,,,,,,,,,,,,,,,,,,,,,,,,,,,
18/01/2025,2363340-1,"CONSEJO NACIONAL DE CIENCIA, TECNOLOGÍA E INNOVACIÓN TECNOLÓGICA",RESOLUCION,N° 007-2025-CONCYTEC-P,Designan Director de la Dirección de Evaluación y Gestión del Conocimiento del CONCYTEC,https://busquedas.elperuano.pe/dispositivo/NL/2363340-1,31/01/2025,,,,,,,,,,,,,,,,,,,,,,,,,,,,,,,,,,,,,,
18/01/2025,2362947-1,"CONSEJO NACIONAL DE CIENCIA, TECNOLOGÍA E INNOVACIÓN TECNOLÓGICA",RESOLUCION,N° 001-2025-PROCIENCIA-DE,Delegan diversas facultades en el Responsable de la Unidad de Administración de PROCIENCIA durante el año fiscal 2025,https://busquedas.elperuano.pe/dispositivo/NL/2362947-1,31/01/2025,,,,,,,,,,,,,,,,,,,,,,,,,,,,,,,,,,,,,,
18/01/2025,2363347-1,INSTITUTO NACIONAL DE ESTADISTICA E INFORMATICA,RESOLUCION JEFATURAL,N° 011-2025-INEI,Designan Director Técnico I de la Dirección Nacional de Censos y Encuestas del INEI,https://busquedas.elperuano.pe/dispositivo/NL/2363347-1,31/01/2025,,,,,,,,,,,,,,,,,,,,,,,,,,,,,,,,,,,,,,
18/01/2025,2363337-1,INSTITUTO NACIONAL DE ESTADISTICA E INFORMATICA,RESOLUCION JEFATURAL,N° 007-2025-INEI,Aprueban Índices Unificados de Precios de la Construcción para las seis (6) Áreas Geográficas correspondientes al mes de diciembre de 2024,https://busquedas.elperuano.pe/dispositivo/NL/2363337-1,31/01/2025,,,,,,,,,,,,,,,,,,,,,,,,,,,,,,,,,,,,,,
18/01/2025,2363339-1,INSTITUTO NACIONAL DE ESTADISTICA E INFORMATICA,RESOLUCION JEFATURAL,N° 008-2025-INEI,Aprueban Factores de Reajuste que debe aplicarse a las obras de edificación correspondiente a las seis (6) Áreas Geográficas para las Obras del Sector Privado producidas en el mes de diciembre de 2024,https://busquedas.elperuano.pe/dispositivo/NL/2363339-1,31/01/2025,,,,,,,,,,,,,,,,,,,,,,,,,,,,,,,,,,,,,,
18/01/2025,2363348-1,CORTE SUPREMA DE JUSTICIA,RESOLUCION ADMINISTRATIVA,N° 000386-2024-P-PJ,Formalizan actualizaciones (reordenamiento de cargos) de los Cuadros para Asignación de Personal Provisional del Poder Judicial,https://busquedas.elperuano.pe/dispositivo/NL/2363348-1,31/01/2025,,,,,,,,,,,,,,,,,,,,,,,,,,,,,,,,,,,,,,
18/01/2025,2345411-1,INSTITUCIONES EDUCATIVAS,RESOLUCION,N° 0479-2024-CU-GYT/UNCP,Otorgan duplicado de diploma de título profesional de Ingeniería Químico Industrial de la Universidad Nacional del Centro del Perú,https://busquedas.elperuano.pe/dispositivo/NL/2345411-1,31/01/2025,,,,,,,,,,,,,,,,,,,,,,,,,,,,,,,,,,,,,,
18/01/2025,2363194-1,JURADO NACIONAL DE ELECCIONES,RESOLUCION,N° 0004-2025-JNE,Designan secretaria general del Jurado Nacional de Elecciones,https://busquedas.elperuano.pe/dispositivo/NL/2363194-1,31/01/2025,,,,,,,,,,,,,,,,,,,,,,,,,,,,,,,,,,,,,,
18/01/2025,2363227-1,JURADO NACIONAL DE ELECCIONES,RESOLUCION,N° 0451-2024-JNE,Convocan a ciudadana para que asuma el cargo de regidora del Concejo Distrital de Puerto Bermúdez provincia de Oxapampa departamento de Pasco,https://busquedas.elperuano.pe/dispositivo/NL/2363227-1,31/01/2025,,,,,,,,,,,,,,,,,,,,,,,,,,,,,,,,,,,,,,
18/01/2025,2363226-1,MINISTERIO PUBLICO,RESOLUCION,N° 131-2025-MP-FN,Aceptan renuncia de fiscal adjunta provincial provisional del Distrito Fiscal de Lima Este,https://busquedas.elperuano.pe/dispositivo/NL/2363226-1,31/01/2025,,,,,,,,,,,,,,,,,,,,,,,,,,,,,,,,,,,,,,
18/01/2025,2363226-2,MINISTERIO PUBLICO,RESOLUCION,N° 132-2025-MP-FN,Nombran fiscal adjunta provincial provisional del Distrito Fiscal de Lima Sur,https://busquedas.elperuano.pe/dispositivo/NL/2363226-2,31/01/2025,,,,,,,,,,,,,,,,,,,,,,,,,,,,,,,,,,,,,,
18/01/2025,2363226-3,MINISTERIO PUBLICO,RESOLUCION,N° 133-2025-MP-FN,Nombran fiscal adjunto provincial provisional del Distrito Fiscal de Madre de Dios,https://busquedas.elperuano.pe/dispositivo/NL/2363226-3,31/01/2025,,,,,,,,,,,,,,,,,,,,,,,,,,,,,,,,,,,,,,
18/01/2025,2363226-4,MINISTERIO PUBLICO,RESOLUCION,N° 134-2025-MP-FN,Nombran fiscal adjunto provincial provisional del Distrito Fiscal de Lima Centro,https://busquedas.elperuano.pe/dispositivo/NL/2363226-4,31/01/2025,,,,,,,,,,,,,,,,,,,,,,,,,,,,,,,,,,,,,,
18/01/2025,2363226-5,MINISTERIO PUBLICO,RESOLUCION,N° 135-2025-MP-FN,Designan fiscal adjunto supremo titular en el despacho de la Primera Fiscalía Suprema Penal,https://busquedas.elperuano.pe/dispositivo/NL/2363226-5,31/01/2025,,,,,,,,,,,,,,,,,,,,,,,,,,,,,,,,,,,,,,
18/01/2025,2363226-6,MINISTERIO PUBLICO,RESOLUCION,N° 136-2025-MP-FN,Nombran fiscal adjunta provincial provisional del Distrito Fiscal de Lima Norte,https://busquedas.elperuano.pe/dispositivo/NL/2363226-6,31/01/2025,,,,,,,,,,,,,,,,,,,,,,,,,,,,,,,,,,,,,,
18/01/2025,2363226-7,MINISTERIO PUBLICO,RESOLUCION,N° 137-2025-MP-FN,Nombran fiscal adjunta provincial provisional del Distrito Fiscal de Lima Centro,https://busquedas.elperuano.pe/dispositivo/NL/2363226-7,31/01/2025,,,,,,,,,,,,,,,,,,,,,,,,,,,,,,,,,,,,,,
18/01/2025,2363226-8,MINISTERIO PUBLICO,RESOLUCION,N° 138-2025-MP-FN,Designan fiscales en la Fiscalía Provincial Corporativa Especializada en Delitos de Corrupción de Funcionarios del Distrito Fiscal de Lima Norte y en la Fiscalía Supraprovincial Corporativa Especializada en Delitos de Corrupción de Funcionarios y nombran fiscal adjunta provincial provisional del Distrito Fiscal de Lima Norte,https://busquedas.elperuano.pe/dispositivo/NL/2363226-8,31/01/2025,,,,,,,,,,,,,,,,,,,,,,,,,,,,,,,,,,,,,,
18/01/2025,2363226-9,MINISTERIO PUBLICO,RESOLUCION,N° 139-2025-MP-FN,Nombran fiscal provincial provisional del Distrito Fiscal de Lima Centro,https://busquedas.elperuano.pe/dispositivo/NL/2363226-9,31/01/2025,,,,,,,,,,,,,,,,,,,,,,,,,,,,,,,,,,,,,,
18/01/2025,2363234-1,AUTORIDAD NACIONAL DE CONTROL DEL MINISTERIO PUBLICO,RESOLUCION JEFATURAL,N° 027-2025-ANC-MP-J,Modifican el Reglamento de Organización y Funciones de la Autoridad Nacional de Control del Ministerio Público,https://busquedas.elperuano.pe/dispositivo/NL/2363234-1,31/01/2025,,,,,,,,,,,,,,,,,,,,,,,,,,,,,,,,,,,,,,
18/01/2025,2359848-1,MUNICIPALIDAD DE CHORRILLOS,Anexo,Anexo de la Ordenanza N° 494-MDCH,Anexo I Informe Técnico de la Ordenanza que establece el Régimen Tributario de los Arbitrios Municipales de Barrido de Calles Recolección de Residuos Sólidos Parques y Jardines y Serenazgo para el Ejercicio Fiscal 2025 en el distrito de Chorrillos,https://epdoc2.elperuano.pe/EpPo/VistaDE.asp?Referencias=MjM1OTg0OC0xMjAyNTAxMTg=,31/01/2025,,,,,,,,,,,,,,,,,,,,,,,,,,,,,,,,,,,,,,
18/01/2025,2359249-1,MUNICIPALIDAD DE CHORRILLOS,Res. Alcaldía,N° 000001-2025-MDCH/ALC,Delegan diversas facultades en funcionarios de la Municipalidad de Chorrillos durante el ejercicio del Año 2025,https://epdoc2.elperuano.pe/EpPo/VistaDE.asp?Referencias=MjM1OTI0OS0xMjAyNTAxMTg=,31/01/2025,,,,,,,,,,,,,,,,,,,,,,,,,,,,,,,,,,,,,,
18/01/2025,2361632-1,MUNICIPALIDAD DE CHORRILLOS,Res. Alcaldía,N° 000005-2025-MDCH/ALC,Modifican el Texto Único de Servicios No Exclusivos – TUSNE de la Municipalidad Distrital de Chorrillos,https://epdoc2.elperuano.pe/EpPo/VistaDE.asp?Referencias=MjM2MTYzMi0xMjAyNTAxMTg=,31/01/2025,,,,,,,,,,,,,,,,,,,,,,,,,,,,,,,,,,,,,,
18/01/2025,2363149-1,MUNICIPALIDAD DE SAN MARTIN DE PORRES,DECRETO DE ALCALDIA,N° 001-2025/MDSMP,Convocan al proceso de elección de seis representantes de la Sociedad Civil para integrar el Consejo de Coordinación Local Distrital del distrito de San Martín de Porres (CCLD) período 2025-2027,https://busquedas.elperuano.pe/dispositivo/NL/2363149-1,31/01/2025,,,,,,,,,,,,,,,,,,,,,,,,,,,,,,,,,,,,,,
18/01/2025,2360814-1,MUNICIPALIDAD DE SURQUILLO,FE DE ERRATA,Ordenanza N° 551-2024-MDS,FE DE ERRATA,https://epdoc2.elperuano.pe/EpPo/VistaNLSE.asp?Referencias=MjM2MDgxNC0xMjAyNTAxMTg=,31/01/2025,,,,,,,,,,,,,,,,,,,,,,,,,,,,,,,,,,,,,,
18/01/2025,2359058-1,MUNICIPALIDAD PROVINCIAL DE HUÁNUCO,ORDENANZA,N° 19-2024-MPHCO,Ordenanza Municipal que aprueba el Reglamento de Organización y Funciones (ROF) de la Municipalidad Provincial de Huánuco,https://busquedas.elperuano.pe/dispositivo/NL/2359058-1,31/01/2025,,,,,,,,,,,,,,,,,,,,,,,,,,,,,,,,,,,,,,
17/01/2025,2363350-1,CONGRESO DE LA REPUBLICA,LEY,N° 32246,Ley que modifica la Ley 27995 -Ley que establece procedimientos para asignar bienes dados de baja por las instituciones públicas a favor de los centros educativos de las regiones de extrema pobreza- para incorporar como sus beneficiarios a los establecimientos de salud y a las familias que dependen de la agricultura familiar regulada en la Ley 30355 Ley de Promoción y Desarrollo de la Agricultura Familiar,https://busquedas.elperuano.pe/dispositivo/NL/2363350-1,31/01/2025,,,,,,,,,,,,,,,,,,,,,,,,,,,,,,,,,,,,,,
17/01/2025,2363350-2,CONGRESO DE LA REPUBLICA,LEY,N° 32247,Ley que modifica la Ley 27297 Ley que crea la Universidad Nacional Amazónica de Madre de Dios para ampliar el número de carreras profesionales,https://busquedas.elperuano.pe/dispositivo/NL/2363350-2,31/01/2025,,,,,,,,,,,,,,,,,,,,,,,,,,,,,,,,,,,,,,
17/01/2025,2362833-1,PRESIDENCIA DEL CONSEJO DE MINISTROS,RESOLUCION JEFATURAL,N° 000003-2025-ANIN/JEF,Designan Ejecutivo de la Unidad de Modernización de la Oficina de Planeamiento y Presupuesto de la Autoridad Nacional de Infraestructura,https://busquedas.elperuano.pe/dispositivo/NL/2362833-1,31/01/2025,,,,,,,,,,,,,,,,,,,,,,,,,,,,,,,,,,,,,,
17/01/2025,2362909-1,PRESIDENCIA DEL CONSEJO DE MINISTROS,RESOLUCION SUPREMA,N° 006-2025-PCM,Autorizan viaje del Ministro de Desarrollo Agrario y Riego a la Confederación Suiza y encargan su Despacho al Ministro de la Producción,https://busquedas.elperuano.pe/dispositivo/NL/2362909-1,31/01/2025,,,,,,,,,,,,,,,,,,,,,,,,,,,,,,,,,,,,,,
17/01/2025,2363078-1,PRESIDENCIA DEL CONSEJO DE MINISTROS,RESOLUCION SUPREMA,N° 007-2025-PCM,Autorizan viaje de Ministro de Relaciones Exteriores a la Confederación Suiza y encargan su Despacho al Presidente del Consejo de Ministros,https://busquedas.elperuano.pe/dispositivo/NL/2363078-1,31/01/2025,,,,,,,,,,,,,,,,,,,,,,,,,,,,,,,,,,,,,,
17/01/2025,2363078-2,PRESIDENCIA DEL CONSEJO DE MINISTROS,RESOLUCION SUPREMA,N° 008-2025-PCM,Autorizan viaje de Ministra de la Mujer y Poblaciones Vulnerables a la Confederación Suiza y encargan su Despacho al Ministro del Ambiente,https://busquedas.elperuano.pe/dispositivo/NL/2363078-2,31/01/2025,,,,,,,,,,,,,,,,,,,,,,,,,,,,,,,,,,,,,,
17/01/2025,2363078-3,PRESIDENCIA DEL CONSEJO DE MINISTROS,RESOLUCION SUPREMA,N° 009-2025-PCM,Autorizan viaje de Ministro de de Educación a los EE.UU. y encargan su Despacho al Ministro de Vivienda Construcción y Saneamiento,https://busquedas.elperuano.pe/dispositivo/NL/2363078-3,31/01/2025,,,,,,,,,,,,,,,,,,,,,,,,,,,,,,,,,,,,,,
17/01/2025,2362670-1,COMERCIO EXTERIOR Y TURISMO,RESOLUCION MINISTERIAL,N° 005-2025-MINCETUR,Autorizan viaje de representante de PROMPERÚ para participar en evento que se realizará en los Estados Unidos Mexicanos,https://busquedas.elperuano.pe/dispositivo/NL/2362670-1,31/01/2025,,,,,,,,,,,,,,,,,,,,,,,,,,,,,,,,,,,,,,
17/01/2025,2362672-1,COMERCIO EXTERIOR Y TURISMO,RESOLUCION MINISTERIAL,N° 006-2025-MINCETUR,Autorizan viaje de representantes de PROMPERÚ para participar en evento que se realizará en España,https://busquedas.elperuano.pe/dispositivo/NL/2362672-1,31/01/2025,,,,,,,,,,,,,,,,,,,,,,,,,,,,,,,,,,,,,,
17/01/2025,2362162-1,CULTURA,RESOLUCION DIRECTORAL,N° 000014-2025-DGPA-VMPCIC/MC,Determinan la Protección Provisional del Sitio Arqueológico La Caleta ubicado en el distrito de Atiquipa provincia de Caravelí departamento de Arequipa,https://busquedas.elperuano.pe/dispositivo/NL/2362162-1,31/01/2025,,,,,,,,,,,,,,,,,,,,,,,,,,,,,,,,,,,,,,
17/01/2025,2362131-1,CULTURA,RESOLUCION DIRECTORAL,N° 000013-2025-DGPA-VMPCIC/MC,Determinan la Protección Provisional de los Sitios Arqueológicos Cerro Cabras -Chorobal Sector 1 y Cerro Cabras - Chorobal Sector 2 ubicados en el distrito de Chao provincia de Virú departamento de La Libertad,https://busquedas.elperuano.pe/dispositivo/NL/2362131-1,31/01/2025,,,,,,,,,,,,,,,,,,,,,,,,,,,,,,,,,,,,,,
17/01/2025,2362135-1,CULTURA,RESOLUCION DIRECTORAL,N° 000011-2025-DGPA-VMPCIC/MC,Determinan la Protección Provisional del sitio arqueológico San Juan de Miraflores ubicado en el distrito de Chacabamba provincia de Yarowilca departamento de Huánuco,https://busquedas.elperuano.pe/dispositivo/NL/2362135-1,31/01/2025,,,,,,,,,,,,,,,,,,,,,,,,,,,,,,,,,,,,,,
17/01/2025,2362083-1,DEFENSA,RESOLUCION MINISTERIAL,N° 00032-2025-DE,Autorizan viaje de oficial de la Marina de Guerra del Perú a los EE.UU. en comisión de servicios,https://busquedas.elperuano.pe/dispositivo/NL/2362083-1,31/01/2025,,,,,,,,,,,,,,,,,,,,,,,,,,,,,,,,,,,,,,
17/01/2025,2362785-1,DEFENSA,RESOLUCION MINISTERIAL,N° 00044-2025-DE,Autorizan viaje de Oficiales de la Fuerza Aérea del Perú a España en misión de estudios,https://busquedas.elperuano.pe/dispositivo/NL/2362785-1,31/01/2025,,,,,,,,,,,,,,,,,,,,,,,,,,,,,,,,,,,,,,
17/01/2025,2362798-1,DESARROLLO E INCLUSIÓN SOCIAL,RESOLUCION,N° D000004-2025-OFIS-PE,Designan Jefe de la Oficina de Asesoría Jurídica del Organismo de Focalización e Información Social (OFIS),https://busquedas.elperuano.pe/dispositivo/NL/2362798-1,31/01/2025,,,,,,,,,,,,,,,,,,,,,,,,,,,,,,,,,,,,,,
17/01/2025,2362679-1,DESARROLLO E INCLUSIÓN SOCIAL,RESOLUCION MINISTERIAL,N° D000010-2025-MIDIS,Designan Jefe de la Oficina General de Asesoría Jurídica del Ministerio,https://busquedas.elperuano.pe/dispositivo/NL/2362679-1,31/01/2025,,,,,,,,,,,,,,,,,,,,,,,,,,,,,,,,,,,,,,
17/01/2025,2362778-1,DESARROLLO E INCLUSIÓN SOCIAL,RESOLUCION MINISTERIAL,N° D000011-2025-MIDIS,Aprueban modificación de las Bases de la Octava Edición del Premio Nacional Sello Municipal INCLUIR PARA CRECER Gestión local para las personas,https://busquedas.elperuano.pe/dispositivo/NL/2362778-1,31/01/2025,,,,,,,,,,,,,,,,,,,,,,,,,,,,,,,,,,,,,,
17/01/2025,2362903-1,DESARROLLO E INCLUSIÓN SOCIAL,RESOLUCION MINISTERIAL,N° D000012 -2025-MIDIS,Modifican la Sección Segunda del Reglamento de Organización y Funciones del Ministerio de Desarrollo e Inclusión Social,https://busquedas.elperuano.pe/dispositivo/NL/2362903-1,31/01/2025,,,,,,,,,,,,,,,,,,,,,,,,,,,,,,,,,,,,,,
17/01/2025,2362826-1,ECONOMIA Y FINANZAS,RESOLUCION DIRECTORAL,N° 0004-2025-EF/53.01,Aprueban Directiva N° 0004-2025-EF/53.01 Normas para el registro de información en el Aplicativo Informático para el Registro Centralizado de Planillas y de Datos de los Recursos Humanos del Sector Público,https://busquedas.elperuano.pe/dispositivo/NL/2362826-1,31/01/2025,,,,,,,,,,,,,,,,,,,,,,,,,,,,,,,,,,,,,,
17/01/2025,2362848-1,ECONOMIA Y FINANZAS,RESOLUCION DIRECTORAL,N° 0001-2025-EF/54.01,Resolución Directoral que modifica la Directiva N° 0002-2021-EF/54.01 Directiva que regula los Actos de Adquisición y Disposición Final de Bienes Inmuebles y dicta otra disposición,https://busquedas.elperuano.pe/dispositivo/NL/2362848-1,31/01/2025,,,,,,,,,,,,,,,,,,,,,,,,,,,,,,,,,,,,,,
17/01/2025,2362525-1,ECONOMIA Y FINANZAS,RESOLUCION DIRECTORAL,N° 0003-2025-EF/53.01,Aprueban Directiva N° 0003-2025-EF/53.01 Normas para la implementación progresiva del registro de los ingresos correspondientes a los recursos humanos del Sector Público de los gobiernos locales y otras entidades en el Aplicativo Informático para el Registro Centralizado de Planillas y de Datos de los Recursos Humanos del Sector Público,https://busquedas.elperuano.pe/dispositivo/NL/2362525-1,31/01/2025,,,,,,,,,,,,,,,,,,,,,,,,,,,,,,,,,,,,,,
17/01/2025,2362850-1,ECONOMIA Y FINANZAS,RESOLUCION MINISTERIAL,N° 011-2025-EF/15,Aprueban el Procedimiento para la actualización de la información del Catastro Fiscal,https://busquedas.elperuano.pe/dispositivo/NL/2362850-1,31/01/2025,,,,,,,,,,,,,,,,,,,,,,,,,,,,,,,,,,,,,,
17/01/2025,2362832-1,ENERGIA Y MINAS,RESOLUCION,N° 004-2025-MINEM/SG,Designan Secretaria Técnica encargada de brindar apoyo a las autoridades del Procedimiento Administrativo Disciplinario del Ministerio de Energía y Minas,https://busquedas.elperuano.pe/dispositivo/NL/2362832-1,31/01/2025,,,,,,,,,,,,,,,,,,,,,,,,,,,,,,,,,,,,,,
17/01/2025,2362659-1,JUSTICIA Y DERECHOS HUMANOS,RESOLUCION MINISTERIAL,N° 0010-2025-JUS,Cancelan título de notario del distrito del Rímac provincia de Lima departamento de Lima por causal de renuncia,https://busquedas.elperuano.pe/dispositivo/NL/2362659-1,31/01/2025,,,,,,,,,,,,,,,,,,,,,,,,,,,,,,,,,,,,,,
17/01/2025,2362791-1,MUJER Y POBLACIONES VULNERABLES,RESOLUCION MINISTERIAL,N° 006-2025-MIMP,Autorizan viaje de servidor del Ministerio a la Confederación Suiza en comisión de servicios,https://busquedas.elperuano.pe/dispositivo/NL/2362791-1,31/01/2025,,,,,,,,,,,,,,,,,,,,,,,,,,,,,,,,,,,,,,
17/01/2025,2362807-1,PRODUCE,RESOLUCION MINISTERIAL,N° 000013-2025-PRODUCE,Disponen la publicación del proyecto de Decreto Supremo que modifica el Reglamento de la Ley N° 30063 Ley de creación de la Autoridad Nacional de Sanidad e Inocuidad en Pesca y Acuicultura (SANIPES) aprobado mediante Decreto Supremo N° 010-2019-PRODUCE y su Exposición de Motivos,https://busquedas.elperuano.pe/dispositivo/NL/2362807-1,31/01/2025,,,,,,,,,,,,,,,,,,,,,,,,,,,,,,,,,,,,,,
17/01/2025,2362810-1,PRODUCE,RESOLUCION MINISTERIAL,N° 000014-2025-PRODUCE,Autorizan Transferencia Financiera del Pliego 038: Ministerio de la Producción con cargo a los recursos del Presupuesto Institucional de la Unidad Ejecutora 004: Programa Nacional de Innovación para la Competitividad y Productividad a favor del Instituto Nacional de Estadística e Informática - INEI,https://busquedas.elperuano.pe/dispositivo/NL/2362810-1,31/01/2025,,,,,,,,,,,,,,,,,,,,,,,,,,,,,,,,,,,,,,
17/01/2025,2363263-1,RELACIONES EXTERIORES,RESOLUCION MINISTERIAL,N° 0031-2025-RE,Modifican la Resolución Ministerial N° 0020-2025-RE que autorizó viaje de funcionario diplomático a EE.UU.,https://busquedas.elperuano.pe/dispositivo/NL/2363263-1,31/01/2025,,,,,,,,,,,,,,,,,,,,,,,,,,,,,,,,,,,,,,
17/01/2025,2363332-1,SALUD,RESOLUCION MINISTERIAL,N° 035-2025/MINSA,Aprueban la Directiva Administrativa N° 369-MINSA/CENARES-2025 Directiva Administrativa que establece disposiciones para la solicitud de recursos estratégicos en salud y el uso de los recursos destinados a su adquisición y distribución a favor de afiliados al Seguro Integral de Salud en el marco del Aseguramiento Universal en Salud,https://busquedas.elperuano.pe/dispositivo/NL/2363332-1,31/01/2025,,,,,,,,,,,,,,,,,,,,,,,,,,,,,,,,,,,,,,
17/01/2025,2362547-1,SALUD,RESOLUCION MINISTERIAL,N° 029-2025/MINSA,Aprueban Guía Técnica para el Mantenimiento Preventivo de Grupos Electrógenos en los Establecimientos de Salud del Ministerio de Salud y de los Gobiernos Regionales,https://busquedas.elperuano.pe/dispositivo/NL/2362547-1,31/01/2025,,,,,,,,,,,,,,,,,,,,,,,,,,,,,,,,,,,,,,
17/01/2025,2362043-1,TRANSPORTES Y COMUNICACIONES,RESOLUCION MINISTERIAL,N° 007-2025-MTC/01.03,Otorgan a la empresa NETVOICE S.A.C. Concesión Única para la prestación de servicios públicos de telecomunicaciones en área que comprende todo el territorio de la República,https://busquedas.elperuano.pe/dispositivo/NL/2362043-1,31/01/2025,,,,,,,,,,,,,,,,,,,,,,,,,,,,,,,,,,,,,,
17/01/2025,2362071-1,TRANSPORTES Y COMUNICACIONES,RESOLUCION MINISTERIAL,N° 009-2025-MTC/01.03,Otorgan a la empresa Wanka Enterprises S.A.C. concesión única para la prestación de servicios públicos de telecomunicaciones en área que comprende todo el territorio nacional,https://busquedas.elperuano.pe/dispositivo/NL/2362071-1,31/01/2025,,,,,,,,,,,,,,,,,,,,,,,,,,,,,,,,,,,,,,
17/01/2025,2362081-1,TRANSPORTES Y COMUNICACIONES,RESOLUCION MINISTERIAL,N° 012-2025-MTC/01.02,Ratifican el Memorándum de Entendimiento entre Autoridades Aeronáuticas Civiles de la República del Perú y la República de Costa Rica,https://busquedas.elperuano.pe/dispositivo/NL/2362081-1,31/01/2025,,,,,,,,,,,,,,,,,,,,,,,,,,,,,,,,,,,,,,
17/01/2025,2362908-1,"VIVIENDA, CONSTRUCCIÓN Y SANEAMIENTO",RESOLUCION MINISTERIAL,N° 015-2025-VIVIENDA,Autorizan Transferencia Financiera a favor del Fondo MIVIVIENDA S.A. destinada a la ejecución del Bono Familiar Habitacional en la modalidad de aplicación de Construcción de Viviendas en Sitio Propio,https://busquedas.elperuano.pe/dispositivo/NL/2362908-1,31/01/2025,,,,,,,,,,,,,,,,,,,,,,,,,,,,,,,,,,,,,,
17/01/2025,2362878-1,INSTITUTO PERUANO DEL DEPORTE,RESOLUCION,N° 00004-2025-P/IPD,Designan presidente del Consejo Regional del Deporte de Moquegua,https://busquedas.elperuano.pe/dispositivo/NL/2362878-1,31/01/2025,,,,,,,,,,,,,,,,,,,,,,,,,,,,,,,,,,,,,,
17/01/2025,2362674-1,ORGANISMO SUPERVISOR DE LA INVERSIÓN EN INFRAESTRUCTURA DE TRANSPORTE DE USO PÚBLICO,RESOLUCION,N° 0005-2025-PD-OSITRAN,Aprueban factor de productividad aplicable a los servicios regulados en el Terminal Portuario General San Martín - Pisco administrado por la empresa Terminal Portuario Paracas S.A.,https://busquedas.elperuano.pe/dispositivo/NL/2362674-1,31/01/2025,,,,,,,,,,,,,,,,,,,,,,,,,,,,,,,,,,,,,,
17/01/2025,2362928-1,PROCURADURÍA GENERAL DEL ESTADO,RESOLUCION,N° D000048-2025-JUS/PGE-PG,Designan Jefe de la Oficina de Administración de la Procuraduría General del Estado,https://busquedas.elperuano.pe/dispositivo/NL/2362928-1,31/01/2025,,,,,,,,,,,,,,,,,,,,,,,,,,,,,,,,,,,,,,
17/01/2025,2362870-1,SERVICIO NACIONAL DE CERTIFICACIÓN AMBIENTAL PARA LAS INVERSIONES SOSTENIBLES,RESOLUCION,N° 00006-2025-SENACE/PE,Autorizan segunda transferencia financiera a favor de la Contraloría General de la República,https://busquedas.elperuano.pe/dispositivo/NL/2362870-1,31/01/2025,,,,,,,,,,,,,,,,,,,,,,,,,,,,,,,,,,,,,,
17/01/2025,2362531-1,SUPERINTENDENCIA DEL MERCADO DE VALORES,RESOLUCION,N° 009-2025-SMV/02,Aprueban transferencia financiera a favor de la Contraloría General de la República,https://busquedas.elperuano.pe/dispositivo/NL/2362531-1,31/01/2025,,,,,,,,,,,,,,,,,,,,,,,,,,,,,,,,,,,,,,
17/01/2025,2362804-1,SUPERINTENDENCIA NACIONAL DE FISCALIZACIÓN LABORAL,RESOLUCION,N° 023-2025-SUNAFIL,Designan Intendente Regional de la Intendencia Regional de Madre de Dios de la Superintendencia Nacional de Fiscalización Laboral - SUNAFIL,https://busquedas.elperuano.pe/dispositivo/NL/2362804-1,31/01/2025,,,,,,,,,,,,,,,,,,,,,,,,,,,,,,,,,,,,,,
17/01/2025,2362793-1,INSTITUCIONES EDUCATIVAS,RESOLUCION,N° 405-2024-UNTRM/CU,Aprueban Manual de Clasificador de Cargos 2024 de la Universidad Nacional Toribio Rodríguez de Mendoza de Amazonas,https://busquedas.elperuano.pe/dispositivo/NL/2362793-1,31/01/2025,,,,,,,,,,,,,,,,,,,,,,,,,,,,,,,,,,,,,,
17/01/2025,2345413-1,INSTITUCIONES EDUCATIVAS,RESOLUCION,N° 0480-2024-CU-GYT/UNCP,Otorgan duplicado de diploma de Bachiller en Ingeniería Química Industrial de la Universidad Nacional del Centro del Perú,https://busquedas.elperuano.pe/dispositivo/NL/2345413-1,31/01/2025,,,,,,,,,,,,,,,,,,,,,,,,,,,,,,,,,,,,,,
17/01/2025,2360842-1,INSTITUCIONES EDUCATIVAS,RESOLUCION,N° 290-2024-UNJBG,Aprueban el Estatuto de la Universidad Nacional Jorge Basadre Grohmann,https://busquedas.elperuano.pe/dispositivo/NL/2360842-1,31/01/2025,,,,,,,,,,,,,,,,,,,,,,,,,,,,,,,,,,,,,,
17/01/2025,2362815-1,MINISTERIO PUBLICO,RESOLUCION,N° 124-2025-MP-FN,Dan por concluida designación de fiscal adjunto provincial titular penal de Nueva Cajamarca Distrito Fiscal de San Martín en el despacho de la Primera Fiscalía Provincial Penal de Nueva Cajamarca,https://busquedas.elperuano.pe/dispositivo/NL/2362815-1,31/01/2025,,,,,,,,,,,,,,,,,,,,,,,,,,,,,,,,,,,,,,
17/01/2025,2362815-2,MINISTERIO PUBLICO,RESOLUCION,N° 125-2025-MP-FN,Nombran fiscal adjunta provincial provisional del Distrito Fiscal de Lima Sur,https://busquedas.elperuano.pe/dispositivo/NL/2362815-2,31/01/2025,,,,,,,,,,,,,,,,,,,,,,,,,,,,,,,,,,,,,,
17/01/2025,2362815-3,MINISTERIO PUBLICO,RESOLUCION,N° 126-2025-MP-FN,Designan fiscal adjunto provincial provisional del Distrito Fiscal de Lima Norte,https://busquedas.elperuano.pe/dispositivo/NL/2362815-3,31/01/2025,,,,,,,,,,,,,,,,,,,,,,,,,,,,,,,,,,,,,,
17/01/2025,2362815-4,MINISTERIO PUBLICO,RESOLUCION,N° 127-2025-MP-FN,Aceptan renuncia de fiscal adjunto provincial provisional transitorio del Distrito Fiscal de Huánuco,https://busquedas.elperuano.pe/dispositivo/NL/2362815-4,31/01/2025,,,,,,,,,,,,,,,,,,,,,,,,,,,,,,,,,,,,,,
17/01/2025,2362815-5,MINISTERIO PUBLICO,RESOLUCION,N° 128-2025-MP-FN,Nombran fiscales adjuntos provinciales provisionales en los Distritos Fiscales de Huánuco y Ayacucho,https://busquedas.elperuano.pe/dispositivo/NL/2362815-5,31/01/2025,,,,,,,,,,,,,,,,,,,,,,,,,,,,,,,,,,,,,,
17/01/2025,2362550-1,TRIBUNAL CONSTITUCIONAL,RESOLUCION ADMINISTRATIVA,N° 003-2025-P/TC,Establecen la nueva conformación de las Salas Primera y Segunda del Tribunal Constitucional,https://busquedas.elperuano.pe/dispositivo/NL/2362550-1,31/01/2025,,,,,,,,,,,,,,,,,,,,,,,,,,,,,,,,,,,,,,
17/01/2025,2361219-1,MUNICIPALIDAD DE ANCON,ORDENANZA,N° 529-2025/MDA,Ordenanza que establece fechas de vencimiento para el pago del Impuesto Predial y Arbitrios Municipales e incentivos por pronto pago del ejercicio 2025 y años anteriores en el distrito de Ancón,https://busquedas.elperuano.pe/dispositivo/NL/2361219-1,31/01/2025,,,,,,,,,,,,,,,,,,,,,,,,,,,,,,,,,,,,,,
17/01/2025,2358899-1,MUNICIPALIDAD DE ANCON,RESOLUCION,N° 001-2025-GM/MDA,Designan Ejecutor Coactivo de la Municipalidad Distrital de Ancón,https://busquedas.elperuano.pe/dispositivo/NL/2358899-1,31/01/2025,,,,,,,,,,,,,,,,,,,,,,,,,,,,,,,,,,,,,,
17/01/2025,2362854-1,MUNICIPALIDAD DE LOS OLIVOS,ORDENANZA,N° 606/CDLO,Aprueban Reglamento Marco para el Proceso de Presupuesto Participativo Basado en Resultados 2026 dela Municipalidad Distrital de Los Olivos y la convocatoria cronograma y ejecución del proceso,https://busquedas.elperuano.pe/dispositivo/NL/2362854-1,31/01/2025,,,,,,,,,,,,,,,,,,,,,,,,,,,,,,,,,,,,,,
17/01/2025,2361644-1,MUNICIPALIDAD DE PUNTA HERMOSA,Ordenanzas,N° 546-MDPH,Ordenanza que establece playas del distrito permitidas para práctica de deportes de vóley fútbol y paletas,https://epdoc2.elperuano.pe/EpPo/VistaDE.asp?Referencias=MjM2MTY0NC0xMjAyNTAxMTc=,31/01/2025,,,,,,,,,,,,,,,,,,,,,,,,,,,,,,,,,,,,,,
17/01/2025,2361733-1,MUNICIPALIDAD DE PUNTA HERMOSA,Ordenanzas,N° 545-MDPH,Modifican el Cuadro Único de Infracciones y Sanciones de la Municipalidad Distrital de Punta Hermosa aprobado por Ordenanza Nº 491-MDPH,https://epdoc2.elperuano.pe/EpPo/VistaDE.asp?Referencias=MjM2MTczMy0xMjAyNTAxMTc=,31/01/2025,,,,,,,,,,,,,,,,,,,,,,,,,,,,,,,,,,,,,,
17/01/2025,2362253-1,MUNICIPALIDAD DE SAN ISIDRO,DECRETO DE ALCALDIA,N° 001-2025-ALC/MSI,Convocan a elecciones de Delegados Vecinales de las Juntas Vecinales del distrito de San Isidro para el período 2025 - 2026,https://busquedas.elperuano.pe/dispositivo/NL/2362253-1,31/01/2025,,,,,,,,,,,,,,,,,,,,,,,,,,,,,,,,,,,,,,
17/01/2025,2363252-1,MUNICIPALIDAD DE SAN JUAN DE LURIGANCHO,Decretos de Alcaldía,N° 001-2025-MDSJL,Aprueban el Padrón Municipal de Comerciantes Ambulantes Regulados que participaron del proceso de Inscripción según el Anexo II del Decreto de Alcaldía N° 021-2024-MDSJL; y dictan otras disposiciones,https://epdoc2.elperuano.pe/EpPo/VistaDE.asp?Referencias=MjM2MzI1Mi0xMjAyNTAxMTc=,31/01/2025,,,,,,,,,,,,,,,,,,,,,,,,,,,,,,,,,,,,,,
17/01/2025,2362157-1,MUNICIPALIDAD PROVINCIAL DEL CALLAO,ORDENANZA,N° 001-2025/MPC,Ordenanza Municipal que exonera los derechos administrativos correspondientes a la tramitación del Matrimonio Civil Comunitario a realizarse en febrero de 2025,https://busquedas.elperuano.pe/dispositivo/NL/2362157-1,31/01/2025,,,,,,,,,,,,,,,,,,,,,,,,,,,,,,,,,,,,,,
16/01/2025,2362502-1,PRESIDENCIA DEL CONSEJO DE MINISTROS,RESOLUCION SUPREMA,N° 004-2025-PCM,Autorizan viaje del Ministro de Economía y Finanzas a la Confederación Suiza y encargan su Despacho al Ministro de Defensa,https://busquedas.elperuano.pe/dispositivo/NL/2362502-1,31/01/2025,,,,,,,,,,,,,,,,,,,,,,,,,,,,,,,,,,,,,,
16/01/2025,2362502-2,PRESIDENCIA DEL CONSEJO DE MINISTROS,RESOLUCION SUPREMA,N° 005-2025-PCM,Autorizan viaje de la Ministra de Comercio Exterior y Turismo al Reino de España y encargan su Despacho al Ministro de Transportes y Comunicaciones,https://busquedas.elperuano.pe/dispositivo/NL/2362502-2,31/01/2025,,,,,,,,,,,,,,,,,,,,,,,,,,,,,,,,,,,,,,
16/01/2025,2362387-1,DESARROLLO AGRARIO Y RIEGO,RESOLUCION,N° D000010-2025-MIDAGRI-SERFOR-DE,Designan Asesora de la Dirección Ejecutiva del Servicio Nacional Forestal y de Fauna Silvestre - SERFOR,https://busquedas.elperuano.pe/dispositivo/NL/2362387-1,31/01/2025,,,,,,,,,,,,,,,,,,,,,,,,,,,,,,,,,,,,,,
16/01/2025,2362389-1,DESARROLLO AGRARIO Y RIEGO,RESOLUCION,N° D000012-2025-MIDAGRI-SERFOR-DE,Designan Director de la Dirección de Evaluación de la Dirección General de Gestión del Conocimiento Forestal y de Fauna Silvestre del Servicio Nacional Forestal y de Fauna Silvestre - SERFOR,https://busquedas.elperuano.pe/dispositivo/NL/2362389-1,31/01/2025,,,,,,,,,,,,,,,,,,,,,,,,,,,,,,,,,,,,,,
16/01/2025,2362497-1,DESARROLLO E INCLUSIÓN SOCIAL,RESOLUCION,N° D000005-2025-OFIS-PE,Delegan facultades y atribuciones en diversos funcionarios del Organismo de Focalización e Información Social (OFIS) durante el Año Fiscal 2025,https://busquedas.elperuano.pe/dispositivo/NL/2362497-1,31/01/2025,,,,,,,,,,,,,,,,,,,,,,,,,,,,,,,,,,,,,,
16/01/2025,2362496-1,EDUCACION,RESOLUCION DIRECTORAL,N° 000022-2025-MINEDU/VMGI-PRONIED-DE,Aprueban el Listado de locales educativos beneficiarios del Programa de Mantenimiento para el año 2025,https://busquedas.elperuano.pe/dispositivo/NL/2362496-1,31/01/2025,,,,,,,,,,,,,,,,,,,,,,,,,,,,,,,,,,,,,,
16/01/2025,2362472-1,EDUCACION,RESOLUCION MINISTERIAL,N° 018-2025-MINEDU,Aprueban exclusión de la Ficha de Homologación de Módulo Prefabricado Aula tipo Heladas con estructura de acero cerramientos de termopanel que incluye transporte e instalación,https://busquedas.elperuano.pe/dispositivo/NL/2362472-1,31/01/2025,,,,,,,,,,,,,,,,,,,,,,,,,,,,,,,,,,,,,,
16/01/2025,2361461-1,ENERGIA Y MINAS,RESOLUCION MINISTERIAL,N° 007-2025-MINEM/DM,Otorgan autorización por plazo indefinido a favor de la empresa CERAMICA LIMA S.A. para desarrollar la actividad de generación de energía eléctrica en central térmica ubicada en el distrito de Punta Hermosa provincia y departamento de Lima,https://busquedas.elperuano.pe/dispositivo/NL/2361461-1,31/01/2025,,,,,,,,,,,,,,,,,,,,,,,,,,,,,,,,,,,,,,
16/01/2025,2362493-1,INTERIOR,RESOLUCION MINISTERIAL,N° 0023-2025-IN,Designan Directora General de la Oficina General de Infraestructura del Ministerio,https://busquedas.elperuano.pe/dispositivo/NL/2362493-1,31/01/2025,,,,,,,,,,,,,,,,,,,,,,,,,,,,,,,,,,,,,,
16/01/2025,2362110-1,JUSTICIA Y DERECHOS HUMANOS,RESOLUCION MINISTERIAL,N° 0006-2025-JUS,Formalizan el inicio del proceso de actualización del Plan para la Consolidación de la Reforma Procesal Penal y conforman Grupo de Trabajo Multisectorial,https://busquedas.elperuano.pe/dispositivo/NL/2362110-1,31/01/2025,,,,,,,,,,,,,,,,,,,,,,,,,,,,,,,,,,,,,,
16/01/2025,2362502-3,JUSTICIA Y DERECHOS HUMANOS,RESOLUCION SUPREMA,N° 001-2025-JUS,Acceden a solicitud de extradición activa de ciudadano peruano para ser extraditado de la República Francesa y ser procesado en la República del Perú,https://busquedas.elperuano.pe/dispositivo/NL/2362502-3,31/01/2025,,,,,,,,,,,,,,,,,,,,,,,,,,,,,,,,,,,,,,
16/01/2025,2362502-4,JUSTICIA Y DERECHOS HUMANOS,RESOLUCION SUPREMA,N° 002-2025-JUS,Acceden a solicitud de extradición activa de ciudadano peruano para ser extraditado del Reino de España y ser procesado en la República del Perú,https://busquedas.elperuano.pe/dispositivo/NL/2362502-4,31/01/2025,,,,,,,,,,,,,,,,,,,,,,,,,,,,,,,,,,,,,,
16/01/2025,2362502-5,JUSTICIA Y DERECHOS HUMANOS,RESOLUCION SUPREMA,N° 003-2025-JUS,Acceden a solicitud de extradición activa de ciudadano peruano para ser extraditado del Reino de España y ser procesado en la República del Perú,https://busquedas.elperuano.pe/dispositivo/NL/2362502-5,31/01/2025,,,,,,,,,,,,,,,,,,,,,,,,,,,,,,,,,,,,,,
16/01/2025,2362502-6,JUSTICIA Y DERECHOS HUMANOS,RESOLUCION SUPREMA,N° 004-2025-JUS,Acceden a solicitud de extradición activa de ciudadana peruana para ser extraditada del Reino de España y ser procesada en la República del Perú,https://busquedas.elperuano.pe/dispositivo/NL/2362502-6,31/01/2025,,,,,,,,,,,,,,,,,,,,,,,,,,,,,,,,,,,,,,
16/01/2025,2362239-1,PRODUCE,RESOLUCION MINISTERIAL,N° 000012-2025-PRODUCE,Autorizan transferencia financiera a favor del Instituto Nacional de Estadística e Informática - INEI con cargo a los recursos del Programa Nacional de Innovación para la Competitividad y Productividad,https://busquedas.elperuano.pe/dispositivo/NL/2362239-1,31/01/2025,,,,,,,,,,,,,,,,,,,,,,,,,,,,,,,,,,,,,,
16/01/2025,2362501-1,RELACIONES EXTERIORES,RESOLUCION SUPREMA,N° 007-2025-RE,Nombran a la Embajadora Extraordinaria y Plenipotenciaria del Perú en el Reino de los Países Bajos como Gobernadora Común ante el Fondo Común de Productos Básicos (FCPB),https://busquedas.elperuano.pe/dispositivo/NL/2362501-1,31/01/2025,,,,,,,,,,,,,,,,,,,,,,,,,,,,,,,,,,,,,,
16/01/2025,2362501-2,RELACIONES EXTERIORES,RESOLUCION SUPREMA,N° 008-2025-RE,Nombran al Embajador Extraordinario y Plenipotenciario del Perú en la República de Sudáfrica para que se desempeñe simultáneamente como Embajador Extraordinario y Plenipotenciario del Perú ante la República de Angola,https://busquedas.elperuano.pe/dispositivo/NL/2362501-2,31/01/2025,,,,,,,,,,,,,,,,,,,,,,,,,,,,,,,,,,,,,,
16/01/2025,2362501-3,RELACIONES EXTERIORES,RESOLUCION SUPREMA,N° 009-2025-RE,Nombran al Embajador Extraordinario y Plenipotenciario del Perú en la República de Sudáfrica para que se desempeñe simultáneamente como Embajador Extraordinario y Plenipotenciario del Perú ante la República de Namibia,https://busquedas.elperuano.pe/dispositivo/NL/2362501-3,31/01/2025,,,,,,,,,,,,,,,,,,,,,,,,,,,,,,,,,,,,,,
16/01/2025,2362501-4,RELACIONES EXTERIORES,RESOLUCION SUPREMA,N° 010-2025-RE,Nombran a la Embajadora Extraordinaria y Plenipotenciaria del Perú en la República de Trinidad y Tobago para que se desempeñe simultáneamente como Embajadora Extraordinaria y Plenipotenciaria del Perú ante la República Cooperativa de Guyana,https://busquedas.elperuano.pe/dispositivo/NL/2362501-4,31/01/2025,,,,,,,,,,,,,,,,,,,,,,,,,,,,,,,,,,,,,,
16/01/2025,2362501-5,RELACIONES EXTERIORES,RESOLUCION SUPREMA,N° 011-2025-RE,Nombran a la Embajadora Extraordinaria y Plenipotenciaria del Perú en la República de Trinidad y Tobago para que se desempeñe simultáneamente como Embajadora Extraordinaria y Plenipotenciaria del Perú ante Santa Lucía,https://busquedas.elperuano.pe/dispositivo/NL/2362501-5,31/01/2025,,,,,,,,,,,,,,,,,,,,,,,,,,,,,,,,,,,,,,
16/01/2025,2362429-1,SALUD,FE DE ERRATA,R.M. N° 022-2025/MINSA,FE DE ERRATA,https://busquedas.elperuano.pe/dispositivo/NL/2362429-1,31/01/2025,,,,,,,,,,,,,,,,,,,,,,,,,,,,,,,,,,,,,,
16/01/2025,2362589-1,SALUD,RESOLUCION MINISTERIAL,N° 032-2025/MINSA,Designan Director General de la Dirección General de Salud Ambiental e Inocuidad Alimentaria del Ministerio de Salud,https://busquedas.elperuano.pe/dispositivo/NL/2362589-1,31/01/2025,,,,,,,,,,,,,,,,,,,,,,,,,,,,,,,,,,,,,,
16/01/2025,2361927-1,TRANSPORTES Y COMUNICACIONES,RESOLUCION,N° I000027-2024-MTC/24-DE,Aprueban Directiva Régimen de gradualidad de sanciones tributarias vinculadas al Aporte por el Derecho Especial destinado al Fondo de Inversión en Telecomunicaciones,https://busquedas.elperuano.pe/dispositivo/NL/2361927-1,31/01/2025,,,,,,,,,,,,,,,,,,,,,,,,,,,,,,,,,,,,,,
16/01/2025,2361579-1,TRANSPORTES Y COMUNICACIONES,RESOLUCION DIRECTORAL,N° 0008-2025-MTC/17.03,Renuevan autorización a TECNOSERVICIOS EN CILINDROS A GASES S.A.C. - TECIGAS S.A.C. para operar como entidad encargada de inspecciones técnicas vehiculares especiales: centros de revisión periódica de cilindros de tipo I y II en local ubicado en el departamento de Lima,https://busquedas.elperuano.pe/dispositivo/NL/2361579-1,31/01/2025,,,,,,,,,,,,,,,,,,,,,,,,,,,,,,,,,,,,,,
16/01/2025,2361994-1,TRANSPORTES Y COMUNICACIONES,RESOLUCION MINISTERIAL,N° 002-2025-MTC/01.03,Otorgan a la empresa GRUPO RFC S.A.C. Concesión Única para la prestación de servicios públicos de telecomunicaciones en área que comprende todo el territorio de la República,https://busquedas.elperuano.pe/dispositivo/NL/2361994-1,31/01/2025,,,,,,,,,,,,,,,,,,,,,,,,,,,,,,,,,,,,,,
16/01/2025,2362004-1,TRANSPORTES Y COMUNICACIONES,RESOLUCION MINISTERIAL,N° 003-2025-MTC/01.03,Otorgan a la empresa TUFIBRA PERU S.A.C. Concesión Única para la prestación de servicios públicos de telecomunicaciones en área que comprende todo el territorio de la República,https://busquedas.elperuano.pe/dispositivo/NL/2362004-1,31/01/2025,,,,,,,,,,,,,,,,,,,,,,,,,,,,,,,,,,,,,,
16/01/2025,2362010-1,TRANSPORTES Y COMUNICACIONES,RESOLUCION MINISTERIAL,N° 004-2025-MTC/01.03,Otorgan a la empresa CORPORATIVO L & A TEC S.A.C. Concesión Única para la prestación de servicios públicos de telecomunicaciones en área que comprende todo el territorio de la República,https://busquedas.elperuano.pe/dispositivo/NL/2362010-1,31/01/2025,,,,,,,,,,,,,,,,,,,,,,,,,,,,,,,,,,,,,,
16/01/2025,2362016-1,TRANSPORTES Y COMUNICACIONES,RESOLUCION MINISTERIAL,N° 005-2025-MTC/01.03,Otorgan a la empresa ECOENLACES E.I.R.L. Concesión Única para la prestación de servicios públicos de telecomunicaciones en área que comprende todo el territorio de la República,https://busquedas.elperuano.pe/dispositivo/NL/2362016-1,31/01/2025,,,,,,,,,,,,,,,,,,,,,,,,,,,,,,,,,,,,,,
16/01/2025,2362498-1,TRANSPORTES Y COMUNICACIONES,RESOLUCION MINISTERIAL,N° 018-2025-MTC/01,Designan Directora de la Dirección de Disponibilidad de Predios de la Dirección General de Programas y Proyectos de Transportes del Ministerio,https://busquedas.elperuano.pe/dispositivo/NL/2362498-1,31/01/2025,,,,,,,,,,,,,,,,,,,,,,,,,,,,,,,,,,,,,,
16/01/2025,2362499-1,TRANSPORTES Y COMUNICACIONES,RESOLUCION MINISTERIAL,N° 019-2025-MTC/01,Designan Directora de Sistema Administrativo II de la Secretaría General del Ministerio,https://busquedas.elperuano.pe/dispositivo/NL/2362499-1,31/01/2025,,,,,,,,,,,,,,,,,,,,,,,,,,,,,,,,,,,,,,
16/01/2025,2362306-1,ARCHIVO GENERAL DE LA NACION,RESOLUCION JEFATURAL,N° 000033-2025-AGN/JEF,Designan Jefa de la Oficina de Administración del Archivo General de la Nación,https://busquedas.elperuano.pe/dispositivo/NL/2362306-1,31/01/2025,,,,,,,,,,,,,,,,,,,,,,,,,,,,,,,,,,,,,,
16/01/2025,2362503-1,ARCHIVO GENERAL DE LA NACION,RESOLUCION JEFATURAL,N° 000036-2025-AGN/JEF,Designan Jefa de la Unidad Funcional de Abastecimiento y Control Patrimonial del Archivo General de la Nación,https://busquedas.elperuano.pe/dispositivo/NL/2362503-1,31/01/2025,,,,,,,,,,,,,,,,,,,,,,,,,,,,,,,,,,,,,,
16/01/2025,2362495-1,BIBLIOTECA NACIONAL DEL PERU,RESOLUCION JEFATURAL,N° 000020-2025-BNP,Designan Jefe de la Oficina de Asesoría Jurídica de la Biblioteca Nacional del Perú,https://busquedas.elperuano.pe/dispositivo/NL/2362495-1,31/01/2025,,,,,,,,,,,,,,,,,,,,,,,,,,,,,,,,,,,,,,
16/01/2025,2362266-1,ORGANISMO SUPERVISOR DE LA INVERSIÓN EN ENERGÍA Y MINERÍA,RESOLUCION,N° 7-2025-OS/PRES,Disponen publicar proyecto Procedimiento para emisión de mandato para definir el cronograma y/o presupuesto definitivo de los trabajos de remoción traslado y/o reposición de interferencias vinculadas a la prestación de servicios públicos en el sector energía en el marco de lo dispuesto en el Decreto Legislativo N° 1192 y sus modificatorias,https://busquedas.elperuano.pe/dispositivo/NL/2362266-1,31/01/2025,,,,,,,,,,,,,,,,,,,,,,,,,,,,,,,,,,,,,,
16/01/2025,2362273-1,ORGANISMO SUPERVISOR DE LA INVERSIÓN EN ENERGÍA Y MINERÍA,RESOLUCION,N° 001-2025-OS/CD,Aprueban Modificación de la Norma que establece disposiciones para la entrega de información en tiempo real de las empresas supervisadas de la Industria del Gas Natural,https://busquedas.elperuano.pe/dispositivo/NL/2362273-1,31/01/2025,,,,,,,,,,,,,,,,,,,,,,,,,,,,,,,,,,,,,,
16/01/2025,2361249-1,INSTITUTO NACIONAL DE DEFENSA DE LA COMPETENCIA Y DE LA PROTECCION DE LA PROPIEDAD INTELECTUAL,RESOLUCION,N° 109-2024/CDB-INDECOPI,Disponen el inicio de procedimiento de investigación por presuntas prácticas de dumping en las exportaciones al Perú de tubos de acero al carbono laminado en caliente (LAC) de los tipos utilizados en la elaboración de estructuras de acero originarios de la República Popular China a solicitud de las empresas productoras nacionales Corporación Aceros Arequipa S.A. Tubos y Perfiles Metálicos S.A. y Precor S.A.,https://busquedas.elperuano.pe/dispositivo/NL/2361249-1,31/01/2025,,,,,,,,,,,,,,,,,,,,,,,,,,,,,,,,,,,,,,
16/01/2025,2362323-1,CONSEJO EJECUTIVO DEL PODER JUDICIAL,RESOLUCION ADMINISTRATIVA,N° 000011-2025-CE-PJ,Constituyen Grupo de Alto Nivel para el seguimiento y supervisión de la implementación del Expediente Judicial Electrónico (EJE),https://busquedas.elperuano.pe/dispositivo/NL/2362323-1,31/01/2025,,,,,,,,,,,,,,,,,,,,,,,,,,,,,,,,,,,,,,
16/01/2025,2362325-1,CONSEJO EJECUTIVO DEL PODER JUDICIAL,RESOLUCION ADMINISTRATIVA,N° 000012-2025-CE-PJ,Designan a la Presidenta del Consejo Ejecutivo del Poder Judicial como Presidenta de la Comisión de Implementación de las Unidades de Flagrancia en el Perú – Poder Judicial y Presidenta de la Comisión Nacional de Productividad Judicial,https://busquedas.elperuano.pe/dispositivo/NL/2362325-1,31/01/2025,,,,,,,,,,,,,,,,,,,,,,,,,,,,,,,,,,,,,,
16/01/2025,2362441-1,MINISTERIO PUBLICO,RESOLUCION,N° 108-2025-MP-FN,Designan fiscal provincial en el despacho de la Fiscalía Provincial Penal Corporativa de Mariscal Nieto,https://busquedas.elperuano.pe/dispositivo/NL/2362441-1,31/01/2025,,,,,,,,,,,,,,,,,,,,,,,,,,,,,,,,,,,,,,
16/01/2025,2362441-2,MINISTERIO PUBLICO,RESOLUCION,N° 112 -2025-MP-FN,Dan por concluido nombramiento de fiscal adjunto provincial provisional del Distrito Fiscal de Áncash,https://busquedas.elperuano.pe/dispositivo/NL/2362441-2,31/01/2025,,,,,,,,,,,,,,,,,,,,,,,,,,,,,,,,,,,,,,
16/01/2025,2362441-3,MINISTERIO PUBLICO,RESOLUCION,N° 113-2025-MP-FN,Nombran fiscal adjunto provincial provisional del Distrito Fiscal de Ayacucho,https://busquedas.elperuano.pe/dispositivo/NL/2362441-3,31/01/2025,,,,,,,,,,,,,,,,,,,,,,,,,,,,,,,,,,,,,,
16/01/2025,2362441-4,MINISTERIO PUBLICO,RESOLUCION,N° 114 -2025-MP-FN,Nombran fiscales adjuntos provinciales en los Distritos Fiscales de Amazonas Arequipa Cusco Lambayeque Piura y La Libertad y los destacan para prestar apoyo al Equipo Especial de Fiscales para casos con víctimas durante las protestas sociales,https://busquedas.elperuano.pe/dispositivo/NL/2362441-4,31/01/2025,,,,,,,,,,,,,,,,,,,,,,,,,,,,,,,,,,,,,,
16/01/2025,2362441-5,MINISTERIO PUBLICO,RESOLUCION,N° 116-2025-MP-FN,Nombran fiscal adjunta provincial provisional del Distrito Fiscal de Tumbes,https://busquedas.elperuano.pe/dispositivo/NL/2362441-5,31/01/2025,,,,,,,,,,,,,,,,,,,,,,,,,,,,,,,,,,,,,,
16/01/2025,2362410-1,MINISTERIO PUBLICO,RESOLUCION,N° 006-2025-MP-FN-JFS,Crean nominalmente la Fiscalía Superior Especializada en Delitos de Tráfico Ilícito de Drogas en los Distritos Fiscales de Lima Centro Lima Este y Lima Sur,https://busquedas.elperuano.pe/dispositivo/NL/2362410-1,31/01/2025,,,,,,,,,,,,,,,,,,,,,,,,,,,,,,,,,,,,,,
16/01/2025,2350080-1,GOBIERNO REGIONAL DE JUNIN,ORDENANZA,N° 403-2024-GRJ/CR,Ordenanza Regional que aprueba el Consejo Regional del Plan Integral de Reparaciones - COREPIR JUNÍN,https://busquedas.elperuano.pe/dispositivo/NL/2350080-1,31/01/2025,,,,,,,,,,,,,,,,,,,,,,,,,,,,,,,,,,,,,,
16/01/2025,2359051-1,GOBIERNO REGIONAL DE PASCO,ORDENANZA,N° 515-2024-G.R. P/CR,Prohíben la quema de pastos bosques naturales y plantaciones forestales que puedan perjudicar o perjudiquen la flora fauna salud e integridad de la persona en todo el ámbito de la región de Pasco,https://busquedas.elperuano.pe/dispositivo/NL/2359051-1,31/01/2025,,,,,,,,,,,,,,,,,,,,,,,,,,,,,,,,,,,,,,
16/01/2025,2360320-1,GOBIERNO REGIONAL DE PASCO,ORDENANZA,N° 517-2024-G.R. P/CR,Declaran de necesidad pública la forestación y reforestación de espacios dentro del casco urbano de la provincia de Pasco,https://busquedas.elperuano.pe/dispositivo/NL/2360320-1,31/01/2025,,,,,,,,,,,,,,,,,,,,,,,,,,,,,,,,,,,,,,
15/01/2025,2362093-1,CONGRESO DE LA REPUBLICA,LEY,N° 32244,Ley que modifica la Ley 31953 Ley de Presupuesto del Sector Público para el Año Fiscal 2024 para precisar los alcances del cambio de grupo ocupacional y de línea de carrera del personal asistencial profesional técnico y auxiliar de salud del Ministerio de Defensa,https://busquedas.elperuano.pe/dispositivo/NL/2362093-1,31/01/2025,,,,,,,,,,,,,,,,,,,,,,,,,,,,,,,,,,,,,,
15/01/2025,2362500-1,CONGRESO DE LA REPUBLICA,LEY,N° 32245,Ley que modifica la Ley 26859 Ley Orgánica de Elecciones; Ley 28094 Ley de Organizaciones Políticas; y Ley 28360 Ley de Elecciones de Representantes ante el Parlamento Andino para adecuar la normativa electoral al proceso de elecciones del Congreso Bicameral,https://busquedas.elperuano.pe/dispositivo/NL/2362500-1,31/01/2025,,,,,,,,,,,,,,,,,,,,,,,,,,,,,,,,,,,,,,
15/01/2025,2362423-1,PRESIDENCIA DEL CONSEJO DE MINISTROS,RESOLUCION MINISTERIAL,N° 007-2025-PCM,Autorizan viaje de delegación del Despacho Presidencial que acompañará a la Presidenta de la República a la ciudad de Davos Confederación Suiza,https://busquedas.elperuano.pe/dispositivo/NL/2362423-1,31/01/2025,,,,,,,,,,,,,,,,,,,,,,,,,,,,,,,,,,,,,,
15/01/2025,2362095-1,AMBIENTE,DECRETO SUPREMO,N° 001-2025-MINAM,Decreto Supremo que modifica el Decreto Supremo N° 001-2024-MINAM y dicta otras disposiciones para la adecuación de las actividades de residuos sólidos,https://busquedas.elperuano.pe/dispositivo/NL/2362095-1,31/01/2025,,,,,,,,,,,,,,,,,,,,,,,,,,,,,,,,,,,,,,
15/01/2025,2361920-1,COMERCIO EXTERIOR Y TURISMO,RESOLUCION MINISTERIAL,N° 004-2025-MINCETUR,Autorizan viaje de Asesora del Gabinete de Asesores del Despacho Ministerial a España en comisión de servicios,https://busquedas.elperuano.pe/dispositivo/NL/2361920-1,31/01/2025,,,,,,,,,,,,,,,,,,,,,,,,,,,,,,,,,,,,,,
15/01/2025,2361256-1,CULTURA,RESOLUCION DIRECTORAL,N° 000007-2025-DGPA-VMPCIC/MC,Determinan la Protección Provisional de la Zona Arqueológica Monumental Complejo Arqueológico Pampagrande ubicado en el distrito de Chongoyape provincia de Chiclayo departamento de Lambayeque,https://busquedas.elperuano.pe/dispositivo/NL/2361256-1,31/01/2025,,,,,,,,,,,,,,,,,,,,,,,,,,,,,,,,,,,,,,
15/01/2025,2361257-1,CULTURA,RESOLUCION DIRECTORAL,N° 000008-2025-DGPA-VMPCIC/MC,Determinan la Protección Provisional del Paisaje Arqueológico Saywa Pukra ubicado en el distrito de Concepción provincia de Vilcas Huamán departamento de Ayacucho,https://busquedas.elperuano.pe/dispositivo/NL/2361257-1,31/01/2025,,,,,,,,,,,,,,,,,,,,,,,,,,,,,,,,,,,,,,
15/01/2025,2361261-1,CULTURA,RESOLUCION DIRECTORAL,N° 000010-2025-DGPA-VMPCIC/MC,Determinan la Protección Provisional del Paisaje Arqueológico Carhuas 1 y 2 Sector B ubicado en el distrito de Ica provincia de Ica departamento de Ica,https://busquedas.elperuano.pe/dispositivo/NL/2361261-1,31/01/2025,,,,,,,,,,,,,,,,,,,,,,,,,,,,,,,,,,,,,,
15/01/2025,2361267-1,CULTURA,RESOLUCION DIRECTORAL,N° 000012-2025-DGPA-VMPCIC/MC,Determinan Protección Provisional del Paisaje Arqueológico Huallan Cucho Sector A y B ubicado en el distrito y provincia de Vilcas Huamán departamento de Ayacucho,https://busquedas.elperuano.pe/dispositivo/NL/2361267-1,31/01/2025,,,,,,,,,,,,,,,,,,,,,,,,,,,,,,,,,,,,,,
15/01/2025,2361269-1,CULTURA,RESOLUCION DIRECTORAL,N° 000009-2025-DGPA-VMPCIC/MC,Modifican la R.D. N° 000168-2024-DGPA-VMPCICMC que determinó la protección provisional del Sitio Arqueológico El Rincón en el departamento de Arequipa,https://busquedas.elperuano.pe/dispositivo/NL/2361269-1,31/01/2025,,,,,,,,,,,,,,,,,,,,,,,,,,,,,,,,,,,,,,
15/01/2025,2362049-1,DEFENSA,RESOLUCION MINISTERIAL,N° 00031-2025-DE,Autorizan viaje de personal militar del Ejército del Perú a España en misión de estudios,https://busquedas.elperuano.pe/dispositivo/NL/2362049-1,31/01/2025,,,,,,,,,,,,,,,,,,,,,,,,,,,,,,,,,,,,,,
15/01/2025,2362168-1,DESARROLLO E INCLUSIÓN SOCIAL,RESOLUCION,N° D000038-2025-MIDIS/WM-DE,Aprueban las Bases Estandarizadas Anexos y Formatos de la Modalidad Raciones del Proceso Sumario del Proceso de Compras Electrónico 2025 para la Prestación del Servicio Alimentario 2025 del Programa Nacional de Alimentación Escolar Comunitaria Wasi Mikuna,https://busquedas.elperuano.pe/dispositivo/NL/2362168-1,31/01/2025,,,,,,,,,,,,,,,,,,,,,,,,,,,,,,,,,,,,,,
15/01/2025,2362176-1,DESARROLLO E INCLUSIÓN SOCIAL,RESOLUCION,N° D000039-2025-MIDIS/WM-DE,Aprueban las Bases Estandarizadas Anexos y Formatos de la Modalidad Productos del Proceso Sumario del Proceso de Compras Electrónico 2025 para la Prestación del Servicio Alimentario 2025 del Programa Nacional de Alimentación Escolar Comunitaria Wasi Mikuna,https://busquedas.elperuano.pe/dispositivo/NL/2362176-1,31/01/2025,,,,,,,,,,,,,,,,,,,,,,,,,,,,,,,,,,,,,,
15/01/2025,2362051-1,ECONOMIA Y FINANZAS,RESOLUCION MINISTERIAL,N° 010-2025-EF/15,Aprueban Tabla de Valores Referenciales de Vehículos para efectos de determinar la base imponible del Impuesto al Patrimonio Vehicular correspondiente al ejercicio 2025,https://busquedas.elperuano.pe/dispositivo/NL/2362051-1,31/01/2025,,,,,,,,,,,,,,,,,,,,,,,,,,,,,,,,,,,,,,
15/01/2025,2362080-1,EDUCACION,RESOLUCION DIRECTORAL,N° 000017-2025-MINEDU-VMGI-PRONIED-DE,Designan Coordinadores de Equipo de la Unidad Gerencial de Estudios y Obras del Programa Nacional de Infraestructura Educativa,https://busquedas.elperuano.pe/dispositivo/NL/2362080-1,31/01/2025,,,,,,,,,,,,,,,,,,,,,,,,,,,,,,,,,,,,,,
15/01/2025,2362011-1,INTERIOR,RESOLUCION DIRECTORAL,N° 028-2025-IN-VOI-DGIN,Rectifican error material incurrido en el artículo 2° de la Resolución Directoral N° 359-2024-IN-VOI-DGIN,https://busquedas.elperuano.pe/dispositivo/NL/2362011-1,31/01/2025,,,,,,,,,,,,,,,,,,,,,,,,,,,,,,,,,,,,,,
15/01/2025,2362095-2,RELACIONES EXTERIORES,RESOLUCION SUPREMA,N° 006-2025-RE,Pasan a la situación de retiro a Embajador en el Servicio Diplomático de la República,https://busquedas.elperuano.pe/dispositivo/NL/2362095-2,31/01/2025,,,,,,,,,,,,,,,,,,,,,,,,,,,,,,,,,,,,,,
15/01/2025,2362086-1,SALUD,RESOLUCION MINISTERIAL,N° 022-2025/MINSA,Aprueban los Lineamientos para la habilitación del doble empleo o cargo público remunerado al profesional médico con o sin especialidad en el marco de la Ley Nº 32145,https://busquedas.elperuano.pe/dispositivo/NL/2362086-1,31/01/2025,,,,,,,,,,,,,,,,,,,,,,,,,,,,,,,,,,,,,,
15/01/2025,2362087-1,SALUD,RESOLUCION MINISTERIAL,N° 023-2025/MINSA,Autorizan viaje del Viceministro de Prestaciones y Aseguramiento en Salud a la Confederación Suiza en comisión de servicios,https://busquedas.elperuano.pe/dispositivo/NL/2362087-1,31/01/2025,,,,,,,,,,,,,,,,,,,,,,,,,,,,,,,,,,,,,,
15/01/2025,2361516-1,TRANSPORTES Y COMUNICACIONES,RESOLUCION DIRECTORAL,N° 0057-2025-MTC/28,Declaran que las autorizaciones para la prestación del servicio de radiodifusión en la banda y localidades serán otorgadas a solicitud de parte,https://busquedas.elperuano.pe/dispositivo/NL/2361516-1,31/01/2025,,,,,,,,,,,,,,,,,,,,,,,,,,,,,,,,,,,,,,
15/01/2025,2361558-1,TRANSPORTES Y COMUNICACIONES,RESOLUCION DIRECTORAL,N° 0001-2025-MTC/17.03,Autorizan para operar como Centro de Inspección Técnica Vehicular Fijo a la empresa CENTRO DE INSPECCIÓN KALLPA SOCIEDAD COMERCIAL DE RESPONSABILIDAD LIMITADA en local ubicado en el distrito y provincia de Huaral departamento de Lima,https://busquedas.elperuano.pe/dispositivo/NL/2361558-1,31/01/2025,,,,,,,,,,,,,,,,,,,,,,,,,,,,,,,,,,,,,,
15/01/2025,2355769-1,TRANSPORTES Y COMUNICACIONES,RESOLUCION DIRECTORAL,N° 0704-2024-MTC/17.03,Renuevan autorización como Centro de Inspección Técnica Vehicular Fijo con una (01) Línea de Inspección Técnica Tipo Mixta a la empresa CERTIFICACIONES PROFESIONALES S.A.C.,https://busquedas.elperuano.pe/dispositivo/NL/2355769-1,31/01/2025,,,,,,,,,,,,,,,,,,,,,,,,,,,,,,,,,,,,,,
15/01/2025,2362085-1,TRANSPORTES Y COMUNICACIONES,RESOLUCION MINISTERIAL,N° 015-2025-MTC/01,Designan Director General de la Dirección General de Autorizaciones en Transportes del Ministerio,https://busquedas.elperuano.pe/dispositivo/NL/2362085-1,31/01/2025,,,,,,,,,,,,,,,,,,,,,,,,,,,,,,,,,,,,,,
15/01/2025,2361492-1,TRANSPORTES Y COMUNICACIONES,RESOLUCION VICE MINISTERIAL,N° 0002-2025-MTC/03,Modifican el artículo 1 de la R.VM. Nº 078-2004-MTC/03 que aprueba los Planes de Canalización y Asignación de Frecuencias del Servicio de Radiodifusión Sonora en Frecuencia Modulada (FM) de las localidades del departamento de Amazonas,https://busquedas.elperuano.pe/dispositivo/NL/2361492-1,31/01/2025,,,,,,,,,,,,,,,,,,,,,,,,,,,,,,,,,,,,,,
15/01/2025,2361506-1,TRANSPORTES Y COMUNICACIONES,RESOLUCION VICE MINISTERIAL,N° 0003-2025-MTC/03,Modifican el artículo 1 de la R.VM N° 187-2004-MTC/03 que aprueba los Planes de Canalización y Asignación de Frecuencias del Servicio de Radiodifusión por Televisión en UHF para distintas localidades del departamento de Puno,https://busquedas.elperuano.pe/dispositivo/NL/2361506-1,31/01/2025,,,,,,,,,,,,,,,,,,,,,,,,,,,,,,,,,,,,,,
15/01/2025,2362094-1,"VIVIENDA, CONSTRUCCION Y SANEAMIENTO",DECRETO SUPREMO,N° 001-2025-VIVIENDA,Decreto Supremo que aprueba el Texto Único Ordenado del Decreto Legislativo N° 1280 Decreto Legislativo que aprueba la Ley del Servicio Universal de Agua Potable y Saneamiento,https://epdoc2.elperuano.pe/EpPo/VistaNLSE.asp?Referencias=MjM2MjA5NC0xMjAyNTAxMTU=,31/01/2025,,,,,,,,,,,,,,,,,,,,,,,,,,,,,,,,,,,,,,
15/01/2025,2362097-1,ARCHIVO GENERAL DE LA NACION,RESOLUCION JEFATURAL,N° 000031-2025-AGN/JEF,Designan Asesor de la Secretaría General del Archivo General de la Nación,https://busquedas.elperuano.pe/dispositivo/NL/2362097-1,31/01/2025,,,,,,,,,,,,,,,,,,,,,,,,,,,,,,,,,,,,,,
15/01/2025,2362109-1,BIBLIOTECA NACIONAL DEL PERU,RESOLUCION JEFATURAL,N° 000017-2025-BNP,Designan Asesor II de la Jefatura de la Biblioteca Nacional del Perú,https://busquedas.elperuano.pe/dispositivo/NL/2362109-1,31/01/2025,,,,,,,,,,,,,,,,,,,,,,,,,,,,,,,,,,,,,,
15/01/2025,2362112-1,BIBLIOTECA NACIONAL DEL PERU,RESOLUCION JEFATURAL,N° 000018-2025-BNP,Designan Gerenta General de la Biblioteca Nacional del Perú,https://busquedas.elperuano.pe/dispositivo/NL/2362112-1,31/01/2025,,,,,,,,,,,,,,,,,,,,,,,,,,,,,,,,,,,,,,
15/01/2025,2362096-1,DESPACHO PRESIDENCIAL,RESOLUCION,N° 000005-2025-DP/SGDP,Designan Ejecutivos de las Oficinas de Operaciones de Abastecimiento y de Contabilidad y Finanzas de la Oficina General de Administración,https://busquedas.elperuano.pe/dispositivo/NL/2362096-1,31/01/2025,,,,,,,,,,,,,,,,,,,,,,,,,,,,,,,,,,,,,,
15/01/2025,2362261-1,SERVICIO NACIONAL DE CAPACITACION PARA LA INDUSTRIA DE LA CONSTRUCCION,RESOLUCION,N° 000012-2025-02.00/SENCICO,Designan Contadora General del SENCICO,https://busquedas.elperuano.pe/dispositivo/NL/2362261-1,31/01/2025,,,,,,,,,,,,,,,,,,,,,,,,,,,,,,,,,,,,,,
15/01/2025,2362279-1,SERVICIO NACIONAL DE CAPACITACION PARA LA INDUSTRIA DE LA CONSTRUCCION,RESOLUCION,N° 000013-2025-02.00/SENCICO,Designan Supervisora de Administración de la Oficina de Administración y Finanzas del SENCICO,https://busquedas.elperuano.pe/dispositivo/NL/2362279-1,31/01/2025,,,,,,,,,,,,,,,,,,,,,,,,,,,,,,,,,,,,,,
15/01/2025,2362305-1,SERVICIO NACIONAL DE CAPACITACION PARA LA INDUSTRIA DE LA CONSTRUCCION,RESOLUCION,N° 000014-2025-02.00/SENCICO,Designan Gerente Zonal Lima Callao del SENCICO,https://busquedas.elperuano.pe/dispositivo/NL/2362305-1,31/01/2025,,,,,,,,,,,,,,,,,,,,,,,,,,,,,,,,,,,,,,
15/01/2025,2362106-1,AUTORIDAD DE TRANSPORTE URBANO PARA LIMA Y CALLAO,RESOLUCION,N° 011-2025-ATU/PE,Designan Director de la Dirección de Integración de Transporte Urbano y Recaudo de la Autoridad de Transporte Urbano para Lima y Callao - ATU.,https://busquedas.elperuano.pe/dispositivo/NL/2362106-1,31/01/2025,,,,,,,,,,,,,,,,,,,,,,,,,,,,,,,,,,,,,,
15/01/2025,2361587-1,INSTITUTO GEOLÓGICO MINERO Y METALÚRGICO,RESOLUCION,N° 000009-2025-INGEMMET/PE,Disponen la publicación de la relación de concesiones mineras cuyos títulos se aprobaron el mes de diciembre de 2024,https://busquedas.elperuano.pe/dispositivo/NL/2361587-1,31/01/2025,,,,,,,,,,,,,,,,,,,,,,,,,,,,,,,,,,,,,,
15/01/2025,2362088-1,PROCURADURÍA GENERAL DEL ESTADO,RESOLUCION,N° D000030-2025-JUS/PGE-PG,Designan directora del Centro de Formación y Capacitación de la Procuraduría General del Estado,https://busquedas.elperuano.pe/dispositivo/NL/2362088-1,31/01/2025,,,,,,,,,,,,,,,,,,,,,,,,,,,,,,,,,,,,,,
15/01/2025,2362090-1,PROCURADURÍA GENERAL DEL ESTADO,RESOLUCION,N° D000033-2025-JUS/PGE-PG,Designan Asesor de alta dirección de la Presidencia Ejecutiva de la Procuraduría General del Estado,https://busquedas.elperuano.pe/dispositivo/NL/2362090-1,31/01/2025,,,,,,,,,,,,,,,,,,,,,,,,,,,,,,,,,,,,,,
15/01/2025,2362091-1,PROCURADURÍA GENERAL DEL ESTADO,RESOLUCION,N° D000032-2025-JUS/PGE-PG,Designan jefe de la Oficina de Planeamiento Presupuesto y Modernización de la Procuraduría General del Estado,https://busquedas.elperuano.pe/dispositivo/NL/2362091-1,31/01/2025,,,,,,,,,,,,,,,,,,,,,,,,,,,,,,,,,,,,,,
15/01/2025,2362092-1,PROCURADURÍA GENERAL DEL ESTADO,RESOLUCION,N° D000031-2025-JUS/PGE-PG,Disponen que la Gerenta General de la Procuraduría General del Estado designada mediante Resolución N° D000667-2024-JUS/PGE-PG estará comprendida bajo el régimen de la Ley del Servicio Civil,https://busquedas.elperuano.pe/dispositivo/NL/2362092-1,31/01/2025,,,,,,,,,,,,,,,,,,,,,,,,,,,,,,,,,,,,,,
15/01/2025,2362042-1,SUPERINTENDENCIA NACIONAL DE ADUANAS Y DE ADMINISTRACIÓN TRIBUTARIA,RESOLUCION,N° 000007-2025-SUNAT/800000,Dejan sin efecto designación y designan en cargos de confianza dependientes de la Superintendencia Nacional Adjunta de Administración y Finanzas,https://busquedas.elperuano.pe/dispositivo/NL/2362042-1,31/01/2025,,,,,,,,,,,,,,,,,,,,,,,,,,,,,,,,,,,,,,
15/01/2025,2362073-1,SUPERINTENDENCIA NACIONAL DE FISCALIZACIÓN LABORAL,RESOLUCION,N° 021-2025-SUNAFIL,Aprueban transferencia financiera a favor de diversos Gobiernos Regionales,https://busquedas.elperuano.pe/dispositivo/NL/2362073-1,31/01/2025,,,,,,,,,,,,,,,,,,,,,,,,,,,,,,,,,,,,,,
15/01/2025,2362082-1,SUPERINTENDENCIA NACIONAL DE LOS REGISTROS PUBLICOS,RESOLUCION,N° 00005-2025-SUNARP/SN,Autorizan transferencia financiera a favor de la Unidad Ejecutora 002-1698: Gestión de Proyectos y Fortalecimiento de Capacidades de la Contraloría General de la República,https://busquedas.elperuano.pe/dispositivo/NL/2362082-1,31/01/2025,,,,,,,,,,,,,,,,,,,,,,,,,,,,,,,,,,,,,,
15/01/2025,2361924-1,SUPERINTENDENCIA NACIONAL DE MIGRACIONES,RESOLUCION,N° 000009-2025-MIGRACIONES,Designan Jefe Zonal II de la Jefatura Zonal de Cusco,https://busquedas.elperuano.pe/dispositivo/NL/2361924-1,31/01/2025,,,,,,,,,,,,,,,,,,,,,,,,,,,,,,,,,,,,,,
15/01/2025,2361929-1,SUPERINTENDENCIA NACIONAL DE MIGRACIONES,RESOLUCION,N° 000010-2025-MIGRACIONES,Designan Jefe Zonal II de la Jefatura Zonal de Trujillo,https://busquedas.elperuano.pe/dispositivo/NL/2361929-1,31/01/2025,,,,,,,,,,,,,,,,,,,,,,,,,,,,,,,,,,,,,,
15/01/2025,2361951-1,CONSEJO EJECUTIVO DEL PODER JUDICIAL,RESOLUCION ADMINISTRATIVA,N° 000006-2025-CE-PJ,Aprueban el Plan de Trabajo 2025 de la Comisión Permanente de Acceso a la Justicia de Personas en Condición de Vulnerabilidad y Justicia en tu Comunidad,https://busquedas.elperuano.pe/dispositivo/NL/2361951-1,31/01/2025,,,,,,,,,,,,,,,,,,,,,,,,,,,,,,,,,,,,,,
15/01/2025,2361954-1,CONSEJO EJECUTIVO DEL PODER JUDICIAL,RESOLUCION ADMINISTRATIVA,N° 000007-2025-CE-PJ,Aprueban Planes de Trabajo Multianuales 2025-2027 de las 34 Cortes Superiores de Justicia sobre Justicia Itinerante,https://busquedas.elperuano.pe/dispositivo/NL/2361954-1,31/01/2025,,,,,,,,,,,,,,,,,,,,,,,,,,,,,,,,,,,,,,
15/01/2025,2361957-1,CONSEJO EJECUTIVO DEL PODER JUDICIAL,RESOLUCION ADMINISTRATIVA,N° 000008-2025-CE-PJ,Designan a integrante del Consejo Ejecutivo del Poder Judicial como Consejero Responsable del Equipo Técnico Institucional de Implementación de la Nueva Ley Procesal del Trabajo,https://busquedas.elperuano.pe/dispositivo/NL/2361957-1,31/01/2025,,,,,,,,,,,,,,,,,,,,,,,,,,,,,,,,,,,,,,
15/01/2025,2361779-1,BANCO CENTRAL DE RESERVA,CIRCULAR,N° 0002-2025-BCRP,Aprueban lista de bancos del exterior de primera categoría,https://busquedas.elperuano.pe/dispositivo/NL/2361779-1,31/01/2025,,,,,,,,,,,,,,,,,,,,,,,,,,,,,,,,,,,,,,
15/01/2025,2359970-1,INSTITUCIONES EDUCATIVAS,RESOLUCION,N° 139-2024-UNAB,Modifican el Presupuesto Institucional del Pliego 549 Universidad Nacional de Barranca para el año fiscal 2024,https://busquedas.elperuano.pe/dispositivo/NL/2359970-1,31/01/2025,,,,,,,,,,,,,,,,,,,,,,,,,,,,,,,,,,,,,,
15/01/2025,2361982-1,MINISTERIO PUBLICO,RESOLUCION,N° 082-2025-MP-FN,Aceptan renuncia de fiscal adjunto provincial provisional del Distrito Fiscal de Lima Noroeste,https://busquedas.elperuano.pe/dispositivo/NL/2361982-1,31/01/2025,,,,,,,,,,,,,,,,,,,,,,,,,,,,,,,,,,,,,,
15/01/2025,2361982-2,MINISTERIO PUBLICO,RESOLUCION,N° 083-2025-MP-FN,Aceptan renuncia de fiscal adjunto provincial provisional del Distrito Fiscal de Huaura,https://busquedas.elperuano.pe/dispositivo/NL/2361982-2,31/01/2025,,,,,,,,,,,,,,,,,,,,,,,,,,,,,,,,,,,,,,
15/01/2025,2361982-3,MINISTERIO PUBLICO,RESOLUCION,N° 084-2025-MP-FN,Aceptan renuncia de fiscal adjunta provincial provisional del Distrito Fiscal de Lima Noroeste,https://busquedas.elperuano.pe/dispositivo/NL/2361982-3,31/01/2025,,,,,,,,,,,,,,,,,,,,,,,,,,,,,,,,,,,,,,
15/01/2025,2361982-4,MINISTERIO PUBLICO,RESOLUCION,N° 085-2025-MP-FN,Aceptan renuncia de fiscal adjunto provincial provisional del Distrito Fiscal de Lima Centro,https://busquedas.elperuano.pe/dispositivo/NL/2361982-4,31/01/2025,,,,,,,,,,,,,,,,,,,,,,,,,,,,,,,,,,,,,,
15/01/2025,2361982-5,MINISTERIO PUBLICO,RESOLUCION,N° 086-2025-MP-FN,Aceptan renuncia de fiscal adjunto provincial provisional del Distrito Fiscal de Lima Centro,https://busquedas.elperuano.pe/dispositivo/NL/2361982-5,31/01/2025,,,,,,,,,,,,,,,,,,,,,,,,,,,,,,,,,,,,,,
15/01/2025,2361982-6,MINISTERIO PUBLICO,RESOLUCION,N° 087-2025-MP-FN,Aceptan renuncia de fiscal adjunta provincial provisional transitoria del Distrito Fiscal de Amazonas,https://busquedas.elperuano.pe/dispositivo/NL/2361982-6,31/01/2025,,,,,,,,,,,,,,,,,,,,,,,,,,,,,,,,,,,,,,
15/01/2025,2361998-1,MINISTERIO PUBLICO,RESOLUCION,N° 088-2025-MP-FN,Nombran fiscal adjunta provincial provisional del Distrito Fiscal de Apurímac,https://busquedas.elperuano.pe/dispositivo/NL/2361998-1,31/01/2025,,,,,,,,,,,,,,,,,,,,,,,,,,,,,,,,,,,,,,
15/01/2025,2361998-10,MINISTERIO PUBLICO,RESOLUCION,N° 097-2025-MP-FN,Nombran fiscal adjunta provincial provisional del Distrito Fiscal de Cusco,https://busquedas.elperuano.pe/dispositivo/NL/2361998-10,31/01/2025,,,,,,,,,,,,,,,,,,,,,,,,,,,,,,,,,,,,,,
15/01/2025,2361998-11,MINISTERIO PUBLICO,RESOLUCION,N° 098-2025-MP-FN,Aceptan renuncia de fiscal del Distrito Fiscal de Lima Noroeste,https://busquedas.elperuano.pe/dispositivo/NL/2361998-11,31/01/2025,,,,,,,,,,,,,,,,,,,,,,,,,,,,,,,,,,,,,,
15/01/2025,2361998-12,MINISTERIO PUBLICO,RESOLUCION,N° 099-2025-MP-FN,Designan fiscal como adscrito al Despacho de la Fiscalía de la Nación y destacan personal fiscal para que preste apoyo al despacho de la Segunda Fiscalía Superior Nacional Especializada Contra la Criminalidad Organizada,https://busquedas.elperuano.pe/dispositivo/NL/2361998-12,31/01/2025,,,,,,,,,,,,,,,,,,,,,,,,,,,,,,,,,,,,,,
15/01/2025,2361998-13,MINISTERIO PUBLICO,RESOLUCION,N° 107-2025-MP-FN,Designan fiscales en los despachos de la Primera Fiscalía Suprema Penal y de la Fiscalía Suprema de Familia y en el Distrito Fiscal de Lima Centro,https://busquedas.elperuano.pe/dispositivo/NL/2361998-13,31/01/2025,,,,,,,,,,,,,,,,,,,,,,,,,,,,,,,,,,,,,,
15/01/2025,2361998-2,MINISTERIO PUBLICO,RESOLUCION,N° 089-2025-MP-FN,Nombran fiscal adjunta provincial provisional del Distrito Fiscal de Junín,https://busquedas.elperuano.pe/dispositivo/NL/2361998-2,31/01/2025,,,,,,,,,,,,,,,,,,,,,,,,,,,,,,,,,,,,,,
15/01/2025,2361998-3,MINISTERIO PUBLICO,RESOLUCION,N° 090-2025-MP-FN,Nombran fiscal adjunta provincial provisional del Distrito Fiscal de Lima Norte,https://busquedas.elperuano.pe/dispositivo/NL/2361998-3,31/01/2025,,,,,,,,,,,,,,,,,,,,,,,,,,,,,,,,,,,,,,
15/01/2025,2361998-4,MINISTERIO PUBLICO,RESOLUCION,N° 091-2025-MP-FN,Nombran fiscal provincial provisional del Distrito Fiscal de Lima Este,https://busquedas.elperuano.pe/dispositivo/NL/2361998-4,31/01/2025,,,,,,,,,,,,,,,,,,,,,,,,,,,,,,,,,,,,,,
15/01/2025,2361998-5,MINISTERIO PUBLICO,RESOLUCION,N° 092-2025-MP-FN,Nombran fiscal adjunto provincial provisional del Distrito Fiscal de Lima Este,https://busquedas.elperuano.pe/dispositivo/NL/2361998-5,31/01/2025,,,,,,,,,,,,,,,,,,,,,,,,,,,,,,,,,,,,,,
15/01/2025,2361998-6,MINISTERIO PUBLICO,RESOLUCION,N° 093-2025-MP-FN,Nombran fiscal adjunta provincial provisional del Distrito Fiscal de Lima Norte,https://busquedas.elperuano.pe/dispositivo/NL/2361998-6,31/01/2025,,,,,,,,,,,,,,,,,,,,,,,,,,,,,,,,,,,,,,
15/01/2025,2361998-7,MINISTERIO PUBLICO,RESOLUCION,N° 094-2025-MP-FN,Nombran fiscal provincial provisional del Distrito Fiscal de Lima Centro,https://busquedas.elperuano.pe/dispositivo/NL/2361998-7,31/01/2025,,,,,,,,,,,,,,,,,,,,,,,,,,,,,,,,,,,,,,
15/01/2025,2361998-8,MINISTERIO PUBLICO,RESOLUCION,N° 095-2025-MP-FN,Nombran fiscal adjunta provincial provisional del Distrito Fiscal de Lima Centro,https://busquedas.elperuano.pe/dispositivo/NL/2361998-8,31/01/2025,,,,,,,,,,,,,,,,,,,,,,,,,,,,,,,,,,,,,,
15/01/2025,2361998-9,MINISTERIO PUBLICO,RESOLUCION,N° 096-2025-MP-FN,Nombran fiscal adjunto provincial provisional del Distrito Fiscal de Tacna,https://busquedas.elperuano.pe/dispositivo/NL/2361998-9,31/01/2025,,,,,,,,,,,,,,,,,,,,,,,,,,,,,,,,,,,,,,
15/01/2025,2362371-1,MUNICIPALIDAD DE COMAS,ORDENANZA,N° 711/MDC,Ordenanza Municipal que establece fechas de vencimiento para el pago del impuesto predial y arbitrios municipales incentivos por pronto pago y monto que fija el pago mínimo del impuesto predial para el ejercicio 2025 en la jurisdicción del distrito de Comas,https://busquedas.elperuano.pe/dispositivo/NL/2362371-1,31/01/2025,,,,,,,,,,,,,,,,,,,,,,,,,,,,,,,,,,,,,,
15/01/2025,2362399-1,MUNICIPALIDAD DE COMAS,ORDENANZA,N° 712/MDC,Ordenanza Municipal que autoriza la celebración de los Matrimonios Civiles comunitarios 2025 en el distrito de Comas,https://busquedas.elperuano.pe/dispositivo/NL/2362399-1,31/01/2025,,,,,,,,,,,,,,,,,,,,,,,,,,,,,,,,,,,,,,
15/01/2025,2359973-1,MUNICIPALIDAD DE MAGDALENA DEL MAR,RESOLUCION DE ALCALDIA,N° 005-2025-A-MDMM,Delegan en el Gerente Municipal la facultad para aprobar las modificaciones presupuestarias en el Nivel Funcional y Programático propuestas por la Oficina General de Planeamiento y Presupuesto correspondientes al ejercicio 2025,https://epdoc2.elperuano.pe/EpPo/VistaDE.asp?Referencias=MjM1OTk3My0xMjAyNTAxMTU=,31/01/2025,,,,,,,,,,,,,,,,,,,,,,,,,,,,,,,,,,,,,,
15/01/2025,2361449-1,MUNICIPALIDAD DE MAGDALENA DEL MAR,RESOLUCION DE ALCALDIA,N° 006-2025-A-MDMM,Modifican servicios brindados en el Texto Único de Servicios No Exclusivos (TUSNE) de la Municipalidad de Magdalena del Mar,https://epdoc2.elperuano.pe/EpPo/VistaDE.asp?Referencias=MjM2MTQ0OS0xMjAyNTAxMTU=,31/01/2025,,,,,,,,,,,,,,,,,,,,,,,,,,,,,,,,,,,,,,
15/01/2025,2361299-1,MUNICIPALIDAD DE MIRAFLORES,Res. Alcaldía,N° 001-2025-A/MM,Modifican el Texto Único de Servicios No Exclusivos – TUSNE de la Municipalidad Distrital de Miraflores,https://epdoc2.elperuano.pe/EpPo/VistaDE.asp?Referencias=MjM2MTI5OS0xMjAyNTAxMTU=,31/01/2025,,,,,,,,,,,,,,,,,,,,,,,,,,,,,,,,,,,,,,
15/01/2025,2361385-1,MUNICIPALIDAD DE SANTA ROSA,RESOLUCION DE ALCALDIA,N° 019-2025-MDSR,Aprueban la versión actualizada del Texto Único de Servicios No Exclusivos -TUSNE de la Municipalidad Distrital de Santa Rosa,https://epdoc2.elperuano.pe/EpPo/VistaDE.asp?Referencias=MjM2MTM4NS0xMjAyNTAxMTU=,31/01/2025,,,,,,,,,,,,,,,,,,,,,,,,,,,,,,,,,,,,,,
14/01/2025,2361612-1,CONGRESO DE LA REPUBLICA,LEY,N° 32243,Ley que modifica la Ley 26859 Ley Orgánica de Elecciones para optimizar mecanismos de transparencia de resultados en procesos electorales,https://busquedas.elperuano.pe/dispositivo/NL/2361612-1,31/01/2025,,,,,,,,,,,,,,,,,,,,,,,,,,,,,,,,,,,,,,
14/01/2025,2361606-1,AMBIENTE,RESOLUCION MINISTERIAL,N° 00011-2025-MINAM,Designan Jefe de la Oficina General de Tecnología de la Información del Ministerio del Ambiente,https://busquedas.elperuano.pe/dispositivo/NL/2361606-1,31/01/2025,,,,,,,,,,,,,,,,,,,,,,,,,,,,,,,,,,,,,,
14/01/2025,2361611-5,COMERCIO EXTERIOR Y TURISMO,RESOLUCION SUPREMA,N° 001-2025-MINCETUR,Designan miembros del Consejo Directivo del Centro de Formación en Turismo - CENFOTUR,https://busquedas.elperuano.pe/dispositivo/NL/2361611-5,31/01/2025,,,,,,,,,,,,,,,,,,,,,,,,,,,,,,,,,,,,,,
14/01/2025,2361611-4,CULTURA,DECRETO SUPREMO,N° 001-2025-MC,Decreto Supremo que aprueba la Sección Primera del Reglamento de Organización y Funciones del Instituto Nacional de Radio y Televisión del Perú,https://busquedas.elperuano.pe/dispositivo/NL/2361611-4,31/01/2025,,,,,,,,,,,,,,,,,,,,,,,,,,,,,,,,,,,,,,
14/01/2025,2361245-1,CULTURA,RESOLUCION VICE MINISTERIAL,N° 000015-2025-VMPCIC/MC,Rectifican la R.VM. N° 000332-2024-VMPCIC/MC,https://busquedas.elperuano.pe/dispositivo/NL/2361245-1,31/01/2025,,,,,,,,,,,,,,,,,,,,,,,,,,,,,,,,,,,,,,
14/01/2025,2361248-1,CULTURA,RESOLUCION VICE MINISTERIAL,N° 000016-2025-VMPCIC/MC,Delegan a funcionario la facultad de iniciar de oficio procedimientos de declaración y delimitación de bienes inmuebles integrantes del Patrimonio Cultural de la Nación durante el Ejercicio Fiscal 2025,https://busquedas.elperuano.pe/dispositivo/NL/2361248-1,31/01/2025,,,,,,,,,,,,,,,,,,,,,,,,,,,,,,,,,,,,,,
14/01/2025,2361622-1,DESARROLLO AGRARIO Y RIEGO,RESOLUCION,N° D000008-2025-MIDAGRI-SERFOR-DE,Designan Director de la Dirección de Seguimiento de la Dirección General de Gestión del Conocimiento Forestal y de Fauna Silvestre del SERFOR,https://busquedas.elperuano.pe/dispositivo/NL/2361622-1,31/01/2025,,,,,,,,,,,,,,,,,,,,,,,,,,,,,,,,,,,,,,
14/01/2025,2361540-1,DESARROLLO AGRARIO Y RIEGO,RESOLUCION JEFATURAL,N° 006-2025-INIA,Aprueban el Texto Integrado del Reglamento de Organización y Funciones del Instituto Nacional de Innovación Agraria,https://busquedas.elperuano.pe/dispositivo/NL/2361540-1,31/01/2025,,,,,,,,,,,,,,,,,,,,,,,,,,,,,,,,,,,,,,
14/01/2025,2361745-1,DESARROLLO AGRARIO Y RIEGO,RESOLUCION DIRECTORAL,N° D000003-2025-MIDAGRI-SENASA-DSA,Suspenden la importación de mercancías pecuarias que puedan transmitir o sirvan de vehículo del virus que causa la enfermedad de la fiebre aftosa de origen y/o procedencia de la República Federal de Alemania y dictan otras disposiciones,https://busquedas.elperuano.pe/dispositivo/NL/2361745-1,31/01/2025,,,,,,,,,,,,,,,,,,,,,,,,,,,,,,,,,,,,,,
14/01/2025,2361591-1,ECONOMIA Y FINANZAS,RESOLUCION DIRECTORAL,N° 0001-2025-EF/50.01,Modifican la Directiva N° 0001-2024-EF/50.01 Directiva para la Ejecución Presupuestaria y dictan otras disposiciones,https://busquedas.elperuano.pe/dispositivo/NL/2361591-1,31/01/2025,,,,,,,,,,,,,,,,,,,,,,,,,,,,,,,,,,,,,,
14/01/2025,2361347-1,EDUCACION,RESOLUCION,N° 004-2025-MINEDU,Modifican la Resolución de Secretaría General Nº 169-2024-MINEDU que conformó la Unidad Funcional para la Gestión y Ejecución de Proyectos bajo la modalidad de Asociación Público Privada como unidad funcional no orgánica en la Dirección de Planificación de Inversiones,https://busquedas.elperuano.pe/dispositivo/NL/2361347-1,31/01/2025,,,,,,,,,,,,,,,,,,,,,,,,,,,,,,,,,,,,,,
14/01/2025,2361446-1,ENERGIA Y MINAS,RESOLUCION MINISTERIAL,N° 015-2025-MINEM/DM,Designan Jefe de la Oficina General de Administración del Ministerio,https://busquedas.elperuano.pe/dispositivo/NL/2361446-1,31/01/2025,,,,,,,,,,,,,,,,,,,,,,,,,,,,,,,,,,,,,,
14/01/2025,2361527-1,INTERIOR,RESOLUCION MINISTERIAL,N° 0013-2025-IN,Designan Asesora II del Despacho Ministerial del Ministerio del Interior,https://busquedas.elperuano.pe/dispositivo/NL/2361527-1,31/01/2025,,,,,,,,,,,,,,,,,,,,,,,,,,,,,,,,,,,,,,
14/01/2025,2361344-1,MUJER Y POBLACIONES VULNERABLES,RESOLUCION MINISTERIAL,N° 004-2025-MIMP,Modifican la R.M. N° 003-2024-MIMP que delegó determinadas facultades y atribuciones en diversos funcionarios y servidores del Ministerio,https://busquedas.elperuano.pe/dispositivo/NL/2361344-1,31/01/2025,,,,,,,,,,,,,,,,,,,,,,,,,,,,,,,,,,,,,,
14/01/2025,2361415-1,PRODUCE,RESOLUCION,N° 044-2025-PRODUCE/PROINNOVATE,Aprueban otorgamiento de subvenciones a favor de beneficiarios con cargo al Presupuesto Institucional 2025 del Programa Nacional de Innovación para la Competitividad y Productividad,https://busquedas.elperuano.pe/dispositivo/NL/2361415-1,31/01/2025,,,,,,,,,,,,,,,,,,,,,,,,,,,,,,,,,,,,,,
14/01/2025,2361611-1,RELACIONES EXTERIORES,DECRETO SUPREMO,N° 001-2025-RE,Decreto Supremo que ratifica el Acuerdo por Intercambio de Notas entre la República del Perú y la República Federal de Alemania sobre el proyecto Acción regional para mejorar la protección de los insectos polinizadores y los servicios de polinización en América Latina y el Caribe (PoliLAC),https://busquedas.elperuano.pe/dispositivo/NL/2361611-1,31/01/2025,,,,,,,,,,,,,,,,,,,,,,,,,,,,,,,,,,,,,,
14/01/2025,2361613-1,RELACIONES EXTERIORES,RESOLUCION SUPREMA,N° 004-2025-RE,Dan por terminadas funciones de Embajadora Extraordinaria y Plenipotenciaria del Perú en la República de Chile,https://busquedas.elperuano.pe/dispositivo/NL/2361613-1,31/01/2025,,,,,,,,,,,,,,,,,,,,,,,,,,,,,,,,,,,,,,
14/01/2025,2361613-2,RELACIONES EXTERIORES,RESOLUCION SUPREMA,N° 005-2025-RE,Dan por terminadas funciones de Embajador Extraordinario y Plenipotenciario del Perú ante la República Popular China y ante Mongolia,https://busquedas.elperuano.pe/dispositivo/NL/2361613-2,31/01/2025,,,,,,,,,,,,,,,,,,,,,,,,,,,,,,,,,,,,,,
14/01/2025,2361611-2,TRABAJO Y PROMOCION DEL EMPLEO,DECRETO SUPREMO,N° 001-2025-TR,Decreto Supremo que modifica el Reglamento de la Ley de Modernización de la Seguridad Social en Salud aprobado por Decreto Supremo N° 009-97-SA,https://busquedas.elperuano.pe/dispositivo/NL/2361611-2,31/01/2025,,,,,,,,,,,,,,,,,,,,,,,,,,,,,,,,,,,,,,
14/01/2025,2361865-1,"VIVIENDA, CONSTRUCCIÓN Y SANEAMIENTO",RESOLUCION MINISTERIAL,N° 012-2025-VIVIENDA,Autorizan transferencia financiera a favor de SEDAPAL destinada a financiar la distribución gratuita de agua potable mediante camiones cisterna en zonas del ámbito urbano que no cuentan con el servicio de agua potable y que se encuentran en condición de pobreza y pobreza extrema,https://busquedas.elperuano.pe/dispositivo/NL/2361865-1,31/01/2025,,,,,,,,,,,,,,,,,,,,,,,,,,,,,,,,,,,,,,
14/01/2025,2361640-1,"VIVIENDA, CONSTRUCCIÓN Y SANEAMIENTO",RESOLUCION MINISTERIAL,N° 009-2025-VIVIENDA,Disponen la publicación de proyecto de Decreto Supremo que modifica el Reglamento de los artículos 4 y 5 del D. Leg. N° 1285 Decreto Legislativo que modifica el art. 79 de la Ley N° 29338 Ley de Recursos Hídricos y establece disposiciones para la adecuación progresiva a la autorización de vertimientos y a los instrumentos de gestión ambiental,https://busquedas.elperuano.pe/dispositivo/NL/2361640-1,31/01/2025,,,,,,,,,,,,,,,,,,,,,,,,,,,,,,,,,,,,,,
14/01/2025,2361611-6,"VIVIENDA, CONSTRUCCIÓN Y SANEAMIENTO",RESOLUCION SUPREMA,N° 003-2025-VIVIENDA,Aceptan renuncia de miembro del Consejo Directivo del OTASS en representación del Ministerio de Vivienda Construcción y Saneamiento,https://busquedas.elperuano.pe/dispositivo/NL/2361611-6,31/01/2025,,,,,,,,,,,,,,,,,,,,,,,,,,,,,,,,,,,,,,
14/01/2025,2361611-7,"VIVIENDA, CONSTRUCCIÓN Y SANEAMIENTO",RESOLUCION SUPREMA,N° 004-2025-VIVIENDA,Designan representante del Ministerio de Vivienda Construcción y Saneamiento ante el Consejo Directivo del OTASS,https://busquedas.elperuano.pe/dispositivo/NL/2361611-7,31/01/2025,,,,,,,,,,,,,,,,,,,,,,,,,,,,,,,,,,,,,,
14/01/2025,2361788-1,BIBLIOTECA NACIONAL DEL PERU,RESOLUCION JEFATURAL,N° 000013-2025-BNP,Designan Asesora II de la Gerencia General de la Biblioteca Nacional del Perú,https://busquedas.elperuano.pe/dispositivo/NL/2361788-1,31/01/2025,,,,,,,,,,,,,,,,,,,,,,,,,,,,,,,,,,,,,,
14/01/2025,2361797-1,BIBLIOTECA NACIONAL DEL PERU,RESOLUCION JEFATURAL,N° 000014-2025-BNP,Designan Coordinadora de Articulación y Desarrollo de Redes de Bibliotecas de la Biblioteca Nacional del Perú,https://busquedas.elperuano.pe/dispositivo/NL/2361797-1,31/01/2025,,,,,,,,,,,,,,,,,,,,,,,,,,,,,,,,,,,,,,
14/01/2025,2360931-1,INSTITUTO PERUANO DEL DEPORTE,RESOLUCION,N° 000001-2025-P/IPD,Ratifican designación de presidente del Consejo Regional del Deporte de Madre de Dios,https://busquedas.elperuano.pe/dispositivo/NL/2360931-1,31/01/2025,,,,,,,,,,,,,,,,,,,,,,,,,,,,,,,,,,,,,,
14/01/2025,2361381-1,INSTITUTO PERUANO DEL DEPORTE,RESOLUCION,N° 000003-2025-P/IPD,Delegan determinadas facultades y atribuciones a diversos servidores del IPD durante el ejercicio fiscal 2025,https://busquedas.elperuano.pe/dispositivo/NL/2361381-1,31/01/2025,,,,,,,,,,,,,,,,,,,,,,,,,,,,,,,,,,,,,,
14/01/2025,2361617-1,AUTORIDAD PORTUARIA NACIONAL,RESOLUCION,N° 0002-2025-APN-PD,Delegan al Gerente General durante el Año Fiscal 2025 la facultad de designar encargaturas temporales de profesionales jefes o directores de órganos de la APN ante ausencia justificada del titular,https://busquedas.elperuano.pe/dispositivo/NL/2361617-1,31/01/2025,,,,,,,,,,,,,,,,,,,,,,,,,,,,,,,,,,,,,,
14/01/2025,2361618-1,AUTORIDAD PORTUARIA NACIONAL,RESOLUCION,N° 0001-2025-APN-DIR,Aprueban la Sección Segunda del Reglamento de Organización y Funciones de la Autoridad Portuaria Nacional,https://busquedas.elperuano.pe/dispositivo/NL/2361618-1,31/01/2025,,,,,,,,,,,,,,,,,,,,,,,,,,,,,,,,,,,,,,
14/01/2025,2361621-1,AUTORIDAD PORTUARIA NACIONAL,RESOLUCION,N° 0002-2025-APN-DIR,Delegan determinadas facultades y atribuciones en funcionarios y servidores de la Autoridad Portuaria Nacional durante el Año Fiscal 2025,https://busquedas.elperuano.pe/dispositivo/NL/2361621-1,31/01/2025,,,,,,,,,,,,,,,,,,,,,,,,,,,,,,,,,,,,,,
14/01/2025,2361283-1,ORGANISMO SUPERVISOR DE LAS CONTRATACIONES DEL ESTADO,ACUERDO,N° 001-2025/TCE,Eligen Presidente del Tribunal de Contrataciones del Estado para el periodo 2025 – 2026,https://busquedas.elperuano.pe/dispositivo/NL/2361283-1,31/01/2025,,,,,,,,,,,,,,,,,,,,,,,,,,,,,,,,,,,,,,
14/01/2025,2361255-1,SUPERINTENDENCIA NACIONAL DE ADUANAS Y DE ADMINISTRACIÓN TRIBUTARIA,RESOLUCION,N° 000007-2025/SUNAT,Modifican Reglamento del Régimen de Gradualidad aplicable a infracciones del Código Tributario aprobado por la Res. N.° 063-2007/SUNAT respecto de la sanción de multa aplicable por infracción tipificada en el numeral 1 del artículo 176 del Código Tributario,https://busquedas.elperuano.pe/dispositivo/NL/2361255-1,31/01/2025,,,,,,,,,,,,,,,,,,,,,,,,,,,,,,,,,,,,,,
14/01/2025,2361609-1,SUPERINTENDENCIA NACIONAL DE SALUD,RESOLUCION,N° 007-2025-SUSALUD/S,Designan Asesor de la Gerencia General de la Superintendencia Nacional de Salud,https://busquedas.elperuano.pe/dispositivo/NL/2361609-1,31/01/2025,,,,,,,,,,,,,,,,,,,,,,,,,,,,,,,,,,,,,,
14/01/2025,2361610-1,SUPERINTENDENCIA NACIONAL DE SALUD,RESOLUCION,N° 008-2025-SUSALUD/S,Designan Directora General de la Oficina General de Asesoría Jurídica de la Superintendencia Nacional de Salud,https://busquedas.elperuano.pe/dispositivo/NL/2361610-1,31/01/2025,,,,,,,,,,,,,,,,,,,,,,,,,,,,,,,,,,,,,,
14/01/2025,2361518-1,CONSEJO EJECUTIVO DEL PODER JUDICIAL,RESOLUCION ADMINISTRATIVA,N° 000002-2025-P-CE-PJ,Cesan por límite de edad a jueza especializada penal (investigación preparatoria) titular de Ascope Corte Superior de Justicia de La Libertad,https://busquedas.elperuano.pe/dispositivo/NL/2361518-1,31/01/2025,,,,,,,,,,,,,,,,,,,,,,,,,,,,,,,,,,,,,,
14/01/2025,2361521-1,CONSEJO EJECUTIVO DEL PODER JUDICIAL,RESOLUCION ADMINISTRATIVA,N° 000003-2025-P-CE-PJ,Cesan por límite de edad a jueza superior titular de la Corte Superior de Justicia de La Libertad,https://busquedas.elperuano.pe/dispositivo/NL/2361521-1,31/01/2025,,,,,,,,,,,,,,,,,,,,,,,,,,,,,,,,,,,,,,
14/01/2025,2361454-1,CONTRALORIA GENERAL DE LA REPUBLICA,RESOLUCION,N° 036-2025-CG,Delegan en el Secretario General la facultad de aprobar y/o formalizar las modificaciones presupuestarias en el Nivel Funcional Programático durante el ejercicio presupuestario del Año Fiscal 2025,https://busquedas.elperuano.pe/dispositivo/NL/2361454-1,31/01/2025,,,,,,,,,,,,,,,,,,,,,,,,,,,,,,,,,,,,,,
14/01/2025,2361588-1,MINISTERIO PUBLICO,RESOLUCION,N° 075-2025-MP-FN,Amplían competencia de Fiscalías Superiores Penales Nacionales Especializadas en Derechos Humanos e Interculturalidad la Fiscalía Superior Penal Nacional Especializada en Delitos de Terrorismo y delitos conexos y la Fiscalía Superior del Equipo Especial de Fiscales para casos con víctimas durante las protestas sociales,https://busquedas.elperuano.pe/dispositivo/NL/2361588-1,31/01/2025,,,,,,,,,,,,,,,,,,,,,,,,,,,,,,,,,,,,,,
14/01/2025,2361589-1,"SUPERINTENDENCIA DE BANCA, SEGUROS Y ADMINISTRADORAS PRIVADAS DE FONDOS DE PENSIONES",RESOLUCION,SBS N° 00073-2025,Declaran la disolución de la Cooperativa de Ahorro y Crédito Credysolución y su exclusión del Registro Nacional de Cooperativas de Ahorro y Crédito No Autorizadas a Captar Recursos del Público,https://busquedas.elperuano.pe/dispositivo/NL/2361589-1,31/01/2025,,,,,,,,,,,,,,,,,,,,,,,,,,,,,,,,,,,,,,
14/01/2025,2361584-1,"SUPERINTENDENCIA DE BANCA, SEGUROS Y ADMINISTRADORAS PRIVADAS DE FONDOS DE PENSIONES",RESOLUCION,SBS N° 00072-2025,Declaran la disolución de la Cooperativa de Ahorro y Crédito Credi Chancay y su exclusión del Registro Nacional de Cooperativas de Ahorro y Crédito No Autorizadas a Captar Recursos del Público,https://busquedas.elperuano.pe/dispositivo/NL/2361584-1,31/01/2025,,,,,,,,,,,,,,,,,,,,,,,,,,,,,,,,,,,,,,
13/01/2025,2361214-1,AMBIENTE,RESOLUCION MINISTERIAL,N° 00008-2025-MINAM,Designan Director de la Dirección General de Calidad Ambiental,https://busquedas.elperuano.pe/dispositivo/NL/2361214-1,31/01/2025,,,,,,,,,,,,,,,,,,,,,,,,,,,,,,,,,,,,,,
13/01/2025,2361210-1,DESARROLLO AGRARIO Y RIEGO,RESOLUCION,N° D000006-2025-MIDAGRI-SERFOR-DE,Designan Director de la Dirección de Promoción y Competitividad de la Dirección General de Política y Competitividad Forestal y de Fauna Silvestre del SERFOR,https://busquedas.elperuano.pe/dispositivo/NL/2361210-1,31/01/2025,,,,,,,,,,,,,,,,,,,,,,,,,,,,,,,,,,,,,,
13/01/2025,2361208-1,DESARROLLO AGRARIO Y RIEGO,RESOLUCION MINISTERIAL,N° 0006-2025-MIDAGRI,Designan Directora General de la Dirección General de Desarrollo Agrícola y Agroecología del Viceministerio de Desarrollo de Agricultura Familiar e Infraestructura Agraria y Riego,https://busquedas.elperuano.pe/dispositivo/NL/2361208-1,31/01/2025,,,,,,,,,,,,,,,,,,,,,,,,,,,,,,,,,,,,,,
13/01/2025,2361207-1,DESARROLLO E INCLUSIÓN SOCIAL,RESOLUCION,N° D000032-2025-MIDIS/WM-DE,Designan Jefe de la Unidad de Organizaciones de las Prestaciones del Programa Nacional de Alimentación Escolar Comunitaria Wasi Mikuna,https://busquedas.elperuano.pe/dispositivo/NL/2361207-1,31/01/2025,,,,,,,,,,,,,,,,,,,,,,,,,,,,,,,,,,,,,,
13/01/2025,2361213-1,DESARROLLO E INCLUSIÓN SOCIAL,RESOLUCION,N° D000005-2025-MIDIS/P65-DE,Designan Jefa de la Unidad de Recursos Humanos del Programa Nacional de Asistencia Solidaria Pensión 65,https://busquedas.elperuano.pe/dispositivo/NL/2361213-1,31/01/2025,,,,,,,,,,,,,,,,,,,,,,,,,,,,,,,,,,,,,,
13/01/2025,2361277-1,ECONOMIA Y FINANZAS,RESOLUCION MINISTERIAL,N° 006-2025-EF/43,Autorizan viajes de Presidenta de la Comisión Especial que representa al Estado en Controversias Internacionales de Inversión y profesional a los Países Bajos en comisión de servicios,https://busquedas.elperuano.pe/dispositivo/NL/2361277-1,31/01/2025,,,,,,,,,,,,,,,,,,,,,,,,,,,,,,,,,,,,,,
13/01/2025,2361305-1,ECONOMIA Y FINANZAS,RESOLUCION MINISTERIAL,N° 008-2025-EF/49,Designan Directora de la Dirección de Política Fiscal de la Dirección General de Política Macroeconómica y Descentralización Fiscal,https://busquedas.elperuano.pe/dispositivo/NL/2361305-1,31/01/2025,,,,,,,,,,,,,,,,,,,,,,,,,,,,,,,,,,,,,,
13/01/2025,2361206-1,ECONOMIA Y FINANZAS,RESOLUCION SUPREMA,N° 001-2025-EF,Aceptan renuncia del Director del Consejo Directivo de la Caja de Pensiones Militar Policial en representación del Ministerio de Economía y Finanzas,https://busquedas.elperuano.pe/dispositivo/NL/2361206-1,31/01/2025,,,,,,,,,,,,,,,,,,,,,,,,,,,,,,,,,,,,,,
13/01/2025,2361206-2,ECONOMIA Y FINANZAS,RESOLUCION SUPREMA,N° 002-2025-EF,Designan Directora del Consejo Directivo de la Caja de Pensiones Militar Policial en representación del Ministerio de Economía y Finanzas,https://busquedas.elperuano.pe/dispositivo/NL/2361206-2,31/01/2025,,,,,,,,,,,,,,,,,,,,,,,,,,,,,,,,,,,,,,
13/01/2025,2361451-1,INTERIOR,RESOLUCION MINISTERIAL,N° 0015-2025-IN,Autorizan viaje de personal policial a la República Argentina en comisión de servicios,https://busquedas.elperuano.pe/dispositivo/NL/2361451-1,31/01/2025,,,,,,,,,,,,,,,,,,,,,,,,,,,,,,,,,,,,,,
13/01/2025,2361209-1,JUSTICIA Y DERECHOS HUMANOS,RESOLUCION MINISTERIAL,N° 0005-2025-JUS,Designan Jefa de la Oficina de Infraestructura y Soporte Tecnológico de la Oficina General de Tecnologías de Información,https://busquedas.elperuano.pe/dispositivo/NL/2361209-1,31/01/2025,,,,,,,,,,,,,,,,,,,,,,,,,,,,,,,,,,,,,,
13/01/2025,2361373-1,PRODUCE,RESOLUCION MINISTERIAL,N° 00010-2025-PRODUCE,Autorizan al IMARPE la ejecución de la prospección pesquera para el recurso anchoveta con el objetivo de actualizar el conocimiento sobre su distribución espacial y estructura demográfica en zona del litoral y dictan otras disposiciones,https://busquedas.elperuano.pe/dispositivo/NL/2361373-1,31/01/2025,,,,,,,,,,,,,,,,,,,,,,,,,,,,,,,,,,,,,,
13/01/2025,2361104-1,AGENCIA DE COMPRAS DE LAS FUERZAS ARMADAS,RESOLUCION JEFATURAL,N° 011-2025-ACFFAA,Designan Asesor II del Despacho Jefatural de la Agencia de Compras de las Fuerzas Armadas,https://busquedas.elperuano.pe/dispositivo/NL/2361104-1,31/01/2025,,,,,,,,,,,,,,,,,,,,,,,,,,,,,,,,,,,,,,
13/01/2025,2361217-1,AGENCIA DE COMPRAS DE LAS FUERZAS ARMADAS,RESOLUCION JEFATURAL,N° 012-2025-ACFFAA,Designan Jefe de la Oficina de Planeamiento y Presupuesto de la Agencia de Compras de las Fuerzas Armadas,https://busquedas.elperuano.pe/dispositivo/NL/2361217-1,31/01/2025,,,,,,,,,,,,,,,,,,,,,,,,,,,,,,,,,,,,,,
13/01/2025,2361251-1,"SUPERINTENDENCIA DE TRANSPORTE TERRESTRE DE PERSONAS, CARGA Y MERCANCIAS",RESOLUCION,N° D000005-2025-SUTRAN-CD,Designan Asesora de Órgano de Apoyo de la Oficina de Administración de la SUTRAN,https://busquedas.elperuano.pe/dispositivo/NL/2361251-1,31/01/2025,,,,,,,,,,,,,,,,,,,,,,,,,,,,,,,,,,,,,,
13/01/2025,2361252-1,"SUPERINTENDENCIA DE TRANSPORTE TERRESTRE DE PERSONAS, CARGA Y MERCANCIAS",RESOLUCION,N° D000007-2025-SUTRAN-CD,Designan Subgerente de la Subgerencia de Fiscalización de Servicios de Transporte y de Pesos y Medidas de la Gerencia de Supervisión y Fiscalización de la SUTRAN,https://busquedas.elperuano.pe/dispositivo/NL/2361252-1,31/01/2025,,,,,,,,,,,,,,,,,,,,,,,,,,,,,,,,,,,,,,
13/01/2025,2361253-1,"SUPERINTENDENCIA DE TRANSPORTE TERRESTRE DE PERSONAS, CARGA Y MERCANCIAS",RESOLUCION,N° D000008-2025-SUTRAN-CD,Designan Asesor de Órgano de Alta Dirección en el Despacho de la Superintendencia de la SUTRAN,https://busquedas.elperuano.pe/dispositivo/NL/2361253-1,31/01/2025,,,,,,,,,,,,,,,,,,,,,,,,,,,,,,,,,,,,,,
13/01/2025,2361211-1,ORGANISMO SUPERVISOR DE INVERSION PRIVADA EN TELECOMUNICACIONES,RESOLUCION,N° 00006-2025-PE/OSIPTEL,Designan Gerente General del OSIPTEL,https://busquedas.elperuano.pe/dispositivo/NL/2361211-1,31/01/2025,,,,,,,,,,,,,,,,,,,,,,,,,,,,,,,,,,,,,,
13/01/2025,2361212-1,ORGANISMO SUPERVISOR DE INVERSION PRIVADA EN TELECOMUNICACIONES,RESOLUCION,N° 00007-2025-PE/OSIPTEL,Designan Director de la Oficina de Asesoría Jurídica y Jefe de Unidad de Asuntos Jurídicos del OSIPTEL,https://busquedas.elperuano.pe/dispositivo/NL/2361212-1,31/01/2025,,,,,,,,,,,,,,,,,,,,,,,,,,,,,,,,,,,,,,
13/01/2025,2360945-1,SERVICIO NACIONAL DE CERTIFICACIÓN AMBIENTAL PARA LAS INVERSIONES SOSTENIBLES,RESOLUCION,N° 00005-2025-SENACE-PE,Aprueban la Guía Metodológica para la Actualización de los Indicadores de Desempeño de las Consultoras Ambientales en el marco de la solicitud de certificación ambiental a cargo del Senace,https://busquedas.elperuano.pe/dispositivo/NL/2360945-1,31/01/2025,,,,,,,,,,,,,,,,,,,,,,,,,,,,,,,,,,,,,,
13/01/2025,2360639-1,"SUPERINTENDENCIA DE BANCA, SEGUROS Y ADMINISTRADORAS PRIVADAS DE FONDOS DE PENSIONES",RESOLUCION,SBS N° 00095-2025,Autorizan difusión en consulta pública del proyecto normativo que modifica los títulos II III IV V VII VIII y XI del Compendio de Normas de Superintendencia Reglamentarias del Sistema Privado de Administración de Fondos de Pensiones así como el Reglamento Operativo que dispone el procedimiento administrativo de desafiliación del SPP por la causal de falta de información dispuesta por el Tribunal Constitucional según sentencias recaídas en los Expedientes N° 1776-2004-AA/TC Nº 07281-2006-PA/TC,https://busquedas.elperuano.pe/dispositivo/NL/2360639-1,31/01/2025,,,,,,,,,,,,,,,,,,,,,,,,,,,,,,,,,,,,,,
12/01/2025,2360825-1,CULTURA,RESOLUCION DIRECTORAL,N° 000005-2025-DGPA-VMPCIC/MC,Determinan la Protección Provisional del Sitio Arqueológico Wari Willka ubicado en el distrito de Huancán provincia de Huancayo y departamento de Junín,https://busquedas.elperuano.pe/dispositivo/NL/2360825-1,31/01/2025,,,,,,,,,,,,,,,,,,,,,,,,,,,,,,,,,,,,,,
12/01/2025,2361026-1,CULTURA,RESOLUCION DIRECTORAL,N° 000006-2025-DGPA-VMPCIC/MC,Determinan la Protección Provisional del Sitio Arqueológico Shrucuycha ubicado en el distrito de Sapallanga provincia de Huancayo departamento de Junín,https://busquedas.elperuano.pe/dispositivo/NL/2361026-1,31/01/2025,,,,,,,,,,,,,,,,,,,,,,,,,,,,,,,,,,,,,,
12/01/2025,2360938-1,CULTURA,RESOLUCION VICE MINISTERIAL,N° 000014-2025-VMPCIC/MC,Delegan a funcionarios la facultad de determinar la protección provisional de bienes inmuebles de la época virreinal y republicana y de bienes muebles que se presumen integrantes del Patrimonio Cultural de la Nación,https://busquedas.elperuano.pe/dispositivo/NL/2360938-1,31/01/2025,,,,,,,,,,,,,,,,,,,,,,,,,,,,,,,,,,,,,,
12/01/2025,2360870-1,CULTURA,RESOLUCION VICE MINISTERIAL,N° 000013-2025-VMPCIC/MC,Declaran Patrimonio Cultural de la Nación al Sitio Arqueológico Yarichukchu ubicado en el distrito de Paucar provincia de Daniel Alcides Carrión departamento de Pasco,https://busquedas.elperuano.pe/dispositivo/NL/2360870-1,31/01/2025,,,,,,,,,,,,,,,,,,,,,,,,,,,,,,,,,,,,,,
12/01/2025,2361205-2,DEFENSA,DECRETO SUPREMO,N° 001-2025-DE,Decreto Supremo que aprueba el Plan Estratégico de Compras del Sector Defensa 2025-2027,https://busquedas.elperuano.pe/dispositivo/NL/2361205-2,31/01/2025,,,,,,,,,,,,,,,,,,,,,,,,,,,,,,,,,,,,,,
12/01/2025,2360668-1,DEFENSA,RESOLUCION MINISTERIAL,N° 00023-2025-DE,Autorizan viaje de oficial de la Marina de Guerra del Perú a la República Federal de Alemania en misión de estudios,https://busquedas.elperuano.pe/dispositivo/NL/2360668-1,31/01/2025,,,,,,,,,,,,,,,,,,,,,,,,,,,,,,,,,,,,,,
12/01/2025,2361048-1,DESARROLLO AGRARIO Y RIEGO,RESOLUCION DIRECTORAL,N° D000001-2025-MIDAGRI-SENASA-DSV,Establecen requisitos fitosanitarios de cumplimiento obligatorio para la importación de plantas in vitro de banano y/o plátano de origen y procedencia de la República Dominicana de la República de Honduras de la República de Costa Rica y del Estado de Israel,https://busquedas.elperuano.pe/dispositivo/NL/2361048-1,31/01/2025,,,,,,,,,,,,,,,,,,,,,,,,,,,,,,,,,,,,,,
12/01/2025,2361205-1,ECONOMIA Y FINANZAS,DECRETO SUPREMO,N° 002-2025-EF,Decreto Supremo que dicta disposiciones reglamentarias para el otorgamiento de la Bonificación por Escolaridad para el Año Fiscal 2025 y dicta otra disposición,https://busquedas.elperuano.pe/dispositivo/NL/2361205-1,31/01/2025,,,,,,,,,,,,,,,,,,,,,,,,,,,,,,,,,,,,,,
12/01/2025,2361179-1,EDUCACION,RESOLUCION DIRECTORAL,N° 01776-2024-DRELM,Designan Jefe de la Unidad de Recursos Humanos de la Dirección Regional de Educación de Lima Metropolitana,https://busquedas.elperuano.pe/dispositivo/NL/2361179-1,31/01/2025,,,,,,,,,,,,,,,,,,,,,,,,,,,,,,,,,,,,,,
12/01/2025,2361180-1,EDUCACION,RESOLUCION DIRECTORAL,N° 01799-2024-DRELM,Designan Jefe de la Oficina de Supervisión del Servicio Educativo de la Dirección Regional de Educación de Lima Metropolitana,https://busquedas.elperuano.pe/dispositivo/NL/2361180-1,31/01/2025,,,,,,,,,,,,,,,,,,,,,,,,,,,,,,,,,,,,,,
12/01/2025,2361181-1,EDUCACION,RESOLUCION DIRECTORAL,N° 01807-2024-DRELM,Designan Jefe de la Oficina de Asesoría Jurídica de la Dirección Regional de Educación de Lima Metropolitana,https://busquedas.elperuano.pe/dispositivo/NL/2361181-1,31/01/2025,,,,,,,,,,,,,,,,,,,,,,,,,,,,,,,,,,,,,,
12/01/2025,2361182-1,EDUCACION,RESOLUCION MINISTERIAL,N° 013-2025-MINEDU,Designan Director General de la Dirección General de Calidad de la Gestión Escolar del Ministerio de Educación,https://busquedas.elperuano.pe/dispositivo/NL/2361182-1,31/01/2025,,,,,,,,,,,,,,,,,,,,,,,,,,,,,,,,,,,,,,
12/01/2025,2361183-1,EDUCACION,RESOLUCION MINISTERIAL,N° 014-2025-MINEDU,Designan Jefa de la Oficina de Gestión del Desarrollo y la Capacitación de la Oficina General de Recursos Humanos del Ministerio de Educación,https://busquedas.elperuano.pe/dispositivo/NL/2361183-1,31/01/2025,,,,,,,,,,,,,,,,,,,,,,,,,,,,,,,,,,,,,,
12/01/2025,2361201-1,ENERGIA Y MINAS,RESOLUCION MINISTERIAL,N° 010-2025-MINEM/DM,Aprueban el Plan Estratégico Institucional (PEI) 2025-2030 del Ministerio de Energía y Minas,https://busquedas.elperuano.pe/dispositivo/NL/2361201-1,31/01/2025,,,,,,,,,,,,,,,,,,,,,,,,,,,,,,,,,,,,,,
12/01/2025,2361202-1,ENERGIA Y MINAS,RESOLUCION MINISTERIAL,N° 009-2025-MINEM/DM,Prorrogan plazo de vigencia del Grupo de Trabajo Sectorial Multisectorial creado mediante R.M. N° 242-2024-MINEM/DM,https://busquedas.elperuano.pe/dispositivo/NL/2361202-1,31/01/2025,,,,,,,,,,,,,,,,,,,,,,,,,,,,,,,,,,,,,,
12/01/2025,2361196-1,ENERGIA Y MINAS,RESOLUCION MINISTERIAL,N° 008-2025-MINEM/DM,Conforman Grupo de Trabajo Multisectorial de naturaleza temporal dependiente del Ministerio de Energía y Minas con el objeto de evaluar y formular propuestas de medidas de corto plazo que pueda adoptar el Ministerio de Energía y Minas o encargarse a otra entidad para su implementación con la finalidad de garantizar el suministro eléctrico continuo seguro y confiable a los usuarios del Servicio Público de Electricidad en el Sistema Eléctrico Aislado de Iquitos,https://busquedas.elperuano.pe/dispositivo/NL/2361196-1,31/01/2025,,,,,,,,,,,,,,,,,,,,,,,,,,,,,,,,,,,,,,
12/01/2025,2360929-1,RELACIONES EXTERIORES,RESOLUCION MINISTERIAL,N° 0015-2025-RE,Designan Agregado a la Embajada del Perú en el Reino de España,https://busquedas.elperuano.pe/dispositivo/NL/2360929-1,31/01/2025,,,,,,,,,,,,,,,,,,,,,,,,,,,,,,,,,,,,,,
12/01/2025,2361216-1,RELACIONES EXTERIORES,RESOLUCION MINISTERIAL,N° 0020-2025-RE,Autorizan viaje de funcionario diplomático a EE.UU. en comisión de servicios,https://busquedas.elperuano.pe/dispositivo/NL/2361216-1,31/01/2025,,,,,,,,,,,,,,,,,,,,,,,,,,,,,,,,,,,,,,
12/01/2025,2361198-1,SALUD,RESOLUCION MINISTERIAL,N° 019-2025/MINSA,Designan Ejecutivo Adjunto I del Despacho Ministerial del Ministerio de Salud,https://busquedas.elperuano.pe/dispositivo/NL/2361198-1,31/01/2025,,,,,,,,,,,,,,,,,,,,,,,,,,,,,,,,,,,,,,
12/01/2025,2361199-1,SALUD,RESOLUCION MINISTERIAL,N° 020-2025/MINSA,Designan Jefe de Equipo II de la Dirección de Control y Vigilancia de la Dirección General de Salud Ambiental e Inocuidad Alimentaria del Ministerio de Salud,https://busquedas.elperuano.pe/dispositivo/NL/2361199-1,31/01/2025,,,,,,,,,,,,,,,,,,,,,,,,,,,,,,,,,,,,,,
12/01/2025,2361200-1,SALUD,RESOLUCION MINISTERIAL,N° 021-2025/MINSA,Modifican la R.M. N° 002-2025/MINSA que delegó diversas facultades a funcionarios del Ministerio durante el Año Fiscal 2025,https://busquedas.elperuano.pe/dispositivo/NL/2361200-1,31/01/2025,,,,,,,,,,,,,,,,,,,,,,,,,,,,,,,,,,,,,,
12/01/2025,2361197-1,TRANSPORTES Y COMUNICACIONES,RESOLUCION DIRECTORAL,N° 007-2025-MTC/20,Designan Jefe de la Oficina de Asesoría Jurídica del Programa denominado Proyecto Especial de Infraestructura de Transporte Nacional – PROVÍAS NACIONAL,https://busquedas.elperuano.pe/dispositivo/NL/2361197-1,31/01/2025,,,,,,,,,,,,,,,,,,,,,,,,,,,,,,,,,,,,,,
12/01/2025,2360613-1,TRANSPORTES Y COMUNICACIONES,RESOLUCION DIRECTORAL,N° 0740-2024-MTC/17.03,Autorizan modificación de la autorización de funcionamiento como Centro de Inspección Técnica Vehicular Fijo otorgada a la empresa CENTRO DE INSPECCION TECNICA VEHICULAR AUTOMOTRIZ S.A.C.. por ampliación de una Línea de Inspección Técnica Menor,https://busquedas.elperuano.pe/dispositivo/NL/2360613-1,31/01/2025,,,,,,,,,,,,,,,,,,,,,,,,,,,,,,,,,,,,,,
12/01/2025,2361195-1,TRANSPORTES Y COMUNICACIONES,RESOLUCION MINISTERIAL,N° 008 -2025-MTC/01,Modifican R.M. N° 786-2024-MTC/01 que delegó diversas facultades y atribuciones a funcionarios y servidores del Ministerio durante el Año Fiscal 2025,https://busquedas.elperuano.pe/dispositivo/NL/2361195-1,31/01/2025,,,,,,,,,,,,,,,,,,,,,,,,,,,,,,,,,,,,,,
12/01/2025,2361174-1,"VIVIENDA, CONSTRUCCIÓN Y SANEAMIENTO",RESOLUCION MINISTERIAL,N° 008-2025-VIVIENDA,Disponen la publicación del proyecto de Decreto Supremo que aprueba el Reglamento de Vivienda de Interés Social del texto del citado proyecto de Reglamento y de su Exposición de Motivos,https://busquedas.elperuano.pe/dispositivo/NL/2361174-1,31/01/2025,,,,,,,,,,,,,,,,,,,,,,,,,,,,,,,,,,,,,,
12/01/2025,2360757-1,AGENCIA PERUANA DE COOPERACION INTERNACIONAL,RESOLUCION DIRECTORAL,N° 002-2025/APCI-DE,Aprueban Programa de Beneficios del CAFAE de la APCI para el año fiscal 2025,https://busquedas.elperuano.pe/dispositivo/NL/2360757-1,31/01/2025,,,,,,,,,,,,,,,,,,,,,,,,,,,,,,,,,,,,,,
12/01/2025,2361186-1,BIBLIOTECA NACIONAL DEL PERU,RESOLUCION JEFATURAL,N° 000010-2025-BNP,Designan Coordinadora de la Gran Biblioteca Pública de Lima,https://busquedas.elperuano.pe/dispositivo/NL/2361186-1,31/01/2025,,,,,,,,,,,,,,,,,,,,,,,,,,,,,,,,,,,,,,
12/01/2025,2361188-1,BIBLIOTECA NACIONAL DEL PERU,RESOLUCION JEFATURAL,N° 000011-2025-BNP,Designan Director de la Dirección del Acceso y Promoción de la Información de la Biblioteca Nacional del Perú,https://busquedas.elperuano.pe/dispositivo/NL/2361188-1,31/01/2025,,,,,,,,,,,,,,,,,,,,,,,,,,,,,,,,,,,,,,
12/01/2025,2361185-1,SUPERINTENDENCIA NACIONAL DE SERVICIOS DE SANEAMIENTO,RESOLUCION,N° 00006 -2025-SUNASS-GG,Designan jefa de unidad de la Unidad de Abastecimiento de la Oficina de Administración y Finanzas de la SUNASS,https://busquedas.elperuano.pe/dispositivo/NL/2361185-1,31/01/2025,,,,,,,,,,,,,,,,,,,,,,,,,,,,,,,,,,,,,,
12/01/2025,2361189-1,AGENCIA DE PROMOCIÓN DE LA INVERSIÓN PRIVADA,RESOLUCION,N° 004-2025,Designan Jefe de la Oficina de Comunicaciones e Imagen Institucional de la Agencia de Promoción de la Inversión Privada - PROINVERSIÓN,https://busquedas.elperuano.pe/dispositivo/NL/2361189-1,31/01/2025,,,,,,,,,,,,,,,,,,,,,,,,,,,,,,,,,,,,,,
12/01/2025,2361190-1,AGENCIA DE PROMOCIÓN DE LA INVERSIÓN PRIVADA,RESOLUCION,N° 005-2025,Designan Asesor de la Dirección Ejecutiva de la Agencia de Promoción de la Inversión Privada - PROINVERSIÓN,https://busquedas.elperuano.pe/dispositivo/NL/2361190-1,31/01/2025,,,,,,,,,,,,,,,,,,,,,,,,,,,,,,,,,,,,,,
12/01/2025,2361184-1,AUTORIDAD NACIONAL DEL SERVICIO CIVIL,RESOLUCION,N° 000010 -2025-SERVIR-PE,Aprueban el Plan Estratégico Institucional (PEI) 2025 – 2030 de la Autoridad Nacional del Servicio Civil – SERVIR,https://busquedas.elperuano.pe/dispositivo/NL/2361184-1,31/01/2025,,,,,,,,,,,,,,,,,,,,,,,,,,,,,,,,,,,,,,
12/01/2025,2361158-1,ORGANISMO DE EVALUACION Y FISCALIZACION AMBIENTAL,RESOLUCION,N° 00003-2025-OEFA/PCD,Designan Jefa de la Oficina de Planeamiento y Presupuesto del OEFA,https://busquedas.elperuano.pe/dispositivo/NL/2361158-1,31/01/2025,,,,,,,,,,,,,,,,,,,,,,,,,,,,,,,,,,,,,,
12/01/2025,2361159-1,ORGANISMO TÉCNICO DE LA ADMINISTRACIÓN DE LOS SERVICIOS DE SANEAMIENTO,ACUERDO,N° 001-2025-CONSEJO DIRECTIVO,Aceptan renuncia de Gerente General de la Empresa Prestadora de Servicios de Saneamiento de Agua Potable y Alcantarillado de Lambayeque Sociedad Anónima –EPSEL S.A.,https://busquedas.elperuano.pe/dispositivo/NL/2361159-1,31/01/2025,,,,,,,,,,,,,,,,,,,,,,,,,,,,,,,,,,,,,,
12/01/2025,2361193-1,ORGANISMO TÉCNICO DE LA ADMINISTRACIÓN DE LOS SERVICIOS DE SANEAMIENTO,ACUERDO,N° 001-2025-CONSEJO DIRECTIVO,Acuerdo adoptado sobre designación de Gerente General de la Empresa Prestadora de Servicios de Saneamiento de Agua Potable y Alcantarillado de Lambayeque Sociedad Anónima –EPSEL S.A.,https://busquedas.elperuano.pe/dispositivo/NL/2361193-1,31/01/2025,,,,,,,,,,,,,,,,,,,,,,,,,,,,,,,,,,,,,,
12/01/2025,2361194-1,ORGANISMO TÉCNICO DE LA ADMINISTRACIÓN DE LOS SERVICIOS DE SANEAMIENTO,RESOLUCION DIRECTORAL,N° 000002-2025-OTASS-DE,Designan Gerente General de la Entidad Prestadora de Servicios de Saneamiento Grau Sociedad Anónima - EPS GRAU S.A.,https://busquedas.elperuano.pe/dispositivo/NL/2361194-1,31/01/2025,,,,,,,,,,,,,,,,,,,,,,,,,,,,,,,,,,,,,,
12/01/2025,2360321-1,CONSEJO EJECUTIVO DEL PODER JUDICIAL,INVESTIGACION,Definitiva N° 1060-2022-AREQUIPA,Imponen la medida disciplinaria de destitución a especialista legal del Módulo Penal para delitos asociados a la Violencia contra las Mujeres e Integrantes del Grupo Familiar de la Corte Superior de Justicia de Arequipa,https://busquedas.elperuano.pe/dispositivo/NL/2360321-1,31/01/2025,,,,,,,,,,,,,,,,,,,,,,,,,,,,,,,,,,,,,,
12/01/2025,2360327-1,CONSEJO EJECUTIVO DEL PODER JUDICIAL,INVESTIGACION,Definitiva N° 2776-2018-CALLAO,Imponen la medida disciplinaria de destitución a jueza del Juzgado de Paz Urbano de la Urbanización San Juan Macías Distrito Judicial del Callao,https://busquedas.elperuano.pe/dispositivo/NL/2360327-1,31/01/2025,,,,,,,,,,,,,,,,,,,,,,,,,,,,,,,,,,,,,,
12/01/2025,2361160-1,CONTRALORIA GENERAL DE LA REPUBLICA,RESOLUCION,N° 033-2025-CG,Autorizan viaje de funcionarios a México en comisión de servicios,https://busquedas.elperuano.pe/dispositivo/NL/2361160-1,31/01/2025,,,,,,,,,,,,,,,,,,,,,,,,,,,,,,,,,,,,,,
12/01/2025,2361175-1,MINISTERIO PUBLICO,RESOLUCION,N° 069 -2025-MP-FN,Designan y nombran fiscales en el Distrito Fiscal de Lima Centro,https://busquedas.elperuano.pe/dispositivo/NL/2361175-1,31/01/2025,,,,,,,,,,,,,,,,,,,,,,,,,,,,,,,,,,,,,,
12/01/2025,2361176-1,MINISTERIO PUBLICO,RESOLUCION,N° 070 -2025-MP-FN,Nombran fiscal adjunto provincial provisional en el Distrito Fiscal de Huánuco,https://busquedas.elperuano.pe/dispositivo/NL/2361176-1,31/01/2025,,,,,,,,,,,,,,,,,,,,,,,,,,,,,,,,,,,,,,
12/01/2025,2361177-1,MINISTERIO PUBLICO,RESOLUCION,N° 071 -2025-MP-FN,Designan fiscal provincial titular penal de Chiclayo en el Distrito Fiscal de Lambayeque,https://busquedas.elperuano.pe/dispositivo/NL/2361177-1,31/01/2025,,,,,,,,,,,,,,,,,,,,,,,,,,,,,,,,,,,,,,
12/01/2025,2361178-1,MINISTERIO PUBLICO,RESOLUCION,N° 072 -2025-MP-FN,Designan fiscal adjunto provincial titular mixto de Ananea - Rinconada en el Distrito Fiscal de Puno,https://busquedas.elperuano.pe/dispositivo/NL/2361178-1,31/01/2025,,,,,,,,,,,,,,,,,,,,,,,,,,,,,,,,,,,,,,
12/01/2025,2361192-1,MUNICIPALIDAD DE ATE,Resolución,N° 000007-2025-MDA/GM,Aprueban el Manual de Clasificador de Cargos (MCC) de la Municipalidad Distrital de Ate,https://epdoc2.elperuano.pe/EpPo/VistaDE.asp?Referencias=MjM2MTE5Mi0xMjAyNTAxMTI=,31/01/2025,,,,,,,,,,,,,,,,,,,,,,,,,,,,,,,,,,,,,,
12/01/2025,2361033-1,MUNICIPALIDAD DE SAN LUIS,Ordenanzas,N° 370-MDSL/C,Ordenanza que promueve la comercialización responsable y fomenta el emprendimiento en ferias itinerantes en el distrito de San Luis,https://epdoc2.elperuano.pe/EpPo/VistaDE.asp?Referencias=MjM2MTAzMy0xMjAyNTAxMTI=,31/01/2025,,,,,,,,,,,,,,,,,,,,,,,,,,,,,,,,,,,,,,
12/01/2025,2357020-1,MUNICIPALIDAD DE SURQUILLO,Ordenanzas,N° 558-2024-MDS,Ordenanza que crea el Programa Veterinaria Municipal en el distrito de Surquillo,https://epdoc2.elperuano.pe/EpPo/VistaDE.asp?Referencias=MjM1NzAyMC0xMjAyNTAxMTI=,31/01/2025,,,,,,,,,,,,,,,,,,,,,,,,,,,,,,,,,,,,,,
12/01/2025,2357372-1,MUNICIPALIDAD DE SURQUILLO,Res. Alcaldía,N° 276-2024-MDS,Designan miembros del Comité Especial de Promoción de la Inversión Privada en bienes servicios e infraestructura pública en el distrito de Surquillo (CEPIP),https://epdoc2.elperuano.pe/EpPo/VistaDE.asp?Referencias=MjM1NzM3Mi0xMjAyNTAxMTI=,31/01/2025,,,,,,,,,,,,,,,,,,,,,,,,,,,,,,,,,,,,,,
12/01/2025,2358635-1,MUNICIPALIDAD DE MI PERÚ,Ordenanzas,N° 179-MDMP,Autorizan la celebración de Matrimonio Civil Comunitario Costumbrista 2025 en el distrito de Mi Perú,https://epdoc2.elperuano.pe/EpPo/VistaDE.asp?Referencias=MjM1ODYzNS0xMjAyNTAxMTI=,31/01/2025,,,,,,,,,,,,,,,,,,,,,,,,,,,,,,,,,,,,,,
11/01/2025,2361173-1,CONGRESO DE LA REPUBLICA,LEY,N° 32242,Ley que modifica la Ley 29944 Ley de Reforma Magisterial para asegurar la destitución automática del director del profesor del auxiliar o del personal administrativo de un centro educativo público o privado con condena privativa de libertad efectiva o suspendida e impedir de manera permanente su ingreso a la Carrera Pública Magisterial,https://busquedas.elperuano.pe/dispositivo/NL/2361173-1,31/01/2025,,,,,,,,,,,,,,,,,,,,,,,,,,,,,,,,,,,,,,
11/01/2025,2361204-1,PRESIDENCIA DEL CONSEJO DE MINISTROS,RESOLUCION SUPREMA,N° 003-2025-PCM,Autorizan viaje de Ministro de Energía y Minas al Reino de Arabia Saudita y encargan su Despacho al Ministro de Vivienda Construcción y Saneamiento,https://busquedas.elperuano.pe/dispositivo/NL/2361204-1,31/01/2025,,,,,,,,,,,,,,,,,,,,,,,,,,,,,,,,,,,,,,
11/01/2025,2360833-1,COMERCIO EXTERIOR Y TURISMO,RESOLUCION MINISTERIAL,N° 003-2025-MINCETUR,Autorizan viaje de representantes de PROMPERÚ a la República de la India en comisión de servicios,https://busquedas.elperuano.pe/dispositivo/NL/2360833-1,31/01/2025,,,,,,,,,,,,,,,,,,,,,,,,,,,,,,,,,,,,,,
11/01/2025,2360364-1,CULTURA,RESOLUCION DIRECTORAL,N° 000003-2025-DGPA-VMPCIC/MC,Determinan la Protección Provisional del Sitio Arqueológico Pueblo Viejo ubicado en el distrito de Lluta provincia de Caylloma departamento de Arequipa,https://busquedas.elperuano.pe/dispositivo/NL/2360364-1,31/01/2025,,,,,,,,,,,,,,,,,,,,,,,,,,,,,,,,,,,,,,
11/01/2025,2360800-1,DEFENSA,RESOLUCION DIRECTORAL,N° 1052-2024 MGP/DICAPI,Aprueban actualización de las estructuras curriculares de Cursos Modelo de la Autoridad Marítima (MAM) para Personal de Marina Mercante Nacional Personal de Bahía Ribereño Lacustre y Personal de Pesca en sus diferentes categorías,https://busquedas.elperuano.pe/dispositivo/NL/2360800-1,31/01/2025,,,,,,,,,,,,,,,,,,,,,,,,,,,,,,,,,,,,,,
11/01/2025,2360801-1,DEFENSA,RESOLUCION DIRECTORAL,N° 1074-2024 MGP/DICAPI,Aprueban lineamientos para la aprobación y autorización del dictado de cursos modelo de formación y capacitación para personal acuático el modelo de certificado de los cursos modelo de la Organización Marítima Internacional (OMI) y/o reglas del Convenio de Formación 78 enmendado y de la Autoridad Marítima Nacional (MAM) y emiten otras disposiciones,https://busquedas.elperuano.pe/dispositivo/NL/2360801-1,31/01/2025,,,,,,,,,,,,,,,,,,,,,,,,,,,,,,,,,,,,,,
11/01/2025,2361050-1,DEFENSA,RESOLUCION JEFATURAL,N° 00002-2025-CENEPRED/J,Delegan a la Secretaría General del CENEPRED las funciones en materia presupuestal referida a la aprobación de la formalización de modificaciones presupuestarias en el Nivel Funcional y Programático durante el año fiscal 2025,https://busquedas.elperuano.pe/dispositivo/NL/2361050-1,31/01/2025,,,,,,,,,,,,,,,,,,,,,,,,,,,,,,,,,,,,,,
11/01/2025,2360851-1,DEFENSA,RESOLUCION MINISTERIAL,N° 00028-2025-DE,Autorizan permanencia en el exterior de Oficial de la Marina de Guerra del Perú en misión de estudios,https://busquedas.elperuano.pe/dispositivo/NL/2360851-1,31/01/2025,,,,,,,,,,,,,,,,,,,,,,,,,,,,,,,,,,,,,,
11/01/2025,2361078-1,DESARROLLO AGRARIO Y RIEGO,RESOLUCION DIRECTORAL,N° 006-2025-MIDAGRI-DVDAFIR-AGRO RURAL-DE,Designan Jefe de la Unidad Zonal Cusco del Programa de Desarrollo Productivo Agrario Rural — AGRO RURAL,https://busquedas.elperuano.pe/dispositivo/NL/2361078-1,31/01/2025,,,,,,,,,,,,,,,,,,,,,,,,,,,,,,,,,,,,,,
11/01/2025,2361064-1,DESARROLLO E INCLUSIÓN SOCIAL,RESOLUCION,N° D000004-2025-MIDIS/P65-DE,Aprueban el Cronograma de cobros para la subvención económica a los/las usuarios/as del Programa Nacional de Asistencia Solidaria Pensión 65 correspondiente al ejercicio 2025,https://busquedas.elperuano.pe/dispositivo/NL/2361064-1,31/01/2025,,,,,,,,,,,,,,,,,,,,,,,,,,,,,,,,,,,,,,
11/01/2025,2361187-1,ECONOMIA Y FINANZAS,RESOLUCION MINISTERIAL,N° 005-2025-EF/43,Autorizan viaje de funcionaria del Ministerio a Francia en comisión de servicios,https://busquedas.elperuano.pe/dispositivo/NL/2361187-1,31/01/2025,,,,,,,,,,,,,,,,,,,,,,,,,,,,,,,,,,,,,,
11/01/2025,2361164-1,EDUCACION,RESOLUCION DIRECTORAL,N° 01941-2024-DRELM,Designan Jefe de la Oficina de Planificación y Presupuesto de la Dirección Regional de Educación de Lima Metropolitana,https://busquedas.elperuano.pe/dispositivo/NL/2361164-1,31/01/2025,,,,,,,,,,,,,,,,,,,,,,,,,,,,,,,,,,,,,,
11/01/2025,2361203-1,ENERGIA Y MINAS,RESOLUCION MINISTERIAL,N° 013-2025-MINEM/DM,Autorizan viaje de funcionario del Ministerio al Reino de Arabia Saudita en comisión de servicios,https://busquedas.elperuano.pe/dispositivo/NL/2361203-1,31/01/2025,,,,,,,,,,,,,,,,,,,,,,,,,,,,,,,,,,,,,,
11/01/2025,2361003-1,MUJER Y POBLACIONES VULNERABLES,RESOLUCION MINISTERIAL,N° 003-2025-MIMP,Designan miembro del Directorio de la Sociedad de Beneficencia de Chimbote en representación del Ministerio de la Mujer y Poblaciones Vulnerables,https://busquedas.elperuano.pe/dispositivo/NL/2361003-1,31/01/2025,,,,,,,,,,,,,,,,,,,,,,,,,,,,,,,,,,,,,,
11/01/2025,2361169-1,RELACIONES EXTERIORES,RESOLUCION MINISTERIAL,N° 0016-2025-RE,Amplían plazo de duración de comisión de servicios de personal del Ministerio a Chile así como al continente Antártico en el marco de la Trigésima Primera Expedición Científica del Perú a la Antártida (ANTAR XXXI),https://busquedas.elperuano.pe/dispositivo/NL/2361169-1,31/01/2025,,,,,,,,,,,,,,,,,,,,,,,,,,,,,,,,,,,,,,
11/01/2025,2361171-1,RELACIONES EXTERIORES,RESOLUCION MINISTERIAL,N° 0017-2025-RE,Autorizan viaje de funcionario diplomático al Reino de Arabia Saudita en comisión de servicios,https://busquedas.elperuano.pe/dispositivo/NL/2361171-1,31/01/2025,,,,,,,,,,,,,,,,,,,,,,,,,,,,,,,,,,,,,,
11/01/2025,2361172-1,RELACIONES EXTERIORES,RESOLUCION SUPREMA,N° 002-2025-RE,Nombran Embajador Extraordinario y Plenipotenciario del Perú en Emiratos Árabes Unidos como Representante Permanente del Perú ante la Agencia Internacional de Energías Renovables (IRENA),https://busquedas.elperuano.pe/dispositivo/NL/2361172-1,31/01/2025,,,,,,,,,,,,,,,,,,,,,,,,,,,,,,,,,,,,,,
11/01/2025,2361172-2,RELACIONES EXTERIORES,RESOLUCION SUPREMA,N° 003-2025-RE,Nombran Embajadora Extraordinaria y Plenipotenciaria del Perú en la República de Austria como Representante Permanente del Perú ante la Oficina de las Naciones Unidas en Viena (UNOV) ante el Organismo Internacional de Energía Atómica (OIEA) ante la Organización de las Naciones Unidas para el Desarrollo Industrial (ONUDI) y la Comisión Preparatoria de la Organización para la Prohibición Completa de Ensayos Nucleares (CTBTO),https://busquedas.elperuano.pe/dispositivo/NL/2361172-2,31/01/2025,,,,,,,,,,,,,,,,,,,,,,,,,,,,,,,,,,,,,,
11/01/2025,2361117-1,SALUD,RESOLUCION MINISTERIAL,N° 014-2025/MINSA,Designan Ejecutivo Adjunto II del Despacho Ministerial,https://busquedas.elperuano.pe/dispositivo/NL/2361117-1,31/01/2025,,,,,,,,,,,,,,,,,,,,,,,,,,,,,,,,,,,,,,
11/01/2025,2361118-1,SALUD,RESOLUCION MINISTERIAL,N° 016-2025/MINSA,Designan Ejecutivo Adjunto I de la Dirección General de Gestión del Riesgo de Desastres y Defensa Nacional en Salud del Ministerio,https://busquedas.elperuano.pe/dispositivo/NL/2361118-1,31/01/2025,,,,,,,,,,,,,,,,,,,,,,,,,,,,,,,,,,,,,,
11/01/2025,2361113-1,SALUD,RESOLUCION MINISTERIAL,N° 013-2025/MINSA,Designan Ejecutivo Adjunto II del Despacho Ministerial,https://busquedas.elperuano.pe/dispositivo/NL/2361113-1,31/01/2025,,,,,,,,,,,,,,,,,,,,,,,,,,,,,,,,,,,,,,
11/01/2025,2361134-1,TRANSPORTES Y COMUNICACIONES,RESOLUCION,N° I000048-2024-MTC/24-DE,Designan Director de la Dirección de Supervisión de Proyectos del Programa Nacional de Telecomunicaciones – PRONATEL,https://busquedas.elperuano.pe/dispositivo/NL/2361134-1,31/01/2025,,,,,,,,,,,,,,,,,,,,,,,,,,,,,,,,,,,,,,
11/01/2025,2361141-1,TRANSPORTES Y COMUNICACIONES,RESOLUCION,N° I000049-2024-MTC/24-DE,Designan Director de la Dirección de Estudios del Programa Nacional de Telecomunicaciones – PRONATEL,https://busquedas.elperuano.pe/dispositivo/NL/2361141-1,31/01/2025,,,,,,,,,,,,,,,,,,,,,,,,,,,,,,,,,,,,,,
11/01/2025,2361153-1,TRANSPORTES Y COMUNICACIONES,RESOLUCION,N° I000050-2024-MTC/24-DE,Designan Director de la Dirección de Ingeniería y Operaciones del Programa Nacional de Telecomunicaciones – PRONATEL,https://busquedas.elperuano.pe/dispositivo/NL/2361153-1,31/01/2025,,,,,,,,,,,,,,,,,,,,,,,,,,,,,,,,,,,,,,
11/01/2025,2360400-1,TRANSPORTES Y COMUNICACIONES,RESOLUCION MINISTERIAL,N° 001-2025-MTC/01.03,Otorgan a la empresa TU VES PERU S.A.C. concesión única para la prestación de servicios públicos de telecomunicaciones en área que comprende todo el territorio nacional,https://busquedas.elperuano.pe/dispositivo/NL/2360400-1,31/01/2025,,,,,,,,,,,,,,,,,,,,,,,,,,,,,,,,,,,,,,
11/01/2025,2361013-1,"VIVIENDA, CONSTRUCCIÓN Y SANEAMIENTO",RESOLUCION MINISTERIAL,N° 004-2025-VIVIENDA,Aprueban segunda convocatoria del Programa Techo Propio en la modalidad de Construcción de Viviendas en Sitio Propio con recursos del canon del Gobierno Regional de Arequipa,https://busquedas.elperuano.pe/dispositivo/NL/2361013-1,31/01/2025,,,,,,,,,,,,,,,,,,,,,,,,,,,,,,,,,,,,,,
11/01/2025,2361168-1,"VIVIENDA, CONSTRUCCIÓN Y SANEAMIENTO",RESOLUCION MINISTERIAL,N° 006-2025-VIVIENDA,Establecen nuevo plazo para la presentación de solicitudes de financiamiento por parte de las empresas prestadoras de los servicios de agua potable y saneamiento (EPS) en el marco de la R.M. N° 485-2024-VIVIENDA,https://busquedas.elperuano.pe/dispositivo/NL/2361168-1,31/01/2025,,,,,,,,,,,,,,,,,,,,,,,,,,,,,,,,,,,,,,
11/01/2025,2361133-1,INSTITUTO NACIONAL DE SALUD,RESOLUCION,N° 002-2025-PE/INS,Aprueban la organización de la Red Nacional de Laboratorios de Salud Pública,https://busquedas.elperuano.pe/dispositivo/NL/2361133-1,31/01/2025,,,,,,,,,,,,,,,,,,,,,,,,,,,,,,,,,,,,,,
11/01/2025,2360675-1,ORGANISMO SUPERVISOR DE LA INVERSIÓN EN INFRAESTRUCTURA DE TRANSPORTE DE USO PÚBLICO,RESOLUCION,N° 0003-2025-PD-OSITRAN,Interpretan el literal a) del numeral 1.1 de la sección Régimen de tarifas y precios aplicables del Anexo 5 y la Cláusula Cuarta de la Adenda N° 6 del Contrato de Concesión para la Construcción Mejora Conservación y Explotación del Aeropuerto Internacional Jorge Chávez,https://busquedas.elperuano.pe/dispositivo/NL/2360675-1,31/01/2025,,,,,,,,,,,,,,,,,,,,,,,,,,,,,,,,,,,,,,
11/01/2025,2359924-1,INSTITUTO NACIONAL DE DEFENSA DE LA COMPETENCIA Y DE LA PROTECCION DE LA PROPIEDAD INTELECTUAL,RESOLUCION,N° 108-2024/CDB-INDECOPI,Disponen el inicio de un procedimiento de investigación por presuntas prácticas de dumping en las exportaciones al Perú de lavaderos de acero inoxidable originarios de la República Popular China a solicitud de la empresa productora nacional Manufactura de Metales y Aluminio Record S.A.,https://busquedas.elperuano.pe/dispositivo/NL/2359924-1,31/01/2025,,,,,,,,,,,,,,,,,,,,,,,,,,,,,,,,,,,,,,
11/01/2025,2361095-1,INSTITUTO NACIONAL DE ESTADISTICA E INFORMATICA,FE DE ERRATA,R.J. N° 002-2025-INEI,FE DE ERRATA,https://busquedas.elperuano.pe/dispositivo/NL/2361095-1,31/01/2025,,,,,,,,,,,,,,,,,,,,,,,,,,,,,,,,,,,,,,
11/01/2025,2361115-1,CONTRALORIA GENERAL DE LA REPUBLICA,RESOLUCION,N° 032-2025-CG,Encargan al Vicecontralor de Gestión Estratégica Integridad y Control las funciones del cargo de Contralor General de la República,https://busquedas.elperuano.pe/dispositivo/NL/2361115-1,31/01/2025,,,,,,,,,,,,,,,,,,,,,,,,,,,,,,,,,,,,,,
11/01/2025,2361067-1,CONTRALORIA GENERAL DE LA REPUBLICA,RESOLUCION,N° 029-2025-CG,Dan por terminada designación de Jefe del Órgano de Control Institucional de la Policía Nacional del Perú,https://busquedas.elperuano.pe/dispositivo/NL/2361067-1,31/01/2025,,,,,,,,,,,,,,,,,,,,,,,,,,,,,,,,,,,,,,
11/01/2025,2361063-1,CONTRALORIA GENERAL DE LA REPUBLICA,RESOLUCION,N° 028-2025-CG,Dan por terminada designación de Jefe del Órgano de Control Institucional de la Central de Compras Públicas – PERÚ COMPRAS,https://busquedas.elperuano.pe/dispositivo/NL/2361063-1,31/01/2025,,,,,,,,,,,,,,,,,,,,,,,,,,,,,,,,,,,,,,
11/01/2025,2361032-1,CONTRALORIA GENERAL DE LA REPUBLICA,RESOLUCION,N° 027-2025-CG,Dan por terminada designación de Jefe del Órgano de Control Institucional de la Academia de la Magistratura,https://busquedas.elperuano.pe/dispositivo/NL/2361032-1,31/01/2025,,,,,,,,,,,,,,,,,,,,,,,,,,,,,,,,,,,,,,
11/01/2025,2360953-1,MINISTERIO PUBLICO,RESOLUCION,N° 050-2025-MP-FN,Nombran fiscal adjunta provincial provisional del Distrito Fiscal de Huaura,https://busquedas.elperuano.pe/dispositivo/NL/2360953-1,31/01/2025,,,,,,,,,,,,,,,,,,,,,,,,,,,,,,,,,,,,,,
11/01/2025,2360953-2,MINISTERIO PUBLICO,RESOLUCION,N° 051-2025-MP-FN,Nombran fiscal adjunta superior provisional del Distrito Fiscal de Madre de Dios,https://busquedas.elperuano.pe/dispositivo/NL/2360953-2,31/01/2025,,,,,,,,,,,,,,,,,,,,,,,,,,,,,,,,,,,,,,
11/01/2025,2361161-1,MUNICIPALIDAD DE ATE,Ordenanzas,N° 628-MDA,Ordenanza que modifica la Única Disposición Complementaria Final de la Ordenanza N° 615-MDA Ordenanza que aprueba la Nueva Estructura Orgánica y el Reglamento de Organización y Funciones (ROF) de la Municipalidad Distrital de Ate,https://epdoc2.elperuano.pe/EpPo/VistaDE.asp?Referencias=MjM2MTE2MS0xMjAyNTAxMTE=,31/01/2025,,,,,,,,,,,,,,,,,,,,,,,,,,,,,,,,,,,,,,
11/01/2025,2360671-1,MUNICIPALIDAD DE LA MOLINA,Resolución,N° 0006-2025-MDLM-GM,Modifican en el Texto Único de Servicios No Exclusivos – TUSNE de la Municipalidad de La Molina los Servicios No Exclusivos de la Subgerencia de Educación Cultura y Turismo y Subgerencia de Programas Sociales y Salud,https://epdoc2.elperuano.pe/EpPo/VistaDE.asp?Referencias=MjM2MDY3MS0xMjAyNTAxMTE=,31/01/2025,,,,,,,,,,,,,,,,,,,,,,,,,,,,,,,,,,,,,,
11/01/2025,2360534-1,MUNICIPALIDAD DE SAN MARTIN DE PORRES,DECRETO DE ALCALDIA,N° 015-2024/MDSMP,Aprueban el Reglamento que regula la conformación del Consejo Distrital de Participación de la Juventud del Distrito de San Martín de Porres,https://busquedas.elperuano.pe/dispositivo/NL/2360534-1,31/01/2025,,,,,,,,,,,,,,,,,,,,,,,,,,,,,,,,,,,,,,
11/01/2025,2360844-1,MUNICIPALIDAD DE SANTIAGO DE SURCO,ACUERDO,N° 002-2025-ACSS,Aprueban moción del alcalde referente a la situación en Venezuela,https://busquedas.elperuano.pe/dispositivo/NL/2360844-1,31/01/2025,,,,,,,,,,,,,,,,,,,,,,,,,,,,,,,,,,,,,,
11/01/2025,2359098-1,MUNICIPALIDAD DE VILLA MARIA DEL TRIUNFO,Res. Alcaldía,N° 02-2025-MDVMT,Ratifican la encargatura de Ejecutor Coactivo de la Municipalidad Distrital de Villa María del Triunfo,https://epdoc2.elperuano.pe/EpPo/VistaDE.asp?Referencias=MjM1OTA5OC0xMjAyNTAxMTE=,31/01/2025,,,,,,,,,,,,,,,,,,,,,,,,,,,,,,,,,,,,,,
10/01/2025,2360745-1,CONGRESO DE LA REPUBLICA,LEY,N° 32237,Ley que modifica la Ley 26497 Ley Orgánica del Registro Nacional de Identificación y Estado Civil con el objeto de fortalecer el derecho fundamental a la identidad,https://busquedas.elperuano.pe/dispositivo/NL/2360745-1,31/01/2025,,,,,,,,,,,,,,,,,,,,,,,,,,,,,,,,,,,,,,
10/01/2025,2360745-2,CONGRESO DE LA REPUBLICA,LEY,N° 32238,Ley que promueve la unidad familiar en la carrera pública magisterial modificando el artículo 68 de la Ley 29944 Ley de Reforma Magisterial,https://busquedas.elperuano.pe/dispositivo/NL/2360745-2,31/01/2025,,,,,,,,,,,,,,,,,,,,,,,,,,,,,,,,,,,,,,
10/01/2025,2360745-3,CONGRESO DE LA REPUBLICA,LEY,N° 32239,Ley de saneamiento del límite entre los departamentos de Cusco y Puno en nueve tramos,https://busquedas.elperuano.pe/dispositivo/NL/2360745-3,31/01/2025,,,,,,,,,,,,,,,,,,,,,,,,,,,,,,,,,,,,,,
10/01/2025,2360745-4,CONGRESO DE LA REPUBLICA,LEY,N° 32240,Ley que modifica el Decreto Legislativo 1302 Decreto Legislativo que optimiza el intercambio prestacional en salud del sector público,https://busquedas.elperuano.pe/dispositivo/NL/2360745-4,31/01/2025,,,,,,,,,,,,,,,,,,,,,,,,,,,,,,,,,,,,,,
10/01/2025,2360745-5,CONGRESO DE LA REPUBLICA,LEY,N° 32241,Ley que declara Día Nacional de la Paleontología el 20 de enero de cada año,https://busquedas.elperuano.pe/dispositivo/NL/2360745-5,31/01/2025,,,,,,,,,,,,,,,,,,,,,,,,,,,,,,,,,,,,,,
10/01/2025,2361170-1,PRESIDENCIA DEL CONSEJO DE MINISTROS,DECRETO SUPREMO,N° 007-2025-PCM,Decreto Supremo que declara el Estado de Emergencia en varios distritos de algunas provincias de los departamentos de Amazonas Áncash Apurímac Arequipa Ayacucho Cajamarca Cusco Huancavelica Huánuco Ica Junín La Libertad Lima Loreto Moquegua Pasco Puno San Martín Tacna y la Provincia Constitucional del Callao por peligro inminente ante intensas precipitaciones pluviales,https://busquedas.elperuano.pe/dispositivo/NL/2361170-1,31/01/2025,,,,,,,,,,,,,,,,,,,,,,,,,,,,,,,,,,,,,,
10/01/2025,2361170-2,PRESIDENCIA DEL CONSEJO DE MINISTROS,DECRETO SUPREMO,N° 008-2025-PCM,Decreto Supremo que declara el Estado de Emergencia en los en los distritos de Chiclayo José Leonardo Ortiz y La Victoria de la provincia de Chiclayo del departamento de Lambayeque por peligro inminente ante colapso del sistema de alcantarillado,https://busquedas.elperuano.pe/dispositivo/NL/2361170-2,31/01/2025,,,,,,,,,,,,,,,,,,,,,,,,,,,,,,,,,,,,,,
10/01/2025,2360740-1,PRESIDENCIA DEL CONSEJO DE MINISTROS,RESOLUCION JEFATURAL,N° 000002-2025-ANIN/JEF,Designan Asesor de la Jefatura de la Autoridad Nacional de Infraestructura,https://busquedas.elperuano.pe/dispositivo/NL/2360740-1,31/01/2025,,,,,,,,,,,,,,,,,,,,,,,,,,,,,,,,,,,,,,
10/01/2025,2360434-1,COMERCIO EXTERIOR Y TURISMO,RESOLUCION MINISTERIAL,N° 002-2025-MINCETUR,Autorizan viaje de representantes de PROMPERÚ a Japón en comisión de servicios,https://busquedas.elperuano.pe/dispositivo/NL/2360434-1,31/01/2025,,,,,,,,,,,,,,,,,,,,,,,,,,,,,,,,,,,,,,
10/01/2025,2360865-1,CULTURA,RESOLUCION MINISTERIAL,N° 000006-2025-MC,Crean el Grupo de Trabajo Sectorial denominado Grupo de Trabajo para el cierre del Proyecto Especial Bicentenario de la Independencia del Perú,https://busquedas.elperuano.pe/dispositivo/NL/2360865-1,31/01/2025,,,,,,,,,,,,,,,,,,,,,,,,,,,,,,,,,,,,,,
10/01/2025,2360743-1,DESARROLLO AGRARIO Y RIEGO,RESOLUCION DIRECTORAL,N° 004-2025-MIDAGRI-DVDAFIR-AGRO RURAL-DE,Designan Jefe de la Sub Unidad de Riego Tecnificado de la Unidad de Infraestructura Rural del Programa de Desarrollo Productivo Agrario Rural — AGRO RURAL,https://busquedas.elperuano.pe/dispositivo/NL/2360743-1,31/01/2025,,,,,,,,,,,,,,,,,,,,,,,,,,,,,,,,,,,,,,
10/01/2025,2360477-1,DESARROLLO E INCLUSIÓN SOCIAL,RESOLUCION,N° D000002-2025-MIDIS/PNPDS-DE,Aprueban el Cronograma de pagos del Programa Nacional de entrega de la pensión no contributiva a personas con discapacidad severa en situación de pobreza – CONTIGO correspondiente al ejercicio fiscal 2025,https://busquedas.elperuano.pe/dispositivo/NL/2360477-1,31/01/2025,,,,,,,,,,,,,,,,,,,,,,,,,,,,,,,,,,,,,,
10/01/2025,2360607-1,DESARROLLO E INCLUSIÓN SOCIAL,RESOLUCION,N° D000024-2025-MIDIS/WM-DE,Designan Jefe de la Unidad de Planeamiento Presupuesto y Modernización del Programa Nacional de Alimentación Escolar Comunitaria Wasi Mikuna,https://busquedas.elperuano.pe/dispositivo/NL/2360607-1,31/01/2025,,,,,,,,,,,,,,,,,,,,,,,,,,,,,,,,,,,,,,
10/01/2025,2360467-1,ECONOMIA Y FINANZAS,RESOLUCION MINISTERIAL,N° 003-2025-EF/41,Resolución Ministerial que autoriza transferencia financiera a favor del Fondo Invierte para el Desarrollo Territorial (FIDT),https://busquedas.elperuano.pe/dispositivo/NL/2360467-1,31/01/2025,,,,,,,,,,,,,,,,,,,,,,,,,,,,,,,,,,,,,,
10/01/2025,2360703-1,EDUCACION,RESOLUCION MINISTERIAL,N° 009-2025-MINEDU,Aprueban Norma Técnica denominada Disposiciones para la ejecución del Programa de Mantenimiento de Locales Educativos para el Año 2025,https://busquedas.elperuano.pe/dispositivo/NL/2360703-1,31/01/2025,,,,,,,,,,,,,,,,,,,,,,,,,,,,,,,,,,,,,,
10/01/2025,2360592-1,PRODUCE,RESOLUCION MINISTERIAL,N° 000007-2025-PRODUCE,Declaran de interés nacional el proyecto de inversión denominado Proyecto Industrial MYPE Miraflores - Arequipa,https://busquedas.elperuano.pe/dispositivo/NL/2360592-1,31/01/2025,,,,,,,,,,,,,,,,,,,,,,,,,,,,,,,,,,,,,,
10/01/2025,2360448-1,PRODUCE,RESOLUCION MINISTERIAL,N° 000005-2025-PRODUCE,Modifican la R.M. N° 000508-2024-PRODUCE que estableció límites de captura de los recursos jurel y caballa efectuada por embarcaciones pesqueras artesanales para el periodo enero a abril de 2025,https://busquedas.elperuano.pe/dispositivo/NL/2360448-1,31/01/2025,,,,,,,,,,,,,,,,,,,,,,,,,,,,,,,,,,,,,,
10/01/2025,2360455-1,PRODUCE,RESOLUCION MINISTERIAL,N° 000006-2025-PRODUCE,Modifican la R.M. N° 000510-2024-PRODUCE que estableció límite de captura del recurso bonito (Sarda chiliensis chiliensis) para el periodo comprendido entre enero y abril del año 2025,https://busquedas.elperuano.pe/dispositivo/NL/2360455-1,31/01/2025,,,,,,,,,,,,,,,,,,,,,,,,,,,,,,,,,,,,,,
10/01/2025,2360429-1,SALUD,RESOLUCION MINISTERIAL,N° 011-2025/MINSA,Designan Ejecutiva Adjunta I de la Oficina General de Planeamiento Presupuesto y Modernización del Ministerio,https://busquedas.elperuano.pe/dispositivo/NL/2360429-1,31/01/2025,,,,,,,,,,,,,,,,,,,,,,,,,,,,,,,,,,,,,,
10/01/2025,2360782-1,ORGANISMO DE FORMALIZACIÓN DE LA PROPIEDAD INFORMAL,RESOLUCION DIRECTORAL,N° D000002-2025-COFOPRI-DE,Dan por concluida designación y designan responsable de la Unidad Ejecutora de Inversiones del Proyecto: Creación del Servicio de Catastro Urbano en Distritos Priorizados de las Provincias de Chiclayo y Lambayeque del Departamento de Lambayeque; la Provincia de Lima del Departamento de Lima y la Provincia de Piura del Departamento de Piura,https://busquedas.elperuano.pe/dispositivo/NL/2360782-1,31/01/2025,,,,,,,,,,,,,,,,,,,,,,,,,,,,,,,,,,,,,,
10/01/2025,2360770-1,AUTORIDAD DE TRANSPORTE URBANO PARA LIMA Y CALLAO,RESOLUCION,N° D-000001-2025-ATU/DIR,Aprueban las especificaciones técnicas de señaléticas y elementos informativos internos y externos para vehículos habilitados en virtud del Reglamento que regula el Régimen Excepcional de Otorgamiento o Renovación de Autorizaciones para la prestación del Servicio Público de Transporte Regular en el territorio de competencia de la ATU las cuales quedan determinadas para Microbús Minibús I Minibús II y Ómnibus Urbano,https://busquedas.elperuano.pe/dispositivo/NL/2360770-1,31/01/2025,,,,,,,,,,,,,,,,,,,,,,,,,,,,,,,,,,,,,,
10/01/2025,2360465-1,"CONSEJO SUPERIOR DEL SISTEMA NACIONAL DE EVALUACION, ACREDITACION Y CERTIFICACION DE LA CALIDAD EDUCATIVA",RESOLUCION,N° 000003-2025-SINEACE/COSUSINEACE-P,Delegan facultades y atribuciones a diversos funcionarios para el ejercicio fiscal 2025,https://busquedas.elperuano.pe/dispositivo/NL/2360465-1,31/01/2025,,,,,,,,,,,,,,,,,,,,,,,,,,,,,,,,,,,,,,
10/01/2025,2360431-1,INSTITUTO GEOLÓGICO MINERO Y METALÚRGICO,RESOLUCION,N° 000005-2025-INGEMMET/PE,Autorizan la publicación del Padrón Minero Nacional 2025,https://busquedas.elperuano.pe/dispositivo/NL/2360431-1,31/01/2025,,,,,,,,,,,,,,,,,,,,,,,,,,,,,,,,,,,,,,
10/01/2025,2360615-1,SUPERINTENDENCIA DEL MERCADO DE VALORES,RESOLUCION,N° 001-2025-SMV/01,Autorizan difusión del proyecto de modificación de las Normas para la Prevención del Lavado de Activos y Financiamiento del Terrorismo aprobadas por Resolución CONASEV N° 033-2011-EF-94.01.1,https://busquedas.elperuano.pe/dispositivo/NL/2360615-1,31/01/2025,,,,,,,,,,,,,,,,,,,,,,,,,,,,,,,,,,,,,,
10/01/2025,2360624-1,"SUPERINTENDENCIA NACIONAL DE CONTROL DE SERVICIOS DE SEGURIDAD, ARMAS, MUNICIONES Y EXPLOSIVOS DE USO CIVIL",RESOLUCION,N° 00003-2025-SUCAMEC,Delegan facultades y atribuciones en materia administrativa patrimonial presupuestaria de inversiones y de contrataciones del Estado en favor de funcionarios de la SUCAMEC para el Año Fiscal 2025,https://busquedas.elperuano.pe/dispositivo/NL/2360624-1,31/01/2025,,,,,,,,,,,,,,,,,,,,,,,,,,,,,,,,,,,,,,
10/01/2025,2360679-1,SUPERINTENDENCIA NACIONAL DE LOS REGISTROS PUBLICOS,RESOLUCION,N° 00002-2025-SUNARP/SN,Aprueban la mejora del servicio gratuito VISOR BGR,https://busquedas.elperuano.pe/dispositivo/NL/2360679-1,31/01/2025,,,,,,,,,,,,,,,,,,,,,,,,,,,,,,,,,,,,,,
10/01/2025,2360634-1,CONSEJO EJECUTIVO DEL PODER JUDICIAL,RESOLUCION ADMINISTRATIVA,N° 000005-2025-CE-PJ,Dan por concluida designación e incorporan a magistrado como Juez del Quinto Juzgado de Investigación Preparatoria Nacional de la Corte Superior Nacional de Justicia Penal Especializada,https://busquedas.elperuano.pe/dispositivo/NL/2360634-1,31/01/2025,,,,,,,,,,,,,,,,,,,,,,,,,,,,,,,,,,,,,,
10/01/2025,2360601-1,CONTRALORIA GENERAL DE LA REPUBLICA,RESOLUCION,N° 022-2025-CG,Aprueban el Plan Nacional de Control 2025 conformado por los servicios de control y servicios relacionados a ser efectuados durante el año 2025 por los órganos del Sistema Nacional de Control,https://busquedas.elperuano.pe/dispositivo/NL/2360601-1,31/01/2025,,,,,,,,,,,,,,,,,,,,,,,,,,,,,,,,,,,,,,
10/01/2025,2360282-1,"SUPERINTENDENCIA DE BANCA, SEGUROS Y ADMINISTRADORAS PRIVADAS DE FONDOS DE PENSIONES",CIRCULAR,N° G-226-2025,Actualizan capital social mínimo de las empresas supervisadas correspondientes al trimestre enero - marzo de 2025,https://busquedas.elperuano.pe/dispositivo/NL/2360282-1,31/01/2025,,,,,,,,,,,,,,,,,,,,,,,,,,,,,,,,,,,,,,
10/01/2025,2360288-1,"SUPERINTENDENCIA DE BANCA, SEGUROS Y ADMINISTRADORAS PRIVADAS DE FONDOS DE PENSIONES",FE DE ERRATA,Res. SBS N° 00003-2025,FE DE ERRATA,https://busquedas.elperuano.pe/dispositivo/NL/2360288-1,31/01/2025,,,,,,,,,,,,,,,,,,,,,,,,,,,,,,,,,,,,,,
10/01/2025,2360510-1,GOBIERNO REGIONAL DE ANCASH,ORDENANZA,N° 011-2024-GRA/CR,Ordenanza Regional que modifica la Ordenanza Regional N° 030-2009-REGIÓN ANCASH/CR. y Ordenanza Regional N° 014-2011-REGIÓN ANCASH/CR. sobre: El Programa de Apoyo Alimentario Regional - PAAR y dicta otras disposiciones complementarias,https://busquedas.elperuano.pe/dispositivo/NL/2360510-1,31/01/2025,,,,,,,,,,,,,,,,,,,,,,,,,,,,,,,,,,,,,,
10/01/2025,2360481-1,GOBIERNO REGIONAL DE LAMBAYEQUE,ORDENANZA,N° 000015-2024-GR.LAMB/CR [515509436 - 14],Ordenanza Regional que aprueba la adición provisional de funciones del Observatorio Regional de Seguridad Ciudadana (OBRESEC) a la Oficina Ejecutiva de Defensa Nacional Civil y Seguridad Ciudadana (OEDNCSC),https://busquedas.elperuano.pe/dispositivo/NL/2360481-1,31/01/2025,,,,,,,,,,,,,,,,,,,,,,,,,,,,,,,,,,,,,,
10/01/2025,2360199-1,MUNICIPALIDAD METROPOLITANA DE LIMA,DECRETO DE ALCALDIA,N° 001,Disponen que los titulares de los elementos de publicidad exterior que no cuenten con autorización y se encuentren ubicados o sobrevuelen las vías expresas arteriales y colectoras que conforman el Sistema Vial Metropolitano así como en los espacios públicos de administración de la Municipalidad Metropolitana de Lima realicen las gestiones pertinentes para la formalización de las obligaciones previstas en la Ordenanza N° 2682 para el periodo 2025,https://busquedas.elperuano.pe/dispositivo/NL/2360199-1,31/01/2025,,,,,,,,,,,,,,,,,,,,,,,,,,,,,,,,,,,,,,
10/01/2025,2360507-1,MUNICIPALIDAD DE COMAS,RESOLUCION DE ALCALDIA,N° 097-2024-AL/MDC,Aprueban el Texto Único de Servicios No Exclusivos (TUSNE) de la Municipalidad Distrital de Comas,https://busquedas.elperuano.pe/dispositivo/NL/2360507-1,31/01/2025,,,,,,,,,,,,,,,,,,,,,,,,,,,,,,,,,,,,,,
10/01/2025,2360503-1,MUNICIPALIDAD DE LA MOLINA,Resolución,N° 0005-2025-MDLM-GM,Modifican el Texto Único de Servicios No Exclusivos – TUSNE de la Municipalidad de La Molina,https://epdoc2.elperuano.pe/EpPo/VistaDE.asp?Referencias=MjM2MDUwMy0xMjAyNTAxMTA=,31/01/2025,,,,,,,,,,,,,,,,,,,,,,,,,,,,,,,,,,,,,,
10/01/2025,2361007-1,MUNICIPALIDAD DE SAN LUIS,Ordenanzas,N° 373-MDSL/C,Ordenanza que establece fecha de vencimiento para el pago del impuesto predial y arbitrios municipales e incentivos por pronto pago para el ejercicio 2025,https://epdoc2.elperuano.pe/EpPo/VistaDE.asp?Referencias=MjM2MTAwNy0xMjAyNTAxMTA=,31/01/2025,,,,,,,,,,,,,,,,,,,,,,,,,,,,,,,,,,,,,,
10/01/2025,2360530-1,MUNICIPALIDAD DE SAN MARTIN DE PORRES,ORDENANZA,N° 576/MDSMP,Ordenanza que aprueba beneficios de pronto pago denominado Vecino Sanmartiniano Puntual y el calendario de vencimiento del Impuesto Predial y Arbitrios Municipales 2025,https://busquedas.elperuano.pe/dispositivo/NL/2360530-1,31/01/2025,,,,,,,,,,,,,,,,,,,,,,,,,,,,,,,,,,,,,,
10/01/2025,2359559-1,MUNICIPALIDAD DISTRITAL DE YARINACOCHA,RESOLUCION DE ALCALDIA,N° 011-2025-MDY-ALC,Aprueban el Manual de Clasificador de Cargos (MCC) de la Municipalidad Distrital de Yarinacocha,https://busquedas.elperuano.pe/dispositivo/NL/2359559-1,31/01/2025,,,,,,,,,,,,,,,,,,,,,,,,,,,,,,,,,,,,,,
09/01/2025,2360361-1,CONGRESO DE LA REPUBLICA,LEY,N° 32231,Ley que modifica la Ley 26859 Ley Orgánica de Elecciones a fin de otorgar incentivos para el cumplimiento de la labor de miembro de mesa,https://busquedas.elperuano.pe/dispositivo/NL/2360361-1,31/01/2025,,,,,,,,,,,,,,,,,,,,,,,,,,,,,,,,,,,,,,
09/01/2025,2360361-2,CONGRESO DE LA REPUBLICA,LEY,N° 32232,Ley que declara de interés nacional la masificación de la instalación del servicio de acceso a internet en las localidades del departamento de Loreto,https://busquedas.elperuano.pe/dispositivo/NL/2360361-2,31/01/2025,,,,,,,,,,,,,,,,,,,,,,,,,,,,,,,,,,,,,,
09/01/2025,2360361-3,CONGRESO DE LA REPUBLICA,LEY,N° 32233,Ley que declara de interés nacional la ejecución de los proyectos de inversión Mejoramiento del servicio de provisión de agua para riego en los bloques de Ilubaya Torata y Yacango del distrito de Torata - provincia de Mariscal Nieto - departamento de Moquegua y Ampliación de la frontera agrícola Lomas de Ilo-Moquegua y la construcción de la presa Chilota en la provincia Mariscal Nieto departamento de Moquegua,https://busquedas.elperuano.pe/dispositivo/NL/2360361-3,31/01/2025,,,,,,,,,,,,,,,,,,,,,,,,,,,,,,,,,,,,,,
09/01/2025,2360361-4,CONGRESO DE LA REPUBLICA,LEY,N° 32234,Ley que declara de interés nacional el uso de las energías renovables en la agricultura,https://busquedas.elperuano.pe/dispositivo/NL/2360361-4,31/01/2025,,,,,,,,,,,,,,,,,,,,,,,,,,,,,,,,,,,,,,
09/01/2025,2360361-5,CONGRESO DE LA REPUBLICA,LEY,N° 32235,Ley que modifica la Ley 26305 Ley que declara de interés nacional la apicultura y la actividad agro-industrial de los productos apícolas,https://busquedas.elperuano.pe/dispositivo/NL/2360361-5,31/01/2025,,,,,,,,,,,,,,,,,,,,,,,,,,,,,,,,,,,,,,
09/01/2025,2360361-6,CONGRESO DE LA REPUBLICA,LEY,N° 32236,Ley que declara de interés nacional la creación de la Sociedad de Beneficencia de la Provincia de Coronel Portillo en el departamento de Ucayali,https://busquedas.elperuano.pe/dispositivo/NL/2360361-6,31/01/2025,,,,,,,,,,,,,,,,,,,,,,,,,,,,,,,,,,,,,,
09/01/2025,2360362-1,PRESIDENCIA DEL CONSEJO DE MINISTROS,DECRETO SUPREMO,N° 005-2025-PCM,Decreto Supremo que aprueba el Plan Multisectorial ante Lluvias intensas y peligros asociados 2025-2027,https://busquedas.elperuano.pe/dispositivo/NL/2360362-1,31/01/2025,,,,,,,,,,,,,,,,,,,,,,,,,,,,,,,,,,,,,,
09/01/2025,2360362-2,PRESIDENCIA DEL CONSEJO DE MINISTROS,DECRETO SUPREMO,N° 006-2025-PCM,Decreto Supremo que prorroga el Estado de Emergencia declarado en varios distritos de las provincias del departamento de Piura por peligro inminente ante déficit hídrico,https://busquedas.elperuano.pe/dispositivo/NL/2360362-2,31/01/2025,,,,,,,,,,,,,,,,,,,,,,,,,,,,,,,,,,,,,,
09/01/2025,2360362-4,PRESIDENCIA DEL CONSEJO DE MINISTROS,RESOLUCION SUPREMA,N° 002-2025-PCM,Designan Director Ejecutivo de la Dirección Nacional de Inteligencia - DINI,https://busquedas.elperuano.pe/dispositivo/NL/2360362-4,31/01/2025,,,,,,,,,,,,,,,,,,,,,,,,,,,,,,,,,,,,,,
09/01/2025,2359835-1,CULTURA,RESOLUCION DIRECTORAL,N° 000002-2025-DGPA-VMPCIC/MC,Determinan la Protección Provisional del Sitio Arqueológico Huaca Lagunas ubicado en el distrito de Tumán provincia de Chiclayo departamento de Lambayeque,https://busquedas.elperuano.pe/dispositivo/NL/2359835-1,31/01/2025,,,,,,,,,,,,,,,,,,,,,,,,,,,,,,,,,,,,,,
09/01/2025,2359672-1,CULTURA,RESOLUCION VICE MINISTERIAL,N° 000009-2025-VMPCIC/MC,Declaran Patrimonio Cultural de la Nación a seis unidades bibliográficas en tres volúmenes de la obra El padre Horán: (escenas de la vida del Cuzco) (1848) de la producción intelectual de Narciso Aréstegui Zuzunaga,https://busquedas.elperuano.pe/dispositivo/NL/2359672-1,31/01/2025,,,,,,,,,,,,,,,,,,,,,,,,,,,,,,,,,,,,,,
09/01/2025,2359751-1,CULTURA,RESOLUCION VICE MINISTERIAL,N° 000010-2025-VMPCIC/MC,Declaran Patrimonio Cultural de la Nación a cuatro bienes culturales muebles (textiles) pertenecientes al Ministerio de Cultura,https://busquedas.elperuano.pe/dispositivo/NL/2359751-1,31/01/2025,,,,,,,,,,,,,,,,,,,,,,,,,,,,,,,,,,,,,,
09/01/2025,2360362-3,ECONOMIA Y FINANZAS,DECRETO SUPREMO,N° 001-2025-EF,Decreto Supremo que aprueba las compras corporativas obligatorias para la adquisición de papelería en general útiles de oficina y materiales de aseo y limpieza a través de los Catálogos Electrónicos de Acuerdo Marco y dicta otras disposiciones,https://busquedas.elperuano.pe/dispositivo/NL/2360362-3,31/01/2025,,,,,,,,,,,,,,,,,,,,,,,,,,,,,,,,,,,,,,
09/01/2025,2360394-1,EDUCACION,RESOLUCION MINISTERIAL,N° 008-2025-MINEDU,Delegan facultades y atribuciones en diversos funcionarios del Ministerio durante el Año 2025,https://busquedas.elperuano.pe/dispositivo/NL/2360394-1,31/01/2025,,,,,,,,,,,,,,,,,,,,,,,,,,,,,,,,,,,,,,
09/01/2025,2360349-1,INTERIOR,RESOLUCION DIRECTORAL,N° 014-2025-IN-VOI-DGIN,Designan Subprefectas Provinciales en los departamentos de La Libertad y Cajamarca,https://busquedas.elperuano.pe/dispositivo/NL/2360349-1,31/01/2025,,,,,,,,,,,,,,,,,,,,,,,,,,,,,,,,,,,,,,
09/01/2025,2360077-1,INTERIOR,RESOLUCION DIRECTORAL,N° 015-2025-IN-VOI-DGIN,Designan Subprefecto Distrital de Yanahuara provincia de Arequipa departamento de Arequipa,https://busquedas.elperuano.pe/dispositivo/NL/2360077-1,31/01/2025,,,,,,,,,,,,,,,,,,,,,,,,,,,,,,,,,,,,,,
09/01/2025,2360566-1,INTERIOR,RESOLUCION MINISTERIAL,N° 0010-2025-IN,Designan Vocal del Tribunal de Disciplina Policial y modifican la conformación de la Segunda Sala del Tribunal de Disciplina Policial del Ministerio del Interior,https://busquedas.elperuano.pe/dispositivo/NL/2360566-1,31/01/2025,,,,,,,,,,,,,,,,,,,,,,,,,,,,,,,,,,,,,,
09/01/2025,2360596-1,INTERIOR,RESOLUCION MINISTERIAL,N° 0007-2025-IN,Delegan facultades en diversos órganos del Ministerio del Interior durante el Año Fiscal 2025,https://busquedas.elperuano.pe/dispositivo/NL/2360596-1,31/01/2025,,,,,,,,,,,,,,,,,,,,,,,,,,,,,,,,,,,,,,
09/01/2025,2360362-5,INTERIOR,RESOLUCION SUPREMA,N° 002-2025-IN,Dan por concluida la designación de Prefecto Regional de Huánuco,https://busquedas.elperuano.pe/dispositivo/NL/2360362-5,31/01/2025,,,,,,,,,,,,,,,,,,,,,,,,,,,,,,,,,,,,,,
09/01/2025,2358059-1,TRANSPORTES Y COMUNICACIONES,RESOLUCION DIRECTORAL,N° 0713-2024-MTC/17.03,Autorizan a la empresa Revisión Técnica Vehicular Barranca S.A.C. – RTV BARRANCA S.A.C. para operar como Centro de Inspección Técnica Vehicular Fijo en local ubicado en el distrito de Sunampe provincia de Chincha y departamento de Ica,https://busquedas.elperuano.pe/dispositivo/NL/2358059-1,31/01/2025,,,,,,,,,,,,,,,,,,,,,,,,,,,,,,,,,,,,,,
09/01/2025,2360191-1,"VIVIENDA, CONSTRUCCIÓN Y SANEAMIENTO",RESOLUCION MINISTERIAL,N° 002-2025-VIVIENDA,Designan Directora General de la Oficina General de Administración del Ministerio,https://busquedas.elperuano.pe/dispositivo/NL/2360191-1,31/01/2025,,,,,,,,,,,,,,,,,,,,,,,,,,,,,,,,,,,,,,
09/01/2025,2360194-1,"VIVIENDA, CONSTRUCCIÓN Y SANEAMIENTO",RESOLUCION MINISTERIAL,N° 003-2025-VIVIENDA,Designan Jefe de Gabinete de Asesores del Despacho Ministerial,https://busquedas.elperuano.pe/dispositivo/NL/2360194-1,31/01/2025,,,,,,,,,,,,,,,,,,,,,,,,,,,,,,,,,,,,,,
09/01/2025,2360369-1,CENTRAL DE COMPRAS PÚBLICAS,FE DE ERRATA,R.J. N° 000001-2025-PERÚ COMPRAS-JEFATURA,FE DE ERRATA,https://busquedas.elperuano.pe/dispositivo/NL/2360369-1,31/01/2025,,,,,,,,,,,,,,,,,,,,,,,,,,,,,,,,,,,,,,
09/01/2025,2360158-1,"SUPERINTENDENCIA DE TRANSPORTE TERRESTRE DE PERSONAS, CARGA Y MERCANCIAS",FE DE ERRATA,Res. N° D000003-2025-SUTRAN-SP,FE DE ERRATA,https://busquedas.elperuano.pe/dispositivo/NL/2360158-1,31/01/2025,,,,,,,,,,,,,,,,,,,,,,,,,,,,,,,,,,,,,,
09/01/2025,2360000-1,ORGANISMO SUPERVISOR DE LA INVERSIÓN EN ENERGÍA Y MINERÍA,RESOLUCION,N° 001-2025-OS/GRT,Aprueban costos administrativos y operativos del FISE de las Distribuidoras Eléctricas en sus actividades vinculadas con el descuento en la compra del balón de gas al mes de octubre de 2024,https://busquedas.elperuano.pe/dispositivo/NL/2360000-1,31/01/2025,,,,,,,,,,,,,,,,,,,,,,,,,,,,,,,,,,,,,,
09/01/2025,2359823-1,ORGANISMO SUPERVISOR DE LA INVERSIÓN EN INFRAESTRUCTURA DE TRANSPORTE DE USO PÚBLICO,RESOLUCION,N° 0002-2025-PD-OSITRAN,Determinan las Tarifas de los Servicios Especiales Depósito Temporal Fluvial – Contenedores y Depósito Temporal Fluvial – Carga Fraccionada en el Nuevo Terminal Portuario de Yurimaguas – Nueva Reforma,https://busquedas.elperuano.pe/dispositivo/NL/2359823-1,31/01/2025,,,,,,,,,,,,,,,,,,,,,,,,,,,,,,,,,,,,,,
09/01/2025,2360356-1,SUPERINTENDENCIA NACIONAL DE EDUCACION SUPERIOR UNIVERSITARIA,RESOLUCION,N° 001-2025-SUNEDU,Delegan facultades en diversos funcionarios de la Superintendencia Nacional de Educación Superior Universitaria - Sunedu durante el año fiscal 2025,https://busquedas.elperuano.pe/dispositivo/NL/2360356-1,31/01/2025,,,,,,,,,,,,,,,,,,,,,,,,,,,,,,,,,,,,,,
09/01/2025,2360365-1,AUTORIDAD NACIONAL DE SANIDAD E INOCUIDAD EN PESCA Y ACUICULTURA,RESOLUCION,N° 000006-2025-SANIPES/PE,Designan Jefa de la Oficina de Administración de la Autoridad Nacional de Sanidad e Inocuidad en Pesca y Acuicultura - SANIPES,https://busquedas.elperuano.pe/dispositivo/NL/2360365-1,31/01/2025,,,,,,,,,,,,,,,,,,,,,,,,,,,,,,,,,,,,,,
09/01/2025,2360165-1,CONSEJO EJECUTIVO DEL PODER JUDICIAL,RESOLUCION ADMINISTRATIVA,N° 000004-2025-CE-PJ,Fijan el valor de la Unidad de Referencia Procesal (URP) y aprueban el Cuadro de Valores de los Aranceles Judiciales para el año 2025,https://busquedas.elperuano.pe/dispositivo/NL/2360165-1,31/01/2025,,,,,,,,,,,,,,,,,,,,,,,,,,,,,,,,,,,,,,
09/01/2025,2359988-1,CONSEJO EJECUTIVO DEL PODER JUDICIAL,RESOLUCION ADMINISTRATIVA,N° 000460-2024-CE-PJ,Aprueban Cuadro de Aranceles por servicios prestados por los Juzgados de Paz de la Corte Superior de Justicia del Santa,https://busquedas.elperuano.pe/dispositivo/NL/2359988-1,31/01/2025,,,,,,,,,,,,,,,,,,,,,,,,,,,,,,,,,,,,,,
09/01/2025,2360348-1,CONTRALORIA GENERAL DE LA REPUBLICA,RESOLUCION,N° 007-2025-CG,Dan por terminada designación de Jefe del Órgano de Control Institucional de la Empresa Municipal Administradora de Peaje de Lima S.A. - EMAPE,https://busquedas.elperuano.pe/dispositivo/NL/2360348-1,31/01/2025,,,,,,,,,,,,,,,,,,,,,,,,,,,,,,,,,,,,,,
09/01/2025,2360301-1,CONTRALORIA GENERAL DE LA REPUBLICA,RESOLUCION,N° 006-2025-CG,Dan por terminada designación de Jefa del Órgano de Control Institucional de la Autoridad Nacional del Agua,https://busquedas.elperuano.pe/dispositivo/NL/2360301-1,31/01/2025,,,,,,,,,,,,,,,,,,,,,,,,,,,,,,,,,,,,,,
09/01/2025,2360334-1,MINISTERIO PUBLICO,RESOLUCION,N° 046-2025-MP-FN,Designan fiscal adjunto provincial titular penal de Lima Distrito Fiscal de Lima actualmente Distrito Fiscal de Lima Centro,https://busquedas.elperuano.pe/dispositivo/NL/2360334-1,31/01/2025,,,,,,,,,,,,,,,,,,,,,,,,,,,,,,,,,,,,,,
09/01/2025,2360334-2,MINISTERIO PUBLICO,RESOLUCION,N° 047-2025-MP-FN,Nombran fiscal adjunto provincial provisional del Distrito Fiscal de Puno,https://busquedas.elperuano.pe/dispositivo/NL/2360334-2,31/01/2025,,,,,,,,,,,,,,,,,,,,,,,,,,,,,,,,,,,,,,
09/01/2025,2360228-1,MINISTERIO PUBLICO,RESOLUCION,N° 026-2025-MP-FN,Aceptan renuncia de fiscal adjunto provincial provisional del Distrito Fiscal de La Libertad,https://busquedas.elperuano.pe/dispositivo/NL/2360228-1,31/01/2025,,,,,,,,,,,,,,,,,,,,,,,,,,,,,,,,,,,,,,
09/01/2025,2360228-10,MINISTERIO PUBLICO,RESOLUCION,N° 045-2025-MP-FN,Aceptan renuncia de fiscal adjunto provincial provisional del Distrito Fiscal de Lambayeque,https://busquedas.elperuano.pe/dispositivo/NL/2360228-10,31/01/2025,,,,,,,,,,,,,,,,,,,,,,,,,,,,,,,,,,,,,,
09/01/2025,2360228-2,MINISTERIO PUBLICO,RESOLUCION,N° 037-2025-MP-FN,Aceptan renuncia de fiscal superior provisional del Distrito Fiscal del Santa,https://busquedas.elperuano.pe/dispositivo/NL/2360228-2,31/01/2025,,,,,,,,,,,,,,,,,,,,,,,,,,,,,,,,,,,,,,
09/01/2025,2360228-3,MINISTERIO PUBLICO,RESOLUCION,N° 038-2025-MP-FN,Aceptan renuncia de fiscal adjunta provincial provisional del Distrito Fiscal de San Martín,https://busquedas.elperuano.pe/dispositivo/NL/2360228-3,31/01/2025,,,,,,,,,,,,,,,,,,,,,,,,,,,,,,,,,,,,,,
09/01/2025,2360228-4,MINISTERIO PUBLICO,RESOLUCION,N° 039-2025-MP-FN,Aceptan renuncia de fiscal adjunta provincial provisional del Distrito Fiscal de Arequipa,https://busquedas.elperuano.pe/dispositivo/NL/2360228-4,31/01/2025,,,,,,,,,,,,,,,,,,,,,,,,,,,,,,,,,,,,,,
09/01/2025,2360228-5,MINISTERIO PUBLICO,RESOLUCION,N° 040-2025-MP-FN,Aceptan renuncia de fiscal adjunta provincial provisional del Distrito Fiscal de Cusco,https://busquedas.elperuano.pe/dispositivo/NL/2360228-5,31/01/2025,,,,,,,,,,,,,,,,,,,,,,,,,,,,,,,,,,,,,,
09/01/2025,2360228-6,MINISTERIO PUBLICO,RESOLUCION,N° 041-2025-MP-FN,Aceptan renuncia de fiscal adjunto provincial provisional del Distrito Fiscal de Lima Centro,https://busquedas.elperuano.pe/dispositivo/NL/2360228-6,31/01/2025,,,,,,,,,,,,,,,,,,,,,,,,,,,,,,,,,,,,,,
09/01/2025,2360228-7,MINISTERIO PUBLICO,RESOLUCION,N° 042-2025-MP-FN,Aceptan renuncia de fiscal adjunta provincial provisional del Distrito Fiscal de Lima Norte,https://busquedas.elperuano.pe/dispositivo/NL/2360228-7,31/01/2025,,,,,,,,,,,,,,,,,,,,,,,,,,,,,,,,,,,,,,
09/01/2025,2360228-8,MINISTERIO PUBLICO,RESOLUCION,N° 043-2025-MP-FN,Aceptan renuncia de fiscal adjunto provincial provisional del Distrito Fiscal de Lima Sur,https://busquedas.elperuano.pe/dispositivo/NL/2360228-8,31/01/2025,,,,,,,,,,,,,,,,,,,,,,,,,,,,,,,,,,,,,,
09/01/2025,2360228-9,MINISTERIO PUBLICO,RESOLUCION,N° 044-2025-MP-FN,Aceptan renuncia de fiscal adjunta provincial provisional transitoria del Distrito Fiscal de Arequipa,https://busquedas.elperuano.pe/dispositivo/NL/2360228-9,31/01/2025,,,,,,,,,,,,,,,,,,,,,,,,,,,,,,,,,,,,,,
09/01/2025,2358216-1,GOBIERNO REGIONAL DEL CUSCO,ORDENANZA,N° 259-2024-CR/GRC,Declaran el 29 de octubre como Dia de los cuidados el trabajo doméstico no remunerado que realizan las mujeres en su diversidad la promoción de la corresponsabilidad igualitaria y la prevención de las violencias de género,https://busquedas.elperuano.pe/dispositivo/NL/2358216-1,31/01/2025,,,,,,,,,,,,,,,,,,,,,,,,,,,,,,,,,,,,,,
09/01/2025,2359620-1,MUNICIPALIDAD METROPOLITANA DE LIMA,ORDENANZA,N° 2686,Ordenanza que aprueba el Plan Específico Zona Conchán - Villa El Salvador,https://busquedas.elperuano.pe/dispositivo/NL/2359620-1,31/01/2025,,,,,,,,,,,,,,,,,,,,,,,,,,,,,,,,,,,,,,
09/01/2025,2359627-1,MUNICIPALIDAD METROPOLITANA DE LIMA,ORDENANZA,N° 2687,Ordenanza que aprueba el Plan Específico Lucicascos – San Bartolo,https://busquedas.elperuano.pe/dispositivo/NL/2359627-1,31/01/2025,,,,,,,,,,,,,,,,,,,,,,,,,,,,,,,,,,,,,,
09/01/2025,2359628-1,MUNICIPALIDAD METROPOLITANA DE LIMA,ORDENANZA,N° 2688,Ordenanza que aprueba el Plan Específico Lote 1-F y Sub-Lote 1-DA del fundo Pampas de Canto Grande,https://busquedas.elperuano.pe/dispositivo/NL/2359628-1,31/01/2025,,,,,,,,,,,,,,,,,,,,,,,,,,,,,,,,,,,,,,
09/01/2025,2359629-1,MUNICIPALIDAD METROPOLITANA DE LIMA,ORDENANZA,N° 2690,Ordenanza que establece como Operador Público del Suelo Municipal a EMILIMA S.A. en adición a sus funciones,https://busquedas.elperuano.pe/dispositivo/NL/2359629-1,31/01/2025,,,,,,,,,,,,,,,,,,,,,,,,,,,,,,,,,,,,,,
09/01/2025,2359631-1,MUNICIPALIDAD METROPOLITANA DE LIMA,ORDENANZA,N° 2691,Ordenanza que incorpora Códigos de Infracción al Cuadro de Infracciones y Sanciones Administrativas de la Municipalidad Metropolitana Lima,https://busquedas.elperuano.pe/dispositivo/NL/2359631-1,31/01/2025,,,,,,,,,,,,,,,,,,,,,,,,,,,,,,,,,,,,,,
09/01/2025,2357450-1,MUNICIPALIDAD DE PUNTA NEGRA,Ordenanzas,N° 033-2024/MDPN y Acuerdo N° 520,Ordenanza que establece la Tasa por Estacionamiento Vehicular Temporal en las playas del distrito de Punta Negra para el año 2025,https://epdoc2.elperuano.pe/EpPo/VistaDE.asp?Referencias=MjM1NzQ1MC0xMjAyNTAxMDk=,31/01/2025,,,,,,,,,,,,,,,,,,,,,,,,,,,,,,,,,,,,,,
09/01/2025,2357038-1,MUNICIPALIDAD DE SANTA ROSA,Ordenanzas,N° 583-2024MDSR,Ordenanza que dispone la obligatoriedad de limpiar y cercar terrenos con construcción paralizada o en situación de abandono en el ámbito del distrito de Santa Rosa,https://epdoc2.elperuano.pe/EpPo/VistaDE.asp?Referencias=MjM1NzAzOC0xMjAyNTAxMDk=,31/01/2025,,,,,,,,,,,,,,,,,,,,,,,,,,,,,,,,,,,,,,
08/01/2025,2359900-1,CONGRESO DE LA REPUBLICA,LEY,N° 32228,Ley que modifica el Código Civil Decreto Legislativo 295 para incorporar los principios generales de los procesos en materia de familia,https://busquedas.elperuano.pe/dispositivo/NL/2359900-1,31/01/2025,,,,,,,,,,,,,,,,,,,,,,,,,,,,,,,,,,,,,,
08/01/2025,2359900-2,CONGRESO DE LA REPUBLICA,LEY,N° 32229,Ley que modifica el Artículo 27 del Decreto Legislativo 1350 Decreto Legislativod de Migraciones a fin de disponer que las oficinas consulares emitan visas en formato electrónico y de transeúntes,https://busquedas.elperuano.pe/dispositivo/NL/2359900-2,31/01/2025,,,,,,,,,,,,,,,,,,,,,,,,,,,,,,,,,,,,,,
08/01/2025,2359900-3,CONGRESO DE LA REPUBLICA,LEY,N° 32230,Ley que modifica la Ley 29571 Código de Protección y Defensa del Consumidor con el fin de fortalecer el Sistema de Alertas de Productos y Servicios Peligrosos (Sistema de Alertas de Consumo),https://busquedas.elperuano.pe/dispositivo/NL/2359900-3,31/01/2025,,,,,,,,,,,,,,,,,,,,,,,,,,,,,,,,,,,,,,
08/01/2025,2359899-1,PRESIDENCIA DEL CONSEJO DE MINISTROS,RESOLUCION MINISTERIAL,N° 003-2025-PCM,Designan Jefa de la Oficina General de Administración de la Presidencia del Consejo de Ministros,https://busquedas.elperuano.pe/dispositivo/NL/2359899-1,31/01/2025,,,,,,,,,,,,,,,,,,,,,,,,,,,,,,,,,,,,,,
08/01/2025,2359773-1,COMERCIO EXTERIOR Y TURISMO,RESOLUCION MINISTERIAL,N° 001-2025-MINCETUR,Delegan a la Cámara de Comercio e Industria de Ilo la facultad de emisión de certificados de origen de las mercancías producidas en el departamento de Moquegua,https://busquedas.elperuano.pe/dispositivo/NL/2359773-1,31/01/2025,,,,,,,,,,,,,,,,,,,,,,,,,,,,,,,,,,,,,,
08/01/2025,2359723-1,CULTURA,RESOLUCION MINISTERIAL,N° 000004-2025-MC,Designan Directora de Programa Sectorial IV de la Dirección General de Patrimonio Arqueológico Inmueble,https://busquedas.elperuano.pe/dispositivo/NL/2359723-1,31/01/2025,,,,,,,,,,,,,,,,,,,,,,,,,,,,,,,,,,,,,,
08/01/2025,2359380-1,CULTURA,RESOLUCION VICE MINISTERIAL,N° 000008-2025-VMPCIC/MC,Declaran Patrimonio Cultural de la Nación a la Actividad colectiva Kullu wantuy del distrito de Congalla provincia de Angaraes departamento de Huancavelica,https://busquedas.elperuano.pe/dispositivo/NL/2359380-1,31/01/2025,,,,,,,,,,,,,,,,,,,,,,,,,,,,,,,,,,,,,,
08/01/2025,2360360-1,DEFENSA,RESOLUCION MINISTERIAL,N° 00018-2025-DE,Aprueban delegación de facultades y atribuciones en diversos funcionarios del Ministerio de Defensa durante el Año Fiscal 2025,https://busquedas.elperuano.pe/dispositivo/NL/2360360-1,31/01/2025,,,,,,,,,,,,,,,,,,,,,,,,,,,,,,,,,,,,,,
08/01/2025,2359892-1,DESARROLLO AGRARIO Y RIEGO,RESOLUCION DIRECTORAL,N° 002-2025-MIDAGRI-DVDAFIR-AGRO RURAL-DE,Designan Jefe de la Sub Unidad de Infraestructura de Producción y Comercialización Agropecuaria de la Unidad de Infraestructura Rural de AGRO RURAL,https://busquedas.elperuano.pe/dispositivo/NL/2359892-1,31/01/2025,,,,,,,,,,,,,,,,,,,,,,,,,,,,,,,,,,,,,,
08/01/2025,2360351-1,DESARROLLO AGRARIO Y RIEGO,RESOLUCION JEFATURAL,N° 001-2025-MIDAGRI-AGROMERCADO/J,Delegan facultades en AGROMERCADO durante el año fiscal 2025,https://busquedas.elperuano.pe/dispositivo/NL/2360351-1,31/01/2025,,,,,,,,,,,,,,,,,,,,,,,,,,,,,,,,,,,,,,
08/01/2025,2359712-1,DESARROLLO E INCLUSIÓN SOCIAL,RESOLUCION,N° D000022-2025-MIDIS/WM-DE,Designan Jefe de la Unidad de Asesoría Jurídica del Programa Nacional de Alimentación Escolar Comunitaria Wasi Mikuna,https://busquedas.elperuano.pe/dispositivo/NL/2359712-1,31/01/2025,,,,,,,,,,,,,,,,,,,,,,,,,,,,,,,,,,,,,,
08/01/2025,2359713-1,DESARROLLO E INCLUSIÓN SOCIAL,RESOLUCION,N° D000001-2025-MIDIS/P65-DE,Delegan facultades y atribuciones en el/la Jefe/a de la Unidad de Administración y en el/la Jefe/a de la Unidad de Recursos Humanos del Programa Nacional de Asistencia Solidaria Pensión 65 durante el año 2025,https://busquedas.elperuano.pe/dispositivo/NL/2359713-1,31/01/2025,,,,,,,,,,,,,,,,,,,,,,,,,,,,,,,,,,,,,,
08/01/2025,2359893-1,DESARROLLO E INCLUSIÓN SOCIAL,RESOLUCION MINISTERIAL,N° D000008-2025-MIDIS,Designan Jefa de la Oficina General de Planeamiento Presupuesto y Modernización del Ministerio,https://busquedas.elperuano.pe/dispositivo/NL/2359893-1,31/01/2025,,,,,,,,,,,,,,,,,,,,,,,,,,,,,,,,,,,,,,
08/01/2025,2359767-1,EDUCACION,RESOLUCION DIRECTORAL,N° 000009-2025-MINEDU-VMGI-PRONIED-DE,Designan Director de Sistema Administrativo III de la Oficina de Asesoría Jurídica del Programa Nacional de Infraestructura Educativa,https://busquedas.elperuano.pe/dispositivo/NL/2359767-1,31/01/2025,,,,,,,,,,,,,,,,,,,,,,,,,,,,,,,,,,,,,,
08/01/2025,2359769-1,EDUCACION,RESOLUCION DIRECTORAL,N° 000011-2025-MINEDU-VMGI-PRONIED-DE,Designan Directora de Sistema Administrativo III de la Oficina de Tecnologías de la Información del Programa Nacional de Infraestructura Educativa,https://busquedas.elperuano.pe/dispositivo/NL/2359769-1,31/01/2025,,,,,,,,,,,,,,,,,,,,,,,,,,,,,,,,,,,,,,
08/01/2025,2359401-1,PRODUCE,FE DE ERRATA,R.D. N° 033-2024-INACAL/DN,FE DE ERRATA,https://busquedas.elperuano.pe/dispositivo/NL/2359401-1,31/01/2025,,,,,,,,,,,,,,,,,,,,,,,,,,,,,,,,,,,,,,
08/01/2025,2358655-1,PRODUCE,RESOLUCION DIRECTORAL,N° 036-2024-INACAL/DN,Aprueban Normas Técnicas Peruanas referentes a almidones féculas y productos derivados bebidas no alcohólicas leguminosas y productos derivados frutas amazónicas café y otros,https://busquedas.elperuano.pe/dispositivo/NL/2358655-1,31/01/2025,,,,,,,,,,,,,,,,,,,,,,,,,,,,,,,,,,,,,,
08/01/2025,2359907-1,PRODUCE,RESOLUCION JEFATURAL,N° 000003-2025-FONDEPES/J,Designan Directora de la Dirección General de Inversión Pesquera Artesanal y Acuícola del FONDEPES,https://busquedas.elperuano.pe/dispositivo/NL/2359907-1,31/01/2025,,,,,,,,,,,,,,,,,,,,,,,,,,,,,,,,,,,,,,
08/01/2025,2359897-1,SALUD,RESOLUCION MINISTERIAL,N° 005-2025/MINSA,Designan Ejecutiva Adjunta I de la Dirección General de Gestión del Riesgo de Desastres y Defensa Nacional en Salud,https://busquedas.elperuano.pe/dispositivo/NL/2359897-1,31/01/2025,,,,,,,,,,,,,,,,,,,,,,,,,,,,,,,,,,,,,,
08/01/2025,2359898-1,SALUD,RESOLUCION MINISTERIAL,N° 007-2025/MINSA,Designan Ejecutiva Adjunta I de la Dirección General de Gestión del Riesgo de Desastres y Defensa Nacional en Salud,https://busquedas.elperuano.pe/dispositivo/NL/2359898-1,31/01/2025,,,,,,,,,,,,,,,,,,,,,,,,,,,,,,,,,,,,,,
08/01/2025,2359746-1,TRABAJO Y PROMOCION DEL EMPLEO,RESOLUCION MINISTERIAL,N° 003-2025-TR,Crean Grupo de Trabajo denominado Mesa de Trabajo para promover el trabajo decente y abordar la formalización laboral en las cadenas de suministro de la actividad agrícola de exportación,https://busquedas.elperuano.pe/dispositivo/NL/2359746-1,31/01/2025,,,,,,,,,,,,,,,,,,,,,,,,,,,,,,,,,,,,,,
08/01/2025,2355782-1,TRANSPORTES Y COMUNICACIONES,RESOLUCION DIRECTORAL,N° 0706-2024-MTC/17.03,Renuevan a la empresa Inspecciones Vehiculares Técnicas Perú S.A.C. la autorización como Centro de Inspección Técnica Vehicular Fijo en local ubicado en el distrito de San Antonio provincia de Huarochirí y departamento de Lima,https://busquedas.elperuano.pe/dispositivo/NL/2355782-1,31/01/2025,,,,,,,,,,,,,,,,,,,,,,,,,,,,,,,,,,,,,,
08/01/2025,2359841-1,CENTRAL DE COMPRAS PÚBLICAS,RESOLUCION JEFATURAL,N° 000001-2025-PERÚ COMPRAS-JEFATURA,Delegan facultades en diversos funcionarios de la Central de Compras Públicas – PERÚ COMPRAS durante el Año Fiscal 2025,https://busquedas.elperuano.pe/dispositivo/NL/2359841-1,31/01/2025,,,,,,,,,,,,,,,,,,,,,,,,,,,,,,,,,,,,,,
08/01/2025,2359054-1,INSTITUTO NACIONAL DE RADIO Y TELEVISIÓN DEL PERÚ,FE DE ERRATA,Res. N° 000103-2024-IRTP-PE,FE DE ERRATA,https://busquedas.elperuano.pe/dispositivo/NL/2359054-1,31/01/2025,,,,,,,,,,,,,,,,,,,,,,,,,,,,,,,,,,,,,,
08/01/2025,2359896-1,INSTITUTO NACIONAL PENITENCIARIO,RESOLUCION,N° 006-2025-INPE/P,Delegan facultades en el Instituto Nacional Penitenciario durante el Año Fiscal 2025,https://busquedas.elperuano.pe/dispositivo/NL/2359896-1,31/01/2025,,,,,,,,,,,,,,,,,,,,,,,,,,,,,,,,,,,,,,
08/01/2025,2359551-1,ORGANISMO DE SUPERVISION DE LOS RECURSOS FORESTALES Y DE FAUNA SILVESTRE,RESOLUCION JEFATURAL,N° 00001-2025-OSINFOR/01.1,Delegan facultades en diversos órganos del Organismo de Supervisión de los Recursos Forestales y de Fauna Silvestre – OSINFOR durante el Año Fiscal 2025,https://busquedas.elperuano.pe/dispositivo/NL/2359551-1,31/01/2025,,,,,,,,,,,,,,,,,,,,,,,,,,,,,,,,,,,,,,
08/01/2025,2359923-1,PROCURADURÍA GENERAL DEL ESTADO,RESOLUCION,N° D000009-2025-JUS/PGE-PG,Delegan facultades a determinados funcionarios y servidores,https://busquedas.elperuano.pe/dispositivo/NL/2359923-1,31/01/2025,,,,,,,,,,,,,,,,,,,,,,,,,,,,,,,,,,,,,,
08/01/2025,2360212-1,SERVICIO NACIONAL DE AREAS NATURALES PROTEGIDAS POR EL ESTADO,RESOLUCION,N° 000003-2025-SERNANP/J-SGD,Delegan facultades en el Servicio Nacional de Áreas Naturales Protegidas por el Estado – SERNANP para el año fiscal 2025,https://busquedas.elperuano.pe/dispositivo/NL/2360212-1,31/01/2025,,,,,,,,,,,,,,,,,,,,,,,,,,,,,,,,,,,,,,
08/01/2025,2359741-1,SERVICIO NACIONAL DE CERTIFICACIÓN AMBIENTAL PARA LAS INVERSIONES SOSTENIBLES,RESOLUCION,N° 00004-2025-SENACE/PE,Delegan facultades en diversos servidores del Senace para el Año Fiscal 2025,https://busquedas.elperuano.pe/dispositivo/NL/2359741-1,31/01/2025,,,,,,,,,,,,,,,,,,,,,,,,,,,,,,,,,,,,,,
08/01/2025,2359233-1,SUPERINTENDENCIA NACIONAL DE ADUANAS Y DE ADMINISTRACIÓN TRIBUTARIA,RESOLUCION,N° 000001-2025/SUNAT,Resolución de Superintendencia que excluye contribuyentes del Sistema de Embargo por Medios Telemáticos ante Grandes Compradores (SEMT-GC) y del Sistema Desarrollado por la SUNAT para el cumplimiento de los proveedores de las entidades del Estado (SDS) e incorpora un contribuyente al Sistema de Embargo por Medios Telemáticos ante las Empresas Adquirentes (SEMT-ATC),https://busquedas.elperuano.pe/dispositivo/NL/2359233-1,31/01/2025,,,,,,,,,,,,,,,,,,,,,,,,,,,,,,,,,,,,,,
08/01/2025,2359839-1,SUPERINTENDENCIA NACIONAL DE ADUANAS Y DE ADMINISTRACIÓN TRIBUTARIA,RESOLUCION,N° 000005-2025/SUNAT,Modifican la relación de Puestos de Control Obligatorios de Bienes Fiscalizados que pueden ser utilizados en la elaboración de drogas ilícitas,https://busquedas.elperuano.pe/dispositivo/NL/2359839-1,31/01/2025,,,,,,,,,,,,,,,,,,,,,,,,,,,,,,,,,,,,,,
08/01/2025,2359880-1,SUPERINTENDENCIA NACIONAL DE FISCALIZACIÓN LABORAL,RESOLUCION,N° 000006-2025-SUNAFIL,Designan Intendente Regional de la Intendencia Regional de Ucayali de la SUNAFIL,https://busquedas.elperuano.pe/dispositivo/NL/2359880-1,31/01/2025,,,,,,,,,,,,,,,,,,,,,,,,,,,,,,,,,,,,,,
08/01/2025,2359883-1,MINISTERIO PUBLICO,RESOLUCION,N° 017-2025-MP-FN,Designan fiscal adjunto en el 5° Despacho Provincial Penal de la Tercera Fiscalía Corporativa Penal de Cercado de Lima-Breña-Rímac-Jesús María y nombran fiscal adjunto provincial provisional del Distrito Fiscal de Lima Centro,https://busquedas.elperuano.pe/dispositivo/NL/2359883-1,31/01/2025,,,,,,,,,,,,,,,,,,,,,,,,,,,,,,,,,,,,,,
08/01/2025,2359884-1,MINISTERIO PUBLICO,RESOLUCION,N° 018-2025-MP-FN,Nombran fiscal adjunta provincial provisional del Distrito Fiscal de Piura,https://busquedas.elperuano.pe/dispositivo/NL/2359884-1,31/01/2025,,,,,,,,,,,,,,,,,,,,,,,,,,,,,,,,,,,,,,
08/01/2025,2359885-1,MINISTERIO PUBLICO,RESOLUCION,N° 019-2025-MP-FN,Nombran fiscal adjunta provincial provisional del Distrito Fiscal de Lima Centro,https://busquedas.elperuano.pe/dispositivo/NL/2359885-1,31/01/2025,,,,,,,,,,,,,,,,,,,,,,,,,,,,,,,,,,,,,,
08/01/2025,2359886-1,MINISTERIO PUBLICO,RESOLUCION,N° 020-2025-MP-FN,Designan fiscales en el Distrito Fiscal Del Santa,https://busquedas.elperuano.pe/dispositivo/NL/2359886-1,31/01/2025,,,,,,,,,,,,,,,,,,,,,,,,,,,,,,,,,,,,,,
08/01/2025,2359889-1,MINISTERIO PUBLICO,RESOLUCION,N° 021-2025-MP-FN,Designan fiscales en los Distritos Fiscales de Moquegua y Loreto,https://busquedas.elperuano.pe/dispositivo/NL/2359889-1,31/01/2025,,,,,,,,,,,,,,,,,,,,,,,,,,,,,,,,,,,,,,
08/01/2025,2359891-1,MINISTERIO PUBLICO,RESOLUCION,N° 022-2025-MP-FN,Designan fiscal en el Distrito Fiscal de Lima Centro,https://busquedas.elperuano.pe/dispositivo/NL/2359891-1,31/01/2025,,,,,,,,,,,,,,,,,,,,,,,,,,,,,,,,,,,,,,
08/01/2025,2335531-1,GOBIERNO REGIONAL DE UCAYALI,ORDENANZA,N° 008-2024-GRU-CR,Derogan la Ordenanza Regional N° 008-2019-GRU-CR que aprobó el Plan Departamental de permiso especial para el ejercicio de la actividad de explotación de minería no metálica por un periodo de 9 meses,https://busquedas.elperuano.pe/dispositivo/NL/2335531-1,31/01/2025,,,,,,,,,,,,,,,,,,,,,,,,,,,,,,,,,,,,,,
08/01/2025,2358766-1,MUNICIPALIDAD DE PUNTA HERMOSA,RESOLUCION DE ALCALDIA,N° 152-2024-MDPH,Designan Ejecutor Coactivo de la Municipalidad Distrital de Punta Hermosa,https://epdoc2.elperuano.pe/EpPo/VistaDE.asp?Referencias=MjM1ODc2Ni0xMjAyNTAxMDg=,31/01/2025,,,,,,,,,,,,,,,,,,,,,,,,,,,,,,,,,,,,,,
07/01/2025,2359887-1,CONGRESO DE LA REPUBLICA,LEY,N° 32226,Ley que declara de interés nacional y necesidad pública la creación de la Autoridad Multisectorial para Combatir la Minería Ilegal y los Delitos Conexos y Promover el Desarrollo Socioeconómico de las Regiones Afectadas (AMCOMI),https://busquedas.elperuano.pe/dispositivo/NL/2359887-1,31/01/2025,,,,,,,,,,,,,,,,,,,,,,,,,,,,,,,,,,,,,,
07/01/2025,2359887-2,CONGRESO DE LA REPUBLICA,LEY,N° 32227,Ley que declara de interés nacional la transferencia a modo gratuito del terreno ubicado en el sector El Tablazo zona Alta distrito La Huaca provincia de Paita departamento de Piura a favor de la Mancomunidad Municipal Simón Rodríguez,https://busquedas.elperuano.pe/dispositivo/NL/2359887-2,31/01/2025,,,,,,,,,,,,,,,,,,,,,,,,,,,,,,,,,,,,,,
07/01/2025,2359901-1,PRESIDENCIA DEL CONSEJO DE MINISTROS,RESOLUCION SUPREMA,N° 001-2025-PCM,Autorizan viaje del Ministro de Relaciones Exteriores a Panamá y encargan su Despacho al Presidente del Consejo de Ministros,https://busquedas.elperuano.pe/dispositivo/NL/2359901-1,31/01/2025,,,,,,,,,,,,,,,,,,,,,,,,,,,,,,,,,,,,,,
07/01/2025,2359539-1,AMBIENTE,RESOLUCION MINISTERIAL,N° 00003-2025-MINAM,Designan Jefe de Gabinete de Asesores del Ministerio,https://busquedas.elperuano.pe/dispositivo/NL/2359539-1,31/01/2025,,,,,,,,,,,,,,,,,,,,,,,,,,,,,,,,,,,,,,
07/01/2025,2359615-1,CULTURA,RESOLUCION MINISTERIAL,N° 000002-2025-MC,Designan Asesor II de la Secretaría General del Ministerio de Cultura,https://busquedas.elperuano.pe/dispositivo/NL/2359615-1,31/01/2025,,,,,,,,,,,,,,,,,,,,,,,,,,,,,,,,,,,,,,
07/01/2025,2359270-1,DESARROLLO AGRARIO Y RIEGO,RESOLUCION MINISTERIAL,N° 0002-2025-MIDAGRI,Disponen la publicación de los proyectos del documento denominado Lineamientos para la elaboración y evaluación de Estudios Ambientales e Instrumentos de Gestión Ambiental Complementarios con enfoque colectivo y de la Resolución Ministerial que lo aprueba en la sede digital del Ministerio,https://busquedas.elperuano.pe/dispositivo/NL/2359270-1,31/01/2025,,,,,,,,,,,,,,,,,,,,,,,,,,,,,,,,,,,,,,
07/01/2025,2359344-1,DESARROLLO E INCLUSIÓN SOCIAL,RESOLUCION,N° D000018-2025-MIDIS/WM-DE,Delegan diversas facultades y atribuciones en el cargo de Jefe de la Unidad de Recursos Humanos del Programa Nacional de Alimentación Escolar Comunitaria Wasi Mikuna durante el Año Fiscal 2025,https://busquedas.elperuano.pe/dispositivo/NL/2359344-1,31/01/2025,,,,,,,,,,,,,,,,,,,,,,,,,,,,,,,,,,,,,,
07/01/2025,2359457-1,DESARROLLO E INCLUSIÓN SOCIAL,RESOLUCION,N° D000020-2025-MIDIS/WM-DE,Designan Jefe de la Unidad de Comunicación e Imagen del Programa Nacional de Alimentación Escolar Comunitaria Wasi Mikuna,https://busquedas.elperuano.pe/dispositivo/NL/2359457-1,31/01/2025,,,,,,,,,,,,,,,,,,,,,,,,,,,,,,,,,,,,,,
07/01/2025,2359259-1,ECONOMIA Y FINANZAS,RESOLUCION VICE MINISTERIAL,N° 001-2025-EF/15.01,Fijan índices de corrección monetaria para efectos de determinar el costo computable de los inmuebles enajenados por personas naturales sucesiones indivisas o sociedades conyugales que optaron por tributar como tales,https://busquedas.elperuano.pe/dispositivo/NL/2359259-1,31/01/2025,,,,,,,,,,,,,,,,,,,,,,,,,,,,,,,,,,,,,,
07/01/2025,2359764-1,EDUCACION,RESOLUCION MINISTERIAL,N° 003-2025-MINEDU,Aprueban relación de intervenciones y acciones pedagógicas y la Norma Técnica denominada Disposiciones para la implementación de las intervenciones y acciones pedagógicas del Ministerio de Educación en los Gobiernos Regionales Gobiernos Locales y Lima Metropolitana en el Año Fiscal 2025,https://busquedas.elperuano.pe/dispositivo/NL/2359764-1,31/01/2025,,,,,,,,,,,,,,,,,,,,,,,,,,,,,,,,,,,,,,
07/01/2025,2359241-1,INTERIOR,RESOLUCION DIRECTORAL,N° 003-2025-IN-VOI-DGIN,Designan Subprefectos Distritales en diversas provincias de los departamentos de Piura Puno Amazonas y Cajamarca,https://busquedas.elperuano.pe/dispositivo/NL/2359241-1,31/01/2025,,,,,,,,,,,,,,,,,,,,,,,,,,,,,,,,,,,,,,
07/01/2025,2359213-1,INTERIOR,RESOLUCION MINISTERIAL,N° 0003-2025-IN,Designan Vocal del Tribunal de Disciplina Policial,https://busquedas.elperuano.pe/dispositivo/NL/2359213-1,31/01/2025,,,,,,,,,,,,,,,,,,,,,,,,,,,,,,,,,,,,,,
07/01/2025,2359592-1,JUSTICIA Y DERECHOS HUMANOS,RESOLUCION MINISTERIAL,N° 0004-2025-JUS,Designan Trabajador en Servicios III del Despacho Ministerial del Ministerio de Justicia y Derechos Humanos,https://busquedas.elperuano.pe/dispositivo/NL/2359592-1,31/01/2025,,,,,,,,,,,,,,,,,,,,,,,,,,,,,,,,,,,,,,
07/01/2025,2359508-1,PRODUCE,RESOLUCION MINISTERIAL,N° 000003-2025-PRODUCE,Modifican la Resolución Ministerial N° 000317-2023-PRODUCE,https://busquedas.elperuano.pe/dispositivo/NL/2359508-1,31/01/2025,,,,,,,,,,,,,,,,,,,,,,,,,,,,,,,,,,,,,,
07/01/2025,2359538-1,RELACIONES EXTERIORES,RESOLUCION MINISTERIAL,N° 0002-2025-RE,Autorizan viaje de funcionarios diplomáticos a República de Panamá en comisión de servicios,https://busquedas.elperuano.pe/dispositivo/NL/2359538-1,31/01/2025,,,,,,,,,,,,,,,,,,,,,,,,,,,,,,,,,,,,,,
07/01/2025,2359830-1,RELACIONES EXTERIORES,RESOLUCION MINISTERIAL,N° 0003-2025-RE,Autorizan viaje de personal de la Dirección de Asuntos Antárticos a Chile y al continente Antártico en comisión de servicios,https://busquedas.elperuano.pe/dispositivo/NL/2359830-1,31/01/2025,,,,,,,,,,,,,,,,,,,,,,,,,,,,,,,,,,,,,,
07/01/2025,2359187-1,"SUPERINTENDENCIA DE TRANSPORTE TERRESTRE DE PERSONAS, CARGA Y MERCANCIAS",RESOLUCION,N° D000003-2025-SUTRAN-SP,Delegan facultades en diversos funcionarios de la SUTRAN durante el ejercicio presupuestal 2025,https://busquedas.elperuano.pe/dispositivo/NL/2359187-1,31/01/2025,,,,,,,,,,,,,,,,,,,,,,,,,,,,,,,,,,,,,,
07/01/2025,2359621-1,AUTORIDAD NACIONAL DEL AGUA,RESOLUCION JEFATURAL,N° 0002-2025-ANA,Delegan diversas facultades en funcionarios de la Autoridad Nacional del Agua durante el Año Fiscal 2025,https://busquedas.elperuano.pe/dispositivo/NL/2359621-1,31/01/2025,,,,,,,,,,,,,,,,,,,,,,,,,,,,,,,,,,,,,,
07/01/2025,2359566-1,AUTORIDAD NACIONAL DEL SERVICIO CIVIL,RESOLUCION,N° 000003-2025-SERVIR-PE,Delegan determinadas funciones en servidores civiles para el Año Fiscal 2025,https://busquedas.elperuano.pe/dispositivo/NL/2359566-1,31/01/2025,,,,,,,,,,,,,,,,,,,,,,,,,,,,,,,,,,,,,,
07/01/2025,2359533-1,AUTORIDAD NACIONAL DEL SERVICIO CIVIL,RESOLUCION,N° 000001-2025-SERVIR-GG,Delegan facultades en el Jefe de la Oficina General de Administración y Finanzas y en el Jefe de la Oficina de Recursos Humanos de SERVIR para el Año Fiscal 2025,https://busquedas.elperuano.pe/dispositivo/NL/2359533-1,31/01/2025,,,,,,,,,,,,,,,,,,,,,,,,,,,,,,,,,,,,,,
07/01/2025,2359263-1,CONSEJO EJECUTIVO DEL PODER JUDICIAL,RESOLUCION ADMINISTRATIVA,N° 000002-2025-CE-PJ,Designan Gerente General del Poder Judicial,https://busquedas.elperuano.pe/dispositivo/NL/2359263-1,31/01/2025,,,,,,,,,,,,,,,,,,,,,,,,,,,,,,,,,,,,,,
07/01/2025,2359418-1,CONSEJO EJECUTIVO DEL PODER JUDICIAL,RESOLUCION ADMINISTRATIVA,N° 000462-2024-CE-PJ,Aprueban la Directiva N° 011-2024-CE-PJ denominada Licencias y permisos otorgadas a jueces del Poder Judicial – Versión 001,https://busquedas.elperuano.pe/dispositivo/NL/2359418-1,31/01/2025,,,,,,,,,,,,,,,,,,,,,,,,,,,,,,,,,,,,,,
07/01/2025,2359384-1,CONSEJO EJECUTIVO DEL PODER JUDICIAL,RESOLUCION ADMINISTRATIVA,N° 000458-2024-CE-PJ,Crean el Juzgado de Paz del Centro Poblado Pumachuco en el Distrito Judicial de Apurímac,https://busquedas.elperuano.pe/dispositivo/NL/2359384-1,31/01/2025,,,,,,,,,,,,,,,,,,,,,,,,,,,,,,,,,,,,,,
07/01/2025,2359385-1,CONSEJO EJECUTIVO DEL PODER JUDICIAL,RESOLUCION ADMINISTRATIVA,N° 000456-2024-CE-PJ,Aceptan declinación y designan Juez Superior provisional de la Corte Superior Nacional de Justicia Penal Especializada,https://busquedas.elperuano.pe/dispositivo/NL/2359385-1,31/01/2025,,,,,,,,,,,,,,,,,,,,,,,,,,,,,,,,,,,,,,
07/01/2025,2359387-1,CONSEJO EJECUTIVO DEL PODER JUDICIAL,RESOLUCION ADMINISTRATIVA,N° 000457-2024-CE-PJ,Crean el Juzgado de Paz del Centro Poblado Mariscal Castilla de Pampahuite con competencia territorial en el Centro Poblado Mariscal Castilla de Pampahuite (sede) y en los Anexos Ahuaytani Chuchauccasa Tambo y Payquiste distrito de Huayllati provincia de Grau departamento y Distrito Judicial de Apurímac,https://busquedas.elperuano.pe/dispositivo/NL/2359387-1,31/01/2025,,,,,,,,,,,,,,,,,,,,,,,,,,,,,,,,,,,,,,
07/01/2025,2359392-1,CONSEJO EJECUTIVO DEL PODER JUDICIAL,RESOLUCION ADMINISTRATIVA,N° 000459-2024-CE-PJ,Crean el Juzgado de Paz del Centro Poblado Tancayllo con competencia territorial en el Centro Poblado Tancayllo (sede) y en los Anexos de Montevideo Chachaspucro Lomas Llamara Abancay Pampachacra y Cabracancha distrito de Uranmarca provincia de Chincheros departamento y Distrito Judicial de Apurímac,https://busquedas.elperuano.pe/dispositivo/NL/2359392-1,31/01/2025,,,,,,,,,,,,,,,,,,,,,,,,,,,,,,,,,,,,,,
07/01/2025,2359258-1,CONSEJO EJECUTIVO DEL PODER JUDICIAL,RESOLUCION ADMINISTRATIVA,N° 000001-2025-CE-PJ,Dan por concluida designación de Gerente General del Poder Judicial,https://busquedas.elperuano.pe/dispositivo/NL/2359258-1,31/01/2025,,,,,,,,,,,,,,,,,,,,,,,,,,,,,,,,,,,,,,
07/01/2025,2359408-1,CONTRALORIA GENERAL DE LA REPUBLICA,RESOLUCION,N° 004-2025-CG,Designan Jefa del Órgano de Control Institucional del Organismo de Evaluación y Fiscalización Ambiental,https://busquedas.elperuano.pe/dispositivo/NL/2359408-1,31/01/2025,,,,,,,,,,,,,,,,,,,,,,,,,,,,,,,,,,,,,,
07/01/2025,2359409-1,GOBIERNO REGIONAL DE AREQUIPA,RESOLUCION,N° 768-2024-GRA/GR,Modifican el Presupuesto Institucional del Pliego 443 Gobierno Regional del Departamento de Arequipa aprobado en la Ley N° 31953 Ley de Presupuesto del Sector Público para el Año Fiscal 2024,https://busquedas.elperuano.pe/dispositivo/NL/2359409-1,31/01/2025,,,,,,,,,,,,,,,,,,,,,,,,,,,,,,,,,,,,,,
07/01/2025,2359319-1,MUNICIPALIDAD DE BARRANCO,Fe de Erratas,Ordenanza N° 649-2024-MDB,.,https://epdoc2.elperuano.pe/EpPo/VistaDE.asp?Referencias=MjM1OTMxOS0xMjAyNTAxMDc=,31/01/2025,,,,,,,,,,,,,,,,,,,,,,,,,,,,,,,,,,,,,,
07/01/2025,2358838-1,MUNICIPALIDAD DE PUNTA HERMOSA,RESOLUCION DE ALCALDIA,N° 001-2025-MDPH,Aprueban modificación del Texto Único de Servicios No Exclusivos -TUSNE - de la Municipalidad Distrital de Punta Hermosa,https://epdoc2.elperuano.pe/EpPo/VistaDE.asp?Referencias=MjM1ODgzOC0xMjAyNTAxMDc=,31/01/2025,,,,,,,,,,,,,,,,,,,,,,,,,,,,,,,,,,,,,,
06/01/2025,2359172-1,DESARROLLO AGRARIO Y RIEGO,RESOLUCION,N° D000003-2025-MIDAGRI-SERFOR-DE,Designan Directora de la Oficina de Tesorería de la Oficina General de Administración del SERFOR,https://busquedas.elperuano.pe/dispositivo/NL/2359172-1,31/01/2025,,,,,,,,,,,,,,,,,,,,,,,,,,,,,,,,,,,,,,
06/01/2025,2359164-1,DESARROLLO E INCLUSIÓN SOCIAL,RESOLUCION,N° D000001-2025-MIDIS/PNPDS-DE,Delegan diversas facultades en funcionarios del Programa CONTIGO,https://busquedas.elperuano.pe/dispositivo/NL/2359164-1,31/01/2025,,,,,,,,,,,,,,,,,,,,,,,,,,,,,,,,,,,,,,
06/01/2025,2359168-1,DESARROLLO E INCLUSIÓN SOCIAL,RESOLUCION,N° D000011-2025-MIDIS/WM-DE,Designan Jefe de la Unidad de Gestión de Contrataciones y Transferencia de Recursos del Programa Nacional de Alimentación Escolar Comunitaria Wasi Mikuna,https://busquedas.elperuano.pe/dispositivo/NL/2359168-1,31/01/2025,,,,,,,,,,,,,,,,,,,,,,,,,,,,,,,,,,,,,,
06/01/2025,2359169-1,DESARROLLO E INCLUSIÓN SOCIAL,RESOLUCION,N° D000012-2025-MIDIS/WM-DE,Designan Coordinador de la Coordinación de Abastecimiento y Servicios Generales de la Unidad de Administración del Programa Nacional de Alimentación Escolar Comunitaria Wasi Mikuna,https://busquedas.elperuano.pe/dispositivo/NL/2359169-1,31/01/2025,,,,,,,,,,,,,,,,,,,,,,,,,,,,,,,,,,,,,,
06/01/2025,2359114-1,JUSTICIA Y DERECHOS HUMANOS,RESOLUCION MINISTERIAL,N° 0002-2025-JUS,Nombran Notario del distrito de Cocachacra provincia de Islay departamento de Arequipa Distrito Notarial de Arequipa,https://busquedas.elperuano.pe/dispositivo/NL/2359114-1,31/01/2025,,,,,,,,,,,,,,,,,,,,,,,,,,,,,,,,,,,,,,
06/01/2025,2359122-1,JUSTICIA Y DERECHOS HUMANOS,RESOLUCION MINISTERIAL,N° 0003-2025-JUS,Nombran Notario del distrito de Arequipa provincia y departamento de Arequipa Distrito Notarial de Arequipa,https://busquedas.elperuano.pe/dispositivo/NL/2359122-1,31/01/2025,,,,,,,,,,,,,,,,,,,,,,,,,,,,,,,,,,,,,,
06/01/2025,2359534-1,MUJER Y POBLACIONES VULNERABLES,RESOLUCION,N° D000001-2025-CONADIS-PRE,Delegan facultades en diversos funcionarios del Consejo Nacional para la Integración de la Persona con Discapacidad durante el Año Fiscal 2025,https://busquedas.elperuano.pe/dispositivo/NL/2359534-1,31/01/2025,,,,,,,,,,,,,,,,,,,,,,,,,,,,,,,,,,,,,,
06/01/2025,2358602-1,PRODUCE,RESOLUCION DIRECTORAL,N° 034-2024-INACAL/DN,Dejan sin efecto 6 Normas Técnicas Peruanas sobre medición de flujo de agua en conductos cerrados cuero sistema de gestión de la inocuidad de los alimentos y otros,https://busquedas.elperuano.pe/dispositivo/NL/2358602-1,31/01/2025,,,,,,,,,,,,,,,,,,,,,,,,,,,,,,,,,,,,,,
06/01/2025,2358652-1,PRODUCE,RESOLUCION DIRECTORAL,N° 035-2024-INACAL/DN,Aprueban Normas Técnicas Peruanas y textos afines sobre tubo de acero inoxidable para agujas vehículos de carretera y otros,https://busquedas.elperuano.pe/dispositivo/NL/2358652-1,31/01/2025,,,,,,,,,,,,,,,,,,,,,,,,,,,,,,,,,,,,,,
06/01/2025,2359535-1,SALUD,RESOLUCION MINISTERIAL,N° 002-2025/MINSA,Delegan facultades en el Ministerio de Salud durante el Año Fiscal 2025,https://busquedas.elperuano.pe/dispositivo/NL/2359535-1,31/01/2025,,,,,,,,,,,,,,,,,,,,,,,,,,,,,,,,,,,,,,
06/01/2025,2359020-1,TRABAJO Y PROMOCION DEL EMPLEO,RESOLUCION MINISTERIAL,N° 212-2024-TR,Designan Directora Ejecutiva del Programa Nacional de Empleo Jóvenes Productivos,https://busquedas.elperuano.pe/dispositivo/NL/2359020-1,31/01/2025,,,,,,,,,,,,,,,,,,,,,,,,,,,,,,,,,,,,,,
06/01/2025,2359167-1,BIBLIOTECA NACIONAL DEL PERU,RESOLUCION JEFATURAL,N° 000003-2025-BNP,Designan Jefe de la Oficina de Tecnologías de la Información y Estadística,https://busquedas.elperuano.pe/dispositivo/NL/2359167-1,31/01/2025,,,,,,,,,,,,,,,,,,,,,,,,,,,,,,,,,,,,,,
06/01/2025,2359171-1,BIBLIOTECA NACIONAL DEL PERU,RESOLUCION JEFATURAL,N° 000004-2025-BNP,Designan Coordinadora de Recursos Humanos de la Oficina de Administración,https://busquedas.elperuano.pe/dispositivo/NL/2359171-1,31/01/2025,,,,,,,,,,,,,,,,,,,,,,,,,,,,,,,,,,,,,,
06/01/2025,2359537-1,DESPACHO PRESIDENCIAL,RESOLUCION,N° 000002-2025-DP/SGDP,Modifican la Resolución N° 000014-2024-DP/SGDP en lo referido a delegación de facultades y atribuciones en el Director de la Oficina General de Recursos Humanos,https://busquedas.elperuano.pe/dispositivo/NL/2359537-1,31/01/2025,,,,,,,,,,,,,,,,,,,,,,,,,,,,,,,,,,,,,,
06/01/2025,2359537-2,DESPACHO PRESIDENCIAL,RESOLUCION,N° 000003-2025-DP/SGDP,Designan Secretario de Comunicación Estratégica y Prensa de la Secretaría de Comunicación Estratégica y Prensa del Despacho Presidencial,https://busquedas.elperuano.pe/dispositivo/NL/2359537-2,31/01/2025,,,,,,,,,,,,,,,,,,,,,,,,,,,,,,,,,,,,,,
06/01/2025,2359207-1,ORGANISMO DE FORMALIZACIÓN DE LA PROPIEDAD INFORMAL,RESOLUCION DIRECTORAL,N° D000001-2025-COFOPRI-DE,Designan Coordinadora General del Proyecto de Inversiones Creación del Servicio de Catastro Urbano en Distritos Priorizados de las Provincias de Chiclayo y Lambayeque del Departamento de Lambayeque; la Provincia de Lima del Departamento de Lima y la Provincia de Piura del Departamento de Piura y aprueban otras disposiciones,https://busquedas.elperuano.pe/dispositivo/NL/2359207-1,31/01/2025,,,,,,,,,,,,,,,,,,,,,,,,,,,,,,,,,,,,,,
06/01/2025,2359053-1,ORGANISMO SUPERVISOR DE INVERSION PRIVADA EN TELECOMUNICACIONES,RESOLUCION,N° 00001-2025-PE/OSIPTEL,Designan Jefe de Desarrollo del Talento de la Oficina de Recursos Humanos de OSIPTEL,https://busquedas.elperuano.pe/dispositivo/NL/2359053-1,31/01/2025,,,,,,,,,,,,,,,,,,,,,,,,,,,,,,,,,,,,,,
06/01/2025,2359383-1,AUTORIDAD DE TRANSPORTE URBANO PARA LIMA Y CALLAO,RESOLUCION,N° 008-2025-ATU/PE,Designan Directora de la Dirección de Gestión Comercial de la ATU,https://busquedas.elperuano.pe/dispositivo/NL/2359383-1,31/01/2025,,,,,,,,,,,,,,,,,,,,,,,,,,,,,,,,,,,,,,
06/01/2025,2359199-1,SERVICIO NACIONAL DE AREAS NATURALES PROTEGIDAS POR EL ESTADO,RESOLUCION,N° 000002-2025-SERNANP/J-SGD,Designan Asesor de la Dirección de Gestión de las Áreas Naturales Protegidas del Servicio Nacional de Áreas Naturales Protegidas por el Estado - SERNANP,https://busquedas.elperuano.pe/dispositivo/NL/2359199-1,31/01/2025,,,,,,,,,,,,,,,,,,,,,,,,,,,,,,,,,,,,,,
06/01/2025,2359163-1,SUPERINTENDENCIA NACIONAL DE ADUANAS Y DE ADMINISTRACIÓN TRIBUTARIA,RESOLUCION,N° 000001-2025-SUNAT/800000,Designan Supervisor 1 de la División de Ejecución Contractual de la Gerencia de Gestión de Contrataciones de la Intendencia Nacional de Administración,https://busquedas.elperuano.pe/dispositivo/NL/2359163-1,31/01/2025,,,,,,,,,,,,,,,,,,,,,,,,,,,,,,,,,,,,,,
06/01/2025,2359170-1,SUPERINTENDENCIA NACIONAL DE ADUANAS Y DE ADMINISTRACIÓN TRIBUTARIA,RESOLUCION,N° 000004-2025/SUNAT,Dejan sin efecto designaciones y encargatura y designan en cargos de confianza,https://busquedas.elperuano.pe/dispositivo/NL/2359170-1,31/01/2025,,,,,,,,,,,,,,,,,,,,,,,,,,,,,,,,,,,,,,
06/01/2025,2359128-1,SUPERINTENDENCIA NACIONAL DE MIGRACIONES,RESOLUCION,N° 000003 -2025-MIGRACIONES,Designan Jefe de la Oficina de Administración y Finanzas de MIGRACIONES,https://busquedas.elperuano.pe/dispositivo/NL/2359128-1,31/01/2025,,,,,,,,,,,,,,,,,,,,,,,,,,,,,,,,,,,,,,
06/01/2025,2358607-1,"SUPERINTENDENCIA DE BANCA, SEGUROS Y ADMINISTRADORAS PRIVADAS DE FONDOS DE PENSIONES",RESOLUCION,SBS N° 04414-2024,Autorizan difusión en consulta pública de proyecto normativo que aprueba el nuevo Reglamento para la Negociación y Contabilización de Instrumentos Financieros Derivados en las Empresas del Sistema Financiero,https://busquedas.elperuano.pe/dispositivo/NL/2358607-1,31/01/2025,,,,,,,,,,,,,,,,,,,,,,,,,,,,,,,,,,,,,,
06/01/2025,2358726-1,"SUPERINTENDENCIA DE BANCA, SEGUROS Y ADMINISTRADORAS PRIVADAS DE FONDOS DE PENSIONES",RESOLUCION,SBS N° 00004-2025,Autorizan la difusión en consulta pública de proyecto normativo que aprueba el nuevo Reglamento de Clasificación y Valorización de las Inversiones de las Empresas del Sistema Financiero,https://busquedas.elperuano.pe/dispositivo/NL/2358726-1,31/01/2025,,,,,,,,,,,,,,,,,,,,,,,,,,,,,,,,,,,,,,
06/01/2025,2359440-1,MUNICIPALIDAD DE SAN JUAN DE LURIGANCHO,Acuerdo,N° 062-2024-MDSJL,Autorizan viaje de Regidora de la Municipalidad a la República Dominicana en comisión de servicios,https://epdoc2.elperuano.pe/EpPo/VistaDE.asp?Referencias=MjM1OTQ0MC0xMjAyNTAxMDY=,31/01/2025,,,,,,,,,,,,,,,,,,,,,,,,,,,,,,,,,,,,,,
06/01/2025,2359447-1,MUNICIPALIDAD DE SAN JUAN DE LURIGANCHO,Acuerdo,N° 124-2024-MDSJL,Autorizan viaje de Regidores de la Municipalidad a Argentina en comisión de servicios,https://epdoc2.elperuano.pe/EpPo/VistaDE.asp?Referencias=MjM1OTQ0Ny0xMjAyNTAxMDY=,31/01/2025,,,,,,,,,,,,,,,,,,,,,,,,,,,,,,,,,,,,,,
06/01/2025,2358819-1,MUNICIPALIDAD PROVINCIAL DE URUBAMBA,ACUERDO,N° 080-2024-MPU/C,Autorizan viaje del alcalde a Japón en comisión de servicios,https://busquedas.elperuano.pe/dispositivo/NL/2358819-1,31/01/2025,,,,,,,,,,,,,,,,,,,,,,,,,,,,,,,,,,,,,,
05/01/2025,2358898-1,CULTURA,RESOLUCION VICE MINISTERIAL,N° 000001-2025-VMPCIC/MC,Delegan a funcionario la facultad de determinar la protección provisional de bienes inmuebles prehispánicos que se presumen integrantes del Patrimonio Cultural de la Nación durante el Ejercicio Fiscal 2025,https://busquedas.elperuano.pe/dispositivo/NL/2358898-1,31/01/2025,,,,,,,,,,,,,,,,,,,,,,,,,,,,,,,,,,,,,,
05/01/2025,2358904-1,CULTURA,RESOLUCION VICE MINISTERIAL,N° 000002-2025-VMPCIC/MC,Declaran Patrimonio Cultural de la Nación al Paisaje Arqueológico Puy Puy ubicado en el distrito de Paucar provincia de Daniel Alcides Carrión departamento de Pasco,https://busquedas.elperuano.pe/dispositivo/NL/2358904-1,31/01/2025,,,,,,,,,,,,,,,,,,,,,,,,,,,,,,,,,,,,,,
05/01/2025,2359028-1,DESARROLLO AGRARIO Y RIEGO,RESOLUCION DIRECTORAL,N° D000001-2025-MIDAGRI-SENASA-DSA,Aprueban requisitos sanitarios para la importación de huevos fértiles de gallina pollitos recién nacidos huevos fértiles de patos/patos recién nacidos y pavos recién nacidos/huevos fértiles de pavos con origen o procedentes de los Estados Unidos de América,https://busquedas.elperuano.pe/dispositivo/NL/2359028-1,31/01/2025,,,,,,,,,,,,,,,,,,,,,,,,,,,,,,,,,,,,,,
05/01/2025,2359160-1,DESARROLLO E INCLUSIÓN SOCIAL,RESOLUCION MINISTERIAL,N° D000002-2025-MIDIS,Designan Jefa de la Oficina General de Administración del Ministerio de Desarrollo e Inclusión Social,https://busquedas.elperuano.pe/dispositivo/NL/2359160-1,31/01/2025,,,,,,,,,,,,,,,,,,,,,,,,,,,,,,,,,,,,,,
05/01/2025,2359161-1,DESARROLLO E INCLUSIÓN SOCIAL,RESOLUCION MINISTERIAL,N° D000004-2025-MIDIS,Designan Jefe de la Oficina de Abastecimiento de la Oficina General de Administración del Ministerio de Desarrollo e Inclusión Social,https://busquedas.elperuano.pe/dispositivo/NL/2359161-1,31/01/2025,,,,,,,,,,,,,,,,,,,,,,,,,,,,,,,,,,,,,,
05/01/2025,2359162-1,DESARROLLO E INCLUSIÓN SOCIAL,RESOLUCION MINISTERIAL,N° D000005-2025-MIDIS,Delegan facultades y atribuciones en diversos servidores del Ministerio de Desarrollo e Inclusión Social durante el año 2025,https://busquedas.elperuano.pe/dispositivo/NL/2359162-1,31/01/2025,,,,,,,,,,,,,,,,,,,,,,,,,,,,,,,,,,,,,,
05/01/2025,2359153-1,EDUCACION,RESOLUCION MINISTERIAL,N° 001-2025-MINEDU,Designan Responsables de las Unidades Ejecutoras del Pliego 010: M. de Educación correspondientes al Año Fiscal 2025,https://busquedas.elperuano.pe/dispositivo/NL/2359153-1,31/01/2025,,,,,,,,,,,,,,,,,,,,,,,,,,,,,,,,,,,,,,
05/01/2025,2359159-1,ENERGIA Y MINAS,RESOLUCION MINISTERIAL,N° 002-2025-MINEM/DM,Delegan facultades y atribuciones en diversos funcionarios del Ministerio de Energía y Minas durante el Año Fiscal 2025,https://busquedas.elperuano.pe/dispositivo/NL/2359159-1,31/01/2025,,,,,,,,,,,,,,,,,,,,,,,,,,,,,,,,,,,,,,
05/01/2025,2358834-1,AGENCIA PERUANA DE COOPERACION INTERNACIONAL,RESOLUCION DIRECTORAL,N° 162-2024/APCI-DE,Delegan diversas funciones y atribuciones en el/la Jefe/a de la Oficina General de Administración de la APCI durante el año fiscal 2025,https://busquedas.elperuano.pe/dispositivo/NL/2358834-1,31/01/2025,,,,,,,,,,,,,,,,,,,,,,,,,,,,,,,,,,,,,,
05/01/2025,2358852-1,AGENCIA PERUANA DE COOPERACION INTERNACIONAL,RESOLUCION DIRECTORAL,N° 001-2025/APCI-DE,Aprueban formatos virtuales para la presentación de la Declaración Anual 2024 por parte de las entidades ONGD ENIEX e IPREDA,https://busquedas.elperuano.pe/dispositivo/NL/2358852-1,31/01/2025,,,,,,,,,,,,,,,,,,,,,,,,,,,,,,,,,,,,,,
05/01/2025,2359156-1,OFICINA DE NORMALIZACION PREVISIONAL,RESOLUCION JEFATURAL,N° 000002-2025-JF-ONP,Delegan facultades en diversos funcionarios de la ONP,https://busquedas.elperuano.pe/dispositivo/NL/2359156-1,31/01/2025,,,,,,,,,,,,,,,,,,,,,,,,,,,,,,,,,,,,,,
05/01/2025,2359157-1,SUPERINTENDENCIA NACIONAL DE FISCALIZACIÓN LABORAL,RESOLUCION,N° 000004-2025-SUNAFIL,Delegan diversas facultades y atribuciones en funcionarios de la SUNAFIL durante el Año Fiscal 2025,https://busquedas.elperuano.pe/dispositivo/NL/2359157-1,31/01/2025,,,,,,,,,,,,,,,,,,,,,,,,,,,,,,,,,,,,,,
05/01/2025,2356188-1,INSTITUCIONES EDUCATIVAS,RESOLUCION,N° 0850-2024-R-UNH,Autorizan la reducción del Presupuesto Institucional de la Universidad Nacional de Huancavelica para el año fiscal 2024,https://busquedas.elperuano.pe/dispositivo/NL/2356188-1,31/01/2025,,,,,,,,,,,,,,,,,,,,,,,,,,,,,,,,,,,,,,
05/01/2025,2359151-1,MINISTERIO PUBLICO,RESOLUCION,N° 001-2025-MP-FN,Designan a Fiscal Superior Titular como Coordinadora Nacional de las Fiscalías Especializadas contra la Criminalidad Organizada Jefa de la Oficina de Coordinación y Enlace de las Fiscalías Especializadas en Delitos de Tráfico Ilícito de Drogas entre otras disposiciones,https://busquedas.elperuano.pe/dispositivo/NL/2359151-1,31/01/2025,,,,,,,,,,,,,,,,,,,,,,,,,,,,,,,,,,,,,,
05/01/2025,2359152-1,MINISTERIO PUBLICO,RESOLUCION,N° 004-2025-MP-FN,Proclaman Presidente de la Junta de Fiscales Superiores en el Distrito Fiscal de La Libertad para el período 2025-2026,https://busquedas.elperuano.pe/dispositivo/NL/2359152-1,31/01/2025,,,,,,,,,,,,,,,,,,,,,,,,,,,,,,,,,,,,,,
05/01/2025,2331272-1,GOBIERNO REGIONAL DE UCAYALI,ACUERDO,N° 124-2024-GRU-CR,Dejan sin efecto Acuerdos Regionales que autorizaron transferencias financieras a favor de la Universidad Nacional de Ucayali y del Ministerio de Defensa – Fuerza Aérea del Perú – Comando de Operaciones Ala Aérea N° 4,https://busquedas.elperuano.pe/dispositivo/NL/2331272-1,31/01/2025,,,,,,,,,,,,,,,,,,,,,,,,,,,,,,,,,,,,,,
05/01/2025,2332620-1,GOBIERNO REGIONAL DE UCAYALI,ORDENANZA,N° 006-2024-GRU-CR,Declaran de interés público regional La lucha contra el contrabando y la piratería y promueve su difusión dentro de la Región Ucayali,https://busquedas.elperuano.pe/dispositivo/NL/2332620-1,31/01/2025,,,,,,,,,,,,,,,,,,,,,,,,,,,,,,,,,,,,,,
05/01/2025,2336717-1,GOBIERNO REGIONAL DE UCAYALI,ORDENANZA,N° 011-2024-GRU-CR,Aprueban el Plan multisectorial para la prevención y reducción de la anemia materno infantil en el departamento de Ucayali 2024-2030,https://busquedas.elperuano.pe/dispositivo/NL/2336717-1,31/01/2025,,,,,,,,,,,,,,,,,,,,,,,,,,,,,,,,,,,,,,
05/01/2025,2337598-1,GOBIERNO REGIONAL DE UCAYALI,ORDENANZA,N° 009- 2024-GRU-CR,Declaran como prioridad en la Región Ucayali la institucionalización de la Política Regional Multisectorial de Atención Integral a las Niñas Niños y Adolescentes y crea el Sistema Regional de Atención Integral a las Niñas Niños y Adolescentes - SIREAINNA,https://busquedas.elperuano.pe/dispositivo/NL/2337598-1,31/01/2025,,,,,,,,,,,,,,,,,,,,,,,,,,,,,,,,,,,,,,
05/01/2025,2343244-1,GOBIERNO REGIONAL DE UCAYALI,ORDENANZA,N° 012-2024-GRU-CR,Conforman la Comisión regional para la lucha contra el trabajo forzoso de la región de Ucayali,https://busquedas.elperuano.pe/dispositivo/NL/2343244-1,31/01/2025,,,,,,,,,,,,,,,,,,,,,,,,,,,,,,,,,,,,,,
05/01/2025,2345808-1,GOBIERNO REGIONAL DE UCAYALI,ORDENANZA,N° 013-2024-GRU-CR,Aprueban la Estrategia Regional de Cambio Climático de Ucayali al 2030- (ERCCU AL 2030) del Gobierno Regional de Ucayali,https://busquedas.elperuano.pe/dispositivo/NL/2345808-1,31/01/2025,,,,,,,,,,,,,,,,,,,,,,,,,,,,,,,,,,,,,,
05/01/2025,2359036-1,MUNICIPALIDAD METROPOLITANA DE LIMA,ORDENANZA,N° 2689,Ordenanza que modifica el Reglamento de Organización y Funciones (ROF) de la Municipalidad Metropolitana de Lima,https://busquedas.elperuano.pe/dispositivo/NL/2359036-1,31/01/2025,,,,,,,,,,,,,,,,,,,,,,,,,,,,,,,,,,,,,,
05/01/2025,2359154-1,MUNICIPALIDAD DE SANTA ANITA,ORDENANZA,N° 00364/MDSA,Ordenanza que establece régimen de incentivos por pronto pago 2025 y fechas de vencimiento 2025,https://busquedas.elperuano.pe/dispositivo/NL/2359154-1,31/01/2025,,,,,,,,,,,,,,,,,,,,,,,,,,,,,,,,,,,,,,
04/01/2025,2359147-1,PRESIDENCIA DEL CONSEJO DE MINISTROS,DECRETO SUPREMO,N° 001-2025-PCM,Decreto Supremo que prorroga el Estado de Emergencia declarado en la provincia de Zarumilla del departamento de Tumbes,https://busquedas.elperuano.pe/dispositivo/NL/2359147-1,31/01/2025,,,,,,,,,,,,,,,,,,,,,,,,,,,,,,,,,,,,,,
04/01/2025,2359147-2,PRESIDENCIA DEL CONSEJO DE MINISTROS,DECRETO SUPREMO,N° 002-2025-PCM,Decreto Supremo que prorroga el Estado de Emergencia declarado en la provincia de Virú del departamento de La Libertad,https://busquedas.elperuano.pe/dispositivo/NL/2359147-2,31/01/2025,,,,,,,,,,,,,,,,,,,,,,,,,,,,,,,,,,,,,,
04/01/2025,2359147-3,PRESIDENCIA DEL CONSEJO DE MINISTROS,DECRETO SUPREMO,N° 003-2025-PCM,Decreto Supremo que prorroga el Estado de Emergencia declarado en la provincia de Trujillo del departamento de La Libertad,https://busquedas.elperuano.pe/dispositivo/NL/2359147-3,31/01/2025,,,,,,,,,,,,,,,,,,,,,,,,,,,,,,,,,,,,,,
04/01/2025,2359147-4,PRESIDENCIA DEL CONSEJO DE MINISTROS,DECRETO SUPREMO,N° 004-2025-PCM,Decreto Supremo que prorroga el Estado de Emergencia declarado en la provincia de Pataz del departamento de La Libertad,https://busquedas.elperuano.pe/dispositivo/NL/2359147-4,31/01/2025,,,,,,,,,,,,,,,,,,,,,,,,,,,,,,,,,,,,,,
04/01/2025,2359148-1,PRESIDENCIA DEL CONSEJO DE MINISTROS,FE DE ERRATA,D.S. N° 149-2024-PCM,FE DE ERRATA,https://busquedas.elperuano.pe/dispositivo/NL/2359148-1,31/01/2025,,,,,,,,,,,,,,,,,,,,,,,,,,,,,,,,,,,,,,
04/01/2025,2359146-1,PRESIDENCIA DEL CONSEJO DE MINISTROS,RESOLUCION JEFATURAL,N° 000001-2025-ANIN/JEF,Delegan facultades en diversos funcionarios de la Autoridad Nacional de Infraestructura durante el Año Fiscal 2025,https://busquedas.elperuano.pe/dispositivo/NL/2359146-1,31/01/2025,,,,,,,,,,,,,,,,,,,,,,,,,,,,,,,,,,,,,,
04/01/2025,2359144-1,AMBIENTE,RESOLUCION,N° 001-2025-SENAMHI/PREJ,Delegan facultades en diversos funcionarios del Servicio Nacional de Meteorología e Hidrología del Perú - SENAMHI durante el Año Fiscal 2025,https://busquedas.elperuano.pe/dispositivo/NL/2359144-1,31/01/2025,,,,,,,,,,,,,,,,,,,,,,,,,,,,,,,,,,,,,,
04/01/2025,2358829-1,CULTURA,RESOLUCION DIRECTORAL,N° 000519-2024-DCIA-DGPA-VMPCIC/MC,Delegan diversas competencias en la Dirección Desconcentrada de Cultura de Cusco durante el Ejercicio Fiscal 2025,https://busquedas.elperuano.pe/dispositivo/NL/2358829-1,31/01/2025,,,,,,,,,,,,,,,,,,,,,,,,,,,,,,,,,,,,,,
04/01/2025,2358941-1,DESARROLLO E INCLUSIÓN SOCIAL,RESOLUCION,N° 000004-2025-MIDIS/FONCODES/DE,Delegan facultades y atribuciones en diversos funcionarios del FONCODES,https://busquedas.elperuano.pe/dispositivo/NL/2358941-1,31/01/2025,,,,,,,,,,,,,,,,,,,,,,,,,,,,,,,,,,,,,,
04/01/2025,2359071-1,EDUCACION,RESOLUCION VICE MINISTERIAL,N° 001-2025-MINEDU,Modifican Norma Técnica denominada Disposiciones para la organización y funcionamiento pedagógico de espacios educativos de Educación Básica Regular,https://busquedas.elperuano.pe/dispositivo/NL/2359071-1,31/01/2025,,,,,,,,,,,,,,,,,,,,,,,,,,,,,,,,,,,,,,
04/01/2025,2357369-1,ENERGIA Y MINAS,RESOLUCION MINISTERIAL,N° 475-2024-MINEM/DM,Aprueban modificación de concesión definitiva para desarrollar la actividad de transmisión de energía eléctrica en diversas líneas de transmisión otorgada a favor de Southern Peru Copper Corporation Sucursal del Perú; y dictan otras disposiciones,https://busquedas.elperuano.pe/dispositivo/NL/2357369-1,31/01/2025,,,,,,,,,,,,,,,,,,,,,,,,,,,,,,,,,,,,,,
04/01/2025,2359083-1,JUSTICIA Y DERECHOS HUMANOS,RESOLUCION MINISTERIAL,N° 0334-2024-JUS,Nombran notario del distrito de Yura provincia de Arequipa departamento de Arequipa Distrito Notarial de Arequipa,https://busquedas.elperuano.pe/dispositivo/NL/2359083-1,31/01/2025,,,,,,,,,,,,,,,,,,,,,,,,,,,,,,,,,,,,,,
04/01/2025,2359113-1,JUSTICIA Y DERECHOS HUMANOS,RESOLUCION MINISTERIAL,N° 0001-2025-JUS,Prorrogan plazo de vigencia del Grupo de Trabajo Multisectorial creado por Resolución Ministerial N° 0280-2024-JUS,https://busquedas.elperuano.pe/dispositivo/NL/2359113-1,31/01/2025,,,,,,,,,,,,,,,,,,,,,,,,,,,,,,,,,,,,,,
04/01/2025,2358948-1,PRODUCE,RESOLUCION,N° 000224-2024-ITP/DE,Apueban la creación de la Unidad Técnica Agroindustrial Lambayeque adscrita al Centro de Innovación Productiva y Transferencia Tecnológica Agroindustrial Chavimochic – CITEagroindustrial Chavimochic,https://busquedas.elperuano.pe/dispositivo/NL/2358948-1,31/01/2025,,,,,,,,,,,,,,,,,,,,,,,,,,,,,,,,,,,,,,
04/01/2025,2357465-1,TRANSPORTES Y COMUNICACIONES,RESOLUCION DIRECTORAL,N° 0721-2024-MTC/17.03,Autorizan a la empresa ITV CENTRAL S.A.C. para operar como Centro de Inspección Técnica Vehicular Fijo – CITV Fijo en local ubicado en el distrito de San Martin de Porres provincia y departamento de Lima,https://busquedas.elperuano.pe/dispositivo/NL/2357465-1,31/01/2025,,,,,,,,,,,,,,,,,,,,,,,,,,,,,,,,,,,,,,
04/01/2025,2358910-1,"VIVIENDA, CONSTRUCCIÓN Y SANEAMIENTO",FE DE ERRATA,R.D. N° 00007-2024-VIVIENDA/VMVU-DGPRVU,FE DE ERRATA,https://busquedas.elperuano.pe/dispositivo/NL/2358910-1,31/01/2025,,,,,,,,,,,,,,,,,,,,,,,,,,,,,,,,,,,,,,
04/01/2025,2358815-1,AGENCIA DE COMPRAS DE LAS FUERZAS ARMADAS,RESOLUCION JEFATURAL,N° 002-2025-ACFFAA,Delegan facultades y atribuciones en diversos funcionarios de la ACFFA que tendrán vigencia durante el año 2025,https://busquedas.elperuano.pe/dispositivo/NL/2358815-1,31/01/2025,,,,,,,,,,,,,,,,,,,,,,,,,,,,,,,,,,,,,,
04/01/2025,2359155-1,INSTITUTO NACIONAL DE ENFERMEDADES NEOPLASICAS,RESOLUCION JEFATURAL,N° 21-2025-J/INEN,Designan Director General de la Dirección de Control del Cáncer del Instituto Nacional de Enfermedades Neoplásicas – INEN,https://busquedas.elperuano.pe/dispositivo/NL/2359155-1,31/01/2025,,,,,,,,,,,,,,,,,,,,,,,,,,,,,,,,,,,,,,
04/01/2025,2359091-1,INSTITUTO NACIONAL DE SALUD,RESOLUCION,N° 001-2025-PE/INS,Delegan facultades en diversos funcionarios del Instituto Nacional de Salud durante el Año Fiscal 2025,https://busquedas.elperuano.pe/dispositivo/NL/2359091-1,31/01/2025,,,,,,,,,,,,,,,,,,,,,,,,,,,,,,,,,,,,,,
04/01/2025,2359121-1,SEGURO INTEGRAL DE SALUD,RESOLUCION JEFATURAL,N° 000002-2025-SIS/J,Delegan facultades en diversos funcionarios del Seguro Integral de Salud,https://busquedas.elperuano.pe/dispositivo/NL/2359121-1,31/01/2025,,,,,,,,,,,,,,,,,,,,,,,,,,,,,,,,,,,,,,
04/01/2025,2358647-1,ORGANISMO SUPERVISOR DE INVERSION PRIVADA EN TELECOMUNICACIONES,RESOLUCION,N° 00095-2024-PE/OSIPTEL,Aprueban el Plan Operativo Institucional del OSIPTEL para el año fiscal 2025,https://busquedas.elperuano.pe/dispositivo/NL/2358647-1,31/01/2025,,,,,,,,,,,,,,,,,,,,,,,,,,,,,,,,,,,,,,
04/01/2025,2358724-1,ORGANISMO SUPERVISOR DE INVERSION PRIVADA EN TELECOMUNICACIONES,RESOLUCION,N° 00238-2024-CD/OSIPTEL,Amplían plazo para comentarios al proyecto sobre la determinación de Proveedores Importantes en el Mercado N° 25: acceso mayorista para Internet y transmisión de datos - tercera revisión,https://busquedas.elperuano.pe/dispositivo/NL/2358724-1,31/01/2025,,,,,,,,,,,,,,,,,,,,,,,,,,,,,,,,,,,,,,
04/01/2025,2358905-1,COMISIÓN DE PROMOCIÓN DEL PERÚ PARA LA EXPORTACIÓN Y EL TURISMO,RESOLUCION,N° 000004-2025-PROMPERU/PE,Designan Subdirector de la Subdirección de Promoción del Turismo Interno de la Dirección de Promoción del Turismo de PROMPERÚ,https://busquedas.elperuano.pe/dispositivo/NL/2358905-1,31/01/2025,,,,,,,,,,,,,,,,,,,,,,,,,,,,,,,,,,,,,,
04/01/2025,2359143-1,"CONSEJO NACIONAL DE CIENCIA, TECNOLOGÍA E INNOVACIÓN TECNOLÓGICA",RESOLUCION,N° 003-2025-CONCYTEC-P,Delegan facultades en diversos funcionarios del Consejo Nacional de Ciencia Tecnología e Innovación -CONCYTEC durante el Año Fiscal 2025,https://busquedas.elperuano.pe/dispositivo/NL/2359143-1,31/01/2025,,,,,,,,,,,,,,,,,,,,,,,,,,,,,,,,,,,,,,
04/01/2025,2358772-1,INSTITUTO NACIONAL DE DEFENSA DE LA COMPETENCIA Y DE LA PROTECCION DE LA PROPIEDAD INTELECTUAL,RESOLUCION,N° 000001-2025-GEG/INDECOPI,Delegan diversas facultades y atribuciones en funcionarios del INDECOPI durante el Año Fiscal 2025,https://busquedas.elperuano.pe/dispositivo/NL/2358772-1,31/01/2025,,,,,,,,,,,,,,,,,,,,,,,,,,,,,,,,,,,,,,
04/01/2025,2358777-1,INSTITUTO NACIONAL DE DEFENSA DE LA COMPETENCIA Y DE LA PROTECCION DE LA PROPIEDAD INTELECTUAL,RESOLUCION,N° 000001-2025-PRE/INDECOPI,Delegan facultades y atribuciones en diversos funcionarios del INDECOPI durante el Año Fiscal 2025,https://busquedas.elperuano.pe/dispositivo/NL/2358777-1,31/01/2025,,,,,,,,,,,,,,,,,,,,,,,,,,,,,,,,,,,,,,
04/01/2025,2359108-1,ORGANISMO DE EVALUACION Y FISCALIZACION AMBIENTAL,RESOLUCION,N° 00001-2025-OEFA/GEG,Designan temporalmente Ejecutor Coactivo del Organismo de Evaluación y Fiscalización Ambiental - OEFA,https://busquedas.elperuano.pe/dispositivo/NL/2359108-1,31/01/2025,,,,,,,,,,,,,,,,,,,,,,,,,,,,,,,,,,,,,,
04/01/2025,2358945-1,SUPERINTENDENCIA NACIONAL DE SALUD,RESOLUCION,N° 001-2025-SUSALUD/S,Disponen publicación de proyecto de norma que aprueba el Reglamento del Sistema Electrónico de Transferencia de Información de IAFAS SETI-IAFAS,https://busquedas.elperuano.pe/dispositivo/NL/2358945-1,31/01/2025,,,,,,,,,,,,,,,,,,,,,,,,,,,,,,,,,,,,,,
04/01/2025,2359079-1,SUPERINTENDENCIA NACIONAL DE SALUD,RESOLUCION,N° 002-2025-SUSALUD/S,Aprueban conformación de las salas especializadas del Tribunal de la Superintendencia Nacional de Salud para el periodo 2025,https://busquedas.elperuano.pe/dispositivo/NL/2359079-1,31/01/2025,,,,,,,,,,,,,,,,,,,,,,,,,,,,,,,,,,,,,,
04/01/2025,2358951-1,INSTITUCIONES EDUCATIVAS,RESOLUCION,N° 369-2024-UNTRM/R,Delegan facultades en diversos órganos y funcionarios de la Universidad Nacional Toribio Rodríguez de Mendoza de Amazonas,https://busquedas.elperuano.pe/dispositivo/NL/2358951-1,31/01/2025,,,,,,,,,,,,,,,,,,,,,,,,,,,,,,,,,,,,,,
04/01/2025,2358897-1,INSTITUCIONES EDUCATIVAS,RESOLUCION,N° 4012-2024-R-UNE,Aprueban la reducción del Presupuesto Institucional de la Universidad Nacional de Educación Enrique Guzmán y Valle,https://busquedas.elperuano.pe/dispositivo/NL/2358897-1,31/01/2025,,,,,,,,,,,,,,,,,,,,,,,,,,,,,,,,,,,,,,
04/01/2025,2358946-1,MINISTERIO PUBLICO,FE DE ERRATA,Res. N° 2945-2024-MP-FN,FE DE ERRATA,https://busquedas.elperuano.pe/dispositivo/NL/2358946-1,31/01/2025,,,,,,,,,,,,,,,,,,,,,,,,,,,,,,,,,,,,,,
04/01/2025,2359134-1,MINISTERIO PUBLICO,RESOLUCION,N° 002-2025-MP-FN,Rectifican extremo de la Res. N° 2946-2024-MP-FN que proclamó al Presidente de la Junta de Fiscales Provinciales del Distrito Fiscal de Amazonas,https://busquedas.elperuano.pe/dispositivo/NL/2359134-1,31/01/2025,,,,,,,,,,,,,,,,,,,,,,,,,,,,,,,,,,,,,,
04/01/2025,2359136-1,MINISTERIO PUBLICO,RESOLUCION,N° 003-2025-MP-FN,Designan fiscal como coordinador nacional de las Fiscalías Especializadas en Extinción de Dominio de las Fiscalías Especializadas en Delitos de Lavado de Activos de las Fiscalías Especializadas en Delitos de Corrupción de Funcionarios y coordinador en Delitos de Corrupción de Funcionarios de Lima; y designan fiscales en el Distrito Fiscal de Loreto,https://busquedas.elperuano.pe/dispositivo/NL/2359136-1,31/01/2025,,,,,,,,,,,,,,,,,,,,,,,,,,,,,,,,,,,,,,
04/01/2025,2358225-1,GOBIERNO REGIONAL DE PIURA,ORDENANZA,N° 514-2024/GRP-CR,Ordenanza Regional que aprueba la creación e implementación del Registro de Cáncer de Base Poblacional de la Región Piura,https://busquedas.elperuano.pe/dispositivo/NL/2358225-1,31/01/2025,,,,,,,,,,,,,,,,,,,,,,,,,,,,,,,,,,,,,,
04/01/2025,2358767-1,MUNICIPALIDAD METROPOLITANA DE LIMA,ORDENANZA,N° 2678,Ordenanza que modifica el plano de zonificación del distrito de San Juan de Miraflores aprobado por Ordenanza N° 2144,https://busquedas.elperuano.pe/dispositivo/NL/2358767-1,31/01/2025,,,,,,,,,,,,,,,,,,,,,,,,,,,,,,,,,,,,,,
04/01/2025,2358365-1,MUNICIPALIDAD DE BARRANCO,Decretos de Alcaldía,N° 021-2024-MDB,Prorrogan vigencia del periodo de Representación de los Concejos Directivos de las Juntas Vecinales Comunales de las Zonas 02 04 06 11 12 16 17 14 15 18 21 22 25,https://epdoc2.elperuano.pe/EpPo/VistaDE.asp?Referencias=MjM1ODM2NS0xMjAyNTAxMDQ=,31/01/2025,,,,,,,,,,,,,,,,,,,,,,,,,,,,,,,,,,,,,,
04/01/2025,2358903-1,MUNICIPALIDAD DE LA MOLINA,Resolución,N° 0822-2024-MDLM-GM,Aprueban versión actualizada del Texto Único de Servicios No Exclusivos – TUSNE de la Municipalidad de La Molina,https://epdoc2.elperuano.pe/EpPo/VistaDE.asp?Referencias=MjM1ODkwMy0xMjAyNTAxMDQ=,31/01/2025,,,,,,,,,,,,,,,,,,,,,,,,,,,,,,,,,,,,,,
04/01/2025,2357376-1,MUNICIPALIDAD DE PUNTA NEGRA,Ordenanzas,N° 035-2024/MDPN,Prorrogan para el ejercicio fiscal 2025 la vigencia de la Ordenanza Nº 015-2022/MDPN que estableció el monto de derecho de emisión mecanizada de actualización de valores determinación y distribución a domicilio de la Declaración Jurada de Autovalúo y liquidación del Impuesto Predial y Arbitrios Municipales del ejercicio 2023,https://epdoc2.elperuano.pe/EpPo/VistaDE.asp?Referencias=MjM1NzM3Ni0xMjAyNTAxMDQ=,31/01/2025,,,,,,,,,,,,,,,,,,,,,,,,,,,,,,,,,,,,,,
04/01/2025,2357691-1,ORGANISMO SUPERVISOR DE INVERSION PRIVADA EN TELECOMUNICACIONES,RESOLUCION,N° 00236-2024-CD/OSIPTEL,Proyecto de Norma que establece una regulación diferenciada en función del tipo de abonado,https://busquedas.elperuano.pe/dispositivo/NL/2357691-1,31/01/2025,,,,,,,,,,,,,,,,,,,,,,,,,,,,,,,,,,,,,,
03/01/2025,2358737-1,DEFENSA,RESOLUCION DIRECTORAL,N° 1075-2024 MGP/DICAPI,Aprueban Disposiciones complementarias para la formación certificación y seguridad de las operaciones del personal de buzos y de las empresas que realizan trabajos submarinos y de salvamento y dictan otras disposiciones,https://busquedas.elperuano.pe/dispositivo/NL/2358737-1,31/01/2025,,,,,,,,,,,,,,,,,,,,,,,,,,,,,,,,,,,,,,
03/01/2025,2358833-1,DESARROLLO AGRARIO Y RIEGO,RESOLUCION,N° D000001-2025-MIDAGRI-SERFOR-DE,Delegan facultades en diversos funcionarios del SERFOR para el año fiscal 2025,https://busquedas.elperuano.pe/dispositivo/NL/2358833-1,31/01/2025,,,,,,,,,,,,,,,,,,,,,,,,,,,,,,,,,,,,,,
03/01/2025,2358868-1,DESARROLLO E INCLUSIÓN SOCIAL,RESOLUCION,N° D000003-2025-MIDIS/PNAECWM-,Designan Jefe de la Unidad Territorial Lima Metropolitana y Callao del Programa Nacional de Alimentación Escolar Comunitaria Wasi Mikuna,https://busquedas.elperuano.pe/dispositivo/NL/2358868-1,31/01/2025,,,,,,,,,,,,,,,,,,,,,,,,,,,,,,,,,,,,,,
03/01/2025,2358813-1,INTERIOR,RESOLUCION SUPREMA,N° 001-2025-IN,Asignan a Oficial Superior PNP en el cargo de Agregado Policial Adjunto en la Embajada del Perú en la República de Chile,https://busquedas.elperuano.pe/dispositivo/NL/2358813-1,31/01/2025,,,,,,,,,,,,,,,,,,,,,,,,,,,,,,,,,,,,,,
03/01/2025,2359064-1,PRODUCE,RESOLUCION MINISTERIAL,N° 000001-2025-PRODUCE,Delegan diversas facultades y atribuciones en funcionarios del Ministerio y titulares de organismos públicos adscritos para el Año Fiscal 2025,https://busquedas.elperuano.pe/dispositivo/NL/2359064-1,31/01/2025,,,,,,,,,,,,,,,,,,,,,,,,,,,,,,,,,,,,,,
03/01/2025,2359046-1,RELACIONES EXTERIORES,RESOLUCION MINISTERIAL,N° 0001-2025-RE,Designan Agregado a la Embajada del Perú en el Reino de los Países Bajos,https://busquedas.elperuano.pe/dispositivo/NL/2359046-1,31/01/2025,,,,,,,,,,,,,,,,,,,,,,,,,,,,,,,,,,,,,,
03/01/2025,2358813-2,"VIVIENDA, CONSTRUCCIÓN Y SANEAMIENTO",RESOLUCION SUPREMA,N° 001-2025-VIVIENDA,Aceptan renuncia de miembro del Consejo Directivo del OTASS en representación del Ministerio de Vivienda Construcción y Saneamiento,https://busquedas.elperuano.pe/dispositivo/NL/2358813-2,31/01/2025,,,,,,,,,,,,,,,,,,,,,,,,,,,,,,,,,,,,,,
03/01/2025,2358813-3,"VIVIENDA, CONSTRUCCIÓN Y SANEAMIENTO",RESOLUCION SUPREMA,N° 002-2025-VIVIENDA,Designan representante del Ministerio de Vivienda Construcción y Saneamiento ante el Consejo Directivo del OTASS,https://busquedas.elperuano.pe/dispositivo/NL/2358813-3,31/01/2025,,,,,,,,,,,,,,,,,,,,,,,,,,,,,,,,,,,,,,
03/01/2025,2358694-1,INSTITUTO NACIONAL DE ENFERMEDADES NEOPLASICAS,RESOLUCION JEFATURAL,N° 269-2024-J/INEN,Autorizan transferencia financiera a favor del Poder Judicial,https://busquedas.elperuano.pe/dispositivo/NL/2358694-1,31/01/2025,,,,,,,,,,,,,,,,,,,,,,,,,,,,,,,,,,,,,,
03/01/2025,2358795-1,ORGANISMO SUPERVISOR DE LA INVERSIÓN EN ENERGÍA Y MINERÍA,RESOLUCION,N° 01-2024-OS/TSC,Aprueban Lineamientos Resolutivos del Tribunal de Solución de Controversias,https://busquedas.elperuano.pe/dispositivo/NL/2358795-1,31/01/2025,,,,,,,,,,,,,,,,,,,,,,,,,,,,,,,,,,,,,,
03/01/2025,2358804-1,INSTITUTO NACIONAL DE ESTADISTICA E INFORMATICA,RESOLUCION JEFATURAL,N° 001-2025-INEI,Aprueban Índices Unificados de Precios de la Construcción para las seis (6) Áreas Geográficas correspondientes al mes de diciembre de 2024,https://busquedas.elperuano.pe/dispositivo/NL/2358804-1,31/01/2025,,,,,,,,,,,,,,,,,,,,,,,,,,,,,,,,,,,,,,
03/01/2025,2358809-1,INSTITUTO NACIONAL DE ESTADISTICA E INFORMATICA,RESOLUCION JEFATURAL,N° 002-2025-INEI,Delegan facultades en el/la Secretario (a) General y el Director (a) Técnico (a) de la Oficina Técnica de Administración del INEI durante el Ejercicio Fiscal 2025,https://busquedas.elperuano.pe/dispositivo/NL/2358809-1,31/01/2025,,,,,,,,,,,,,,,,,,,,,,,,,,,,,,,,,,,,,,
03/01/2025,2358787-1,SUPERINTENDENCIA NACIONAL DE FISCALIZACIÓN LABORAL,RESOLUCION,N° 0002-2025-SUNAFIL,Designan Intendente Regional de la Intendencia Regional de Arequipa de la Superintendencia Nacional de Fiscalización Laboral - SUNAFIL,https://busquedas.elperuano.pe/dispositivo/NL/2358787-1,31/01/2025,,,,,,,,,,,,,,,,,,,,,,,,,,,,,,,,,,,,,,
03/01/2025,2358639-1,SUPERINTENDENCIA NACIONAL DE MIGRACIONES,RESOLUCION,N° 000001-2025-MIGRACIONES,Delegan facultades y atribuciones en diversos funcionarios de MIGRACIONES durante el Ejercicio Fiscal 2025,https://busquedas.elperuano.pe/dispositivo/NL/2358639-1,31/01/2025,,,,,,,,,,,,,,,,,,,,,,,,,,,,,,,,,,,,,,
03/01/2025,2358734-1,CORTE SUPREMA DE JUSTICIA,RESOLUCION ADMINISTRATIVA,N° 000001-2025-P-PJ,Disponen conformación de las Salas de la Corte Suprema de Justicia de la República,https://busquedas.elperuano.pe/dispositivo/NL/2358734-1,31/01/2025,,,,,,,,,,,,,,,,,,,,,,,,,,,,,,,,,,,,,,
03/01/2025,2358742-1,CORTE SUPREMA DE JUSTICIA,RESOLUCION ADMINISTRATIVA,N° 000002-2025-P-PJ,Designan Secretaria General de la Corte Suprema de Justicia de la República,https://busquedas.elperuano.pe/dispositivo/NL/2358742-1,31/01/2025,,,,,,,,,,,,,,,,,,,,,,,,,,,,,,,,,,,,,,
03/01/2025,2358669-1,BANCO CENTRAL DE RESERVA,CIRCULAR,N° 0001-2025-BCRP,Índice de reajuste diario a que se refiere el artículo 240º de la Ley General del Sistema Financiero y del Sistema de Seguros y Orgánica de la SBS correspondiente al mes de enero de 2025,https://busquedas.elperuano.pe/dispositivo/NL/2358669-1,31/01/2025,,,,,,,,,,,,,,,,,,,,,,,,,,,,,,,,,,,,,,
03/01/2025,2358708-1,CONTRALORIA GENERAL DE LA REPUBLICA,RESOLUCION,N° 001-2025-CG,Separan definitivamente del cargo a Jefe del Órgano de Control Institucional de la Municipalidad Provincial de Canta dándose por terminada su designación,https://busquedas.elperuano.pe/dispositivo/NL/2358708-1,31/01/2025,,,,,,,,,,,,,,,,,,,,,,,,,,,,,,,,,,,,,,
03/01/2025,2358476-1,INSTITUCIONES EDUCATIVAS,RESOLUCION,N° 453-2024-UNTELS-R,Aprueban actualización del Manual de Clasificador de Cargos de la Universidad Nacional Tecnológica de Lima Sur,https://busquedas.elperuano.pe/dispositivo/NL/2358476-1,31/01/2025,,,,,,,,,,,,,,,,,,,,,,,,,,,,,,,,,,,,,,
03/01/2025,2358805-1,MINISTERIO PUBLICO,RESOLUCION,N° 2979-2024-MP-FN,Designan fiscal adjunto supremo titular en el despacho de la Fiscalía Suprema Especializada en delitos cometidos por Funcionarios Públicos,https://busquedas.elperuano.pe/dispositivo/NL/2358805-1,31/01/2025,,,,,,,,,,,,,,,,,,,,,,,,,,,,,,,,,,,,,,
03/01/2025,2358807-1,MINISTERIO PUBLICO,RESOLUCION,N° 2980-2024-MP-FN,Designan fiscales en el Distrito Fiscal de Lima Centro,https://busquedas.elperuano.pe/dispositivo/NL/2358807-1,31/01/2025,,,,,,,,,,,,,,,,,,,,,,,,,,,,,,,,,,,,,,
03/01/2025,2358808-1,MINISTERIO PUBLICO,RESOLUCION,N° 2981-2024-MP-FN,Designan fiscales en el Distrito Fiscal de Lambayeque y en el Distrito Fiscal de Lima Centro,https://busquedas.elperuano.pe/dispositivo/NL/2358808-1,31/01/2025,,,,,,,,,,,,,,,,,,,,,,,,,,,,,,,,,,,,,,
03/01/2025,2358717-1,"SUPERINTENDENCIA DE BANCA, SEGUROS Y ADMINISTRADORAS PRIVADAS DE FONDOS DE PENSIONES",RESOLUCION,SBS N° 00003-2025,Autorizan la difusión en consulta pública del proyecto normativo que modifica el Manual de Contabilidad para Empresas del Sistema Financiero aprobado por la Resolución SBS N° 348-95 y sus normas modificatorias,https://busquedas.elperuano.pe/dispositivo/NL/2358717-1,31/01/2025,,,,,,,,,,,,,,,,,,,,,,,,,,,,,,,,,,,,,,
03/01/2025,2352093-1,GOBIERNO REGIONAL DE APURIMAC,ORDENANZA,N° 011-2024-GR-APURIMAC/CR,Declaran de interés regional la práctica del Carnaval Originario Huancabamba Ñahuimpuquio Checcche y Huaraccopata distrito de José María Arguedas provincia de Andahuaylas Región Apurímac,https://busquedas.elperuano.pe/dispositivo/NL/2352093-1,31/01/2025,,,,,,,,,,,,,,,,,,,,,,,,,,,,,,,,,,,,,,
03/01/2025,2358035-1,MUNICIPALIDAD DE BARRANCO,Ordenanzas,N° 646-2024-MDB y Acuerdo N° 504,Ordenanza que establece el Régimen de la Tasa de Estacionamiento Vehicular en las playas del distrito de Barranco Temporada 2025,https://epdoc2.elperuano.pe/EpPo/VistaDE.asp?Referencias=MjM1ODAzNS0xMjAyNTAxMDM=,31/01/2025,,,,,,,,,,,,,,,,,,,,,,,,,,,,,,,,,,,,,,
03/01/2025,2358051-1,MUNICIPALIDAD DE SAN MIGUEL,ORDENANZA,N° 509/MDSM,Ordenanza que aprueba Calendario Tributario del Ejercicio 2025 e incentivos tributarios por pronto pago de Arbitrios del Ejercicio 2025,https://busquedas.elperuano.pe/dispositivo/NL/2358051-1,31/01/2025,,,,,,,,,,,,,,,,,,,,,,,,,,,,,,,,,,,,,,
02/01/2025,2358571-1,DESARROLLO AGRARIO Y RIEGO,RESOLUCION MINISTERIAL,N° 0001-2025-MIDAGRI,Delegan facultades en diversos funcionarios del MIDAGRI y de órganos adscritos o descentralizados proyectos especiales programas u otros organismos dependientes durante el Año Fiscal 2025,https://busquedas.elperuano.pe/dispositivo/NL/2358571-1,31/01/2025,,,,,,,,,,,,,,,,,,,,,,,,,,,,,,,,,,,,,,
02/01/2025,2358570-1,DESARROLLO E INCLUSIÓN SOCIAL,RESOLUCION,N° 006-2024-OFIS-PE,Designan personal en el Organismo de Focalización e Información Social,https://busquedas.elperuano.pe/dispositivo/NL/2358570-1,31/01/2025,,,,,,,,,,,,,,,,,,,,,,,,,,,,,,,,,,,,,,
02/01/2025,2358569-1,ECONOMIA Y FINANZAS,RESOLUCION MINISTERIAL,N° 410-2024-EF/49,Designan Jefe de Gabinete de Asesores del Despacho Ministerial,https://busquedas.elperuano.pe/dispositivo/NL/2358569-1,31/01/2025,,,,,,,,,,,,,,,,,,,,,,,,,,,,,,,,,,,,,,
02/01/2025,2358567-1,ENERGIA Y MINAS,RESOLUCION MINISTERIAL,N° 001-2025-MINEM/DM,Designan Asesor de Alta Dirección del Despacho Ministerial,https://busquedas.elperuano.pe/dispositivo/NL/2358567-1,31/01/2025,,,,,,,,,,,,,,,,,,,,,,,,,,,,,,,,,,,,,,
02/01/2025,2357275-1,PRODUCE,RESOLUCION,N° D000025-2024-INACAL/PE,Delegan facultades en el/la Gerente/a General y en el/la Jefe/a de la Oficina de Administración del Instituto Nacional de Calidad durante el Año Fiscal 2025,https://busquedas.elperuano.pe/dispositivo/NL/2357275-1,31/01/2025,,,,,,,,,,,,,,,,,,,,,,,,,,,,,,,,,,,,,,
02/01/2025,2358775-1,SALUD,RESOLUCION MINISTERIAL,N° 001-2025/MINSA,Designan Directora Ejecutiva de la Oficina de Presupuesto de la Oficina General de Planeamiento Presupuesto y Modernización del Ministerio,https://busquedas.elperuano.pe/dispositivo/NL/2358775-1,31/01/2025,,,,,,,,,,,,,,,,,,,,,,,,,,,,,,,,,,,,,,
02/01/2025,2358083-1,TRANSPORTES Y COMUNICACIONES,RESOLUCION DIRECTORAL,N° 0723-2024-MTC/17.03,Autorizan a la empresa CERTIFICADORA MRS S.A.C. como Entidad Certificadora de Conversiones a Gas Licuado de Petróleo – GLP de ámbito nacional,https://busquedas.elperuano.pe/dispositivo/NL/2358083-1,31/01/2025,,,,,,,,,,,,,,,,,,,,,,,,,,,,,,,,,,,,,,
02/01/2025,2358682-1,AUTORIDAD DE TRANSPORTE URBANO PARA LIMA Y CALLAO,RESOLUCION,N° 003-2025-ATU/PE,Designan Subdirectora de la Subdirección de Sanción de la Dirección de Fiscalización y Sanción,https://busquedas.elperuano.pe/dispositivo/NL/2358682-1,31/01/2025,,,,,,,,,,,,,,,,,,,,,,,,,,,,,,,,,,,,,,
02/01/2025,2358683-1,AUTORIDAD DE TRANSPORTE URBANO PARA LIMA Y CALLAO,RESOLUCION,N° 004-2025-ATU/PE,Designan Subdirector de la Dirección de Fiscalización y Sanción,https://busquedas.elperuano.pe/dispositivo/NL/2358683-1,31/01/2025,,,,,,,,,,,,,,,,,,,,,,,,,,,,,,,,,,,,,,
02/01/2025,2358025-1,INSTITUTO NACIONAL DE DEFENSA DE LA COMPETENCIA Y DE LA PROTECCION DE LA PROPIEDAD INTELECTUAL,RESOLUCION,N° 000190-2024-GEG/INDECOPI,Designan Asesora de la Presidencia Ejecutiva del INDECOPI,https://busquedas.elperuano.pe/dispositivo/NL/2358025-1,31/01/2025,,,,,,,,,,,,,,,,,,,,,,,,,,,,,,,,,,,,,,
02/01/2025,2358439-1,ORGANISMO TÉCNICO DE LA ADMINISTRACIÓN DE LOS SERVICIOS DE SANEAMIENTO,RESOLUCION,N° 000028-2024-OTASS-CD,Aprueban Lineamiento denominado Monitoreo a la gestión institucional operacional y/o comercial de las empresas prestadoras de servicios de agua potable y saneamiento Versión 01,https://busquedas.elperuano.pe/dispositivo/NL/2358439-1,31/01/2025,,,,,,,,,,,,,,,,,,,,,,,,,,,,,,,,,,,,,,
02/01/2025,2358641-1,AUTORIDAD NACIONAL DE SANIDAD E INOCUIDAD EN PESCA Y ACUICULTURA,RESOLUCION,N° 000001-2025-SANIPES/PE,Delegan facultades en diversos funcionarios del SANIPES durante el Ejercicio Fiscal 2025,https://busquedas.elperuano.pe/dispositivo/NL/2358641-1,31/01/2025,,,,,,,,,,,,,,,,,,,,,,,,,,,,,,,,,,,,,,
02/01/2025,2358566-1,MINISTERIO PUBLICO,RESOLUCION,N° 2978-2024-MP-FN,Disponen que los fiscales continuarán en el ejercicio de sus funciones en las fiscalías unidad funcional y/o orgánica en el Ministerio Público como consecuencia de sus designaciones que se otorgaron durante el año 2024 -con un período determinado- hasta otra disposición por la Fiscalía de la Nación,https://busquedas.elperuano.pe/dispositivo/NL/2358566-1,31/01/2025,,,,,,,,,,,,,,,,,,,,,,,,,,,,,,,,,,,,,,
02/01/2025,2354708-1,GOBIERNO REGIONAL DE MOQUEGUA,ORDENANZA,N° 009-2024-CR/GRM,Ordenanza Regional que aprueba el Sello Regional de Moquegua en el marco de la Política Nacional de Desarrollo e Inclusión Social,https://busquedas.elperuano.pe/dispositivo/NL/2354708-1,31/01/2025,,,,,,,,,,,,,,,,,,,,,,,,,,,,,,,,,,,,,,
02/01/2025,2358774-1,MUNICIPALIDAD DE LA VICTORIA,Decretos de Alcaldía,N° 012-2024/MLV,Prorrogan vigencia de la Ordenanza N° 451/MLV que establece Beneficios para el Pago de Multas Administrativas en Estado Ordinario y Coactivo en el distrito de La Victoria,https://epdoc2.elperuano.pe/EpPo/VistaDE.asp?Referencias=MjM1ODc3NC0xMjAyNTAxMDI=,31/01/2025,,,,,,,,,,,,,,,,,,,,,,,,,,,,,,,,,,,,,,
02/01/2025,2358045-1,MUNICIPALIDAD DE PUNTA HERMOSA,Ordenanzas,N° 536-MDPH y Acuerdo N° 521,Ordenanza que establece el Régimen de la Tasa por Estacionamiento Vehicular Temporal en la Playa El Silencio Temporada 2025 en el distrito de Punta Hermosa,https://epdoc2.elperuano.pe/EpPo/VistaDE.asp?Referencias=MjM1ODA0NS0xMjAyNTAxMDI=,31/01/2025,,,,,,,,,,,,,,,,,,,,,,,,,,,,,,,,,,,,,,
02/01/2025,2358811-1,RELACIONES EXTERIORES,CONVENIO,Acuerdo CRESPIAL,Acuerdo entre el Gobierno de la República del Perú y la Organización de las Naciones Unidas para la Educación la Ciencia y la Cultura (UNESCO) relativo a la renovación de la designación del Centro Regional para la Salvaguardia del Patrimonio Cultural Inmaterial de América Latina (CRESPIAL) como centro de categoría 2 bajo los auspicios de la UNESCO en Cusco (Perú),https://busquedas.elperuano.pe/dispositivo/NL/2358811-1,31/01/2025,,,,,,,,,,,,,,,,,,,,,,,,,,,,,,,,,,,,,,
02/01/2025,2358812-1,RELACIONES EXTERIORES,CONVENIO,Entrada en vigor CRESPIAL,Entrada en vigor del «Acuerdo entre el Gobierno de la República del Perú y la Organización de las Naciones Unidas para la Educación la Ciencia y la Cultura (UNESCO) relativo a la renovación de la designación del Centro Regional para la Salvaguardia del Patrimonio Cultural Inmaterial de América Latina (CRESPIAL) como centro de categoría 2 bajo los auspicios de la UNESCO en Cusco (Perú)»,https://busquedas.elperuano.pe/dispositivo/NL/2358812-1,31/01/2025,,,,,,,,,,,,,,,,,,,,,,,,,,,,,,,,,,,,,,
01/01/2025,2358403-1,PRESIDENCIA DEL CONSEJO DE MINISTROS,RESOLUCION MINISTERIAL,N° 381-2024-PCM,Designan Subsecretaria I de la Subsecretaría de Asuntos Técnicos de Demarcación y Organización Territorial de la Secretaría de Demarcación y Organización Territorial,https://busquedas.elperuano.pe/dispositivo/NL/2358403-1,31/01/2025,,,,,,,,,,,,,,,,,,,,,,,,,,,,,,,,,,,,,,
01/01/2025,2358136-1,COMERCIO EXTERIOR Y TURISMO,RESOLUCION MINISTERIAL,N° 385-2024-MINCETUR,Designan Asesor I del Gabinete de Asesores del Despacho Ministerial,https://busquedas.elperuano.pe/dispositivo/NL/2358136-1,31/01/2025,,,,,,,,,,,,,,,,,,,,,,,,,,,,,,,,,,,,,,
01/01/2025,2356057-1,ENERGIA Y MINAS,RESOLUCION DIRECTORAL,N° 0168-2024-MINEM/DGE,Otorgan a favor de RENOVA SOLARIS ENERGÍA S.A.C. concesión eléctrica rural para la dotación de energía eléctrica mediante generación autónoma con fuentes no convencionales en proyecto ubicado en distritos de las provincias de Anta Chumbivilcas Cusco La Convención Paruro Acomayo Canas Canchis Espinar Paruro y Quispicanchi departamento de Cusco,https://busquedas.elperuano.pe/dispositivo/NL/2356057-1,31/01/2025,,,,,,,,,,,,,,,,,,,,,,,,,,,,,,,,,,,,,,
01/01/2025,2356166-1,ENERGIA Y MINAS,RESOLUCION DIRECTORAL,N° 0173-2024-MINEM/DGE,Otorgan a favor de ORIENTAL RENOVA la concesión eléctrica rural para la dotación de energía eléctrica mediante generación autónoma con fuentes no convencionales en proyecto ubicado en las provincias de Acomayo Anta Calca Canas Canchis Chumbivilcas Cusco Espinar La Convención Paruro Paucartambo Quispicanchi y Urubamba departamento de Cusco,https://busquedas.elperuano.pe/dispositivo/NL/2356166-1,31/01/2025,,,,,,,,,,,,,,,,,,,,,,,,,,,,,,,,,,,,,,
01/01/2025,2357520-1,MUJER Y POBLACIONES VULNERABLES,RESOLUCION MINISTERIAL,N° 383-2024-MIMP,Designan Asesora II del Despacho Viceministerial de Poblaciones Vulnerables,https://busquedas.elperuano.pe/dispositivo/NL/2357520-1,31/01/2025,,,,,,,,,,,,,,,,,,,,,,,,,,,,,,,,,,,,,,
01/01/2025,2358046-1,MUJER Y POBLACIONES VULNERABLES,RESOLUCION MINISTERIAL,N° 391-2024-MIMP,Designan Director General de la Oficina General de Asesoría Jurídica del Ministerio,https://busquedas.elperuano.pe/dispositivo/NL/2358046-1,31/01/2025,,,,,,,,,,,,,,,,,,,,,,,,,,,,,,,,,,,,,,
01/01/2025,2358048-1,MUJER Y POBLACIONES VULNERABLES,RESOLUCION MINISTERIAL,N° 392-2024-MIMP,Designan Director General de la Oficina General de Administración del Ministerio,https://busquedas.elperuano.pe/dispositivo/NL/2358048-1,31/01/2025,,,,,,,,,,,,,,,,,,,,,,,,,,,,,,,,,,,,,,
01/01/2025,2358050-1,MUJER Y POBLACIONES VULNERABLES,RESOLUCION MINISTERIAL,N° 393-2024-MIMP,Designan Directora II de la Oficina de Abastecimiento y Servicios de la Oficina General de Administración del Ministerio,https://busquedas.elperuano.pe/dispositivo/NL/2358050-1,31/01/2025,,,,,,,,,,,,,,,,,,,,,,,,,,,,,,,,,,,,,,
01/01/2025,2358088-1,MUJER Y POBLACIONES VULNERABLES,RESOLUCION MINISTERIAL,N° 394-2024-MIMP,Designan Directora II de la Oficina de Tesorería de la Oficina General de Administración del Ministerio,https://busquedas.elperuano.pe/dispositivo/NL/2358088-1,31/01/2025,,,,,,,,,,,,,,,,,,,,,,,,,,,,,,,,,,,,,,
01/01/2025,2358090-1,MUJER Y POBLACIONES VULNERABLES,RESOLUCION MINISTERIAL,N° 395-2024-MIMP,Designan Coordinador de la Sub Unidad de Logística (hoy Subunidad de Abastecimiento) del INABIF,https://busquedas.elperuano.pe/dispositivo/NL/2358090-1,31/01/2025,,,,,,,,,,,,,,,,,,,,,,,,,,,,,,,,,,,,,,
01/01/2025,2358092-1,MUJER Y POBLACIONES VULNERABLES,RESOLUCION MINISTERIAL,N° 396-2024-MIMP,Modifican la R.M. N° 373-2024-MIMP que dispuso la publicación del proyecto Estrategia para la adecuada implementación del sistema de apoyos y salvaguardias para el ejercicio de la capacidad jurídica de las personas con discapacidad,https://busquedas.elperuano.pe/dispositivo/NL/2358092-1,31/01/2025,,,,,,,,,,,,,,,,,,,,,,,,,,,,,,,,,,,,,,
01/01/2025,2358529-1,PRODUCE,FE DE ERRATA,Res. N° 000013-2024-ITP/DE,FE DE ERRATA,https://busquedas.elperuano.pe/dispositivo/NL/2358529-1,31/01/2025,,,,,,,,,,,,,,,,,,,,,,,,,,,,,,,,,,,,,,
01/01/2025,2358525-1,PRODUCE,FE DE ERRATA,Res. N° 000016-2024-ITP/DE,FE DE ERRATA,https://busquedas.elperuano.pe/dispositivo/NL/2358525-1,31/01/2025,,,,,,,,,,,,,,,,,,,,,,,,,,,,,,,,,,,,,,
01/01/2025,2358527-1,PRODUCE,FE DE ERRATA,Res. N° 000012-2024-ITP/DE,FE DE ERRATA,https://busquedas.elperuano.pe/dispositivo/NL/2358527-1,31/01/2025,,,,,,,,,,,,,,,,,,,,,,,,,,,,,,,,,,,,,,
01/01/2025,2358560-1,BIBLIOTECA NACIONAL DEL PERU,RESOLUCION JEFATURAL,N° 000220-2024-BNP,Delegan facultades y atribuciones a diversos funcionarios de la Biblioteca Nacional del Perú durante el año fiscal 2025,https://busquedas.elperuano.pe/dispositivo/NL/2358560-1,31/01/2025,,,,,,,,,,,,,,,,,,,,,,,,,,,,,,,,,,,,,,
01/01/2025,2358020-1,BIBLIOTECA NACIONAL DEL PERU,RESOLUCION JEFATURAL,N° 000216-2024-BNP,Designan Jefa de la Oficina de Administración de la Biblioteca Nacional del Perú,https://busquedas.elperuano.pe/dispositivo/NL/2358020-1,31/01/2025,,,,,,,,,,,,,,,,,,,,,,,,,,,,,,,,,,,,,,
01/01/2025,2358531-1,INSTITUTO NACIONAL DE ENFERMEDADES NEOPLASICAS,RESOLUCION JEFATURAL,N° 277-2024-J/INEN,Designan Directora Ejecutiva de la Oficina de Comunicaciones del Instituto Nacional de Enfermedades Neoplásicas - INEN,https://busquedas.elperuano.pe/dispositivo/NL/2358531-1,31/01/2025,,,,,,,,,,,,,,,,,,,,,,,,,,,,,,,,,,,,,,
01/01/2025,2358528-1,INSTITUTO NACIONAL DE ENFERMEDADES NEOPLASICAS,RESOLUCION JEFATURAL,N° 276-2024-J/INEN,Delegan facultades en diversos órganos y unidades orgánicas del INEN durante el año fiscal 2025,https://busquedas.elperuano.pe/dispositivo/NL/2358528-1,31/01/2025,,,,,,,,,,,,,,,,,,,,,,,,,,,,,,,,,,,,,,
01/01/2025,2358011-1,INSTITUTO NACIONAL DE SALUD,RESOLUCION,N° 259-2024-PE/INS,Designan Jefa de Equipo II de la Gerencia General del Instituto Nacional de Salud,https://busquedas.elperuano.pe/dispositivo/NL/2358011-1,31/01/2025,,,,,,,,,,,,,,,,,,,,,,,,,,,,,,,,,,,,,,
01/01/2025,2358565-1,SERVICIO NACIONAL DE CAPACITACION PARA LA INDUSTRIA DE LA CONSTRUCCION,RESOLUCION,N° 000231-2024-02.00/SENCICO,Modifican el Presupuesto Institucional del Pliego 205: Servicio Nacional de Capacitación para la Industria de la Construcción para el Año Fiscal 2024,https://busquedas.elperuano.pe/dispositivo/NL/2358565-1,31/01/2025,,,,,,,,,,,,,,,,,,,,,,,,,,,,,,,,,,,,,,
01/01/2025,2358171-1,"SUPERINTENDENCIA DE TRANSPORTE TERRESTRE DE PERSONAS, CARGA Y MERCANCIAS",RESOLUCION,N° D000090-2024-SUTRAN-CD,Designan Gerente de la Gerencia de Procedimientos y Sanciones de la Superintendencia de Transporte Terrestre de Personas Carga y Mercancías - SUTRAN,https://busquedas.elperuano.pe/dispositivo/NL/2358171-1,31/01/2025,,,,,,,,,,,,,,,,,,,,,,,,,,,,,,,,,,,,,,
01/01/2025,2358555-1,AGENCIA DE PROMOCIÓN DE LA INVERSIÓN PRIVADA,RESOLUCION,N° 129-2024,Delegan facultades a diversos servidores y funcionarios de PROINVERSIÓN durante el Año Fiscal 2025,https://busquedas.elperuano.pe/dispositivo/NL/2358555-1,31/01/2025,,,,,,,,,,,,,,,,,,,,,,,,,,,,,,,,,,,,,,
01/01/2025,2358564-1,AUTORIDAD NACIONAL DEL AGUA,RESOLUCION JEFATURAL,N° 0491-2024-ANA,Designan Director de la Dirección de Organizaciones de Usuarios de Agua de la Autoridad Nacional del Agua,https://busquedas.elperuano.pe/dispositivo/NL/2358564-1,31/01/2025,,,,,,,,,,,,,,,,,,,,,,,,,,,,,,,,,,,,,,
01/01/2025,2358454-1,"CONSEJO NACIONAL DE CIENCIA, TECNOLOGÍA E INNOVACIÓN TECNOLÓGICA",RESOLUCION,N° 172-2024-CONCYTEC-P,Designan Sub Director de la Sub Dirección de Ciencia Tecnología y Talentos de la Dirección de Políticas y Programas de CTeI del CONCYTEC,https://busquedas.elperuano.pe/dispositivo/NL/2358454-1,31/01/2025,,,,,,,,,,,,,,,,,,,,,,,,,,,,,,,,,,,,,,
01/01/2025,2358485-1,INSTITUTO NACIONAL DE ESTADISTICA E INFORMATICA,RESOLUCION JEFATURAL,N° 301-2024-INEI,Aprueban Índices de Precios al Consumidor a Nivel Nacional y de Lima Metropolitana correspondientes al mes de diciembre de 2024,https://busquedas.elperuano.pe/dispositivo/NL/2358485-1,31/01/2025,,,,,,,,,,,,,,,,,,,,,,,,,,,,,,,,,,,,,,
01/01/2025,2358495-1,INSTITUTO NACIONAL DE ESTADISTICA E INFORMATICA,RESOLUCION JEFATURAL,N° 302-2024-INEI,Aprueban Índice de Precios al Por Mayor a Nivel Nacional correspondiente al mes de diciembre de 2024,https://busquedas.elperuano.pe/dispositivo/NL/2358495-1,31/01/2025,,,,,,,,,,,,,,,,,,,,,,,,,,,,,,,,,,,,,,
01/01/2025,2358164-1,ORGANISMO DE EVALUACION Y FISCALIZACION AMBIENTAL,RESOLUCION,N° 00129-2024-OEFA/PCD,Delegan facultades en diversos funcionarios de la OEFA durante el Año Fiscal 2025,https://busquedas.elperuano.pe/dispositivo/NL/2358164-1,31/01/2025,,,,,,,,,,,,,,,,,,,,,,,,,,,,,,,,,,,,,,
01/01/2025,2358459-1,ORGANISMO TÉCNICO DE LA ADMINISTRACIÓN DE LOS SERVICIOS DE SANEAMIENTO,RESOLUCION DIRECTORAL,N° 000130-2024-OTASS-DE,Delegan facultades a diversos órganos y unidades orgánicas del OTASS durante el ejercicio presupuestal 2025,https://busquedas.elperuano.pe/dispositivo/NL/2358459-1,31/01/2025,,,,,,,,,,,,,,,,,,,,,,,,,,,,,,,,,,,,,,
01/01/2025,2358385-1,ORGANISMO TÉCNICO DE LA ADMINISTRACIÓN DE LOS SERVICIOS DE SANEAMIENTO,RESOLUCION DIRECTORAL,N° 000129-2024-OTASS-DE,Formalizan Acuerdo que aprueba el Plan Operativo Institucional (POI) Anual 2025 consistente con el Presupuesto Institucional de Apertura 2025 del OTASS,https://busquedas.elperuano.pe/dispositivo/NL/2358385-1,31/01/2025,,,,,,,,,,,,,,,,,,,,,,,,,,,,,,,,,,,,,,
01/01/2025,2358153-1,SUPERINTENDENCIA NACIONAL DE ADUANAS Y DE ADMINISTRACIÓN TRIBUTARIA,RESOLUCION,N° 000303-2024/SUNAT,Designan Gerente de Presupuesto y Formulación de Inversiones de la Intendencia Nacional de Formulación de Inversiones y Finanzas,https://busquedas.elperuano.pe/dispositivo/NL/2358153-1,31/01/2025,,,,,,,,,,,,,,,,,,,,,,,,,,,,,,,,,,,,,,
01/01/2025,2358505-1,SUPERINTENDENCIA NACIONAL DE EDUCACION SUPERIOR UNIVERSITARIA,RESOLUCION,N° 0039-2024-SUNEDU-CD,Resolución que sanciona a la Universidad Privada Peruano Alemana S.A.C. con la cancelación de la licencia institucional de funcionamiento por incurrir en conductas infractoras tipificadas en los numerales 1.2 y 8.6. del Anexo del Reglamento de Infracciones y Sanciones de la Sunedu,https://epdoc2.elperuano.pe/EpPo/VistaNLSE.asp?Referencias=MjM1ODUwNS0xMjAyNTAxMDE=,31/01/2025,,,,,,,,,,,,,,,,,,,,,,,,,,,,,,,,,,,,,,
01/01/2025,2358447-1,SUPERINTENDENCIA NACIONAL DE FISCALIZACIÓN LABORAL,RESOLUCION,N° 281-2024-SUNAFIL,Designan Intendente Regional de la Intendencia Regional de La Libertad de la SUNAFIL,https://busquedas.elperuano.pe/dispositivo/NL/2358447-1,31/01/2025,,,,,,,,,,,,,,,,,,,,,,,,,,,,,,,,,,,,,,
01/01/2025,2358542-1,JURADO NACIONAL DE ELECCIONES,RESOLUCION,N° 0450-2024-JNE,Convocan a ciudadana para que asuma el cargo de regidora del Concejo Distrital de Pítipo provincia de Ferreñafe departamento de Lambayeque,https://busquedas.elperuano.pe/dispositivo/NL/2358542-1,31/01/2025,,,,,,,,,,,,,,,,,,,,,,,,,,,,,,,,,,,,,,
01/01/2025,2358414-1,REGISTRO NACIONAL DE IDENTIFICACION Y ESTADO CIVIL,RESOLUCION JEFATURAL,N° 000204-2024/JNAC/RENIEC,Aprueban el Plan Operativo Institucional Anual 2025 del Registro Nacional de Identificación y Estado Civil – RENIEC para el año fiscal 2025,https://busquedas.elperuano.pe/dispositivo/NL/2358414-1,31/01/2025,,,,,,,,,,,,,,,,,,,,,,,,,,,,,,,,,,,,,,
01/01/2025,2358407-1,TRIBUNAL CONSTITUCIONAL,RESOLUCION ADMINISTRATIVA,N° 214-2024-P/TC,Delegan facultades y atribuciones en diversos funcionarios del Tribunal Constitucional durante el Año Fiscal 2025,https://busquedas.elperuano.pe/dispositivo/NL/2358407-1,31/01/2025,,,,,,,,,,,,,,,,,,,,,,,,,,,,,,,,,,,,,,
