FECHA_PUBLICACION,OP,ENTIDAD,DISPOSITIVO,NUMERO,SUMILLA,LINK,FECHA_CORTE
20240630,2302495-1,AMBIENTE,RESOLUCION,No 057-2024-SENAMHI/ PREJ,Autorizan transferencia financiera a favor de la Contraloria General de la Republica,https://epdoc2.elperuano.pe/EpPo/DescargaINDA.asp?Referencias=NDNZQllCWUJZQlM4VkJZQlRNTEhZQkxIOVdfX1VOWVhUTUxIWUJTOExI,20240630
20240630,2302496-1,AMBIENTE,RESOLUCION,No 058-2024-SENAMHI/ PREJ,Autorizan transferencia financiera a favor de la Contraloria General de la Republica,https://epdoc2.elperuano.pe/EpPo/DescargaINDA.asp?Referencias=NDNZQllCWUJZQlM4VkJZQlRNTEhZQkxIOVdfX1ZCWVhUTUxIWUJTOExI,20240630
20240630,2300661-1,COMERCIO EXTERIOR Y TURISMO,RESOLUCION MINISTERIAL,No 187-2024-MINCETUR,Autorizan viaje de personal del MINCETUR a Chile en comision de servicios,https://epdoc2.elperuano.pe/EpPo/DescargaINDA.asp?Referencias=NDNZQllCWUJZQlM4VkJZQlRNTEhZQkxIOVdfXzlXVkJWQllCWUJTOExI,20240630
20240630,2302313-1,COMERCIO EXTERIOR Y TURISMO,RESOLUCION MINISTERIAL,No 192-2024-MINCETUR,Autorizan viaje de representantes del Ministerio para participar en evento a realizarse en Brunei Darussalam,https://epdoc2.elperuano.pe/EpPo/DescargaINDA.asp?Referencias=NDNZQllCWUJZQlM4VkJZQlRNTEhZQkxIOVdfX1M4OVdTOExIWUJTOExI,20240630
20240630,2302012-1,CULTURA,RESOLUCION DIRECTORAL,No 000103-2024-DGPA-VMPCIC/MC,Determinan proteccion provisional del Sitio Arqueologico Huaca Pro ubicado en el distrito de Los Olivos provincia y departamento de Lima,https://epdoc2.elperuano.pe/EpPo/DescargaINDA.asp?Referencias=NDNZQllCWUJZQlM4VkJZQlRNTEhZQkxIOVdfX0xIOVdZQkxIWUJTOExI,20240630
20240630,2302014-1,CULTURA,RESOLUCION DIRECTORAL,No 000102-2024-DGPA-VMPCIC/MC,Determinan proteccion provisional del Complejo Arqueologico Monumental Playa Culebras ubicado en el distrito de Culebras provincia de Huarmey departamento de ancash,https://epdoc2.elperuano.pe/EpPo/DescargaINDA.asp?Referencias=NDNZQllCWUJZQlM4VkJZQlRNTEhZQkxIOVdfX1RNOVdZQkxIWUJTOExI,20240630
20240630,2302054-1,CULTURA,RESOLUCION VICE MINISTERIAL,No 000171-2024-VMPCIC/MC,Establecen que el Complejo Arqueologico Monumental Centro Ceremonial Cahuachi se encuentra dentro del ambito del area de Reserva Arqueologica Lineas y Geoglifos de Nazca,https://epdoc2.elperuano.pe/EpPo/DescargaINDA.asp?Referencias=NDNZQllCWUJZQlM4VkJZQlRNTEhZQkxIOVdfX1RNVU5ZQkxIWUJTOExI,20240630
20240630,2302231-1,CULTURA,RESOLUCION VICE MINISTERIAL,No 000177-2024-VMPCIC/MC,Declaran Patrimonio Cultural de la Nacion a dos unidades bibliograficas de la obra El Japon moderno y sus bases economicas (1935) de la produccion intelectual de Pedro Eleodoro Paulet Mostajo,https://epdoc2.elperuano.pe/EpPo/DescargaINDA.asp?Referencias=NDNZQllCWUJZQlM4VkJZQlRNTEhZQkxIOVdfXzlXUzhMSExIWUJTOExI,20240630
20240630,2302457-1,DEFENSA,RESOLUCION MINISTERIAL,No 00650-2024-DE,Autorizan viaje de personal naval a Colombia en comision de servicios,https://epdoc2.elperuano.pe/EpPo/DescargaINDA.asp?Referencias=NDNZQllCWUJZQlM4VkJZQlRNTEhZQkxIOVdfX1dWVU5UTUxIWUJTOExI,20240630
20240630,2302460-1,DEFENSA,RESOLUCION MINISTERIAL,No 00647-2024-DE,Modifican los articulos 3 y 5 de la R.M. No 0600-2024-DE,https://epdoc2.elperuano.pe/EpPo/DescargaINDA.asp?Referencias=NDNZQllCWUJZQlM4VkJZQlRNTEhZQkxIOVdfX1lCVkJUTUxIWUJTOExI,20240630
20240630,2302462-1,DEFENSA,RESOLUCION MINISTERIAL,No 00646-2024-DE,Modifican los articulos 3 y 4 de la R.M. No 0593-2024-DE,https://epdoc2.elperuano.pe/EpPo/DescargaINDA.asp?Referencias=NDNZQllCWUJZQlM4VkJZQlRNTEhZQkxIOVdfX0xIVkJUTUxIWUJTOExI,20240630
20240630,2302466-1,DEFENSA,RESOLUCION MINISTERIAL,No 00643-2024-DE,Autorizan viaje de personal militar FAP a EE.UU. en comision de servicios,https://epdoc2.elperuano.pe/EpPo/DescargaINDA.asp?Referencias=NDNZQllCWUJZQlM4VkJZQlRNTEhZQkxIOVdfX1ZCVkJUTUxIWUJTOExI,20240630
20240630,2302302-1,DESARROLLO AGRARIO Y RIEGO,RESOLUCION DIRECTORAL,No D000023-2024-MIDAGRI-SENASA-DSA,Aprueban requisitos sanitarios para la importacion de felinos silvestres de procedencia del Reino de Espana,https://epdoc2.elperuano.pe/EpPo/DescargaINDA.asp?Referencias=NDNZQllCWUJZQlM4VkJZQlRNTEhZQkxIOVdfX0xIWUJTOExIWUJTOExI,20240630
20240630,2302507-1,ECONOMIA Y FINANZAS,DECRETO SUPREMO,No 115-2024-EF,Modifican el Impuesto Selectivo al Consumo aplicable a los bienes del nuevo Apendice IV del TUO de la Ley del Impuesto General a las Ventas e Impuesto Selectivo al Consumo,https://epdoc2.elperuano.pe/EpPo/DescargaINDA.asp?Referencias=NDNZQllCWUJZQlM4VkJZQlRNTEhZQkxIOVdfX1dWWUJVTkxIWUJTOExI,20240630
20240630,2302444-1,INTERIOR,RESOLUCION MINISTERIAL,No 0860-2024-IN,Autorizan viaje de personal policial a Argentina en comision de servicios,https://epdoc2.elperuano.pe/EpPo/DescargaINDA.asp?Referencias=NDNZQllCWUJZQlM4VkJZQlRNTEhZQkxIOVdfX1RNVE1UTUxIWUJTOExI,20240630
20240630,2302393-1,RELACIONES EXTERIORES,RESOLUCION MINISTERIAL,No 0511-2024-RE,Autorizan viaje de funcionario diplomatico a Costa Rica en comision de servicios,https://epdoc2.elperuano.pe/EpPo/DescargaINDA.asp?Referencias=NDNZQllCWUJZQlM4VkJZQlRNTEhZQkxIOVdfX1M4WVhTOExIWUJTOExI,20240630
20240630,2301999-1,TRANSPORTES Y COMUNICACIONES,RESOLUCION MINISTERIAL,No 352-2024-MTC/01.03,Otorgan a la Empresa de Telecomunicaciones TELEDUO PERU S.A.C. la concesion unica para la prestacion de servicios publicos de telecomunicaciones en area que comprende todo el territorio del pais,https://epdoc2.elperuano.pe/EpPo/DescargaINDA.asp?Referencias=NDNZQllCWUJZQlM4VkJZQlRNTEhZQkxIOVdfX1lYWVhZWDlXWUJTOExI,20240630
20240630,2302002-1,TRANSPORTES Y COMUNICACIONES,RESOLUCION MINISTERIAL,No 353-2024-MTC/01.02,Aprueban ejecucion de la expropiacion de areas afectadas de inmuebles para la ejecucion de la obra: Rehabilitacion y Mejoramiento de la Carretera Tocache - Juanjui Tramo: Pizana - La Polvora - Pizarron - Perlamayo - Campanilla y los valores de las tasaciones,https://epdoc2.elperuano.pe/EpPo/DescargaINDA.asp?Referencias=NDNZQllCWUJZQlM4VkJZQlRNTEhZQkxIOVdfX0xIWUJZQkxIWUJTOExI,20240630
20240630,2302470-1,TRANSPORTES Y COMUNICACIONES,RESOLUCION MINISTERIAL,No 354-2024-MTC/01.02,Ratifican el Memorandum de Entendimiento entre las Autoridades Aeronauticas Civiles de la Republica Argentina y de la Republica del Peru,https://epdoc2.elperuano.pe/EpPo/DescargaINDA.asp?Referencias=NDNZQllCWUJZQlM4VkJZQlRNTEhZQkxIOVdfX1lCV1ZUTUxIWUJTOExI,20240630
20240630,2302478-1,COMISION NACIONAL PARA EL DESARROLLO Y VIDA SIN DROGAS,RESOLUCION,No 000143-2024-DV-PE,Autorizan transferencia financiera a favor de la Municipalidad Distrital de Samugari para la ejecucion de actividad en el marco del Programa Presupuestal Prevencion y Tratamiento del Consumo de Drogas,https://epdoc2.elperuano.pe/EpPo/DescargaINDA.asp?Referencias=NDNZQllCWUJZQlM4VkJZQlRNTEhZQkxIOVdfX1hDV1ZUTUxIWUJTOExI,20240630
20240630,2302479-1,COMISION NACIONAL PARA EL DESARROLLO Y VIDA SIN DROGAS,RESOLUCION,No 000144-2024-DV-PE,Autorizan transferencia financiera a favor de la Municipalidad Distrital de Mazamari para la ejecucion de actividad en el marco del Programa Presupuestal Prevencion y Tratamiento del Consumo de Drogas,https://epdoc2.elperuano.pe/EpPo/DescargaINDA.asp?Referencias=NDNZQllCWUJZQlM4VkJZQlRNTEhZQkxIOVdfX1lYV1ZUTUxIWUJTOExI,20240630
20240630,2302480-1,COMISION NACIONAL PARA EL DESARROLLO Y VIDA SIN DROGAS,RESOLUCION,No 000145-2024-DV-PE,Autorizan transferencia financiera a favor de la Municipalidad Distrital de Anchihuay para la ejecucion de actividad en el marco del Programa Presupuestal Prevencion y Tratamiento del Consumo de Drogas,https://epdoc2.elperuano.pe/EpPo/DescargaINDA.asp?Referencias=NDNZQllCWUJZQlM4VkJZQlRNTEhZQkxIOVdfX1lCWENUTUxIWUJTOExI,20240630
20240630,2302488-1,COMISION NACIONAL PARA EL DESARROLLO Y VIDA SIN DROGAS,RESOLUCION,No 000146-2024-DV-PE,Autorizan transferencia financiera a favor de la Municipalidad Distrital de Shunte para la ejecucion de actividad en el marco del Programa Presupuestal Prevencion y Tratamiento del Consumo de Drogas,https://epdoc2.elperuano.pe/EpPo/DescargaINDA.asp?Referencias=NDNZQllCWUJZQlM4VkJZQlRNTEhZQkxIOVdfX1hDWENUTUxIWUJTOExI,20240630
20240630,2302461-1,INSTITUTO NACIONAL DE RADIO Y TELEVISIoN DEL PERu,RESOLUCION,No 000060-2024-IRTP-PE,Designan Jefe de la Oficina de Filiales del Instituto Nacional de Radio y Television del Peru,https://epdoc2.elperuano.pe/EpPo/DescargaINDA.asp?Referencias=NDNZQllCWUJZQlM4VkJZQlRNTEhZQkxIOVdfXzlXVkJUTUxIWUJTOExI,20240630
20240630,2302481-1,SUPERINTENDENCIA DE TRANSPORTE TERRESTRE DE PERSONAS  CARGA Y MERCANCIAS,RESOLUCION,No D00049-2024-SUTRAN-CD,Designan Asesor de la Gerencia de Procedimientos y Sanciones de la Superintendencia de Transporte Terrestre de Personas Carga y Mercancias - SUTRAN,https://epdoc2.elperuano.pe/EpPo/DescargaINDA.asp?Referencias=NDNZQllCWUJZQlM4VkJZQlRNTEhZQkxIOVdfXzlXWENUTUxIWUJTOExI,20240630
20240630,2302371-1,SUPERINTENDENCIA NACIONAL DE BIENES ESTATALES,RESOLUCION,No 0034-2024/SBN,Designan Gerente General de la Superintendencia Nacional de Bienes Estatales,https://epdoc2.elperuano.pe/EpPo/DescargaINDA.asp?Referencias=NDNZQllCWUJZQlM4VkJZQlRNTEhZQkxIOVdfXzlXV1ZTOExIWUJTOExI,20240630
20240630,2302106-1,ORGANISMO SUPERVISOR DE LA INVERSIoN EN INFRAESTRUCTURA DE TRANSPORTE DE USO PuBLICO,RESOLUCION,No 0042-2024-PD-OSITRAN,Designan miembros del Tribunal de Solucion de Controversias y Atencion de Reclamos del OSITRAN,https://epdoc2.elperuano.pe/EpPo/DescargaINDA.asp?Referencias=NDNZQllCWUJZQlM4VkJZQlRNTEhZQkxIOVdfX1ZCWUI5V0xIWUJTOExI,20240630
20240630,2302463-1,AUTORIDAD DE TRANSPORTE URBANO PARA LIMA Y CALLAO,RESOLUCION DIRECTORAL,No D-000029-2024-ATU/DO,Prorrogan plazo de titulos habilitantes relacionados con la prestacion del Servicio de Transporte Regular de Personas bajo competencia de la ATU cuya fecha de vencimiento se encuentren comprendidos entre el 30 de junio de 2024 y el 20 de octubre de 2024,https://epdoc2.elperuano.pe/EpPo/DescargaINDA.asp?Referencias=NDNZQllCWUJZQlM4VkJZQlRNTEhZQkxIOVdfX1M4VkJUTUxIWUJTOExI,20240630
20240630,2302465-1,ORGANISMO TeCNICO DE LA ADMINISTRACIoN DE LOS SERVICIOS DE SANEAMIENTO,RESOLUCION,No 000015-2024-OTASS-CD,Designan Gerente de Administracion y Finanzas de la Entidad Prestadora de Servicios de Saneamiento de Agua Potable y Alcantarillado de Loreto Sociedad Anonima - EPS SEDALORETO S.A.,https://epdoc2.elperuano.pe/EpPo/DescargaINDA.asp?Referencias=NDNZQllCWUJZQlM4VkJZQlRNTEhZQkxIOVdfX1VOVkJUTUxIWUJTOExI,20240630
20240630,2302299-1,SUPERINTENDENCIA NACIONAL DE ADUANAS Y DE ADMINISTRACIoN TRIBUTARIA,RESOLUCION,No 000025-2024-SUNAT/700000,Prorrogan la aplicacion de la facultad discrecional en la administracion de sanciones dispuesta en la Resolucion de Superintendencia Nacional Adjunta de Tributos Internos No 000052-2022-SUNAT/700000,https://epdoc2.elperuano.pe/EpPo/DescargaINDA.asp?Referencias=NDNZQllCWUJZQlM4VkJZQlRNTEhZQkxIOVdfX1lYWVhMSExIWUJTOExI,20240630
20240630,2302324-1,SUPERINTENDENCIA NACIONAL DE ADUANAS Y DE ADMINISTRACIoN TRIBUTARIA,RESOLUCION,No 000130-2024/SUNAT,Resolucion de Superintendencia que modifica la Resolucion de Superintendencia No 210-2004/SUNAT mediante la cual se aprueban las disposiciones reglamentarias del Decreto Legislativo No 943 que aprobo la Ley del Registro unico de Contribuyentes,https://epdoc2.elperuano.pe/EpPo/DescargaINDA.asp?Referencias=NDNZQllCWUJZQlM4VkJZQlRNTEhZQkxIOVdfX1RNTEhTOExIWUJTOExI,20240630
20240630,2302330-1,CONSEJO EJECUTIVO DEL PODER JUDICIAL,INVESTIGACION,DEFINITIVA No 1254-2021-JUNiN,Imponen la medida disciplinaria de destitucion a servidor judicial en su actuacion como apoyo administrativo en el Archivo Central de la Corte Superior de Justicia de Junin,https://epdoc2.elperuano.pe/EpPo/DescargaINDA.asp?Referencias=NDNZQllCWUJZQlM4VkJZQlRNTEhZQkxIOVdfX1lCUzhTOExIWUJTOExI,20240630
20240630,2302392-1,CONSEJO EJECUTIVO DEL PODER JUDICIAL,RESOLUCION ADMINISTRATIVA,No 000084-2024-P-CE-PJ,Autorizan viaje de Jueza provisional de la Quinta Sala de Derecho Constitucional y Social Transitoria de la Corte Suprema de Justicia de la Republica para participar en curso a realizarse en Colombia,https://epdoc2.elperuano.pe/EpPo/DescargaINDA.asp?Referencias=NDNZQllCWUJZQlM4VkJZQlRNTEhZQkxIOVdfX0xIWVhTOExIWUJTOExI,20240630
20240630,2302456-1,JURADO NACIONAL DE ELECCIONES,RESOLUCION,No 0189-2024-JNE,Dejan sin efecto credencial y convocan a ciudadano a fin de que asuma el cargo de regidor del Concejo Provincial de Manu departamento de Madre de Dios a fin de completar el periodo de gobierno municipal 2023-2026,https://epdoc2.elperuano.pe/EpPo/DescargaINDA.asp?Referencias=NDNZQllCWUJZQlM4VkJZQlRNTEhZQkxIOVdfX1ZCVU5UTUxIWUJTOExI,20240630
20240630,2302446-1,MINISTERIO PUBLICO,RESOLUCION,No 1455-2024-MP-FN,Prorrogan asignaciones de manera temporal de plazas senaladas en diversas Resoluciones de la Fiscalia de la Nacion,https://epdoc2.elperuano.pe/EpPo/DescargaINDA.asp?Referencias=NDNZQllCWUJZQlM4VkJZQlRNTEhZQkxIOVdfX1ZCVE1UTUxIWUJTOExI,20240630
20240630,2302447-1,MINISTERIO PUBLICO,RESOLUCION,No 1456-2024-MP-FN,Prorrogan asignaciones nombramientos designaciones y/o destaques del personal fiscal en merito a la Res. No 087-2021-MP-FN-JFS y dictan diversas disposiciones,https://epdoc2.elperuano.pe/EpPo/DescargaINDA.asp?Referencias=NDNZQllCWUJZQlM4VkJZQlRNTEhZQkxIOVdfX1dWVE1UTUxIWUJTOExI,20240630
20240630,2302448-1,MINISTERIO PUBLICO,RESOLUCION,No 1457-2024-MP-FN,Prorrogan vigencia de asignaciones nombramientos designaciones y/o destaques del personal fiscal en merito a la Res. No 046-2023-MP-FN-JFS y dictan diversas disposiciones,https://epdoc2.elperuano.pe/EpPo/DescargaINDA.asp?Referencias=NDNZQllCWUJZQlM4VkJZQlRNTEhZQkxIOVdfX1hDVE1UTUxIWUJTOExI,20240630
20240630,2302449-1,MINISTERIO PUBLICO,RESOLUCION,No 1458-2024-MP-FN,Prorrogan vigencia de asignaciones nombramientos designaciones y/o destaques asi como sus incorporaciones de ser el caso de los fiscales que conforman el Distrito Fiscal de Lima Centro y dictan diversas disposiciones,https://epdoc2.elperuano.pe/EpPo/DescargaINDA.asp?Referencias=NDNZQllCWUJZQlM4VkJZQlRNTEhZQkxIOVdfX1lYVE1UTUxIWUJTOExI,20240630
20240630,2302450-1,MINISTERIO PUBLICO,RESOLUCION,No 1459-2024-MP-FN,Prorrogan vigencia de asignaciones nombramientos designaciones y/o destaques de los fiscales que conforman diversos Distritos Fiscales y dictan diversas disposiciones,https://epdoc2.elperuano.pe/EpPo/DescargaINDA.asp?Referencias=NDNZQllCWUJZQlM4VkJZQlRNTEhZQkxIOVdfX1lCVU5UTUxIWUJTOExI,20240630
20240630,2302451-1,MINISTERIO PUBLICO,RESOLUCION,No 1460-2024-MP-FN,Prorrogan vigencia de asignaciones nombramientos designaciones y/o destaques de los fiscales que conforman diversos Distritos Fiscales y dictan otras disposiciones,https://epdoc2.elperuano.pe/EpPo/DescargaINDA.asp?Referencias=NDNZQllCWUJZQlM4VkJZQlRNTEhZQkxIOVdfXzlXVU5UTUxIWUJTOExI,20240630
20240630,2302452-1,MINISTERIO PUBLICO,RESOLUCION,No 1461-2024-MP-FN,Prorrogan vigencia de asignaciones nombramientos designaciones y/o destaques de los fiscales que conforman diversos Distritos Fiscales y dictan otras disposiciones,https://epdoc2.elperuano.pe/EpPo/DescargaINDA.asp?Referencias=NDNZQllCWUJZQlM4VkJZQlRNTEhZQkxIOVdfX0xIVU5UTUxIWUJTOExI,20240630
20240630,2302453-1,MINISTERIO PUBLICO,RESOLUCION,No 1462-2024-MP-FN,Prorrogan vigencia de asignaciones nombramientos designaciones y/o destaques de los fiscales que conforman diversos Distritos Fiscales y dictan otras disposiciones,https://epdoc2.elperuano.pe/EpPo/DescargaINDA.asp?Referencias=NDNZQllCWUJZQlM4VkJZQlRNTEhZQkxIOVdfX1M4VU5UTUxIWUJTOExI,20240630
20240630,2302454-1,MINISTERIO PUBLICO,RESOLUCION,No 1463-2024-MP-FN,Prorrogan vigencia de asignaciones nombramientos designaciones y/o destaques de los fiscales que conforman diversos Distritos Fiscales y dictan otras disposiciones,https://epdoc2.elperuano.pe/EpPo/DescargaINDA.asp?Referencias=NDNZQllCWUJZQlM4VkJZQlRNTEhZQkxIOVdfX1RNVU5UTUxIWUJTOExI,20240630
20240630,2302455-1,MINISTERIO PUBLICO,RESOLUCION,No 1464-2024-MP-FN,Prorrogan vigencia de nombramientos y/o designaciones de Fiscal Supremo Fiscales Adjuntos Supremos Fiscales Superiores Fiscales Adjuntos Superiores Fiscales Provinciales Fiscales Adjuntos Provinciales y dictan otras disposiciones,https://epdoc2.elperuano.pe/EpPo/DescargaINDA.asp?Referencias=NDNZQllCWUJZQlM4VkJZQlRNTEhZQkxIOVdfX1VOVU5UTUxIWUJTOExI,20240630
20240630,2302467-1,MINISTERIO PUBLICO,RESOLUCION,No 1440-2024-MP-FN,Designan fiscales en diversos Distritos Fiscales,https://epdoc2.elperuano.pe/EpPo/DescargaINDA.asp?Referencias=NDNZQllCWUJZQlM4VkJZQlRNTEhZQkxIOVdfX1dWVkJUTUxIWUJTOExI,20240630
20240630,2302468-1,MINISTERIO PUBLICO,RESOLUCION,No 1441-2024-MP-FN,Designan fiscal adjunto provincial titular especializado en delitos de corrupcion de funcionarios (corporativo) de Moquegua Distrito Fiscal de Moquegua,https://epdoc2.elperuano.pe/EpPo/DescargaINDA.asp?Referencias=NDNZQllCWUJZQlM4VkJZQlRNTEhZQkxIOVdfX1hDVkJUTUxIWUJTOExI,20240630
20240630,2302469-1,MINISTERIO PUBLICO,RESOLUCION,No 1442-2024-MP-FN,Designan fiscal adjunta provincial titular especializada en delitos de corrupcion de funcionarios de Lima Distrito Fiscal de Lima actualmente Distrito Fiscal de Lima Centro,https://epdoc2.elperuano.pe/EpPo/DescargaINDA.asp?Referencias=NDNZQllCWUJZQlM4VkJZQlRNTEhZQkxIOVdfX1lYVkJUTUxIWUJTOExI,20240630
20240630,2302483-1,MINISTERIO PUBLICO,RESOLUCION,No 1443-2024-MP-FN,Dan por concluido el nombramiento de fiscal adjunta provincial provisional del Distrito Fiscal de San Martin,https://epdoc2.elperuano.pe/EpPo/DescargaINDA.asp?Referencias=NDNZQllCWUJZQlM4VkJZQlRNTEhZQkxIOVdfX1M4WENUTUxIWUJTOExI,20240630
20240630,2302484-1,MINISTERIO PUBLICO,RESOLUCION,No 1444-2024-MP-FN,Designan fiscal provincial titular penal (corporativo) de Arequipa y fiscal adjunto provincial titular penal (corporativo) de Paucarpata en el Distrito Fiscal de Arequipa,https://epdoc2.elperuano.pe/EpPo/DescargaINDA.asp?Referencias=NDNZQllCWUJZQlM4VkJZQlRNTEhZQkxIOVdfX1RNWENUTUxIWUJTOExI,20240630
20240630,2302485-1,MINISTERIO PUBLICO,RESOLUCION,No 1445-2024-MP-FN,Aceptan renuncia de fiscal adjunto provincial provisional transitorio del Distrito Fiscal de Lima Centro,https://epdoc2.elperuano.pe/EpPo/DescargaINDA.asp?Referencias=NDNZQllCWUJZQlM4VkJZQlRNTEhZQkxIOVdfX1VOWENUTUxIWUJTOExI,20240630
20240630,2302486-1,MINISTERIO PUBLICO,RESOLUCION,No 1446-2024-MP-FN,Dan por concluido el nombramiento de fiscales adjuntas provincial provisional transitoria del Distrito Fiscal de Lima Centro,https://epdoc2.elperuano.pe/EpPo/DescargaINDA.asp?Referencias=NDNZQllCWUJZQlM4VkJZQlRNTEhZQkxIOVdfX1ZCWENUTUxIWUJTOExI,20240630
20240630,2302487-1,MINISTERIO PUBLICO,RESOLUCION,No 1447-2024-MP-FN,Nombran fiscal adjunto supremo provisional designandolo en el despacho de la Segunda Fiscalia Suprema Penal,https://epdoc2.elperuano.pe/EpPo/DescargaINDA.asp?Referencias=NDNZQllCWUJZQlM4VkJZQlRNTEhZQkxIOVdfX1dWWENUTUxIWUJTOExI,20240630
20240630,2302489-1,MINISTERIO PUBLICO,RESOLUCION,No 1478-2024-MP-FN,Dejan sin efecto el nombramiento de fiscal adjunto provincial provisional del Distrito Fiscal de Lima Centro,https://epdoc2.elperuano.pe/EpPo/DescargaINDA.asp?Referencias=NDNZQllCWUJZQlM4VkJZQlRNTEhZQkxIOVdfX1lYWENUTUxIWUJTOExI,20240630
20240630,2302490-1,MINISTERIO PUBLICO,RESOLUCION,No 1479-2024-MP-FN,Designan fiscal adjunto provincial titular penal de Lima Distrito Fiscal de Lima actualmente Distrito Fiscal de Lima Centro,https://epdoc2.elperuano.pe/EpPo/DescargaINDA.asp?Referencias=NDNZQllCWUJZQlM4VkJZQlRNTEhZQkxIOVdfX1lCWVhUTUxIWUJTOExI,20240630
20240630,2302491-1,MINISTERIO PUBLICO,RESOLUCION,No 1480-2024-MP-FN,Aceptan renuncia de fiscal adjunta provincial provisional transitoria del Distrito Fiscal de Puno,https://epdoc2.elperuano.pe/EpPo/DescargaINDA.asp?Referencias=NDNZQllCWUJZQlM4VkJZQlRNTEhZQkxIOVdfXzlXWVhUTUxIWUJTOExI,20240630
20240630,2302492-1,MINISTERIO PUBLICO,RESOLUCION,No 1481-2024-MP-FN,Aceptan renuncia de fiscal adjunta provincial provisional del Distrito Fiscal de Lima Centro,https://epdoc2.elperuano.pe/EpPo/DescargaINDA.asp?Referencias=NDNZQllCWUJZQlM4VkJZQlRNTEhZQkxIOVdfX0xIWVhUTUxIWUJTOExI,20240630
20240630,2302493-1,MINISTERIO PUBLICO,RESOLUCION,No 1482-2024-MP-FN,Prorrogan vigencia de asignaciones nombramientos y designaciones de personal fiscal,https://epdoc2.elperuano.pe/EpPo/DescargaINDA.asp?Referencias=NDNZQllCWUJZQlM4VkJZQlRNTEhZQkxIOVdfX1M4WVhUTUxIWUJTOExI,20240630
20240630,2302494-1,MINISTERIO PUBLICO,RESOLUCION,No 1483-2024-MP-FN,Aceptan renuncia de fiscal adjunta provincial provisional transitoria del Distrito Fiscal de Lima Centro,https://epdoc2.elperuano.pe/EpPo/DescargaINDA.asp?Referencias=NDNZQllCWUJZQlM4VkJZQlRNTEhZQkxIOVdfX1RNWVhUTUxIWUJTOExI,20240630
20240630,2301685-1,SUPERINTENDENCIA DE BANCA  SEGUROS Y ADMINISTRADORAS PRIVADAS DE FONDOS DE PENSIONES,RESOLUCION,SBS No 02322-2024,Autorizan a AFP Habitat el cierre de agencia ubicada en Trujillo Departamento de La Libertad,https://epdoc2.elperuano.pe/EpPo/DescargaINDA.asp?Referencias=NDNZQllCWUJZQlM4VkJZQlRNTEhZQkxIOVdfX1VOWENWQjlXWUJTOExI,20240630
20240630,2296686-1,GOBIERNO REGIONAL DE JUNIN,DECRETO,No 001-2024-GRJ/GR,Aprueban Manual de Operaciones y la nueva estructura organica de la Direccion Regional de Agricultura Junin,https://epdoc2.elperuano.pe/EpPo/DescargaINDA.asp?Referencias=NDNZQllCWUJZQlM4VkJZQlRNTEhZQkxIOVdfX1ZCWENWQlZCWVhMSExI,20240630
20240630,2302023-1,MUNICIPALIDAD DE CIENEGUILLA,Decretos de Alcaldia,No 012-2024-MDC,Prorrogan vigencia de la Ordenanza No381-2024-MDC que otorgo beneficios tributarios para el pago del Impuesto Predial Arbitrios Municipales y Multas Tributarias en el distrito de Cieneguilla,https://epdoc2.elperuano.pe/EpPo/DescargaINDA.asp?Referencias=NDNZQllCWUJZQlM4VkJZQlRNTEhZQkxIOVdfX1M4TEhZQkxIWUJTOExI,20240630
20240630,2301216-1,MUNICIPALIDAD DE LURIN,ORDENANZA,No 501-2024/MDL,Ordenanza Municipal que declara de interes publico distrital el Pachapucuy Killa Raymi Inti Raymi Koya Raymi Killa Qhapaq Inti Raymi  y el desarrollo del Calendario Andino - Amazonico en el distrito de Lurin,https://epdoc2.elperuano.pe/EpPo/DescargaINDA.asp?Referencias=NDNZQllCWUJZQlM4VkJZQlRNTEhZQkxIOVdfX1ZCOVdMSDlXWUJTOExI,20240630
20240630,2302163-1,MUNICIPALIDAD DE SAN JUAN DE LURIGANCHO,Decretos de Alcaldia,No 016-2024-MDSJL,Prorrogan vigencia de la Ordenanza No 479-MDSJL que establece regimen de beneficios tributarios en el distrito de San Juan de Lurigancho periodo fiscal 2024,https://epdoc2.elperuano.pe/EpPo/DescargaINDA.asp?Referencias=NDNZQllCWUJZQlM4VkJZQlRNTEhZQkxIOVdfX1M4VkI5V0xIWUJTOExI,20240630
20240630,2301119-1,MUNICIPALIDAD DE SANTA ROSA,DECRETO DE ALCALDIA,No 004-2024/MDSR,Disponen el embanderamiento general de inmuebles del distrito,https://epdoc2.elperuano.pe/EpPo/DescargaINDA.asp?Referencias=NDNZQllCWUJZQlM4VkJZQlRNTEhZQkxIOVdfX1lYOVc5VzlXWUJTOExI,20240630
20240630,2301976-1,MUNICIPALIDAD PROVINCIAL DEL CALLAO,ORDENANZA,No 017-2024/MPC,Ordenanza Municipal que aprueba el Programa de beneficios de reduccion de deudas constituidas por multas y sanciones administrativas derivadas de infracciones al Reglamento Nacional de Transito y Reglamento Nacional de Transporte Publico Especial de Pasajeros en Vehiculos Motorizados o No Motorizados en la Provincia Constitucional del Callao asi como de la deuda por concepto de tasa de guardiania por internamiento en el Deposito Municipal de Vehiculos,https://epdoc2.elperuano.pe/EpPo/DescargaINDA.asp?Referencias=NDNZQllCWUJZQlM4VkJZQlRNTEhZQkxIOVdfX1ZCV1ZZWDlXWUJTOExI,20240630
20240630,2302261-1,MUNICIPALIDAD DE CARMEN DE LA LEGUA REYNOSO,ORDENANZA,No 007-2024-MDCLR,Ordenanza que establece incentivos tributarios por actualizacion predial en el distrito de Carmen de La Legua - Reynoso beneficios tributarios y no tributarios a los contribuyentes que se pongan al dia en sus tributos municipales,https://epdoc2.elperuano.pe/EpPo/DescargaINDA.asp?Referencias=NDNZQllCWUJZQlM4VkJZQlRNTEhZQkxIOVdfXzlXVkJMSExIWUJTOExI,20240630
20240630,2302419-1,ORGANISMO SUPERVISOR DE LA INVERSIoN EN INFRAESTRUCTURA DE TRANSPORTE DE USO PuBLICO,RESOLUCION,No 0044-2024-PD-OSITRAN,Aprueban informe y disponen la publicacion de Proyecto de resolucion de Presidencia que aprueba la propuesta de revision tarifaria de oficio del Factor de Productividad en el Terminal Portuario de Matarani: 2024-2029,https://epdoc2.elperuano.pe/EpPo/DescargaINDA.asp?Referencias=NDNZQllCWUJZQlM4VkJZQlRNTEhZQkxIOVdfX1lYOVdUTUxIWUJTOExI,20240630
20240629,2302442-1,DECRETOS DE URGENCIA,DECRETO DE URGENCIA,No 012-2024,Decreto de Urgencia que establece medidas excepcionales y temporales en materia economica y financiera para evitar que la contraccion del credito afecte la reactivacion economica,https://epdoc2.elperuano.pe/EpPo/DescargaINDA.asp?Referencias=NDNZWFlYWVhZWExIVkJZQlRNTEhZQkxIOVdfX0xIVE1UTUxIWUJTOExI,20240630
20240629,2302440-1,PRESIDENCIA DEL CONSEJO DE MINISTROS,DECRETO SUPREMO,No 065-2024-PCM,Decreto Supremo que prorroga el Estado de Emergencia declarado en el Corredor Vial Sur Apurimac-Cusco-Arequipa,https://epdoc2.elperuano.pe/EpPo/DescargaINDA.asp?Referencias=NDNZWFlYWVhZWExIVkJZQlRNTEhZQkxIOVdfX1lCVE1UTUxIWUJTOExI,20240630
20240629,2302317-1,PRESIDENCIA DEL CONSEJO DE MINISTROS,RESOLUCION JEFATURAL,No 00087-2024-ANIN-JEF,Designan Ejecutivo de la Subdireccion de Procedimientos de Contratacion de la Direccion de Adquisiciones para Infraestructura y Asesora de Gerencia General de la Autoridad Nacional de Infraestructura,https://epdoc2.elperuano.pe/EpPo/DescargaINDA.asp?Referencias=NDNZWFlYWVhZWExIVkJZQlRNTEhZQkxIOVdfX1dWOVdTOExIWUJTOExI,20240630
20240629,2302355-1,PRESIDENCIA DEL CONSEJO DE MINISTROS,RESOLUCION MINISTERIAL,No 189-2024-PCM,Amplian el periodo de vigencia del Grupo de Trabajo de naturaleza temporal denominado Mesa de Desarrollo Territorial del departamento de Loreto,https://epdoc2.elperuano.pe/EpPo/DescargaINDA.asp?Referencias=NDNZWFlYWVhZWExIVkJZQlRNTEhZQkxIOVdfX1VOVU5TOExIWUJTOExI,20240630
20240629,2302424-1,AMBIENTE,RESOLUCION,No 057-2024-SENAMHI/ PREJ,Autorizan transferencia financiera a favor de la Contraloria General de la Republica,https://epdoc2.elperuano.pe/EpPo/DescargaINDA.asp?Referencias=NDNZWFlYWVhZWExIVkJZQlRNTEhZQkxIOVdfX1RNTEhUTUxIWUJTOExI,20240630
20240629,2302290-1,COMERCIO EXTERIOR Y TURISMO,RESOLUCION MINISTERIAL,No 191-2024-MINCETUR,Designan Asesor II - Jefe de Gabinete de Asesores del Despacho Ministerial,https://epdoc2.elperuano.pe/EpPo/DescargaINDA.asp?Referencias=NDNZWFlYWVhZWExIVkJZQlRNTEhZQkxIOVdfX1lCWVhMSExIWUJTOExI,20240630
20240629,2302156-1,CULTURA,RESOLUCION VICE MINISTERIAL,No 000170-2024-VMPCIC/MC,Declaran Patrimonio Cultural de la Nacion veintiun bienes muebles historico - artisticos de la iglesia San Francisco de Asis ubicada en el distrito de Sausa provincia de Jauja departamento de Junin,https://epdoc2.elperuano.pe/EpPo/DescargaINDA.asp?Referencias=NDNZWFlYWVhZWExIVkJZQlRNTEhZQkxIOVdfX1ZCVU45V0xIWUJTOExI,20240630
20240629,2302458-1,DEFENSA,RESOLUCION MINISTERIAL,No 00648-2024-DE,Autorizan viaje de oficiales del Ejercito del Peru a EE. UU. en comision especial,https://epdoc2.elperuano.pe/EpPo/DescargaINDA.asp?Referencias=NDNZWFlYWVhZWExIVkJZQlRNTEhZQkxIOVdfX1hDVU5UTUxIWUJTOExI,20240630
20240629,2302464-1,DEFENSA,RESOLUCION MINISTERIAL,No 00644-2024-DE,Autorizan Transferencia Financiera a favor de la Contraloria General,https://epdoc2.elperuano.pe/EpPo/DescargaINDA.asp?Referencias=NDNZWFlYWVhZWExIVkJZQlRNTEhZQkxIOVdfX1RNVkJUTUxIWUJTOExI,20240630
20240629,2302335-1,DESARROLLO AGRARIO Y RIEGO,RESOLUCION JEFATURAL,No 101-2024-INIA,Autorizan transferencia Financiera del Instituto Nacional de Innovacion Agraria a favor de la Contraloria General de la Republica,https://epdoc2.elperuano.pe/EpPo/DescargaINDA.asp?Referencias=NDNZWFlYWVhZWExIVkJZQlRNTEhZQkxIOVdfX1VOUzhTOExIWUJTOExI,20240630
20240629,2302100-1,ECONOMIA Y FINANZAS,RESOLUCION DIRECTORAL,No 010-2024-EF/51.01,Oficializacion del I Congreso Nacional de Docentes Universitarios de la Profesion Contable 2024 programado por la Junta de Decanos de Colegios de Contadores Publicos del Peru,https://epdoc2.elperuano.pe/EpPo/DescargaINDA.asp?Referencias=NDNZWFlYWVhZWExIVkJZQlRNTEhZQkxIOVdfX1lCWUI5V0xIWUJTOExI,20240630
20240629,2302482-1,ECONOMIA Y FINANZAS,RESOLUCION DIRECTORAL,No 0009-2024-EF/54.01,Resolucion Directoral que modifica la Directiva No 0002-2021-EF/54.01 Directiva que regula los actos de adquisicion y disposicion final de bienes inmuebles y dicta otras disposiciones,https://epdoc2.elperuano.pe/EpPo/DescargaINDA.asp?Referencias=NDNZWFlYWVhZWExIVkJZQlRNTEhZQkxIOVdfX0xIWENUTUxIWUJTOExI,20240630
20240629,2302430-1,EDUCACION,RESOLUCION MINISTERIAL,No 324-2024-MINEDU,Designan Directora de la Direccion de Promocion del Bienestar y Reconocimiento Docente,https://epdoc2.elperuano.pe/EpPo/DescargaINDA.asp?Referencias=NDNZWFlYWVhZWExIVkJZQlRNTEhZQkxIOVdfX1lCUzhUTUxIWUJTOExI,20240630
20240629,2302442-2,ENERGIA Y MINAS,DECRETO SUPREMO,No 012-2024-EM,Decreto Supremo que modifica los plazos de adecuacion para la implementacion de la comercializacion de Gasolinas y Gasoholes Regular y Premium,https://epdoc2.elperuano.pe/EpPo/DescargaINDA.asp?Referencias=NDNZWFlYWVhZWExIVkJZQlRNTEhZQkxITEhfX0xIVE1UTUxIWUJTOExI,20240630
20240629,2302372-1,JUSTICIA Y DERECHOS HUMANOS,FE DE ERRATA,R.M. No 0168-2024-JUS,FE DE ERRATA,https://epdoc2.elperuano.pe/EpPo/DescargaINDA.asp?Referencias=NDNZWFlYWVhZWExIVkJZQlRNTEhZQkxIOVdfX0xIV1ZTOExIWUJTOExI,20240630
20240629,2302312-1,MUJER Y POBLACIONES VULNERABLES,RESOLUCION MINISTERIAL,No 221-2024-MIMP,Aprueban Padron de Beneficiarios de la Subvencion Economica por Acogimiento Familiar (PB-SEAF) correspondiente al mes de mayo de 2024 y el monto total por concepto de subvencion economica,https://epdoc2.elperuano.pe/EpPo/DescargaINDA.asp?Referencias=NDNZWFlYWVhZWExIVkJZQlRNTEhZQkxIOVdfX0xIOVdTOExIWUJTOExI,20240630
20240629,2302255-1,PRODUCE,RESOLUCION,No 489-2024-PRODUCE/PROINNOVATE,Aprueban el otorgamiento de subvenciones a favor de beneficiarios con cargo al Programa Nacional de Innovacion para la Competitividad y Productividad,https://epdoc2.elperuano.pe/EpPo/DescargaINDA.asp?Referencias=NDNZWFlYWVhZWExIVkJZQlRNTEhZQkxIOVdfX1VOVU5MSExIWUJTOExI,20240630
20240629,2297857-1,TRANSPORTES Y COMUNICACIONES,RESOLUCION DIRECTORAL,No 0339-2024-MTC/17.03,Renuevan autorizacion a la empresa SERVICIOS COMPLEMENTARIOS DE TRANSPORTE TERRESTRE Y GRUAS S.A.C. para operar como Entidad Certificadora de Conversiones a Gas Licuado de Petroleo - GLP a nivel nacional,https://epdoc2.elperuano.pe/EpPo/DescargaINDA.asp?Referencias=NDNZWFlYWVhZWExIVkJZQlRNTEhZQkxIOVdfX1dWVU5YQ1dWWVhMSExI,20240630
20240629,2302445-1,ORGANISMO DE FORMALIZACIoN DE LA PROPIEDAD INFORMAL,RESOLUCION DIRECTORAL,No D000094-2024-COFOPRI-DE,Designan Director de la Oficina de Sistemas del Organismo de Formalizacion de la Propiedad Informal - COFOPRI,https://epdoc2.elperuano.pe/EpPo/DescargaINDA.asp?Referencias=NDNZWFlYWVhZWExIVkJZQlRNTEhZQkxIOVdfX1VOVE1UTUxIWUJTOExI,20240630
20240629,2302005-1,SEGURO INTEGRAL DE SALUD,RESOLUCION JEFATURAL,No 000091-2024-SIS/J,Designan Director Adjunto de la Oficina General de Planeamiento Presupuesto y Desarrollo Organizacional,https://epdoc2.elperuano.pe/EpPo/DescargaINDA.asp?Referencias=NDNZWFlYWVhZWExIVkJZQlRNTEhZQkxIOVdfX1VOWUJZQkxIWUJTOExI,20240630
20240629,2302364-1,SUPERINTENDENCIA DE TRANSPORTE TERRESTRE DE PERSONAS  CARGA Y MERCANCIAS,RESOLUCION,No D000045-2024-SUTRAN-CD,Aprueban la apertura de la Unidad Desconcentrada de Pasco de la Gerencia de Articulacion Territorial de la SUTRAN cuyo ambito territorial comprende la Region/Departamento de Pasco,https://epdoc2.elperuano.pe/EpPo/DescargaINDA.asp?Referencias=NDNZWFlYWVhZWExIVkJZQlRNTEhZQkxIOVdfX1RNVkJTOExIWUJTOExI,20240630
20240629,2302364-4,SUPERINTENDENCIA DE TRANSPORTE TERRESTRE DE PERSONAS  CARGA Y MERCANCIAS,RESOLUCION,No D00050-2024-SUTRAN-CD,Designan Subgerente de la Subgerencia de Fiscalizacion de los Servicios a Vehiculos de la Gerencia de Supervision y Fiscalizacion de la SUTRAN,https://epdoc2.elperuano.pe/EpPo/DescargaINDA.asp?Referencias=NDNZWFlYWVhZWExIVkJZQlRNTEhZQkxIVE1fX1RNVkJTOExIWUJTOExI,20240630
20240629,2302007-1,ORGANISMO SUPERVISOR DE LA INVERSIoN EN ENERGiA Y MINERiA,RESOLUCION,No 124-2024-OS/CD,Resolucion de Consejo Directivo que resuelve el recurso de reconsideracion interpuesto por Red de Energia del Peru S.A. contra la Resolucion No 108-2024-OS/CD mediante la cual se modifico la Resolucion No 051-2024-OS/CD que aprobo los precios en barra y cargos tarifarios para el periodo mayo 2024 - abril 2025,https://epdoc2.elperuano.pe/EpPo/DescargaINDA.asp?Referencias=NDNZWFlYWVhZWExIVkJZQlRNTEhZQkxIOVdfX1dWWUJZQkxIWUJTOExI,20240630
20240629,2302357-1,COMISIoN DE PROMOCIoN DEL PERu PARA LA EXPORTACIoN Y EL TURISMO,RESOLUCION,No 000109-2024-PROMPERU/PE,Designan Jefe de la Oficina de Tecnologias de la Informacion de PROMPERu,https://epdoc2.elperuano.pe/EpPo/DescargaINDA.asp?Referencias=NDNZWFlYWVhZWExIVkJZQlRNTEhZQkxIOVdfX1dWVU5TOExIWUJTOExI,20240630
20240629,2302434-1,ORGANISMO DE EVALUACION Y FISCALIZACION AMBIENTAL,RESOLUCION,No 00006-2024-OEFA/CD,Aprueban la implementacion de la Oficina de Enlace de Talara ubicada en el distrito de Parinas provincia de Talara departamento de Piura,https://epdoc2.elperuano.pe/EpPo/DescargaINDA.asp?Referencias=NDNZWFlYWVhZWExIVkJZQlRNTEhZQkxIOVdfX1RNUzhUTUxIWUJTOExI,20240630
20240629,2302441-1,ORGANISMO DE EVALUACION Y FISCALIZACION AMBIENTAL,RESOLUCION,No 00094-2024-OEFA/PCD,Autorizan Transferencia Financiera a favor de la Contraloria General de la Republica,https://epdoc2.elperuano.pe/EpPo/DescargaINDA.asp?Referencias=NDNZWFlYWVhZWExIVkJZQlRNTEhZQkxIOVdfXzlXVE1UTUxIWUJTOExI,20240630
20240629,2301771-1,SUPERINTENDENCIA NACIONAL DE LOS REGISTROS PUBLICOS,RESOLUCION,No 092-2024-SUNARP/SN,Autorizan la supresion de la Oficina Registral de Nuevo Chimbote de la Zona Registral No VII - Sede Huaraz,https://epdoc2.elperuano.pe/EpPo/DescargaINDA.asp?Referencias=NDNZWFlYWVhZWExIVkJZQlRNTEhZQkxIOVdfXzlXV1ZXVjlXWUJTOExI,20240630
20240629,2301774-1,SUPERINTENDENCIA NACIONAL DE LOS REGISTROS PUBLICOS,RESOLUCION,No 093-2024-SUNARP/SN,Autorizan la apertura y funcionamiento desconcentrado del Registro de Personas Naturales ubicado en distrito de Nuevo Chimbote de competencia de la Oficina Registral de Chimbote de la Zona Registral No VII - Sede Huaraz,https://epdoc2.elperuano.pe/EpPo/DescargaINDA.asp?Referencias=NDNZWFlYWVhZWExIVkJZQlRNTEhZQkxIOVdfX1RNV1ZXVjlXWUJTOExI,20240630
20240629,2302158-1,SUPERINTENDENCIA NACIONAL DE MIGRACIONES,RESOLUCION,No 000122-2024-MIGRACIONES,Aprueban Transferencia Financiera a favor de la Contraloria General de la Republica,https://epdoc2.elperuano.pe/EpPo/DescargaINDA.asp?Referencias=NDNZWFlYWVhZWExIVkJZQlRNTEhZQkxIOVdfX1hDVU45V0xIWUJTOExI,20240630
20240629,2302326-1,CONSEJO EJECUTIVO DEL PODER JUDICIAL,RESOLUCION ADMINISTRATIVA,No 000198-2024-CE-PJ,Aprueban el Plan de Descarga en el Poder Judicial 2025-2026,https://epdoc2.elperuano.pe/EpPo/DescargaINDA.asp?Referencias=NDNZWFlYWVhZWExIVkJZQlRNTEhZQkxIOVdfX1ZCTEhTOExIWUJTOExI,20240630
20240629,2302328-1,CONSEJO EJECUTIVO DEL PODER JUDICIAL,RESOLUCION ADMINISTRATIVA,No 000199-2024-CE-PJ,Aprueban el Plan de Implementacion Unidades Modelo de Flagrancia 2025-2026,https://epdoc2.elperuano.pe/EpPo/DescargaINDA.asp?Referencias=NDNZWFlYWVhZWExIVkJZQlRNTEhZQkxIOVdfX1hDTEhTOExIWUJTOExI,20240630
20240629,2302395-1,CONSEJO EJECUTIVO DEL PODER JUDICIAL,RESOLUCION ADMINISTRATIVA,No 000200-2024-CE-PJ,Disponen medidas administrativas en diversas Cortes Superiores de Justicia y dictan otras disposiciones,https://epdoc2.elperuano.pe/EpPo/DescargaINDA.asp?Referencias=NDNZWFlYWVhZWExIVkJZQlRNTEhZQkxIOVdfX1VOWVhTOExIWUJTOExI,20240630
20240629,2302412-1,CORTES SUPERIORES DE JUSTICIA,RESOLUCION ADMINISTRATIVA,No 000465-2024-P-CSJLI-PJ,Amplian de manera improrrogable el plazo para la remision y redistribucion de expedientes dispuesta mediante la Res. Adm. No 414-2024-P-CSJLI-PJ de la Corte Superior de Justicia de Lima,https://epdoc2.elperuano.pe/EpPo/DescargaINDA.asp?Referencias=NDNZWFlYWVhZWExIVkJZQlRNTEhZQkxIOVdfX0xIOVdUTUxIWUJTOExI,20240630
20240629,2302288-1,CONTRALORIA GENERAL DE LA REPUBLICA,RESOLUCION,No 295-2024-CG,Dan por terminada designacion de Jefe del organo de Control Institucional de la Municipalidad Provincial de Ocros,https://epdoc2.elperuano.pe/EpPo/DescargaINDA.asp?Referencias=NDNZWFlYWVhZWExIVkJZQlRNTEhZQkxIOVdfX1hDWENMSExIWUJTOExI,20240630
20240629,2302297-1,CONTRALORIA GENERAL DE LA REPUBLICA,RESOLUCION,No 294-2024-CG,Aprueban los Planes Anuales de Control 2024 de diecinueve (19) organos de Control Institucional de diversas entidades,https://epdoc2.elperuano.pe/EpPo/DescargaINDA.asp?Referencias=NDNZWFlYWVhZWExIVkJZQlRNTEhZQkxIOVdfX1dWWVhMSExIWUJTOExI,20240630
20240629,2302301-1,CONTRALORIA GENERAL DE LA REPUBLICA,RESOLUCION,No 293-2024-CG,Modifican la Estructura Organica y el Reglamento de Organizacion y Funciones de la Contraloria General de la Republica,https://epdoc2.elperuano.pe/EpPo/DescargaINDA.asp?Referencias=NDNZWFlYWVhZWExIVkJZQlRNTEhZQkxIOVdfXzlXWUJTOExIWUJTOExI,20240630
20240629,2302376-1,CONTRALORIA GENERAL DE LA REPUBLICA,RESOLUCION,No 297-2024-CG,Modifican el Plan Nacional de Control 2024,https://epdoc2.elperuano.pe/EpPo/DescargaINDA.asp?Referencias=NDNZWFlYWVhZWExIVkJZQlRNTEhZQkxIOVdfX1ZCV1ZTOExIWUJTOExI,20240630
20240629,2302199-1,INSTITUCIONES EDUCATIVAS,RESOLUCION,No 530-2024-UNTRM/CU,Autorizan viaje de docente de la Universidad Nacional Toribio Rodriguez de Mendoza de Amazonas a los EE.UU. en comision de servicios,https://epdoc2.elperuano.pe/EpPo/DescargaINDA.asp?Referencias=NDNZWFlYWVhZWExIVkJZQlRNTEhZQkxIOVdfX1lYWVg5V0xIWUJTOExI,20240630
20240629,2301892-1,OFICINA NACIONAL DE PROCESOS ELECTORALES,RESOLUCION JEFATURAL,No 000125-2024-JN/ONPE,Aprueban el Texto Integrado del Reglamento de Organizacion y Funciones de la Oficina Nacional de Procesos Electorales,https://epdoc2.elperuano.pe/EpPo/DescargaINDA.asp?Referencias=NDNZWFlYWVhZWExIVkJZQlRNTEhZQkxIOVdfX0xIWVhYQzlXWUJTOExI,20240630
20240629,2302260-1,REGISTRO NACIONAL DE IDENTIFICACION Y ESTADO CIVIL,RESOLUCION JEFATURAL,No 000106-2024/JNAC/RENIEC,Autorizan viaje de Director de Certificacion y Servicios Digitales a Brasil en comision de servicios,https://epdoc2.elperuano.pe/EpPo/DescargaINDA.asp?Referencias=NDNZWFlYWVhZWExIVkJZQlRNTEhZQkxIOVdfX1lCVkJMSExIWUJTOExI,20240630
20240629,2302471-1,GOBIERNO REGIONAL DE HUANUCO,ACUERDO,No 083-2024-GRH-CR,Aprueban Transferencia Financiera a favor de las Municipalidades Distritales de Punchao y Tantamayo,https://epdoc2.elperuano.pe/EpPo/DescargaINDA.asp?Referencias=NDNZWFlYWVhZWExIVkJZQlRNTEhZQkxIOVdfXzlXV1ZUTUxIWUJTOExI,20240630
20240629,2302473-1,GOBIERNO REGIONAL DE HUANUCO,ACUERDO,No 084-2024-GRH-CR,Aprueban Transferencia Financiera a favor de la Municipalidad Distrital de La Morada,https://epdoc2.elperuano.pe/EpPo/DescargaINDA.asp?Referencias=NDNZWFlYWVhZWExIVkJZQlRNTEhZQkxIOVdfX1M4V1ZUTUxIWUJTOExI,20240630
20240629,2302474-1,GOBIERNO REGIONAL DE HUANUCO,ACUERDO,No 085-2024-GRH-CR,Aprueban Transferencia Financiera a favor de la Municipalidad Distrital de Colpas,https://epdoc2.elperuano.pe/EpPo/DescargaINDA.asp?Referencias=NDNZWFlYWVhZWExIVkJZQlRNTEhZQkxIOVdfX1RNV1ZUTUxIWUJTOExI,20240630
20240629,2302475-1,GOBIERNO REGIONAL DE HUANUCO,ACUERDO,No 086-2024-GRH-CR,Aprueban Transferencia Financiera a favor de la Municipalidad Distrital de Pinra,https://epdoc2.elperuano.pe/EpPo/DescargaINDA.asp?Referencias=NDNZWFlYWVhZWExIVkJZQlRNTEhZQkxIOVdfX1VOV1ZUTUxIWUJTOExI,20240630
20240629,2302476-1,GOBIERNO REGIONAL DE HUANUCO,ACUERDO,No 087-2024-GRH-CR,Aprueban Transferencia Financiera a favor de la Municipalidad Distrital de Chaglla,https://epdoc2.elperuano.pe/EpPo/DescargaINDA.asp?Referencias=NDNZWFlYWVhZWExIVkJZQlRNTEhZQkxIOVdfX1ZCV1ZUTUxIWUJTOExI,20240630
20240629,2302477-1,GOBIERNO REGIONAL DE HUANUCO,ACUERDO,No 088-2024-GRH-CR,Aprueban Transferencia Financiera a favor de la Municipalidad Provincial de Maranon,https://epdoc2.elperuano.pe/EpPo/DescargaINDA.asp?Referencias=NDNZWFlYWVhZWExIVkJZQlRNTEhZQkxIOVdfX1dWV1ZUTUxIWUJTOExI,20240630
20240629,2301701-1,GOBIERNO REGIONAL DE MOQUEGUA,ACUERDO,No 205-2024-CR/GRM,Autorizan transferencia financiera a favor de la Municipalidad Distrital de Ichuna,https://epdoc2.elperuano.pe/EpPo/DescargaINDA.asp?Referencias=NDNZWFlYWVhZWExIVkJZQlRNTEhZQkxIOVdfXzlXWUJXVjlXWUJTOExI,20240630
20240629,2301703-1,GOBIERNO REGIONAL DE MOQUEGUA,ACUERDO,No 203-2024-CR/GRM,Autorizan transferencia financiera a favor de la Municipalidad Distrital de Chojata,https://epdoc2.elperuano.pe/EpPo/DescargaINDA.asp?Referencias=NDNZWFlYWVhZWExIVkJZQlRNTEhZQkxIOVdfX1M4WUJXVjlXWUJTOExI,20240630
20240629,2301704-1,GOBIERNO REGIONAL DE MOQUEGUA,ACUERDO,No 201-2024-CR/GRM,Autorizan transferencias financieras a favor de la Municipalidad Distrital de Yunga,https://epdoc2.elperuano.pe/EpPo/DescargaINDA.asp?Referencias=NDNZWFlYWVhZWExIVkJZQlRNTEhZQkxIOVdfX1RNWUJXVjlXWUJTOExI,20240630
20240629,2301707-1,GOBIERNO REGIONAL DE MOQUEGUA,ACUERDO,No 199-2024-CR/GRM,Autorizan transferencia financiera a favor de la Municipalidad Distrital de La Capilla,https://epdoc2.elperuano.pe/EpPo/DescargaINDA.asp?Referencias=NDNZWFlYWVhZWExIVkJZQlRNTEhZQkxIOVdfX1dWWUJXVjlXWUJTOExI,20240630
20240629,2301709-1,GOBIERNO REGIONAL DE MOQUEGUA,ACUERDO,No 197-2024-CR/GRM,Autorizan transferencia financiera a favor de la Municipalidad Distrital de Pacocha,https://epdoc2.elperuano.pe/EpPo/DescargaINDA.asp?Referencias=NDNZWFlYWVhZWExIVkJZQlRNTEhZQkxIOVdfX1lYWUJXVjlXWUJTOExI,20240630
20240629,2301768-1,GOBIERNO REGIONAL DE MOQUEGUA,ACUERDO,No 219-2024-CR/GRM,Autorizan transferencia financiera del Gobierno Regional de Moquegua hacia la Municipalidad Distrital de Cuchumbaya,https://epdoc2.elperuano.pe/EpPo/DescargaINDA.asp?Referencias=NDNZWFlYWVhZWExIVkJZQlRNTEhZQkxIOVdfX1hDVkJXVjlXWUJTOExI,20240630
20240629,2301769-1,GOBIERNO REGIONAL DE MOQUEGUA,ACUERDO,No 217-2024-CR/GRM,Autorizan transferencia financiera del Gobierno Regional de Moquegua hacia la Municipalidad Distrital de Ubinas,https://epdoc2.elperuano.pe/EpPo/DescargaINDA.asp?Referencias=NDNZWFlYWVhZWExIVkJZQlRNTEhZQkxIOVdfX1lYVkJXVjlXWUJTOExI,20240630
20240629,2301770-1,GOBIERNO REGIONAL DE MOQUEGUA,ACUERDO,No 215-2024-CR/GRM,Autorizan transferencia financiera del Gobierno Regional de Moquegua hacia la Municipalidad Distrital de Quinistaquillas,https://epdoc2.elperuano.pe/EpPo/DescargaINDA.asp?Referencias=NDNZWFlYWVhZWExIVkJZQlRNTEhZQkxIOVdfX1lCV1ZXVjlXWUJTOExI,20240630
20240629,2301773-1,GOBIERNO REGIONAL DE MOQUEGUA,ACUERDO,No 213-2024-CR/GRM,Autorizan transferencia financiera del Gobierno Regional de Moquegua hacia la Municipalidad Distrital de Coalaque,https://epdoc2.elperuano.pe/EpPo/DescargaINDA.asp?Referencias=NDNZWFlYWVhZWExIVkJZQlRNTEhZQkxIOVdfX1M4V1ZXVjlXWUJTOExI,20240630
20240629,2301775-1,GOBIERNO REGIONAL DE MOQUEGUA,ACUERDO,No 211-2024-CR/GRM,Autorizan transferencia financiera del Gobierno Regional de Moquegua hacia la Municipalidad Distrital de Lloque,https://epdoc2.elperuano.pe/EpPo/DescargaINDA.asp?Referencias=NDNZWFlYWVhZWExIVkJZQlRNTEhZQkxIOVdfX1VOV1ZXVjlXWUJTOExI,20240630
20240629,2301776-1,GOBIERNO REGIONAL DE MOQUEGUA,ACUERDO,No 209-2024-CR/GRM,Autorizan transferencia financiera del Gobierno Regional de Moquegua hacia la Municipalidad Distrital de Matalaque,https://epdoc2.elperuano.pe/EpPo/DescargaINDA.asp?Referencias=NDNZWFlYWVhZWExIVkJZQlRNTEhZQkxIOVdfX1ZCV1ZXVjlXWUJTOExI,20240630
20240629,2301777-1,GOBIERNO REGIONAL DE MOQUEGUA,ACUERDO,No 207-2024-CR/GRM,Autorizan transferencia financiera del Gobierno Regional de Moquegua hacia la Municipalidad Distrital de Puquina,https://epdoc2.elperuano.pe/EpPo/DescargaINDA.asp?Referencias=NDNZWFlYWVhZWExIVkJZQlRNTEhZQkxIOVdfX1dWV1ZXVjlXWUJTOExI,20240630
20240629,2300830-1,GOBIERNO REGIONAL DE UCAYALI,ACUERDO,No 078-2024-GRU-CR,Autorizan Transferencia Financiera a favor de la Municipalidad Distrital de Yurua,https://epdoc2.elperuano.pe/EpPo/DescargaINDA.asp?Referencias=NDNZWFlYWVhZWExIVkJZQlRNTEhZQkxIOVdfX1lCUzhYQ1lCWUJTOExI,20240630
20240629,2300832-1,GOBIERNO REGIONAL DE UCAYALI,ACUERDO,No 077-2024-GRU-CR,Aceptan transferencia de predio ubicado en el Centro Poblado area urbana de Yarinacocha en calidad de donacion efectuada por la Municipalidad Distrital de Yarinacocha a favor del Gobierno Regional de Ucayali,https://epdoc2.elperuano.pe/EpPo/DescargaINDA.asp?Referencias=NDNZWFlYWVhZWExIVkJZQlRNTEhZQkxIOVdfX0xIUzhYQ1lCWUJTOExI,20240630
20240629,2300925-1,GOBIERNO REGIONAL DE UCAYALI,ACUERDO,No 086-2024-GRU-CR,Autorizan al Gobernador Regional de Ucayali la Transferencia Financiera a favor del Ministerio de Defensa - Fuerza Aerea del Peru - Comando de Operaciones - Ala Aerea No 4,https://epdoc2.elperuano.pe/EpPo/DescargaINDA.asp?Referencias=NDNZWFlYWVhZWExIVkJZQlRNTEhZQkxIOVdfX1VOTEhZWFlCWUJTOExI,20240630
20240629,2302190-1,MUNICIPALIDAD DE ATE,Ordenanzas,No 616-MDA,Ordenanza que establece la Amnistia Total Paga lo que Puedas en el distrito de Ate,https://epdoc2.elperuano.pe/EpPo/DescargaINDA.asp?Referencias=NDNZWFlYWVhZWExIVkJZQlRNTEhZQkxIOVdfX1lCWVg5V0xIWUJTOExI,20240630
20240629,2301649-1,MUNICIPALIDAD DE BARRANCO,Fe de Erratas,D.A. No 013-2024-MDB,.,https://epdoc2.elperuano.pe/EpPo/DescargaINDA.asp?Referencias=NDNZWFlYWVhZWExIVkJZQlRNTEhZQkxIOVdfX1lYVE1WQjlXWUJTOExI,20240630
20240629,2301189-1,MUNICIPALIDAD DE BREnA,DECRETO DE ALCALDIA,No 005-2024-MDB,Disponen el embanderamiento general en el distrito de Brena,https://epdoc2.elperuano.pe/EpPo/DescargaINDA.asp?Referencias=NDNZWFlYWVhZWExIVkJZQlRNTEhZQkxIOVdfX1lYWEM5VzlXWUJTOExI,20240630
20240629,2301417-1,MUNICIPALIDAD DE CHACLACAYO,ORDENANZA,No 505-2024-MDCH,Ordenanza que aprueba la creacion del Consejo Local de Fomento Artesanal del distrito de Chaclacayo - COLOFAR CHACLACAYO,https://epdoc2.elperuano.pe/EpPo/DescargaINDA.asp?Referencias=NDNZWFlYWVhZWExIVkJZQlRNTEhZQkxIOVdfX1dWOVdUTTlXWUJTOExI,20240630
20240629,2301761-1,MUNICIPALIDAD DE LINCE,DECRETO DE ALCALDIA,No 09-2024-MDL,Disponen el embanderamiento general del distrito de Lince,https://epdoc2.elperuano.pe/EpPo/DescargaINDA.asp?Referencias=NDNZWFlYWVhZWExIVkJZQlRNTEhZQkxIOVdfXzlXVkJXVjlXWUJTOExI,20240630
20240629,2302277-1,MUNICIPALIDAD DE PUENTE PIEDRA,DECRETO DE ALCALDIA,No 005-2024-ALC/MDPP,Prorrogan beneficios otorgados mediante Ordenanza No 448-MDPP en beneficio de los contribuyentes del distrito,https://epdoc2.elperuano.pe/EpPo/DescargaINDA.asp?Referencias=NDNZWFlYWVhZWExIVkJZQlRNTEhZQkxIOVdfX1dWV1ZMSExIWUJTOExI,20240630
20240629,2301534-1,MUNICIPALIDAD DE PUNTA HERMOSA,ORDENANZA,No 518-MDPH,Ordenanza Municipal que otorga beneficios tributarios de condonacion y exoneracion de deuda de arbitrios municipales a favor de los contribuyentes cuya titularidad predial corresponda a Organizaciones Sindicales,https://epdoc2.elperuano.pe/EpPo/DescargaINDA.asp?Referencias=NDNZWFlYWVhZWExIVkJZQlRNTEhZQkxIOVdfX1RNUzhVTjlXWUJTOExI,20240630
20240629,2301592-1,MUNICIPALIDAD DE VILLA MARIA DEL TRIUNFO,Decretos de Alcaldia,No 04-2024-MDVMT,Disponen el embanderamiento general en el distrito de Villa Maria del Triunfo,https://epdoc2.elperuano.pe/EpPo/DescargaINDA.asp?Referencias=NDNZWFlYWVhZWExIVkJZQlRNTEhZQkxIOVdfX0xIWVhVTjlXWUJTOExI,20240630
20240629,2301888-1,MUNICIPALIDAD DE BELLAVISTA,Ordenanzas,No 007-2024-MDB,Ordenanza que otorga beneficios tributarios y no tributarios en el distrito de Bellavista - Fiestas Patrias Peru 2024,https://epdoc2.elperuano.pe/EpPo/DescargaINDA.asp?Referencias=NDNZWFlYWVhZWExIVkJZQlRNTEhZQkxIOVdfX1hDWENYQzlXWUJTOExI,20240630
20240628,2301972-1,PRESIDENCIA DEL CONSEJO DE MINISTROS,DECRETO SUPREMO,No 064-2024-PCM,Decreto Supremo que declara el Estado de Emergencia en el distrito de Lonya Grande de la provincia de Utcubamba del departamento de Amazonas por impacto de danos a consecuencia de deslizamiento,https://epdoc2.elperuano.pe/EpPo/DescargaINDA.asp?Referencias=NDNYQ1hDWENYQ0xIVkJZQlRNTEhZQkxIOVdfX0xIV1ZZWDlXWUJTOExI,20240630
20240628,2302296-1,PRESIDENCIA DEL CONSEJO DE MINISTROS,RESOLUCION JEFATURAL,No 088-2024-ANIN-JEF,Modifican la R.J. No 021-2024-ANIN-JEF que delega diversas facultades en el/la Director/a de Gestion Predial de la Autoridad Nacional de Infraestructura durante el Ano Fiscal 2024,https://epdoc2.elperuano.pe/EpPo/DescargaINDA.asp?Referencias=NDNYQ1hDWENYQ0xIVkJZQlRNTEhZQkxIOVdfX1ZCWVhMSExIWUJTOExI,20240630
20240628,2301895-1,PRESIDENCIA DEL CONSEJO DE MINISTROS,RESOLUCION MINISTERIAL,No 188-2024-PCM,Designan representante del Presidente del Consejo de Ministros ante el Consejo Directivo de la Agencia Peruana de Cooperacion Internacional - APCI,https://epdoc2.elperuano.pe/EpPo/DescargaINDA.asp?Referencias=NDNYQ1hDWENYQ0xIVkJZQlRNTEhZQkxIOVdfX1VOWVhYQzlXWUJTOExI,20240630
20240628,2302004-1,CULTURA,RESOLUCION VICE MINISTERIAL,No 000176-2024-VMPCIC/MC,Aprueban las bases del Premio a la creacion de obras infantiles y juveniles 2024 - Edicion Bicentenario,https://epdoc2.elperuano.pe/EpPo/DescargaINDA.asp?Referencias=NDNYQ1hDWENYQ0xIVkJZQlRNTEhZQkxIOVdfX1RNWUJZQkxIWUJTOExI,20240630
20240628,2301827-1,ECONOMIA Y FINANZAS,RESOLUCION DIRECTORAL,No 009-2024-EF/51.01,Aprueban Otras Disposiciones para la aplicacion del marco de las Normas Internacionales de Contabilidad del Sector Publico en la preparacion de la Informacion Financiera,https://epdoc2.elperuano.pe/EpPo/DescargaINDA.asp?Referencias=NDNYQ1hDWENYQ0xIVkJZQlRNTEhZQkxIOVdfX1dWTEhYQzlXWUJTOExI,20240630
20240628,2301967-1,ECONOMIA Y FINANZAS,RESOLUCION MINISTERIAL,No 216-2024-EF/50,Resolucion Ministerial que aprueba los indices de Distribucion del Canon Minero proveniente del Impuesto a la Renta correspondiente al Ejercicio Fiscal 2023,https://epdoc2.elperuano.pe/EpPo/DescargaINDA.asp?Referencias=NDNYQ1hDWENYQ0xIVkJZQlRNTEhZQkxIOVdfX1dWVkJZWDlXWUJTOExI,20240630
20240628,2301971-1,ECONOMIA Y FINANZAS,RESOLUCION MINISTERIAL,No 217-2024-EF/50,Resolucion Ministerial que aprueba los indices de Distribucion del Canon Hidroenergetico proveniente del Impuesto a la Renta correspondiente al Ejercicio Fiscal 2023,https://epdoc2.elperuano.pe/EpPo/DescargaINDA.asp?Referencias=NDNYQ1hDWENYQ0xIVkJZQlRNTEhZQkxIOVdfXzlXV1ZZWDlXWUJTOExI,20240630
20240628,2301615-1,EDUCACION,RESOLUCION MINISTERIAL,No 320-2024-MINEDU,Delegan diversas facultades en el Secretario Nacional de la Juventud del Ministerio de Educacion durante el ano fiscal 2024,https://epdoc2.elperuano.pe/EpPo/DescargaINDA.asp?Referencias=NDNYQ1hDWENYQ0xIVkJZQlRNTEhZQkxIOVdfX1VOOVdWQjlXWUJTOExI,20240630
20240628,2301965-1,EDUCACION,RESOLUCION MINISTERIAL,No 323-2024-MINEDU,Designan Directora Ejecutiva del Programa Nacional de Becas y Credito Educativo - PRONABEC,https://epdoc2.elperuano.pe/EpPo/DescargaINDA.asp?Referencias=NDNYQ1hDWENYQ0xIVkJZQlRNTEhZQkxIOVdfX1VOVkJZWDlXWUJTOExI,20240630
20240628,2301614-1,EDUCACION,RESOLUCION VICE MINISTERIAL,No 071-2024-MINEDU,Aprueban la Norma Tecnica denominada Disposiciones para el proceso de racionalizacion en el marco de la Ley No 29944 Ley de Reforma Magisterial,https://epdoc2.elperuano.pe/EpPo/DescargaINDA.asp?Referencias=NDNYQ1hDWENYQ0xIVkJZQlRNTEhZQkxIOVdfX1RNOVdWQjlXWUJTOExI,20240630
20240628,2301759-1,EDUCACION,RESOLUCION VICE MINISTERIAL,No 073-2024-MINEDU,Reconforman la Comision Organizadora de la Universidad Nacional Intercultural Fabiola Salazar Leguia de Bagua,https://epdoc2.elperuano.pe/EpPo/DescargaINDA.asp?Referencias=NDNYQ1hDWENYQ0xIVkJZQlRNTEhZQkxIOVdfX1lYVU5XVjlXWUJTOExI,20240630
20240628,2298662-1,ENERGIA Y MINAS,RESOLUCION MINISTERIAL,No 252-2024-MINEM/DM,Establecen derecho de servidumbre temporal de ocupacion para desarrollar estudios de factibilidad relacionados a la actividad de generacion de energia electrica en la futura Central Solar Fotovoltaica San Jose a favor de la concesion temporal de la que es titular la empresa ACCIONA ENERGiA PERu S.A.C. ubicada en el distrito de La Joya provincia y departamento de Arequipa,https://epdoc2.elperuano.pe/EpPo/DescargaINDA.asp?Referencias=NDNYQ1hDWENYQ0xIVkJZQlRNTEhZQkxIOVdfX0xIVkJWQlhDWVhMSExI,20240630
20240628,2301890-1,INTERIOR,RESOLUCION MINISTERIAL,No 0843-2024-IN,Designan Director de la Oficina de Abastecimiento de la Oficina General de Administracion y Finanzas,https://epdoc2.elperuano.pe/EpPo/DescargaINDA.asp?Referencias=NDNYQ1hDWENYQ0xIVkJZQlRNTEhZQkxIOVdfX1lCWVhYQzlXWUJTOExI,20240630
20240628,2301896-1,INTERIOR,RESOLUCION MINISTERIAL,No 0845-2024-IN,Designan Directora de la Direccion de Canales de Atencion y Denuncias,https://epdoc2.elperuano.pe/EpPo/DescargaINDA.asp?Referencias=NDNYQ1hDWENYQ0xIVkJZQlRNTEhZQkxIOVdfX1ZCWVhYQzlXWUJTOExI,20240630
20240628,2301899-1,INTERIOR,RESOLUCION MINISTERIAL,No 0846-2024-IN,Designan Director General de la Direccion General de Informacion para la Seguridad,https://epdoc2.elperuano.pe/EpPo/DescargaINDA.asp?Referencias=NDNYQ1hDWENYQ0xIVkJZQlRNTEhZQkxIOVdfX1lYWVhYQzlXWUJTOExI,20240630
20240628,2301908-1,INTERIOR,RESOLUCION MINISTERIAL,No 0847-2024-IN,Designan Director de la Direccion de Autoridades Politicas de la Direccion General de Gobierno Interior,https://epdoc2.elperuano.pe/EpPo/DescargaINDA.asp?Referencias=NDNYQ1hDWENYQ0xIVkJZQlRNTEhZQkxIOVdfX1hDWUJZWDlXWUJTOExI,20240630
20240628,2301650-1,PRODUCE,RESOLUCION MINISTERIAL,No 000266-2024-PRODUCE,Designan Asesor II del Despacho Viceministerial de Pesca y Acuicultura,https://epdoc2.elperuano.pe/EpPo/DescargaINDA.asp?Referencias=NDNYQ1hDWENYQ0xIVkJZQlRNTEhZQkxIOVdfX1lCVU5WQjlXWUJTOExI,20240630
20240628,2301653-1,PRODUCE,RESOLUCION MINISTERIAL,No 000267-2024-PRODUCE,Designan Director de la Direccion de Cambio Climatico y Biodiversidad Pesquera y Acuicola,https://epdoc2.elperuano.pe/EpPo/DescargaINDA.asp?Referencias=NDNYQ1hDWENYQ0xIVkJZQlRNTEhZQkxIOVdfX1M4VU5WQjlXWUJTOExI,20240630
20240628,2301654-1,PRODUCE,RESOLUCION MINISTERIAL,No 000269-2024-PRODUCE,Designan Director de la Direccion de Gestion Ambiental de la Direccion General de Asuntos Ambientales Pesqueros y Acuicolas,https://epdoc2.elperuano.pe/EpPo/DescargaINDA.asp?Referencias=NDNYQ1hDWENYQ0xIVkJZQlRNTEhZQkxIOVdfX1RNVU5WQjlXWUJTOExI,20240630
20240628,2301938-1,PRODUCE,RESOLUCION MINISTERIAL,No 00270-2024-PRODUCE,Designan Directora de la Direccion de Promocion y Desarrollo Acuicola,https://epdoc2.elperuano.pe/EpPo/DescargaINDA.asp?Referencias=NDNYQ1hDWENYQ0xIVkJZQlRNTEhZQkxIOVdfX1hDUzhZWDlXWUJTOExI,20240630
20240628,2301943-1,PRODUCE,RESOLUCION MINISTERIAL,No 00272-2024-PRODUCE,Designan Directora de la Direccion de Gestion Pesquera Artesanal,https://epdoc2.elperuano.pe/EpPo/DescargaINDA.asp?Referencias=NDNYQ1hDWENYQ0xIVkJZQlRNTEhZQkxIOVdfX1M4VE1ZWDlXWUJTOExI,20240630
20240628,2301988-1,PRODUCE,RESOLUCION MINISTERIAL,No 00274-2024-PRODUCE,Establecen el Regimen Provisional de Pesca del Recurso Merluza para el periodo julio 2024 - junio 2025,https://epdoc2.elperuano.pe/EpPo/DescargaINDA.asp?Referencias=NDNYQ1hDWENYQ0xIVkJZQlRNTEhZQkxIOVdfX1hDWENZWDlXWUJTOExI,20240630
20240628,2301989-1,PRODUCE,RESOLUCION MINISTERIAL,No 00275-2024-PRODUCE,Modifican la R.M. No 000026-2024-PRODUCE que establecio el limite de captura del recurso bonito para el ano 2024,https://epdoc2.elperuano.pe/EpPo/DescargaINDA.asp?Referencias=NDNYQ1hDWENYQ0xIVkJZQlRNTEhZQkxIOVdfX1lYWENZWDlXWUJTOExI,20240630
20240628,2301660-1,TRABAJO Y PROMOCION DEL EMPLEO,RESOLUCION,No 1116-GG-ESSALUD-2024,Aprueban la Directiva No 004-GG-ESSALUD-2024 Norma para la implementacion de la Estrategia Prevenir del Seguro Social de Salud - ESSALUD,https://epdoc2.elperuano.pe/EpPo/DescargaINDA.asp?Referencias=NDNYQ1hDWENYQ0xIVkJZQlRNTEhZQkxIOVdfX1lCVkJWQjlXWUJTOExI,20240630
20240628,2301465-1,AGENCIA PERUANA DE COOPERACION INTERNACIONAL,RESOLUCION DIRECTORAL,No 089-2024/APCI-DE,Modifican la Directiva No 001-2021-APCI Directiva del Procedimiento Administrativo Sancionador para la aplicacion del Reglamento de Infracciones y Sanciones - RIS de la Agencia Peruana de Cooperacion Internacional - APCI,https://epdoc2.elperuano.pe/EpPo/DescargaINDA.asp?Referencias=NDNYQ1hDWENYQ0xIVkJZQlRNTEhZQkxIOVdfX1VOVkJUTTlXWUJTOExI,20240630
20240628,2301862-1,SEGURO INTEGRAL DE SALUD,RESOLUCION JEFATURAL,No 000089-2024-SIS/J,Aprueban programacion de pago de prestaciones economicas de sepelio a nivel nacional,https://epdoc2.elperuano.pe/EpPo/DescargaINDA.asp?Referencias=NDNYQ1hDWENYQ0xIVkJZQlRNTEhZQkxIOVdfX0xIVkJYQzlXWUJTOExI,20240630
20240628,2301928-1,CENTRO NACIONAL DE PLANEAMIENTO ESTRATeGICO,RESOLUCION,No 0058-2024/CEPLAN/PCD,Establecen plazo para que los Sectores identifiquen y aprueben el Listado de las Inversiones Estrategicas en los Planes Estrategicos Sectoriales Multianuales - PESEM,https://epdoc2.elperuano.pe/EpPo/DescargaINDA.asp?Referencias=NDNYQ1hDWENYQ0xIVkJZQlRNTEhZQkxIOVdfX1hDTEhZWDlXWUJTOExI,20240630
20240628,2301712-1,CONSEJO SUPERIOR DEL SISTEMA NACIONAL DE EVALUACION  ACREDITACION Y CERTIFICACION DE LA CALIDAD EDUCATIVA,RESOLUCION,No 000052-2024-SINEACE/COSUSINEACE-P,Designan Jefe de la Oficina de Recursos Humanos del Sistema Nacional de Evaluacion Acreditacion y Certificacion de la Calidad Educativa - Sineace,https://epdoc2.elperuano.pe/EpPo/DescargaINDA.asp?Referencias=NDNYQ1hDWENYQ0xIVkJZQlRNTEhZQkxIOVdfX0xIOVdXVjlXWUJTOExI,20240630
20240628,2302359-1,PROCURADURiA GENERAL DEL ESTADO,RESOLUCION,No D000424-2024-JUS/PGE-PG,Designan procuradora publica Ad hoc para que ejerza la representacion del Estado peruano en sede nacional y extranjera en los ocho procesos de extradicion activa del ciudadano Alberto Fujimori Fujimori que se tramitan ante las autoridades y sedes jurisdiccionales de la Republica de Chile,https://epdoc2.elperuano.pe/EpPo/DescargaINDA.asp?Referencias=NDNYQ1hDWENYQ0xIVkJZQlRNTEhZQkxIOVdfX1lYVU5TOExIWUJTOExI,20240630
20240628,2301846-1,SERVICIO NACIONAL DE CERTIFICACIoN AMBIENTAL PARA LAS INVERSIONES SOSTENIBLES,RESOLUCION,No 00056-2024-SENACE/PE,Autorizan transferencia financiera a favor de la Contraloria General de la Republica,https://epdoc2.elperuano.pe/EpPo/DescargaINDA.asp?Referencias=NDNYQ1hDWENYQ0xIVkJZQlRNTEhZQkxIOVdfX1ZCVE1YQzlXWUJTOExI,20240630
20240628,2301968-1,SUPERINTENDENCIA DEL MERCADO DE VALORES,RESOLUCION,No 087-2024-SMV/02,Aprueban Transferencia Financiera a favor de la Contraloria General de la Republica,https://epdoc2.elperuano.pe/EpPo/DescargaINDA.asp?Referencias=NDNYQ1hDWENYQ0xIVkJZQlRNTEhZQkxIOVdfX1hDVkJZWDlXWUJTOExI,20240630
20240628,2301212-1,SUPERINTENDENCIA NACIONAL DE ADUANAS Y DE ADMINISTRACIoN TRIBUTARIA,RESOLUCION,No 000117-2024-SUNAT/800000,Designan Fedatarios Institucionales de la Intendencia de Tributos Internos San Martin,https://epdoc2.elperuano.pe/EpPo/DescargaINDA.asp?Referencias=NDNYQ1hDWENYQ0xIVkJZQlRNTEhZQkxIOVdfX0xIOVdMSDlXWUJTOExI,20240630
20240628,2301513-1,SUPERINTENDENCIA NACIONAL DE LOS REGISTROS PUBLICOS,RESOLUCION,No 124-2024-SUNARP/GG,Aprueban modificacion del Manual de Clasificador de Cargos de la Superintendencia Nacional de los Registros Publicos,https://epdoc2.elperuano.pe/EpPo/DescargaINDA.asp?Referencias=NDNYQ1hDWENYQ0xIVkJZQlRNTEhZQkxIOVdfX1M4OVdVTjlXWUJTOExI,20240630
20240628,2301580-1,SUPERINTENDENCIA NACIONAL DE LOS REGISTROS PUBLICOS,RESOLUCION,No 091-2024-SUNARP/SN,Aprueban el servicio denominado Agenda tu reunion,https://epdoc2.elperuano.pe/EpPo/DescargaINDA.asp?Referencias=NDNYQ1hDWENYQ0xIVkJZQlRNTEhZQkxIOVdfX1lCWENVTjlXWUJTOExI,20240630
20240628,2301795-1,CONSEJO EJECUTIVO DEL PODER JUDICIAL,RESOLUCION ADMINISTRATIVA,No 000081-2024-P-CE-PJ,Cesan por limite de edad a Juez Superior titular de la Corte Superior de Justicia de Lima,https://epdoc2.elperuano.pe/EpPo/DescargaINDA.asp?Referencias=NDNYQ1hDWENYQ0xIVkJZQlRNTEhZQkxIOVdfX1VOWVhXVjlXWUJTOExI,20240630
20240628,2301797-1,CONSEJO EJECUTIVO DEL PODER JUDICIAL,RESOLUCION ADMINISTRATIVA,No 000082-2024-P-CE-PJ,Cesan por limite de edad a Juez Superior titular de la Corte Superior de Justicia de Piura,https://epdoc2.elperuano.pe/EpPo/DescargaINDA.asp?Referencias=NDNYQ1hDWENYQ0xIVkJZQlRNTEhZQkxIOVdfX1dWWVhXVjlXWUJTOExI,20240630
20240628,2301804-1,CONSEJO EJECUTIVO DEL PODER JUDICIAL,RESOLUCION ADMINISTRATIVA,No 000184-2024-CE-PJ,Declaran fundada solicitud y autorizan permuta de jueces de los Distritos Judiciales de Lima y Callao,https://epdoc2.elperuano.pe/EpPo/DescargaINDA.asp?Referencias=NDNYQ1hDWENYQ0xIVkJZQlRNTEhZQkxIOVdfX1RNWUJYQzlXWUJTOExI,20240630
20240628,2301805-1,CONSEJO EJECUTIVO DEL PODER JUDICIAL,RESOLUCION ADMINISTRATIVA,No 000185-2024-CE-PJ,Disponen ampliacion de la implementacion del Expediente Judicial Electronico y la Mesa de Partes Electronica para la subespecialidad civil - Litigacion Oral en el Juzgado Civil Transitorio de la provincia y Corte Superior de Justicia de Cajamarca para atender expedientes en tramite que aleatoriamente le redistribuiran el 1o y 2o Juzgados Civiles Permanentes de la misma provincia,https://epdoc2.elperuano.pe/EpPo/DescargaINDA.asp?Referencias=NDNYQ1hDWENYQ0xIVkJZQlRNTEhZQkxIOVdfX1VOWUJYQzlXWUJTOExI,20240630
20240628,2301808-1,CONSEJO EJECUTIVO DEL PODER JUDICIAL,RESOLUCION ADMINISTRATIVA,No 000188-2024-CE-PJ,Disponen la ampliacion de la implementacion del Expediente Judicial Electronico (EJE) y la Mesa de Partes Electronica (MPE) para la especialidad Laboral - Nueva Ley Procesal del Trabajo en el 2o Juzgado de Trabajo Transitorio de Huacho de la provincia y Corte Superior de Justicia de Huaura para atender los expedientes en tramite que aleatoriamente le redistribuira el Juzgado de Trabajo Permanente del distrito de Huacho,https://epdoc2.elperuano.pe/EpPo/DescargaINDA.asp?Referencias=NDNYQ1hDWENYQ0xIVkJZQlRNTEhZQkxIOVdfX1hDWUJYQzlXWUJTOExI,20240630
20240628,2301809-1,CONSEJO EJECUTIVO DEL PODER JUDICIAL,RESOLUCION ADMINISTRATIVA,No 000189-2024-CE-PJ,Prorrogan funcionamiento convierten reubican y disponen medidas administrativas en diversos organos jurisdiccionales,https://epdoc2.elperuano.pe/EpPo/DescargaINDA.asp?Referencias=NDNYQ1hDWENYQ0xIVkJZQlRNTEhZQkxIOVdfX1lYWUJYQzlXWUJTOExI,20240630
20240628,2301810-1,CONSEJO EJECUTIVO DEL PODER JUDICIAL,RESOLUCION ADMINISTRATIVA,No 000190-2024-CE-PJ,Disponen incluir a Secretario Tecnico del Equipo Tecnico Institucional de Implementacion de la Oralidad Civil en la Comision de Trabajo para que se fijen los estandares de ejecucion en las diferentes especialidades e instancias a nivel nacional,https://epdoc2.elperuano.pe/EpPo/DescargaINDA.asp?Referencias=NDNYQ1hDWENYQ0xIVkJZQlRNTEhZQkxIOVdfX1lCOVdYQzlXWUJTOExI,20240630
20240628,2301813-1,CONSEJO EJECUTIVO DEL PODER JUDICIAL,RESOLUCION ADMINISTRATIVA,No 000191-2024-CE-PJ,Dictan medidas para que en un plazo de dos meses las fuentes oficiales de informacion reporten la carga real de los expedientes bajo el amparo del codigo de procedimientos penales de 1940 a nivel nacional,https://epdoc2.elperuano.pe/EpPo/DescargaINDA.asp?Referencias=NDNYQ1hDWENYQ0xIVkJZQlRNTEhZQkxIOVdfX1M4OVdYQzlXWUJTOExI,20240630
20240628,2301828-1,CONSEJO EJECUTIVO DEL PODER JUDICIAL,RESOLUCION ADMINISTRATIVA,No 000192-2024-CE-PJ,Prorrogan el funcionamiento de diversos organos jurisdiccionales transitorios de descarga procesal y dictan otras disposiciones,https://epdoc2.elperuano.pe/EpPo/DescargaINDA.asp?Referencias=NDNYQ1hDWENYQ0xIVkJZQlRNTEhZQkxIOVdfX1hDTEhYQzlXWUJTOExI,20240630
20240628,2301830-1,CONSEJO EJECUTIVO DEL PODER JUDICIAL,RESOLUCION ADMINISTRATIVA,No 000193-2024-CE-PJ,Disponen la implementacion del Expediente Judicial Electronico (EJE) y la Mesa de Partes Electronica (MPE) para la especialidad Laboral - Nueva Ley Procesal del Trabajo (NLPT) en diversos organos jurisdiccionales de la Corte Superior de Justicia de Pasco,https://epdoc2.elperuano.pe/EpPo/DescargaINDA.asp?Referencias=NDNYQ1hDWENYQ0xIVkJZQlRNTEhZQkxIOVdfX1lCUzhYQzlXWUJTOExI,20240630
20240628,2301835-1,CONSEJO EJECUTIVO DEL PODER JUDICIAL,RESOLUCION ADMINISTRATIVA,No 000194-2024-CE-PJ,Disponen la implementacion del Expediente Judicial Electronico (EJE) y la Mesa de Partes Electronica (MPE) para la especialidad Laboral - Nueva Ley Procesal del Trabajo (NLPT) en diversos organos jurisdiccionales de la Corte Superior de Justicia de Madre de Dios,https://epdoc2.elperuano.pe/EpPo/DescargaINDA.asp?Referencias=NDNYQ1hDWENYQ0xIVkJZQlRNTEhZQkxIOVdfX1VOUzhYQzlXWUJTOExI,20240630
20240628,2301836-1,CONSEJO EJECUTIVO DEL PODER JUDICIAL,RESOLUCION ADMINISTRATIVA,No 000195-2024-CE-PJ,Disponen implementacion del Expediente Judicial Electronico (EJE) y la Mesa de Partes Electronica (MPE) para la especialidad Laboral - Nueva Ley Procesal del Trabajo (NLPT) en diversos organos jurisdiccionales de la Corte Superior de Justicia de Apurimac,https://epdoc2.elperuano.pe/EpPo/DescargaINDA.asp?Referencias=NDNYQ1hDWENYQ0xIVkJZQlRNTEhZQkxIOVdfX1ZCUzhYQzlXWUJTOExI,20240630
20240628,2301841-1,CONSEJO EJECUTIVO DEL PODER JUDICIAL,RESOLUCION ADMINISTRATIVA,No 000196-2024-CE-PJ,Disponen implementacion del Expediente Judicial Electronico (EJE) y la Mesa de Partes Electronica (MPE) para la especialidad Laboral - Nueva Ley Procesal del Trabajo (NLPT) en diversos organos jurisdiccionales de la Corte Superior de Justicia de Canete,https://epdoc2.elperuano.pe/EpPo/DescargaINDA.asp?Referencias=NDNYQ1hDWENYQ0xIVkJZQlRNTEhZQkxIOVdfXzlXVE1YQzlXWUJTOExI,20240630
20240628,2301844-1,CONSEJO EJECUTIVO DEL PODER JUDICIAL,RESOLUCION ADMINISTRATIVA,No 000197-2024-CE-PJ,Prorrogan el funcionamiento de organos jurisdiccionales transitorios de diversos Distritos Judiciales y dictan otras disposiciones,https://epdoc2.elperuano.pe/EpPo/DescargaINDA.asp?Referencias=NDNYQ1hDWENYQ0xIVkJZQlRNTEhZQkxIOVdfX1RNVE1YQzlXWUJTOExI,20240630
20240628,2301837-1,DEFENSORIA DEL PUEBLO,RESOLUCION,No 013-2024/DP,Aprueban Transferencia Financiera a favor de la Contraloria General de la Republica,https://epdoc2.elperuano.pe/EpPo/DescargaINDA.asp?Referencias=NDNYQ1hDWENYQ0xIVkJZQlRNTEhZQkxIOVdfX1dWUzhYQzlXWUJTOExI,20240630
20240628,2301176-1,INSTITUCIONES EDUCATIVAS,RESOLUCION,No 0732-2024,Autorizan viaje de docentes de la Universidad Nacional de San Agustin de Arequipa para participar en evento que se realizara en Espana,https://epdoc2.elperuano.pe/EpPo/DescargaINDA.asp?Referencias=NDNYQ1hDWENYQ0xIVkJZQlRNTEhZQkxIOVdfX1ZCV1Y5VzlXWUJTOExI,20240630
20240628,2301590-1,JURADO NACIONAL DE ELECCIONES,RESOLUCION,No 0186 -2024-JNE,Declaran nulo Acuerdo de Concejo No 046-2024-MPO/CM-SO que rechazo solicitud de suspension presentada en contra de alcalde de la Municipalidad Provincial de Oyon departamento de Lima,https://epdoc2.elperuano.pe/EpPo/DescargaINDA.asp?Referencias=NDNYQ1hDWENYQ0xIVkJZQlRNTEhZQkxIOVdfX1lCWVhVTjlXWUJTOExI,20240630
20240628,2301591-1,JURADO NACIONAL DE ELECCIONES,RESOLUCION,No 0187-2024-JNE,Declaran nulo Acuerdo de Concejo N.º 045-2024-MPO/CM-SO que rechazo solicitud de suspension presentada en contra de alcalde de la Municipalidad Provincial de Oyon departamento de Lima,https://epdoc2.elperuano.pe/EpPo/DescargaINDA.asp?Referencias=NDNYQ1hDWENYQ0xIVkJZQlRNTEhZQkxIOVdfXzlXWVhVTjlXWUJTOExI,20240630
20240628,2301625-1,JURADO NACIONAL DE ELECCIONES,RESOLUCION,No 0190-2024-JNE,Requieren a alcalde de la Municipalidad Distrital de Mariscal Caceres provincia de Camana departamento de Arequipa para que convoque a nueva sesion extraordinaria de concejo en la que se dilucide y resuelva la vacancia seguida contra regidor,https://epdoc2.elperuano.pe/EpPo/DescargaINDA.asp?Referencias=NDNYQ1hDWENYQ0xIVkJZQlRNTEhZQkxIOVdfX1VOTEhWQjlXWUJTOExI,20240630
20240628,2301327-1,SUPERINTENDENCIA DE BANCA  SEGUROS Y ADMINISTRADORAS PRIVADAS DE FONDOS DE PENSIONES,RESOLUCION,SBS No 02286-2024,Modifican el Reglamento de Tarjetas de Credito y Debito el Reglamento para la Gestion de la Seguridad de la Informacion y la Ciberseguridad el Reglamento de Gestion de Conducta de Mercado del Sistema Financiero y el Reglamento de Reclamos y Requerimientos,https://epdoc2.elperuano.pe/EpPo/DescargaINDA.asp?Referencias=NDNYQ1hDWENYQ0xIVkJZQlRNTEhZQkxIOVdfX1dWTEhTODlXWUJTOExI,20240630
20240628,2301166-1,GOBIERNO REGIONAL DE HUANCAVELICA,ACUERDO,No 163-2024-GOB.REG.HVCA/CR,Aprueban transferencia financiera a favor de la Municipalidad Distrital de Arma,https://epdoc2.elperuano.pe/EpPo/DescargaINDA.asp?Referencias=NDNYQ1hDWENYQ0xIVkJZQlRNTEhZQkxIOVdfX1ZCVkI5VzlXWUJTOExI,20240630
20240628,2300789-1,GOBIERNO REGIONAL DE UCAYALI,ACUERDO,No 073-2024-GRU-CR,Autorizan Transferencia Financiera a favor de la Municipalidad Provincial de Padre Abad,https://epdoc2.elperuano.pe/EpPo/DescargaINDA.asp?Referencias=NDNYQ1hDWENYQ0xIVkJZQlRNTEhZQkxIOVdfX1lYWENXVllCWUJTOExI,20240630
20240628,2300831-1,GOBIERNO REGIONAL DE UCAYALI,ACUERDO,No 054-2024-GRU-CR,Autorizan Transferencia Financiera a favor de la Universidad Nacional de Ucayali,https://epdoc2.elperuano.pe/EpPo/DescargaINDA.asp?Referencias=NDNYQ1hDWENYQ0xIVkJZQlRNTEhZQkxIOVdfXzlXUzhYQ1lCWUJTOExI,20240630
20240628,2301969-1,MUNICIPALIDAD DE ATE,ORDENANZA,No 615-MDA,Aprueban el Reglamento de Organizacion y Funciones (ROF) la Estructura Organica y el Organigrama de la Municipalidad Distrital de Ate,https://epdoc2.elperuano.pe/EpPo/DescargaINDA.asp?Referencias=NDNYQ1hDWENYQ0xIVkJZQlRNTEhZQkxIOVdfX1lYVkJZWDlXWUJTOExI,20240630
20240628,2302443-1,MUNICIPALIDAD DE BARRANCO,Decretos de Alcaldia,No 014-2024-MDB,Prorrogan vigencia de la Ordenanza No 634-2024-MDB denominada REGULARIZATE BARRANCO 2024,https://epdoc2.elperuano.pe/EpPo/DescargaINDA.asp?Referencias=NDNYQ1hDWENYQ0xIVkJZQlRNTEhZQkxIOVdfX1M4VE1UTUxIWUJTOExI,20240630
20240628,2301186-1,MUNICIPALIDAD DE BREnA,DECRETO DE ALCALDIA,No 004-2024-MDB,Prorrogan vigencia de la Ordenanza Municipal No 606-2024-MDB que establece beneficios tributarios a favor de contribuyentes,https://epdoc2.elperuano.pe/EpPo/DescargaINDA.asp?Referencias=NDNYQ1hDWENYQ0xIVkJZQlRNTEhZQkxIOVdfX1ZCWEM5VzlXWUJTOExI,20240630
20240628,2300814-1,MUNICIPALIDAD DE CARABAYLLO,ORDENANZA,No 500-2024/MDC,Ordenanza que otorga beneficios para el pago de las deudas tributarias y no tributarias en el distrito de Carabayllo,https://epdoc2.elperuano.pe/EpPo/DescargaINDA.asp?Referencias=NDNYQ1hDWENYQ0xIVkJZQlRNTEhZQkxIOVdfX1RNOVdYQ1lCWUJTOExI,20240630
20240628,2300410-1,MUNICIPALIDAD DE INDEPENDENCIA,Ordenanzas,No D000481-2024-AL-MDI,Ordenanza que regula la administracion uso y funcionamiento de la infraestructura deportiva publica en el distrito de Independencia,https://epdoc2.elperuano.pe/EpPo/DescargaINDA.asp?Referencias=NDNYQ1hDWENYQ0xIVkJZQlRNTEhZQkxIOVdfX1lCOVdUTVlCWUJTOExI,20240630
20240628,2301578-1,MUNICIPALIDAD DE LURIGANCHO CHOSICA,DECRETO DE ALCALDIA,No 004-2024-MDL,Aprueban el Reglamento del Comite Damas de la Municipalidad Distrital de Lurigancho,https://epdoc2.elperuano.pe/EpPo/DescargaINDA.asp?Referencias=NDNYQ1hDWENYQ0xIVkJZQlRNTEhZQkxIOVdfX1hDV1ZVTjlXWUJTOExI,20240630
20240628,2301692-1,MUNICIPALIDAD DE MIRAFLORES,Decretos de Alcaldia,No 014-2024/MM,Aprueban Decreto de Alcaldia que dispone la reglamentacion de los tipos de modulos indumentaria y equipos a ser utilizados por los comerciantes temporales y extraordinarios autorizados para ejercer la actividad de comercio ambulatorio en el distrito de Miraflores asi como establece disposiciones vinculadas a reglamentar el ejercicio de la actividad economica de cambio de moneda extranjera dentro del distrito,https://epdoc2.elperuano.pe/EpPo/DescargaINDA.asp?Referencias=NDNYQ1hDWENYQ0xIVkJZQlRNTEhZQkxIOVdfX0xIWVhWQjlXWUJTOExI,20240630
20240628,2300281-1,MUNICIPALIDAD DE PUCUSANA,Decretos de Alcaldia,No 007-2024/MDP,Prorrogan la vigencia de la Ordenanza Municipal No 355-2024/MDP que establecio beneficios tributarios en el distrito de Pucusana,https://epdoc2.elperuano.pe/EpPo/DescargaINDA.asp?Referencias=NDNYQ1hDWENYQ0xIVkJZQlRNTEhZQkxIOVdfXzlXWENMSFlCWUJTOExI,20240630
20240628,2300846-1,MUNICIPALIDAD DE SANTIAGO DE SURCO,ORDENANZA,No 701-MSS,Ordenanza que aprueba el Regimen de Aplicacion de Sanciones Administrativas y el Cuadro de Infracciones y Sanciones Administrativas de la Municipalidad de Santiago de Surco,https://epdoc2.elperuano.pe/EpPo/DescargaINDA.asp?Referencias=NDNYQ1hDWENYQ0xIVkJZQlRNTEhZQkxIOVdfX1ZCVE1YQ1lCWUJTOExI,20240630
20240628,2301593-1,MUNICIPALIDAD DE SURQUILLO,Decretos de Alcaldia,No 04-2024-MDS,Disponen el embanderamiento general en el distrito de Surquillo,https://epdoc2.elperuano.pe/EpPo/DescargaINDA.asp?Referencias=NDNYQ1hDWENYQ0xIVkJZQlRNTEhZQkxIOVdfX1M4WVhVTjlXWUJTOExI,20240630
20240628,2301700-1,MUNICIPALIDAD DE VILLA EL SALVADOR,Decretos de Alcaldia,No 007-2024-ALC/MVES,Disponen el embanderamiento general de caracter obligatorio en las viviendas instituciones publicas y privadas locales comerciales y demas predios del distrito de Villa El Salvador,https://epdoc2.elperuano.pe/EpPo/DescargaINDA.asp?Referencias=NDNYQ1hDWENYQ0xIVkJZQlRNTEhZQkxIOVdfX1lCWUJXVjlXWUJTOExI,20240630
20240628,2301702-1,MUNICIPALIDAD DE VILLA EL SALVADOR,Decretos de Alcaldia,No 008-2024-ALC/MVES,Prorrogan vigencia de la Ordenanza No 504-MVES Ordenanza que establece beneficios tributarios a favor de los contribuyentes del distrito de Villa El Salvador,https://epdoc2.elperuano.pe/EpPo/DescargaINDA.asp?Referencias=NDNYQ1hDWENYQ0xIVkJZQlRNTEhZQkxIOVdfX0xIWUJXVjlXWUJTOExI,20240630
20240628,2301688-1,MUNICIPALIDAD PROVINCIAL DEL CALLAO,DECRETO DE ALCALDIA,No 013-2024-ALC/MPC,Prorrogan vigencia de la Ordenanza Municipal No 002-2024/MPC denominada Ordenanza que otorga beneficios para el pago de las obligaciones tributarias en el Cercado del Callao,https://epdoc2.elperuano.pe/EpPo/DescargaINDA.asp?Referencias=NDNYQ1hDWENYQ0xIVkJZQlRNTEhZQkxIOVdfX1hDWENWQjlXWUJTOExI,20240630
20240628,2301831-1,MUNICIPALIDAD PROVINCIAL DEL CUSCO,ACUERDO,No 37-2024-MPC,Autorizan viaje de Regidores y Trabajadores de la Municipalidad Provincial del Cusco para participar en evento a realizarse en la Republica de Corea,https://epdoc2.elperuano.pe/EpPo/DescargaINDA.asp?Referencias=NDNYQ1hDWENYQ0xIVkJZQlRNTEhZQkxIOVdfXzlXUzhYQzlXWUJTOExI,20240630
20240628,2293752-1,MUNICIPALIDAD PROVINCIAL DEL SANTA,ORDENANZA,No 007-2024-MPS,Ordenanza que establece el tratamiento tributario para acceder al beneficio que otorga el articulo 19o del TUO de la Ley de Tributacion Municipal,https://epdoc2.elperuano.pe/EpPo/DescargaINDA.asp?Referencias=NDNYQ1hDWENYQ0xIVkJZQlRNTEhZQkxIOVdfX0xIVU5XVlM4WVhMSExI,20240630
20240628,2300139-1,MUNICIPALIDAD PROVINCIAL DE CAnETE,ORDENANZA,No 04-2024-MPC,Ordenanza que aprueba el procedimiento de planeamiento integral con fines de anexion al area urbana y asignacion de zonificacion,https://epdoc2.elperuano.pe/EpPo/DescargaINDA.asp?Referencias=NDNYQ1hDWENYQ0xIVkJZQlRNTEhZQkxIOVdfX1lYUzg5V1lCWUJTOExI,20240630
20240627,2301480-1,CULTURA,RESOLUCION MINISTERIAL,No 000250-2024-MC,Otorgan la distincion de Personalidad Meritoria de la Cultura,https://epdoc2.elperuano.pe/EpPo/DescargaINDA.asp?Referencias=NDNXVldWV1ZXVkxIVkJZQlRNTEhZQkxIOVdfX1lCWENUTTlXWUJTOExI,20240630
20240627,2301487-1,CULTURA,RESOLUCION MINISTERIAL,No 000251-2024-MC,Otorgan la distincion de Personalidad Meritoria de la Cultura,https://epdoc2.elperuano.pe/EpPo/DescargaINDA.asp?Referencias=NDNXVldWV1ZXVkxIVkJZQlRNTEhZQkxIOVdfX1dWWENUTTlXWUJTOExI,20240630
20240627,2301493-1,CULTURA,RESOLUCION MINISTERIAL,No 000253-2024-MC,Otorgan la distincion de Personalidad Meritoria de la Cultura,https://epdoc2.elperuano.pe/EpPo/DescargaINDA.asp?Referencias=NDNXVldWV1ZXVkxIVkJZQlRNTEhZQkxIOVdfX1M4WVhUTTlXWUJTOExI,20240630
20240627,2301498-1,CULTURA,RESOLUCION MINISTERIAL,No 000252-2024-MC,Otorgan la distincion de Personalidad Meritoria de la Cultura,https://epdoc2.elperuano.pe/EpPo/DescargaINDA.asp?Referencias=NDNXVldWV1ZXVkxIVkJZQlRNTEhZQkxIOVdfX1hDWVhUTTlXWUJTOExI,20240630
20240627,2301204-1,CULTURA,RESOLUCION VICE MINISTERIAL,No 000169-2024-VMPCIC/MC,Retiran la condicion de monumento integrante del Patrimonio Cultural de la Nacion a inmueble ubicado en el Cercado de Lima provincia y departamento de Lima,https://epdoc2.elperuano.pe/EpPo/DescargaINDA.asp?Referencias=NDNXVldWV1ZXVkxIVkJZQlRNTEhZQkxIOVdfX1RNWUJMSDlXWUJTOExI,20240630
20240627,2301539-1,CULTURA,RESOLUCION VICE MINISTERIAL,No 000173-2024-VMPCIC/MC,Declaran Patrimonio Cultural de la Nacion a los Conocimientos saberes y practicas asociados a la navegacion y pesca tradicional ancestral en balsillas artesanales de madera balsa en las caletas del norte peruano,https://epdoc2.elperuano.pe/EpPo/DescargaINDA.asp?Referencias=NDNXVldWV1ZXVkxIVkJZQlRNTEhZQkxIOVdfX1lYUzhVTjlXWUJTOExI,20240630
20240627,2301555-1,CULTURA,RESOLUCION VICE MINISTERIAL,No 000172-2024-VMPCIC/MC,Declaran Patrimonio Cultural de la Nacion a la Pesca tradicional ancestral en el litoral de Lima metropolitana: conocimientos tecnicas y significados asociados,https://epdoc2.elperuano.pe/EpPo/DescargaINDA.asp?Referencias=NDNXVldWV1ZXVkxIVkJZQlRNTEhZQkxIOVdfX1VOVU5VTjlXWUJTOExI,20240630
20240627,2301068-1,DESARROLLO AGRARIO Y RIEGO,RESOLUCION DIRECTORAL,No D000025-2024-MIDAGRI-SENASA-DSV,Establecen requisitos fitosanitarios de cumplimiento obligatorio para la importacion de fruta fresca de pera de origen y procedencia del Reino de Belgica,https://epdoc2.elperuano.pe/EpPo/DescargaINDA.asp?Referencias=NDNXVldWV1ZXVkxIVkJZQlRNTEhZQkxIOVdfX1hDVkJZQjlXWUJTOExI,20240630
20240627,2301490-1,ECONOMIA Y FINANZAS,FE DE ERRATA,R.M. No 206-2024-EF/49,FE DE ERRATA,https://epdoc2.elperuano.pe/EpPo/DescargaINDA.asp?Referencias=NDNXVldWV1ZXVkxIVkJZQlRNTEhZQkxIOVdfX1lCWVhUTTlXWUJTOExI,20240630
20240627,2301610-1,EDUCACION,RESOLUCION VICE MINISTERIAL,No 072-2024-MINEDU,Reconforman la Comision Organizadora de la Universidad Nacional Intercultural de Quillabamba,https://epdoc2.elperuano.pe/EpPo/DescargaINDA.asp?Referencias=NDNXVldWV1ZXVkxIVkJZQlRNTEhZQkxIOVdfX1lCOVdWQjlXWUJTOExI,20240630
20240627,2301585-1,ENERGIA Y MINAS,DECRETO SUPREMO,No 011-2024-EM,Decreto Supremo que modifica el articulo 3 del Decreto Supremo No 030-2016-EM que aprueba disposiciones referidas a la determinacion de la capacidad instalada de tratamiento de mineral diario,https://epdoc2.elperuano.pe/EpPo/DescargaINDA.asp?Referencias=NDNXVldWV1ZXVkxIVkJZQlRNTEhZQkxIOVdfX1VOWENVTjlXWUJTOExI,20240630
20240627,2301838-1,INTERIOR,RESOLUCION MINISTERIAL,No 0848-2024-IN,Disponen la publicacion del proyecto de Decreto Supremo que modifica el Reglamento del Decreto Legislativo No 1260 Decreto Legislativo que fortalece el Cuerpo General de Bomberos Voluntarios del Peru como parte del Sistema Nacional de Seguridad Ciudadana y regula la Intendencia Nacional de Bomberos del Peru  aprobado mediante el Decreto Supremo No 019-2017-IN  y la unica Disposicion Complementaria Final del Decreto Supremo No 043-2022-EF y su exposicion de motivos,https://epdoc2.elperuano.pe/EpPo/DescargaINDA.asp?Referencias=NDNXVldWV1ZXVkxIVkJZQlRNTEhZQkxIOVdfX1hDUzhYQzlXWUJTOExI,20240630
20240627,2301012-1,JUSTICIA Y DERECHOS HUMANOS,RESOLUCION MINISTERIAL,No 0166-2024-JUS,Nombran notaria del distrito de Andahuaylas provincia de Andahuaylas departamento de Apurimac Distrito Notarial de Apurimac,https://epdoc2.elperuano.pe/EpPo/DescargaINDA.asp?Referencias=NDNXVldWV1ZXVkxIVkJZQlRNTEhZQkxIOVdfX0xIOVdZQjlXWUJTOExI,20240630
20240627,2301014-1,JUSTICIA Y DERECHOS HUMANOS,RESOLUCION MINISTERIAL,No 0167-2024-JUS,Nombran notario del distrito de Andahuaylas provincia de Andahuaylas departamento de Apurimac Distrito Notarial de Apurimac,https://epdoc2.elperuano.pe/EpPo/DescargaINDA.asp?Referencias=NDNXVldWV1ZXVkxIVkJZQlRNTEhZQkxIOVdfX1RNOVdZQjlXWUJTOExI,20240630
20240627,2301017-1,JUSTICIA Y DERECHOS HUMANOS,RESOLUCION MINISTERIAL,No 0168-2024-JUS,Nombran notario del distrito de Abancay provincia de Abancay departamento de Apurimac Distrito Notarial de Apurimac,https://epdoc2.elperuano.pe/EpPo/DescargaINDA.asp?Referencias=NDNXVldWV1ZXVkxIVkJZQlRNTEhZQkxIOVdfX1dWOVdZQjlXWUJTOExI,20240630
20240627,2301020-1,JUSTICIA Y DERECHOS HUMANOS,RESOLUCION MINISTERIAL,No 0169-2024-JUS,Nombran notario del distrito de Echarate provincia de La Convencion departamento de Cusco Distrito Notarial de Cusco y Madre de Dios,https://epdoc2.elperuano.pe/EpPo/DescargaINDA.asp?Referencias=NDNXVldWV1ZXVkxIVkJZQlRNTEhZQkxIOVdfX1lCTEhZQjlXWUJTOExI,20240630
20240627,2301022-1,JUSTICIA Y DERECHOS HUMANOS,RESOLUCION MINISTERIAL,No 0170-2024-JUS,Nombran notario del distrito de Limatambo provincia de Anta departamento de Cusco Distrito Notarial de Cusco y Madre de Dios,https://epdoc2.elperuano.pe/EpPo/DescargaINDA.asp?Referencias=NDNXVldWV1ZXVkxIVkJZQlRNTEhZQkxIOVdfX0xITEhZQjlXWUJTOExI,20240630
20240627,2301023-1,JUSTICIA Y DERECHOS HUMANOS,RESOLUCION MINISTERIAL,No 0171-2024-JUS,Cancelan titulo de notario del distrito de Chimbote y nombran notario del distrito de Huarmey provincia de Huarmey departamento de Ancash Distrito Notarial de Ancash,https://epdoc2.elperuano.pe/EpPo/DescargaINDA.asp?Referencias=NDNXVldWV1ZXVkxIVkJZQlRNTEhZQkxIOVdfX1M4TEhZQjlXWUJTOExI,20240630
20240627,2301134-1,MUJER Y POBLACIONES VULNERABLES,RESOLUCION,No D000124-2024-CONADIS-PRE,Aprueban la Directiva que regula el procedimiento para la eleccion de los miembros de la Comision Consultiva del Consejo Nacional para la Integracion de la Persona con Discapacidad - CONADIS,https://epdoc2.elperuano.pe/EpPo/DescargaINDA.asp?Referencias=NDNXVldWV1ZXVkxIVkJZQlRNTEhZQkxIOVdfX1RNUzg5VzlXWUJTOExI,20240630
20240627,2301241-1,MUJER Y POBLACIONES VULNERABLES,RESOLUCION MINISTERIAL,No 220-2024-MIMP,Aprueban la Directiva No 004-2024-MIMP Atencion a personas adultas mayores en situacion de riesgo,https://epdoc2.elperuano.pe/EpPo/DescargaINDA.asp?Referencias=NDNXVldWV1ZXVkxIVkJZQlRNTEhZQkxIOVdfXzlXVE1MSDlXWUJTOExI,20240630
20240627,2301432-1,TRABAJO Y PROMOCION DEL EMPLEO,RESOLUCION MINISTERIAL,No 106-2024-TR,Designan Asesor II del Despacho Viceministerial de Trabajo,https://epdoc2.elperuano.pe/EpPo/DescargaINDA.asp?Referencias=NDNXVldWV1ZXVkxIVkJZQlRNTEhZQkxIOVdfX0xIUzhUTTlXWUJTOExI,20240630
20240627,2300922-1,TRANSPORTES Y COMUNICACIONES,RESOLUCION MINISTERIAL,No 331-2024-MTC/01.03,Otorgan a la empresa GUIA CIENEGUILLA RED22 E.I.R.L. Concesion unica para la prestacion de los servicios publicos de telecomunicaciones en area que comprende todo el territorio de la Republica,https://epdoc2.elperuano.pe/EpPo/DescargaINDA.asp?Referencias=NDNXVldWV1ZXVkxIVkJZQlRNTEhZQkxIOVdfX0xITEhZWFlCWUJTOExI,20240630
20240627,2300986-1,TRANSPORTES Y COMUNICACIONES,RESOLUCION MINISTERIAL,No 336-2024-MTC/01.03,Otorgan a la empresa SERVICIOS GENERALES ISAFOR SOCIEDAD ANONIMA CERRADA Concesion unica para la prestacion de servicios publicos de telecomunicaciones en area que comprende todo el territorio de la Republica,https://epdoc2.elperuano.pe/EpPo/DescargaINDA.asp?Referencias=NDNXVldWV1ZXVkxIVkJZQlRNTEhZQkxIOVdfX1ZCWENZWFlCWUJTOExI,20240630
20240627,2300993-1,TRANSPORTES Y COMUNICACIONES,RESOLUCION MINISTERIAL,No 344-2024-MTC/01.02,Crean el Grupo de Trabajo para la mitigacion de las emisiones generadas por el transporte urbano,https://epdoc2.elperuano.pe/EpPo/DescargaINDA.asp?Referencias=NDNXVldWV1ZXVkxIVkJZQlRNTEhZQkxIOVdfX1M4WVhZWFlCWUJTOExI,20240630
20240627,2301002-1,TRANSPORTES Y COMUNICACIONES,RESOLUCION MINISTERIAL,No 345-2024-MTC/01,Aprueban el Plan de Gobierno y Transformacion Digital del Ministerio de Transportes y Comunicaciones 2024 - 2026,https://epdoc2.elperuano.pe/EpPo/DescargaINDA.asp?Referencias=NDNXVldWV1ZXVkxIVkJZQlRNTEhZQkxIOVdfX0xIWUJZQjlXWUJTOExI,20240630
20240627,2301013-1,TRANSPORTES Y COMUNICACIONES,RESOLUCION MINISTERIAL,No 347-2024-MTC/01.03,Otorgan a la empresa HB ESPINOZA CORPORATION E.I.R.L. Concesion unica para la prestacion de servicios publicos de telecomunicaciones en area que comprende todo el territorio de la Republica,https://epdoc2.elperuano.pe/EpPo/DescargaINDA.asp?Referencias=NDNXVldWV1ZXVkxIVkJZQlRNTEhZQkxIOVdfX1M4OVdZQjlXWUJTOExI,20240630
20240627,2301046-1,TRANSPORTES Y COMUNICACIONES,RESOLUCION MINISTERIAL,No 350-2024-MTC/01.02,Clasifican la carretera: Emp. PI-887 (Los alamos) Emp. PI-108 (Huayanay) como Ruta Nacional de la Red Vial Nacional con el codigo PE-02 E  y dictan otras disposiciones,https://epdoc2.elperuano.pe/EpPo/DescargaINDA.asp?Referencias=NDNXVldWV1ZXVkxIVkJZQlRNTEhZQkxIOVdfX1ZCVE1ZQjlXWUJTOExI,20240630
20240627,2301071-1,TRANSPORTES Y COMUNICACIONES,RESOLUCION MINISTERIAL,No 349-2024-MTC/01.02,Aprueban ejecucion de expropiacion de areas afectadas de inmueble para la ejecucion de la obra: Tramo No 4 del Corredor Vial Interoceanico Sur Peru Brasil (Inambari - Azangaro),https://epdoc2.elperuano.pe/EpPo/DescargaINDA.asp?Referencias=NDNXVldWV1ZXVkxIVkJZQlRNTEhZQkxIOVdfXzlXV1ZZQjlXWUJTOExI,20240630
20240627,2301180-1,TRANSPORTES Y COMUNICACIONES,RESOLUCION MINISTERIAL,No 343-2024-MTC/01.02,Aprueban la ejecucion de expropiacion de area afectada de inmueble para la ejecucion de la obra: Red Vial No 4: Tramo Pativilca - Santa - Trujillo y Puerto Salaverry - Empalme PN1N y su valor de tasacion,https://epdoc2.elperuano.pe/EpPo/DescargaINDA.asp?Referencias=NDNXVldWV1ZXVkxIVkJZQlRNTEhZQkxIOVdfX1lCWEM5VzlXWUJTOExI,20240630
20240627,2301586-1,DESPACHO PRESIDENCIAL,RESOLUCION,No 000029-2024-DP/SG,Designan Director de la Oficina de Atencion al Ciudadano y Gestion Documentaria del Despacho Presidencial,https://epdoc2.elperuano.pe/EpPo/DescargaINDA.asp?Referencias=NDNXVldWV1ZXVkxIVkJZQlRNTEhZQkxIOVdfX1ZCWENVTjlXWUJTOExI,20240630
20240627,2301540-1,ORGANISMO DE FORMALIZACIoN DE LA PROPIEDAD INFORMAL,RESOLUCION DIRECTORAL,No D000090-2024-COFOPRI-DE,Designan Jefe de la Oficina Zonal Lima - Callao del Organismo de Formalizacion de la Propiedad Informal - COFOPRI,https://epdoc2.elperuano.pe/EpPo/DescargaINDA.asp?Referencias=NDNXVldWV1ZXVkxIVkJZQlRNTEhZQkxIOVdfX1lCVE1VTjlXWUJTOExI,20240630
20240627,2301605-1,ORGANISMO DE FORMALIZACIoN DE LA PROPIEDAD INFORMAL,RESOLUCION DIRECTORAL,No D000091-2024-COFOPRI-DE,Designan Director de la Oficina de Administracion del COFOPRI,https://epdoc2.elperuano.pe/EpPo/DescargaINDA.asp?Referencias=NDNXVldWV1ZXVkxIVkJZQlRNTEhZQkxIOVdfX1VOWUJWQjlXWUJTOExI,20240630
20240627,2301224-1,ORGANISMO SUPERVISOR DE LA INVERSIoN EN ENERGiA Y MINERiA,RESOLUCION,No 119-2024-OS/CD,Disponen la publicacion para comentarios del proyecto de modificacion de los Procedimientos Tecnicos del COES No 01 Programacion de la Operacion de Corto Plazo (PR-01) y No 09 Coordinacion de la Operacion en Tiempo Real (PR-09),https://epdoc2.elperuano.pe/EpPo/DescargaINDA.asp?Referencias=NDNXVldWV1ZXVkxIVkJZQlRNTEhZQkxIOVdfX1RNTEhMSDlXWUJTOExI,20240630
20240627,2301227-1,ORGANISMO SUPERVISOR DE LA INVERSIoN EN ENERGiA Y MINERiA,RESOLUCION,No 120-2024-OS/CD,Disponen la publicacion para comentarios del proyecto de modificacion del Procedimiento Tecnico del COES No 17 Determinacion de la Potencia Efectiva y Rendimiento de las Unidades de Generacion Termoelectrica (PR-17),https://epdoc2.elperuano.pe/EpPo/DescargaINDA.asp?Referencias=NDNXVldWV1ZXVkxIVkJZQlRNTEhZQkxIOVdfX1dWTEhMSDlXWUJTOExI,20240630
20240627,2301229-1,ORGANISMO SUPERVISOR DE LA INVERSIoN EN ENERGiA Y MINERiA,RESOLUCION,No 121-2024-OS/CD,Disponen la publicacion para comentarios del proyecto de modificacion del Procedimiento Tecnico del COES No 18 Determinacion de la Potencia Efectiva de Centrales Hidroelectricas (PR-18),https://epdoc2.elperuano.pe/EpPo/DescargaINDA.asp?Referencias=NDNXVldWV1ZXVkxIVkJZQlRNTEhZQkxIOVdfX1lYTEhMSDlXWUJTOExI,20240630
20240627,2301235-1,ORGANISMO SUPERVISOR DE LA INVERSIoN EN ENERGiA Y MINERiA,RESOLUCION,No 122-2024-OS/CD,Resolucion de Consejo Directivo que aprueba el Procedimiento sobre reportes periodicos de las condiciones de los depositos de relaves y su monitoreo geotecnico,https://epdoc2.elperuano.pe/EpPo/DescargaINDA.asp?Referencias=NDNXVldWV1ZXVkxIVkJZQlRNTEhZQkxIOVdfX1VOUzhMSDlXWUJTOExI,20240630
20240627,2301242-1,ORGANISMO SUPERVISOR DE LA INVERSIoN EN ENERGiA Y MINERiA,RESOLUCION,No 123-2024-OS/CD,Resolucion de Consejo Directivo que aprueba el Cuadro de tipificacion de infracciones y sanciones en seguridad minera,https://epdoc2.elperuano.pe/EpPo/DescargaINDA.asp?Referencias=NDNXVldWV1ZXVkxIVkJZQlRNTEhZQkxIOVdfX0xIVE1MSDlXWUJTOExI,20240630
20240627,2301255-1,ORGANISMO SUPERVISOR DE LA INVERSIoN EN ENERGiA Y MINERiA,RESOLUCION,No 70-2024-OS/PRES,Aprueban Transferencia Financiera a favor de la Contraloria General de la Republica,https://epdoc2.elperuano.pe/EpPo/DescargaINDA.asp?Referencias=NDNXVldWV1ZXVkxIVkJZQlRNTEhZQkxIOVdfX1VOVU5MSDlXWUJTOExI,20240630
20240627,2301409-1,ORGANISMO SUPERVISOR DE LA INVERSIoN EN ENERGiA Y MINERiA,RESOLUCION,No 029-2024-OS/GRT,Resolucion mediante la cual se fijan las Bandas de Precios y los Margenes Comerciales aplicables al Petroleo Industrial 6 utilizado en Generacion Electrica en Sistemas Aislados y el Diesel B5 destinado al uso vehicular,https://epdoc2.elperuano.pe/EpPo/DescargaINDA.asp?Referencias=NDNXVldWV1ZXVkxIVkJZQlRNTEhZQkxIOVdfX1lYWUJUTTlXWUJTOExI,20240630
20240627,2301118-1,ORGANISMO SUPERVISOR DE LA INVERSIoN EN INFRAESTRUCTURA DE TRANSPORTE DE USO PuBLICO,RESOLUCION,No 0041-2024-PD-OSITRAN,Declaran improcedente solicitud de interpretacion de las clausulas 1.6 y 6.46 del Contrato de Concesion del Tramo 3: Inambari - Inapari del Proyecto Corredor Vial Interoceanico Sur Peru - Brasil solicitada por la empresa Concesionaria Interoceanica Sur Tramo 3 S.A.,https://epdoc2.elperuano.pe/EpPo/DescargaINDA.asp?Referencias=NDNXVldWV1ZXVkxIVkJZQlRNTEhZQkxIOVdfX1hDOVc5VzlXWUJTOExI,20240630
20240627,2300938-1,ORGANISMO SUPERVISOR DE INVERSION PRIVADA EN TELECOMUNICACIONES,RESOLUCION,No 00167-2024-CD/OSIPTEL,Declaran infundado recurso de apelacion interpuesto por AMeRICA MoVIL PERu S.A.C. contra la Resolucion No 130-2024-GG/OSIPTEL,https://epdoc2.elperuano.pe/EpPo/DescargaINDA.asp?Referencias=NDNXVldWV1ZXVkxIVkJZQlRNTEhZQkxIOVdfX1hDUzhZWFlCWUJTOExI,20240630
20240627,2300941-1,ORGANISMO SUPERVISOR DE INVERSION PRIVADA EN TELECOMUNICACIONES,RESOLUCION,No 00168 -2024-CD/OSIPTEL,Declaran fundado en parte el recurso de apelacion interpuesto por AMeRICA MoVIL PERu S.A.C. contra la Resolucion No 022-2024-TRASU/PAS/OSIPTEL,https://epdoc2.elperuano.pe/EpPo/DescargaINDA.asp?Referencias=NDNXVldWV1ZXVkxIVkJZQlRNTEhZQkxIOVdfXzlXVE1ZWFlCWUJTOExI,20240630
20240627,2300943-1,ORGANISMO SUPERVISOR DE INVERSION PRIVADA EN TELECOMUNICACIONES,RESOLUCION,No 00176 -2024-CD/OSIPTEL,Designan vocales del Tribunal Administrativo de Solucion de Reclamos de Usuarios (Trasu) del Organismo Supervisor de Inversion Privada en Telecomunicaciones (Osiptel),https://epdoc2.elperuano.pe/EpPo/DescargaINDA.asp?Referencias=NDNXVldWV1ZXVkxIVkJZQlRNTEhZQkxIOVdfX1M4VE1ZWFlCWUJTOExI,20240630
20240627,2300944-1,ORGANISMO SUPERVISOR DE INVERSION PRIVADA EN TELECOMUNICACIONES,RESOLUCION,No 00177- 2024-CD/OSIPTEL,Amplian periodo de designacion a servidoras publicas del Osiptel como vocales del Tribunal Administrativo de Solucion de Reclamos de Usuarios (Trasu),https://epdoc2.elperuano.pe/EpPo/DescargaINDA.asp?Referencias=NDNXVldWV1ZXVkxIVkJZQlRNTEhZQkxIOVdfX1RNVE1ZWFlCWUJTOExI,20240630
20240627,2301573-1,CENTRO NACIONAL DE PLANEAMIENTO ESTRATeGICO,RESOLUCION,No 0057-2024/CEPLAN/PCD,Aprueban los Lineamientos para la identificacion del Listado de las Inversiones Estrategicas en los Planes Estrategicos Sectoriales Multianuales -PESEM,https://epdoc2.elperuano.pe/EpPo/DescargaINDA.asp?Referencias=NDNXVldWV1ZXVkxIVkJZQlRNTEhZQkxIOVdfX1M4V1ZVTjlXWUJTOExI,20240630
20240627,2301332-1,INSTITUTO DE INVESTIGACIONES DE LA AMAZONIA PERUANA,RESOLUCION,No 0057-2024-IIAP-PE,Autorizan transferencia financiera del IIAP a favor de la Contraloria General de la Republica,https://epdoc2.elperuano.pe/EpPo/DescargaINDA.asp?Referencias=NDNXVldWV1ZXVkxIVkJZQlRNTEhZQkxIOVdfX0xIUzhTODlXWUJTOExI,20240630
20240627,2301096-1,INSTITUTO GEOLoGICO MINERO Y METALuRGICO,RESOLUCION,No 071-2024-INGEMMET/PE,Asignan montos que por Derecho de Vigencia y Penalidad correspondan al mes de mayo de 2024,https://epdoc2.elperuano.pe/EpPo/DescargaINDA.asp?Referencias=NDNXVldWV1ZXVkxIVkJZQlRNTEhZQkxIOVdfX1ZCWVhZQjlXWUJTOExI,20240630
20240627,2301473-1,INSTITUTO NACIONAL DE ESTADISTICA E INFORMATICA,RESOLUCION JEFATURAL,No 164-2024-INEI,Disponen se integre a los nuevos representantes de la Direccion General de Programas y Proyectos en Construccion y Saneamiento del Viceministerio de Construccion y Saneamiento ante la Comision Tecnica para la Aprobacion de los indices Unificados de Precios de la Construccion,https://epdoc2.elperuano.pe/EpPo/DescargaINDA.asp?Referencias=NDNXVldWV1ZXVkxIVkJZQlRNTEhZQkxIOVdfX1M4V1ZUTTlXWUJTOExI,20240630
20240627,2301250-1,SUPERINTENDENCIA DEL MERCADO DE VALORES,RESOLUCION,No 086-2024-SMV/02,Autorizan el funcionamiento de Faro Capital Sociedad Administradora de Fondos S.A. como sociedad administradora de fondos de inversion,https://epdoc2.elperuano.pe/EpPo/DescargaINDA.asp?Referencias=NDNXVldWV1ZXVkxIVkJZQlRNTEhZQkxIOVdfX1lCVU5MSDlXWUJTOExI,20240630
20240627,2300769-1,SUPERINTENDENCIA NACIONAL DE ADUANAS Y DE ADMINISTRACIoN TRIBUTARIA,RESOLUCION,No 000115-2024-SUNAT/800000,Designan Fedatarios Institucionales de la Intendencia Lima,https://epdoc2.elperuano.pe/EpPo/DescargaINDA.asp?Referencias=NDNXVldWV1ZXVkxIVkJZQlRNTEhZQkxIOVdfX1lYVkJXVllCWUJTOExI,20240630
20240627,2301406-1,SUPERINTENDENCIA NACIONAL DE MIGRACIONES,RESOLUCION,No 000121-2024-MIGRACIONES,Dejan sin efecto la Res. No 000177-2019-MIGRACIONES y disponen la presentacion de diversos documentos a los ciudadanos venezolanos para el control migratorio de ingreso al territorio nacional,https://epdoc2.elperuano.pe/EpPo/DescargaINDA.asp?Referencias=NDNXVldWV1ZXVkxIVkJZQlRNTEhZQkxIOVdfX1ZCWUJUTTlXWUJTOExI,20240630
20240627,2301208-1,CONTRALORIA GENERAL DE LA REPUBLICA,RESOLUCION,No 291-2024-CG,Formalizan la incorporacion a la Contraloria General de la Republica de 238 organos de Control Institucional de diversas entidades,https://epdoc2.elperuano.pe/EpPo/DescargaINDA.asp?Referencias=NDNXVldWV1ZXVkxIVkJZQlRNTEhZQkxIOVdfX1hDWUJMSDlXWUJTOExI,20240630
20240627,2297753-1,INSTITUCIONES EDUCATIVAS,RESOLUCION,No 201-2024-CO-UNCA,Autorizan viaje de Presidente (e) de la Comision Organizadora de la Universidad Nacional Ciro Alegria para participar en evento a realizarse en Alemania,https://epdoc2.elperuano.pe/EpPo/DescargaINDA.asp?Referencias=NDNXVldWV1ZXVkxIVkJZQlRNTEhZQkxIOVdfX1M4VU5XVldWWVhMSExI,20240630
20240627,2301424-1,INSTITUCIONES EDUCATIVAS,RESOLUCION,No 192-2024-UNTELS-R,Amplian encargatura de funciones de la Direccion General de Administracion de la Universidad Nacional Tecnologica de Lima Sur,https://epdoc2.elperuano.pe/EpPo/DescargaINDA.asp?Referencias=NDNXVldWV1ZXVkxIVkJZQlRNTEhZQkxIOVdfX1RNTEhUTTlXWUJTOExI,20240630
20240627,2301259-1,JURADO NACIONAL DE ELECCIONES,RESOLUCION,No 0192-2024-JNE,Declaran concluido el proceso de Elecciones Municipales Complementarias 2024 convocado mediante el Decreto Supremo No 097-2023-PCM,https://epdoc2.elperuano.pe/EpPo/DescargaINDA.asp?Referencias=NDNXVldWV1ZXVkxIVkJZQlRNTEhZQkxIOVdfX1lYVU5MSDlXWUJTOExI,20240630
20240627,2301536-1,JURADO NACIONAL DE ELECCIONES,RESOLUCION,No 0183-2024-JNE,Convocan a ciudadanos para que asuman cargos de regidores del Concejo Distrital Catache provincia de Santa Cruz departamento de Cajamarca,https://epdoc2.elperuano.pe/EpPo/DescargaINDA.asp?Referencias=NDNXVldWV1ZXVkxIVkJZQlRNTEhZQkxIOVdfX1ZCUzhVTjlXWUJTOExI,20240630
20240627,2301542-1,JURADO NACIONAL DE ELECCIONES,RESOLUCION,No 0184-2024-JNE,Declaran nulo el Acuerdo de Concejo No 021-2024-MDSC que declaro improcedente solicitud de vacancia presentada en contra de regidor del Concejo Distrital de Santa Cruz provincia de Huaylas departamento de ancash,https://epdoc2.elperuano.pe/EpPo/DescargaINDA.asp?Referencias=NDNXVldWV1ZXVkxIVkJZQlRNTEhZQkxIOVdfX0xIVE1VTjlXWUJTOExI,20240630
20240627,2301543-1,JURADO NACIONAL DE ELECCIONES,RESOLUCION,No 0185-2024-JNE,Declaran nulo el Acuerdo de Concejo No 020-2024/MDSJM que aprobo suspension en contra de regidora del Concejo Distrital de San Juan de Miraflores provincia y departamento de Lima,https://epdoc2.elperuano.pe/EpPo/DescargaINDA.asp?Referencias=NDNXVldWV1ZXVkxIVkJZQlRNTEhZQkxIOVdfX1M4VE1VTjlXWUJTOExI,20240630
20240627,2301552-1,JURADO NACIONAL DE ELECCIONES,RESOLUCION,No 0182-2024-JNE,Declaran la nulidad de lo actuado hasta citacion dirigida a regidora del Concejo Distrital de Ricran provincia de Jauja departamento de Junin para que asista a sesion de concejo extraordinaria en la que se evaluo vacancia seguida en su contra,https://epdoc2.elperuano.pe/EpPo/DescargaINDA.asp?Referencias=NDNXVldWV1ZXVkxIVkJZQlRNTEhZQkxIOVdfX0xIVU5VTjlXWUJTOExI,20240630
20240627,2301206-1,MINISTERIO PUBLICO,RESOLUCION,No 1435 -2024-MP-FN,Modifican el articulo segundo de la Resolucion de la Fiscalia de la Nacion No 2519-2023-MP-FN sobre las fiscalias superiores penales de Lima Sur que conoceran los recursos interpuestos ante las fiscalias provinciales penales corporativas y las fiscalias provinciales transitorias especializadas en violencia contra las mujeres y los integrantes del grupo familiar,https://epdoc2.elperuano.pe/EpPo/DescargaINDA.asp?Referencias=NDNXVldWV1ZXVkxIVkJZQlRNTEhZQkxIOVdfX1ZCWUJMSDlXWUJTOExI,20240630
20240627,2301207-1,MINISTERIO PUBLICO,RESOLUCION,No 1436-2024-MP-FN,Disponen que la Tercera Fiscalia Superior Penal de Ucayali en adicion a sus funciones conozca en grado las incidencias contiendas de competencia y otros provenientes de la Fiscalia Provincial Corporativa Especializada contra la Criminalidad Organizada de Ucayali y dictan otras disposiciones,https://epdoc2.elperuano.pe/EpPo/DescargaINDA.asp?Referencias=NDNXVldWV1ZXVkxIVkJZQlRNTEhZQkxIOVdfX1dWWUJMSDlXWUJTOExI,20240630
20240627,2300476-1,GOBIERNO REGIONAL DEL CUSCO,ACUERDO,No 201-2024-CRC/GR CUSCO,Autorizan Transferencia Financiera de recursos a los Gobiernos Locales en el Marco de la Politica Regional de Lucha contra la Desnutricion Cronica Infantil y la Anemia con enfasis en el Desarrollo Infantil Temprano,https://epdoc2.elperuano.pe/EpPo/DescargaINDA.asp?Referencias=NDNXVldWV1ZXVkxIVkJZQlRNTEhZQkxIOVdfX1ZCV1ZUTVlCWUJTOExI,20240630
20240627,2300486-1,GOBIERNO REGIONAL DEL CUSCO,ACUERDO,No 202-2024-CRC/GR CUSCO,Autorizan Transferencia Financiera de recursos a favor de la Municipalidad Provincial de Quispicanchi,https://epdoc2.elperuano.pe/EpPo/DescargaINDA.asp?Referencias=NDNXVldWV1ZXVkxIVkJZQlRNTEhZQkxIOVdfX1ZCWENUTVlCWUJTOExI,20240630
20240627,2300490-1,GOBIERNO REGIONAL DEL CUSCO,ACUERDO,No 203-2024-CRC/GR CUSCO,Autorizan Transferencia Financiera de recursos a favor de la Municipalidad Provincial de Quispicanchi,https://epdoc2.elperuano.pe/EpPo/DescargaINDA.asp?Referencias=NDNXVldWV1ZXVkxIVkJZQlRNTEhZQkxIOVdfX1lCWVhUTVlCWUJTOExI,20240630
20240627,2301369-1,GOBIERNO REGIONAL DEL CUSCO,ACUERDO,No 210-2024-CRC/GR CUSCO,Autorizan la Tercera Transferencia Financiera de recursos publicos a favor de la Municipalidad Distrital de Maranura,https://epdoc2.elperuano.pe/EpPo/DescargaINDA.asp?Referencias=NDNXVldWV1ZXVkxIVkJZQlRNTEhZQkxIOVdfX1lYVkJTODlXWUJTOExI,20240630
20240627,2300494-1,GOBIERNO REGIONAL DEL CUSCO,ORDENANZA,No 205-2024-CRC/GR CUSCO,Autorizan Transferencia Financiera de recursos a favor de la Municipalidad Provincial de Quispicanchi,https://epdoc2.elperuano.pe/EpPo/DescargaINDA.asp?Referencias=NDNXVldWV1ZXVkxIVkJZQlRNTEhZQkxIOVdfX1RNWVhUTVlCWUJTOExI,20240630
20240627,2300882-1,GOBIERNO REGIONAL DE HUANCAVELICA,ACUERDO,No 105-2024-GOB.REG.HVCA/CR,Aprueban transferencia financiera a favor de la Municipalidad Provincial de Tayacaja,https://epdoc2.elperuano.pe/EpPo/DescargaINDA.asp?Referencias=NDNXVldWV1ZXVkxIVkJZQlRNTEhZQkxIOVdfX0xIWENYQ1lCWUJTOExI,20240630
20240627,2300894-1,GOBIERNO REGIONAL DE HUANCAVELICA,ACUERDO,No 144-2024-GOB.REG.HVCA/CR,Aprueban transferencia financiera a favor de la Municipalidad Provincial de Huancavelica,https://epdoc2.elperuano.pe/EpPo/DescargaINDA.asp?Referencias=NDNXVldWV1ZXVkxIVkJZQlRNTEhZQkxIOVdfX1RNWVhYQ1lCWUJTOExI,20240630
20240627,2300898-1,GOBIERNO REGIONAL DE HUANCAVELICA,ACUERDO,No 164-2024-GOB.REG.HVCA/CR,Aprueban transferencia financiera a favor de la Municipalidad Provincial de Angaraes,https://epdoc2.elperuano.pe/EpPo/DescargaINDA.asp?Referencias=NDNXVldWV1ZXVkxIVkJZQlRNTEhZQkxIOVdfX1hDWVhYQ1lCWUJTOExI,20240630
20240627,2300391-1,MUNICIPALIDAD DE BREnA,ORDENANZA,No 607 -2024-MDB,Ordenanza que autoriza la realizacion del I Matrimonio Civil Comunitario 2024 y I Ceremonia de Renovacion de Votos Civiles Comunitario 2024,https://epdoc2.elperuano.pe/EpPo/DescargaINDA.asp?Referencias=NDNXVldWV1ZXVkxIVkJZQlRNTEhZQkxIOVdfXzlXWVhTOFlCWUJTOExI,20240630
20240627,2301452-1,MUNICIPALIDAD DE INDEPENDENCIA,Decretos de Alcaldia,No D000006-2024-AL-MDI,Aprueban Reglamento del Sorteo para los Vecinos Puntuales Preferentes de la Municipalidad Distrital de Independencia (Sorteo vecino puntual),https://epdoc2.elperuano.pe/EpPo/DescargaINDA.asp?Referencias=NDNXVldWV1ZXVkxIVkJZQlRNTEhZQkxIOVdfX0xIVU5UTTlXWUJTOExI,20240630
20240627,2301476-1,MUNICIPALIDAD DE MIRAFLORES,Res. Alcaldia,No 182-2024-A/MM,Dan por concluida designacion y encargan funciones de Ejecutor Coactivo de la Subgerencia de Fiscalizacion y Control de la Municipalidad Distrital de Miraflores,https://epdoc2.elperuano.pe/EpPo/DescargaINDA.asp?Referencias=NDNXVldWV1ZXVkxIVkJZQlRNTEhZQkxIOVdfX1ZCV1ZUTTlXWUJTOExI,20240630
20240627,2301064-1,MUNICIPALIDAD DE SAN LUIS,ORDENANZA,No 361-MDSL/C,Prorrogan vigencia de la Ordenanza No 360-MDSL/C Ordenanza de Beneficio Tributario Por nuestro Aniversario Paga con Beneficio,https://epdoc2.elperuano.pe/EpPo/DescargaINDA.asp?Referencias=NDNXVldWV1ZXVkxIVkJZQlRNTEhZQkxIOVdfX1RNVkJZQjlXWUJTOExI,20240630
20240627,2301065-1,MUNICIPALIDAD DE SAN LUIS,ORDENANZA,No 362-MDSL/C,Ordenanza que establece beneficios de pago de multas administrativas en la jurisdiccion del distrito de San Luis,https://epdoc2.elperuano.pe/EpPo/DescargaINDA.asp?Referencias=NDNXVldWV1ZXVkxIVkJZQlRNTEhZQkxIOVdfX1VOVkJZQjlXWUJTOExI,20240630
20240627,2300666-1,MUNICIPALIDAD DE SANTA MARIA DEL MAR,DECRETO DE ALCALDIA,No 004-2024/MDSMM,Disponen el embanderamiento de inmuebles en el distrito de Santa Maria del Mar,https://epdoc2.elperuano.pe/EpPo/DescargaINDA.asp?Referencias=NDNXVldWV1ZXVkxIVkJZQlRNTEhZQkxIOVdfX1ZCVkJWQllCWUJTOExI,20240630
20240627,2300824-1,MUNICIPALIDAD DE SANTIAGO DE SURCO,ACUERDO,No 050-2024-ACSS,Aprueban Transferencia Financiera a favor de la Contraloria General de la Republica,https://epdoc2.elperuano.pe/EpPo/DescargaINDA.asp?Referencias=NDNXVldWV1ZXVkxIVkJZQlRNTEhZQkxIOVdfX1RNTEhYQ1lCWUJTOExI,20240630
20240627,2301003-1,MUNICIPALIDAD DE PACHACAMAC,DECRETO DE ALCALDIA,No 007-2024-MDP/A,Aprueban el Reglamento Interno de la Instancia Distrital de Concertacion para Erradicar la Violencia Contra las Mujeres y los Integrantes del Grupo Familiar del Distrito de Pachacamac,https://epdoc2.elperuano.pe/EpPo/DescargaINDA.asp?Referencias=NDNXVldWV1ZXVkxIVkJZQlRNTEhZQkxIOVdfX1M4WUJZQjlXWUJTOExI,20240630
20240626,2301581-1,PRESIDENCIA DEL CONSEJO DE MINISTROS,RESOLUCION SUPREMA,No 156-2024-PCM,Autorizan al Instituto Nacional de Defensa Civil a efectuar en representacion del Estado Peruano donacion de bienes de ayuda humanitaria a favor de la Republica Federativa de Brasil para atender a los damnificados a consecuencia de lluvias e inundaciones,https://epdoc2.elperuano.pe/EpPo/DescargaINDA.asp?Referencias=NDNWQlZCVkJWQkxIVkJZQlRNTEhZQkxIOVdfXzlXWENVTjlXWUJTOExI,20240630
20240626,2300731-1,DEFENSA,RESOLUCION MINISTERIAL,No 00637-2024-DE,Autorizan viaje de oficial de la Marina de Guerra del Peru a EE.UU. en mision de estudios,https://epdoc2.elperuano.pe/EpPo/DescargaINDA.asp?Referencias=NDNWQlZCVkJWQkxIVkJZQlRNTEhZQkxIOVdfXzlXUzhXVllCWUJTOExI,20240630
20240626,2301582-1,DESARROLLO AGRARIO Y RIEGO,DECRETO SUPREMO,No 007-2024-MIDAGRI,Decreto Supremo que aprueba el Reglamento de la Ley No 31801 Ley que regula las organizaciones de usuarios de agua para el fortalecimiento de su participacion en la gestion multisectorial de los recursos hidricos,https://epdoc2.elperuano.pe/EpPo/DescargaINDA.asp?Referencias=NDNWQlZCVkJWQkxIVkJZQlRNTEhZQkxIOVdfX0xIWENVTjlXWUJTOExI,20240630
20240626,2301136-1,DESARROLLO AGRARIO Y RIEGO,RESOLUCION,No D000160-2024-MIDAGRI-SERFOR-DE,Designan Administrador Tecnico Forestal y de Fauna Silvestre de la Administracion Tecnica Forestal y de Fauna Silvestre - ATFFS Cusco del SERFOR,https://epdoc2.elperuano.pe/EpPo/DescargaINDA.asp?Referencias=NDNWQlZCVkJWQkxIVkJZQlRNTEhZQkxIOVdfX1ZCUzg5VzlXWUJTOExI,20240630
20240626,2300599-1,DESARROLLO AGRARIO Y RIEGO,RESOLUCION DIRECTORAL,No D000022-2024-MIDAGRI-SENASA-DSA,Modifican el titulo del Anexo II.c que es parte del literal b del articulo 1 de la Resolucion Directoral N.º 0009-2012-AG-SENASA-DSA asi como de la version publicada en el portal institucional del Servicio Nacional de Sanidad Agraria,https://epdoc2.elperuano.pe/EpPo/DescargaINDA.asp?Referencias=NDNWQlZCVkJWQkxIVkJZQlRNTEhZQkxIOVdfX1lYWVhVTllCWUJTOExI,20240630
20240626,2301147-1,DESARROLLO AGRARIO Y RIEGO,RESOLUCION MINISTERIAL,No 0221-2024-MIDAGRI,Designan Director de la Oficina de Programacion Multianual de Inversiones de la Oficina General de Planeamiento y Presupuesto del Ministerio,https://epdoc2.elperuano.pe/EpPo/DescargaINDA.asp?Referencias=NDNWQlZCVkJWQkxIVkJZQlRNTEhZQkxIOVdfX1dWVE05VzlXWUJTOExI,20240630
20240626,2301165-1,DESARROLLO AGRARIO Y RIEGO,RESOLUCION MINISTERIAL,No 0222-2024-MIDAGRI,Autorizan viaje de Presidente Ejecutivo de Sierra y Selva Exportadora a Brasil en comision de servicios,https://epdoc2.elperuano.pe/EpPo/DescargaINDA.asp?Referencias=NDNWQlZCVkJWQkxIVkJZQlRNTEhZQkxIOVdfX1VOVkI5VzlXWUJTOExI,20240630
20240626,2301156-1,EDUCACION,RESOLUCION MINISTERIAL,No 319-2024-MINEDU,Designan Director de la Direccion de Saneamiento Fisico Legal y Registro Inmobiliario de la Direccion General de Infraestructura Educativa,https://epdoc2.elperuano.pe/EpPo/DescargaINDA.asp?Referencias=NDNWQlZCVkJWQkxIVkJZQlRNTEhZQkxIOVdfX1ZCVU45VzlXWUJTOExI,20240630
20240626,2300654-1,ENERGIA Y MINAS,RESOLUCION MINISTERIAL,No 259-2024-MINEM/DM,Aprueban modificacion de la concesion definitiva para desarrollar la actividad de generacion de energia electrica con Recursos Energeticos Renovables en el proyecto San Martin Solar (Ex La Joya Solar) de la que es titular JOYA SOLAR S.A.C. y dictan otras disposiciones,https://epdoc2.elperuano.pe/EpPo/DescargaINDA.asp?Referencias=NDNWQlZCVkJWQkxIVkJZQlRNTEhZQkxIOVdfX1RNVU5WQllCWUJTOExI,20240630
20240626,2300906-1,JUSTICIA Y DERECHOS HUMANOS,RESOLUCION MINISTERIAL,No 0163-2024-JUS,Prorrogan periodo de vigencia del Grupo de Trabajo Multisectorial de naturaleza temporal con el objeto de elaborar la propuesta de la Politica Nacional Multisectorial de Derechos Humanos,https://epdoc2.elperuano.pe/EpPo/DescargaINDA.asp?Referencias=NDNWQlZCVkJWQkxIVkJZQlRNTEhZQkxIOVdfX1ZCWUJZWFlCWUJTOExI,20240630
20240626,2300909-1,JUSTICIA Y DERECHOS HUMANOS,RESOLUCION MINISTERIAL,No 0164-2024-JUS,Designan Director de Promocion de la Justicia y Fortalecimiento de la Practica Juridica,https://epdoc2.elperuano.pe/EpPo/DescargaINDA.asp?Referencias=NDNWQlZCVkJWQkxIVkJZQlRNTEhZQkxIOVdfX1lYWUJZWFlCWUJTOExI,20240630
20240626,2300910-1,JUSTICIA Y DERECHOS HUMANOS,RESOLUCION MINISTERIAL,No 0165-2024-JUS,Designan Director de Sistema Administrativo III de la Secretaria General,https://epdoc2.elperuano.pe/EpPo/DescargaINDA.asp?Referencias=NDNWQlZCVkJWQkxIVkJZQlRNTEhZQkxIOVdfX1lCOVdZWFlCWUJTOExI,20240630
20240626,2301158-1,MUJER Y POBLACIONES VULNERABLES,DECRETO SUPREMO,No 003-2024-MIMP,Decreto Supremo que aprueba el Reglamento de la Ley No 31781 Ley que fortalece la atencion de personas adultas mayores con discapacidad en situacion de desproteccion familiar o en riesgo de exclusion social,https://epdoc2.elperuano.pe/EpPo/DescargaINDA.asp?Referencias=NDNWQlZCVkJWQkxIVkJZQlRNTEhZQkxIOVdfX1hDVU45VzlXWUJTOExI,20240630
20240626,2301139-1,PRODUCE,RESOLUCION MINISTERIAL,No 000264-2024-PRODUCE,Designan Asesora II del Despacho Viceministerial de MYPE e Industria,https://epdoc2.elperuano.pe/EpPo/DescargaINDA.asp?Referencias=NDNWQlZCVkJWQkxIVkJZQlRNTEhZQkxIOVdfX1lYUzg5VzlXWUJTOExI,20240630
20240626,2300677-1,TRANSPORTES Y COMUNICACIONES,RESOLUCION MINISTERIAL,No 340-2024-MTC/01.02,Autorizan viaje de inspectores de la Direccion General de Aeronautica Civil a Colombia en comision de servicios,https://epdoc2.elperuano.pe/EpPo/DescargaINDA.asp?Referencias=NDNWQlZCVkJWQkxIVkJZQlRNTEhZQkxIOVdfX1dWV1ZWQllCWUJTOExI,20240630
20240626,2300684-1,TRANSPORTES Y COMUNICACIONES,RESOLUCION MINISTERIAL,No 341-2024-MTC/01.02,Autorizan viaje de inspector de la Direccion General de Aeronautica Civil a EE.UU. en comision de servicios,https://epdoc2.elperuano.pe/EpPo/DescargaINDA.asp?Referencias=NDNWQlZCVkJWQkxIVkJZQlRNTEhZQkxIOVdfX1RNWENWQllCWUJTOExI,20240630
20240626,2300757-1,TRANSPORTES Y COMUNICACIONES,RESOLUCION MINISTERIAL,No 342-2024-MTC/01.02,Aprueban ejecucion de expropiacion de area afectada de un inmueble para la ejecucion de la obra: Rehabilitacion y Mejoramiento de la Carretera: Chongoyape - Cochabamba - Cajamarca Tramo: Chota - Bambamarca - Hualgayoc,https://epdoc2.elperuano.pe/EpPo/DescargaINDA.asp?Referencias=NDNWQlZCVkJWQkxIVkJZQlRNTEhZQkxIOVdfX1dWVU5XVllCWUJTOExI,20240630
20240626,2301052-1,COMISION NACIONAL PARA EL DESARROLLO Y VIDA SIN DROGAS,RESOLUCION,No 000137-2024-DV-PE,Autorizan transferencia financiera para financiar actividad a favor de la Municipalidad Distrital de San Martin de Porres,https://epdoc2.elperuano.pe/EpPo/DescargaINDA.asp?Referencias=NDNWQlZCVkJWQkxIVkJZQlRNTEhZQkxIOVdfX0xIVU5ZQjlXWUJTOExI,20240630
20240626,2300438-1,ORGANISMO SUPERVISOR DE LA INVERSIoN EN INFRAESTRUCTURA DE TRANSPORTE DE USO PuBLICO,RESOLUCION,No 0038-2024-PD-OSITRAN,Delegan al gerente general hasta el ano 2026 las facultades de aprobacion de acciones requeridas para la transicion al marco de las Normas Internacionales de Contabilidad del Sector Publico (NICSP),https://epdoc2.elperuano.pe/EpPo/DescargaINDA.asp?Referencias=NDNWQlZCVkJWQkxIVkJZQlRNTEhZQkxIOVdfX1hDUzhUTVlCWUJTOExI,20240630
20240626,2300497-1,ORGANISMO SUPERVISOR DE INVERSION PRIVADA EN TELECOMUNICACIONES,RESOLUCION,No 00004-2024-TA/OSIPTEL,Declaran infundado el Recurso de Apelacion interpuesto por la empresa TELEFoNICA DEL PERu S.A.A. contra la Res. No 00156-2024-GG/OSIPTEL,https://epdoc2.elperuano.pe/EpPo/DescargaINDA.asp?Referencias=NDNWQlZCVkJWQkxIVkJZQlRNTEhZQkxIOVdfX1dWWVhUTVlCWUJTOExI,20240630
20240626,2301137-1,AGENCIA DE PROMOCIoN DE LA INVERSIoN PRIVADA,RESOLUCION,No 33-2024/DEP.65,Aprueban la incorporacion del proyecto de la Iniciativa Privada Cofinanciada Gestion Integral de Residuos Solidos en Establecimientos de Salud del Ministerio de Salud en Lima Metropolitana al proceso de promocion de la inversion privada,https://epdoc2.elperuano.pe/EpPo/DescargaINDA.asp?Referencias=NDNWQlZCVkJWQkxIVkJZQlRNTEhZQkxIOVdfX1dWUzg5VzlXWUJTOExI,20240630
20240626,2301154-1,CONSEJO NACIONAL DE CIENCIA  TECNOLOGiA E INNOVACIoN TECNOLoGICA,FE DE ERRATA,Res. No 064-2024-CONCYTEC-P,FE DE ERRATA,https://epdoc2.elperuano.pe/EpPo/DescargaINDA.asp?Referencias=NDNWQlZCVkJWQkxIVkJZQlRNTEhZQkxIOVdfX1RNVU45VzlXWUJTOExI,20240630
20240626,2301125-1,INSTITUTO NACIONAL DE DEFENSA DE LA COMPETENCIA Y DE LA PROTECCION DE LA PROPIEDAD INTELECTUAL,RESOLUCION,No 000114-2024-GEG/INDECOPI,Designan Asesora de la Presidencia Ejecutiva del INDECOPI,https://epdoc2.elperuano.pe/EpPo/DescargaINDA.asp?Referencias=NDNWQlZCVkJWQkxIVkJZQlRNTEhZQkxIOVdfX1VOTEg5VzlXWUJTOExI,20240630
20240626,2301126-1,INSTITUTO NACIONAL DE DEFENSA DE LA COMPETENCIA Y DE LA PROTECCION DE LA PROPIEDAD INTELECTUAL,RESOLUCION,No 000115-2024-GEG/INDECOPI,Designan Ejecutiva 1 de la Presidencia Ejecutiva del INDECOPI,https://epdoc2.elperuano.pe/EpPo/DescargaINDA.asp?Referencias=NDNWQlZCVkJWQkxIVkJZQlRNTEhZQkxIOVdfX1ZCTEg5VzlXWUJTOExI,20240630
20240626,2300811-1,SUPERINTENDENCIA NACIONAL DE FISCALIZACIoN LABORAL,RESOLUCION,No 00125-2024-SUNAFIL,Designan Ejecutor Coactivo de la Unidad de Cobranza y Ejecucion Coactiva de la Oficina de Administracion de la SUNAFIL,https://epdoc2.elperuano.pe/EpPo/DescargaINDA.asp?Referencias=NDNWQlZCVkJWQkxIVkJZQlRNTEhZQkxIOVdfXzlXOVdYQ1lCWUJTOExI,20240630
20240626,2300746-1,SUPERINTENDENCIA NACIONAL DE LOS REGISTROS PUBLICOS,RESOLUCION,No 089-2024-SUNARP/SN,Autorizan la presentacion electronica mediante el Sistema de Intermediacion Digital de la SUNARP SID-SUNARP del parte consular emitido con firma digital por el funcionario consular que contenga actos o derechos inscribibles para su inscripcion en todos los registros juridicos a cargo de la SUNARP,https://epdoc2.elperuano.pe/EpPo/DescargaINDA.asp?Referencias=NDNWQlZCVkJWQkxIVkJZQlRNTEhZQkxIOVdfX1ZCVE1XVllCWUJTOExI,20240630
20240626,2300399-1,GOBIERNO REGIONAL DEL CUSCO,ACUERDO,No 204-2024-CRC/GR CUSCO,Autorizan Transferencia Financiera de recursos a favor de la Municipalidad Provincial de Urubamba,https://epdoc2.elperuano.pe/EpPo/DescargaINDA.asp?Referencias=NDNWQlZCVkJWQkxIVkJZQlRNTEhZQkxIOVdfX1lYWVhTOFlCWUJTOExI,20240630
20240626,2300470-1,GOBIERNO REGIONAL DEL CUSCO,ACUERDO,No 200-2024-CRC/GR CUSCO,Autorizan Transferencia Financiera de recursos a los Gobiernos Locales Provinciales y Distritales Ganadores del Concurso Sello Regional por la Primera Infancia e Inclusion Social Allin Kawsay 2023 - 2026,https://epdoc2.elperuano.pe/EpPo/DescargaINDA.asp?Referencias=NDNWQlZCVkJWQkxIVkJZQlRNTEhZQkxIOVdfX1lCV1ZUTVlCWUJTOExI,20240630
20240626,2300614-1,GOBIERNO REGIONAL DE PIURA,ACUERDO,No 2187-2024/GRP-CR,Derogan el Acuerdo de Consejo Regional No 2047-2023/GRP-CR y autorizan Transferencia Financiera a favor del Pliego Municipalidad Distrital de Los organos,https://epdoc2.elperuano.pe/EpPo/DescargaINDA.asp?Referencias=NDNWQlZCVkJWQkxIVkJZQlRNTEhZQkxIOVdfX1RNOVdWQllCWUJTOExI,20240630
20240626,2300770-1,MUNICIPALIDAD DE LOS OLIVOS,ORDENANZA,No 598/CDLO,Prorrogan plazo de vencimiento establecido para los literales a) y b) del articulo 5o de la Ordenanza No 583/CDLO referido a los descuentos extraordinarios por el mes de aniversario,https://epdoc2.elperuano.pe/EpPo/DescargaINDA.asp?Referencias=NDNWQlZCVkJWQkxIVkJZQlRNTEhZQkxIOVdfX1lCV1ZXVllCWUJTOExI,20240630
20240626,2300827-1,MUNICIPALIDAD DE MIRAFLORES,Ordenanzas,No 644/MM,Modifican la Ordenanza No 627/MM Ordenanza que reglamenta el otorgamiento de las licencias de funcionamiento autorizaciones derivadas y/o conexas asi como autorizaciones temporales para el desarrollo de actividades economicas en el distrito de Miraflores modificada con Ordenanza No 635/MM,https://epdoc2.elperuano.pe/EpPo/DescargaINDA.asp?Referencias=NDNWQlZCVkJWQkxIVkJZQlRNTEhZQkxIOVdfX1dWTEhYQ1lCWUJTOExI,20240630
20240626,2301382-1,MUNICIPALIDAD DE SAN ISIDRO,ANEXO,Ord. No 600-MSI,Anexo de la Ordenanza No 600-MSI Ordenanza Con Rostro Humano que aprueba la exoneracion del pago de arbitrios municipales en el distrito de San Isidro,https://epdoc2.elperuano.pe/EpPo/DescargaINDA.asp?Referencias=NDNWQlZCVkJWQkxIVkJZQlRNTEhZQkxIOVdfX0xIWENTODlXWUJTOExI,20240630
20240626,2300683-1,MUNICIPALIDAD DE SAN ISIDRO,ORDENANZA,No 598-MSI,Derogan la Ordenanza No 557-MSI que aprobo la creacion del Fondo Municipal de Becas,https://epdoc2.elperuano.pe/EpPo/DescargaINDA.asp?Referencias=NDNWQlZCVkJWQkxIVkJZQlRNTEhZQkxIOVdfX1M4WENWQllCWUJTOExI,20240630
20240626,2300685-1,MUNICIPALIDAD DE SAN ISIDRO,ORDENANZA,No 600-MSI,Ordenanza Con Rostro Humano que aprueba la exoneracion del pago de arbitrios municipales en el distrito de San Isidro,https://epdoc2.elperuano.pe/EpPo/DescargaINDA.asp?Referencias=NDNWQlZCVkJWQkxIVkJZQlRNTEhZQkxIOVdfX1VOWENWQllCWUJTOExI,20240630
20240626,2300629-1,MUNICIPALIDAD DE SANTA ANITA,DECRETO DE ALCALDIA,No 00006-2024/MDSA,Convocan a elecciones de los cinco (05) representantes de las Organizaciones de la Sociedad Civil ante el Consejo de Coordinacion Local distrital - CCLD para el periodo 2024-2026,https://epdoc2.elperuano.pe/EpPo/DescargaINDA.asp?Referencias=NDNWQlZCVkJWQkxIVkJZQlRNTEhZQkxIOVdfX1lYTEhWQllCWUJTOExI,20240630
20240626,2300389-1,MUNICIPALIDAD DE SANTIAGO DE SURCO,DECRETO DE ALCALDIA,No 015-2024-MSS,Aprueban Plan Operativo denominado ¡AQUi NO CUADRAS! destinado a prohibir el estacionamiento y abandono de vehiculos que afecten el libre transito o estacionados en las zonas mas concurridas del distrito y el respeto a la normatividad referida al estacionamiento vehicular,https://epdoc2.elperuano.pe/EpPo/DescargaINDA.asp?Referencias=NDNWQlZCVkJWQkxIVkJZQlRNTEhZQkxIOVdfX1lYWENTOFlCWUJTOExI,20240630
20240626,2291361-1,MUNICIPALIDAD DE PACHACAMAC,ORDENANZA,No 338-2024-MDP/C,Ordenanza que modifica la Ordenanza Municipal No237-MDP/C que creo la Instancia Distrital de Concertacion para Erradicar la Violencia contra la Mujer y los Integrantes del Grupo Familiar en el Distrito de Pachacamac,https://epdoc2.elperuano.pe/EpPo/DescargaINDA.asp?Referencias=NDNWQlZCVkJWQkxIVkJZQlRNTEhZQkxIOVdfXzlXVkJTODlXWVhMSExI,20240630
20240626,2299288-1,MUNICIPALIDAD PROVINCIAL DE AREQUIPA,ACUERDO,No 266-2024-MPA,Aprueban licencia de Regidora de la Municipalidad Provincial de Arequipa para participar en evento a realizarse en la Region de Macao - China,https://epdoc2.elperuano.pe/EpPo/DescargaINDA.asp?Referencias=NDNWQlZCVkJWQkxIVkJZQlRNTEhZQkxIOVdfX1hDWENMSFlYWVhMSExI,20240630
20240626,2297301-1,MUNICIPALIDAD DISTRITAL DE MAJES,ACUERDO,No 045-2024-MDM,Autorizan viaje del alcalde a Mexico en comision de servicios,https://epdoc2.elperuano.pe/EpPo/DescargaINDA.asp?Referencias=NDNWQlZCVkJWQkxIVkJZQlRNTEhZQkxIOVdfXzlXWUJTOFdWWVhMSExI,20240630
20240626,2297305-1,MUNICIPALIDAD DISTRITAL DE MAJES,ORDENANZA,No 006-2024-MDM,Ordenanza Municipal que regula el procedimiento de otorgamiento de constancias de posesion para factibilidad de servicios basicos esenciales en el distrito de Majes,https://epdoc2.elperuano.pe/EpPo/DescargaINDA.asp?Referencias=NDNWQlZCVkJWQkxIVkJZQlRNTEhZQkxIOVdfX1VOWUJTOFdWWVhMSExI,20240630
20240625,2300602-2,CONGRESO DE LA REPUBLICA,LEY,No 32071,Ley que declara de interes nacional la investigacion proteccion conservacion recuperacion y aprovechamiento sostenible de las especies de algarrobo (genero Prosopis),https://epdoc2.elperuano.pe/EpPo/DescargaINDA.asp?Referencias=NDNVTlVOVU5VTkxIVkJZQlRNTEhZQkxITEhfX0xIWUJWQllCWUJTOExI,20240630
20240625,2300602-3,CONGRESO DE LA REPUBLICA,LEY,No 32072,Ley que crea la Universidad Nacional Autonoma Perla del Vilcanota en el distrito de Sicuani de la provincia de Canchis del departamento de Cusco,https://epdoc2.elperuano.pe/EpPo/DescargaINDA.asp?Referencias=NDNVTlVOVU5VTkxIVkJZQlRNTEhZQkxIUzhfX0xIWUJWQllCWUJTOExI,20240630
20240625,2300602-4,CONGRESO DE LA REPUBLICA,LEY,No 32073,Ley que modifica la Ley 27785 Ley Organica del Sistema Nacional de Control y de la Contraloria General de la Republica para disponer la continuidad en funciones del Contralor General de la Republica hasta la designacion de uno nuevo por el Congreso de la Republica,https://epdoc2.elperuano.pe/EpPo/DescargaINDA.asp?Referencias=NDNVTlVOVU5VTkxIVkJZQlRNTEhZQkxIVE1fX0xIWUJWQllCWUJTOExI,20240630
20240625,2300602-5,CONGRESO DE LA REPUBLICA,LEY,No 32074,Ley de creacion de la Universidad Nacional de Arte Escenico (UNAE),https://epdoc2.elperuano.pe/EpPo/DescargaINDA.asp?Referencias=NDNVTlVOVU5VTkxIVkJZQlRNTEhZQkxIVU5fX0xIWUJWQllCWUJTOExI,20240630
20240625,2300602-6,CONGRESO DE LA REPUBLICA,LEY,No 32075,Ley que crea la Universidad Nacional del VRAEM en el distrito de Pichari de la provincia de La Convencion en el departamento del Cusco,https://epdoc2.elperuano.pe/EpPo/DescargaINDA.asp?Referencias=NDNVTlVOVU5VTkxIVkJZQlRNTEhZQkxIVkJfX0xIWUJWQllCWUJTOExI,20240630
20240625,2300766-1,CONGRESO DE LA REPUBLICA,LEY,No 32070,Ley que declara Dia Nacional de la Reinsercion Laboral Familiar y Social del Paciente Oncologico y del Paciente Laringectomizado el 8 de febrero de cada ano,https://epdoc2.elperuano.pe/EpPo/DescargaINDA.asp?Referencias=NDNVTlVOVU5VTkxIVkJZQlRNTEhZQkxIOVdfX1ZCVkJXVllCWUJTOExI,20240630
20240625,2300765-1,PRESIDENCIA DEL CONSEJO DE MINISTROS,DECRETO SUPREMO,No 063-2024-PCM,Declaran de interes y prioridad nacional la ejecucion de los Censos Nacionales XIII de Poblacion VIII de Vivienda y IV de Comunidades Indigenas a realizarse en el ano 2025,https://epdoc2.elperuano.pe/EpPo/DescargaINDA.asp?Referencias=NDNVTlVOVU5VTkxIVkJZQlRNTEhZQkxIOVdfX1VOVkJXVllCWUJTOExI,20240630
20240625,2300765-6,PRESIDENCIA DEL CONSEJO DE MINISTROS,RESOLUCION SUPREMA,No 155-2024-PCM,Autorizan viaje del Ministro de Desarrollo Agrario y Riego a la Republica Popular China y encargan su Despacho al Ministro de la Produccion,https://epdoc2.elperuano.pe/EpPo/DescargaINDA.asp?Referencias=NDNVTlVOVU5VTkxIVkJZQlRNTEhZQkxIVkJfX1VOVkJXVllCWUJTOExI,20240630
20240625,2300717-1,CULTURA,RESOLUCION MINISTERIAL,No 000248-2024-MC,Designan Directora de organo Desconcentrado de la Direccion Desconcentrada de Cultura de Pasco,https://epdoc2.elperuano.pe/EpPo/DescargaINDA.asp?Referencias=NDNVTlVOVU5VTkxIVkJZQlRNTEhZQkxIOVdfX1dWOVdXVllCWUJTOExI,20240630
20240625,2300730-1,DEFENSA,RESOLUCION MINISTERIAL,No 00636-2024-DE,Autorizan viaje de oficiales de la Fuerza Aerea del Peru al Reino Unido de Gran Bretana e Irlanda del Norte en comision de servicios,https://epdoc2.elperuano.pe/EpPo/DescargaINDA.asp?Referencias=NDNVTlVOVU5VTkxIVkJZQlRNTEhZQkxIOVdfX1lCUzhXVllCWUJTOExI,20240630
20240625,2301059-1,DESARROLLO AGRARIO Y RIEGO,RESOLUCION JEFATURAL,No 097-2024-INIA,Aprueban liberacion de la nueva variedad de arroz denominada INIA 516 - LM1 La Union 23,https://epdoc2.elperuano.pe/EpPo/DescargaINDA.asp?Referencias=NDNVTlVOVU5VTkxIVkJZQlRNTEhZQkxIOVdfX1lYVU5ZQjlXWUJTOExI,20240630
20240625,2300765-2,ECONOMIA Y FINANZAS,DECRETO SUPREMO,No 112-2024-EF,Decreto Supremo que autoriza una Transferencia de Partidas en el Presupuesto del Sector Publico para el Ano Fiscal 2024 a favor de la Reserva de Contingencia y del Ministerio de Desarrollo Agrario y Riego,https://epdoc2.elperuano.pe/EpPo/DescargaINDA.asp?Referencias=NDNVTlVOVU5VTkxIVkJZQlRNTEhZQkxITEhfX1VOVkJXVllCWUJTOExI,20240630
20240625,2300765-3,ECONOMIA Y FINANZAS,DECRETO SUPREMO,No 113-2024-EF,Decreto Supremo que autoriza una Transferencia de Partidas en el Presupuesto del Sector Publico para el Ano Fiscal 2024 a favor del Ministerio de Vivienda Construccion y Saneamiento,https://epdoc2.elperuano.pe/EpPo/DescargaINDA.asp?Referencias=NDNVTlVOVU5VTkxIVkJZQlRNTEhZQkxIUzhfX1VOVkJXVllCWUJTOExI,20240630
20240625,2300765-4,ECONOMIA Y FINANZAS,DECRETO SUPREMO,No 114-2024-EF,Decreto Supremo que habilita a la SUNAT y al Tribunal Fiscal para otorgar informacion relativa a las empresas Telefonica Moviles S.A.C. Media Networks Latin America S.A.C. Telmex Peru S.A. Tecsur S.A. Duke Energy International - Egenor S.A. (ahora Orazul Energy Egenor Sociedad en comandita por Acciones - Orazul Energy Egenor S. en C. por A.) para la defensa de la Republica del Peru en el proceso arbitral iniciado por Telefonica S.A. ante el CIADI,https://epdoc2.elperuano.pe/EpPo/DescargaINDA.asp?Referencias=NDNVTlVOVU5VTkxIVkJZQlRNTEhZQkxIVE1fX1VOVkJXVllCWUJTOExI,20240630
20240625,2300765-7,ECONOMIA Y FINANZAS,RESOLUCION SUPREMA,No 024-2024-EF,Designan Director Independiente de la Superintendencia del Mercado de Valores,https://epdoc2.elperuano.pe/EpPo/DescargaINDA.asp?Referencias=NDNVTlVOVU5VTkxIVkJZQlRNTEhZQkxIV1ZfX1VOVkJXVllCWUJTOExI,20240630
20240625,2300765-8,ECONOMIA Y FINANZAS,RESOLUCION SUPREMA,No 025-2024-EF,Designan Vocales del Tribunal de Contrataciones del Estado del Organismo Supervisor de las Contrataciones del Estado - OSCE,https://epdoc2.elperuano.pe/EpPo/DescargaINDA.asp?Referencias=NDNVTlVOVU5VTkxIVkJZQlRNTEhZQkxIWENfX1VOVkJXVllCWUJTOExI,20240630
20240625,2300422-1,ECONOMIA Y FINANZAS,RESOLUCION VICE MINISTERIAL,No 012-2024-EF/15.01,Aprueban precios de referencia y derechos variables adicionales a que se refiere el Decreto Supremo No 115-2001-EF aplicables a la importacion de maiz azucar arroz y leche entera en polvo,https://epdoc2.elperuano.pe/EpPo/DescargaINDA.asp?Referencias=NDNVTlVOVU5VTkxIVkJZQlRNTEhZQkxIOVdfX0xITEhUTVlCWUJTOExI,20240630
20240625,2300724-1,EDUCACION,RESOLUCION MINISTERIAL,No 318-2024-MINEDU,Autorizan transferencia financiera a favor de la Contraloria General de la Republica,https://epdoc2.elperuano.pe/EpPo/DescargaINDA.asp?Referencias=NDNVTlVOVU5VTkxIVkJZQlRNTEhZQkxIOVdfX1RNTEhXVllCWUJTOExI,20240630
20240625,2300704-1,ENERGIA Y MINAS,RESOLUCION MINISTERIAL,No 260-2024-MINEM/DM,Formalizan transferencia a titulo gratuito de los bienes que conforman treinta y seis (36) Proyectos de Electrificacion Rural a favor de la Empresa Regional de Servicio Publico de Electricidad del Oriente S.A. - Electro Oriente S.A.,https://epdoc2.elperuano.pe/EpPo/DescargaINDA.asp?Referencias=NDNVTlVOVU5VTkxIVkJZQlRNTEhZQkxIOVdfX1RNWUJXVllCWUJTOExI,20240630
20240625,2300765-13,INTERIOR,RESOLUCION SUPREMA,No 117-2024-IN,Designan Director del Consejo Directivo de la Caja de Pensiones Militar Policial en representacion del Ministerio del Interior,https://epdoc2.elperuano.pe/EpPo/DescargaINDA.asp?Referencias=NjNVTlVOVU5MSFZCWUJUTUxIWUJMSFM4OVdfX1VOVkJXVllCWUJTOExI,20240630
20240625,2300708-1,JUSTICIA Y DERECHOS HUMANOS,RESOLUCION,No 115-2024-JUS/PRONACEJ,Crean el Servicio de Orientacion al Adolescente Piura del Programa Nacional de Centros Juveniles,https://epdoc2.elperuano.pe/EpPo/DescargaINDA.asp?Referencias=NDNVTlVOVU5VTkxIVkJZQlRNTEhZQkxIOVdfX1hDWUJXVllCWUJTOExI,20240630
20240625,2300502-1,PRODUCE,RESOLUCION MINISTERIAL,No 000258-2024-PRODUCE,Autorizan inicio de la Segunda Temporada de Pesca del recurso anchoveta y anchoveta blanca en area maritima comprendida entre los 16o00LS y el extremo sur del dominio maritimo del Peru correspondiente al periodo julio - diciembre 2024,https://epdoc2.elperuano.pe/EpPo/DescargaINDA.asp?Referencias=NDNVTlVOVU5VTkxIVkJZQlRNTEhZQkxIOVdfX0xIWUJVTllCWUJTOExI,20240630
20240625,2300759-1,PRODUCE,RESOLUCION MINISTERIAL,No 000261-2024-PRODUCE,Designan Asesor II del Despacho Ministerial,https://epdoc2.elperuano.pe/EpPo/DescargaINDA.asp?Referencias=NDNVTlVOVU5VTkxIVkJZQlRNTEhZQkxIOVdfX1lYVU5XVllCWUJTOExI,20240630
20240625,2300779-1,PRODUCE,RESOLUCION MINISTERIAL,No 000262-2024-PRODUCE,Autorizan Transferencia Financiera a favor del Instituto Tecnologico de la Produccion y de la Universidad Nacional de San Martin,https://epdoc2.elperuano.pe/EpPo/DescargaINDA.asp?Referencias=NDNVTlVOVU5VTkxIVkJZQlRNTEhZQkxIOVdfX1lYV1ZXVllCWUJTOExI,20240630
20240625,2300765-5,RELACIONES EXTERIORES,DECRETO SUPREMO,No 027-2024-RE,Decreto Supremo que amplia la circunscripcion del Consulado General del Peru en Panama,https://epdoc2.elperuano.pe/EpPo/DescargaINDA.asp?Referencias=NDNVTlVOVU5VTkxIVkJZQlRNTEhZQkxIVU5fX1VOVkJXVllCWUJTOExI,20240630
20240625,2301157-1,RELACIONES EXTERIORES,FE DE ERRATA,D.S. No 027-2024-RE,FE DE ERRATA,https://epdoc2.elperuano.pe/EpPo/DescargaINDA.asp?Referencias=NDNVTlVOVU5VTkxIVkJZQlRNTEhZQkxIOVdfX1dWVU45VzlXWUJTOExI,20240630
20240625,2300765-10,RELACIONES EXTERIORES,RESOLUCION SUPREMA,No 123-2024-RE,Autorizan a un ciudadano peruano residente en el Reino de Espana para que preste servicio en las Fuerzas Armadas Espanolas,https://epdoc2.elperuano.pe/EpPo/DescargaINDA.asp?Referencias=NjNVTlVOVU5MSFZCWUJUTUxIWUJMSFlCOVdfX1VOVkJXVllCWUJTOExI,20240630
20240625,2300765-11,RELACIONES EXTERIORES,RESOLUCION SUPREMA,No 124-2024-RE,Autorizan a un ciudadano peruano residente en el Reino de Espana para que preste servicio en las Fuerzas Armadas Espanolas,https://epdoc2.elperuano.pe/EpPo/DescargaINDA.asp?Referencias=NjNVTlVOVU5MSFZCWUJUTUxIWUJMSDlXOVdfX1VOVkJXVllCWUJTOExI,20240630
20240625,2300765-12,RELACIONES EXTERIORES,RESOLUCION SUPREMA,No 125-2024-RE,Autorizan a un ciudadano peruano residente en el Reino de Espana para que preste servicio en las Fuerzas Armadas Espanolas,https://epdoc2.elperuano.pe/EpPo/DescargaINDA.asp?Referencias=NjNVTlVOVU5MSFZCWUJUTUxIWUJMSExIOVdfX1VOVkJXVllCWUJTOExI,20240630
20240625,2300765-9,RELACIONES EXTERIORES,RESOLUCION SUPREMA,No 122-2024-RE,Autorizan a un ciudadano peruano residente en el Reino de Espana para que preste servicio en las Fuerzas Armadas Espanolas,https://epdoc2.elperuano.pe/EpPo/DescargaINDA.asp?Referencias=NDNVTlVOVU5VTkxIVkJZQlRNTEhZQkxIWVhfX1VOVkJXVllCWUJTOExI,20240630
20240625,2300443-1,SALUD,RESOLUCION MINISTERIAL,No 444-2024/MINSA,Designan Director General de la Oficina General de Asesoria Juridica del Ministerio,https://epdoc2.elperuano.pe/EpPo/DescargaINDA.asp?Referencias=NDNVTlVOVU5VTkxIVkJZQlRNTEhZQkxIOVdfX1M4VE1UTVlCWUJTOExI,20240630
20240625,2300445-1,SALUD,RESOLUCION MINISTERIAL,No 445-2024/MINSA,Aprueban modificacion de veinte (20) Fichas de Homologacion de Cateteres endovenosos perifericos,https://epdoc2.elperuano.pe/EpPo/DescargaINDA.asp?Referencias=NDNVTlVOVU5VTkxIVkJZQlRNTEhZQkxIOVdfX1VOVE1UTVlCWUJTOExI,20240630
20240625,2300749-1,CONSEJO NACIONAL DE CIENCIA  TECNOLOGiA E INNOVACIoN TECNOLoGICA,RESOLUCION,No 064-2024-CONCYTEC-P,Designan Jefe de la Oficina General de Asesoria Juridica del CONCYTEC,https://epdoc2.elperuano.pe/EpPo/DescargaINDA.asp?Referencias=NDNVTlVOVU5VTkxIVkJZQlRNTEhZQkxIOVdfX1lYVE1XVllCWUJTOExI,20240630
20240625,2291832-1,INSTITUCIONES EDUCATIVAS,RESOLUCION,No 153-2024-UNAH,Modifican parcialmente el Manual de Clasificador de Cargos (MCC) de la Universidad Nacional Autonoma de Huanta,https://epdoc2.elperuano.pe/EpPo/DescargaINDA.asp?Referencias=NDNVTlVOVU5VTkxIVkJZQlRNTEhZQkxIOVdfX0xIUzhYQzlXWVhMSExI,20240630
20240625,2294433-1,INSTITUCIONES EDUCATIVAS,RESOLUCION,No 13223-2024-UNJBG,Autorizan viaje de docente de la Universidad Nacional Jorge Basadre Grohmann a Espana en comision de servicios,https://epdoc2.elperuano.pe/EpPo/DescargaINDA.asp?Referencias=NDNVTlVOVU5VTkxIVkJZQlRNTEhZQkxIOVdfX1M4UzhUTVRNWVhMSExI,20240630
20240625,2300756-1,INSTITUCIONES EDUCATIVAS,RESOLUCION,No 185-2024-UNTELS-R,Encargan funciones de la Direccion General de Administracion de la Universidad Nacional Tecnologica de Lima Sur y dictan otras disposiciones,https://epdoc2.elperuano.pe/EpPo/DescargaINDA.asp?Referencias=NDNVTlVOVU5VTkxIVkJZQlRNTEhZQkxIOVdfX1ZCVU5XVllCWUJTOExI,20240630
20240625,2300384-1,JURADO NACIONAL DE ELECCIONES,RESOLUCION,No 000060-2024-P/JNE,Autorizan viaje de magistrado del JNE a Uruguay en comision de servicios,https://epdoc2.elperuano.pe/EpPo/DescargaINDA.asp?Referencias=NDNVTlVOVU5VTkxIVkJZQlRNTEhZQkxIOVdfX1RNWENTOFlCWUJTOExI,20240630
20240625,2300385-1,TRIBUNAL CONSTITUCIONAL,RESOLUCION ADMINISTRATIVA,No 117-2024-P/TC,Autorizan viaje de magistrada a Colombia en comision de servicios,https://epdoc2.elperuano.pe/EpPo/DescargaINDA.asp?Referencias=NDNVTlVOVU5VTkxIVkJZQlRNTEhZQkxIOVdfX1VOWENTOFlCWUJTOExI,20240630
20240625,2300709-1,GOBIERNO REGIONAL DE ANCASH,RESOLUCION DIRECTORAL,No 93-2024-GRA-GRI/DRTC/DR,Manual de Clasificador de Cargos de la Direccion Regional de Transportes y Comunicaciones,https://epdoc2.elperuano.pe/EpPo/DescargaINDA.asp?Referencias=NDNVTlVOVU5VTkxIVkJZQlRNTEhZQkxIOVdfX1lYWUJXVllCWUJTOExI,20240630
20240625,2292839-1,GOBIERNO REGIONAL DE LIMA,RESOLUCION,No 249-2024-GOB,Aprueban Transferencia Financiera a favor de la Contraloria General de la Republica,https://epdoc2.elperuano.pe/EpPo/DescargaINDA.asp?Referencias=NDNVTlVOVU5VTkxIVkJZQlRNTEhZQkxIOVdfX1lYUzhYQ0xIWVhMSExI,20240630
20240625,2300829-1,GOBIERNO REGIONAL DE PIURA,ACUERDO,No 2185-2024/GRP-CR,Autorizan Transferencia Financiera a favor de la Municipalidad Distrital de Tambogrande,https://epdoc2.elperuano.pe/EpPo/DescargaINDA.asp?Referencias=NDNVTlVOVU5VTkxIVkJZQlRNTEhZQkxIOVdfX1lYTEhYQ1lCWUJTOExI,20240630
20240625,2300833-1,GOBIERNO REGIONAL DE PIURA,ACUERDO,No 2188-2024/GRP-CR,Autorizan Transferencia Financiera a favor de la Municipalidad Distrital de Castilla,https://epdoc2.elperuano.pe/EpPo/DescargaINDA.asp?Referencias=NDNVTlVOVU5VTkxIVkJZQlRNTEhZQkxIOVdfX1M4UzhYQ1lCWUJTOExI,20240630
20240625,2300229-1,MUNICIPALIDAD DE BARRANCO,Decretos de Alcaldia,No 013-2024-MDB,Convocan al Proceso de Eleccion de Representantes de la sociedad civil ante el Consejo de Coordinacion Local Distrital - CCLD para el periodo 2024-2026,https://epdoc2.elperuano.pe/EpPo/DescargaINDA.asp?Referencias=NDNVTlVOVU5VTkxIVkJZQlRNTEhZQkxIOVdfX1lYTEhMSFlCWUJTOExI,20240630
20240625,2300626-1,MUNICIPALIDAD DE INDEPENDENCIA,Ordenanzas,No D000482-2024-AL-MDI,Ordenanza que establece el regimen de gradualidad de sanciones aplicables a las infracciones tributarias,https://epdoc2.elperuano.pe/EpPo/DescargaINDA.asp?Referencias=NDNVTlVOVU5VTkxIVkJZQlRNTEhZQkxIOVdfX1ZCTEhWQllCWUJTOExI,20240630
20240625,2300640-1,MUNICIPALIDAD DE INDEPENDENCIA,Ordenanzas,No D000483-2024-AL-MDI,Ordenanza que otorga incentivos para la regularizacion de las obligaciones tributarias y permite formar parte del sorteo del vecino puntual de la Municipalidad Distrital de Independencia,https://epdoc2.elperuano.pe/EpPo/DescargaINDA.asp?Referencias=NDNVTlVOVU5VTkxIVkJZQlRNTEhZQkxIOVdfX1lCVE1WQllCWUJTOExI,20240630
20240625,2300275-1,MUNICIPALIDAD DE PUENTE PIEDRA,ORDENANZA,No 449-MDPP,Ordenanza que aprueba la celebracion del 2o 3o y 4o Matrimonio Civil Comunitario del ano 2024 en el distrito de Puente Piedra,https://epdoc2.elperuano.pe/EpPo/DescargaINDA.asp?Referencias=NDNVTlVOVU5VTkxIVkJZQlRNTEhZQkxIOVdfX1VOV1ZMSFlCWUJTOExI,20240630
20240625,2298884-1,MUNICIPALIDAD DE SAN MIGUEL,RESOLUCION DE ALCALDIA,No 331-2024/MDSM,Designan Auxiliar Coactivo perteneciente a la Oficina de Ejecutoria Coactiva de la Municipalidad Distrital de San Miguel,https://epdoc2.elperuano.pe/EpPo/DescargaINDA.asp?Referencias=NDNVTlVOVU5VTkxIVkJZQlRNTEhZQkxIOVdfX1RNWENYQ1hDWVhMSExI,20240630
20240625,2300378-1,MUNICIPALIDAD DISTRITAL DE PACORA,ACUERDO,No 081-2024/MDP/CM,Autorizan viaje de alcalde a la Republica Dominicana en comision de servicios,https://epdoc2.elperuano.pe/EpPo/DescargaINDA.asp?Referencias=NDNVTlVOVU5VTkxIVkJZQlRNTEhZQkxIOVdfX1hDV1ZTOFlCWUJTOExI,20240630
20240624,2300373-1,CONGRESO DE LA REPUBLICA,LEY,No 32069,Ley General de Contrataciones Publicas,https://epdoc2.elperuano.pe/EpPo/DescargaINDA.asp?Referencias=NDNUTVRNVE1UTUxIVkJZQlRNTEhZQkxIOVdfX1M4V1ZTOFlCWUJTOExI,20240630
20240624,2300266-1,DEFENSA,RESOLUCION MINISTERIAL,No 00628-2024-DE,Autorizan viaje de oficial de la Marina de Guerra del Peru a EE.UU. en comision de servicios,https://epdoc2.elperuano.pe/EpPo/DescargaINDA.asp?Referencias=NDNUTVRNVE1UTUxIVkJZQlRNTEhZQkxIOVdfX1ZCVkJMSFlCWUJTOExI,20240630
20240624,2300272-1,DEFENSA,RESOLUCION MINISTERIAL,No 00630-2024-DE,Autorizan viaje de oficiales de la Marina de Guerra del Peru a Espana en comision de servicios,https://epdoc2.elperuano.pe/EpPo/DescargaINDA.asp?Referencias=NDNUTVRNVE1UTUxIVkJZQlRNTEhZQkxIOVdfX0xIV1ZMSFlCWUJTOExI,20240630
20240624,2300377-3,DEFENSA,RESOLUCION SUPREMA,No 041-2024-DE,Designan Oficial Adjunto a la Delegacion de Peru ante la Junta Interamericana de Defensa de la Organizacion de los Estados Americanos (JID - OEA) en los EE.UU.,https://epdoc2.elperuano.pe/EpPo/DescargaINDA.asp?Referencias=NDNUTVRNVE1UTUxIVkJZQlRNTEhZQkxIUzhfX1dWV1ZTOFlCWUJTOExI,20240630
20240624,2300374-1,DESARROLLO AGRARIO Y RIEGO,RESOLUCION MINISTERIAL,No 0218-2024-MIDAGRI,Designan Director General de la Oficina General de Tecnologia de la Informacion del Ministerio,https://epdoc2.elperuano.pe/EpPo/DescargaINDA.asp?Referencias=NDNUTVRNVE1UTUxIVkJZQlRNTEhZQkxIOVdfX1RNV1ZTOFlCWUJTOExI,20240630
20240624,2300377-1,ECONOMIA Y FINANZAS,DECRETO SUPREMO,No 110-2024-EF,Decreto Supremo que autoriza transferencia de partidas en el Presupuesto del Sector Publico para el Ano Fiscal 2024 a favor de diversos Gobiernos Locales,https://epdoc2.elperuano.pe/EpPo/DescargaINDA.asp?Referencias=NDNUTVRNVE1UTUxIVkJZQlRNTEhZQkxIOVdfX1dWV1ZTOFlCWUJTOExI,20240630
20240624,2300377-2,ECONOMIA Y FINANZAS,DECRETO SUPREMO,No 111-2024-EF,Decreto Supremo que autoriza transferencia de partidas en el Presupuesto del Sector Publico para el Ano Fiscal 2024 a favor de la Superintendencia Nacional de Control de Servicios de Seguridad Armas Municiones y Explosivos de Uso Civil,https://epdoc2.elperuano.pe/EpPo/DescargaINDA.asp?Referencias=NDNUTVRNVE1UTUxIVkJZQlRNTEhZQkxITEhfX1dWV1ZTOFlCWUJTOExI,20240630
20240624,2300377-4,EDUCACION,RESOLUCION SUPREMA,No 011-2024-MINEDU,Aceptan renuncia de Viceministra de Gestion Institucional,https://epdoc2.elperuano.pe/EpPo/DescargaINDA.asp?Referencias=NDNUTVRNVE1UTUxIVkJZQlRNTEhZQkxIVE1fX1dWV1ZTOFlCWUJTOExI,20240630
20240624,2300377-5,EDUCACION,RESOLUCION SUPREMA,No 012-2024-MINEDU,Designan Viceministra de Gestion Institucional,https://epdoc2.elperuano.pe/EpPo/DescargaINDA.asp?Referencias=NDNUTVRNVE1UTUxIVkJZQlRNTEhZQkxIVU5fX1dWV1ZTOFlCWUJTOExI,20240630
20240624,2300520-1,PRODUCE,RESOLUCION MINISTERIAL,No 000259-2024-PRODUCE,Autorizan Transferencia Financiera a favor del Instituto Nacional de Estadistica e Informatica - INEI,https://epdoc2.elperuano.pe/EpPo/DescargaINDA.asp?Referencias=NDNUTVRNVE1UTUxIVkJZQlRNTEhZQkxIOVdfX1lCTEhVTllCWUJTOExI,20240630
20240624,2300478-1,SALUD,RESOLUCION MINISTERIAL,No 447-2024/MINSA,Disponen el uso de codigos y sus descripciones en adicion a los de la Clasificacion Estadistica Internacional de Enfermedades y problemas relacionados con la salud - CIE 10 oficializados mediante R.M. No 553-2002-SA-DM en las IPRESS publicas privadas y mixtas en las IAFAS publicas privadas y mixtas asi como en las actividades de atencion a los usuarios de salud,https://epdoc2.elperuano.pe/EpPo/DescargaINDA.asp?Referencias=NDNUTVRNVE1UTUxIVkJZQlRNTEhZQkxIOVdfX1hDV1ZUTVlCWUJTOExI,20240630
20240624,2300214-1,ORGANISMO SUPERVISOR DE INVERSION PRIVADA EN TELECOMUNICACIONES,RESOLUCION,No 00162-2024-CD/OSIPTEL,Declaran infundado el Recurso de Apelacion interpuesto por TELEFoNICA DEL PERu S.A.A. contra la Resolucion No 021-2024-TRASU/PAS/OSIPTEL,https://epdoc2.elperuano.pe/EpPo/DescargaINDA.asp?Referencias=NDNUTVRNVE1UTUxIVkJZQlRNTEhZQkxIOVdfX1RNOVdMSFlCWUJTOExI,20240630
20240624,2300215-1,ORGANISMO SUPERVISOR DE INVERSION PRIVADA EN TELECOMUNICACIONES,RESOLUCION,No 00163-2024-CD/OSIPTEL,Declaran infundado Recurso de Apelacion interpuesto por TELEFoNICA DEL PERu S.A.A. contra la Resolucion No 095-2024-GG/OSIPTEL,https://epdoc2.elperuano.pe/EpPo/DescargaINDA.asp?Referencias=NDNUTVRNVE1UTUxIVkJZQlRNTEhZQkxIOVdfX1VOOVdMSFlCWUJTOExI,20240630
20240624,2300342-1,ORGANISMO SUPERVISOR DE INVERSION PRIVADA EN TELECOMUNICACIONES,RESOLUCION,No 00170-2024-CD/OSIPTEL,Declaran infundado Recurso de Apelacion interpuesto por la empresa AMeRICA MoVIL PERu S.A.C. contra la Resolucion No 034-2023-TRASU/PAS/OSIPTEL,https://epdoc2.elperuano.pe/EpPo/DescargaINDA.asp?Referencias=NDNUTVRNVE1UTUxIVkJZQlRNTEhZQkxIOVdfX0xIVE1TOFlCWUJTOExI,20240630
20240624,2300376-1,AUTORIDAD DE TRANSPORTE URBANO PARA LIMA Y CALLAO,RESOLUCION,No 130-2024-ATU/PE,Aprueban el Reglamento del Sistema de Recaudo unico para Lima y Callao,https://epdoc2.elperuano.pe/EpPo/DescargaINDA.asp?Referencias=NDNUTVRNVE1UTUxIVkJZQlRNTEhZQkxIOVdfX1ZCV1ZTOFlCWUJTOExI,20240630
20240624,2299720-1,FUERO MILITAR POLICIAL,RESOLUCION ADMINISTRATIVA,No 051-2024-FMP/DAF,Formalizan las modificaciones presupuestarias efectuadas en el Nivel Funcional Programatico dentro de la Unidad Ejecutora correspondiente al mes de marzo del AF-2024,https://epdoc2.elperuano.pe/EpPo/DescargaINDA.asp?Referencias=NDNUTVRNVE1UTUxIVkJZQlRNTEhZQkxIOVdfX1lCTEhXVllYWVhMSExI,20240630
20240624,2293363-1,INSTITUCIONES EDUCATIVAS,RESOLUCION,No 374-2024-UNAB,Autorizan viaje de responsable de proyecto de investigacion de la Universidad Nacional de Barranca a Brasil en comision de servicios,https://epdoc2.elperuano.pe/EpPo/DescargaINDA.asp?Referencias=NDNUTVRNVE1UTUxIVkJZQlRNTEhZQkxIOVdfX1M4VkJTOFM4WVhMSExI,20240630
20240624,2293366-1,INSTITUCIONES EDUCATIVAS,RESOLUCION,No 373-2024-UNAB,Autorizan viaje de miembro de proyecto especial de la Universidad Nacional de Barranca a Colombia en comision de servicios,https://epdoc2.elperuano.pe/EpPo/DescargaINDA.asp?Referencias=NDNUTVRNVE1UTUxIVkJZQlRNTEhZQkxIOVdfX1ZCVkJTOFM4WVhMSExI,20240630
20240624,2293395-1,INSTITUCIONES EDUCATIVAS,RESOLUCION,No 370-2024-UNAB,Autorizan viaje de miembro de proyecto especial de la Universidad Nacional de Barranca a Colombia en comision de servicios,https://epdoc2.elperuano.pe/EpPo/DescargaINDA.asp?Referencias=NDNUTVRNVE1UTUxIVkJZQlRNTEhZQkxIOVdfX1VOWVhTOFM4WVhMSExI,20240630
20240624,2299947-1,INSTITUCIONES EDUCATIVAS,RESOLUCION,No 180-2024-UNTRM/R,Autorizan transferencia financiera de la Universidad Nacional Toribio Rodriguez de Mendoza de Amazonas a favor de la Contraloria General de la Republica y del Ministerio Publico,https://epdoc2.elperuano.pe/EpPo/DescargaINDA.asp?Referencias=NDNUTVRNVE1UTUxIVkJZQlRNTEhZQkxIOVdfX1dWVE1ZWFlYWVhMSExI,20240630
20240624,2300011-1,INSTITUCIONES EDUCATIVAS,RESOLUCION,No 008474-2024-R/UNMSM,Ratifican resolucion que autoriza viaje de docentes de la Universidad Nacional Mayor de San Marcos a EE.UU. en comision de servicios,https://epdoc2.elperuano.pe/EpPo/DescargaINDA.asp?Referencias=NDNUTVRNVE1UTUxIVkJZQlRNTEhZQkxIOVdfXzlXOVdZQllCWUJTOExI,20240630
20240624,2299633-1,SUPERINTENDENCIA DE BANCA  SEGUROS Y ADMINISTRADORAS PRIVADAS DE FONDOS DE PENSIONES,RESOLUCION,SBS No 02137-2024,Autorizan viaje del Superintendente Adjunto de Banca y Microfinanzas para participar en evento a realizarse en Costa Rica,https://epdoc2.elperuano.pe/EpPo/DescargaINDA.asp?Referencias=NDNUTVRNVE1UTUxIVkJZQlRNTEhZQkxIOVdfX1M4UzhWQllYWVhMSExI,20240630
20240624,2299605-1,GOBIERNO REGIONAL DE AREQUIPA,ACUERDO,No 90-2024-GRA/CR-AREQUIPA,Aprueban transferencias financieras para la elaboracion de expedientes a favor de diversas Municipalidades,https://epdoc2.elperuano.pe/EpPo/DescargaINDA.asp?Referencias=NDNUTVRNVE1UTUxIVkJZQlRNTEhZQkxIOVdfX1VOWUJWQllYWVhMSExI,20240630
20240624,2300008-1,GOBIERNO REGIONAL DE LAMBAYEQUE,ACUERDO,No 000273-2024-GR.LAMB/CR [515373748 - 14],Aprueban Transferencia Financiera a favor de la Municipalidad Distrital de Pueblo Nuevo destinada a proyecto de inversion,https://epdoc2.elperuano.pe/EpPo/DescargaINDA.asp?Referencias=NDNUTVRNVE1UTUxIVkJZQlRNTEhZQkxIOVdfX1hDWUJZQllCWUJTOExI,20240630
20240624,2300012-1,GOBIERNO REGIONAL DE LAMBAYEQUE,ACUERDO,No 000274-2024-GR.LAMB/CR [515318920 - 25],Aprueban Transferencia Financiera a favor de la Municipalidad Distrital de Cayalti destinada a proyecto de inversion,https://epdoc2.elperuano.pe/EpPo/DescargaINDA.asp?Referencias=NDNUTVRNVE1UTUxIVkJZQlRNTEhZQkxIOVdfX0xIOVdZQllCWUJTOExI,20240630
20240624,2300015-1,GOBIERNO REGIONAL DE LAMBAYEQUE,ACUERDO,No 000275-2024-GR.LAMB/CR [515304250 - 22],Aprueban Transferencia Financiera a favor de la Municipalidad Distrital de Canaris destinada a proyecto de inversion,https://epdoc2.elperuano.pe/EpPo/DescargaINDA.asp?Referencias=NDNUTVRNVE1UTUxIVkJZQlRNTEhZQkxIOVdfX1VOOVdZQllCWUJTOExI,20240630
20240624,2300016-1,GOBIERNO REGIONAL DE LAMBAYEQUE,ACUERDO,No 000276-2024-GR.LAMB/CR [515316229 - 19],Aprueban Transferencia Financiera a favor de la Municipalidad Distrital de Tuman destinada a proyecto de inversion,https://epdoc2.elperuano.pe/EpPo/DescargaINDA.asp?Referencias=NDNUTVRNVE1UTUxIVkJZQlRNTEhZQkxIOVdfX1ZCOVdZQllCWUJTOExI,20240630
20240624,2300019-1,GOBIERNO REGIONAL DE LAMBAYEQUE,ACUERDO,No 000277-2024-GR.LAMB/CR [515318909 - 17],Aprueban Transferencia Financiera a favor de la Municipalidad Distrital de Cayalti destinada a proyecto de inversion,https://epdoc2.elperuano.pe/EpPo/DescargaINDA.asp?Referencias=NDNUTVRNVE1UTUxIVkJZQlRNTEhZQkxIOVdfX1lYOVdZQllCWUJTOExI,20240630
20240624,2300020-1,GOBIERNO REGIONAL DE LAMBAYEQUE,ACUERDO,No 000278-2024-GR.LAMB/CR [515350119 - 17],Aprueban Transferencia Financiera a favor de la Municipalidad Distrital de Oyotun destinada a proyecto de inversion,https://epdoc2.elperuano.pe/EpPo/DescargaINDA.asp?Referencias=NDNUTVRNVE1UTUxIVkJZQlRNTEhZQkxIOVdfX1lCTEhZQllCWUJTOExI,20240630
20240624,2300024-1,GOBIERNO REGIONAL DE LAMBAYEQUE,ACUERDO,No 000279-2024-GR.LAMB/CR [515373960 - 12],Aprueban Transferencia Financiera a favor de la Municipalidad Distrital de Picsi destinada a proyecto de inversion,https://epdoc2.elperuano.pe/EpPo/DescargaINDA.asp?Referencias=NDNUTVRNVE1UTUxIVkJZQlRNTEhZQkxIOVdfX1RNTEhZQllCWUJTOExI,20240630
20240624,2300026-1,GOBIERNO REGIONAL DE LAMBAYEQUE,ACUERDO,No 000280-2024-GR.LAMB/CR [515364207 - 16],Aprueban Transferencia Financiera a favor de la Municipalidad Distrital de Nueva Arica destinada a proyecto de inversion,https://epdoc2.elperuano.pe/EpPo/DescargaINDA.asp?Referencias=NDNUTVRNVE1UTUxIVkJZQlRNTEhZQkxIOVdfX1ZCTEhZQllCWUJTOExI,20240630
20240624,2300028-1,GOBIERNO REGIONAL DE LAMBAYEQUE,ACUERDO,No 000281-2024-GR.LAMB/CR [215235941 - 20],Aprueban Transferencia Financiera a favor de la Municipalidad Distrital de Pueblo Nuevo destinada a proyecto de inversion,https://epdoc2.elperuano.pe/EpPo/DescargaINDA.asp?Referencias=NDNUTVRNVE1UTUxIVkJZQlRNTEhZQkxIOVdfX1hDTEhZQllCWUJTOExI,20240630
20240624,2300029-1,GOBIERNO REGIONAL DE LAMBAYEQUE,ACUERDO,No 000282-2024-GR.LAMB/CR [515373032 - 13],Aprueban Transferencia Financiera a favor de la Municipalidad Distrital de Eten Puerto destinada a proyecto de inversion,https://epdoc2.elperuano.pe/EpPo/DescargaINDA.asp?Referencias=NDNUTVRNVE1UTUxIVkJZQlRNTEhZQkxIOVdfX1lYTEhZQllCWUJTOExI,20240630
20240624,2300031-1,GOBIERNO REGIONAL DE LAMBAYEQUE,ACUERDO,No 000283-2024-GR.LAMB/CR [325254666 - 16],Aprueban Transferencia Financiera a favor de la Municipalidad Distrital de Cayalti destinada a proyecto de inversion,https://epdoc2.elperuano.pe/EpPo/DescargaINDA.asp?Referencias=NDNUTVRNVE1UTUxIVkJZQlRNTEhZQkxIOVdfXzlXUzhZQllCWUJTOExI,20240630
20240624,2300032-1,GOBIERNO REGIONAL DE LAMBAYEQUE,ACUERDO,No 000284-2024-GR.LAMB/CR [515370716 - 14],Aprueban Transferencia Financiera a favor de la Municipalidad Distrital de Nueva Arica destinada a proyecto de inversion,https://epdoc2.elperuano.pe/EpPo/DescargaINDA.asp?Referencias=NDNUTVRNVE1UTUxIVkJZQlRNTEhZQkxIOVdfX0xIUzhZQllCWUJTOExI,20240630
20240624,2300034-1,GOBIERNO REGIONAL DE LAMBAYEQUE,ACUERDO,No 000285-2024-GR.LAMB/CR [515313412 - 18],Aprueban Transferencia Financiera a favor de la Municipalidad Distrital de Chongoyape destinada a proyecto de inversion,https://epdoc2.elperuano.pe/EpPo/DescargaINDA.asp?Referencias=NDNUTVRNVE1UTUxIVkJZQlRNTEhZQkxIOVdfX1RNUzhZQllCWUJTOExI,20240630
20240624,2300038-1,GOBIERNO REGIONAL DE LAMBAYEQUE,ACUERDO,No 000286-2024-GR.LAMB/CR [515398439 - 12],Aprueban Transferencia Financiera a favor de la Municipalidad Distrital de Pacora destinada a proyecto de inversion,https://epdoc2.elperuano.pe/EpPo/DescargaINDA.asp?Referencias=NDNUTVRNVE1UTUxIVkJZQlRNTEhZQkxIOVdfX1hDUzhZQllCWUJTOExI,20240630
20240624,2300044-1,GOBIERNO REGIONAL DE LAMBAYEQUE,ACUERDO,No 000287-2024-GR.LAMB/CR [515401960 - 12],Aprueban Transferencia Financiera a favor de la Municipalidad Distrital de Pimentel destinada a proyecto de inversion,https://epdoc2.elperuano.pe/EpPo/DescargaINDA.asp?Referencias=NDNUTVRNVE1UTUxIVkJZQlRNTEhZQkxIOVdfX1RNVE1ZQllCWUJTOExI,20240630
20240624,2300051-1,GOBIERNO REGIONAL DE LAMBAYEQUE,ACUERDO,No 000288-2024-GR.LAMB/CR [515401934 - 12],Aprueban Transferencia Financiera a favor de la Municipalidad Distrital de Pimentel destinada a proyecto de inversion,https://epdoc2.elperuano.pe/EpPo/DescargaINDA.asp?Referencias=NDNUTVRNVE1UTUxIVkJZQlRNTEhZQkxIOVdfXzlXVU5ZQllCWUJTOExI,20240630
20240624,2300081-1,GOBIERNO REGIONAL DE LAMBAYEQUE,ACUERDO,No 000294-2024-GR.LAMB/CR [515401599 - 15],Aprueban Transferencia Financiera a favor de la Municipalidad Distrital de Zana destinada al financiamiento de la ejecucion del saldo de obra,https://epdoc2.elperuano.pe/EpPo/DescargaINDA.asp?Referencias=NDNUTVRNVE1UTUxIVkJZQlRNTEhZQkxIOVdfXzlXWENZQllCWUJTOExI,20240630
20240624,2300087-1,GOBIERNO REGIONAL DE LAMBAYEQUE,ACUERDO,No 000295-2024-GR.LAMB/CR [515369796 - 19],Aprueban transferencia financiera a favor de la Municipalidad Distrital de Motupe,https://epdoc2.elperuano.pe/EpPo/DescargaINDA.asp?Referencias=NDNUTVRNVE1UTUxIVkJZQlRNTEhZQkxIOVdfX1dWWENZQllCWUJTOExI,20240630
20240624,2300147-1,GOBIERNO REGIONAL DE LAMBAYEQUE,ACUERDO,No 000289-2024-GR.LAMB/CR [515408819 - 12],Aprueban transferencia financiera a favor de la Municipalidad Distrital de Patapo,https://epdoc2.elperuano.pe/EpPo/DescargaINDA.asp?Referencias=NDNUTVRNVE1UTUxIVkJZQlRNTEhZQkxIOVdfX1dWVE05V1lCWUJTOExI,20240630
20240624,2300150-1,GOBIERNO REGIONAL DE LAMBAYEQUE,ACUERDO,No 000290-2024-GR.LAMB/CR [515401015 - 12],Aprueban Transferencia Financiera a favor de la Municipalidad Distrital de Santa Rosa destinada a proyecto de inversion,https://epdoc2.elperuano.pe/EpPo/DescargaINDA.asp?Referencias=NDNUTVRNVE1UTUxIVkJZQlRNTEhZQkxIOVdfX1lCVU45V1lCWUJTOExI,20240630
20240624,2300153-1,GOBIERNO REGIONAL DE LAMBAYEQUE,ACUERDO,No 000291-2024-GR.LAMB/CR [515375069 - 12],Aprueban Transferencia Financiera a favor de la Municipalidad Distrital de Incahuasi destinada a proyecto de inversion,https://epdoc2.elperuano.pe/EpPo/DescargaINDA.asp?Referencias=NDNUTVRNVE1UTUxIVkJZQlRNTEhZQkxIOVdfX1M4VU45V1lCWUJTOExI,20240630
20240624,2300157-1,GOBIERNO REGIONAL DE LAMBAYEQUE,ACUERDO,No 000292-2024-GR.LAMB/CR [515367735 - 14],Aprueban Transferencia Financiera a favor de la Municipalidad Distrital de Lagunas destinada a proyecto de inversion,https://epdoc2.elperuano.pe/EpPo/DescargaINDA.asp?Referencias=NDNUTVRNVE1UTUxIVkJZQlRNTEhZQkxIOVdfX1dWVU45V1lCWUJTOExI,20240630
20240624,2300159-1,GOBIERNO REGIONAL DE LAMBAYEQUE,ACUERDO,No 000293-2024-GR.LAMB/CR [515302515 - 15],Aprueban Transferencia Financiera a favor de la Municipalidad Distrital de Jose Leonardo Ortiz destinada a proyecto de inversion,https://epdoc2.elperuano.pe/EpPo/DescargaINDA.asp?Referencias=NDNUTVRNVE1UTUxIVkJZQlRNTEhZQkxIOVdfX1lYVU45V1lCWUJTOExI,20240630
20240624,2300726-1,GOBIERNO REGIONAL DE LAMBAYEQUE,RESOLUCION,No 000320-2024-GR.LAMB/GR [515419897 - 2],Aprueban Transferencia Financiera de la Unidad Ejecutora 001 Sede Lambayeque a favor de los diversos pliegos,https://epdoc2.elperuano.pe/EpPo/DescargaINDA.asp?Referencias=NDNUTVRNVE1UTUxIVkJZQlRNTEhZQkxIOVdfX1ZCTEhXVllCWUJTOExI,20240630
20240624,2299446-1,MUNICIPALIDAD DE LURIGANCHO CHOSICA,ORDENANZA,No 352-MDL,Aprueban modificacion de la Ordenanza No 331-2023/MDL que conforma y reconoce la instancia de Articulacion Local del distrito de Lurigancho para promover la implementacion de los objetivos prioritarios de la Politica Nacional de Desarrollo e Inclusion Social al 2030,https://epdoc2.elperuano.pe/EpPo/DescargaINDA.asp?Referencias=NDNUTVRNVE1UTUxIVkJZQlRNTEhZQkxIOVdfX1ZCVE1UTVlYWVhMSExI,20240630
20240623,2300351-1,PRESIDENCIA DEL CONSEJO DE MINISTROS,DECRETO SUPREMO,No 062-2024-PCM,Decreto Supremo que aprueba el Reglamento de La Ley No 31250 Ley del Sistema Nacional de Ciencia Tecnologia e Innovacion (SINACTI),https://epdoc2.elperuano.pe/EpPo/DescargaINDA.asp?Referencias=NDNTOFM4UzhTOExIVkJZQlRNTEhZQkxIOVdfXzlXVU5TOFlCWUJTOExI,20240630
20240623,2300346-1,AMBIENTE,RESOLUCION,No 056-2024-SENAMHI/PREJ,Designan Gerente General del Servicio Nacional de Meteorologia e Hidrologia del Peru - SENAMHI,https://epdoc2.elperuano.pe/EpPo/DescargaINDA.asp?Referencias=NDNTOFM4UzhTOExIVkJZQlRNTEhZQkxIOVdfX1ZCVE1TOFlCWUJTOExI,20240630
20240623,2299052-1,COMERCIO EXTERIOR Y TURISMO,RESOLUCION MINISTERIAL,No 182-2024-MINCETUR,Autorizan viaje de representante de PROMPERu para participar en evento a realizarse en Argentina,https://epdoc2.elperuano.pe/EpPo/DescargaINDA.asp?Referencias=NDNTOFM4UzhTOExIVkJZQlRNTEhZQkxIOVdfX0xIVU5ZQllYWVhMSExI,20240630
20240623,2299059-1,COMERCIO EXTERIOR Y TURISMO,RESOLUCION MINISTERIAL,No 183-2024-MINCETUR,Autorizan viaje de representante de PROMPERu para participar en evento a realizarse en Chile,https://epdoc2.elperuano.pe/EpPo/DescargaINDA.asp?Referencias=NDNTOFM4UzhTOExIVkJZQlRNTEhZQkxIOVdfX1lYVU5ZQllYWVhMSExI,20240630
20240623,2300372-1,COMERCIO EXTERIOR Y TURISMO,RESOLUCION MINISTERIAL,No 186-2024-MINCETUR,Autorizan viaje de representantes del Ministerio a Brasil en comision de servicios,https://epdoc2.elperuano.pe/EpPo/DescargaINDA.asp?Referencias=NDNTOFM4UzhTOExIVkJZQlRNTEhZQkxIOVdfX0xIV1ZTOFlCWUJTOExI,20240630
20240623,2300247-1,DEFENSA,RESOLUCION MINISTERIAL,No 00621-2024-DE,Autorizan viaje de oficiales de la Marina de Guerra del Peru al Reino Unido de Gran Bretana e Irlanda del Norte en comision de servicios,https://epdoc2.elperuano.pe/EpPo/DescargaINDA.asp?Referencias=NDNTOFM4UzhTOExIVkJZQlRNTEhZQkxIOVdfX1dWVE1MSFlCWUJTOExI,20240630
20240623,2300256-1,DEFENSA,RESOLUCION MINISTERIAL,No 00624-2024-DE,Autorizan viaje de oficial de la Marina de Guerra del Peru y de Empleado Civil a Chile en comision de servicios,https://epdoc2.elperuano.pe/EpPo/DescargaINDA.asp?Referencias=NDNTOFM4UzhTOExIVkJZQlRNTEhZQkxIOVdfX1ZCVU5MSFlCWUJTOExI,20240630
20240623,2300261-1,DEFENSA,RESOLUCION MINISTERIAL,No 00627-2024-DE,Formalizan el inicio del proceso de actualizacion de la Politica Nacional Maritima 2019-2030 aprobada por Decreto Supremo No 012-2019-DE,https://epdoc2.elperuano.pe/EpPo/DescargaINDA.asp?Referencias=NDNTOFM4UzhTOExIVkJZQlRNTEhZQkxIOVdfXzlXVkJMSFlCWUJTOExI,20240630
20240623,2300358-1,DEFENSA,RESOLUCION MINISTERIAL,No 00632-2024-DE,Autorizan viaje de oficial de la Marina de Guerra del Peru a Espana en comision de servicios,https://epdoc2.elperuano.pe/EpPo/DescargaINDA.asp?Referencias=NDNTOFM4UzhTOExIVkJZQlRNTEhZQkxIOVdfX1hDVU5TOFlCWUJTOExI,20240630
20240623,2300352-1,ECONOMIA Y FINANZAS,DECRETO SUPREMO,No 109-2024-EF,Aprueban Listado de entidades que podran ser exceptuadas de la percepcion del Impuesto General a las Ventas,https://epdoc2.elperuano.pe/EpPo/DescargaINDA.asp?Referencias=NDNTOFM4UzhTOExIVkJZQlRNTEhZQkxIOVdfX0xIVU5TOFlCWUJTOExI,20240630
20240623,2300360-1,ECONOMIA Y FINANZAS,RESOLUCION MINISTERIAL,No 214-2024-EF/15,Modifican el Reglamento Operativo del Programa de Fortalecimiento Patrimonial de las Instituciones Especializadas en Microfinanzas,https://epdoc2.elperuano.pe/EpPo/DescargaINDA.asp?Referencias=NDNTOFM4UzhTOExIVkJZQlRNTEhZQkxIOVdfX1lCVkJTOFlCWUJTOExI,20240630
20240623,2300368-1,ENERGIA Y MINAS,RESOLUCION MINISTERIAL,No 257-2024-MINEM/DM,Disponen la publicacion del proyecto de Decreto Supremo que aprueba el Reglamento Tecnico que establece el estandar minimo de eficiencia energetica para fuentes de iluminacion de uso domestico y usos similares para iluminacion general y su Exposicion de Motivos,https://epdoc2.elperuano.pe/EpPo/DescargaINDA.asp?Referencias=NDNTOFM4UzhTOExIVkJZQlRNTEhZQkxIOVdfX1hDVkJTOFlCWUJTOExI,20240630
20240623,2300371-1,INTERIOR,RESOLUCION MINISTERIAL,No 0829-2024-IN,Disponen la publicacion del proyecto de Decreto Supremo que modifica el Reglamento del Decreto Legislativo No 1428 Decreto Legislativo que desarrolla medidas para la atencion de casos de desaparicion de personas en situacion de vulnerabilidad aprobado por Decreto Supremo No 003-2019-IN y su Exposicion de Motivos,https://epdoc2.elperuano.pe/EpPo/DescargaINDA.asp?Referencias=NDNTOFM4UzhTOExIVkJZQlRNTEhZQkxIOVdfXzlXV1ZTOFlCWUJTOExI,20240630
20240623,2299813-1,RELACIONES EXTERIORES,RESOLUCION MINISTERIAL,No 0498-2024-RE,Autorizan viaje del Viceministro de Relaciones Exteriores a Chile en comision de servicios,https://epdoc2.elperuano.pe/EpPo/DescargaINDA.asp?Referencias=NDNTOFM4UzhTOExIVkJZQlRNTEhZQkxIOVdfX1M4OVdYQ1lYWVhMSExI,20240630
20240623,2300305-1,TRANSPORTES Y COMUNICACIONES,RESOLUCION MINISTERIAL,No 330-2024-MTC/01.02,Aprueban ejecucion de expropiacion del area afectada de un inmueble para la ejecucion de la obra: IIRSA Centro Tramo No 2 (Puente Ricardo Palma - La Oroya - Huancayo y La Oroya - Desvio Cerro de Pasco),https://epdoc2.elperuano.pe/EpPo/DescargaINDA.asp?Referencias=NDNTOFM4UzhTOExIVkJZQlRNTEhZQkxIOVdfX1VOWUJTOFlCWUJTOExI,20240630
20240623,2300369-1,TRANSPORTES Y COMUNICACIONES,RESOLUCION MINISTERIAL,No 339-2024-MTC/01.02,Autorizan viaje de inspectores de la Direccion General de Aeronautica Civil a Chile en comision de servicios,https://epdoc2.elperuano.pe/EpPo/DescargaINDA.asp?Referencias=NDNTOFM4UzhTOExIVkJZQlRNTEhZQkxIOVdfX1lYVkJTOFlCWUJTOExI,20240630
20240623,2300370-1,TRANSPORTES Y COMUNICACIONES,RESOLUCION MINISTERIAL,No 346-2024-MTC/01.02,Disponen la publicacion del proyecto de Resolucion Ministerial que aprueba el Reglamento de Infracciones y Sanciones Aeronauticas,https://epdoc2.elperuano.pe/EpPo/DescargaINDA.asp?Referencias=NDNTOFM4UzhTOExIVkJZQlRNTEhZQkxIOVdfX1lCV1ZTOFlCWUJTOExI,20240630
20240623,2300363-1,VIVIENDA  CONSTRUCCIoN Y SANEAMIENTO,RESOLUCION MINISTERIAL,No 218-2024-VIVIENDA,Disponen la conclusion de procedimientos de designacion de directores propuestos por la Sociedad Civil en el marco de la eleccion designacion conclusion y vacancia de directores de las Empresas Prestadoras de Servicios de Saneamiento Publicas de Accionariado Municipal,https://epdoc2.elperuano.pe/EpPo/DescargaINDA.asp?Referencias=NDNTOFM4UzhTOExIVkJZQlRNTEhZQkxIOVdfX1M4VkJTOFlCWUJTOExI,20240630
20240623,2300364-1,VIVIENDA  CONSTRUCCIoN Y SANEAMIENTO,RESOLUCION MINISTERIAL,No 220-2024-VIVIENDA,Modifican articulos 2 9 y 16 de la R.M. No 020-2023-VIVIENDA,https://epdoc2.elperuano.pe/EpPo/DescargaINDA.asp?Referencias=NDNTOFM4UzhTOExIVkJZQlRNTEhZQkxIOVdfX1RNVkJTOFlCWUJTOExI,20240630
20240623,2300365-1,VIVIENDA  CONSTRUCCIoN Y SANEAMIENTO,RESOLUCION MINISTERIAL,No 222-2024-VIVIENDA,Designan Director de la Oficina de Presupuesto de la Oficina General de Planeamiento y Presupuesto,https://epdoc2.elperuano.pe/EpPo/DescargaINDA.asp?Referencias=NDNTOFM4UzhTOExIVkJZQlRNTEhZQkxIOVdfX1VOVkJTOFlCWUJTOExI,20240630
20240623,2300366-1,VIVIENDA  CONSTRUCCIoN Y SANEAMIENTO,RESOLUCION MINISTERIAL,No 223-2024-VIVIENDA,Designan Director General de la Oficina General de Planeamiento y Presupuesto,https://epdoc2.elperuano.pe/EpPo/DescargaINDA.asp?Referencias=NDNTOFM4UzhTOExIVkJZQlRNTEhZQkxIOVdfX1ZCVkJTOFlCWUJTOExI,20240630
20240623,2300354-1,SEGURO INTEGRAL DE SALUD,RESOLUCION JEFATURAL,No 000087-2024-SIS/J,Designan Asesor de la Secretaria General,https://epdoc2.elperuano.pe/EpPo/DescargaINDA.asp?Referencias=NDNTOFM4UzhTOExIVkJZQlRNTEhZQkxIOVdfX1RNVU5TOFlCWUJTOExI,20240630
20240623,2300356-1,SEGURO INTEGRAL DE SALUD,RESOLUCION JEFATURAL,No 000088-2024-SIS/J,Designan Asesor de la Secretaria General,https://epdoc2.elperuano.pe/EpPo/DescargaINDA.asp?Referencias=NDNTOFM4UzhTOExIVkJZQlRNTEhZQkxIOVdfX1ZCVU5TOFlCWUJTOExI,20240630
20240623,2300337-1,SUPERINTENDENCIA NACIONAL DE SERVICIOS DE SANEAMIENTO,RESOLUCION,No 00033-2024-SUNASS-CD,Aprueban el nuevo porcentaje que EMAPA - HVCA S.A. debera destinar al Fondo de Inversiones y Reservas,https://epdoc2.elperuano.pe/EpPo/DescargaINDA.asp?Referencias=NDNTOFM4UzhTOExIVkJZQlRNTEhZQkxIOVdfX1dWUzhTOFlCWUJTOExI,20240630
20240623,2300357-1,ORGANISMO TeCNICO DE LA ADMINISTRACIoN DE LOS SERVICIOS DE SANEAMIENTO,RESOLUCION DIRECTORAL,No 000067-2024-OTASS-DE,Autorizan transferencia financiera a favor de la Empresa Prestadora de Servicios de Saneamiento Aguas de Lima Norte S.A.,https://epdoc2.elperuano.pe/EpPo/DescargaINDA.asp?Referencias=NDNTOFM4UzhTOExIVkJZQlRNTEhZQkxIOVdfX1dWVU5TOFlCWUJTOExI,20240630
20240623,2300362-1,FONDO NACIONAL DE FINANCIAMIENTO DE LA ACTIVIDAD EMPRESARIAL DEL ESTADO,ACUERDO,No 001-2024/007-FONAFE,Acuerdo adoptado sobre directores de empresas en las que FONAFE participa como accionista,https://epdoc2.elperuano.pe/EpPo/DescargaINDA.asp?Referencias=NDNTOFM4UzhTOExIVkJZQlRNTEhZQkxIOVdfX0xIVkJTOFlCWUJTOExI,20240630
20240623,2298959-1,BANCO CENTRAL DE RESERVA,RESOLUCION,No 0029-2024-BCRP-N,Aprueban mision en el exterior del Presidente del BCRP para participar en eventos a realizarse en Suiza,https://epdoc2.elperuano.pe/EpPo/DescargaINDA.asp?Referencias=NDNTOFM4UzhTOExIVkJZQlRNTEhZQkxIOVdfX1lYVU5ZWFhDWVhMSExI,20240630
20240623,2299975-1,OFICINA NACIONAL DE PROCESOS ELECTORALES,RESOLUCION JEFATURAL,No 000123-2024-JN/ONPE,Autorizan viaje de asesor I de la Jefatura de la ONPE a Paraguay en comision de servicios,https://epdoc2.elperuano.pe/EpPo/DescargaINDA.asp?Referencias=NDNTOFM4UzhTOExIVkJZQlRNTEhZQkxIOVdfX1VOV1ZZWFlYWVhMSExI,20240630
20240623,2278886-1,GOBIERNO REGIONAL DE AYACUCHO,ORDENANZA,No 007 -2024-GRA/CR,Crean el el Registro Regional de la Persona con Discapacidad del Gobierno Regional de Ayacucho,https://epdoc2.elperuano.pe/EpPo/DescargaINDA.asp?Referencias=NDNTOFM4UzhTOExIVkJZQlRNTEhZQkxIOVdfX1ZCWENYQ1hDV1ZMSExI,20240630
20240623,2293501-1,MUNICIPALIDAD DISTRITAL DE SANTA ROSA DE QUIVES,ORDENANZA,No 078-2024-MDSRQ,Ordenanza que aprueba el Plan de Desarrollo Local Concertado 2024 - 2034 de la Municipalidad Distrital de Santa Rosa de Quives,https://epdoc2.elperuano.pe/EpPo/DescargaINDA.asp?Referencias=NDNTOFM4UzhTOExIVkJZQlRNTEhZQkxIOVdfXzlXWUJVTlM4WVhMSExI,20240630
20240623,2300155-1,MUNICIPALIDAD DE MIRAFLORES,Decretos de Alcaldia,No 013-2024/MM,Disponen el embanderamiento general en el distrito de Miraflores,https://epdoc2.elperuano.pe/EpPo/DescargaINDA.asp?Referencias=NDNTOFM4UzhTOExIVkJZQlRNTEhZQkxIOVdfX1VOVU45V1lCWUJTOExI,20240630
20240623,2300054-1,MUNICIPALIDAD DE MIRAFLORES,Ordenanzas,No 645/MM,Ordenanza que establece beneficios para el pago voluntario de las multas administrativas emitidas por la Municipalidad Distrital de Miraflores,https://epdoc2.elperuano.pe/EpPo/DescargaINDA.asp?Referencias=NDNTOFM4UzhTOExIVkJZQlRNTEhZQkxIOVdfX1RNVU5ZQllCWUJTOExI,20240630
20240623,2294893-1,MUNICIPALIDAD DE SAN MIGUEL,ACUERDO,No 052-2024/MDSM,Autorizan viaje de alcalde regidor y funcionarios a la Republica Dominicana en comision de servicios,https://epdoc2.elperuano.pe/EpPo/DescargaINDA.asp?Referencias=NDNTOFM4UzhTOExIVkJZQlRNTEhZQkxIOVdfX1M4WVhYQ1RNWVhMSExI,20240630
20240623,2298613-1,MUNICIPALIDAD DE SANTA ROSA,DECRETO DE ALCALDIA,No 003-2024/MDSR,Aprueban el Reglamento de Supervision Ambiental de la Municipalidad Distrital de Santa Rosa y sus anexos,https://epdoc2.elperuano.pe/EpPo/DescargaINDA.asp?Referencias=NDNTOFM4UzhTOExIVkJZQlRNTEhZQkxIOVdfX1M4OVdWQlhDWVhMSExI,20240630
20240623,2298606-1,MUNICIPALIDAD DE SANTA ROSA,RESOLUCION DE ALCALDIA,No 101-2024-MDSR,Designan responsable del Portal de Transparencia de la Municipalidad Distrital de Santa Rosa,https://epdoc2.elperuano.pe/EpPo/DescargaINDA.asp?Referencias=NDNTOFM4UzhTOExIVkJZQlRNTEhZQkxIOVdfX1ZCWUJWQlhDWVhMSExI,20240630
20240623,2299559-1,MUNICIPALIDAD DISTRITAL DE ASIA,RESOLUCION DE ALCALDIA,No 123-2024-A/MDA,Designan funcionario responsable de la elaboracion y actualizacion del portal institucional y transparencia de la Municipalidad Distrital de Asia,https://epdoc2.elperuano.pe/EpPo/DescargaINDA.asp?Referencias=NDNTOFM4UzhTOExIVkJZQlRNTEhZQkxIOVdfX1lYVU5VTllYWVhMSExI,20240630
20240622,2300350-1,PRESIDENCIA DEL CONSEJO DE MINISTROS,RESOLUCION SUPREMA,No 153-2024-PCM,Designan a la Viceministra de Desarrollo Estrategico de los Recursos Naturales y al Viceministro de Gestion Ambiental como representantes titular y alterno del Ministerio del Ambiente ante el Consejo Directivo de la Autoridad Nacional del Agua,https://epdoc2.elperuano.pe/EpPo/DescargaINDA.asp?Referencias=NDNMSExITEhMSExIVkJZQlRNTEhZQkxIOVdfX1lCVU5TOFlCWUJTOExI,20240630
20240622,2300350-2,PRESIDENCIA DEL CONSEJO DE MINISTROS,RESOLUCION SUPREMA,No 154-2024-PCM,Designan al Viceministro de Minas como representante del Ministerio de Energia y Minas ante el Consejo Directivo de la Autoridad Nacional del Agua,https://epdoc2.elperuano.pe/EpPo/DescargaINDA.asp?Referencias=NDNMSExITEhMSExIVkJZQlRNTEhZQkxITEhfX1lCVU5TOFlCWUJTOExI,20240630
20240622,2300279-1,AMBIENTE,RESOLUCION MINISTERIAL,No 190-2024-MINAM,Designan Asesor de Despacho Ministerial del Ministerio,https://epdoc2.elperuano.pe/EpPo/DescargaINDA.asp?Referencias=NDNMSExITEhMSExIVkJZQlRNTEhZQkxIOVdfX1lYV1ZMSFlCWUJTOExI,20240630
20240622,2300299-1,AMBIENTE,RESOLUCION MINISTERIAL,No 189-2024-MINAM,Reconocen el area de Conservacion Privada Huella Verde ubicado en el distrito de Punchana provincia de Maynas departamento de Loreto,https://epdoc2.elperuano.pe/EpPo/DescargaINDA.asp?Referencias=NDNMSExITEhMSExIVkJZQlRNTEhZQkxIOVdfX1lYWVhMSFlCWUJTOExI,20240630
20240622,2299031-1,COMERCIO EXTERIOR Y TURISMO,RESOLUCION MINISTERIAL,No 180-2024-MINCETUR,Autorizan viaje de representante de PROMPERu para participar en evento a realizarse en Singapur,https://epdoc2.elperuano.pe/EpPo/DescargaINDA.asp?Referencias=NDNMSExITEhMSExIVkJZQlRNTEhZQkxIOVdfXzlXUzhZQllYWVhMSExI,20240630
20240622,2299038-1,COMERCIO EXTERIOR Y TURISMO,RESOLUCION MINISTERIAL,No 181-2024-MINCETUR,Autorizan viaje de representante de PROMPERu para participar en evento a realizarse en Francia,https://epdoc2.elperuano.pe/EpPo/DescargaINDA.asp?Referencias=NDNMSExITEhMSExIVkJZQlRNTEhZQkxIOVdfX1hDUzhZQllYWVhMSExI,20240630
20240622,2299773-1,COMERCIO EXTERIOR Y TURISMO,RESOLUCION MINISTERIAL,No 185-2024-MINCETUR,Designan Directora de la Direccion de Facilitacion del Comercio Exterior de la Direccion General de Facilitacion del Comercio Exterior del Viceministerio de Comercio Exterior,https://epdoc2.elperuano.pe/EpPo/DescargaINDA.asp?Referencias=NDNMSExITEhMSExIVkJZQlRNTEhZQkxIOVdfX1M4V1ZXVllYWVhMSExI,20240630
20240622,2299928-1,COMERCIO EXTERIOR Y TURISMO,RESOLUCION MINISTERIAL,No 178-2024-MINCETUR,Autorizan viaje de representante de PROMPERu para participar en evento a realizarse en EE.UU.,https://epdoc2.elperuano.pe/EpPo/DescargaINDA.asp?Referencias=NDNMSExITEhMSExIVkJZQlRNTEhZQkxIOVdfX1hDTEhZWFlYWVhMSExI,20240630
20240622,2299958-1,CULTURA,RESOLUCION MINISTERIAL,No 000244-2024-MC,Autorizan viaje de profesional de la Gerencia de Prensa del IRTP a la Republica Popular China en comision de servicios,https://epdoc2.elperuano.pe/EpPo/DescargaINDA.asp?Referencias=NDNMSExITEhMSExIVkJZQlRNTEhZQkxIOVdfX1hDVU5ZWFlYWVhMSExI,20240630
20240622,2300258-1,CULTURA,RESOLUCION VICE MINISTERIAL,No 000165-2024-VMPCIC/MC,Modifican el articulo 1 de la Resolucion Directoral Nacional No 1298/INC en el extremo referido a la clasificacion y ubicacion del bien integrante del patrimonio cultural Willka Ulo,https://epdoc2.elperuano.pe/EpPo/DescargaINDA.asp?Referencias=NDNMSExITEhMSExIVkJZQlRNTEhZQkxIOVdfX1hDVU5MSFlCWUJTOExI,20240630
20240622,2300219-1,DEFENSA,RESOLUCION MINISTERIAL,No 00615-2024-DE,Designan Asesor I de la Secretaria General del Ministerio,https://epdoc2.elperuano.pe/EpPo/DescargaINDA.asp?Referencias=NDNMSExITEhMSExIVkJZQlRNTEhZQkxIOVdfX1lYOVdMSFlCWUJTOExI,20240630
20240622,2300230-1,DEFENSA,RESOLUCION MINISTERIAL,No 00631-2024-DE,Autorizan viaje de oficiales del Ejercito del Peru y de servidor a Espana en comision de servicios,https://epdoc2.elperuano.pe/EpPo/DescargaINDA.asp?Referencias=NDNMSExITEhMSExIVkJZQlRNTEhZQkxIOVdfX1lCUzhMSFlCWUJTOExI,20240630
20240622,2300239-1,DEFENSA,RESOLUCION MINISTERIAL,No 00620-2024-DE,Autorizan viaje de oficiales de la Marina de Guerra del Peru a Argentina en comision de servicios,https://epdoc2.elperuano.pe/EpPo/DescargaINDA.asp?Referencias=NDNMSExITEhMSExIVkJZQlRNTEhZQkxIOVdfX1lYUzhMSFlCWUJTOExI,20240630
20240622,2300348-6,DEFENSA,RESOLUCION SUPREMA,No 040-2024-DE,Designan Oficiales Adjuntos a la Delegacion del Peru ante la JID y para participar en la Maestria en Ciencias de Defensa y Seguridad Interamericana  y posteriormente desempenarse como Asistentes en el Colegio Interamericano de Defensa (CID) en los EE.UU.,https://epdoc2.elperuano.pe/EpPo/DescargaINDA.asp?Referencias=NDNMSExITEhMSExIVkJZQlRNTEhZQkxIVkJfX1hDVE1TOFlCWUJTOExI,20240630
20240622,2300057-1,DESARROLLO AGRARIO Y RIEGO,RESOLUCION,No D000158-2024-MIDAGRI-SERFOR-DE,Designan Directora General de la Oficina General de Asesoria Juridica del SERFOR,https://epdoc2.elperuano.pe/EpPo/DescargaINDA.asp?Referencias=NDNMSExITEhMSExIVkJZQlRNTEhZQkxIOVdfX1dWVU5ZQllCWUJTOExI,20240630
20240622,2300267-1,DESARROLLO AGRARIO Y RIEGO,RESOLUCION DIRECTORAL,No 254-2024-MIDAGRI-DVDAFIR-AGRO RURAL-DE,Designan Jefe de la Unidad de Gestion de Recursos Humanos de AGRO RURAL,https://epdoc2.elperuano.pe/EpPo/DescargaINDA.asp?Referencias=NDNMSExITEhMSExIVkJZQlRNTEhZQkxIOVdfX1dWVkJMSFlCWUJTOExI,20240630
20240622,2300288-1,DESARROLLO E INCLUSIoN SOCIAL,RESOLUCION,No 126-2024- FONCODES/DE,Designan Coordinador Tecnico del FONCODES,https://epdoc2.elperuano.pe/EpPo/DescargaINDA.asp?Referencias=NDNMSExITEhMSExIVkJZQlRNTEhZQkxIOVdfX1hDWENMSFlCWUJTOExI,20240630
20240622,2300201-1,ECONOMIA Y FINANZAS,RESOLUCION MINISTERIAL,No 210-2024-EF/15,Aprueban el documento denominado Estrategia de Gestion del Catastro Fiscal 2024,https://epdoc2.elperuano.pe/EpPo/DescargaINDA.asp?Referencias=NDNMSExITEhMSExIVkJZQlRNTEhZQkxIOVdfXzlXWUJMSFlCWUJTOExI,20240630
20240622,2300202-1,ECONOMIA Y FINANZAS,RESOLUCION MINISTERIAL,No 211-2024-EF/50,Resolucion Ministerial que aprueba los indices de distribucion de la regalia minera correspondientes al mes de mayo del ano 2024,https://epdoc2.elperuano.pe/EpPo/DescargaINDA.asp?Referencias=NDNMSExITEhMSExIVkJZQlRNTEhZQkxIOVdfX0xIWUJMSFlCWUJTOExI,20240630
20240622,2300348-5,ECONOMIA Y FINANZAS,RESOLUCION SUPREMA,No 023-2024-EF,Designan miembro del Directorio de la Superintendencia del Mercado de Valores,https://epdoc2.elperuano.pe/EpPo/DescargaINDA.asp?Referencias=NDNMSExITEhMSExIVkJZQlRNTEhZQkxIVU5fX1hDVE1TOFlCWUJTOExI,20240630
20240622,2300223-1,EDUCACION,RESOLUCION MINISTERIAL,No 311-2024-MINEDU,Designan Directora de la Direccion de Planificacion de Inversiones de la Direccion General de Infraestructura Educativa,https://epdoc2.elperuano.pe/EpPo/DescargaINDA.asp?Referencias=NDNMSExITEhMSExIVkJZQlRNTEhZQkxIOVdfX1M4TEhMSFlCWUJTOExI,20240630
20240622,2300233-1,EDUCACION,RESOLUCION MINISTERIAL,No 310-2024-MINEDU,Formalizan designacion de Directora Ejecutiva del Programa para la Mejora de la Calidad y Pertinencia de los Servicios de Educacion Superior Universitaria y Tecnologica a Nivel Nacional - PMESUT y del Programa para la Mejora de la Calidad de los Servicios de Educacion Superior y Tecnico-Productiva a Nivel Nacional - PMESTP,https://epdoc2.elperuano.pe/EpPo/DescargaINDA.asp?Referencias=NDNMSExITEhMSExIVkJZQlRNTEhZQkxIOVdfX1M4UzhMSFlCWUJTOExI,20240630
20240622,2300355-1,EDUCACION,RESOLUCION MINISTERIAL,No 314-2024-MINEDU,Designan Directora de la Direccion de Asistencia Integral y Monitoreo de la Secretaria Nacional de la Juventud,https://epdoc2.elperuano.pe/EpPo/DescargaINDA.asp?Referencias=NDNMSExITEhMSExIVkJZQlRNTEhZQkxIOVdfX1VOVU5TOFlCWUJTOExI,20240630
20240622,2300353-1,EDUCACION,RESOLUCION SUPREMA,No 009-2024-MINEDU,Aceptan renuncia de Presidente del Instituto Peruano del Deporte,https://epdoc2.elperuano.pe/EpPo/DescargaINDA.asp?Referencias=NDNMSExITEhMSExIVkJZQlRNTEhZQkxIOVdfX1M4VU5TOFlCWUJTOExI,20240630
20240622,2300353-2,EDUCACION,RESOLUCION SUPREMA,No 010-2024-MINEDU,Designan Presidente del Instituto Peruano del Deporte,https://epdoc2.elperuano.pe/EpPo/DescargaINDA.asp?Referencias=NDNMSExITEhMSExIVkJZQlRNTEhZQkxITEhfX1M4VU5TOFlCWUJTOExI,20240630
20240622,2299979-1,EDUCACION,RESOLUCION VICE MINISTERIAL,No 070-2024-MINEDU,Aprueban las Bases Generales y Especificas de los Concursos Educativos 2024 Edicion Bicentenario que contienen las pautas para la organizacion y desarrollo de los Juegos Florales Escolares Nacionales  el Premio Nacional de Narrativa y Ensayo Jose Maria Arguedas  la XX Olimpiada Nacional Escolar de Matematica  el Concurso Nacional Crea y Emprende  la XXXIV Feria Escolar Nacional de Ciencia y Tecnologia Eureka  y el Concurso Nacional de Comprension Lectora El Peru Lee,https://epdoc2.elperuano.pe/EpPo/DescargaINDA.asp?Referencias=NDNMSExITEhMSExIVkJZQlRNTEhZQkxIOVdfX1lYV1ZZWFlYWVhMSExI,20240630
20240622,2300348-4,ENERGIA Y MINAS,DECRETO SUPREMO,No 010-2024-EM,Decreto Supremo que aprueba el Contrato de Licencia Temporal para la Explotacion de Hidrocarburos en el Lote 8,https://epdoc2.elperuano.pe/EpPo/DescargaINDA.asp?Referencias=NDNMSExITEhMSExIVkJZQlRNTEhZQkxIVE1fX1hDVE1TOFlCWUJTOExI,20240630
20240622,2300203-1,INTERIOR,RESOLUCION MINISTERIAL,No 0818-2024-IN,Autorizan viaje de personal de la Policia Nacional del Peru a Argentina en comision de servicios,https://epdoc2.elperuano.pe/EpPo/DescargaINDA.asp?Referencias=NDNMSExITEhMSExIVkJZQlRNTEhZQkxIOVdfX1M4WUJMSFlCWUJTOExI,20240630
20240622,2300359-1,INTERIOR,RESOLUCION MINISTERIAL,No 0823-2024-IN,Conforman el Grupo de Trabajo Sectorial encargado de elaborar un documento que contenga el diagnostico sobre la situacion actual del Fondo de Vivienda Policial y el plan de trabajo para la mejora en el funcionamiento de dicho Fondo,https://epdoc2.elperuano.pe/EpPo/DescargaINDA.asp?Referencias=NDNMSExITEhMSExIVkJZQlRNTEhZQkxIOVdfX1lYVU5TOFlCWUJTOExI,20240630
20240622,2300348-7,INTERIOR,RESOLUCION SUPREMA,No 108-2024-IN,Designan miembro del Consejo Directivo de la Superintendencia Nacional de Control de Servicios de Seguridad Armas Municiones y Explosivos de Uso Civil - SUCAMEC,https://epdoc2.elperuano.pe/EpPo/DescargaINDA.asp?Referencias=NDNMSExITEhMSExIVkJZQlRNTEhZQkxIV1ZfX1hDVE1TOFlCWUJTOExI,20240630
20240622,2300350-4,INTERIOR,RESOLUCION SUPREMA,No 109-2024-IN,Levantan suspension de ascenso de Coronel de Armas de la Policia Nacional del Peru y en consecuencia le reconocen el grado de General de Armas de la Policia Nacional del Peru,https://epdoc2.elperuano.pe/EpPo/DescargaINDA.asp?Referencias=NDNMSExITEhMSExIVkJZQlRNTEhZQkxIVE1fX1lCVU5TOFlCWUJTOExI,20240630
20240622,2300348-3,PRODUCE,DECRETO SUPREMO,No 008-2024-PRODUCE,Decreto Supremo que modifica el articulo 1 del Decreto Supremo No 002-2024-PRODUCE Decreto Supremo que establece plazo de adecuacion a las disposiciones del Reglamento Sectorial de Inocuidad para las Actividades Pesqueras y Acuicolas aprobado mediante Decreto Supremo No 020-2022-PRODUCE,https://epdoc2.elperuano.pe/EpPo/DescargaINDA.asp?Referencias=NDNMSExITEhMSExIVkJZQlRNTEhZQkxIUzhfX1hDVE1TOFlCWUJTOExI,20240630
20240622,2299858-1,PRODUCE,RESOLUCION,No 472-2024-PRODUCE/PROINNOVATE,Aprueban otorgamiento de subvenciones a favor de beneficiarios destinadas a cofinanciar desembolsos de proyectos,https://epdoc2.elperuano.pe/EpPo/DescargaINDA.asp?Referencias=NDNMSExITEhMSExIVkJZQlRNTEhZQkxIOVdfX1hDVU5YQ1lYWVhMSExI,20240630
20240622,2300348-1,RELACIONES EXTERIORES,DECRETO SUPREMO,No 026-2024-RE,Decreto Supremo que dispone el cierre de los Consulados del Peru en Cork y Dublin,https://epdoc2.elperuano.pe/EpPo/DescargaINDA.asp?Referencias=NDNMSExITEhMSExIVkJZQlRNTEhZQkxIOVdfX1hDVE1TOFlCWUJTOExI,20240630
20240622,2300270-1,RELACIONES EXTERIORES,RESOLUCION MINISTERIAL,No 0506-2024-RE,Autorizan viaje de funcionarios diplomaticos a Paraguay en comision de servicios,https://epdoc2.elperuano.pe/EpPo/DescargaINDA.asp?Referencias=NDNMSExITEhMSExIVkJZQlRNTEhZQkxIOVdfX1lCV1ZMSFlCWUJTOExI,20240630
20240622,2300350-3,RELACIONES EXTERIORES,RESOLUCION SUPREMA,No 121-2024-RE,Cancelan Exequatur que reconoce a Consul General de la Republica Argentina en Lima con jurisdiccion en todo el pais,https://epdoc2.elperuano.pe/EpPo/DescargaINDA.asp?Referencias=NDNMSExITEhMSExIVkJZQlRNTEhZQkxIUzhfX1lCVU5TOFlCWUJTOExI,20240630
20240622,2300348-2,TRANSPORTES Y COMUNICACIONES,DECRETO SUPREMO,No 014-2024-MTC,Decreto Supremo que modifica el Reglamento Nacional para el Fomento del Chatarreo aprobado mediante Decreto Supremo No 005-2021-MTC y el Reglamento que establece el Procedimiento para la Declaracion de Abandono y Chatarreo de los Vehiculos Internados en Depositos Vehiculares aprobado por Decreto Supremo No 016-2021-MTC,https://epdoc2.elperuano.pe/EpPo/DescargaINDA.asp?Referencias=NDNMSExITEhMSExIVkJZQlRNTEhZQkxITEhfX1hDVE1TOFlCWUJTOExI,20240630
20240622,2300170-1,TRANSPORTES Y COMUNICACIONES,RESOLUCION MINISTERIAL,No 325-2024-MTC/01.02,Autorizan viaje de inspector de la Direccion General de Aeronautica Civil al Reino de los Paises Bajos en comision de servicios,https://epdoc2.elperuano.pe/EpPo/DescargaINDA.asp?Referencias=NDNMSExITEhMSExIVkJZQlRNTEhZQkxIOVdfX1lCV1Y5V1lCWUJTOExI,20240630
20240622,2300177-1,TRANSPORTES Y COMUNICACIONES,RESOLUCION MINISTERIAL,No 333-2024-MTC/01.02,Aprueban formato y especificaciones tecnicas del Certificado y del Holograma de Seguridad del Seguro Obligatorio de Accidentes de Transito - SOAT,https://epdoc2.elperuano.pe/EpPo/DescargaINDA.asp?Referencias=NDNMSExITEhMSExIVkJZQlRNTEhZQkxIOVdfX1dWV1Y5V1lCWUJTOExI,20240630
20240622,2300282-1,TRANSPORTES Y COMUNICACIONES,RESOLUCION MINISTERIAL,No 335-2024-MTC/01,Designan Directora General de la Direccion General de Fiscalizaciones y Sanciones en Comunicaciones,https://epdoc2.elperuano.pe/EpPo/DescargaINDA.asp?Referencias=NDNMSExITEhMSExIVkJZQlRNTEhZQkxIOVdfX0xIWENMSFlCWUJTOExI,20240630
20240622,2300198-1,ARCHIVO GENERAL DE LA NACION,RESOLUCION JEFATURAL,No 000154-2024-AGN/JEF,Designan jefa de la Oficina de Administracion del Archivo General de la Nacion,https://epdoc2.elperuano.pe/EpPo/DescargaINDA.asp?Referencias=NDNMSExITEhMSExIVkJZQlRNTEhZQkxIOVdfX1hDWVg5V1lCWUJTOExI,20240630
20240622,2300238-1,COMISION NACIONAL PARA EL DESARROLLO Y VIDA SIN DROGAS,RESOLUCION,No 000133-2024-DV-PE,Autorizan transferencia financiera para financiar actividad a favor de la Municipalidad Distrital de Independencia,https://epdoc2.elperuano.pe/EpPo/DescargaINDA.asp?Referencias=NDNMSExITEhMSExIVkJZQlRNTEhZQkxIOVdfX1hDUzhMSFlCWUJTOExI,20240630
20240622,2299922-1,INSTITUTO GEOGRAFICO NACIONAL,RESOLUCION JEFATURAL,No 096-2024/IGN/GG,Designan funcionaria responsable de brindar la informacion solicitada que demanden los ciudadanos del Instituto Geografico Naciona (IGN),https://epdoc2.elperuano.pe/EpPo/DescargaINDA.asp?Referencias=NDNMSExITEhMSExIVkJZQlRNTEhZQkxIOVdfX0xITEhZWFlYWVhMSExI,20240630
20240622,2300347-1,SEGURO INTEGRAL DE SALUD,RESOLUCION JEFATURAL,No 000086-2024-SIS/J,Designan Jefe Adjunto del Seguro Integral de Salud,https://epdoc2.elperuano.pe/EpPo/DescargaINDA.asp?Referencias=NDNMSExITEhMSExIVkJZQlRNTEhZQkxIOVdfX1dWVE1TOFlCWUJTOExI,20240630
20240622,2299886-1,SUPERINTENDENCIA NACIONAL DE BIENES ESTATALES,RESOLUCION,No 0032-2024/SBN,Modifican la Directiva No 00002-2021/SBN denominada Disposiciones para el Desarrollo de Capacidades y Certificacion de Profesionales y Tecnicos encargados de la Gestion de Predios Estatales,https://epdoc2.elperuano.pe/EpPo/DescargaINDA.asp?Referencias=NDNMSExITEhMSExIVkJZQlRNTEhZQkxIOVdfX1ZCWENYQ1lYWVhMSExI,20240630
20240622,2300278-1,CONSEJO NACIONAL DE CIENCIA  TECNOLOGiA E INNOVACIoN TECNOLoGICA,RESOLUCION,No 058-2024-CONCYTEC-P,Designan Asesor de la Presidencia del Consejo Nacional de Ciencia Tecnologia e Innovacion Tecnologica - CONCYTEC,https://epdoc2.elperuano.pe/EpPo/DescargaINDA.asp?Referencias=NDNMSExITEhMSExIVkJZQlRNTEhZQkxIOVdfX1hDV1ZMSFlCWUJTOExI,20240630
20240622,2300303-1,CONSEJO NACIONAL DE CIENCIA  TECNOLOGiA E INNOVACIoN TECNOLoGICA,RESOLUCION,No 059-2024-CONCYTEC-P,Aprueban transferencias financieras a entidades publicas y el otorgamiento de subvenciones a personas juridicas privadas,https://epdoc2.elperuano.pe/EpPo/DescargaINDA.asp?Referencias=NDNMSExITEhMSExIVkJZQlRNTEhZQkxIOVdfX1M4WUJTOFlCWUJTOExI,20240630
20240622,2300341-1,CONSEJO NACIONAL DE CIENCIA  TECNOLOGiA E INNOVACIoN TECNOLoGICA,RESOLUCION,No 060-2024-CONCYTEC-P,Aceptan renuncia de Asesor de la Presidencia del Consejo Nacional de Ciencia Tecnologia e Innovacion Tecnologica - CONCYTEC,https://epdoc2.elperuano.pe/EpPo/DescargaINDA.asp?Referencias=NDNMSExITEhMSExIVkJZQlRNTEhZQkxIOVdfXzlXVE1TOFlCWUJTOExI,20240630
20240622,2300344-1,CONSEJO NACIONAL DE CIENCIA  TECNOLOGiA E INNOVACIoN TECNOLoGICA,RESOLUCION,No 061-2024-CONCYTEC-P,Aceptan renuncia de Director Ejecutivo del Programa Nacional de Investigacion Cientifica y Estudios Avanzados - PROCIENCIA,https://epdoc2.elperuano.pe/EpPo/DescargaINDA.asp?Referencias=NDNMSExITEhMSExIVkJZQlRNTEhZQkxIOVdfX1RNVE1TOFlCWUJTOExI,20240630
20240622,2300345-1,CONSEJO NACIONAL DE CIENCIA  TECNOLOGiA E INNOVACIoN TECNOLoGICA,RESOLUCION,No 062-2024-CONCYTEC-P,Designan Asesor de la Presidencia del Consejo Nacional de Ciencia Tecnologia e Innovacion Tecnologica - CONCYTEC,https://epdoc2.elperuano.pe/EpPo/DescargaINDA.asp?Referencias=NDNMSExITEhMSExIVkJZQlRNTEhZQkxIOVdfX1VOVE1TOFlCWUJTOExI,20240630
20240622,2300276-1,INSTITUTO GEOLoGICO MINERO Y METALuRGICO,RESOLUCION,No 0069-2024-INGEMMET/PE,Designan Gerente General del Instituto Geologico Minero y Metalurgico - INGEMMET,https://epdoc2.elperuano.pe/EpPo/DescargaINDA.asp?Referencias=NDNMSExITEhMSExIVkJZQlRNTEhZQkxIOVdfX1ZCV1ZMSFlCWUJTOExI,20240630
20240622,2300060-1,INSTITUTO NACIONAL DE ESTADISTICA E INFORMATICA,RESOLUCION JEFATURAL,No 161-2024-INEI,Autorizan ejecucion de la actualizacion del Registro Nacional de Municipalidades 2024,https://epdoc2.elperuano.pe/EpPo/DescargaINDA.asp?Referencias=NDNMSExITEhMSExIVkJZQlRNTEhZQkxIOVdfX1lCVkJZQllCWUJTOExI,20240630
20240622,2299533-1,SUPERINTENDENCIA NACIONAL DE ADUANAS Y DE ADMINISTRACIoN TRIBUTARIA,RESOLUCION,No 000128-2024/SUNAT,Autorizan viaje de servidores de la SUNAT para participar en evento a realizarse en la Republica Francesa,https://epdoc2.elperuano.pe/EpPo/DescargaINDA.asp?Referencias=NDNMSExITEhMSExIVkJZQlRNTEhZQkxIOVdfX1M4UzhVTllYWVhMSExI,20240630
20240622,2300338-1,SUPERINTENDENCIA NACIONAL DE FISCALIZACIoN LABORAL,RESOLUCION,No 000124-2024-SUNAFIL,Designan Intendente Regional de la Intendencia Regional de Moquegua de la Superintendencia Nacional de Fiscalizacion Laboral - SUNAFIL,https://epdoc2.elperuano.pe/EpPo/DescargaINDA.asp?Referencias=NDNMSExITEhMSExIVkJZQlRNTEhZQkxIOVdfX1hDUzhTOFlCWUJTOExI,20240630
20240622,2300106-1,CONSEJO EJECUTIVO DEL PODER JUDICIAL,RESOLUCION ADMINISTRATIVA,No 000079-2024-P-CE-PJ,Autorizan viaje de Jueza Superior de la Corte Superior de Justicia de Lima Sur para participar en evento a realizarse en Colombia,https://epdoc2.elperuano.pe/EpPo/DescargaINDA.asp?Referencias=NDNMSExITEhMSExIVkJZQlRNTEhZQkxIOVdfX1ZCWUI5V1lCWUJTOExI,20240630
20240622,2300312-1,CONSEJO EJECUTIVO DEL PODER JUDICIAL,RESOLUCION ADMINISTRATIVA,No 000186-2024-CE-PJ,Disponen implementacion del Expediente Judicial Electronico (EJE) y la Mesa de Partes Electronica (MPE) para la especialidad Civil - Litigacion Oral en diversos organos jurisdiccionales de la Corte Superior de Justicia de Selva Central,https://epdoc2.elperuano.pe/EpPo/DescargaINDA.asp?Referencias=NDNMSExITEhMSExIVkJZQlRNTEhZQkxIOVdfX0xIOVdTOFlCWUJTOExI,20240630
20240622,2300314-1,CONSEJO EJECUTIVO DEL PODER JUDICIAL,RESOLUCION ADMINISTRATIVA,No 000187-2024-CE-PJ,Disponen ampliacion de la implementacion del Expediente Judicial Electronico (EJE) y la Mesa de Partes Electronica (MPE) para la especialidad Civil - Litigacion Oral en diversos organos jurisdiccionales de la Corte Superior de Justicia de Lima Este,https://epdoc2.elperuano.pe/EpPo/DescargaINDA.asp?Referencias=NDNMSExITEhMSExIVkJZQlRNTEhZQkxIOVdfX1RNOVdTOFlCWUJTOExI,20240630
20240622,2299893-1,ACADEMIA DE LA MAGISTRATURA,RESOLUCION,No 000004-2024-D-AMAG/CD,Proclaman Vicepresidente del Consejo Directivo de la Academia de la Magistratura,https://epdoc2.elperuano.pe/EpPo/DescargaINDA.asp?Referencias=NDNMSExITEhMSExIVkJZQlRNTEhZQkxIOVdfX1M4WVhYQ1lYWVhMSExI,20240630
20240622,2299915-1,CONTRALORIA GENERAL DE LA REPUBLICA,RESOLUCION,No 283-2024-CG,Aprueban el Cuadro para Asignacion de Personal Provisional - CAP Provisional de la Contraloria General de la Republica,https://epdoc2.elperuano.pe/EpPo/DescargaINDA.asp?Referencias=NDNMSExITEhMSExIVkJZQlRNTEhZQkxIOVdfX1VOOVdZWFlYWVhMSExI,20240630
20240622,2299844-1,INSTITUCIONES EDUCATIVAS,RESOLUCION,No 0709-2024,Autorizan viaje de docente de la Universidad Nacional de San Agustin de Arequipa para participar en evento a realizarse en Costa Rica,https://epdoc2.elperuano.pe/EpPo/DescargaINDA.asp?Referencias=NDNMSExITEhMSExIVkJZQlRNTEhZQkxIOVdfX1RNVE1YQ1lYWVhMSExI,20240630
20240622,2300125-1,INSTITUCIONES EDUCATIVAS,RESOLUCION,No 1682-2024-UNSCH-CU,Autorizan viaje de docentes de la Universidad Nacional de San Cristobal de Huamanga para participar en pasantias a realizarse en Espana,https://epdoc2.elperuano.pe/EpPo/DescargaINDA.asp?Referencias=NDNMSExITEhMSExIVkJZQlRNTEhZQkxIOVdfX1VOTEg5V1lCWUJTOExI,20240630
20240622,2300287-1,JURADO NACIONAL DE ELECCIONES,RESOLUCION,No 0176-2024-JNE,Declaran la nulidad de lo actuado hasta la citacion dirigida a regidora del Concejo Distrital de Pampas Chico provincia de Recuay departamento de ancash para que asista a la Sesion Extraordinaria del Concejo Distrital de Pampas Chico en la que se evaluo la vacancia seguida en su contra,https://epdoc2.elperuano.pe/EpPo/DescargaINDA.asp?Referencias=NDNMSExITEhMSExIVkJZQlRNTEhZQkxIOVdfX1dWWENMSFlCWUJTOExI,20240630
20240622,2300292-1,JURADO NACIONAL DE ELECCIONES,RESOLUCION,No 0177-2024-JNE,Convocan a ciudadana para que asuma el cargo de regidora del Concejo Distrital de Carania provincia de Yauyos departamento de Lima,https://epdoc2.elperuano.pe/EpPo/DescargaINDA.asp?Referencias=NDNMSExITEhMSExIVkJZQlRNTEhZQkxIOVdfX0xIWVhMSFlCWUJTOExI,20240630
20240622,2300294-1,JURADO NACIONAL DE ELECCIONES,RESOLUCION,No 0178-2024-JNE,Convocan a ciudadanos para que asuman cargos de regidores del Concejo Distrital de Pacapausa provincia de Parinacochas departamento de Ayacucho,https://epdoc2.elperuano.pe/EpPo/DescargaINDA.asp?Referencias=NDNMSExITEhMSExIVkJZQlRNTEhZQkxIOVdfX1RNWVhMSFlCWUJTOExI,20240630
20240622,2300297-1,JURADO NACIONAL DE ELECCIONES,RESOLUCION,No 0179-2024-JNE,Declaran nulo acto de notificacion dirigido a regidor electo para la juramentacion y asuncion de cargo de alcalde y regidores del Concejo Distrital de Quiquijana provincia de Quispicanchi departamento de Cusco,https://epdoc2.elperuano.pe/EpPo/DescargaINDA.asp?Referencias=NDNMSExITEhMSExIVkJZQlRNTEhZQkxIOVdfX1dWWVhMSFlCWUJTOExI,20240630
20240622,2300330-1,MINISTERIO PUBLICO,RESOLUCION,No 032-2024-MP-FN-JFS,Crean trescientas noventa (390) plazas de fiscales adjuntos provinciales para el fortalecimiento de las fiscalias corporativas con el fin de brindar atencion prioritaria en los casos de detenidos en flagrancia durante el turno fiscal en los distritos fiscales de Lima Centro La Libertad Lima Este Lambayeque Arequipa Lima Norte Cusco Callao y Piura,https://epdoc2.elperuano.pe/EpPo/DescargaINDA.asp?Referencias=NDNMSExITEhMSExIVkJZQlRNTEhZQkxIOVdfX1lCUzhTOFlCWUJTOExI,20240630
20240622,2300339-1,REGISTRO NACIONAL DE IDENTIFICACION Y ESTADO CIVIL,RESOLUCION JEFATURAL,No 000102-2024/JNAC/RENIEC,Designan Jefa de la Unidad de Presupuesto de la Oficina de Planificacion y Presupuesto hoy Oficina de Planeamiento Presupuesto y Modernizacion del Registro Nacional de Identificacion y Estado Civil,https://epdoc2.elperuano.pe/EpPo/DescargaINDA.asp?Referencias=NDNMSExITEhMSExIVkJZQlRNTEhZQkxIOVdfX1lYUzhTOFlCWUJTOExI,20240630
20240622,2290649-1,GOBIERNO REGIONAL DEL CUSCO,ORDENANZA,No 240-2023-CR/GRC,Establecen como Politica Regional el Empoderamiento de las Mujeres Productoras vinculadas a la Agricultura Familiar y dictan otras disposiciones,https://epdoc2.elperuano.pe/EpPo/DescargaINDA.asp?Referencias=NDNMSExITEhMSExIVkJZQlRNTEhZQkxIOVdfX1lYVE1WQllCWVhMSExI,20240630
20240622,2299520-1,GOBIERNO REGIONAL DE HUANUCO,ACUERDO,No 078-2024-GRH-CR,Autorizan suscripcion de convenio para formalizar transferencia financiera entre el Gobierno Regional Huanuco y la Municipalidad Distrital de La Morada,https://epdoc2.elperuano.pe/EpPo/DescargaINDA.asp?Referencias=NDNMSExITEhMSExIVkJZQlRNTEhZQkxIOVdfX1lCTEhVTllYWVhMSExI,20240630
20240622,2299521-1,GOBIERNO REGIONAL DE HUANUCO,ACUERDO,No 079-2024-GRH-CR,Autorizan suscripcion de convenio para formalizar transferencia financiera entre el Gobierno Regional Huanuco y la Municipalidad Distrital de Pinra,https://epdoc2.elperuano.pe/EpPo/DescargaINDA.asp?Referencias=NDNMSExITEhMSExIVkJZQlRNTEhZQkxIOVdfXzlXTEhVTllYWVhMSExI,20240630
20240622,2299522-1,GOBIERNO REGIONAL DE HUANUCO,ACUERDO,No 080-2024-GRH-CR,Autorizan suscripcion de Convenio para formalizar transferencia financiera entre el Gobierno Regional Huanuco y la Municipalidad Provincial de Maranon,https://epdoc2.elperuano.pe/EpPo/DescargaINDA.asp?Referencias=NDNMSExITEhMSExIVkJZQlRNTEhZQkxIOVdfX0xITEhVTllYWVhMSExI,20240630
20240622,2299523-1,GOBIERNO REGIONAL DE HUANUCO,ACUERDO,No 081-2024-GRH-CR,Autorizan suscripcion de convenio para formalizar transferencia financiera entre el Gobierno Regional Huanuco y la Municipalidad Distrital de Chaglla,https://epdoc2.elperuano.pe/EpPo/DescargaINDA.asp?Referencias=NDNMSExITEhMSExIVkJZQlRNTEhZQkxIOVdfX1M4TEhVTllYWVhMSExI,20240630
20240622,2299525-1,GOBIERNO REGIONAL DE HUANUCO,ACUERDO,No 082-2024-GRH-CR,Autorizan suscripcion deconvenio para formalizar transferencia financiera entre el Gobierno Regional Huanuco y la Municipalidad Distrital de Colpas,https://epdoc2.elperuano.pe/EpPo/DescargaINDA.asp?Referencias=NDNMSExITEhMSExIVkJZQlRNTEhZQkxIOVdfX1VOTEhVTllYWVhMSExI,20240630
20240622,2299535-1,GOBIERNO REGIONAL DE HUANUCO,ACUERDO,No 077-2024-GRH-CR,Autorizan suscripcion de convenios para formalizar Transferencias Financieras a favor de la Municipalidad Distrital de Tantamayo y la Municipalidad Distrital de Punchao,https://epdoc2.elperuano.pe/EpPo/DescargaINDA.asp?Referencias=NDNMSExITEhMSExIVkJZQlRNTEhZQkxIOVdfX1VOUzhVTllYWVhMSExI,20240630
20240622,2299612-1,MUNICIPALIDAD DE CIENEGUILLA,Ordenanzas,No 383-2024-MDC,Ordenanza que crea el Voluntariado de la Municipalidad de Cieneguilla,https://epdoc2.elperuano.pe/EpPo/DescargaINDA.asp?Referencias=NDNMSExITEhMSExIVkJZQlRNTEhZQkxIOVdfX0xIOVdWQllYWVhMSExI,20240630
20240622,2300117-1,MUNICIPALIDAD DE LA VICTORIA,Res. Alcaldia,No 117-2024/MLV,Designan Auxiliares Coactivos de la Subgerencia de Ejecucion Coactiva - Gerencia de Servicios de Administracion Tributaria de la Municipalidad,https://epdoc2.elperuano.pe/EpPo/DescargaINDA.asp?Referencias=NDNMSExITEhMSExIVkJZQlRNTEhZQkxIOVdfX1dWOVc5V1lCWUJTOExI,20240630
20240622,2298596-1,MUNICIPALIDAD DE SAN MIGUEL,RESOLUCION DE ALCALDIA,No 317-2024/MDSM,Encargan funciones de Ejecutor Coactivo de la Municipalidad Distrital de San Miguel,https://epdoc2.elperuano.pe/EpPo/DescargaINDA.asp?Referencias=NDNMSExITEhMSExIVkJZQlRNTEhZQkxIOVdfX1ZCWVhVTlhDWVhMSExI,20240630
20240622,2300077-1,MUNICIPALIDAD DE SANTIAGO DE SURCO,ACUERDO,No 051-2024-ACSS,Autorizan viaje del Alcalde para participar en evento a realizarse en Espana,https://epdoc2.elperuano.pe/EpPo/DescargaINDA.asp?Referencias=NDNMSExITEhMSExIVkJZQlRNTEhZQkxIOVdfX1dWV1ZZQllCWUJTOExI,20240630
20240622,2298364-1,MUNICIPALIDAD DE VENTANILLA,ORDENANZA,No 007-2024/MDV,Ordenanza Municipal que aprueba el Reglamento del Programa de Desarrollo Artesanal ARTISMANUS VENTANILLA,https://epdoc2.elperuano.pe/EpPo/DescargaINDA.asp?Referencias=NDNMSExITEhMSExIVkJZQlRNTEhZQkxIOVdfX1RNVkJTOFhDWVhMSExI,20240630
20240621,2299911-1,CONGRESO DE LA REPUBLICA,LEY,No 32067,Ley que declara el 1 de febrero de cada ano Dia de la Confraternidad Peruano - China,https://epdoc2.elperuano.pe/EpPo/DescargaINDA.asp?Referencias=NDM5VzlXOVc5V0xIVkJZQlRNTEhZQkxIOVdfXzlXOVdZWFlYWVhMSExI,20240630
20240621,2299911-2,CONGRESO DE LA REPUBLICA,LEY,No 32068,Ley que modifica el Codigo Procesal Penal Decreto Legislativo 957 para incorporar las notificaciones electronicas en el proceso penal y expedicion de copias digitales y gratuitas,https://epdoc2.elperuano.pe/EpPo/DescargaINDA.asp?Referencias=NDM5VzlXOVc5V0xIVkJZQlRNTEhZQkxITEhfXzlXOVdZWFlYWVhMSExI,20240630
20240621,2299900-1,PRESIDENCIA DEL CONSEJO DE MINISTROS,RESOLUCION,No 004-2024-PCM/SGSD,Conforman el Grupo de Trabajo de naturaleza temporal denominado Comite de Seguimiento para la fase de implementacion del Plan de Accion para atender la problematica hidrica de la provincia de Candarave del departamento de Tacna,https://epdoc2.elperuano.pe/EpPo/DescargaINDA.asp?Referencias=NDM5VzlXOVc5V0xIVkJZQlRNTEhZQkxIOVdfX1lCWUJZWFlYWVhMSExI,20240630
20240621,2299911-4,PRESIDENCIA DEL CONSEJO DE MINISTROS,RESOLUCION SUPREMA,No 151-2024-PCM,Autorizan viaje del Ministro de Defensa a EE.UU. y encargan su Despacho al Presidente del Consejo de Ministros,https://epdoc2.elperuano.pe/EpPo/DescargaINDA.asp?Referencias=NDM5VzlXOVc5V0xIVkJZQlRNTEhZQkxIVE1fXzlXOVdZWFlYWVhMSExI,20240630
20240621,2299911-5,PRESIDENCIA DEL CONSEJO DE MINISTROS,RESOLUCION SUPREMA,No 152-2024-PCM,Autorizan viaje del Ministro de Energia y Minas a Japon y encargan su Despacho al Ministro de Desarrollo e Inclusion Social,https://epdoc2.elperuano.pe/EpPo/DescargaINDA.asp?Referencias=NDM5VzlXOVc5V0xIVkJZQlRNTEhZQkxIVU5fXzlXOVdZWFlYWVhMSExI,20240630
20240621,2299871-1,AMBIENTE,RESOLUCION MINISTERIAL,No 187-2024-MINAM,Disponen la publicacion del proyecto de Decreto Supremo que aprueba el Reglamento de la Ley No 31991 Ley del Cuerpo de Guardaparques del Peru y su exposicion de motivos,https://epdoc2.elperuano.pe/EpPo/DescargaINDA.asp?Referencias=NDM5VzlXOVc5V0xIVkJZQlRNTEhZQkxIOVdfXzlXV1ZYQ1lYWVhMSExI,20240630
20240621,2299027-1,COMERCIO EXTERIOR Y TURISMO,RESOLUCION MINISTERIAL,No 179-2024-MINCETUR,Autorizan viaje de representante de PROMPERu para participar en eventos a realizarse en Suecia Noruega y Dinamarca,https://epdoc2.elperuano.pe/EpPo/DescargaINDA.asp?Referencias=NDM5VzlXOVc5V0xIVkJZQlRNTEhZQkxIOVdfX1dWTEhZQllYWVhMSExI,20240630
20240621,2300264-1,CULTURA,RESOLUCION VICE MINISTERIAL,No 000166-2024-VMPCIC/MC,Aprueban las bases del Premio Nacional de Literatura en el marco de lo previsto en el Decreto Supremo No 018-2021-MC Decreto Supremo que aprueba el Reglamento de la Ley No 31053 Ley que reconoce y fomenta el derecho a la lectura y promueve el libro 2024 - Edicion Bicentenario,https://epdoc2.elperuano.pe/EpPo/DescargaINDA.asp?Referencias=NDM5VzlXOVc5V0xIVkJZQlRNTEhZQkxIOVdfX1RNVkJMSFlCWUJTOExI,20240630
20240621,2299740-1,DEFENSA,RESOLUCION JEFATURAL,No 00072-2024-CENEPRED/J,Designan Jefe de la Oficina de Planeamiento y Presupuesto del CENEPRED,https://epdoc2.elperuano.pe/EpPo/DescargaINDA.asp?Referencias=NDM5VzlXOVc5V0xIVkJZQlRNTEhZQkxIOVdfX1lCVE1XVllYWVhMSExI,20240630
20240621,2299792-1,DESARROLLO AGRARIO Y RIEGO,RESOLUCION JEFATURAL,No 094-2024-INIA,Designan Director de la Estacion Experimental Agraria Pichanaki del INIA,https://epdoc2.elperuano.pe/EpPo/DescargaINDA.asp?Referencias=NDM5VzlXOVc5V0xIVkJZQlRNTEhZQkxIOVdfX0xIWVhXVllYWVhMSExI,20240630
20240621,2299968-1,INTERIOR,RESOLUCION MINISTERIAL,No 0817-2024-IN,Autorizan viaje de personal policial a la Republica Italiana en comision de servicios,https://epdoc2.elperuano.pe/EpPo/DescargaINDA.asp?Referencias=NDM5VzlXOVc5V0xIVkJZQlRNTEhZQkxIOVdfX1hDVkJZWFlYWVhMSExI,20240630
20240621,2299991-1,INTERIOR,RESOLUCION MINISTERIAL,No 0821-2024-IN,Designan Director de la Direccion de Inteligencia,https://epdoc2.elperuano.pe/EpPo/DescargaINDA.asp?Referencias=NDM5VzlXOVc5V0xIVkJZQlRNTEhZQkxIOVdfXzlXWVhZWFlYWVhMSExI,20240630
20240621,2299877-1,MUJER Y POBLACIONES VULNERABLES,RESOLUCION,No D000121-2024-CONADIS-PRE,Formalizan Acuerdo del Consejo Directivo respecto a la creacion de la Mesa de Trabajo Multisectorial en Tecnologia de Apoyo para la elaboracion de la Hoja de Ruta en Tecnologia de Apoyo para el Periodo 2024 - 2030 del Consejo Directivo del Consejo Nacional para la Integracion de la Persona con Discapacidad,https://epdoc2.elperuano.pe/EpPo/DescargaINDA.asp?Referencias=NDM5VzlXOVc5V0xIVkJZQlRNTEhZQkxIOVdfX1dWV1ZYQ1lYWVhMSExI,20240630
20240621,2299911-3,RELACIONES EXTERIORES,DECRETO SUPREMO,No 025-2024-RE,Decreto Supremo que ratifica el Acuerdo por intercambio de comunicaciones entre el Gobierno de la Republica del Peru y la Organizacion de las Naciones Unidas para la Educacion la Ciencia y la Cultura (UNESCO) sobre la continuidad del Centro Regional para la Salvaguardia del Patrimonio Cultural Inmaterial de America Latina (CRESPIAL),https://epdoc2.elperuano.pe/EpPo/DescargaINDA.asp?Referencias=NDM5VzlXOVc5V0xIVkJZQlRNTEhZQkxIUzhfXzlXOVdZWFlYWVhMSExI,20240630
20240621,2299183-1,RELACIONES EXTERIORES,RESOLUCION MINISTERIAL,No 0483-2024-RE,Autorizan transferencia financiera a favor de la Contraloria General de la Republica,https://epdoc2.elperuano.pe/EpPo/DescargaINDA.asp?Referencias=NDM5VzlXOVc5V0xIVkJZQlRNTEhZQkxIOVdfX1M4WEM5V1lYWVhMSExI,20240630
20240621,2299186-1,RELACIONES EXTERIORES,RESOLUCION MINISTERIAL,No 0485-2024-RE,Nombran integrante de la Junta de Vigilancia de los Traductores Publicos Juramentados como representante de la Universidad Femenina del Sagrado Corazon,https://epdoc2.elperuano.pe/EpPo/DescargaINDA.asp?Referencias=NDM5VzlXOVc5V0xIVkJZQlRNTEhZQkxIOVdfX1ZCWEM5V1lYWVhMSExI,20240630
20240621,2299231-1,RELACIONES EXTERIORES,RESOLUCION MINISTERIAL,No 0488-2024-RE,Autorizan viaje de funcionarios diplomaticos a Chile en comision de servicios,https://epdoc2.elperuano.pe/EpPo/DescargaINDA.asp?Referencias=NDM5VzlXOVc5V0xIVkJZQlRNTEhZQkxIOVdfXzlXUzhMSFlYWVhMSExI,20240630
20240621,2299234-1,RELACIONES EXTERIORES,RESOLUCION MINISTERIAL,No 0490-2024-RE,Designan Asesora Ad Honorem del Despacho Ministerial,https://epdoc2.elperuano.pe/EpPo/DescargaINDA.asp?Referencias=NDM5VzlXOVc5V0xIVkJZQlRNTEhZQkxIOVdfX1RNUzhMSFlYWVhMSExI,20240630
20240621,2299912-1,RELACIONES EXTERIORES,RESOLUCION MINISTERIAL,No 0499-2024-RE,Autorizan viaje de Viceministro de Relaciones Exteriores a Paraguay en comision de servicios,https://epdoc2.elperuano.pe/EpPo/DescargaINDA.asp?Referencias=NDM5VzlXOVc5V0xIVkJZQlRNTEhZQkxIOVdfX0xIOVdZWFlYWVhMSExI,20240630
20240621,2299578-1,SALUD,FE DE ERRATA,R.M. No 430-2024/MINSA,FE DE ERRATA,https://epdoc2.elperuano.pe/EpPo/DescargaINDA.asp?Referencias=NDM5VzlXOVc5V0xIVkJZQlRNTEhZQkxIOVdfX1hDV1ZVTllYWVhMSExI,20240630
20240621,2299851-1,SALUD,RESOLUCION MINISTERIAL,No 435-2024/MINSA,Autorizan viaje de profesionales de la Direccion General de Medicamentos Insumos y Drogas a la Republica Popular China en comision de servicios,https://epdoc2.elperuano.pe/EpPo/DescargaINDA.asp?Referencias=NDM5VzlXOVc5V0xIVkJZQlRNTEhZQkxIOVdfXzlXVU5YQ1lYWVhMSExI,20240630
20240621,2299853-1,SALUD,RESOLUCION MINISTERIAL,No 436-2024/MINSA,Autorizan viaje de profesionales de la Direccion General de Medicamentos Insumos y Drogas a Mexico en comision de servicios,https://epdoc2.elperuano.pe/EpPo/DescargaINDA.asp?Referencias=NDM5VzlXOVc5V0xIVkJZQlRNTEhZQkxIOVdfX1M4VU5YQ1lYWVhMSExI,20240630
20240621,2299896-1,SALUD,RESOLUCION MINISTERIAL,No 434-2024/MINSA,Aprueban el Documento Tecnico: Plan de Desembalse quirurgico en Establecimientos de Salud del Ministerio de Salud y de los Gobiernos Regionales - 2024,https://epdoc2.elperuano.pe/EpPo/DescargaINDA.asp?Referencias=NDM5VzlXOVc5V0xIVkJZQlRNTEhZQkxIOVdfX1ZCWVhYQ1lYWVhMSExI,20240630
20240621,2299904-1,SALUD,RESOLUCION MINISTERIAL,No 437-2024/MINSA,Designan Jefe de Equipo II de la Direccion General de Personal de la Salud,https://epdoc2.elperuano.pe/EpPo/DescargaINDA.asp?Referencias=NDM5VzlXOVc5V0xIVkJZQlRNTEhZQkxIOVdfX1RNWUJZWFlYWVhMSExI,20240630
20240621,2300161-1,INSTITUTO NACIONAL DE DEFENSA CIVIL,RESOLUCION JEFATURAL,No 00090-2024-INDECI/JEF INDECI,Designan Director de la Direccion Desconcentrada de Pasco del INDECI,https://epdoc2.elperuano.pe/EpPo/DescargaINDA.asp?Referencias=NDM5VzlXOVc5V0xIVkJZQlRNTEhZQkxIOVdfXzlXVkI5V1lCWUJTOExI,20240630
20240621,2298307-1,ORGANISMO SUPERVISOR DE INVERSION PRIVADA EN TELECOMUNICACIONES,RESOLUCION,No 00143-2024-CD/OSIPTEL,Declarar infundado recurso de apelacion interpuesto contra la Resolucion No 070-2024-GG/OSIPTEL que sanciono con multa a ciudadano,https://epdoc2.elperuano.pe/EpPo/DescargaINDA.asp?Referencias=NDM5VzlXOVc5V0xIVkJZQlRNTEhZQkxIOVdfX1dWWUJTOFhDWVhMSExI,20240630
20240621,2299197-1,ORGANISMO SUPERVISOR DE INVERSION PRIVADA EN TELECOMUNICACIONES,RESOLUCION,No 00157-2024-CD/OSIPTEL,Aprueban Mandato de Comparticion de Infraestructura entre la Empresa de Administracion de Infraestructura Electrica S.A. y Data Online Peru S.A.C.,https://epdoc2.elperuano.pe/EpPo/DescargaINDA.asp?Referencias=NDM5VzlXOVc5V0xIVkJZQlRNTEhZQkxIOVdfX1dWWVg5V1lYWVhMSExI,20240630
20240621,2299199-1,ORGANISMO SUPERVISOR DE INVERSION PRIVADA EN TELECOMUNICACIONES,RESOLUCION,No 00158-2024-CD/OSIPTEL,Aprueban Mandato de Comparticion de Infraestructura entre la empresa Telecomunicaciones Nueva Vision S.R.L. con la Empresa Regional de Servicio Publico de Electricidad Electro Norte Medio S.A.,https://epdoc2.elperuano.pe/EpPo/DescargaINDA.asp?Referencias=NDM5VzlXOVc5V0xIVkJZQlRNTEhZQkxIOVdfX1lYWVg5V1lYWVhMSExI,20240630
20240621,2299201-1,ORGANISMO SUPERVISOR DE INVERSION PRIVADA EN TELECOMUNICACIONES,RESOLUCION,No 00159-2024-CD/OSIPTEL,Declaran infundado Recurso de Apelacion interpuesto por ENTEL PERu S.A. contra la Resolucion No 84-2024-GG/OSIPTEL,https://epdoc2.elperuano.pe/EpPo/DescargaINDA.asp?Referencias=NDM5VzlXOVc5V0xIVkJZQlRNTEhZQkxIOVdfXzlXWUJMSFlYWVhMSExI,20240630
20240621,2299374-1,ORGANISMO SUPERVISOR DE INVERSION PRIVADA EN TELECOMUNICACIONES,RESOLUCION,No 00221-2024-GG/OSIPTEL,Aprueban el Manual Tecnico del Sistema de Informacion del Servicio de Atencion al Usuario,https://epdoc2.elperuano.pe/EpPo/DescargaINDA.asp?Referencias=NDM5VzlXOVc5V0xIVkJZQlRNTEhZQkxIOVdfX1RNV1ZTOFlYWVhMSExI,20240630
20240621,2299365-1,SUPERINTENDENCIA NACIONAL DE SERVICIOS DE SANEAMIENTO,RESOLUCION,No 00034-2024-SUNASS-CD,Aprueban formula tarifaria estructura tarifaria y metas de gestion asi como los costos maximos de las unidades de medida de las actividades requeridas para determinar el precio de los servicios colaterales que se aplican a EMAPA - HVCA. S.A. para el periodo regulatorio 2025-2028,https://epdoc2.elperuano.pe/EpPo/DescargaINDA.asp?Referencias=NDM5VzlXOVc5V0xIVkJZQlRNTEhZQkxIOVdfX1VOVkJTOFlYWVhMSExI,20240630
20240621,2300205-1,AUTORIDAD PORTUARIA NACIONAL,RESOLUCION,No 0405-2024-APN-GG,Aprueban la programacion del segundo y tercer proceso de evaluacion y seleccion de Instructores de Capacitacion Portuaria para los cursos de la especializacion del trabajo portuario correspondientes a los meses de julio y noviembre del ano 2024,https://epdoc2.elperuano.pe/EpPo/DescargaINDA.asp?Referencias=NDM5VzlXOVc5V0xIVkJZQlRNTEhZQkxIOVdfX1VOWUJMSFlCWUJTOExI,20240630
20240621,2299770-1,CENTRO NACIONAL DE PLANEAMIENTO ESTRATeGICO,RESOLUCION,No 0056-2024/CEPLAN/PCD,Aprueban la version actualizada de la Guia para el seguimiento y evaluacion de politicas nacionales y planes del SINAPLAN,https://epdoc2.elperuano.pe/EpPo/DescargaINDA.asp?Referencias=NDM5VzlXOVc5V0xIVkJZQlRNTEhZQkxIOVdfX1lCV1ZXVllYWVhMSExI,20240630
20240621,2299901-1,INSTITUTO GEOLoGICO MINERO Y METALuRGICO,RESOLUCION,No 0066-2024-INGEMMET/PE,Aprueban modificacion del Manual de Clasificador de Cargos del Instituto Geologico Minero y Metalurgico - INGEMMET,https://epdoc2.elperuano.pe/EpPo/DescargaINDA.asp?Referencias=NDM5VzlXOVc5V0xIVkJZQlRNTEhZQkxIOVdfXzlXWUJZWFlYWVhMSExI,20240630
20240621,2299845-1,SUPERINTENDENCIA NACIONAL DE FISCALIZACIoN LABORAL,RESOLUCION,No 000122-2024-SUNAFIL,Autorizan transferencia financiera a favor de la Contraloria General de la Republica,https://epdoc2.elperuano.pe/EpPo/DescargaINDA.asp?Referencias=NDM5VzlXOVc5V0xIVkJZQlRNTEhZQkxIOVdfX1VOVE1YQ1lYWVhMSExI,20240630
20240621,2299204-1,SUPERINTENDENCIA NACIONAL DE SALUD,RESOLUCION,No 090-2024-SUSALUD/S,Aprueban los Lineamientos para la Organizacion y Funcionamiento de las Instituciones Administradoras de Fondos de Aseguramiento en Salud - IAFAS Privadas y Mixtas,https://epdoc2.elperuano.pe/EpPo/DescargaINDA.asp?Referencias=NDM5VzlXOVc5V0xIVkJZQlRNTEhZQkxIOVdfX1RNWUJMSFlYWVhMSExI,20240630
20240621,2299208-1,SUPERINTENDENCIA NACIONAL DE SALUD,RESOLUCION,No 091-2024-SUSALUD/S,Aprueban la Guia de elaboracion del Plan de Mitigacion de Riesgos por parte de los administrados fiscalizados por la Intendencia de Supervision de IPRESS (ISIPRESS),https://epdoc2.elperuano.pe/EpPo/DescargaINDA.asp?Referencias=NDM5VzlXOVc5V0xIVkJZQlRNTEhZQkxIOVdfX1hDWUJMSFlYWVhMSExI,20240630
20240621,2299656-1,FUERO MILITAR POLICIAL,RESOLUCION ADMINISTRATIVA,No 079-2024-FMP/CE/SG,Autorizan viaje de Presidente del Fuero Militar Policial a la Republica de Corea en comision de servicios,https://epdoc2.elperuano.pe/EpPo/DescargaINDA.asp?Referencias=NDM5VzlXOVc5V0xIVkJZQlRNTEhZQkxIOVdfX1ZCVU5WQllYWVhMSExI,20240630
20240621,2298846-1,INSTITUCIONES EDUCATIVAS,RESOLUCION,No 504-2024-R,Autorizan viaje de Decana de la Facultad de Enfermeria de la Universidad Nacional Pedro Ruiz Gallo a los EE.UU. en comision de servicios,https://epdoc2.elperuano.pe/EpPo/DescargaINDA.asp?Referencias=NDM5VzlXOVc5V0xIVkJZQlRNTEhZQkxIOVdfX1ZCVE1YQ1hDWVhMSExI,20240630
20240621,2299570-1,INSTITUCIONES EDUCATIVAS,RESOLUCION,No 008454-2024-R/UNMSM,Ratifican resolucion que autoriza viaje del Decano de la Facultad de Ciencias Administrativas de la Universidad Nacional Mayor de San Marcos a Francia y Espana en comision de servicios,https://epdoc2.elperuano.pe/EpPo/DescargaINDA.asp?Referencias=NDM5VzlXOVc5V0xIVkJZQlRNTEhZQkxIOVdfX1lCV1ZVTllYWVhMSExI,20240630
20240621,2299608-1,JURADO NACIONAL DE ELECCIONES,RESOLUCION,No 0181-2024-JNE,Convocan a ciudadano para que asuma el cargo de regidor del Concejo Provincial de Chachapoyas departamento de Amazonas,https://epdoc2.elperuano.pe/EpPo/DescargaINDA.asp?Referencias=NDM5VzlXOVc5V0xIVkJZQlRNTEhZQkxIOVdfX1hDWUJWQllYWVhMSExI,20240630
20240621,2299611-1,JURADO NACIONAL DE ELECCIONES,RESOLUCION,No 0180-2024-JNE,Declaran infundada solicitud de restablecimiento de vigencia de credencial formulada por alcalde suspendido de la Municipalidad Provincial de Trujillo departamento de La Libertad,https://epdoc2.elperuano.pe/EpPo/DescargaINDA.asp?Referencias=NDM5VzlXOVc5V0xIVkJZQlRNTEhZQkxIOVdfXzlXOVdWQllYWVhMSExI,20240630
20240621,2299722-1,JURADO NACIONAL DE ELECCIONES,RESOLUCION,No 0175-2024-JNE,Convocan a ciudadanos para que asuman provisionalmente cargos de alcaldesa y regidor de la Municipalidad Provincial de Ferrenafe departamento de Lambayeque,https://epdoc2.elperuano.pe/EpPo/DescargaINDA.asp?Referencias=NDM5VzlXOVc5V0xIVkJZQlRNTEhZQkxIOVdfX0xITEhXVllYWVhMSExI,20240630
20240621,2299914-1,OFICINA NACIONAL DE PROCESOS ELECTORALES,RESOLUCION JEFATURAL,No 000124-2024-JN/ONPE,Aprueban actualizacion del Padron Electoral para la Eleccion de los miembros titular y suplentes del Pleno del Jurado Nacional de Elecciones a cargo de los decanos de las Facultades de Derecho de las Universidades Publicas,https://epdoc2.elperuano.pe/EpPo/DescargaINDA.asp?Referencias=NDM5VzlXOVc5V0xIVkJZQlRNTEhZQkxIOVdfX1RNOVdZWFlYWVhMSExI,20240630
20240621,2299765-1,GOBIERNO REGIONAL DE LA LIBERTAD,ACUERDO,No 000103-2024-GRLL-CR,Aprueban Transferencia Financiera a favor de la Municipalidad Provincial de Viru,https://epdoc2.elperuano.pe/EpPo/DescargaINDA.asp?Referencias=NDM5VzlXOVc5V0xIVkJZQlRNTEhZQkxIOVdfX1VOVkJXVllYWVhMSExI,20240630
20240621,2299771-1,GOBIERNO REGIONAL DE LA LIBERTAD,ACUERDO,No 000102-2024-GRLL-CR,Aprueban Transferencia Financiera a favor de la Municipalidad Distrital de Huanchaco,https://epdoc2.elperuano.pe/EpPo/DescargaINDA.asp?Referencias=NDM5VzlXOVc5V0xIVkJZQlRNTEhZQkxIOVdfXzlXV1ZXVllYWVhMSExI,20240630
20240621,2299132-1,GOBIERNO REGIONAL DE SAN MARTIN,ORDENANZA,No 005-2024-GRSM/CR,Aprueban la Politica Regional de Alimentos Fortificados al 2026,https://epdoc2.elperuano.pe/EpPo/DescargaINDA.asp?Referencias=NDM5VzlXOVc5V0xIVkJZQlRNTEhZQkxIOVdfX0xIUzg5V1lYWVhMSExI,20240630
20240621,2300095-1,MUNICIPALIDAD DE LA VICTORIA,DECRETO DE ALCALDIA,No 006-2024/MLV,Disponen el Mejoramiento del Ornato por Inauguracion de Megaproyecto de Mejoramiento de Calles con la Municipalidad Metropolitana de Lima (MML) y dictan otras disposiciones,https://epdoc2.elperuano.pe/EpPo/DescargaINDA.asp?Referencias=NDM5VzlXOVc5V0xIVkJZQlRNTEhZQkxIOVdfX1VOWVhZQllCWUJTOExI,20240630
20240621,2299934-1,MUNICIPALIDAD DE MIRAFLORES,Acuerdo,No 059-2024/MM,Autorizan viaje de regidor para participar en evento a realizarse en la Republica Dominicana,https://epdoc2.elperuano.pe/EpPo/DescargaINDA.asp?Referencias=NDM5VzlXOVc5V0xIVkJZQlRNTEhZQkxIOVdfX1RNUzhZWFlYWVhMSExI,20240630
20240621,2299413-1,MUNICIPALIDAD DEL RIMAC,Decretos de Alcaldia,No 005-2024-MDR,Aprueban modificacion del cronograma del presupuesto participativo basado en resultados en el distrito del Rimac para el ano fiscal 2025,https://epdoc2.elperuano.pe/EpPo/DescargaINDA.asp?Referencias=NDM5VzlXOVc5V0xIVkJZQlRNTEhZQkxIOVdfX1M4OVdUTVlYWVhMSExI,20240630
20240621,2299115-1,MUNICIPALIDAD DE SAN ISIDRO,Decretos de Alcaldia,No 008-2024-ALC/MSI,Convocan a organizaciones y grupos de jovenes para la eleccion de los Consejeros Distritales de la Juventud de San Isidro,https://epdoc2.elperuano.pe/EpPo/DescargaINDA.asp?Referencias=NDM5VzlXOVc5V0xIVkJZQlRNTEhZQkxIOVdfX1VOOVc5V1lYWVhMSExI,20240630
20240621,2299312-1,MUNICIPALIDAD DE SAN ISIDRO,Ordenanzas,No 599-MSI,Ordenanza que otorga incentivos para el pago de las obligaciones tributarias generadas producto de fiscalizacion tributaria en el distrito de San Isidro,https://epdoc2.elperuano.pe/EpPo/DescargaINDA.asp?Referencias=NDM5VzlXOVc5V0xIVkJZQlRNTEhZQkxIOVdfX0xIOVdTOFlYWVhMSExI,20240630
20240621,2298709-1,MUNICIPALIDAD DISTRITAL DE COLAN,ORDENANZA,No 006-2024/ MDC,Ordenanza que aprueba el Reglamento de Organizacion y Funciones - ROF de la Municipalidad Distrital de Colan,https://epdoc2.elperuano.pe/EpPo/DescargaINDA.asp?Referencias=NDM5VzlXOVc5V0xIVkJZQlRNTEhZQkxIOVdfX1lYWUJXVlhDWVhMSExI,20240630
20240620,2299514-1,CONGRESO DE LA REPUBLICA,LEY,No 32065,Ley que establece medidas para asegurar el acceso universal al agua potable,https://epdoc2.elperuano.pe/EpPo/DescargaINDA.asp?Referencias=NDNZQllCWUJZQkxIVkJZQlRNTEhZQkxIOVdfX1RNOVdVTllYWVhMSExI,20240630
20240620,2299514-2,CONGRESO DE LA REPUBLICA,RESOLUCION LEGISLATIVA,No 32066,Resolucion Legislativa que autoriza el ingreso y transito de unidades navales y de personal militar extranjero con armas de guerra al territorio de la Republica del Peru,https://epdoc2.elperuano.pe/EpPo/DescargaINDA.asp?Referencias=NDNZQllCWUJZQkxIVkJZQlRNTEhZQkxITEhfX1RNOVdVTllYWVhMSExI,20240630
20240620,2299824-1,PRESIDENCIA DEL CONSEJO DE MINISTROS,DECRETO SUPREMO,No 061-2024-PCM,Decreto Supremo que convoca a Legislatura Extraordinaria,https://epdoc2.elperuano.pe/EpPo/DescargaINDA.asp?Referencias=NDNZQllCWUJZQkxIVkJZQlRNTEhZQkxIOVdfX1RNTEhYQ1lYWVhMSExI,20240630
20240620,2299515-1,PRESIDENCIA DEL CONSEJO DE MINISTROS,RESOLUCION MINISTERIAL,No 186-2024-PCM,Autorizan viaje de Consultor FAG de la Secretaria de Gobierno y Transformacion Digital a la Republica Popular China en comision de servicios,https://epdoc2.elperuano.pe/EpPo/DescargaINDA.asp?Referencias=NDNZQllCWUJZQkxIVkJZQlRNTEhZQkxIOVdfX1VOOVdVTllYWVhMSExI,20240630
20240620,2299516-1,PRESIDENCIA DEL CONSEJO DE MINISTROS,RESOLUCION SUPREMA,No 150-2024-PCM,Autorizan viaje del Ministro de Justicia y Derechos Humanos a Paraguay y encargan su Despacho a la Ministra de la Mujer y Poblaciones Vulnerables,https://epdoc2.elperuano.pe/EpPo/DescargaINDA.asp?Referencias=NDNZQllCWUJZQkxIVkJZQlRNTEhZQkxIOVdfX1ZCOVdVTllYWVhMSExI,20240630
20240620,2299474-1,AMBIENTE,RESOLUCION,No 054-2024-SENAMHI/PREJ,Designan Director Zonal 3 del SENAMHI,https://epdoc2.elperuano.pe/EpPo/DescargaINDA.asp?Referencias=NDNZQllCWUJZQkxIVkJZQlRNTEhZQkxIOVdfX1RNV1ZUTVlYWVhMSExI,20240630
20240620,2299117-1,AMBIENTE,RESOLUCION MINISTERIAL,No 183-2024-MINAM,Modifican la R.M. No 379-2019-MINAM a fin de actualizar la designacion de miembros y la nomenclatura de cargos en la conformacion del Comite de Gobierno y Transformacion Digital del Ministerio del Ambiente,https://epdoc2.elperuano.pe/EpPo/DescargaINDA.asp?Referencias=NDNZQllCWUJZQkxIVkJZQlRNTEhZQkxIOVdfX1dWOVc5V1lYWVhMSExI,20240630
20240620,2299065-1,CULTURA,RESOLUCION DIRECTORAL,No 000101-2024-DGPA-VMPCIC/MC,Determinan la Proteccion Provisional del Sitio Arqueologico Cementerio Tutumo ubicado en el distrito de Supe provincia de Barranca departamento de Lima,https://epdoc2.elperuano.pe/EpPo/DescargaINDA.asp?Referencias=NDNZQllCWUJZQkxIVkJZQlRNTEhZQkxIOVdfX1VOVkJZQllYWVhMSExI,20240630
20240620,2299124-1,CULTURA,RESOLUCION MINISTERIAL,No 000235-2024-MC,Autorizan transferencia financiera a favor de la Contraloria General de la Republica,https://epdoc2.elperuano.pe/EpPo/DescargaINDA.asp?Referencias=NDNZQllCWUJZQkxIVkJZQlRNTEhZQkxIOVdfX1RNTEg5V1lYWVhMSExI,20240630
20240620,2299376-1,CULTURA,RESOLUCION MINISTERIAL,No 000237-2024-MC,Modifican la R.M. No 000522-2023-MC mediante la cual se efectua la delegacion de facultades en diversos funcionarios del Ministerio durante el Ejercicio Fiscal 2024,https://epdoc2.elperuano.pe/EpPo/DescargaINDA.asp?Referencias=NDNZQllCWUJZQkxIVkJZQlRNTEhZQkxIOVdfX1ZCV1ZTOFlYWVhMSExI,20240630
20240620,2299528-1,CULTURA,RESOLUCION MINISTERIAL,No 000239-2024-MC,Designan Asesora II de la Secretaria General del Ministerio,https://epdoc2.elperuano.pe/EpPo/DescargaINDA.asp?Referencias=NDNZQllCWUJZQkxIVkJZQlRNTEhZQkxIOVdfX1hDTEhVTllYWVhMSExI,20240630
20240620,2298584-1,DEFENSA,RESOLUCION MINISTERIAL,No 00599-2024-DE,Autorizan viaje de oficial de la Marina de Guerra del Peru a EE.UU. en comision de servicios,https://epdoc2.elperuano.pe/EpPo/DescargaINDA.asp?Referencias=NDNZQllCWUJZQkxIVkJZQlRNTEhZQkxIOVdfX1RNWENVTlhDWVhMSExI,20240630
20240620,2298597-1,DEFENSA,RESOLUCION MINISTERIAL,No 00600-2024-DE,Varian fecha de inicio y termino de designacion autorizada en el articulo 1 de la R.S. No 026-2024-DE y autorizan viaje de personal de la Marina de Guerra del Peru a EE.UU. en comision especial en el exterior,https://epdoc2.elperuano.pe/EpPo/DescargaINDA.asp?Referencias=NDNZQllCWUJZQkxIVkJZQlRNTEhZQkxIOVdfX1dWWVhVTlhDWVhMSExI,20240630
20240620,2299518-1,DESARROLLO AGRARIO Y RIEGO,FE DE ERRATA,Anexos - D.S. No 006-2024-MIDAGRI,FE DE ERRATA,https://epdoc2.elperuano.pe/EpPo/DescargaINDA.asp?Referencias=NDNZQllCWUJZQkxIVkJZQlRNTEhZQkxIOVdfX1hDOVdVTllYWVhMSExI,20240630
20240620,2299454-1,DESARROLLO AGRARIO Y RIEGO,RESOLUCION MINISTERIAL,No 0214-2024-MIDAGRI,Declaran el cuarto domingo del mes de noviembre de cada ano como Dia Nacional de la Carne de Res,https://epdoc2.elperuano.pe/EpPo/DescargaINDA.asp?Referencias=NDNZQllCWUJZQkxIVkJZQlRNTEhZQkxIOVdfX1RNVU5UTVlYWVhMSExI,20240630
20240620,2299470-1,DESARROLLO AGRARIO Y RIEGO,RESOLUCION MINISTERIAL,No 0215-2024-MIDAGRI,Designan representantes del MIDAGRI ante el Consejo Directivo del Proyecto Especial Sierra Centro Sur - PESCS,https://epdoc2.elperuano.pe/EpPo/DescargaINDA.asp?Referencias=NDNZQllCWUJZQkxIVkJZQlRNTEhZQkxIOVdfX1lCV1ZUTVlYWVhMSExI,20240630
20240620,2299499-1,EDUCACION,RESOLUCION VICE MINISTERIAL,No 069-2024-MINEDU,Disponen la realizacion del evento de innovacion y maraton tecnologica denominado Hackathon en Robotica Educativa y Tecnologias Digitales 2024 - Edicion Bicentenario,https://epdoc2.elperuano.pe/EpPo/DescargaINDA.asp?Referencias=NDNZQllCWUJZQkxIVkJZQlRNTEhZQkxIOVdfX1lYWVhUTVlYWVhMSExI,20240630
20240620,2299239-1,ENERGIA Y MINAS,RESOLUCION MINISTERIAL,No 253-2024-MINEM/DM,Aprueban Lineamientos para la elaboracion del Plan de Participacion Ciudadana de los Estudios de Impacto Ambiental semidetallados del subsector Electricidad,https://epdoc2.elperuano.pe/EpPo/DescargaINDA.asp?Referencias=NDNZQllCWUJZQkxIVkJZQlRNTEhZQkxIOVdfX1lYUzhMSFlYWVhMSExI,20240630
20240620,2299337-1,ENERGIA Y MINAS,RESOLUCION MINISTERIAL,No 255-2024-MINEM/DM,Designan Secretario General del Ministerio de Energia y Minas,https://epdoc2.elperuano.pe/EpPo/DescargaINDA.asp?Referencias=NDNZQllCWUJZQkxIVkJZQlRNTEhZQkxIOVdfX1dWUzhTOFlYWVhMSExI,20240630
20240620,2299364-1,INTERIOR,RESOLUCION MINISTERIAL,No 0811-2024-IN,Designan Director General de la Direccion General de Seguridad Ciudadana,https://epdoc2.elperuano.pe/EpPo/DescargaINDA.asp?Referencias=NDNZQllCWUJZQkxIVkJZQlRNTEhZQkxIOVdfX1RNVkJTOFlYWVhMSExI,20240630
20240620,2299468-1,INTERIOR,RESOLUCION MINISTERIAL,No 0814-2024-IN,Autorizan viaje del Comandante General de la Policia Nacional del Peru a EE.UU. en comision de servicios,https://epdoc2.elperuano.pe/EpPo/DescargaINDA.asp?Referencias=NDNZQllCWUJZQkxIVkJZQlRNTEhZQkxIOVdfX1hDVkJUTVlYWVhMSExI,20240630
20240620,2299516-2,INTERIOR,RESOLUCION SUPREMA,No 107-2024-IN,Aceptan renuncia de Prefecta Regional de La Libertad,https://epdoc2.elperuano.pe/EpPo/DescargaINDA.asp?Referencias=NDNZQllCWUJZQkxIVkJZQlRNTEhZQkxITEhfX1ZCOVdVTllYWVhMSExI,20240630
20240620,2299023-1,JUSTICIA Y DERECHOS HUMANOS,RESOLUCION MINISTERIAL,No 0150-2024-JUS,Nombran notario del distrito de Chimbote provincia de Santa departamento de Ancash Distrito Notarial de Ancash,https://epdoc2.elperuano.pe/EpPo/DescargaINDA.asp?Referencias=NDNZQllCWUJZQkxIVkJZQlRNTEhZQkxIOVdfX1M4TEhZQllYWVhMSExI,20240630
20240620,2299029-1,JUSTICIA Y DERECHOS HUMANOS,RESOLUCION MINISTERIAL,No 0151-2024-JUS,Nombran notario del distrito de Huaraz provincia de Huaraz departamento de Ancash Distrito Notarial de Ancash,https://epdoc2.elperuano.pe/EpPo/DescargaINDA.asp?Referencias=NDNZQllCWUJZQkxIVkJZQlRNTEhZQkxIOVdfX1lYTEhZQllYWVhMSExI,20240630
20240620,2299098-1,JUSTICIA Y DERECHOS HUMANOS,RESOLUCION MINISTERIAL,No 0152-2024-JUS,Nombran notario del distrito de Cascas provincia de Gran Chimu departamento de La Libertad Distrito Notarial de La Libertad,https://epdoc2.elperuano.pe/EpPo/DescargaINDA.asp?Referencias=NDNZQllCWUJZQkxIVkJZQlRNTEhZQkxIOVdfX1hDWVhZQllYWVhMSExI,20240630
20240620,2299101-1,JUSTICIA Y DERECHOS HUMANOS,RESOLUCION MINISTERIAL,No 0153-2024-JUS,Nombran notario del distrito de Marcabal provincia de Sanchez Carrion departamento de La Libertad Distrito Notarial de La Libertad,https://epdoc2.elperuano.pe/EpPo/DescargaINDA.asp?Referencias=NDNZQllCWUJZQkxIVkJZQlRNTEhZQkxIOVdfXzlXWUI5V1lYWVhMSExI,20240630
20240620,2299105-1,JUSTICIA Y DERECHOS HUMANOS,RESOLUCION MINISTERIAL,No 0154-2024-JUS,Nombran notaria del distrito de Santiago de Chuco provincia de Santiago de Chuco departamento de La Libertad Distrito Notarial de La Libertad,https://epdoc2.elperuano.pe/EpPo/DescargaINDA.asp?Referencias=NDNZQllCWUJZQkxIVkJZQlRNTEhZQkxIOVdfX1VOWUI5V1lYWVhMSExI,20240630
20240620,2299108-1,JUSTICIA Y DERECHOS HUMANOS,RESOLUCION MINISTERIAL,No 0155-2024-JUS,Nombran notario del distrito de Pacanga provincia de Chepen departamento de La Libertad Distrito Notarial de La Libertad,https://epdoc2.elperuano.pe/EpPo/DescargaINDA.asp?Referencias=NDNZQllCWUJZQkxIVkJZQlRNTEhZQkxIOVdfX1hDWUI5V1lYWVhMSExI,20240630
20240620,2299109-1,JUSTICIA Y DERECHOS HUMANOS,RESOLUCION MINISTERIAL,No 0156-2024-JUS,Nombran notario del distrito de Trujillo provincia de Trujillo departamento de La Libertad Distrito Notarial de La Libertad,https://epdoc2.elperuano.pe/EpPo/DescargaINDA.asp?Referencias=NDNZQllCWUJZQkxIVkJZQlRNTEhZQkxIOVdfX1lYWUI5V1lYWVhMSExI,20240630
20240620,2299287-1,JUSTICIA Y DERECHOS HUMANOS,RESOLUCION MINISTERIAL,No 0157-2024-JUS,Designan Director General de la Direccion General de Desarrollo Normativo y Calidad Regulatoria del Ministerio,https://epdoc2.elperuano.pe/EpPo/DescargaINDA.asp?Referencias=NDNZQllCWUJZQkxIVkJZQlRNTEhZQkxIOVdfX1dWWENMSFlYWVhMSExI,20240630
20240620,2299514-3,JUSTICIA Y DERECHOS HUMANOS,RESOLUCION SUPREMA,No 157-2024-JUS,Acceden a solicitud de extradicion activa de ciudadano israeli y sudafricano para ser extraditado del Reino de Espana y ser procesado en la Republica del Peru,https://epdoc2.elperuano.pe/EpPo/DescargaINDA.asp?Referencias=NDNZQllCWUJZQkxIVkJZQlRNTEhZQkxIUzhfX1RNOVdVTllYWVhMSExI,20240630
20240620,2299514-4,JUSTICIA Y DERECHOS HUMANOS,RESOLUCION SUPREMA,No 158-2024-JUS,Acceden a solicitud de extradicion activa de ciudadano colombiano para ser extraditado de la Republica de Colombia y ser procesado en la Republica del Peru,https://epdoc2.elperuano.pe/EpPo/DescargaINDA.asp?Referencias=NDNZQllCWUJZQkxIVkJZQlRNTEhZQkxIVE1fX1RNOVdVTllYWVhMSExI,20240630
20240620,2299368-1,PRODUCE,RESOLUCION MINISTERIAL,No 000255-2024-PRODUCE,Establecen veda reproductiva del recurso trucha arco iris en los cuerpos de agua altoandinos del departamento de Huancavelica,https://epdoc2.elperuano.pe/EpPo/DescargaINDA.asp?Referencias=NDNZQllCWUJZQkxIVkJZQlRNTEhZQkxIOVdfX1hDVkJTOFlYWVhMSExI,20240630
20240620,2298847-1,RELACIONES EXTERIORES,RESOLUCION MINISTERIAL,No 0470-2024-RE,Dan termino a nombramiento de Directora de la Oficina Desconcentrada del Ministerio de Relaciones Exteriores en la ciudad de Iquitos departamento de Loreto,https://epdoc2.elperuano.pe/EpPo/DescargaINDA.asp?Referencias=NDNZQllCWUJZQkxIVkJZQlRNTEhZQkxIOVdfX1dWVE1YQ1hDWVhMSExI,20240630
20240620,2299102-1,RELACIONES EXTERIORES,RESOLUCION MINISTERIAL,No 0478-2024-RE,Autorizan viaje de candidato oficial de la Republica del Peru al cargo de Juez de la Corte Interamericana de Derechos Humanos para el periodo 2025-2030 a la Republica del Paraguay en comision de servicios,https://epdoc2.elperuano.pe/EpPo/DescargaINDA.asp?Referencias=NDNZQllCWUJZQkxIVkJZQlRNTEhZQkxIOVdfX0xIWUI5V1lYWVhMSExI,20240630
20240620,2299104-1,RELACIONES EXTERIORES,RESOLUCION MINISTERIAL,No 0480-2024-RE,Autorizan viaje de funcionaria diplomatica a Noruega en comision de servicios,https://epdoc2.elperuano.pe/EpPo/DescargaINDA.asp?Referencias=NDNZQllCWUJZQkxIVkJZQlRNTEhZQkxIOVdfX1RNWUI5V1lYWVhMSExI,20240630
20240620,2299106-1,RELACIONES EXTERIORES,RESOLUCION MINISTERIAL,No 0481-2024-RE,Autorizan viaje de funcionaria diplomatica a los Estados Unidos de America en comision de servicios,https://epdoc2.elperuano.pe/EpPo/DescargaINDA.asp?Referencias=NDNZQllCWUJZQkxIVkJZQlRNTEhZQkxIOVdfX1ZCWUI5V1lYWVhMSExI,20240630
20240620,2299492-1,RELACIONES EXTERIORES,RESOLUCION MINISTERIAL,No 0489-2024-RE,Autorizan viaje de funcionario diplomatico a la Republica Popular China en comision de servicios,https://epdoc2.elperuano.pe/EpPo/DescargaINDA.asp?Referencias=NDNZQllCWUJZQkxIVkJZQlRNTEhZQkxIOVdfX0xIWVhUTVlYWVhMSExI,20240630
20240620,2299495-1,RELACIONES EXTERIORES,RESOLUCION MINISTERIAL,No 0491-2024-RE,Autorizan viaje de funcionaria diplomatica a la Republica Popular China y a Panama en comision de servicios,https://epdoc2.elperuano.pe/EpPo/DescargaINDA.asp?Referencias=NDNZQllCWUJZQkxIVkJZQlRNTEhZQkxIOVdfX1VOWVhUTVlYWVhMSExI,20240630
20240620,2299514-5,RELACIONES EXTERIORES,RESOLUCION SUPREMA,No 118-2024-RE,Nombran Consul Honorario del Peru en la ciudad de Perth Australia con jurisdiccion consular en el Estado de Western Australia,https://epdoc2.elperuano.pe/EpPo/DescargaINDA.asp?Referencias=NDNZQllCWUJZQkxIVkJZQlRNTEhZQkxIVU5fX1RNOVdVTllYWVhMSExI,20240630
20240620,2299514-6,RELACIONES EXTERIORES,RESOLUCION SUPREMA,No 119-2024-RE,Nombran Embajador Extraordinario y Plenipotenciario del Peru en la Republica de Guatemala,https://epdoc2.elperuano.pe/EpPo/DescargaINDA.asp?Referencias=NDNZQllCWUJZQkxIVkJZQlRNTEhZQkxIVkJfX1RNOVdVTllYWVhMSExI,20240630
20240620,2299516-3,RELACIONES EXTERIORES,RESOLUCION SUPREMA,No 120-2024-RE,Autorizan expedicion de pasaporte diplomatico a favor de Secretario General del Despacho Presidencial,https://epdoc2.elperuano.pe/EpPo/DescargaINDA.asp?Referencias=NDNZQllCWUJZQkxIVkJZQlRNTEhZQkxIUzhfX1ZCOVdVTllYWVhMSExI,20240630
20240620,2299216-1,SALUD,RESOLUCION MINISTERIAL,No 431-2024/MINSA,Modifican la Directiva Sanitaria para el Cuidado Integral de la Salud Mental de Gestantes y Madres de Ninas y Ninos Menores de 5 anos,https://epdoc2.elperuano.pe/EpPo/DescargaINDA.asp?Referencias=NDNZQllCWUJZQkxIVkJZQlRNTEhZQkxIOVdfX1ZCOVdMSFlYWVhMSExI,20240630
20240620,2299351-1,SALUD,RESOLUCION MINISTERIAL,No 432-2024/MINSA,Derogan la R.M. No 625-2009/MINSA y autorizan a los puertos de Bayovar Callao Chancay Chimbote Ilo Matarani Paita Pisco Salaverry San Nicolas e Iquitos como Puertos Internacionales para emitir certificaciones sanitarias de acuerdo a lo estipulado en el Reglamento Sanitario Internacional,https://epdoc2.elperuano.pe/EpPo/DescargaINDA.asp?Referencias=NDNZQllCWUJZQkxIVkJZQlRNTEhZQkxIOVdfXzlXVU5TOFlYWVhMSExI,20240630
20240620,2299352-1,SALUD,RESOLUCION MINISTERIAL,No 433-2024/MINSA,Aprueban el Documento Tecnico: Plan del Ministerio de Salud frente a la temporada de bajas temperaturas 2024,https://epdoc2.elperuano.pe/EpPo/DescargaINDA.asp?Referencias=NDNZQllCWUJZQkxIVkJZQlRNTEhZQkxIOVdfX0xIVU5TOFlYWVhMSExI,20240630
20240620,2297868-1,TRANSPORTES Y COMUNICACIONES,RESOLUCION DIRECTORAL,No 0347-2024-MTC/17.03,Autorizan a CERTIPREMIUM SOCIEDAD ANoNIMA CERRADA como Entidad Certificadora de Conversiones a Gas Licuado de Petroleo - GLP de ambito nacional,https://epdoc2.elperuano.pe/EpPo/DescargaINDA.asp?Referencias=NDNZQllCWUJZQkxIVkJZQlRNTEhZQkxIOVdfX1hDVkJYQ1dWWVhMSExI,20240630
20240620,2298371-1,TRANSPORTES Y COMUNICACIONES,RESOLUCION DIRECTORAL,No 0368-2024-MTC/17.03,Renuevan autorizacion a Organizacion Tecnica Automotriz del Norte S.A.C. - OTANOR S.A.C. para operar como Entidad Certificadora de Conversiones a Gas Licuado de Petroleo - GLP de ambito nacional,https://epdoc2.elperuano.pe/EpPo/DescargaINDA.asp?Referencias=NDNZQllCWUJZQkxIVkJZQlRNTEhZQkxIOVdfXzlXV1ZTOFhDWVhMSExI,20240630
20240620,2298397-1,TRANSPORTES Y COMUNICACIONES,RESOLUCION DIRECTORAL,No 0364- 2024 -MTC/17.03,Autorizan a REVISIONES TECNICAS CENTRAL S.A.C. para operar como Centro de Inspeccion Tecnica Vehicular Fijo en local ubicado en el distrito de Ninacaca provincia y departamento de Pasco.,https://epdoc2.elperuano.pe/EpPo/DescargaINDA.asp?Referencias=NDNZQllCWUJZQkxIVkJZQlRNTEhZQkxIOVdfX1dWWVhTOFhDWVhMSExI,20240630
20240620,2299010-1,TRANSPORTES Y COMUNICACIONES,RESOLUCION MINISTERIAL,No 320-2024-MTC/01.03,Aprueban ejecucion de expropiacion de area afectada de inmueble para el proyecto: Red Dorsal Nacional de Fibra optica: Cobertura Universal Norte Cobertura Universal Sur y Cobertura Universal Centro y el valor de la tasacion,https://epdoc2.elperuano.pe/EpPo/DescargaINDA.asp?Referencias=NDNZQllCWUJZQkxIVkJZQlRNTEhZQkxIOVdfX1lCOVdZQllYWVhMSExI,20240630
20240620,2299034-1,TRANSPORTES Y COMUNICACIONES,RESOLUCION MINISTERIAL,No 321-2024-MTC/01.02,Aprueban ejecucion de expropiacion de area afectada de inmueble para la ejecucion de la obra: Rehabilitacion y Mejoramiento de la Carretera Ayacucho - Abancay Tramo: Andahuaylas - DV. Kishuara,https://epdoc2.elperuano.pe/EpPo/DescargaINDA.asp?Referencias=NDNZQllCWUJZQkxIVkJZQlRNTEhZQkxIOVdfX1RNUzhZQllYWVhMSExI,20240630
20240620,2299088-1,TRANSPORTES Y COMUNICACIONES,RESOLUCION MINISTERIAL,No 322-2024-MTC/01.02,Aprueban ejecucion de expropiacion del area afectada de inmuebles para la ejecucion de la obra: Obra Nueva Paso a Desnivel Progresiva 90 000 Sub Tramo 5 de la Red Vial No6: Puente Pucusana - Cerro Azul - Ica,https://epdoc2.elperuano.pe/EpPo/DescargaINDA.asp?Referencias=NDNZQllCWUJZQkxIVkJZQlRNTEhZQkxIOVdfX1hDWENZQllYWVhMSExI,20240630
20240620,2298728-1,CENTRAL DE COMPRAS PuBLICAS,RESOLUCION JEFATURAL,No 000089-2024-PERu COMPRAS-JEFATURA,Autorizan transferencia financiera a favor de la Contraloria General de la Republica,https://epdoc2.elperuano.pe/EpPo/DescargaINDA.asp?Referencias=NDNZQllCWUJZQkxIVkJZQlRNTEhZQkxIOVdfX1hDTEhXVlhDWVhMSExI,20240630
20240620,2299060-1,ORGANISMO SUPERVISOR DE INVERSION PRIVADA EN TELECOMUNICACIONES,RESOLUCION,No 00155-2024-CD/OSIPTEL,Aprueban ajuste de la tarifa tope para las llamadas locales desde telefonos fijos de abonado de Telefonica del Peru S.A.A. a redes de telefonia movil de comunicaciones personales y troncalizado,https://epdoc2.elperuano.pe/EpPo/DescargaINDA.asp?Referencias=NDNZQllCWUJZQkxIVkJZQlRNTEhZQkxIOVdfX1lCVkJZQllYWVhMSExI,20240630
20240620,2299066-1,ORGANISMO SUPERVISOR DE INVERSION PRIVADA EN TELECOMUNICACIONES,RESOLUCION,No 00002-2024-TA/OSIPTEL,Declaran fundado en parte el Recurso de Apelacion interpuesto por la empresa TELEFoNICA DEL PERu S.A.A. contra la Resolucion No 00026-2024-TRASU/PAS/OSIPTEL,https://epdoc2.elperuano.pe/EpPo/DescargaINDA.asp?Referencias=NDNZQllCWUJZQkxIVkJZQlRNTEhZQkxIOVdfX1ZCVkJZQllYWVhMSExI,20240630
20240620,2299317-1,AUTORIDAD DE TRANSPORTE URBANO PARA LIMA Y CALLAO,RESOLUCION,No 129-2024-ATU/PE,Designan Jefa de la Unidad de Presupuesto de la Oficina de Planeamiento y Presupuesto de la ATU,https://epdoc2.elperuano.pe/EpPo/DescargaINDA.asp?Referencias=NDNZQllCWUJZQkxIVkJZQlRNTEhZQkxIOVdfX1dWOVdTOFlYWVhMSExI,20240630
20240620,2299497-1,CONSEJO NACIONAL DE CIENCIA  TECNOLOGiA E INNOVACIoN TECNOLoGICA,RESOLUCION,No 034-2024-CONCYTEC-SG,Designan Secretaria Tecnica de los organos Instructores del Procedimiento Administrativo Disciplinario del CONCYTEC,https://epdoc2.elperuano.pe/EpPo/DescargaINDA.asp?Referencias=NDNZQllCWUJZQkxIVkJZQlRNTEhZQkxIOVdfX1dWWVhUTVlYWVhMSExI,20240630
20240620,2299504-1,PROCURADURiA GENERAL DEL ESTADO,RESOLUCION,No D000416-2024-JUS/PGE-PG,Designan jefe de la Oficina de Planeamiento Presupuesto y Modernizacion de la Procuraduria General del Estado,https://epdoc2.elperuano.pe/EpPo/DescargaINDA.asp?Referencias=NDNZQllCWUJZQkxIVkJZQlRNTEhZQkxIOVdfX1RNWUJVTllYWVhMSExI,20240630
20240620,2298746-1,SUPERINTENDENCIA NACIONAL DE ADUANAS Y DE ADMINISTRACIoN TRIBUTARIA,RESOLUCION,No 000113-2024-SUNAT/800000,Designan Fedatarios Administrativos de la Intendencia de Tributos Internos Tacna,https://epdoc2.elperuano.pe/EpPo/DescargaINDA.asp?Referencias=NDNZQllCWUJZQkxIVkJZQlRNTEhZQkxIOVdfX1ZCVE1XVlhDWVhMSExI,20240630
20240620,2291333-1,INSTITUCIONES EDUCATIVAS,RESOLUCION,No 13157-2024-UNJBG,Autorizan viaje de docente de la Universidad Nacional Jorge Basadre Grohmann a Espana en comision de servicios,https://epdoc2.elperuano.pe/EpPo/DescargaINDA.asp?Referencias=NDNZQllCWUJZQkxIVkJZQlRNTEhZQkxIOVdfX1M4UzhTODlXWVhMSExI,20240630
20240620,2299318-1,INSTITUCIONES EDUCATIVAS,RESOLUCION,No 00131-2024-UNTELS-R,Autorizan ampliacion de facultades a favor del Director General de Administracion de la Universidad Nacional Tecnologica de Lima Sur para resolver mediante Resoluciones Directorales en materia de Contrataciones del Estado y Administrativa,https://epdoc2.elperuano.pe/EpPo/DescargaINDA.asp?Referencias=NDNZQllCWUJZQkxIVkJZQlRNTEhZQkxIOVdfX1hDOVdTOFlYWVhMSExI,20240630
20240620,2299399-1,JURADO NACIONAL DE ELECCIONES,RESOLUCION,No 0163-2024-JNE,Declaran nulidad de todo lo actuado hasta la citacion dirigida a regidor del Concejo Distrital de San Isidro provincia y departamento de Lima,https://epdoc2.elperuano.pe/EpPo/DescargaINDA.asp?Referencias=NDNZQllCWUJZQkxIVkJZQlRNTEhZQkxIOVdfX1lYWVhTOFlYWVhMSExI,20240630
20240620,2280955-1,GOBIERNO REGIONAL DE HUANCAVELICA,ORDENANZA,No 525-GOB.REG-HVCA/CR,Aprueban la creacion del Consejo Regional de la Juventud de Huancavelica,https://epdoc2.elperuano.pe/EpPo/DescargaINDA.asp?Referencias=NDNZQllCWUJZQkxIVkJZQlRNTEhZQkxIOVdfX1VOVU5ZWFlCWENMSExI,20240630
20240620,2280962-1,GOBIERNO REGIONAL DE HUANCAVELICA,ORDENANZA,No 526-GOB.REG-HVCA/CR,Aprueban la creacion e implementacion del Consejo Regional de Cultura e Interculturalidad de la Region Huancavelica,https://epdoc2.elperuano.pe/EpPo/DescargaINDA.asp?Referencias=NDNZQllCWUJZQkxIVkJZQlRNTEhZQkxIOVdfX0xIVkJZWFlCWENMSExI,20240630
20240620,2298776-1,GOBIERNO REGIONAL DE ICA,ACUERDO,No 032-2024-GORE-ICA,Autorizan transferencia financiera a favor de la Mancomunidad Regional Huancavelica - Ica - MANRHI,https://epdoc2.elperuano.pe/EpPo/DescargaINDA.asp?Referencias=NDNZQllCWUJZQkxIVkJZQlRNTEhZQkxIOVdfX1ZCV1ZXVlhDWVhMSExI,20240630
20240620,2296031-1,MUNICIPALIDAD METROPOLITANA DE LIMA,ORDENANZA,No 2616,Ordenanza que aprueba la desafectacion de uso en el distrito de Villa Maria del Triunfo,https://epdoc2.elperuano.pe/EpPo/DescargaINDA.asp?Referencias=NDNZQllCWUJZQkxIVkJZQlRNTEhZQkxIOVdfXzlXUzhZQlZCWVhMSExI,20240630
20240620,2299782-1,MUNICIPALIDAD DE BARRANCO,Acuerdo,No 033-2024-MDB,Autorizan viaje de Alcaldesa para participar en evento a realizarse en Republica Dominicana y encargan el despacho de alcaldia a regidor,https://epdoc2.elperuano.pe/EpPo/DescargaINDA.asp?Referencias=NDNZQllCWUJZQkxIVkJZQlRNTEhZQkxIOVdfX0xIWENXVllYWVhMSExI,20240630
20240620,2299367-1,MUNICIPALIDAD DE LA MOLINA,RESOLUCION,No 392-2024/MDLM-GM,Aprueban el Manual de Clasificador de Cargos de la Municipalidad Distrital de La Molina,https://epdoc2.elperuano.pe/EpPo/DescargaINDA.asp?Referencias=NDNZQllCWUJZQkxIVkJZQlRNTEhZQkxIOVdfX1dWVkJTOFlYWVhMSExI,20240630
20240620,2298798-1,MUNICIPALIDAD DE MAGDALENA DEL MAR,DECRETO DE ALCALDIA,No 006-2024-DA-MDMM,Prorrogan plazo de vigencia de la Ordenanza No 221-2024-MDMM que establece exoneracion del pago de tasas y derechos de obtencion y/o renovacion del certificado de Inspeccion Tecnica de Seguridad en Edificaciones (ITSE) a las instituciones educativas del distrito,https://epdoc2.elperuano.pe/EpPo/DescargaINDA.asp?Referencias=NDNZQllCWUJZQkxIVkJZQlRNTEhZQkxIOVdfX1hDWVhXVlhDWVhMSExI,20240630
20240620,2298801-1,MUNICIPALIDAD DE MAGDALENA DEL MAR,DECRETO DE ALCALDIA,No 007-2024-DA-MDMM,Establecen el embanderamiento general y obligatorio en el distrito de Magdalena del Mar,https://epdoc2.elperuano.pe/EpPo/DescargaINDA.asp?Referencias=NDNZQllCWUJZQkxIVkJZQlRNTEhZQkxIOVdfXzlXWUJYQ1hDWVhMSExI,20240630
20240620,2298921-1,MUNICIPALIDAD DE MIRAFLORES,Res. Alcaldia,No 178-2024-A/MM,Designan al Gerente(a) de Secretaria General de la Municipalidad Distrital de Miraflores titular o encargado como funcionario(a) responsable de atender las solicitudes de acceso a la informacion publica,https://epdoc2.elperuano.pe/EpPo/DescargaINDA.asp?Referencias=NDNZQllCWUJZQkxIVkJZQlRNTEhZQkxIOVdfXzlXTEhZWFhDWVhMSExI,20240630
20240620,2298971-1,MUNICIPALIDAD DE PUNTA HERMOSA,ORDENANZA,No 520-MDPH,Ordenanza que declara Zona De Riesgo No Mitigable el area comprendida por el acantilado Los Altos de Kontiki,https://epdoc2.elperuano.pe/EpPo/DescargaINDA.asp?Referencias=NDNZQllCWUJZQkxIVkJZQlRNTEhZQkxIOVdfXzlXV1ZZWFhDWVhMSExI,20240630
20240620,2293519-1,MUNICIPALIDAD DE BELLAVISTA,Ordenanzas,No 05-2024-MDB,Ordenanza que declara Prioridad Publica Local de Acciones Municipales para el Desarrollo Infantil Temprano (DIT) y Aprobar la Estrategia de Gestion Territorial Primero La Infancia en el Distrito Bellavista,https://epdoc2.elperuano.pe/EpPo/DescargaINDA.asp?Referencias=NDNZQllCWUJZQkxIVkJZQlRNTEhZQkxIOVdfX1lYOVdVTlM4WVhMSExI,20240630
20240619,2299305-1,DECRETOS DE URGENCIA,DECRETO DE URGENCIA,No 011-2024,Decreto de Urgencia que dicta medidas extraordinarias en materia economica y financiera para fortalecer e implementar actividades en el marco de la Conmemoracion del Bicentenario de la Consolidacion de la Independencia del Peru,https://epdoc2.elperuano.pe/EpPo/DescargaINDA.asp?Referencias=NDNZWFlYWVhZWDlXVkJZQlRNTEhZQkxIOVdfX1VOWUJTOFlYWVhMSExI,20240630
20240619,2298797-1,PRESIDENCIA DEL CONSEJO DE MINISTROS,RESOLUCION MINISTERIAL,No 180-2024-PCM,Autorizan transferencia financiera de recursos a favor del Programa de las Naciones Unidas para el Desarrollo (PNUD) para la ejecucion del Proyecto PNUD 00099502 - ID 00102790 Gestion Social y Dialogo Multiactor,https://epdoc2.elperuano.pe/EpPo/DescargaINDA.asp?Referencias=NDNZWFlYWVhZWDlXVkJZQlRNTEhZQkxIOVdfX1dWWVhXVlhDWVhMSExI,20240630
20240619,2298815-1,PRESIDENCIA DEL CONSEJO DE MINISTROS,RESOLUCION MINISTERIAL,No 181-2024-PCM,Autorizan transferencia financiera de recursos a favor del Programa de las Naciones Unidas para el Desarrollo (PNUD) para la ejecucion del Proyecto PNUD 00087555 - ID 00094512 Acercando el Estado al Ciudadano,https://epdoc2.elperuano.pe/EpPo/DescargaINDA.asp?Referencias=NDNZWFlYWVhZWDlXVkJZQlRNTEhZQkxIOVdfX1VOOVdYQ1hDWVhMSExI,20240630
20240619,2299305-2,PRESIDENCIA DEL CONSEJO DE MINISTROS,RESOLUCION SUPREMA,No 146-2024-PCM,Autorizan viaje del Ministro de Transportes y Comunicaciones a la Republica Popular China y encargan su Despacho a la Ministra de la Mujer y Poblaciones Vulnerables,https://epdoc2.elperuano.pe/EpPo/DescargaINDA.asp?Referencias=NDNZWFlYWVhZWDlXVkJZQlRNTEhZQkxITEhfX1VOWUJTOFlYWVhMSExI,20240630
20240619,2299305-3,PRESIDENCIA DEL CONSEJO DE MINISTROS,RESOLUCION SUPREMA,No 147-2024-PCM,Autorizan viaje del Ministro de Salud a la Republica Popular China y encargan su Despacho al Ministro de Educacion,https://epdoc2.elperuano.pe/EpPo/DescargaINDA.asp?Referencias=NDNZWFlYWVhZWDlXVkJZQlRNTEhZQkxIUzhfX1VOWUJTOFlYWVhMSExI,20240630
20240619,2299513-1,PRESIDENCIA DEL CONSEJO DE MINISTROS,RESOLUCION SUPREMA,No 148-2024-PCM,Modifican el articulo 3 de la R.S. No 144-2024-PCM y encargan el Despacho de Vivienda Construccion y Saneamiento al Ministro del Interior,https://epdoc2.elperuano.pe/EpPo/DescargaINDA.asp?Referencias=NDNZWFlYWVhZWDlXVkJZQlRNTEhZQkxIOVdfX1M4OVdVTllYWVhMSExI,20240630
20240619,2299513-2,PRESIDENCIA DEL CONSEJO DE MINISTROS,RESOLUCION SUPREMA,No 149-2024-PCM,Autorizan viaje del Ministro de Relaciones Exteriores a la Republica Popular China y a Panama y encargan su Despacho al Ministro de Trabajo y Promocion del Empleo,https://epdoc2.elperuano.pe/EpPo/DescargaINDA.asp?Referencias=NDNZWFlYWVhZWDlXVkJZQlRNTEhZQkxITEhfX1M4OVdVTllYWVhMSExI,20240630
20240619,2298989-1,COMERCIO EXTERIOR Y TURISMO,RESOLUCION MINISTERIAL,No 177-2024-MINCETUR,Aprueban la incorporacion de un (01) requerimiento de informacion a modo de servicio de la Direccion General de Salud Ambiental e Inocuidad Alimentaria (DIGESA) del Ministerio de Salud para su tramite a traves del Componente Mercancias Restringidas de la Ventanilla unica de Comercio Exterior del Ministerio de Comercio Exterior y Turismo,https://epdoc2.elperuano.pe/EpPo/DescargaINDA.asp?Referencias=NDNZWFlYWVhZWDlXVkJZQlRNTEhZQkxIOVdfX1lYWENZWFhDWVhMSExI,20240630
20240619,2298931-1,COMERCIO EXTERIOR Y TURISMO,RESOLUCION VICE MINISTERIAL,No 0024-2024-MINCETUR/VMT,Otorgan el reconocimiento como Pueblo con Encanto al Pueblo de Quinua ubicado en el distrito de Quinua provincia de Huamanga departamento de Ayacucho,https://epdoc2.elperuano.pe/EpPo/DescargaINDA.asp?Referencias=NDNZWFlYWVhZWDlXVkJZQlRNTEhZQkxIOVdfXzlXUzhZWFhDWVhMSExI,20240630
20240619,2298968-1,CULTURA,RESOLUCION MINISTERIAL,No 000234-2024-MC,Modifican la R.M. No 000522-2023-MC sobre delegacion de facultades en el/la Secretario/a General del Ministerio de Cultura durante el Ejercicio Fiscal 2024,https://epdoc2.elperuano.pe/EpPo/DescargaINDA.asp?Referencias=NDNZWFlYWVhZWDlXVkJZQlRNTEhZQkxIOVdfX1hDVkJZWFhDWVhMSExI,20240630
20240619,2298707-1,CULTURA,RESOLUCION VICE MINISTERIAL,No 000159-2024-VMPCIC/MC,Modifican la Resolucion Directoral Nacional No 057/INC en lo referente a la clasificacion de bien inmueble prehispanico,https://epdoc2.elperuano.pe/EpPo/DescargaINDA.asp?Referencias=NDNZWFlYWVhZWDlXVkJZQlRNTEhZQkxIOVdfX1dWWUJXVlhDWVhMSExI,20240630
20240619,2298530-1,DEFENSA,RESOLUCION MINISTERIAL,No 00604-2024-DE,Autorizan viaje de oficiales de la Marina de Guerra del Peru a Colombia en comision de servicios,https://epdoc2.elperuano.pe/EpPo/DescargaINDA.asp?Referencias=NDNZWFlYWVhZWDlXVkJZQlRNTEhZQkxIOVdfX1lCUzhVTlhDWVhMSExI,20240630
20240619,2298574-1,DEFENSA,RESOLUCION MINISTERIAL,No 00602-2024-DE,Autorizan viaje de oficiales de la Marina de Guerra del Peru a la Republica Francesa en comision de servicios,https://epdoc2.elperuano.pe/EpPo/DescargaINDA.asp?Referencias=NDNZWFlYWVhZWDlXVkJZQlRNTEhZQkxIOVdfX1RNV1ZVTlhDWVhMSExI,20240630
20240619,2299103-1,DESARROLLO E INCLUSIoN SOCIAL,RESOLUCION MINISTERIAL,No D000087-2024-MIDIS,Designan Asesor del Despacho Ministerial,https://epdoc2.elperuano.pe/EpPo/DescargaINDA.asp?Referencias=NDNZWFlYWVhZWDlXVkJZQlRNTEhZQkxIOVdfX1M4WUI5V1lYWVhMSExI,20240630
20240619,2299111-1,DESARROLLO E INCLUSIoN SOCIAL,RESOLUCION MINISTERIAL,No D000088-2024-MIDIS,Designan Jefa de la Oficina General de Cooperacion y Asuntos Internacionales,https://epdoc2.elperuano.pe/EpPo/DescargaINDA.asp?Referencias=NDNZWFlYWVhZWDlXVkJZQlRNTEhZQkxIOVdfXzlXOVc5V1lYWVhMSExI,20240630
20240619,2298966-1,ECONOMIA Y FINANZAS,RESOLUCION MINISTERIAL,No 208-2024-EF/50,Resolucion Ministerial que aprueba los indices de distribucion del Canon Gasifero proveniente del Impuesto a la Renta correspondiente al Ejercicio Fiscal 2023,https://epdoc2.elperuano.pe/EpPo/DescargaINDA.asp?Referencias=NDNZWFlYWVhZWDlXVkJZQlRNTEhZQkxIOVdfX1ZCVkJZWFhDWVhMSExI,20240630
20240619,2299006-1,EDUCACION,RESOLUCION MINISTERIAL,No 303-2024-MINEDU,Aprueban la Politica del Sistema de Gestion Antisoborno y del Sistema de Gestion de Cumplimiento del Ministerio de Educacion (Politica del Sistema Integrado de Gestion),https://epdoc2.elperuano.pe/EpPo/DescargaINDA.asp?Referencias=NDNZWFlYWVhZWDlXVkJZQlRNTEhZQkxIOVdfX1ZCWUJZQllYWVhMSExI,20240630
20240619,2299041-1,EDUCACION,RESOLUCION MINISTERIAL,No 304-2024-MINEDU,Autorizan Transferencia Financiera a favor de la Contraloria General de la Republica,https://epdoc2.elperuano.pe/EpPo/DescargaINDA.asp?Referencias=NDNZWFlYWVhZWDlXVkJZQlRNTEhZQkxIOVdfXzlXVE1ZQllYWVhMSExI,20240630
20240619,2299089-1,PRODUCE,RESOLUCION JEFATURAL,No 000039-2024-FONDEPES/J,Designan Asesor I de la Jefatura del FONDEPES,https://epdoc2.elperuano.pe/EpPo/DescargaINDA.asp?Referencias=NDNZWFlYWVhZWDlXVkJZQlRNTEhZQkxIOVdfX1lYWENZQllYWVhMSExI,20240630
20240619,2299099-1,SALUD,RESOLUCION MINISTERIAL,No 429-2024/MINSA,Modifican la NTS No 213-MINSA/DGIESP-2024 Norma Tecnica de Salud: Prevencion y control de la anemia por deficiencia de hierro en el nino y la nina adolescentes mujeres en edad fertil gestantes y puerperas,https://epdoc2.elperuano.pe/EpPo/DescargaINDA.asp?Referencias=NDNZWFlYWVhZWDlXVkJZQlRNTEhZQkxIOVdfX1lYWVhZQllYWVhMSExI,20240630
20240619,2299100-1,SALUD,RESOLUCION MINISTERIAL,No 430-2024/MINSA,Aprueban la Directiva Sanitaria que establece los Procedimientos del Manual del Donante de Celulas Progenitoras Hematopoyeticas - CPH,https://epdoc2.elperuano.pe/EpPo/DescargaINDA.asp?Referencias=NDNZWFlYWVhZWDlXVkJZQlRNTEhZQkxIOVdfX1lCWUI5V1lYWVhMSExI,20240630
20240619,2297865-1,TRANSPORTES Y COMUNICACIONES,RESOLUCION DIRECTORAL,No 0344-2024 -MTC/17.03,Autorizan a CORPORACION SOLPE S.A.C. para operar como Centro de Inspeccion Tecnica Vehicular Fijo en local ubicado en el distrito de San Martin de Porres provincia y departamento de Lima,https://epdoc2.elperuano.pe/EpPo/DescargaINDA.asp?Referencias=NDNZWFlYWVhZWDlXVkJZQlRNTEhZQkxIOVdfX1VOVkJYQ1dWWVhMSExI,20240630
20240619,2298981-1,TRANSPORTES Y COMUNICACIONES,RESOLUCION MINISTERIAL,No 323-2024-MTC/01.02,Autorizan viaje de inspector de la Direccion General de Aeronautica Civil a los Estados Unidos de America en comision de servicios,https://epdoc2.elperuano.pe/EpPo/DescargaINDA.asp?Referencias=NDNZWFlYWVhZWDlXVkJZQlRNTEhZQkxIOVdfXzlXWENZWFhDWVhMSExI,20240630
20240619,2299112-1,TRANSPORTES Y COMUNICACIONES,RESOLUCION VICE MINISTERIAL,No 0085-2024-MTC/03,Disponen la publicacion de proyecto de Resolucion Viceministerial que modifica la Resolucion Viceministerial No 182-2004-MTC/03 que aprueba Planes de Canalizacion y Asignacion de Frecuencias para la banda UHF de localidades del departamento de Lima en el Portal Institucional del Ministerio,https://epdoc2.elperuano.pe/EpPo/DescargaINDA.asp?Referencias=NDNZWFlYWVhZWDlXVkJZQlRNTEhZQkxIOVdfX0xIOVc5V1lYWVhMSExI,20240630
20240619,2298958-1,ARCHIVO GENERAL DE LA NACION,RESOLUCION JEFATURAL,No 000153-2024-AGN/JEF,Designan jefe de la Unidad Funcional de Abastecimiento y Control Patrimonial dependiente de la Oficina de Administracion,https://epdoc2.elperuano.pe/EpPo/DescargaINDA.asp?Referencias=NDNZWFlYWVhZWDlXVkJZQlRNTEhZQkxIOVdfX1hDVU5ZWFhDWVhMSExI,20240630
20240619,2298964-1,ARCHIVO GENERAL DE LA NACION,RESOLUCION JEFATURAL,No 000152-2024-AGN/JEF,Designan asesor de la Secretaria General del Archivo General de la Nacion y le asignan funciones de jefe de la Unidad Funcional de Recursos Humanos,https://epdoc2.elperuano.pe/EpPo/DescargaINDA.asp?Referencias=NDNZWFlYWVhZWDlXVkJZQlRNTEhZQkxIOVdfX1RNVkJZWFhDWVhMSExI,20240630
20240619,2298785-1,BIBLIOTECA NACIONAL DEL PERU,RESOLUCION JEFATURAL,No 000058-2024-BNP,Aprueban el Lineamiento denominado Condiciones basicas para la implementacion de bibliotecas publicas,https://epdoc2.elperuano.pe/EpPo/DescargaINDA.asp?Referencias=NDNZWFlYWVhZWDlXVkJZQlRNTEhZQkxIOVdfX1VOWENXVlhDWVhMSExI,20240630
20240619,2298972-1,BIBLIOTECA NACIONAL DEL PERU,RESOLUCION JEFATURAL,No 000062-2024-BNP,Designan Jefe de la Oficina de Administracion de la Biblioteca Nacional del Peru,https://epdoc2.elperuano.pe/EpPo/DescargaINDA.asp?Referencias=NDNZWFlYWVhZWDlXVkJZQlRNTEhZQkxIOVdfX0xIV1ZZWFhDWVhMSExI,20240630
20240619,2298334-1,INSTITUTO NACIONAL DE DEFENSA DE LA COMPETENCIA Y DE LA PROTECCION DE LA PROPIEDAD INTELECTUAL,RESOLUCION,No 0082-2024/SDC-INDECOPI,Confirman la Resolucion No 056-2023/CDB-INDECOP a traves de la cual la Comision de Dumping Subsidios y Eliminacion de Barreras Comerciales No Arancelarias determino ampliar los derechos antidumping definitivos impuestos mediante Resolucion No 293-2021/CDB-INDECOPI sobre las importaciones de cierres y sus partes originarios de la Republica Popular China a las importaciones de cierres de cremallera y sus partes procedentes de Malasia y de Taiwan sean o no declarados originarios de Malasia y de Taiwan,https://epdoc2.elperuano.pe/EpPo/DescargaINDA.asp?Referencias=NDNZWFlYWVhZWDlXVkJZQlRNTEhZQkxIOVdfX1RNUzhTOFhDWVhMSExI,20240630
20240619,2298806-1,INSTITUTO NACIONAL DE DEFENSA DE LA COMPETENCIA Y DE LA PROTECCION DE LA PROPIEDAD INTELECTUAL,RESOLUCION,No 000108-2024-GEG/INDECOPI,Designan Directora de la Direccion de la Autoridad Nacional de Proteccion del Consumidor del INDECOPI,https://epdoc2.elperuano.pe/EpPo/DescargaINDA.asp?Referencias=NDNZWFlYWVhZWDlXVkJZQlRNTEhZQkxIOVdfX1ZCWUJYQ1hDWVhMSExI,20240630
20240619,2299097-1,INSTITUTO NACIONAL DE DEFENSA DE LA COMPETENCIA Y DE LA PROTECCION DE LA PROPIEDAD INTELECTUAL,RESOLUCION,No 000109-2024-GEG/INDECOPI,Designan Subjefa de la Comision de Eliminacion de Barreras Burocraticas del INDECOPI,https://epdoc2.elperuano.pe/EpPo/DescargaINDA.asp?Referencias=NDNZWFlYWVhZWDlXVkJZQlRNTEhZQkxIOVdfX1dWWVhZQllYWVhMSExI,20240630
20240619,2299081-1,INSTITUTO NACIONAL DE ESTADISTICA E INFORMATICA,RESOLUCION JEFATURAL,No 158-2024-INEI,Aprueban indices Unificados de Precios de la Construccion para las seis (6) areas Geograficas correspondientes al mes de mayo de 2024,https://epdoc2.elperuano.pe/EpPo/DescargaINDA.asp?Referencias=NDNZWFlYWVhZWDlXVkJZQlRNTEhZQkxIOVdfXzlXWENZQllYWVhMSExI,20240630
20240619,2299083-1,INSTITUTO NACIONAL DE ESTADISTICA E INFORMATICA,RESOLUCION JEFATURAL,No 159-2024-INEI,Aprueban Factores de Reajuste aplicables a las obras de edificacion correspondientes a las seis (6) areas Geograficas para las Obras del Sector Privado producidas en el mes de mayo de 2024,https://epdoc2.elperuano.pe/EpPo/DescargaINDA.asp?Referencias=NDNZWFlYWVhZWDlXVkJZQlRNTEhZQkxIOVdfX1M4WENZQllYWVhMSExI,20240630
20240619,2298994-1,ORGANISMO DE EVALUACION Y FISCALIZACION AMBIENTAL,RESOLUCION,No 00005-2024-OEFA/CD,Formalizan inclusion de diversos distritos dentro del ambito geografico de intervencion de las Oficinas Desconcentradas de Apurimac Junin La Libertad Moquegua San Martin Ucayali y del Valle de los rios Apurimac Ene y Mantaro (VRAEM) y de la Oficina de Enlace de La Convencion de la Oficina Desconcentrada de Cusco,https://epdoc2.elperuano.pe/EpPo/DescargaINDA.asp?Referencias=NDNZWFlYWVhZWDlXVkJZQlRNTEhZQkxIOVdfX1RNWVhZWFhDWVhMSExI,20240630
20240619,2299037-1,SERVICIO NACIONAL DE AREAS NATURALES PROTEGIDAS POR EL ESTADO,FE DE ERRATA,Res. No 000115-2024-SERNANP/J-SGD,FE DE ERRATA,https://epdoc2.elperuano.pe/EpPo/DescargaINDA.asp?Referencias=NDNZWFlYWVhZWDlXVkJZQlRNTEhZQkxIOVdfX1dWUzhZQllYWVhMSExI,20240630
20240619,2299084-1,MINISTERIO PUBLICO,FE DE ERRATA,Res. No 1366-2024-MP-FN,FE DE ERRATA,https://epdoc2.elperuano.pe/EpPo/DescargaINDA.asp?Referencias=NDNZWFlYWVhZWDlXVkJZQlRNTEhZQkxIOVdfX1RNWENZQllYWVhMSExI,20240630
20240619,2298990-1,MINISTERIO PUBLICO,RESOLUCION,No 1419-2024-MP-FN,Resuelven no ratificar en el cargo a procurador publico del Ministerio Publico,https://epdoc2.elperuano.pe/EpPo/DescargaINDA.asp?Referencias=NDNZWFlYWVhZWDlXVkJZQlRNTEhZQkxIOVdfX1lCWVhZWFhDWVhMSExI,20240630
20240619,2298991-1,MINISTERIO PUBLICO,RESOLUCION,No 1420-2024-MP-FN,Resuelven no ratificar en el cargo a procurador publico adjunto del Ministerio Publico,https://epdoc2.elperuano.pe/EpPo/DescargaINDA.asp?Referencias=NDNZWFlYWVhZWDlXVkJZQlRNTEhZQkxIOVdfXzlXWVhZWFhDWVhMSExI,20240630
20240619,2299095-1,GOBIERNO REGIONAL DE ANCASH,RESOLUCION DIRECTORAL,No 059-2024-GRA-DRA/DTPRCCyTE,Reconocen la existencia legal y personeria juridica de la Comunidad Campesina BERNA PUQUIO ubicada en los distritos de Culebras Huarmey de la provincia de Huarmey departamento de Ancash,https://epdoc2.elperuano.pe/EpPo/DescargaINDA.asp?Referencias=NDNZWFlYWVhZWDlXVkJZQlRNTEhZQkxIOVdfX1VOWVhZQllYWVhMSExI,20240630
20240619,2283422-1,GOBIERNO REGIONAL DE HUANCAVELICA,ACUERDO,No 304-2023-GOB.REG.HVCA/CR,Aprueban la programacion formulacion y aprobacion del Presupuesto Institucional de Apertura del Gobierno Regional de Huancavelica para el Ano Fiscal 2024,https://epdoc2.elperuano.pe/EpPo/DescargaINDA.asp?Referencias=NDNZWFlYWVhZWDlXVkJZQlRNTEhZQkxIOVdfX0xITEhUTVM4WENMSExI,20240630
20240619,2283432-1,GOBIERNO REGIONAL DE HUANCAVELICA,ORDENANZA,No 515-GOB.REG-HVCA/CR,Aprueban la creacion del Fondo Social Huancavelica,https://epdoc2.elperuano.pe/EpPo/DescargaINDA.asp?Referencias=NDNZWFlYWVhZWDlXVkJZQlRNTEhZQkxIOVdfX0xIUzhUTVM4WENMSExI,20240630
20240619,2299122-1,GOBIERNO REGIONAL DE LAMBAYEQUE,RESOLUCION,No 000299-2024-GR.LAMB/GR [515416577 - 1],Aprueban Transferencia Financiera a favor de diversos pliegos de gobiernos locales,https://epdoc2.elperuano.pe/EpPo/DescargaINDA.asp?Referencias=NDNZWFlYWVhZWDlXVkJZQlRNTEhZQkxIOVdfX0xITEg5V1lYWVhMSExI,20240630
20240619,2298583-1,MUNICIPALIDAD METROPOLITANA DE LIMA,ORDENANZA,No 2625,Ordenanza que regula el funcionamiento de los servicios infantiles de cuidado diurno de la Municipalidad Metropolitana de Lima,https://epdoc2.elperuano.pe/EpPo/DescargaINDA.asp?Referencias=NDNZWFlYWVhZWDlXVkJZQlRNTEhZQkxIOVdfX1M4WENVTlhDWVhMSExI,20240630
20240619,2298585-1,MUNICIPALIDAD METROPOLITANA DE LIMA,ORDENANZA,No 2626,Ordenanza que aprueba la rectificacion del plano de zonificacion del distrito de Chorrillos,https://epdoc2.elperuano.pe/EpPo/DescargaINDA.asp?Referencias=NDNZWFlYWVhZWDlXVkJZQlRNTEhZQkxIOVdfX1VOWENVTlhDWVhMSExI,20240630
20240619,2298587-1,MUNICIPALIDAD METROPOLITANA DE LIMA,ORDENANZA,No 2628,Ordenanza que modifica el Reglamento Interior del Concejo Metropolitano de Lima aprobado con Ordenanza No 571,https://epdoc2.elperuano.pe/EpPo/DescargaINDA.asp?Referencias=NDNZWFlYWVhZWDlXVkJZQlRNTEhZQkxIOVdfX1dWWENVTlhDWVhMSExI,20240630
20240619,2297036-1,MUNICIPALIDAD DE PUNTA NEGRA,Ordenanzas,No 024-2024/MDPN,Ordenanza que aprueba el Reglamento del Proceso de Eleccion de los Representantes de la Sociedad Civil ante el Consejo de Coordinacion Local Distrital (CCLD) del Distrito de Punta Negra (2024-2026),https://epdoc2.elperuano.pe/EpPo/DescargaINDA.asp?Referencias=NDNZWFlYWVhZWDlXVkJZQlRNTEhZQkxIOVdfX1ZCUzhZQldWWVhMSExI,20240630
20240619,2298521-1,MUNICIPALIDAD DE SANTA ANITA,ORDENANZA,No 00354/MDSA,Ordenanza que regula la prevencion y el control del Dengue Chikungunya y Zika en el distrito de Santa Anita,https://epdoc2.elperuano.pe/EpPo/DescargaINDA.asp?Referencias=NDNZWFlYWVhZWDlXVkJZQlRNTEhZQkxIOVdfXzlXTEhVTlhDWVhMSExI,20240630
20240618,2298697-1,CONGRESO DE LA REPUBLICA,LEY,No 32062,Ley que autoriza a la Municipalidad Distrital de Wanchaq la expropiacion de los predios con Partida Registral 11004604 02027521 02028527 y Partida Matriz 11002524 As.38 para el saneamiento fisico-legal de las obras publicas del Parque Ecologico Marcavalle,https://epdoc2.elperuano.pe/EpPo/DescargaINDA.asp?Referencias=NDNYQ1hDWENYQzlXVkJZQlRNTEhZQkxIOVdfX1dWWVhWQlhDWVhMSExI,20240630
20240618,2298700-1,CONGRESO DE LA REPUBLICA,LEY,No 32063,Ley que modifica la Ley 27037 Ley de Promocion de la Inversion en la Amazonia a fin de precisar los requisitos y las excepciones aplicables para exoneraciones y beneficios,https://epdoc2.elperuano.pe/EpPo/DescargaINDA.asp?Referencias=NDNYQ1hDWENYQzlXVkJZQlRNTEhZQkxIOVdfX1lCWUJXVlhDWVhMSExI,20240630
20240618,2298702-1,CONGRESO DE LA REPUBLICA,LEY,No 32064,Ley que garantiza la autonomia y profesionalizacion de la carrera del auditor gubernamental,https://epdoc2.elperuano.pe/EpPo/DescargaINDA.asp?Referencias=NDNYQ1hDWENYQzlXVkJZQlRNTEhZQkxIOVdfX0xIWUJXVlhDWVhMSExI,20240630
20240618,2298691-1,PRESIDENCIA DEL CONSEJO DE MINISTROS,FE DE ERRATA,R.J. No 082-2024-ANIN/JEF,FE DE ERRATA,https://epdoc2.elperuano.pe/EpPo/DescargaINDA.asp?Referencias=NDNYQ1hDWENYQzlXVkJZQlRNTEhZQkxIOVdfXzlXWVhWQlhDWVhMSExI,20240630
20240618,2298358-1,PRESIDENCIA DEL CONSEJO DE MINISTROS,RESOLUCION,No 14-2024-PCM/SD,Crean la Mesa Tecnica para el Desarrollo Integral de la provincia de Vilcas Huaman del departamento de Ayacucho,https://epdoc2.elperuano.pe/EpPo/DescargaINDA.asp?Referencias=NDNYQ1hDWENYQzlXVkJZQlRNTEhZQkxIOVdfX1hDVU5TOFhDWVhMSExI,20240630
20240618,2298667-1,PRESIDENCIA DEL CONSEJO DE MINISTROS,RESOLUCION MINISTERIAL,No 179-2024-PCM,Designan Jefe de Oficina I de la Oficina de Relaciones Nacionales e Internacionales,https://epdoc2.elperuano.pe/EpPo/DescargaINDA.asp?Referencias=NDNYQ1hDWENYQzlXVkJZQlRNTEhZQkxIOVdfX1dWVkJWQlhDWVhMSExI,20240630
20240618,2299114-1,PRESIDENCIA DEL CONSEJO DE MINISTROS,RESOLUCION SUPREMA,No 144-2024-PCM,Autorizan viaje de Ministra de Vivienda Construccion y Saneamiento a la Republica Popular China y encargan su Despacho al Ministro de Trabajo y Promocion del Empleo,https://epdoc2.elperuano.pe/EpPo/DescargaINDA.asp?Referencias=NDNYQ1hDWENYQzlXVkJZQlRNTEhZQkxIOVdfX1RNOVc5V1lYWVhMSExI,20240630
20240618,2299114-2,PRESIDENCIA DEL CONSEJO DE MINISTROS,RESOLUCION SUPREMA,No 145-2024-PCM,Autorizan viaje del Ministro de Economia y Finanzas a la Republica Popular China y encargan su Despacho a la Ministra de Cultura,https://epdoc2.elperuano.pe/EpPo/DescargaINDA.asp?Referencias=NDNYQ1hDWENYQzlXVkJZQlRNTEhZQkxITEhfX1RNOVc5V1lYWVhMSExI,20240630
20240618,2298281-1,COMERCIO EXTERIOR Y TURISMO,RESOLUCION MINISTERIAL,No 174-2024-MINCETUR,Designan Director General de la Direccion General de Juegos de Casino y Maquinas Tragamonedas,https://epdoc2.elperuano.pe/EpPo/DescargaINDA.asp?Referencias=NDNYQ1hDWENYQzlXVkJZQlRNTEhZQkxIOVdfXzlXWENMSFhDWVhMSExI,20240630
20240618,2298277-1,DEFENSA,RESOLUCION JEFATURAL,No 065-2024-JEINS-CONIDA,Designan Oficial de Seguridad y Confianza Digital de la Agencia Espacial del Peru - CONIDA,https://epdoc2.elperuano.pe/EpPo/DescargaINDA.asp?Referencias=NDNYQ1hDWENYQzlXVkJZQlRNTEhZQkxIOVdfX1dWV1ZMSFhDWVhMSExI,20240630
20240618,2298537-1,DEFENSA,RESOLUCION MINISTERIAL,No 00603-2024-DE,Autorizan viaje de personal naval a EE.UU. en comision de servicios,https://epdoc2.elperuano.pe/EpPo/DescargaINDA.asp?Referencias=NDNYQ1hDWENYQzlXVkJZQlRNTEhZQkxIOVdfX1dWUzhVTlhDWVhMSExI,20240630
20240618,2298601-1,DEFENSA,RESOLUCION MINISTERIAL,No 00605-2024-DE,Autorizan viaje de oficial de la Marina de Guerra del Peru a Suecia en mision de estudios,https://epdoc2.elperuano.pe/EpPo/DescargaINDA.asp?Referencias=NDNYQ1hDWENYQzlXVkJZQlRNTEhZQkxIOVdfXzlXWUJWQlhDWVhMSExI,20240630
20240618,2298609-1,DEFENSA,RESOLUCION MINISTERIAL,No 00606-2024-DE,Autorizan viaje de oficial de la Fuerza Aerea del Peru a EE.UU. en mision de estudios,https://epdoc2.elperuano.pe/EpPo/DescargaINDA.asp?Referencias=NDNYQ1hDWENYQzlXVkJZQlRNTEhZQkxIOVdfX1lYWUJWQlhDWVhMSExI,20240630
20240618,2298649-1,DEFENSA,RESOLUCION MINISTERIAL,No 00609-2024-DE,Nombran en Mision Diplomatica a personal militar de la Fuerza Aerea del Peru,https://epdoc2.elperuano.pe/EpPo/DescargaINDA.asp?Referencias=NDNYQ1hDWENYQzlXVkJZQlRNTEhZQkxIOVdfX1lYVE1WQlhDWVhMSExI,20240630
20240618,2298714-1,DEFENSA,RESOLUCION MINISTERIAL,No 00612-2024-DE,Designan Asesor II de la Secretaria General del Ministerio,https://epdoc2.elperuano.pe/EpPo/DescargaINDA.asp?Referencias=NDNYQ1hDWENYQzlXVkJZQlRNTEhZQkxIOVdfX1RNOVdXVlhDWVhMSExI,20240630
20240618,2298385-1,DESARROLLO AGRARIO Y RIEGO,RESOLUCION JEFATURAL,No 092-2024-INIA,Designan Director de la Estacion Experimental Agraria Los Cedros del INIA,https://epdoc2.elperuano.pe/EpPo/DescargaINDA.asp?Referencias=NDNYQ1hDWENYQzlXVkJZQlRNTEhZQkxIOVdfX1VOWENTOFhDWVhMSExI,20240630
20240618,2298698-1,ECONOMIA Y FINANZAS,ANEXO,D.S. No 106-2024-EF,Anexo del D.S. No 106-2024-EF que aprueba nuevas disposiciones relativas al metodo para determinar el monto de percepcion del Impuesto General a las Ventas tratandose de la importacion de bienes considerados mercancias sensibles al fraude,https://epdoc2.elperuano.pe/EpPo/DescargaINDA.asp?Referencias=NDNYQ1hDWENYQzlXVkJZQlRNTEhZQkxIOVdfX1hDWVhWQlhDWVhMSExI,20240630
20240618,2298697-2,ECONOMIA Y FINANZAS,DECRETO SUPREMO,No 107-2024-EF,Decreto Supremo que aprueba la formalizacion de los Creditos Suplementarios del Primer Trimestre del Ano Fiscal 2024 en el presupuesto consolidado de las empresas y organismos publicos de los gobiernos regionales y gobiernos locales,https://epdoc2.elperuano.pe/EpPo/DescargaINDA.asp?Referencias=NDNYQ1hDWENYQzlXVkJZQlRNTEhZQkxITEhfX1dWWVhWQlhDWVhMSExI,20240630
20240618,2298697-3,ECONOMIA Y FINANZAS,DECRETO SUPREMO,No 108-2024-EF,Aprueban disposiciones para precisar la oportunidad para la distribucion del canon a realizarse a partir del periodo fiscal 2024 proveniente del Impuesto a la Renta de los contribuyentes comprendidos en la Ley No 31940 Ley que amplia el plazo para la presentacion de declaracion jurada anual y pago del Impuesto a la Renta (IR) de las personas naturales y de las Micro y Pequenas Empresas (MYPE) y dictan otras disposiciones,https://epdoc2.elperuano.pe/EpPo/DescargaINDA.asp?Referencias=NDNYQ1hDWENYQzlXVkJZQlRNTEhZQkxIUzhfX1dWWVhWQlhDWVhMSExI,20240630
20240618,2298435-1,ECONOMIA Y FINANZAS,RESOLUCION DIRECTORAL,No 0025-2024-EF/50.01,Aprueban resultados finales del cumplimiento de los indicadores del Tramo I comprendidos en la medicion del mes de marzo del Incentivo Presupuestario para el Sector Salud (IP Salud) del ano 2024,https://epdoc2.elperuano.pe/EpPo/DescargaINDA.asp?Referencias=NDNYQ1hDWENYQzlXVkJZQlRNTEhZQkxIOVdfX1VOUzhUTVhDWVhMSExI,20240630
20240618,2298769-1,ECONOMIA Y FINANZAS,RESOLUCION MINISTERIAL,No 206-2024-EF/49,Designan Director de la Direccion General de Programacion Multianual de Inversiones,https://epdoc2.elperuano.pe/EpPo/DescargaINDA.asp?Referencias=NDNYQ1hDWENYQzlXVkJZQlRNTEhZQkxIOVdfX1lYVkJXVlhDWVhMSExI,20240630
20240618,2298772-1,ECONOMIA Y FINANZAS,RESOLUCION MINISTERIAL,No 207-2024-EF/49,Designan Directora de la Direccion de Normatividad de la Direccion General de Programacion Multianual de Inversiones,https://epdoc2.elperuano.pe/EpPo/DescargaINDA.asp?Referencias=NDNYQ1hDWENYQzlXVkJZQlRNTEhZQkxIOVdfX0xIV1ZXVlhDWVhMSExI,20240630
20240618,2282803-1,ENERGIA Y MINAS,RESOLUCION MINISTERIAL,No 168-2024-MINEM/DM,Establecen servidumbre permanente de electroducto para la Linea de Transmision en 60 kV S.E. Catacaos - S.E. Santa Regina a favor de la concesion definitiva de transmision de energia electrica de la que es titular la Empresa Transmisora Electrica Catacaos S.A.C.,https://epdoc2.elperuano.pe/EpPo/DescargaINDA.asp?Referencias=NDNYQ1hDWENYQzlXVkJZQlRNTEhZQkxIOVdfX1M4WUJYQ0xIWENMSExI,20240630
20240618,2298635-1,ENERGIA Y MINAS,RESOLUCION MINISTERIAL,No 248-2024-MINEM/DM,Designan Director General de la Direccion General de Asuntos Ambientales de Hidrocarburos,https://epdoc2.elperuano.pe/EpPo/DescargaINDA.asp?Referencias=NDNYQ1hDWENYQzlXVkJZQlRNTEhZQkxIOVdfX1VOUzhWQlhDWVhMSExI,20240630
20240618,2298638-1,ENERGIA Y MINAS,RESOLUCION MINISTERIAL,No 249-2024-MINEM/DM,Autorizan transferencia financiera a favor del Gobierno Regional de Amazonas,https://epdoc2.elperuano.pe/EpPo/DescargaINDA.asp?Referencias=NDNYQ1hDWENYQzlXVkJZQlRNTEhZQkxIOVdfX1hDUzhWQlhDWVhMSExI,20240630
20240618,2298640-1,ENERGIA Y MINAS,RESOLUCION MINISTERIAL,No 250-2024-MINEM/DM,Autorizan transferencia financiera a favor del Gobierno Regional de San Martin,https://epdoc2.elperuano.pe/EpPo/DescargaINDA.asp?Referencias=NDNYQ1hDWENYQzlXVkJZQlRNTEhZQkxIOVdfX1lCVE1WQlhDWVhMSExI,20240630
20240618,2298182-1,INTERIOR,RESOLUCION MINISTERIAL,No 0796-2024-IN,Designan Director General de la Oficina General de Planeamiento y Presupuesto del Ministerio,https://epdoc2.elperuano.pe/EpPo/DescargaINDA.asp?Referencias=NDNYQ1hDWENYQzlXVkJZQlRNTEhZQkxIOVdfX0xIWEM5V1hDWVhMSExI,20240630
20240618,2298572-1,INTERIOR,RESOLUCION MINISTERIAL,No 0806-2024-IN,Designan Director General de la Oficina General de Infraestructura del Ministerio,https://epdoc2.elperuano.pe/EpPo/DescargaINDA.asp?Referencias=NDNYQ1hDWENYQzlXVkJZQlRNTEhZQkxIOVdfX0xIV1ZVTlhDWVhMSExI,20240630
20240618,2298581-1,JUSTICIA Y DERECHOS HUMANOS,RESOLUCION MINISTERIAL,No 0148-2024-JUS,Designan Directora de la Direccion de Conciliacion Extrajudicial y Mecanismos Alternativos de Solucion de Conflictos,https://epdoc2.elperuano.pe/EpPo/DescargaINDA.asp?Referencias=NDNYQ1hDWENYQzlXVkJZQlRNTEhZQkxIOVdfXzlXWENVTlhDWVhMSExI,20240630
20240618,2298697-4,JUSTICIA Y DERECHOS HUMANOS,RESOLUCION SUPREMA,No 156-2024-JUS,Reconocen para todos los efectos civiles a Obispo de la Diocesis de Huanuco,https://epdoc2.elperuano.pe/EpPo/DescargaINDA.asp?Referencias=NDNYQ1hDWENYQzlXVkJZQlRNTEhZQkxIVE1fX1dWWVhWQlhDWVhMSExI,20240630
20240618,2298688-1,MUJER Y POBLACIONES VULNERABLES,RESOLUCION,No D000119-2024-CONADIS-PRE,Aprueban el Texto Integrado del Reglamento de Organizacion y Funciones del Consejo Nacional para la Integracion de la Persona con Discapacidad,https://epdoc2.elperuano.pe/EpPo/DescargaINDA.asp?Referencias=NDNYQ1hDWENYQzlXVkJZQlRNTEhZQkxIOVdfX1hDWENWQlhDWVhMSExI,20240630
20240618,2298626-1,PRODUCE,RESOLUCION JEFATURAL,No 000038-2024-FONDEPES/J,Designan Director de la Direccion General de Proyectos y Gestion Financiera para el Desarrollo Pesquero Artesanal y Acuicola del FONDEPES,https://epdoc2.elperuano.pe/EpPo/DescargaINDA.asp?Referencias=NDNYQ1hDWENYQzlXVkJZQlRNTEhZQkxIOVdfX1ZCTEhWQlhDWVhMSExI,20240630
20240618,2298701-1,RELACIONES EXTERIORES,RESOLUCION MINISTERIAL,No 0466-2024-RE,Autorizan viaje de funcionario diplomatico a la Republica Popular China en comision de servicios,https://epdoc2.elperuano.pe/EpPo/DescargaINDA.asp?Referencias=NDNYQ1hDWENYQzlXVkJZQlRNTEhZQkxIOVdfXzlXWUJXVlhDWVhMSExI,20240630
20240618,2298705-1,SALUD,RESOLUCION VICE MINISTERIAL,No D000095-2024-DVMPAS-MINSA,Designan Director Adjunto de la Direccion General del Hospital Nacional Arzobispo Loayza,https://epdoc2.elperuano.pe/EpPo/DescargaINDA.asp?Referencias=NDNYQ1hDWENYQzlXVkJZQlRNTEhZQkxIOVdfX1VOWUJXVlhDWVhMSExI,20240630
20240618,2298376-1,TRABAJO Y PROMOCION DEL EMPLEO,RESOLUCION MINISTERIAL,No 103-2024-TR,Designan Jefe de la Oficina de Presupuesto de la Oficina General de Planeamiento y Presupuesto del Ministerio,https://epdoc2.elperuano.pe/EpPo/DescargaINDA.asp?Referencias=NDNYQ1hDWENYQzlXVkJZQlRNTEhZQkxIOVdfX1ZCV1ZTOFhDWVhMSExI,20240630
20240618,2298693-1,TRANSPORTES Y COMUNICACIONES,RESOLUCION DIRECTORAL,No 111-2024-MTC/21,Designan Jefe de la Oficina de Tecnologias de la Informacion del Programa denominado Proyecto Especial de Infraestructura de Transporte Descentralizado - PROVIAS DESCENTRALIZADO,https://epdoc2.elperuano.pe/EpPo/DescargaINDA.asp?Referencias=NDNYQ1hDWENYQzlXVkJZQlRNTEhZQkxIOVdfX1M4WVhWQlhDWVhMSExI,20240630
20240618,2298690-1,SEGURO INTEGRAL DE SALUD,RESOLUCION JEFATURAL,No 000083-2024-SIS/J,Designan Director Adjunto de la Oficina General de Asesoria Juridica del Seguro Integral de Salud,https://epdoc2.elperuano.pe/EpPo/DescargaINDA.asp?Referencias=NDNYQ1hDWENYQzlXVkJZQlRNTEhZQkxIOVdfX1lCWVhWQlhDWVhMSExI,20240630
20240618,2298482-1,SERVICIO NACIONAL DE AREAS NATURALES PROTEGIDAS POR EL ESTADO,RESOLUCION,No 000115-2024-SERNANP/J-SGD,Designan Asesora de la Oficina de Administracion del SERNANP,https://epdoc2.elperuano.pe/EpPo/DescargaINDA.asp?Referencias=NDNYQ1hDWENYQzlXVkJZQlRNTEhZQkxIOVdfX0xIWENUTVhDWVhMSExI,20240630
20240618,2298692-1,SUPERINTENDENCIA DEL MERCADO DE VALORES,RESOLUCION,No 084-2024-SMV/02,Aprueban el Presupuesto Analitico de Personal (PAP) de la Superintendencia del Mercado de Valores para el Ano 2024,https://epdoc2.elperuano.pe/EpPo/DescargaINDA.asp?Referencias=NDNYQ1hDWENYQzlXVkJZQlRNTEhZQkxIOVdfX0xIWVhWQlhDWVhMSExI,20240630
20240618,2298419-1,CONTRALORIA GENERAL DE LA REPUBLICA,RESOLUCION,No 282-2024-CG,Designan Jefe del organo de Control Institucional del Ministerio de Comercio Exterior y Turismo,https://epdoc2.elperuano.pe/EpPo/DescargaINDA.asp?Referencias=NDNYQ1hDWENYQzlXVkJZQlRNTEhZQkxIOVdfX1lYOVdUTVhDWVhMSExI,20240630
20240618,2298088-1,INSTITUCIONES EDUCATIVAS,RESOLUCION,No 008104-2024-R/UNMSM,Ratifican resolucion que autoriza viaje de docente de la Universidad Nacional Mayor de San Marcos a los EE.UU. en comision de servicios,https://epdoc2.elperuano.pe/EpPo/DescargaINDA.asp?Referencias=NDNYQ1hDWENYQzlXVkJZQlRNTEhZQkxIOVdfX1hDWENZQlhDWVhMSExI,20240630
20240618,2298290-1,JURADO NACIONAL DE ELECCIONES,RESOLUCION,No 0162-2024-JNE,Convocan a ciudadana para que asuma el cargo de regidora del Concejo Distrital de Paucartambo provincia y departamento de Pasco,https://epdoc2.elperuano.pe/EpPo/DescargaINDA.asp?Referencias=NDNYQ1hDWENYQzlXVkJZQlRNTEhZQkxIOVdfX1lCWVhMSFhDWVhMSExI,20240630
20240618,2298372-1,JURADO NACIONAL DE ELECCIONES,RESOLUCION,No 0157-2024-JNE,Declaran nulo el Acuerdo de Concejo Municipal No 032-2023-MDNP que declaro infundada peticion de vacancia formulada contra el alcalde de la Municipalidad Distrital de Nicolas de Pierola provincia de Camana departamento de Arequipa,https://epdoc2.elperuano.pe/EpPo/DescargaINDA.asp?Referencias=NDNYQ1hDWENYQzlXVkJZQlRNTEhZQkxIOVdfX0xIV1ZTOFhDWVhMSExI,20240630
20240618,2298374-1,JURADO NACIONAL DE ELECCIONES,RESOLUCION,No 0158-2024-JNE,Declaran nulo el Acuerdo de Concejo Municipal No 031-2023-MDNP que declaro infundada peticion de vacancia formulada contra el alcalde de la Municipalidad Distrital de Nicolas de Pierola provincia de Camana departamento de Arequipa,https://epdoc2.elperuano.pe/EpPo/DescargaINDA.asp?Referencias=NDNYQ1hDWENYQzlXVkJZQlRNTEhZQkxIOVdfX1RNV1ZTOFhDWVhMSExI,20240630
20240618,2298377-1,JURADO NACIONAL DE ELECCIONES,RESOLUCION,No 0159-2024-JNE,Declaran fundado recurso interpuesto por regidora del Concejo Distrital de Socabaya provincia y departamento de Arequipa  y revocan el Acuerdo de Concejo Municipal No 066-2023-MDS que declaro su vacancia,https://epdoc2.elperuano.pe/EpPo/DescargaINDA.asp?Referencias=NDNYQ1hDWENYQzlXVkJZQlRNTEhZQkxIOVdfX1dWV1ZTOFhDWVhMSExI,20240630
20240618,2298637-1,MINISTERIO PUBLICO,RESOLUCION,No 1346-2024-MP-FN,Aceptan renuncia de fiscal adjunto provincial provisional del Distrito Fiscal de Ayacucho,https://epdoc2.elperuano.pe/EpPo/DescargaINDA.asp?Referencias=NDNYQ1hDWENYQzlXVkJZQlRNTEhZQkxIOVdfX1dWUzhWQlhDWVhMSExI,20240630
20240618,2298641-1,MINISTERIO PUBLICO,RESOLUCION,No 1355-2024-MP-FN,Nombran fiscal adjunto provincial provisional del Distrito Fiscal de Ayacucho,https://epdoc2.elperuano.pe/EpPo/DescargaINDA.asp?Referencias=NDNYQ1hDWENYQzlXVkJZQlRNTEhZQkxIOVdfXzlXVE1WQlhDWVhMSExI,20240630
20240618,2298644-1,MINISTERIO PUBLICO,RESOLUCION,No 1403-2024-MP-FN,Aceptan renuncia de fiscal adjunta provincial provisional del Distrito Fiscal de San Martin,https://epdoc2.elperuano.pe/EpPo/DescargaINDA.asp?Referencias=NDNYQ1hDWENYQzlXVkJZQlRNTEhZQkxIOVdfX1RNVE1WQlhDWVhMSExI,20240630
20240618,2298645-1,MINISTERIO PUBLICO,RESOLUCION,No 1404-2024-MP-FN,Aceptan renuncia de fiscal adjunto provincial provisional del Distrito Fiscal de Lima Centro,https://epdoc2.elperuano.pe/EpPo/DescargaINDA.asp?Referencias=NDNYQ1hDWENYQzlXVkJZQlRNTEhZQkxIOVdfX1VOVE1WQlhDWVhMSExI,20240630
20240618,2298646-1,MINISTERIO PUBLICO,RESOLUCION,No 1405-2024-MP-FN,Aceptan renuncia de fiscal adjunta provincial provisional del Distrito Fiscal de Lima Centro,https://epdoc2.elperuano.pe/EpPo/DescargaINDA.asp?Referencias=NDNYQ1hDWENYQzlXVkJZQlRNTEhZQkxIOVdfX1ZCVE1WQlhDWVhMSExI,20240630
20240618,2298647-1,MINISTERIO PUBLICO,RESOLUCION,No 1406-2024-MP-FN,Aceptan renuncia de fiscal adjunta provincial provisional del Distrito Fiscal de San Martin,https://epdoc2.elperuano.pe/EpPo/DescargaINDA.asp?Referencias=NDNYQ1hDWENYQzlXVkJZQlRNTEhZQkxIOVdfX1dWVE1WQlhDWVhMSExI,20240630
20240618,2298650-1,MINISTERIO PUBLICO,RESOLUCION,No 1407-2024-MP-FN,Nombran fiscal adjunta provincial provisional del Distrito Fiscal de la Selva Central,https://epdoc2.elperuano.pe/EpPo/DescargaINDA.asp?Referencias=NDNYQ1hDWENYQzlXVkJZQlRNTEhZQkxIOVdfX1lCVU5WQlhDWVhMSExI,20240630
20240618,2298651-1,MINISTERIO PUBLICO,RESOLUCION,No 1408-2024-MP-FN,Nombran fiscal adjunto provincial provisional del Distrito Fiscal de Ayacucho,https://epdoc2.elperuano.pe/EpPo/DescargaINDA.asp?Referencias=NDNYQ1hDWENYQzlXVkJZQlRNTEhZQkxIOVdfXzlXVU5WQlhDWVhMSExI,20240630
20240618,2298654-1,MINISTERIO PUBLICO,RESOLUCION,No 1409-2024-MP-FN,Nombran fiscal adjunto provincial provisional del Distrito Fiscal de ancash,https://epdoc2.elperuano.pe/EpPo/DescargaINDA.asp?Referencias=NDNYQ1hDWENYQzlXVkJZQlRNTEhZQkxIOVdfX1RNVU5WQlhDWVhMSExI,20240630
20240618,2298655-1,MINISTERIO PUBLICO,RESOLUCION,No 1410-2024-MP-FN,Nombran fiscal adjunto provincial provisional del Distrito Fiscal de Lima Centro,https://epdoc2.elperuano.pe/EpPo/DescargaINDA.asp?Referencias=NDNYQ1hDWENYQzlXVkJZQlRNTEhZQkxIOVdfX1VOVU5WQlhDWVhMSExI,20240630
20240618,2298617-1,OFICINA NACIONAL DE PROCESOS ELECTORALES,RESOLUCION JEFATURAL,No 000121-2024-JN/ONPE,Aprueban actualizacion del Padron Electoral para la Eleccion de los miembros titular y suplentes del Pleno del Jurado Nacional de Elecciones a cargo de los decanos de las Facultades de Derecho de las universidades publicas,https://epdoc2.elperuano.pe/EpPo/DescargaINDA.asp?Referencias=NDNYQ1hDWENYQzlXVkJZQlRNTEhZQkxIOVdfX1dWOVdWQlhDWVhMSExI,20240630
20240618,2298310-1,GOBIERNO REGIONAL DE AREQUIPA,ACUERDO,No 78-2024-GRA/CR-AREQUIPA,Aprueban transferencia financiera de saldo presupuestal a favor de diversos gobiernos locales de la Region Arequipa,https://epdoc2.elperuano.pe/EpPo/DescargaINDA.asp?Referencias=NDNYQ1hDWENYQzlXVkJZQlRNTEhZQkxIOVdfX1lCOVdTOFhDWVhMSExI,20240630
20240618,2298348-1,GOBIERNO REGIONAL DE AREQUIPA,ACUERDO,No 68-2024-GRA/CR-AREQUIPA,Aprueban reduccion presupuestaria en la fuente de financiamiento donaciones y transferencias de la unidad ejecutora Hospital Regional Honorio Delgado y de la unidad ejecutora Hospital Goyeneche,https://epdoc2.elperuano.pe/EpPo/DescargaINDA.asp?Referencias=NDNYQ1hDWENYQzlXVkJZQlRNTEhZQkxIOVdfX1hDVE1TOFhDWVhMSExI,20240630
20240618,2297358-1,MUNICIPALIDAD DE PUNTA HERMOSA,ORDENANZA,No 517-MDPH,Ordenanza Municipal que aprueba el Reglamento para el Proceso de Eleccion de los Representantes de la Sociedad Civil ante el Consejo de Coordinacion Local Distrital - CCLD de Punta Hermosa,https://epdoc2.elperuano.pe/EpPo/DescargaINDA.asp?Referencias=NDNYQ1hDWENYQzlXVkJZQlRNTEhZQkxIOVdfX1hDVU5TOFdWWVhMSExI,20240630
20240618,2296517-1,MUNICIPALIDAD DE SAN MIGUEL,ACUERDO,No 055-2024/MDSM,Autorizan al Alcalde a ausentarse del pais y encargan el despacho de alcaldia a regidor,https://epdoc2.elperuano.pe/EpPo/DescargaINDA.asp?Referencias=NDNYQ1hDWENYQzlXVkJZQlRNTEhZQkxIOVdfX1dWOVdVTlZCWVhMSExI,20240630
20240618,2298362-1,MUNICIPALIDAD DISTRITAL DE MACHUPICCHU,ACUERDO,No 039-2024-MDM-CM,Autorizan viaje de alcalde a El Salvador en comision de servicios,https://epdoc2.elperuano.pe/EpPo/DescargaINDA.asp?Referencias=NDNYQ1hDWENYQzlXVkJZQlRNTEhZQkxIOVdfX0xIVkJTOFhDWVhMSExI,20240630
20240618,2297835-1,MUNICIPALIDAD DE LA PUNTA,Decretos de Alcaldia,No 006-2024-MDLP/AL,Excluyen inmueble como refugio de evacuacion vertical en caso de riesgo de tsunami de origen cercano que se encuentra en el Anexo de la Ordenanza No 003-2010-MDLP/ALC,https://epdoc2.elperuano.pe/EpPo/DescargaINDA.asp?Referencias=NDNYQ1hDWENYQzlXVkJZQlRNTEhZQkxIOVdfX1VOUzhYQ1dWWVhMSExI,20240630
20240617,2298227-1,DEFENSA,RESOLUCION MINISTERIAL,No 00590-2024-DE,Autorizan viaje de oficial de la Marina de Guerra del Peru a EE.UU. en mision de estudios,https://epdoc2.elperuano.pe/EpPo/DescargaINDA.asp?Referencias=NDNXVldWV1ZXVjlXVkJZQlRNTEhZQkxIOVdfX1dWTEhMSFhDWVhMSExI,20240630
20240617,2298703-1,ECONOMIA Y FINANZAS,RESOLUCION MINISTERIAL,No 205-2024-EF/52,Resolucion Ministerial que dicta disposiciones para la implementacion de una operacion de administracion de deuda una emision de bonos y una operacion de endeudamiento,https://epdoc2.elperuano.pe/EpPo/DescargaINDA.asp?Referencias=NDNXVldWV1ZXVjlXVkJZQlRNTEhZQkxIOVdfX1M4WUJXVlhDWVhMSExI,20240630
20240617,2298096-1,INTERIOR,RESOLUCION MINISTERIAL,No 0794-2024-IN,Designan Directora de la Oficina de Atencion al Ciudadano y Gestion Documental,https://epdoc2.elperuano.pe/EpPo/DescargaINDA.asp?Referencias=NDNXVldWV1ZXVjlXVkJZQlRNTEhZQkxIOVdfX1ZCWVhZQlhDWVhMSExI,20240630
20240617,2298304-1,INTERIOR,RESOLUCION MINISTERIAL,No 0800-2024-IN,Designan Asesor II del Despacho Viceministerial de Orden Interno,https://epdoc2.elperuano.pe/EpPo/DescargaINDA.asp?Referencias=NDNXVldWV1ZXVjlXVkJZQlRNTEhZQkxIOVdfX1RNWUJTOFhDWVhMSExI,20240630
20240617,2298593-1,INTERIOR,RESOLUCION MINISTERIAL,No 0807-2024-IN,Autorizan viaje de personal policial a Argentina en comision de servicios,https://epdoc2.elperuano.pe/EpPo/DescargaINDA.asp?Referencias=NDNXVldWV1ZXVjlXVkJZQlRNTEhZQkxIOVdfX1M4WVhVTlhDWVhMSExI,20240630
20240617,2297982-1,PRODUCE,RESOLUCION DIRECTORAL,No 011-2024-INACAL/DN,Aprueban Normas Tecnicas Peruanas y textos afines sobre aditivos alimentarios tara y otros,https://epdoc2.elperuano.pe/EpPo/DescargaINDA.asp?Referencias=NDNXVldWV1ZXVjlXVkJZQlRNTEhZQkxIOVdfX0xIWENZWFdWWVhMSExI,20240630
20240617,2298274-1,ORGANISMO DE EVALUACION Y FISCALIZACION AMBIENTAL,RESOLUCION,No 00090-2024-OEFA/PCD,Designan Secretaria Tecnica del Tribunal de Fiscalizacion Ambiental del Organismo de Evaluacion y Fiscalizacion Ambiental - OEFA,https://epdoc2.elperuano.pe/EpPo/DescargaINDA.asp?Referencias=NDNXVldWV1ZXVjlXVkJZQlRNTEhZQkxIOVdfX1RNV1ZMSFhDWVhMSExI,20240630
20240617,2298193-1,SUPERINTENDENCIA NACIONAL DE ADUANAS Y DE ADMINISTRACIoN TRIBUTARIA,RESOLUCION,No 000023-2024-SUNAT/700000,Designan Ejecutor Coactivo de la Intendencia de Tributos Internos Chimbote,https://epdoc2.elperuano.pe/EpPo/DescargaINDA.asp?Referencias=NDNXVldWV1ZXVjlXVkJZQlRNTEhZQkxIOVdfX1M4WVg5V1hDWVhMSExI,20240630
20240617,2298126-1,CONSEJO EJECUTIVO DEL PODER JUDICIAL,RESOLUCION ADMINISTRATIVA,No 000067-2024-P-CE-PJ,Autorizan viaje de Juez titular de la Corte Suprema de Justicia de la Republica para que participe en evento a realizarse en Brasil,https://epdoc2.elperuano.pe/EpPo/DescargaINDA.asp?Referencias=NDNXVldWV1ZXVjlXVkJZQlRNTEhZQkxIOVdfX1ZCTEg5V1hDWVhMSExI,20240630
20240617,2298028-1,DEFENSORIA DEL PUEBLO,RESOLUCION,No 0152-2024-DP/SG,Aprueban el Manual de Clasificador de Cargos de la Defensoria del Pueblo,https://epdoc2.elperuano.pe/EpPo/DescargaINDA.asp?Referencias=NDNXVldWV1ZXVjlXVkJZQlRNTEhZQkxIOVdfX1hDTEhZQlhDWVhMSExI,20240630
20240617,2286166-1,INSTITUCIONES EDUCATIVAS,RESOLUCION,No 1633-2024-UNI,Otorgan duplicado de diploma de Grado Academico de Bachiller en Ciencias de la Universidad Nacional de Ingenieria,https://epdoc2.elperuano.pe/EpPo/DescargaINDA.asp?Referencias=NDNXVldWV1ZXVjlXVkJZQlRNTEhZQkxIOVdfX1ZCVkI5V1ZCWENMSExI,20240630
20240617,2297842-1,SUPERINTENDENCIA DE BANCA  SEGUROS Y ADMINISTRADORAS PRIVADAS DE FONDOS DE PENSIONES,RESOLUCION,SBS No 02141-2024,Declaran el sometimiento a regimen de intervencion de la Cooperativa de Ahorro y Credito Qollqe Wasi Limitada por encontrarse incursa en la causal de perdida total del capital social y de la reserva cooperativa,https://epdoc2.elperuano.pe/EpPo/DescargaINDA.asp?Referencias=NDNXVldWV1ZXVjlXVkJZQlRNTEhZQkxIOVdfX0xIVE1YQ1dWWVhMSExI,20240630
20240617,2298108-1,SUPERINTENDENCIA DE BANCA  SEGUROS Y ADMINISTRADORAS PRIVADAS DE FONDOS DE PENSIONES,RESOLUCION,SBS No 02176-2024,Autorizan viaje de funcionarios para participar en evento a realizarse en Brasil,https://epdoc2.elperuano.pe/EpPo/DescargaINDA.asp?Referencias=NDNXVldWV1ZXVjlXVkJZQlRNTEhZQkxIOVdfX1hDWUI5V1hDWVhMSExI,20240630
20240617,2289703-1,GOBIERNO REGIONAL DEL CUSCO,ACUERDO,No 128-2024-CRC/GR CUSCO,Aprueban la Modificacion del Presupuesto Institucional de Apertura correspondiente al ano Fiscal 2024,https://epdoc2.elperuano.pe/EpPo/DescargaINDA.asp?Referencias=NDNXVldWV1ZXVjlXVkJZQlRNTEhZQkxIOVdfX1M4WUJXVllYWENMSExI,20240630
20240617,2289912-1,GOBIERNO REGIONAL DEL CUSCO,RESOLUCION,No 151-2024-GR CUSCO/GR,Promulgan la Reduccion Presupuestal Tipo 7 del Presupuesto Institucional del Pliego 446: Gobierno Regional del Departamento de Cusco para el Ano Fiscal 2024 Unidad Ejecutora 403: Hospital Antonio Lorena y 407: Red de Servicios de Salud Cusco Norte,https://epdoc2.elperuano.pe/EpPo/DescargaINDA.asp?Referencias=NDNXVldWV1ZXVjlXVkJZQlRNTEhZQkxIOVdfX0xIOVdZWFlYWENMSExI,20240630
20240616,2298273-1,CONGRESO DE LA REPUBLICA,RESOLUCION LEGISLATIVA,No 32061,Resolucion Legislativa que autoriza el ingreso y transito de unidades navales y de personal militar extranjero con armas de guerra al territorio de la Republica del Peru,https://epdoc2.elperuano.pe/EpPo/DescargaINDA.asp?Referencias=NDNWQlZCVkJWQjlXVkJZQlRNTEhZQkxIOVdfX1M4V1ZMSFhDWVhMSExI,20240630
20240616,2298262-1,PRESIDENCIA DEL CONSEJO DE MINISTROS,RESOLUCION JEFATURAL,No 082-2024-ANIN/JEF,Designan Jefa de la Oficina de Tecnologias de la Informacion y Jefa de la Oficina de Asesoria Juridica de la Autoridad Nacional de Infraestructura,https://epdoc2.elperuano.pe/EpPo/DescargaINDA.asp?Referencias=NDNWQlZCVkJWQjlXVkJZQlRNTEhZQkxIOVdfX0xIVkJMSFhDWVhMSExI,20240630
20240616,2296201-1,COMERCIO EXTERIOR Y TURISMO,RESOLUCION MINISTERIAL,No 170-2024-MINCETUR,Autorizan viaje de representante de PROMPERu para participar en evento a realizarse en el Reino Unido de Gran Bretana e Irlanda del Norte.,https://epdoc2.elperuano.pe/EpPo/DescargaINDA.asp?Referencias=NDNWQlZCVkJWQjlXVkJZQlRNTEhZQkxIOVdfXzlXWUJMSFZCWVhMSExI,20240630
20240616,2297979-1,COMERCIO EXTERIOR Y TURISMO,RESOLUCION MINISTERIAL,No 175-2024-MINCETUR,Autorizan viaje de representante de PROMPERu para participar en evento a realizarse en Colombia,https://epdoc2.elperuano.pe/EpPo/DescargaINDA.asp?Referencias=NDNWQlZCVkJWQjlXVkJZQlRNTEhZQkxIOVdfX1lYV1ZZWFdWWVhMSExI,20240630
20240616,2297989-1,COMERCIO EXTERIOR Y TURISMO,RESOLUCION MINISTERIAL,No 176-2024-MINCETUR,Autorizan viaje de representante de PROMPERu para que participe en evento a realizarse en el Reino Unido de Gran Bretana e Irlanda del Norte,https://epdoc2.elperuano.pe/EpPo/DescargaINDA.asp?Referencias=NDNWQlZCVkJWQjlXVkJZQlRNTEhZQkxIOVdfX1lYWENZWFdWWVhMSExI,20240630
20240616,2298224-1,DEFENSA,RESOLUCION MINISTERIAL,No 00593-2024-DE,Varian fecha de inicio y termino de designacion autorizada en la R.S. No 025-2024-DE y autorizan viaje de oficial de la Marina de Guerra del Peru a EE.UU. en comision especial en el exterior,https://epdoc2.elperuano.pe/EpPo/DescargaINDA.asp?Referencias=NDNWQlZCVkJWQjlXVkJZQlRNTEhZQkxIOVdfX1RNTEhMSFhDWVhMSExI,20240630
20240616,2298250-1,DESARROLLO E INCLUSIoN SOCIAL,RESOLUCION,No 120-2024- FONCODES/DE,Designan Jefe de la Unidad Territorial Huanuco,https://epdoc2.elperuano.pe/EpPo/DescargaINDA.asp?Referencias=NDNWQlZCVkJWQjlXVkJZQlRNTEhZQkxIOVdfX1lCVU5MSFhDWVhMSExI,20240630
20240616,2298251-1,DESARROLLO E INCLUSIoN SOCIAL,RESOLUCION,No D000443-2024-MIDIS/PNAEQW-DE,Aprueban las Bases Estandarizadas Anexos y Formatos de la Modalidad Raciones para el Segundo Proceso de Compras Electronico 2024 del Programa Nacional de Alimentacion Escolar Qali Warma,https://epdoc2.elperuano.pe/EpPo/DescargaINDA.asp?Referencias=NDNWQlZCVkJWQjlXVkJZQlRNTEhZQkxIOVdfXzlXVU5MSFhDWVhMSExI,20240630
20240616,2298272-1,ECONOMIA Y FINANZAS,DECRETO SUPREMO,No 105-2024-EF,Decreto Supremo que autoriza el incremento de limite de gastos establecido en el articulo 5 del Decreto de Urgencia No 006-2024 Decreto de Urgencia que establece medidas extraordinarias en materia economica y financiera para la sostenibilidad fiscal el equilibrio presupuestario y la eficiencia del gasto publico en diversos pliegos del Gobierno Nacional,https://epdoc2.elperuano.pe/EpPo/DescargaINDA.asp?Referencias=NDNWQlZCVkJWQjlXVkJZQlRNTEhZQkxIOVdfX0xIV1ZMSFhDWVhMSExI,20240630
20240616,2298272-2,ECONOMIA Y FINANZAS,DECRETO SUPREMO,No 106-2024-EF,Aprueban nuevas disposiciones relativas al metodo para determinar el monto de percepcion del impuesto general a las ventas tratandose de la importacion de bienes considerados mercancias sensibles al fraude,https://epdoc2.elperuano.pe/EpPo/DescargaINDA.asp?Referencias=NDNWQlZCVkJWQjlXVkJZQlRNTEhZQkxITEhfX0xIV1ZMSFhDWVhMSExI,20240630
20240616,2298264-1,ENERGIA Y MINAS,RESOLUCION MINISTERIAL,No 246-2024-MINEM/DM,Disponen la publicacion del proyecto de R.M. que incorpora el numeral 1.2 al Titulo Primero de la Norma Tecnica de Alumbrado de Vias Publicas en Zonas de Concesion de Distribucion aprobada con R.M. No 013-2003-EM/DM asi como de su Exposicion de Motivos,https://epdoc2.elperuano.pe/EpPo/DescargaINDA.asp?Referencias=NDNWQlZCVkJWQjlXVkJZQlRNTEhZQkxIOVdfX1RNVkJMSFhDWVhMSExI,20240630
20240616,2297837-1,PRODUCE,FE DE ERRATA,R.M. No 000244-2024-PRODUCE,FE DE ERRATA,https://epdoc2.elperuano.pe/EpPo/DescargaINDA.asp?Referencias=NDNWQlZCVkJWQjlXVkJZQlRNTEhZQkxIOVdfX1dWUzhYQ1dWWVhMSExI,20240630
20240616,2297824-1,PRODUCE,RESOLUCION,No 466-2024-PRODUCE/PROINNOVATE,Aprueban el otorgamiento de las subvenciones a favor de beneficiarios con cargo al Presupuesto Institucional 2024 del Programa Nacional de Innovacion para la Competitividad y Productividad,https://epdoc2.elperuano.pe/EpPo/DescargaINDA.asp?Referencias=NDNWQlZCVkJWQjlXVkJZQlRNTEhZQkxIOVdfX1RNTEhYQ1dWWVhMSExI,20240630
20240616,2298266-1,SALUD,RESOLUCION MINISTERIAL,No 420-2024/MINSA,Autorizan viaje de profesionales de la Direccion General de Medicamentos Insumos y Drogas a Mexico en comision de servicios,https://epdoc2.elperuano.pe/EpPo/DescargaINDA.asp?Referencias=NDNWQlZCVkJWQjlXVkJZQlRNTEhZQkxIOVdfX1ZCVkJMSFhDWVhMSExI,20240630
20240616,2298267-1,SALUD,RESOLUCION MINISTERIAL,No 421-2024/MINSA,Autorizan viaje de profesionales de la Direccion General de Medicamentos Insumos y Drogas a Colombia en comision de servicios,https://epdoc2.elperuano.pe/EpPo/DescargaINDA.asp?Referencias=NDNWQlZCVkJWQjlXVkJZQlRNTEhZQkxIOVdfX1dWVkJMSFhDWVhMSExI,20240630
20240616,2298268-1,SALUD,RESOLUCION MINISTERIAL,No 422-2024/MINSA,Autorizan viaje de profesionales de la Direccion General de Medicamentos Insumos y Drogas a Brasil en comision de servicios,https://epdoc2.elperuano.pe/EpPo/DescargaINDA.asp?Referencias=NDNWQlZCVkJWQjlXVkJZQlRNTEhZQkxIOVdfX1hDVkJMSFhDWVhMSExI,20240630
20240616,2298269-1,SALUD,RESOLUCION MINISTERIAL,No 423-2024/MINSA,Autorizan viaje de profesionales de la Direccion General de Medicamentos Insumos y Drogas a la India en comision de servicios,https://epdoc2.elperuano.pe/EpPo/DescargaINDA.asp?Referencias=NDNWQlZCVkJWQjlXVkJZQlRNTEhZQkxIOVdfX1lYVkJMSFhDWVhMSExI,20240630
20240616,2298270-1,SALUD,RESOLUCION MINISTERIAL,No 424-2024/MINSA,Aprueban la Directiva Administrativa No 356 -MINSA/CENARES-2024 Directiva Administrativa que regula el proceso de programacion de los recursos estrategicos en salud,https://epdoc2.elperuano.pe/EpPo/DescargaINDA.asp?Referencias=NDNWQlZCVkJWQjlXVkJZQlRNTEhZQkxIOVdfX1lCV1ZMSFhDWVhMSExI,20240630
20240616,2298271-1,SALUD,RESOLUCION MINISTERIAL,No 425-2024/MINSA,Autorizan Transferencia Financiera a favor de la Contraloria General,https://epdoc2.elperuano.pe/EpPo/DescargaINDA.asp?Referencias=NDNWQlZCVkJWQjlXVkJZQlRNTEhZQkxIOVdfXzlXV1ZMSFhDWVhMSExI,20240630
20240616,2297855-1,TRANSPORTES Y COMUNICACIONES,RESOLUCION DIRECTORAL,No 0338-2024-MTC/17.03,Autorizan a REVISIONES TECNICAS VEHICULARES GRUPO BYS PERU S.A.C. como Centro de Inspeccion Tecnica Vehicular Fijo en local ubicado en el distrito de Cachimayo provincia de Anta y departamento de Cusco,https://epdoc2.elperuano.pe/EpPo/DescargaINDA.asp?Referencias=NDNWQlZCVkJWQjlXVkJZQlRNTEhZQkxIOVdfX1VOVU5YQ1dWWVhMSExI,20240630
20240616,2297936-1,TRANSPORTES Y COMUNICACIONES,RESOLUCION MINISTERIAL,No 315-2024-MTC/01.02,Aprueban ejecucion de expropiacion del area afectada de un (1) inmueble para la ejecucion de la obra: Rehabilitacion y Mejoramiento de la Carretera Tocache - Juanjui Tramo: Pizana - La Polvora - Pizarron - Perlamayo - Campanilla,https://epdoc2.elperuano.pe/EpPo/DescargaINDA.asp?Referencias=NDNWQlZCVkJWQjlXVkJZQlRNTEhZQkxIOVdfX1ZCUzhZWFdWWVhMSExI,20240630
20240616,2298173-1,TRANSPORTES Y COMUNICACIONES,RESOLUCION MINISTERIAL,No 282-2024-MTC/01.03,Otorgan a la empresa GRUPO M&G TELECOMPERU S.A.C. Concesion unica para la prestacion de servicios publicos de telecomunicaciones en area que comprende todo el territorio de la Republica,https://epdoc2.elperuano.pe/EpPo/DescargaINDA.asp?Referencias=NDNWQlZCVkJWQjlXVkJZQlRNTEhZQkxIOVdfX1M4V1Y5V1hDWVhMSExI,20240630
20240616,2298216-1,TRANSPORTES Y COMUNICACIONES,RESOLUCION MINISTERIAL,No 278-2024-MTC/01.03,Otorgan a la empresa SESTEL PERU S.A.C. Concesion unica para la prestacion de servicios publicos de telecomunicaciones en area que comprende todo el territorio de la Republica,https://epdoc2.elperuano.pe/EpPo/DescargaINDA.asp?Referencias=NDNWQlZCVkJWQjlXVkJZQlRNTEhZQkxIOVdfX1ZCOVdMSFhDWVhMSExI,20240630
20240616,2298214-1,COMISIoN DE PROMOCIoN DEL PERu PARA LA EXPORTACIoN Y EL TURISMO,RESOLUCION,No 000103-2024-PROMPERU/PE,Designan Asesor de la Gerencia General de PROMPERu,https://epdoc2.elperuano.pe/EpPo/DescargaINDA.asp?Referencias=NDNWQlZCVkJWQjlXVkJZQlRNTEhZQkxIOVdfX1RNOVdMSFhDWVhMSExI,20240630
20240616,2298249-1,ORGANISMO NACIONAL DE SANIDAD PESQUERA,RESOLUCION,No 000095 -2024-SANIPES/PE,Designan Asesora de la Presidencia Ejecutiva del Organismo Nacional de Sanidad Pesquera - SANIPES,https://epdoc2.elperuano.pe/EpPo/DescargaINDA.asp?Referencias=NDNWQlZCVkJWQjlXVkJZQlRNTEhZQkxIOVdfX1lYVE1MSFhDWVhMSExI,20240630
20240616,2297929-1,SUPERINTENDENCIA NACIONAL DE ADUANAS Y DE ADMINISTRACIoN TRIBUTARIA,RESOLUCION,No 000126-2024/SUNAT,Designan funcionarios/as responsables de atender las solicitudes de acceso a la informacion al amparo de la Ley de Transparencia y Acceso a la Informacion Publica y modifican el Formulario 5030,https://epdoc2.elperuano.pe/EpPo/DescargaINDA.asp?Referencias=NDNWQlZCVkJWQjlXVkJZQlRNTEhZQkxIOVdfX1lYTEhZWFdWWVhMSExI,20240630
20240616,2297065-1,INSTITUCIONES EDUCATIVAS,RESOLUCION,No 163-2024-UNIQ,Autorizan viaje de docente de la Universidad Nacional Intercultural de Quillabamba al Reino Unido en comision de servicios,https://epdoc2.elperuano.pe/EpPo/DescargaINDA.asp?Referencias=NDNWQlZCVkJWQjlXVkJZQlRNTEhZQkxIOVdfX1VOVkJZQldWWVhMSExI,20240630
20240616,2298253-1,MINISTERIO PUBLICO,RESOLUCION,No 018-2024-MP-FN-JFS,Aceptan renuncia de fiscal adjunto provincial penal (corporativo) de Huaraz,https://epdoc2.elperuano.pe/EpPo/DescargaINDA.asp?Referencias=NDNWQlZCVkJWQjlXVkJZQlRNTEhZQkxIOVdfX1M4VU5MSFhDWVhMSExI,20240630
20240616,2298254-1,MINISTERIO PUBLICO,RESOLUCION,No 019-2024-MP-FN-JFS,Aceptan renuncia de fiscal adjunto provincial titular especializado en delitos de corrupcion de funcionarios Distrito Fiscal de Lima (ahora Lima Centro),https://epdoc2.elperuano.pe/EpPo/DescargaINDA.asp?Referencias=NDNWQlZCVkJWQjlXVkJZQlRNTEhZQkxIOVdfX1RNVU5MSFhDWVhMSExI,20240630
20240616,2298255-1,MINISTERIO PUBLICO,RESOLUCION,No 024-2024-MP-FN-JFS,Aceptan renuncia de fiscal adjunta provincial penal (corporativo) de Huaraz,https://epdoc2.elperuano.pe/EpPo/DescargaINDA.asp?Referencias=NDNWQlZCVkJWQjlXVkJZQlRNTEhZQkxIOVdfX1VOVU5MSFhDWVhMSExI,20240630
20240616,2298256-1,MINISTERIO PUBLICO,RESOLUCION,No 1245-2024-MP-FN,Dan por concluida designacion de fiscal adjunta provincial titular penal (corporativa) de Huaraz Distrito Fiscal de ancash,https://epdoc2.elperuano.pe/EpPo/DescargaINDA.asp?Referencias=NDNWQlZCVkJWQjlXVkJZQlRNTEhZQkxIOVdfX1ZCVU5MSFhDWVhMSExI,20240630
20240616,2298257-1,MINISTERIO PUBLICO,RESOLUCION,No 1246-2024-MP-FN,Dan por concluida designacion de fiscal adjunto provincial titular especializado en delitos de corrupcion de funcionarios de Lima Distrito Fiscal de Lima,https://epdoc2.elperuano.pe/EpPo/DescargaINDA.asp?Referencias=NDNWQlZCVkJWQjlXVkJZQlRNTEhZQkxIOVdfX1dWVU5MSFhDWVhMSExI,20240630
20240616,2298258-1,MINISTERIO PUBLICO,RESOLUCION,No 1396-2024-MP-FN,Dan por concluida designacion de fiscal adjunta provincial titular penal (corporativo) de Huaraz Distrito Fiscal de ancash,https://epdoc2.elperuano.pe/EpPo/DescargaINDA.asp?Referencias=NDNWQlZCVkJWQjlXVkJZQlRNTEhZQkxIOVdfX1hDVU5MSFhDWVhMSExI,20240630
20240616,2298259-1,MINISTERIO PUBLICO,RESOLUCION,No 1394-2024-MP-FN,Cesan por limite de edad a fiscal provincial titular penal (corporativo) de Moyobamba Distrito Fiscal de San Martin,https://epdoc2.elperuano.pe/EpPo/DescargaINDA.asp?Referencias=NDNWQlZCVkJWQjlXVkJZQlRNTEhZQkxIOVdfX1lYVU5MSFhDWVhMSExI,20240630
20240616,2298260-1,MINISTERIO PUBLICO,RESOLUCION,No 1395-2024-MP-FN,Cesan por limite de edad a fiscal provincial titular penal de Chiclayo Distrito Fiscal de Lambayeque,https://epdoc2.elperuano.pe/EpPo/DescargaINDA.asp?Referencias=NDNWQlZCVkJWQjlXVkJZQlRNTEhZQkxIOVdfX1lCVkJMSFhDWVhMSExI,20240630
20240616,2297269-1,GOBIERNO REGIONAL DE LAMBAYEQUE,ACUERDO,No 000237-2024-GR.LAMB/CR [515308949 - 60],Aprueban Transferencia Financiera a favor de la Municipalidad Distrital de Jose Leonardo Ortiz,https://epdoc2.elperuano.pe/EpPo/DescargaINDA.asp?Referencias=NDNWQlZCVkJWQjlXVkJZQlRNTEhZQkxIOVdfX1lYVkJMSFdWWVhMSExI,20240630
20240616,2297278-1,GOBIERNO REGIONAL DE LAMBAYEQUE,ACUERDO,No 000238-2024-GR.LAMB/CR [515316795 - 33],Aprueban Transferencia Financiera por parte del Gobierno Regional Lambayeque a favor de la Municipalidad Distrital de Oyotun,https://epdoc2.elperuano.pe/EpPo/DescargaINDA.asp?Referencias=NDNWQlZCVkJWQjlXVkJZQlRNTEhZQkxIOVdfX1hDV1ZMSFdWWVhMSExI,20240630
20240616,2297283-1,GOBIERNO REGIONAL DE LAMBAYEQUE,ACUERDO,No 000239-2024-GR.LAMB/CR [515308949 - 61],Aprueban Transferencia Financiera a favor de la Municipalidad Distrital de Jose Leonardo Ortiz,https://epdoc2.elperuano.pe/EpPo/DescargaINDA.asp?Referencias=NDNWQlZCVkJWQjlXVkJZQlRNTEhZQkxIOVdfX1M4WENMSFdWWVhMSExI,20240630
20240616,2297285-1,GOBIERNO REGIONAL DE LAMBAYEQUE,ACUERDO,No 000240-2024-GR.LAMB/CR [515308949 - 62],Aprueban Transferencia Financiera a favor de la Municipalidad Distrital de Jose Leonardo Ortiz,https://epdoc2.elperuano.pe/EpPo/DescargaINDA.asp?Referencias=NDNWQlZCVkJWQjlXVkJZQlRNTEhZQkxIOVdfX1VOWENMSFdWWVhMSExI,20240630
20240616,2297293-1,GOBIERNO REGIONAL DE LAMBAYEQUE,ACUERDO,No 000241-2024-GR.LAMB/CR [515308949 - 63],Aprueban Transferencia Financiera a favor de la Municipalidad Distrital de Jose Leonardo Ortiz,https://epdoc2.elperuano.pe/EpPo/DescargaINDA.asp?Referencias=NDNWQlZCVkJWQjlXVkJZQlRNTEhZQkxIOVdfX1M4WVhMSFdWWVhMSExI,20240630
20240616,2297300-1,GOBIERNO REGIONAL DE LAMBAYEQUE,ACUERDO,No 000242-2024-GR.LAMB/CR [515305128 - 18],Aprueban Transferencia Financiera a favor de la Municipalidad Provincial de Ferrenafe,https://epdoc2.elperuano.pe/EpPo/DescargaINDA.asp?Referencias=NDNWQlZCVkJWQjlXVkJZQlRNTEhZQkxIOVdfX1lCWUJTOFdWWVhMSExI,20240630
20240616,2297315-1,GOBIERNO REGIONAL DE LAMBAYEQUE,ACUERDO,No 000243-2024-GR.LAMB/CR [515305139 - 21],Aprueban Transferencia Financiera a favor de la Municipalidad Provincial de Ferrenafe,https://epdoc2.elperuano.pe/EpPo/DescargaINDA.asp?Referencias=NDNWQlZCVkJWQjlXVkJZQlRNTEhZQkxIOVdfX1VOOVdTOFdWWVhMSExI,20240630
20240616,2297319-1,GOBIERNO REGIONAL DE LAMBAYEQUE,ACUERDO,No 000244-2024-GR.LAMB/CR [515315621 - 16],Aprueban Transferencia Financiera a favor de la Municipalidad Distrital de Pucala,https://epdoc2.elperuano.pe/EpPo/DescargaINDA.asp?Referencias=NDNWQlZCVkJWQjlXVkJZQlRNTEhZQkxIOVdfX1lYOVdTOFdWWVhMSExI,20240630
20240616,2297325-1,GOBIERNO REGIONAL DE LAMBAYEQUE,ACUERDO,No 000245-2024-GR.LAMB/CR [4680926 - 23],Aprueban Transferencia Financiera a favor de la Municipalidad Distrital de Lagunas,https://epdoc2.elperuano.pe/EpPo/DescargaINDA.asp?Referencias=NDNWQlZCVkJWQjlXVkJZQlRNTEhZQkxIOVdfX1VOTEhTOFdWWVhMSExI,20240630
20240616,2297329-1,GOBIERNO REGIONAL DE LAMBAYEQUE,ACUERDO,No 000246-2024-GR.LAMB/CR [515316795 - 34],Aprueban Transferencia Financiera a favor de la Municipalidad Distrital de Oyotun,https://epdoc2.elperuano.pe/EpPo/DescargaINDA.asp?Referencias=NDNWQlZCVkJWQjlXVkJZQlRNTEhZQkxIOVdfX1lYTEhTOFdWWVhMSExI,20240630
20240616,2297879-1,MUNICIPALIDAD DE CIENEGUILLA,Decretos de Alcaldia,No 011-2024-MDC,Aprueban Formato de afiliacion de empresas y negocios que ofrecen ofertas y/o promociones a los contribuyentes puntuales del distrito de Cieneguilla - Beneficios de la tarjeta CIENECARD,https://epdoc2.elperuano.pe/EpPo/DescargaINDA.asp?Referencias=NDNWQlZCVkJWQjlXVkJZQlRNTEhZQkxIOVdfX1lYV1ZYQ1dWWVhMSExI,20240630
20240616,2298062-1,MUNICIPALIDAD DE LINCE,ORDENANZA,No 512-2024-MDL,Ordenanza que declara prioridad la importancia de la prevencion y reduccion de anemia en la poblacion gestante materno infantil y escolar como prioridad para lograr un desarrollo infantil temprano en el distrito de Lince,https://epdoc2.elperuano.pe/EpPo/DescargaINDA.asp?Referencias=NDNWQlZCVkJWQjlXVkJZQlRNTEhZQkxIOVdfX0xIVkJZQlhDWVhMSExI,20240630
20240616,2298064-1,MUNICIPALIDAD DE LINCE,ORDENANZA,No 513-2024-MDL,Ordenanza que regula la prevencion y el control del mosquito Aedes aegypti transmisor del Dengue y otras enfermedades metaxenicas en el distrito de Lince,https://epdoc2.elperuano.pe/EpPo/DescargaINDA.asp?Referencias=NDNWQlZCVkJWQjlXVkJZQlRNTEhZQkxIOVdfX1RNVkJZQlhDWVhMSExI,20240630
20240616,2298100-1,MUNICIPALIDAD DE SAN ISIDRO,Decretos de Alcaldia,No 007-2024-ALC/MSI,Prorrogan vigencia de la Ordenanza No 587-MSI Ordenanza que establece beneficios tributarios a los propietarios de los predios ubicados en los subsectores vecinales 1-3 y 2-1 que no han sido declarados en el distrito de San Isidro,https://epdoc2.elperuano.pe/EpPo/DescargaINDA.asp?Referencias=NDNWQlZCVkJWQjlXVkJZQlRNTEhZQkxIOVdfX1lCWUI5V1hDWVhMSExI,20240630
20240615,2298247-1,CONGRESO DE LA REPUBLICA,LEY,No 32060,Ley que crea la Universidad Nacional Autonoma de Chupaca en la provincia de Chupaca del departamento de Junin,https://epdoc2.elperuano.pe/EpPo/DescargaINDA.asp?Referencias=NDNVTlVOVU5VTjlXVkJZQlRNTEhZQkxIOVdfX1dWVE1MSFhDWVhMSExI,20240630
20240615,2298265-1,CONGRESO DE LA REPUBLICA,RESOLUCION LEGISLATIVA,No 020-2023-2024-CR,Resolucion Legislativa del Congreso que delega en la Comision Permanente la facultad de legislar,https://epdoc2.elperuano.pe/EpPo/DescargaINDA.asp?Referencias=NDNVTlVOVU5VTjlXVkJZQlRNTEhZQkxIOVdfX1VOVkJMSFhDWVhMSExI,20240630
20240615,2298229-1,PRESIDENCIA DEL CONSEJO DE MINISTROS,FE DE ERRATA,R.M. No 160-2024-PCM,FE DE ERRATA,https://epdoc2.elperuano.pe/EpPo/DescargaINDA.asp?Referencias=NDNVTlVOVU5VTjlXVkJZQlRNTEhZQkxIOVdfX1lYTEhMSFhDWVhMSExI,20240630
20240615,2297965-1,COMERCIO EXTERIOR Y TURISMO,RESOLUCION MINISTERIAL,No 173-2024-MINCETUR,Autorizan viaje de Directora de la Direccion de Asuntos Multilaterales a la Republica Francesa en comision de servicios,https://epdoc2.elperuano.pe/EpPo/DescargaINDA.asp?Referencias=NDNVTlVOVU5VTjlXVkJZQlRNTEhZQkxIOVdfX1VOVkJZWFdWWVhMSExI,20240630
20240615,2298147-1,CULTURA,RESOLUCION MINISTERIAL,No 000230-2024-MC,Otorgan la distincion de Personalidad Meritoria de la Cultura,https://epdoc2.elperuano.pe/EpPo/DescargaINDA.asp?Referencias=NDNVTlVOVU5VTjlXVkJZQlRNTEhZQkxIOVdfX1dWVE05V1hDWVhMSExI,20240630
20240615,2298223-1,CULTURA,RESOLUCION MINISTERIAL,No 000231-2024-MC,Otorgan la distincion de Personalidad Meritoria de la Cultura,https://epdoc2.elperuano.pe/EpPo/DescargaINDA.asp?Referencias=NDNVTlVOVU5VTjlXVkJZQlRNTEhZQkxIOVdfX1M4TEhMSFhDWVhMSExI,20240630
20240615,2298113-1,DEFENSA,RESOLUCION MINISTERIAL,No 00587-2024-DE,Designan Director General de la Direccion General de Planeamiento y Presupuesto,https://epdoc2.elperuano.pe/EpPo/DescargaINDA.asp?Referencias=NDNVTlVOVU5VTjlXVkJZQlRNTEhZQkxIOVdfX1M4OVc5V1hDWVhMSExI,20240630
20240615,2298121-1,DEFENSA,RESOLUCION MINISTERIAL,No 00588-2024-DE,Autorizan viaje de personal del CONIDA a Austria en comision de servicios,https://epdoc2.elperuano.pe/EpPo/DescargaINDA.asp?Referencias=NDNVTlVOVU5VTjlXVkJZQlRNTEhZQkxIOVdfXzlXTEg5V1hDWVhMSExI,20240630
20240615,2298189-1,DESARROLLO AGRARIO Y RIEGO,RESOLUCION DIRECTORAL,No 0246-2024-MIDAGRI-DVDAFIR-AGRO RURAL-DE,Designan Jefe de la Unidad Zonal Amazonas de AGRO RURAL,https://epdoc2.elperuano.pe/EpPo/DescargaINDA.asp?Referencias=NDNVTlVOVU5VTjlXVkJZQlRNTEhZQkxIOVdfX1lYWEM5V1hDWVhMSExI,20240630
20240615,2297838-1,DESARROLLO E INCLUSIoN SOCIAL,RESOLUCION,No D000060-2024-MIDIS/P65-DE,Designan Jefe de la Unidad Territorial La Libertad del Programa Nacional de Asistencia Solidaria Pension 65,https://epdoc2.elperuano.pe/EpPo/DescargaINDA.asp?Referencias=NDNVTlVOVU5VTjlXVkJZQlRNTEhZQkxIOVdfX1hDUzhYQ1dWWVhMSExI,20240630
20240615,2297934-1,ECONOMIA Y FINANZAS,RESOLUCION DIRECTORAL,No 0006-2024-EF/53.01,Establecen nuevo plazo para la presentacion de la solicitud de opinion favorable para la aprobacion del Presupuesto Analitico de Personal (PAP) en el Ano Fiscal 2024 por parte de las Unidades Ejecutoras del Sector Salud y para la subsanacion de observaciones,https://epdoc2.elperuano.pe/EpPo/DescargaINDA.asp?Referencias=NDNVTlVOVU5VTjlXVkJZQlRNTEhZQkxIOVdfX1RNUzhZWFdWWVhMSExI,20240630
20240615,2298047-1,ECONOMIA Y FINANZAS,RESOLUCION MINISTERIAL,No 199-2024-EF/52,Aprueban la Primera Adenda al Contrato de Fideicomiso de Administracion de Garantias del Fondo de Apoyo Empresarial para el sector textil y confeccion (FAE-TEXCO),https://epdoc2.elperuano.pe/EpPo/DescargaINDA.asp?Referencias=NDNVTlVOVU5VTjlXVkJZQlRNTEhZQkxIOVdfX1dWVE1ZQlhDWVhMSExI,20240630
20240615,2298052-1,ECONOMIA Y FINANZAS,RESOLUCION MINISTERIAL,No 200-2024-EF/52,Aprueban la Segunda Adenda a la Modificacion al Contrato de Fideicomiso de Administracion del Fondo de Apoyo Empresarial a la MYPE (FAE-MYPE),https://epdoc2.elperuano.pe/EpPo/DescargaINDA.asp?Referencias=NDNVTlVOVU5VTjlXVkJZQlRNTEhZQkxIOVdfX0xIVU5ZQlhDWVhMSExI,20240630
20240615,2298060-1,ECONOMIA Y FINANZAS,RESOLUCION MINISTERIAL,No 201-2024-EF/52,Aprueban la Segunda Adenda al Contrato de Fideicomiso de Administracion del Fondo CRECER,https://epdoc2.elperuano.pe/EpPo/DescargaINDA.asp?Referencias=NDNVTlVOVU5VTjlXVkJZQlRNTEhZQkxIOVdfX1lCVkJZQlhDWVhMSExI,20240630
20240615,2298063-1,ECONOMIA Y FINANZAS,RESOLUCION MINISTERIAL,No 202-2024-EF/10,Autorizan viaje de Director de la Direccion de Portafolio de Proyectos de PROINVERSIoN a Colombia en comision de servicios,https://epdoc2.elperuano.pe/EpPo/DescargaINDA.asp?Referencias=NDNVTlVOVU5VTjlXVkJZQlRNTEhZQkxIOVdfX1M4VkJZQlhDWVhMSExI,20240630
20240615,2298102-1,ECONOMIA Y FINANZAS,RESOLUCION MINISTERIAL,No 203-2024-EF/41,Modifican el Plan Operativo Institucional (POI) Anual 2024 del Ministerio de Economia y Finanzas,https://epdoc2.elperuano.pe/EpPo/DescargaINDA.asp?Referencias=NDNVTlVOVU5VTjlXVkJZQlRNTEhZQkxIOVdfX0xIWUI5V1hDWVhMSExI,20240630
20240615,2298238-1,EDUCACION,RESOLUCION MINISTERIAL,No 300-2024-MINEDU,Designan Directora de la Direccion de Educacion Basica Especial de la Direccion General de Servicios Educativos Especializados,https://epdoc2.elperuano.pe/EpPo/DescargaINDA.asp?Referencias=NDNVTlVOVU5VTjlXVkJZQlRNTEhZQkxIOVdfX1hDUzhMSFhDWVhMSExI,20240630
20240615,2298159-1,EDUCACION,RESOLUCION VICE MINISTERIAL,No 068-2024-MINEDU,Constituyen la Comision Organizadora de la Universidad Nacional Tecnologica de San Juan de Lurigancho,https://epdoc2.elperuano.pe/EpPo/DescargaINDA.asp?Referencias=NDNVTlVOVU5VTjlXVkJZQlRNTEhZQkxIOVdfX1lYVU45V1hDWVhMSExI,20240630
20240615,2298263-1,ENERGIA Y MINAS,RESOLUCION MINISTERIAL,No 244-2024-MINEM/DM,Designan Director General de la Direccion General de Electrificacion Rural del Ministerio de Energia y Minas,https://epdoc2.elperuano.pe/EpPo/DescargaINDA.asp?Referencias=NDNVTlVOVU5VTjlXVkJZQlRNTEhZQkxIOVdfX1M4VkJMSFhDWVhMSExI,20240630
20240615,2297914-1,INTERIOR,RESOLUCION MINISTERIAL,No 0790-2024-IN,Designan Jefe de Gabinete de Asesores de la Alta Direccion del Despacho Ministerial,https://epdoc2.elperuano.pe/EpPo/DescargaINDA.asp?Referencias=NDNVTlVOVU5VTjlXVkJZQlRNTEhZQkxIOVdfX1RNOVdZWFdWWVhMSExI,20240630
20240615,2298261-1,INTERIOR,RESOLUCION MINISTERIAL,No 0797-2024-IN,Autorizan viaje de personal policial a Argentina en comision de servicios,https://epdoc2.elperuano.pe/EpPo/DescargaINDA.asp?Referencias=NDNVTlVOVU5VTjlXVkJZQlRNTEhZQkxIOVdfXzlXVkJMSFhDWVhMSExI,20240630
20240615,2297939-1,JUSTICIA Y DERECHOS HUMANOS,RESOLUCION MINISTERIAL,No 0147-2024-JUS,Autorizan al Programa Nacional de Bienes Incautados - PRONABI a realizar las gestiones necesarias ante el Ministerio de Economia y Finanzas a efectos de viabilizar la asignacion financiera a favor del Ministerio de Relaciones Exteriores,https://epdoc2.elperuano.pe/EpPo/DescargaINDA.asp?Referencias=NDNVTlVOVU5VTjlXVkJZQlRNTEhZQkxIOVdfX1lYUzhZWFdWWVhMSExI,20240630
20240615,2298204-1,PRODUCE,RESOLUCION,No 000099-2024-ITP/DE,Designan Asesor II de la Direccion Ejecutiva del Instituto Tecnologico de la Produccion (ITP),https://epdoc2.elperuano.pe/EpPo/DescargaINDA.asp?Referencias=NDNVTlVOVU5VTjlXVkJZQlRNTEhZQkxIOVdfX1RNWUJMSFhDWVhMSExI,20240630
20240615,2298136-1,SALUD,RESOLUCION MINISTERIAL,No 419-2024/MINSA,Designan Ejecutivo Adjunto II de la Secretaria General del Ministerio,https://epdoc2.elperuano.pe/EpPo/DescargaINDA.asp?Referencias=NDNVTlVOVU5VTjlXVkJZQlRNTEhZQkxIOVdfX1ZCUzg5V1hDWVhMSExI,20240630
20240615,2298137-1,TRABAJO Y PROMOCION DEL EMPLEO,RESOLUCION VICE MINISTERIAL,No 003-2024-MTPE/3,Modifican la Directiva General No 001-2016-MTPE/3/18 Lineamientos para la constitucion y el funcionamiento del Centro de Empleo y su integracion a la Red Nacional del Servicio Nacional del Empleo,https://epdoc2.elperuano.pe/EpPo/DescargaINDA.asp?Referencias=NDNVTlVOVU5VTjlXVkJZQlRNTEhZQkxIOVdfX1dWUzg5V1hDWVhMSExI,20240630
20240615,2296832-1,TRANSPORTES Y COMUNICACIONES,RESOLUCION DIRECTORAL,No 0322-2024-MTC/17.03,Autorizan para operar como Centro de Revision Periodica de Cilindros Tipo I II III o IV a la empresa CENTRO DE REPRUEBA PERU E.I.R.L. en local ubicado en el departamento de Lima,https://epdoc2.elperuano.pe/EpPo/DescargaINDA.asp?Referencias=NDNVTlVOVU5VTjlXVkJZQlRNTEhZQkxIOVdfX0xIUzhYQ1ZCWVhMSExI,20240630
20240615,2297818-1,TRANSPORTES Y COMUNICACIONES,RESOLUCION MINISTERIAL,No 314-2024-MTC/01,Aprueban el Plan Operativo Institucional (POI) Anual 2024 Modificado - Version 1 del Pliego 036: Ministerio de Transportes y Comunicaciones,https://epdoc2.elperuano.pe/EpPo/DescargaINDA.asp?Referencias=NDNVTlVOVU5VTjlXVkJZQlRNTEhZQkxIOVdfX1hDOVdYQ1dWWVhMSExI,20240630
20240615,2297918-1,INSTITUTO PERUANO DEL DEPORTE,RESOLUCION,No 050-2024-IPD/P,Designan Presidente del Consejo Regional del Deporte de Tumbes,https://epdoc2.elperuano.pe/EpPo/DescargaINDA.asp?Referencias=NDNVTlVOVU5VTjlXVkJZQlRNTEhZQkxIOVdfX1hDOVdZWFdWWVhMSExI,20240630
20240615,2298226-1,SEGURO INTEGRAL DE SALUD,RESOLUCION JEFATURAL,No 000081-2024-SIS/J,Designan Director General de la Oficina General de Administracion de Recursos del Seguro Integral de Salud,https://epdoc2.elperuano.pe/EpPo/DescargaINDA.asp?Referencias=NDNVTlVOVU5VTjlXVkJZQlRNTEhZQkxIOVdfX1ZCTEhMSFhDWVhMSExI,20240630
20240615,2298235-1,SEGURO INTEGRAL DE SALUD,RESOLUCION JEFATURAL,No 000080-2024-SIS/J,Designan Director General de la Oficina General de Administracion de Recursos del Seguro Integral de Salud,https://epdoc2.elperuano.pe/EpPo/DescargaINDA.asp?Referencias=NDNVTlVOVU5VTjlXVkJZQlRNTEhZQkxIOVdfX1VOUzhMSFhDWVhMSExI,20240630
20240615,2297830-1,CENTRO NACIONAL DE PLANEAMIENTO ESTRATeGICO,RESOLUCION,No 0055-2024/CEPLAN/PCD,Aprueban version actualizada de la Guia para el Planeamiento Institucional,https://epdoc2.elperuano.pe/EpPo/DescargaINDA.asp?Referencias=NDNVTlVOVU5VTjlXVkJZQlRNTEhZQkxIOVdfX1lCUzhYQ1dWWVhMSExI,20240630
20240615,2298109-1,INSTITUTO GEOLoGICO MINERO Y METALuRGICO,RESOLUCION,No 0063-2024-INGEMMET/PE,Disponen publicar relacion de las concesiones mineras cuyos titulos se aprobaron en mayo del 2024,https://epdoc2.elperuano.pe/EpPo/DescargaINDA.asp?Referencias=NDNVTlVOVU5VTjlXVkJZQlRNTEhZQkxIOVdfX1lYWUI5V1hDWVhMSExI,20240630
20240615,2297499-1,INSTITUTO NACIONAL DE DEFENSA DE LA COMPETENCIA Y DE LA PROTECCION DE LA PROPIEDAD INTELECTUAL,RESOLUCION,No 000104-2024-GEG/INDECOPI,Designan Secretaria Tecnica de los organos Instructores del Procedimiento Administrativo del INDECOPI,https://epdoc2.elperuano.pe/EpPo/DescargaINDA.asp?Referencias=NDNVTlVOVU5VTjlXVkJZQlRNTEhZQkxIOVdfX1lYWVhUTVdWWVhMSExI,20240630
20240615,2297713-1,INSTITUTO NACIONAL DE DEFENSA DE LA COMPETENCIA Y DE LA PROTECCION DE LA PROPIEDAD INTELECTUAL,RESOLUCION,No 0432-2024/SEL-INDECOPI,Declaran barrera burocratica ilegal lo dispuesto en el procedimiento 286 del Texto unico de Procedimientos Administrativos del Gobierno Regional de Arequipa aprobado por Ordenanza Regional 411-AREQUIPA,https://epdoc2.elperuano.pe/EpPo/DescargaINDA.asp?Referencias=NDNVTlVOVU5VTjlXVkJZQlRNTEhZQkxIOVdfX1M4OVdXVldWWVhMSExI,20240630
20240615,2298188-1,ORGANISMO SUPERVISOR DE LAS CONTRATACIONES DEL ESTADO,RESOLUCION,No D000097-2024-OSCE-PRE,Designan Subdirector de la Subdireccion de Identificacion de Riesgos que afectan la Competencia del OSCE,https://epdoc2.elperuano.pe/EpPo/DescargaINDA.asp?Referencias=NDNVTlVOVU5VTjlXVkJZQlRNTEhZQkxIOVdfX1hDWEM5V1hDWVhMSExI,20240630
20240615,2298124-1,CONSEJO EJECUTIVO DEL PODER JUDICIAL,INVESTIGACION,DEFINITIVA No 704-2022-CUSCO,Imponen medida disciplinaria de destitucion a jueza de paz del Radio Urbano del Distrito de Santiago Distrito Judicial de Cusco,https://epdoc2.elperuano.pe/EpPo/DescargaINDA.asp?Referencias=NDNVTlVOVU5VTjlXVkJZQlRNTEhZQkxIOVdfX1RNTEg5V1hDWVhMSExI,20240630
20240615,2297906-1,ACADEMIA DE LA MAGISTRATURA,RESOLUCION,No 000005-2024-D-AMAG/CD,Formalizan autorizacion de viaje de Directora General y Consejera de la Academia de la Magistratura a Mexico en comision de servicios,https://epdoc2.elperuano.pe/EpPo/DescargaINDA.asp?Referencias=NDNVTlVOVU5VTjlXVkJZQlRNTEhZQkxIOVdfX1ZCWUJZWFdWWVhMSExI,20240630
20240615,2295255-1,INSTITUCIONES EDUCATIVAS,RESOLUCION,No 2055-2024-UNC,Autorizan viaje de docente de la Universidad Nacional de Cajamarca a Espana en comision de servicios,https://epdoc2.elperuano.pe/EpPo/DescargaINDA.asp?Referencias=NDNVTlVOVU5VTjlXVkJZQlRNTEhZQkxIOVdfX1VOVU5MSFVOWVhMSExI,20240630
20240615,2298210-1,INSTITUCIONES EDUCATIVAS,RESOLUCION,No 2167-2024-UNI,Aprueban viaje de servidora de la Universidad Nacional de Ingenieria para participar en evento a realizarse en Espana,https://epdoc2.elperuano.pe/EpPo/DescargaINDA.asp?Referencias=NDNVTlVOVU5VTjlXVkJZQlRNTEhZQkxIOVdfX1lCOVdMSFhDWVhMSExI,20240630
20240615,2283436-1,GOBIERNO REGIONAL DE HUANCAVELICA,ORDENANZA,No 528-GOB.REG-HVCA/CR,Ordenanza Regional que declara como politica publica regional la implementacion de las Redes Integradas de Salud y el Modelo de Cuidado Integral de Salud por Curso de Vida para la Persona Familia y Comunidad en la Region Huancavelica,https://epdoc2.elperuano.pe/EpPo/DescargaINDA.asp?Referencias=NDNVTlVOVU5VTjlXVkJZQlRNTEhZQkxIOVdfX1ZCUzhUTVM4WENMSExI,20240630
20240615,2295703-1,MUNICIPALIDAD DE EL AGUSTINO,DECRETO DE ALCALDIA,No 09-2024-MDEA,Prorrogan vigencia de la Ordenanza No740-2024-MDEA que establecio beneficios tributarios y no tributarios a favor de contribuyentes del distrito de El Agustino,https://epdoc2.elperuano.pe/EpPo/DescargaINDA.asp?Referencias=NDNVTlVOVU5VTjlXVkJZQlRNTEhZQkxIOVdfX1M4WUJXVlVOWVhMSExI,20240630
20240615,2296672-1,MUNICIPALIDAD DE LURIN,ORDENANZA,No 498-2024/MDL,Ordenanza Municipal que prohibe la realizacion de actividades sociales y/o espectaculos publicos no deportivos en espacios publicos e incluyendo las vias en el distrito de Lurin,https://epdoc2.elperuano.pe/EpPo/DescargaINDA.asp?Referencias=NDNVTlVOVU5VTjlXVkJZQlRNTEhZQkxIOVdfX0xIV1ZWQlZCWVhMSExI,20240630
20240615,2297477-1,MUNICIPALIDAD DE SANTIAGO DE SURCO,ORDENANZA,No 702-MSS,Ordenanza que regula la participacion de la Municipalidad de Santiago de Surco en la ejecucion del retiro de cableado en desuso o en mal estado en las zonas urbanas,https://epdoc2.elperuano.pe/EpPo/DescargaINDA.asp?Referencias=NDNVTlVOVU5VTjlXVkJZQlRNTEhZQkxIOVdfX1dWV1ZUTVdWWVhMSExI,20240630
20240615,2297479-1,MUNICIPALIDAD DE SANTIAGO DE SURCO,ORDENANZA,No 703-MSS,Ordenanza de regularizacion para el otorgamiento de licencias de funcionamiento temporales en zonas comerciales consolidadas del distrito de Santiago de Surco,https://epdoc2.elperuano.pe/EpPo/DescargaINDA.asp?Referencias=NDNVTlVOVU5VTjlXVkJZQlRNTEhZQkxIOVdfX1lYV1ZUTVdWWVhMSExI,20240630
20240615,2293921-1,MUNICIPALIDAD PROVINCIAL DE CORONEL PORTILLO,RESOLUCION DE ALCALDIA,No 000244-2024-MPCP/ALC,Formalizan autorizacion de viaje de alcaldesa regidora y funcionario de la municipalidad a Brasil en comision de servicios,https://epdoc2.elperuano.pe/EpPo/DescargaINDA.asp?Referencias=NDNVTlVOVU5VTjlXVkJZQlRNTEhZQkxIOVdfXzlXTEhZWFM4WVhMSExI,20240630
20240614,2297823-1,CONGRESO DE LA REPUBLICA,LEY,No 32057,Ley que declara de interes nacional la creacion de la Universidad Nacional de Sechura en la provincia de Sechura del departamento de Piura,https://epdoc2.elperuano.pe/EpPo/DescargaINDA.asp?Referencias=NDNUTVRNVE1UTTlXVkJZQlRNTEhZQkxIOVdfX1M4TEhYQ1dWWVhMSExI,20240630
20240614,2297823-2,CONGRESO DE LA REPUBLICA,LEY,No 32058,Ley que modifica la Ley 26859 Ley Organica de Elecciones y la Ley 28094 Ley de Organizaciones Politicas a fin de establecer medidas para la optimizacion del proceso electoral,https://epdoc2.elperuano.pe/EpPo/DescargaINDA.asp?Referencias=NDNUTVRNVE1UTTlXVkJZQlRNTEhZQkxITEhfX1M4TEhYQ1dWWVhMSExI,20240630
20240614,2297823-3,CONGRESO DE LA REPUBLICA,LEY,No 32059,Ley que autoriza el nombramiento progresivo del personal administrativo comprendido en el Decreto Legislativo 1057 del Ministerio de Salud sus organismos publicos y los gobiernos regionales,https://epdoc2.elperuano.pe/EpPo/DescargaINDA.asp?Referencias=NDNUTVRNVE1UTTlXVkJZQlRNTEhZQkxIUzhfX1M4TEhYQ1dWWVhMSExI,20240630
20240614,2297104-1,COMERCIO EXTERIOR Y TURISMO,RESOLUCION JEFATURAL,No 077-2024-CENFOTUR/J,Actualizan el Texto unico de Servicios No Exclusivos (TUSNE) del Centro de Formacion en Turismo - CENFOTUR,https://epdoc2.elperuano.pe/EpPo/DescargaINDA.asp?Referencias=NDNUTVRNVE1UTTlXVkJZQlRNTEhZQkxIOVdfX1RNWUI5V1dWWVhMSExI,20240630
20240614,2296916-1,CULTURA,RESOLUCION DIRECTORAL,No 000097-2024-DGPA-VMPCIC/MC,Determinan la Proteccion Provisional del Sitio Arqueologico de Filo de Chilcani Sector A y B ubicado en la Comunidad Campesina de Conchaca distrito de Pausa provincia de Paucar del Sara Sara departamento de Ayacucho,https://epdoc2.elperuano.pe/EpPo/DescargaINDA.asp?Referencias=NDNUTVRNVE1UTTlXVkJZQlRNTEhZQkxIOVdfX1ZCOVdZWFZCWVhMSExI,20240630
20240614,2296918-1,CULTURA,RESOLUCION DIRECTORAL,No 000098-2024-DGPA-VMPCIC/MC,Determinan la Proteccion Provisional del Sitio Arqueologico de Salviapata ubicado en la Comunidad Campesina de Casire distrito de Pausa provincia de Paucar del Sara Sara departamento de Ayacucho,https://epdoc2.elperuano.pe/EpPo/DescargaINDA.asp?Referencias=NDNUTVRNVE1UTTlXVkJZQlRNTEhZQkxIOVdfX1hDOVdZWFZCWVhMSExI,20240630
20240614,2297239-1,CULTURA,RESOLUCION DIRECTORAL,No 000100-2024-DGPA-VMPCIC/MC,Determinan la Proteccion Provisional del Sitio arqueologico Huaca Alvarado ubicado en el distrito de Chincha Baja provincia de Chincha departamento de Ica,https://epdoc2.elperuano.pe/EpPo/DescargaINDA.asp?Referencias=NDNUTVRNVE1UTTlXVkJZQlRNTEhZQkxIOVdfX1lYUzhMSFdWWVhMSExI,20240630
20240614,2296645-1,CULTURA,RESOLUCION MINISTERIAL,No 000229-2024-MC,Otorgan la distincion de Personalidad Meritoria de la Cultura,https://epdoc2.elperuano.pe/EpPo/DescargaINDA.asp?Referencias=NDNUTVRNVE1UTTlXVkJZQlRNTEhZQkxIOVdfX1VOVE1WQlZCWVhMSExI,20240630
20240614,2297496-1,DEFENSA,RESOLUCION JEFATURAL,No 00070-2024-CENEPRED/J,Designan Asesor en Gestion Administrativa de la Secretaria General del CENEPRED,https://epdoc2.elperuano.pe/EpPo/DescargaINDA.asp?Referencias=NDNUTVRNVE1UTTlXVkJZQlRNTEhZQkxIOVdfX1ZCWVhUTVdWWVhMSExI,20240630
20240614,2297426-1,DEFENSA,RESOLUCION MINISTERIAL,No 00576-2024-DE,Autorizan viaje de delegacion del Ejercito del Peru a Brasil en comision de servicios,https://epdoc2.elperuano.pe/EpPo/DescargaINDA.asp?Referencias=NDNUTVRNVE1UTTlXVkJZQlRNTEhZQkxIOVdfX1ZCTEhUTVdWWVhMSExI,20240630
20240614,2297505-1,DEFENSA,RESOLUCION MINISTERIAL,No 00580-2024-DE,Designan Director de la Direccion Academica del Centro de Altos Estudios Nacionales - Escuela de Post Grado,https://epdoc2.elperuano.pe/EpPo/DescargaINDA.asp?Referencias=NDNUTVRNVE1UTTlXVkJZQlRNTEhZQkxIOVdfX1VOWUJVTldWWVhMSExI,20240630
20240614,2297506-1,DEFENSA,RESOLUCION MINISTERIAL,No 00577-2024-DE,Modifican la R.M. No 00423-2024-DE que autorizo viaje de funcionarios del Ministerio a los EE.UU. en comision de servicios,https://epdoc2.elperuano.pe/EpPo/DescargaINDA.asp?Referencias=NDNUTVRNVE1UTTlXVkJZQlRNTEhZQkxIOVdfX1ZCWUJVTldWWVhMSExI,20240630
20240614,2297821-2,DESARROLLO AGRARIO Y RIEGO,RESOLUCION SUPREMA,No 012-2024-MIDAGRI,Designan representante del Ministerio de Desarrollo Agrario y Riego - MIDAGRI ante el Consejo Directivo del Instituto Nacional de Calidad - INACAL,https://epdoc2.elperuano.pe/EpPo/DescargaINDA.asp?Referencias=NDNUTVRNVE1UTTlXVkJZQlRNTEhZQkxITEhfXzlXTEhYQ1dWWVhMSExI,20240630
20240614,2297528-1,ECONOMIA Y FINANZAS,RESOLUCION MINISTERIAL,No 196-2024-EF/10,Designan representante del Ministerio ante el Comite de Seleccion a cargo de ejecutar las normas que regulan el proceso de designacion del Jefe del Instituto Nacional de Estadistica e Informatica - INEI,https://epdoc2.elperuano.pe/EpPo/DescargaINDA.asp?Referencias=NDNUTVRNVE1UTTlXVkJZQlRNTEhZQkxIOVdfX1hDTEhVTldWWVhMSExI,20240630
20240614,2297821-3,EDUCACION,RESOLUCION SUPREMA,No 008-2024-MINEDU,Designan Directora General de la Direccion General de Educacion Tecnico-Productiva y Superior Tecnologica y Artistica dependiente del Viceministerio de Gestion Pedagogica,https://epdoc2.elperuano.pe/EpPo/DescargaINDA.asp?Referencias=NDNUTVRNVE1UTTlXVkJZQlRNTEhZQkxIUzhfXzlXTEhYQ1dWWVhMSExI,20240630
20240614,2297821-1,ENERGIA Y MINAS,DECRETO SUPREMO,No 009-2024-EM,Decreto Supremo que declara de necesidad publica la inversion privada en actividad minera y autoriza a empresa minera con inversion extranjera a adquirir derechos mineros dentro de los cincuenta kilometros de zona de frontera,https://epdoc2.elperuano.pe/EpPo/DescargaINDA.asp?Referencias=NDNUTVRNVE1UTTlXVkJZQlRNTEhZQkxIOVdfXzlXTEhYQ1dWWVhMSExI,20240630
20240614,2297510-1,INTERIOR,RESOLUCION MINISTERIAL,No 0779-2024-IN,Designan Asesor II del Despacho Viceministerial de Orden Interno,https://epdoc2.elperuano.pe/EpPo/DescargaINDA.asp?Referencias=NDNUTVRNVE1UTTlXVkJZQlRNTEhZQkxIOVdfX1lCOVdVTldWWVhMSExI,20240630
20240614,2297803-1,INTERIOR,RESOLUCION MINISTERIAL,No 0782-2024-IN,Designan Secretario General del Ministerio del Interior,https://epdoc2.elperuano.pe/EpPo/DescargaINDA.asp?Referencias=NDNUTVRNVE1UTTlXVkJZQlRNTEhZQkxIOVdfX1M4WUJYQ1dWWVhMSExI,20240630
20240614,2297822-2,INTERIOR,RESOLUCION MINISTERIAL,No 0791-2024-IN,Designan Director de la Direccion de Operaciones Estrategicas de Recursos de la Direccion General de Inteligencia,https://epdoc2.elperuano.pe/EpPo/DescargaINDA.asp?Referencias=NDNUTVRNVE1UTTlXVkJZQlRNTEhZQkxITEhfX0xITEhYQ1dWWVhMSExI,20240630
20240614,2298164-1,MUJER Y POBLACIONES VULNERABLES,RESOLUCION,No D000115-2024-CONADIS-PRE,Modifican la Resolucion de Presidencia No D000001-2024-CONADIS-PRE mediante la cual se delegan facultades de la Presidencia a diferentes organos y unidades del CONADIS para el ejercicio fiscal 2024,https://epdoc2.elperuano.pe/EpPo/DescargaINDA.asp?Referencias=NDNUTVRNVE1UTTlXVkJZQlRNTEhZQkxIOVdfX1RNVkI5V1hDWVhMSExI,20240630
20240614,2297765-1,PRODUCE,RESOLUCION MINISTERIAL,No 000250-2024-PRODUCE,Establecen la cuota maxima de captura permisible del recurso pulpo para el ano 2024 y dictan otras disposiciones,https://epdoc2.elperuano.pe/EpPo/DescargaINDA.asp?Referencias=NDNUTVRNVE1UTTlXVkJZQlRNTEhZQkxIOVdfX1VOVkJXVldWWVhMSExI,20240630
20240614,2296829-1,TRANSPORTES Y COMUNICACIONES,RESOLUCION DIRECTORAL,No 0335-2024-MTC/17.03,Autorizan a la empresa CENTRO DE INSPECCION TECNICA VEHICULAR AUTOMOTRIZ S.A.C. para operar como Centro de Inspeccion Tecnica Vehicular fijo en local ubicado en el departamento de San Martin,https://epdoc2.elperuano.pe/EpPo/DescargaINDA.asp?Referencias=NDNUTVRNVE1UTTlXVkJZQlRNTEhZQkxIOVdfX1lYTEhYQ1ZCWVhMSExI,20240630
20240614,2297399-1,ORGANISMO SUPERVISOR DE LA INVERSIoN EN INFRAESTRUCTURA DE TRANSPORTE DE USO PuBLICO,RESOLUCION,No 0037-2024-PD-OSITRAN,Aprueban el inicio del procedimiento de fijacion tarifaria a pedido de parte solicitado por la empresa Concesionaria Puerto Amazonas S.A. de los Servicios Especiales Deposito Temporal Fluvial - Contenedores y Deposito Temporal Fluvial - Carga Fraccionada en el Nuevo Terminal Portuario de Yurimaguas - Nueva Reforma,https://epdoc2.elperuano.pe/EpPo/DescargaINDA.asp?Referencias=NDNUTVRNVE1UTTlXVkJZQlRNTEhZQkxIOVdfX1lYWVhTOFdWWVhMSExI,20240630
20240614,2297308-1,ORGANISMO SUPERVISOR DE INVERSION PRIVADA EN TELECOMUNICACIONES,RESOLUCION,No 00154-2024-CD/OSIPTEL,Declaran infundado recurso de apelacion interpuesto por TELEFoNICA DEL PERu SAA contra la Resolucion No 0106-2024-GG/OSIPTEL,https://epdoc2.elperuano.pe/EpPo/DescargaINDA.asp?Referencias=NDNUTVRNVE1UTTlXVkJZQlRNTEhZQkxIOVdfX1hDWUJTOFdWWVhMSExI,20240630
20240614,2298228-1,AUTORIDAD NACIONAL DEL AGUA,RESOLUCION JEFATURAL,No 0243-2024-ANA,Designan Subdirector de la Unidad de Presupuesto de la Autoridad Nacional del Agua,https://epdoc2.elperuano.pe/EpPo/DescargaINDA.asp?Referencias=NDNUTVRNVE1UTTlXVkJZQlRNTEhZQkxIOVdfX1hDTEhMSFhDWVhMSExI,20240630
20240614,2297331-1,AUTORIDAD NACIONAL DEL SERVICIO CIVIL,RESOLUCION,No 000087-2024-SERVIR-PE,Exceptuan a la Contraloria General de la Republica del tope de cincuenta (50) servidores de confianza previsto en el articulo 6 de la Ley No 31419 Ley que establece disposiciones para garantizar la idoneidad en el acceso y ejercicio de la funcion publica de funcionarios y directivos de libre designacion y remocion,https://epdoc2.elperuano.pe/EpPo/DescargaINDA.asp?Referencias=NDNUTVRNVE1UTTlXVkJZQlRNTEhZQkxIOVdfXzlXUzhTOFdWWVhMSExI,20240630
20240614,2297784-1,SUPERINTENDENCIA NACIONAL DE ADUANAS Y DE ADMINISTRACIoN TRIBUTARIA,RESOLUCION,No 000123-2024/SUNAT,Modifican el Anexo III de la Resolucion de Superintendencia No 014-2018/SUNAT para la presentacion del sustento tecnico por el uso de un metodo distinto al precio comparable no controlado en operaciones de exportacion o importacion de los bienes comprendidos en el Anexo No 2 del Reglamento de la Ley del Impuesto a la Renta,https://epdoc2.elperuano.pe/EpPo/DescargaINDA.asp?Referencias=NDNUTVRNVE1UTTlXVkJZQlRNTEhZQkxIOVdfX1RNWENXVldWWVhMSExI,20240630
20240614,2297369-1,SUPERINTENDENCIA NACIONAL DE LOS REGISTROS PUBLICOS,RESOLUCION,No 087-2024-SUNARP/SN,Autorizan transferencia financiera de la Unidad Ejecutora 005 SUNARP Sede Arequipa a favor de la Contraloria General de la Republica,https://epdoc2.elperuano.pe/EpPo/DescargaINDA.asp?Referencias=NDNUTVRNVE1UTTlXVkJZQlRNTEhZQkxIOVdfX1lYVkJTOFdWWVhMSExI,20240630
20240614,2295832-1,BANCO CENTRAL DE RESERVA,RESOLUCION,No 0027-2024-BCRP-N,Autorizan mision en el exterior a Especialista en Gestion de Portafolios Liquidos de la Gerencia de Operaciones Internacionales a realizarse en el Reino Unido,https://epdoc2.elperuano.pe/EpPo/DescargaINDA.asp?Referencias=NDNUTVRNVE1UTTlXVkJZQlRNTEhZQkxIOVdfX0xIUzhYQ1VOWVhMSExI,20240630
20240614,2297469-1,CONTRALORIA GENERAL DE LA REPUBLICA,RESOLUCION,No 278-2024-CG,Designan Jefa del organo de Control Institucional del Ministerio de Energia y Minas,https://epdoc2.elperuano.pe/EpPo/DescargaINDA.asp?Referencias=NDNUTVRNVE1UTTlXVkJZQlRNTEhZQkxIOVdfX1lYVkJUTVdWWVhMSExI,20240630
20240614,2297687-1,CONTRALORIA GENERAL DE LA REPUBLICA,RESOLUCION,No 281-2024-CG,Modifican la Resolucion de Contraloria No 247-2024-CG,https://epdoc2.elperuano.pe/EpPo/DescargaINDA.asp?Referencias=NDNUTVRNVE1UTTlXVkJZQlRNTEhZQkxIOVdfX1dWWENWQldWWVhMSExI,20240630
20240614,2297275-1,FUERO MILITAR POLICIAL,RESOLUCION ADMINISTRATIVA,No 077-2024-FMP/CE/SG,Designan a la Jefa de la Oficina de Inspectoria del Fuero Militar Policial el cargo adicional de Oficial de Integridad del Fuero Militar Policial,https://epdoc2.elperuano.pe/EpPo/DescargaINDA.asp?Referencias=NDNUTVRNVE1UTTlXVkJZQlRNTEhZQkxIOVdfX1VOV1ZMSFdWWVhMSExI,20240630
20240614,2297276-1,FUERO MILITAR POLICIAL,RESOLUCION ADMINISTRATIVA,No 073-2024-FMP/CE/P,Designan Jefa de la Inspectoria General del Fuero Militar Policial,https://epdoc2.elperuano.pe/EpPo/DescargaINDA.asp?Referencias=NDNUTVRNVE1UTTlXVkJZQlRNTEhZQkxIOVdfX1ZCV1ZMSFdWWVhMSExI,20240630
20240614,2297054-1,INSTITUCIONES EDUCATIVAS,RESOLUCION,No 2897-2023-CU-UNFV,Autorizan la expedicion de duplicado de diploma de Titulo de Ingeniero Civil de la Universidad Nacional Federico Villarreal,https://epdoc2.elperuano.pe/EpPo/DescargaINDA.asp?Referencias=NDNUTVRNVE1UTTlXVkJZQlRNTEhZQkxIOVdfX1RNVU5ZQldWWVhMSExI,20240630
20240614,2297056-1,INSTITUCIONES EDUCATIVAS,RESOLUCION,No 2945-2024-CU-UNFV,Autorizan la expedicion de duplicado de diploma de Grado de Bachiller en Medicina de la Universidad Nacional Federico Villarreal,https://epdoc2.elperuano.pe/EpPo/DescargaINDA.asp?Referencias=NDNUTVRNVE1UTTlXVkJZQlRNTEhZQkxIOVdfX1ZCVU5ZQldWWVhMSExI,20240630
20240614,2297060-1,INSTITUCIONES EDUCATIVAS,RESOLUCION,No 2954-2024-CU-UNFV,Autorizan la expedicion de duplicado de diploma de Titulo de Ingeniero Electronico de la Universidad Nacional Federico Villarreal,https://epdoc2.elperuano.pe/EpPo/DescargaINDA.asp?Referencias=NDNUTVRNVE1UTTlXVkJZQlRNTEhZQkxIOVdfX1lCVkJZQldWWVhMSExI,20240630
20240614,2297061-1,INSTITUCIONES EDUCATIVAS,RESOLUCION,No 2955-2024-CU-UNFV,Autorizan la expedicion de duplicado de diploma de Grado de Bachiller en Ingenieria Electronica de la Universidad Nacional Federico Villarreal,https://epdoc2.elperuano.pe/EpPo/DescargaINDA.asp?Referencias=NDNUTVRNVE1UTTlXVkJZQlRNTEhZQkxIOVdfXzlXVkJZQldWWVhMSExI,20240630
20240614,2297064-1,INSTITUCIONES EDUCATIVAS,RESOLUCION,No 3007-2024-UNFV,Autorizan transferencia financiera de la Universidad Nacional Federico Villarreal a favor de la Contraloria General de la Republica,https://epdoc2.elperuano.pe/EpPo/DescargaINDA.asp?Referencias=NDNUTVRNVE1UTTlXVkJZQlRNTEhZQkxIOVdfX1RNVkJZQldWWVhMSExI,20240630
20240614,2297066-1,INSTITUCIONES EDUCATIVAS,RESOLUCION,No 3009-2024-CU-UNFV,Autorizan la expedicion de duplicado de diploma de Titulo de Licenciado en Educacion Secundaria de la Universidad Nacional Federico Villarreal,https://epdoc2.elperuano.pe/EpPo/DescargaINDA.asp?Referencias=NDNUTVRNVE1UTTlXVkJZQlRNTEhZQkxIOVdfX1ZCVkJZQldWWVhMSExI,20240630
20240614,2297068-1,INSTITUCIONES EDUCATIVAS,RESOLUCION,No 3104-2024-CU-UNFV,Autorizan la expedicion de duplicado de diploma de Titulo de Licenciado en Psicologia de la Universidad Nacional Federico Villarreal,https://epdoc2.elperuano.pe/EpPo/DescargaINDA.asp?Referencias=NDNUTVRNVE1UTTlXVkJZQlRNTEhZQkxIOVdfX1hDVkJZQldWWVhMSExI,20240630
20240614,2297071-1,INSTITUCIONES EDUCATIVAS,RESOLUCION,No 3197-2024-CU-UNFV,Autorizan la expedicion de duplicado de diploma de Titulo de Medico Cirujano de la Universidad Nacional Federico Villarreal,https://epdoc2.elperuano.pe/EpPo/DescargaINDA.asp?Referencias=NDNUTVRNVE1UTTlXVkJZQlRNTEhZQkxIOVdfXzlXV1ZZQldWWVhMSExI,20240630
20240614,2297073-1,INSTITUCIONES EDUCATIVAS,RESOLUCION,No 3199- 2024-CU-UNFV,Autorizan la expedicion de duplicado de diploma de Titulo de Licenciado en Educacion de la Universidad Nacional Federico Villarreal,https://epdoc2.elperuano.pe/EpPo/DescargaINDA.asp?Referencias=NDNUTVRNVE1UTTlXVkJZQlRNTEhZQkxIOVdfX1M4V1ZZQldWWVhMSExI,20240630
20240614,2297074-1,INSTITUCIONES EDUCATIVAS,RESOLUCION,No 3200-2024-CU-UNFV,Autorizan la expedicion de duplicado de diploma de Titulo de Licenciada en Educacion Inicial de la Universidad Nacional Federico Villarreal,https://epdoc2.elperuano.pe/EpPo/DescargaINDA.asp?Referencias=NDNUTVRNVE1UTTlXVkJZQlRNTEhZQkxIOVdfX1RNV1ZZQldWWVhMSExI,20240630
20240614,2297077-1,INSTITUCIONES EDUCATIVAS,RESOLUCION,No 3241-2024-CU-UNFV,Autorizan la expedicion de duplicado de diploma de Grado de Bachiller en Educacion de la Universidad Nacional Federico Villarreal,https://epdoc2.elperuano.pe/EpPo/DescargaINDA.asp?Referencias=NDNUTVRNVE1UTTlXVkJZQlRNTEhZQkxIOVdfX1dWV1ZZQldWWVhMSExI,20240630
20240614,2297079-1,INSTITUCIONES EDUCATIVAS,RESOLUCION,No 3242-2024-CU-UNFV,Autorizan la expedicion de duplicado de diploma de Titulo de Economista de la Universidad Nacional Federico Villarreal,https://epdoc2.elperuano.pe/EpPo/DescargaINDA.asp?Referencias=NDNUTVRNVE1UTTlXVkJZQlRNTEhZQkxIOVdfX1lYV1ZZQldWWVhMSExI,20240630
20240614,2297082-1,INSTITUCIONES EDUCATIVAS,RESOLUCION,No 3243-2024-CU-UNFV,Autorizan la expedicion de duplicado de diploma de Titulo de Ingeniero Civil de la Universidad Nacional Federico Villarreal,https://epdoc2.elperuano.pe/EpPo/DescargaINDA.asp?Referencias=NDNUTVRNVE1UTTlXVkJZQlRNTEhZQkxIOVdfX0xIWENZQldWWVhMSExI,20240630
20240614,2297084-1,INSTITUCIONES EDUCATIVAS,RESOLUCION,No 3339-2024-CU-UNFV,Autorizan la expedicion de duplicado de diploma de Titulo de Licenciado en Tecnologia Medica de la Universidad Nacional Federico Villarreal,https://epdoc2.elperuano.pe/EpPo/DescargaINDA.asp?Referencias=NDNUTVRNVE1UTTlXVkJZQlRNTEhZQkxIOVdfX1RNWENZQldWWVhMSExI,20240630
20240614,2297088-1,INSTITUCIONES EDUCATIVAS,RESOLUCION,No 3345-2024-CU-UNFV,Autorizan la expedicion de duplicado de diploma de Grado de Bachiller en Ciencias Economicas de la Universidad Nacional Federico Villarreal,https://epdoc2.elperuano.pe/EpPo/DescargaINDA.asp?Referencias=NDNUTVRNVE1UTTlXVkJZQlRNTEhZQkxIOVdfX1hDWENZQldWWVhMSExI,20240630
20240614,2297089-1,INSTITUCIONES EDUCATIVAS,RESOLUCION,No 3346-2024-CU-UNFV,Autorizan la expedicion de duplicado de diploma de Titulo de Licenciada en Educacion Primaria de la Universidad Nacional Federico Villarreal,https://epdoc2.elperuano.pe/EpPo/DescargaINDA.asp?Referencias=NDNUTVRNVE1UTTlXVkJZQlRNTEhZQkxIOVdfX1lYWENZQldWWVhMSExI,20240630
20240614,2297091-1,INSTITUCIONES EDUCATIVAS,RESOLUCION,No 3392-2024-CU-UNFV,Aprueban actualizacion de tarifas en el Registro de Tarifas de los Servicios no Exclusivos de la Universidad Nacional Federico Villarreal,https://epdoc2.elperuano.pe/EpPo/DescargaINDA.asp?Referencias=NDNUTVRNVE1UTTlXVkJZQlRNTEhZQkxIOVdfXzlXWVhZQldWWVhMSExI,20240630
20240614,2297423-1,JURADO NACIONAL DE ELECCIONES,RESOLUCION,No 0168-2024-JNE,Convocan a ciudadano para que asuma el cargo de regidor del Concejo Distrital de Santa Cruz provincia de Huaylas departamento de ancash,https://epdoc2.elperuano.pe/EpPo/DescargaINDA.asp?Referencias=NDNUTVRNVE1UTTlXVkJZQlRNTEhZQkxIOVdfX1M4TEhUTVdWWVhMSExI,20240630
20240614,2297590-1,JURADO NACIONAL DE ELECCIONES,RESOLUCION,No 0171-2024-JNE,Convocan a ciudadana para que asuma el cargo de regidora del Concejo Distrital de Santo Tomas provincia de Luya departamento de Amazonas,https://epdoc2.elperuano.pe/EpPo/DescargaINDA.asp?Referencias=NDNUTVRNVE1UTTlXVkJZQlRNTEhZQkxIOVdfX1lCWVhVTldWWVhMSExI,20240630
20240614,2297760-1,JURADO NACIONAL DE ELECCIONES,RESOLUCION,No 0169-2024-JNE,Confirman el Acuerdo de Concejo No 006-2024-MDSC que rechazo solicitud de vacancia presentada en contra de regidora del Concejo Distrital de Santa Cruz provincia de Huaylas departamento de ancash,https://epdoc2.elperuano.pe/EpPo/DescargaINDA.asp?Referencias=NDNUTVRNVE1UTTlXVkJZQlRNTEhZQkxIOVdfX1lCVkJXVldWWVhMSExI,20240630
20240614,2297211-1,OFICINA NACIONAL DE PROCESOS ELECTORALES,RESOLUCION JEFATURAL,No 000115-2024-JN/ONPE,Aprueban transferencia financiera y el otorgamiento mensual de la subvencion del FPD de julio a diciembre del ano 2024 a favor de organizaciones politicas beneficiarias,https://epdoc2.elperuano.pe/EpPo/DescargaINDA.asp?Referencias=NDNUTVRNVE1UTTlXVkJZQlRNTEhZQkxIOVdfXzlXOVdMSFdWWVhMSExI,20240630
20240614,2297705-1,REGISTRO NACIONAL DE IDENTIFICACION Y ESTADO CIVIL,RESOLUCION JEFATURAL,No 000099-2024/JNAC/RENIEC,Autorizan viaje de Asesora de la Jefatura Nacional del RENIEC a Uruguay en comision de servicios,https://epdoc2.elperuano.pe/EpPo/DescargaINDA.asp?Referencias=NDNUTVRNVE1UTTlXVkJZQlRNTEhZQkxIOVdfX1VOWUJXVldWWVhMSExI,20240630
20240614,2297270-1,SUPERINTENDENCIA DE BANCA  SEGUROS Y ADMINISTRADORAS PRIVADAS DE FONDOS DE PENSIONES,RESOLUCION,SBS No 02138-2024,Autorizan viaje de analista para participar en evento a realizarse en la Confederacion Suiza,https://epdoc2.elperuano.pe/EpPo/DescargaINDA.asp?Referencias=NDNUTVRNVE1UTTlXVkJZQlRNTEhZQkxIOVdfX1lCV1ZMSFdWWVhMSExI,20240630
20240614,2297302-1,SUPERINTENDENCIA DE BANCA  SEGUROS Y ADMINISTRADORAS PRIVADAS DE FONDOS DE PENSIONES,RESOLUCION,SBS No 02135-2024,Otorgan facultades de representacion a funcionarios de la SBS en condicion de apoderados judiciales en las investigaciones y en los procesos administrativos judiciales constitucionales arbitrales y de conciliacion en los que participe la Superintendencia asi como ante cualquier institucion publica especialmente ante el Poder Judicial el Tribunal Constitucional el Ministerio Publico y la Policia Nacional del Peru,https://epdoc2.elperuano.pe/EpPo/DescargaINDA.asp?Referencias=NDNUTVRNVE1UTTlXVkJZQlRNTEhZQkxIOVdfX0xIWUJTOFdWWVhMSExI,20240630
20240614,2247473-1,GOBIERNO REGIONAL DE AMAZONAS,ACUERDO,No 044-2023-GRA/CR-SE.,Autorizan transferencia financiera a favor de la Mancomunidad Regional Amazonica,https://epdoc2.elperuano.pe/EpPo/DescargaINDA.asp?Referencias=NDNUTVRNVE1UTTlXVkJZQlRNTEhZQkxIOVdfX1M4V1ZUTVdWVE1MSExI,20240630
20240614,2297154-1,GOBIERNO REGIONAL DE ICA,ACUERDO,No 024-2024-GORE-ICA,Autorizan transferencia financiera a favor del Ministerio de Cultura,https://epdoc2.elperuano.pe/EpPo/DescargaINDA.asp?Referencias=NDNUTVRNVE1UTTlXVkJZQlRNTEhZQkxIOVdfX1RNVU45V1dWWVhMSExI,20240630
20240614,2297531-1,GOBIERNO REGIONAL DE LA LIBERTAD,ACUERDO,No 000098-2024-GRLL-CR,Aprueban Transferencia Financiera a favor de la Municipalidad Provincial de Ascope,https://epdoc2.elperuano.pe/EpPo/DescargaINDA.asp?Referencias=NDNUTVRNVE1UTTlXVkJZQlRNTEhZQkxIOVdfXzlXUzhVTldWWVhMSExI,20240630
20240614,2297535-1,GOBIERNO REGIONAL DE LA LIBERTAD,ACUERDO,No 000099-2024-GRLL-CR,Aprueban Transferencia Financiera a favor de la Municipalidad Distrital de El Porvenir,https://epdoc2.elperuano.pe/EpPo/DescargaINDA.asp?Referencias=NDNUTVRNVE1UTTlXVkJZQlRNTEhZQkxIOVdfX1VOUzhVTldWWVhMSExI,20240630
20240614,2297538-1,GOBIERNO REGIONAL DE LA LIBERTAD,ACUERDO,No 000100-2024-GRLL-CR,Aprueban Transferencia Financiera a favor de la Municipalidad Distrital de Chillia,https://epdoc2.elperuano.pe/EpPo/DescargaINDA.asp?Referencias=NDNUTVRNVE1UTTlXVkJZQlRNTEhZQkxIOVdfX1hDUzhVTldWWVhMSExI,20240630
20240614,2297542-1,GOBIERNO REGIONAL DE LA LIBERTAD,ACUERDO,No 000101-2024-GRLL-CR,Aprueban Transferencia Financiera a favor de la Municipalidad Distrital de Pacanga,https://epdoc2.elperuano.pe/EpPo/DescargaINDA.asp?Referencias=NDNUTVRNVE1UTTlXVkJZQlRNTEhZQkxIOVdfX0xIVE1VTldWWVhMSExI,20240630
20240614,2297546-1,GOBIERNO REGIONAL DE LA LIBERTAD,ACUERDO,No 000104-2024-GRLL-CR,Aprueban Transferencia Financiera a favor de la Municipalidad Distrital de Lucma,https://epdoc2.elperuano.pe/EpPo/DescargaINDA.asp?Referencias=NDNUTVRNVE1UTTlXVkJZQlRNTEhZQkxIOVdfX1ZCVE1VTldWWVhMSExI,20240630
20240614,2297551-1,GOBIERNO REGIONAL DE LA LIBERTAD,ACUERDO,No 000105-2024-GRLL-CR,Aprueban Transferencia Financiera a favor de la Municipalidad Distrital de San Jose,https://epdoc2.elperuano.pe/EpPo/DescargaINDA.asp?Referencias=NDNUTVRNVE1UTTlXVkJZQlRNTEhZQkxIOVdfXzlXVU5VTldWWVhMSExI,20240630
20240614,2297554-1,GOBIERNO REGIONAL DE LA LIBERTAD,ACUERDO,No 000106-2024-GRLL-CR,Aprueban Transferencia Financiera a favor de la Municipalidad Distrital de El Porvenir,https://epdoc2.elperuano.pe/EpPo/DescargaINDA.asp?Referencias=NDNUTVRNVE1UTTlXVkJZQlRNTEhZQkxIOVdfX1RNVU5VTldWWVhMSExI,20240630
20240614,2297248-1,GOBIERNO REGIONAL DE PIURA,RESOLUCION,No 926-2023-GOBIERNO REGIONAL PIURA-GR,Modifican la Resolucion Ejecutiva Regional No 485-2023/GOBIERNO REGIONAL PIURA-GR y precisan funciones a ejercer por el Comite de Inversiones del Gobierno Regional Piura,https://epdoc2.elperuano.pe/EpPo/DescargaINDA.asp?Referencias=NDNUTVRNVE1UTTlXVkJZQlRNTEhZQkxIOVdfX1hDVE1MSFdWWVhMSExI,20240630
20240614,2297251-1,GOBIERNO REGIONAL DE PIURA,RESOLUCION,No 066-2024-GOBIERNO REGIONAL PIURA-GR,Rectifican de oficio el error material incurrido en el articulo primero y segundo de la Resolucion Ejecutiva Regional No 926-2023/GOBIERNO REGIONAL PIURA-GGR,https://epdoc2.elperuano.pe/EpPo/DescargaINDA.asp?Referencias=NDNUTVRNVE1UTTlXVkJZQlRNTEhZQkxIOVdfXzlXVU5MSFdWWVhMSExI,20240630
20240614,2296381-1,MUNICIPALIDAD DE CHORRILLOS,Ordenanzas,No 485-MDCH,Ordenanza que establece beneficio de descuento del insoluto gastos de emision e intereses de Arbitrios Municipales de los anos 2023 y 2024 y de gastos de emision e intereses del Impuesto Predial de los anos 2023 y 2024,https://epdoc2.elperuano.pe/EpPo/DescargaINDA.asp?Referencias=NDNUTVRNVE1UTTlXVkJZQlRNTEhZQkxIOVdfXzlXWENTOFZCWVhMSExI,20240630
20240614,2297182-1,MUNICIPALIDAD DE LINCE,ORDENANZA,No 514-2024-MDL,Modifican la Ordenanza No 505-2024-MDL Ordenanza que ratifica la adhesion de la Municipalidad Distrital de Lince a la Mancomunidad Municipal Lima Centro,https://epdoc2.elperuano.pe/EpPo/DescargaINDA.asp?Referencias=NDNUTVRNVE1UTTlXVkJZQlRNTEhZQkxIOVdfX0xIWEM5V1dWWVhMSExI,20240630
20240614,2297549-1,MUNICIPALIDAD DE MAGDALENA DEL MAR,ACUERDO,No 111-2024-MDMM,Autorizan viaje de regidora a la Republica Dominicana en comision de servicios,https://epdoc2.elperuano.pe/EpPo/DescargaINDA.asp?Referencias=NDNUTVRNVE1UTTlXVkJZQlRNTEhZQkxIOVdfX1lYVE1VTldWWVhMSExI,20240630
20240614,2296593-1,MUNICIPALIDAD DE MAGDALENA DEL MAR,ORDENANZA,No 226-2024-MDMM,Ordenanza que aprueba el Procedimiento para el reconocimiento y registro municipal de organizaciones sociales para la participacion vecinal en el distrito de Magdalena del Mar,https://epdoc2.elperuano.pe/EpPo/DescargaINDA.asp?Referencias=NDNUTVRNVE1UTTlXVkJZQlRNTEhZQkxIOVdfX1M4WVhVTlZCWVhMSExI,20240630
20240614,2297730-1,MUNICIPALIDAD DISTRITAL DE LLACANORA,ORDENANZA,No 004-2024-MDLL,Ordenanza que aprueba el Reglamento del Proceso de Elecciones de los Representantes de la Sociedad Civil ante el Consejo de Coordinacion Local Distrital de Llacanora para el periodo de 2024 - 2026,https://epdoc2.elperuano.pe/EpPo/DescargaINDA.asp?Referencias=NDNUTVRNVE1UTTlXVkJZQlRNTEhZQkxIOVdfX1lCUzhXVldWWVhMSExI,20240630
20240614,2297736-1,MUNICIPALIDAD DISTRITAL DE LLACANORA,ORDENANZA,No 005-2024-MDLL,Ordenanza que aprueba los beneficios tributarios y no tributarios extraordinarios 2024,https://epdoc2.elperuano.pe/EpPo/DescargaINDA.asp?Referencias=NDNUTVRNVE1UTTlXVkJZQlRNTEhZQkxIOVdfX1ZCUzhXVldWWVhMSExI,20240630
20240613,2297468-1,CONGRESO DE LA REPUBLICA,LEY,No 32056,Ley que establece medidas para implementar las recomendaciones tecnicas emitidas por las entidades competentes a fin de superar el riesgo mitigable en posesiones informales en vias de formalizacion por parte del Organismo de Formalizacion de la Propiedad Informal (COFOPRI),https://epdoc2.elperuano.pe/EpPo/DescargaINDA.asp?Referencias=NDNTOFM4UzhTODlXVkJZQlRNTEhZQkxIOVdfX1hDVkJUTVdWWVhMSExI,20240630
20240613,2297468-2,DECRETOS DE URGENCIA,DECRETO DE URGENCIA,No 010-2024,Decreto de Urgencia que establece medidas extraordinarias y urgentes en materia economica y financiera para la reactivacion economica del Sector Vivienda Construccion y Saneamiento y dicta otra disposicion,https://epdoc2.elperuano.pe/EpPo/DescargaINDA.asp?Referencias=NDNTOFM4UzhTODlXVkJZQlRNTEhZQkxITEhfX1hDVkJUTVdWWVhMSExI,20240630
20240613,2297385-1,AMBIENTE,RESOLUCION,No 053-2024-SENAMHI/PREJ,Designan Secretaria de Alta Direccion para la Gerencia General del SENAMHI,https://epdoc2.elperuano.pe/EpPo/DescargaINDA.asp?Referencias=NDNTOFM4UzhTODlXVkJZQlRNTEhZQkxIOVdfX1VOWENTOFdWWVhMSExI,20240630
20240613,2296957-1,COMERCIO EXTERIOR Y TURISMO,RESOLUCION MINISTERIAL,No 171-2024-MINCETUR,Aprueban el Plan Operativo Institucional - POI 2024 Modificado version 2 del Pliego 035: Ministerio de Comercio Exterior y Turismo en lo correspondiente a la Unidad Ejecutora 004: Plan COPESCO Nacional,https://epdoc2.elperuano.pe/EpPo/DescargaINDA.asp?Referencias=NDNTOFM4UzhTODlXVkJZQlRNTEhZQkxIOVdfX1dWVU5ZWFZCWVhMSExI,20240630
20240613,2296589-1,CULTURA,RESOLUCION DIRECTORAL,No 000092-2024-DGPA-VMPCIC/MC,Determinan la Proteccion Provisional del Paisaje Arqueologico Ayacuchopata ubicado en el distrito de Vinchos provincia de Huamanga departamento de Ayacucho,https://epdoc2.elperuano.pe/EpPo/DescargaINDA.asp?Referencias=NDNTOFM4UzhTODlXVkJZQlRNTEhZQkxIOVdfX1lYWENVTlZCWVhMSExI,20240630
20240613,2296592-1,CULTURA,RESOLUCION DIRECTORAL,No 000096-2024-DGPA-VMPCIC/MC,Determinan la Proteccion Provisional del sitio arqueologico Toma Luz Sector B ubicado en el distrito de Ocucaje provincia y departamento de Ica,https://epdoc2.elperuano.pe/EpPo/DescargaINDA.asp?Referencias=NDNTOFM4UzhTODlXVkJZQlRNTEhZQkxIOVdfX0xIWVhVTlZCWVhMSExI,20240630
20240613,2296928-1,CULTURA,RESOLUCION DIRECTORAL,No 000095-2024-DGPA-VMPCIC/MC,Determinan la Proteccion Provisional del Sitio Arqueologico de Condormarca (Sector 1 y Sector 2) ubicado en el Asentamiento Humano de Condormarca distrito de Huamanguilla provincia de Huanta departamento de Ayacucho,https://epdoc2.elperuano.pe/EpPo/DescargaINDA.asp?Referencias=NDNTOFM4UzhTODlXVkJZQlRNTEhZQkxIOVdfX1hDTEhZWFZCWVhMSExI,20240630
20240613,2297086-1,CULTURA,RESOLUCION MINISTERIAL,No 000227-2024-MC,Rectifican el decimo considerando de la Resolucion Ministerial No 000138-2024-MC respecto a nombre de uno de los integrantes de la Agrupacion Musical Matices del Cusco,https://epdoc2.elperuano.pe/EpPo/DescargaINDA.asp?Referencias=NDNTOFM4UzhTODlXVkJZQlRNTEhZQkxIOVdfX1ZCWENZQldWWVhMSExI,20240630
20240613,2297417-1,DEFENSA,RESOLUCION MINISTERIAL,No 00575-2024-DE,Autorizan viaje de oficiales de la Fuerza Aerea del Peru a EE.UU. en comision especial,https://epdoc2.elperuano.pe/EpPo/DescargaINDA.asp?Referencias=NDNTOFM4UzhTODlXVkJZQlRNTEhZQkxIOVdfX1dWOVdUTVdWWVhMSExI,20240630
20240613,2297341-1,DESARROLLO E INCLUSIoN SOCIAL,RESOLUCION,No 117-2024- FONCODES/DE,Designan Jefa de la Unidad Territorial Cerro de Pasco,https://epdoc2.elperuano.pe/EpPo/DescargaINDA.asp?Referencias=NDNTOFM4UzhTODlXVkJZQlRNTEhZQkxIOVdfXzlXVE1TOFdWWVhMSExI,20240630
20240613,2297468-3,ECONOMIA Y FINANZAS,DECRETO SUPREMO,No 104-2024-EF,Decreto Supremo que aprueba la Operacion de Endeudamiento Externo con el Banco Interamericano de Desarrollo - BID en el marco de la Ley No 31955 Ley de Endeudamiento del Sector Publico para el Ano Fiscal 2024,https://epdoc2.elperuano.pe/EpPo/DescargaINDA.asp?Referencias=NDNTOFM4UzhTODlXVkJZQlRNTEhZQkxIUzhfX1hDVkJUTVdWWVhMSExI,20240630
20240613,2297411-1,EDUCACION,RESOLUCION DIRECTORAL,No 000103-2024-MINEDU-VMGI-PRONIED-DE,Designan Coordinadores de Equipo de la Unidad Gerencial de Estudios y Obras del Programa Nacional de Infraestructura Educativa - PRONIED,https://epdoc2.elperuano.pe/EpPo/DescargaINDA.asp?Referencias=NDNTOFM4UzhTODlXVkJZQlRNTEhZQkxIOVdfXzlXOVdUTVdWWVhMSExI,20240630
20240613,2297416-1,EDUCACION,RESOLUCION DIRECTORAL,No 000104- 2024-MINEDU-VMGI-PRONIED-DE,Designan Coordinador de Equipo de la Unidad Gerencial de Estudios y Obras del Programa Nacional de Infraestructura Educativa,https://epdoc2.elperuano.pe/EpPo/DescargaINDA.asp?Referencias=NDNTOFM4UzhTODlXVkJZQlRNTEhZQkxIOVdfX1ZCOVdUTVdWWVhMSExI,20240630
20240613,2297386-1,EDUCACION,RESOLUCION VICE MINISTERIAL,No 063-2024-MINEDU,Aprueban la Norma Tecnica denominada Disposiciones para el desarrollo del Programa de Formacion y Capacitacion Permanente durante el ano 2024,https://epdoc2.elperuano.pe/EpPo/DescargaINDA.asp?Referencias=NDNTOFM4UzhTODlXVkJZQlRNTEhZQkxIOVdfX1ZCWENTOFdWWVhMSExI,20240630
20240613,2297387-1,EDUCACION,RESOLUCION VICE MINISTERIAL,No 064-2024-MINEDU,Designan Vicepresidente Academico y Vicepresidenta de Investigacion de la Comision Organizadora de la Universidad Nacional de Frontera,https://epdoc2.elperuano.pe/EpPo/DescargaINDA.asp?Referencias=NDNTOFM4UzhTODlXVkJZQlRNTEhZQkxIOVdfX1dWWENTOFdWWVhMSExI,20240630
20240613,2295748-1,ENERGIA Y MINAS,RESOLUCION MINISTERIAL,No 236-2024-MINEM/DM,Aprueban modificacion de concesion definitiva para desarrollar la actividad de transmision de energia electrica en la Linea de Transmision en 138 kV Kimiri - Campas otorgada a VARI ENERGiA S.A.C.,https://epdoc2.elperuano.pe/EpPo/DescargaINDA.asp?Referencias=NDNTOFM4UzhTODlXVkJZQlRNTEhZQkxIOVdfX1hDVE1XVlVOWVhMSExI,20240630
20240613,2297468-24,ENERGIA Y MINAS,RESOLUCION SUPREMA,No 010-2024-EM,Designan Presidente del Instituto Peruano de Energia Nuclear - IPEN,https://epdoc2.elperuano.pe/EpPo/DescargaINDA.asp?Referencias=NjNTOFM4Uzg5V1ZCWUJUTUxIWUJMSFRNTEhfX1hDVkJUTVdWWVhMSExI,20240630
20240613,2297468-10,JUSTICIA Y DERECHOS HUMANOS,RESOLUCION SUPREMA,No 142-2024-JUS,Acceden a solicitud de extradicion activa de ciudadano peruano para ser extraditado de la Republica Argentina y ser procesado en la Republica del Peru,https://epdoc2.elperuano.pe/EpPo/DescargaINDA.asp?Referencias=NjNTOFM4Uzg5V1ZCWUJUTUxIWUJMSFlCOVdfX1hDVkJUTVdWWVhMSExI,20240630
20240613,2297468-11,JUSTICIA Y DERECHOS HUMANOS,RESOLUCION SUPREMA,No 143-2024-JUS,Acceden a solicitud de extradicion activa de ciudadano peruano para ser extraditado de la Republica Federativa de Brasil y ser procesado en la Republica del Peru,https://epdoc2.elperuano.pe/EpPo/DescargaINDA.asp?Referencias=NjNTOFM4Uzg5V1ZCWUJUTUxIWUJMSDlXOVdfX1hDVkJUTVdWWVhMSExI,20240630
20240613,2297468-12,JUSTICIA Y DERECHOS HUMANOS,RESOLUCION SUPREMA,No 144-2024-JUS,Acceden a solicitud de extradicion pasiva con procedimiento simplificado de entrega de ciudadano peruano para ser extraditado de la Republica del Peru y cumplir su condena en el Reino de Espana,https://epdoc2.elperuano.pe/EpPo/DescargaINDA.asp?Referencias=NjNTOFM4Uzg5V1ZCWUJUTUxIWUJMSExIOVdfX1hDVkJUTVdWWVhMSExI,20240630
20240613,2297468-13,JUSTICIA Y DERECHOS HUMANOS,RESOLUCION SUPREMA,No 145-2024-JUS,Acceden a solicitud de extradicion pasiva de ciudadano ecuatoriano para ser extraditado de la Republica del Peru y ser procesado en el Reino de Espana,https://epdoc2.elperuano.pe/EpPo/DescargaINDA.asp?Referencias=NjNTOFM4Uzg5V1ZCWUJUTUxIWUJMSFM4OVdfX1hDVkJUTVdWWVhMSExI,20240630
20240613,2297468-14,JUSTICIA Y DERECHOS HUMANOS,RESOLUCION SUPREMA,No 146-2024-JUS,Acceden a solicitud de extradicion pasiva de ciudadano peruano para ser extraditado de la Republica del Peru y ser procesado en los Estados Unidos de America,https://epdoc2.elperuano.pe/EpPo/DescargaINDA.asp?Referencias=NjNTOFM4Uzg5V1ZCWUJUTUxIWUJMSFRNOVdfX1hDVkJUTVdWWVhMSExI,20240630
20240613,2297468-15,JUSTICIA Y DERECHOS HUMANOS,RESOLUCION SUPREMA,No 147-2024-JUS,Acceden a solicitud de extradicion pasiva de ciudadano colombiano para ser extraditado de la Republica del Peru y ser procesado en la Republica Argentina,https://epdoc2.elperuano.pe/EpPo/DescargaINDA.asp?Referencias=NjNTOFM4Uzg5V1ZCWUJUTUxIWUJMSFVOOVdfX1hDVkJUTVdWWVhMSExI,20240630
20240613,2297468-16,JUSTICIA Y DERECHOS HUMANOS,RESOLUCION SUPREMA,No 148-2024-JUS,Acceden a solicitud de extradicion pasiva de ciudadano boliviano para ser extraditado de la Republica del Peru y ser procesado en la Republica Argentina,https://epdoc2.elperuano.pe/EpPo/DescargaINDA.asp?Referencias=NjNTOFM4Uzg5V1ZCWUJUTUxIWUJMSFZCOVdfX1hDVkJUTVdWWVhMSExI,20240630
20240613,2297468-17,JUSTICIA Y DERECHOS HUMANOS,RESOLUCION SUPREMA,No 149-2024-JUS,Acceden a solicitud de extradicion pasiva de ciudadano venezolano para ser extraditado de la Republica del Peru y ser procesado en la Republica Federativa de Brasil,https://epdoc2.elperuano.pe/EpPo/DescargaINDA.asp?Referencias=NjNTOFM4Uzg5V1ZCWUJUTUxIWUJMSFdWOVdfX1hDVkJUTVdWWVhMSExI,20240630
20240613,2297468-18,JUSTICIA Y DERECHOS HUMANOS,RESOLUCION SUPREMA,No 150-2024-JUS,Acceden a solicitud de extradicion pasiva con procedimiento simplificado de entrega de ciudadano ecuatoriano para ser extraditado de la Republica del Peru y ser procesado en la Republica del Ecuador,https://epdoc2.elperuano.pe/EpPo/DescargaINDA.asp?Referencias=NjNTOFM4Uzg5V1ZCWUJUTUxIWUJMSFhDOVdfX1hDVkJUTVdWWVhMSExI,20240630
20240613,2297468-19,JUSTICIA Y DERECHOS HUMANOS,RESOLUCION SUPREMA,No 151-2024-JUS,Acceden a solicitud de extradicion pasiva de ciudadano ecuatoriano para ser extraditado de la Republica del Peru y ser procesado en la Republica del Ecuador,https://epdoc2.elperuano.pe/EpPo/DescargaINDA.asp?Referencias=NjNTOFM4Uzg5V1ZCWUJUTUxIWUJMSFlYOVdfX1hDVkJUTVdWWVhMSExI,20240630
20240613,2297468-20,JUSTICIA Y DERECHOS HUMANOS,RESOLUCION SUPREMA,No 152-2024-JUS,Acceden a solicitud de extradicion pasiva de ciudadano peruano para ser extraditado de la Republica del Peru y ser procesado en el Estado Plurinacional de Bolivia,https://epdoc2.elperuano.pe/EpPo/DescargaINDA.asp?Referencias=NjNTOFM4Uzg5V1ZCWUJUTUxIWUJMSFlCTEhfX1hDVkJUTVdWWVhMSExI,20240630
20240613,2297468-21,JUSTICIA Y DERECHOS HUMANOS,RESOLUCION SUPREMA,No 153-2024-JUS,Acceden a solicitud de extradicion pasiva de ciudadano boliviano o peruano para ser extraditado de la Republica del Peru y ser procesado en el Estado Plurinacional de Bolivia,https://epdoc2.elperuano.pe/EpPo/DescargaINDA.asp?Referencias=NjNTOFM4Uzg5V1ZCWUJUTUxIWUJMSDlXTEhfX1hDVkJUTVdWWVhMSExI,20240630
20240613,2297468-22,JUSTICIA Y DERECHOS HUMANOS,RESOLUCION SUPREMA,No 154-2024-JUS,Acceden a solicitud de traslado pasivo de ciudadano mexicano quien se encuentra cumpliendo sentencia en el Establecimiento Penitenciario de Ancon II para cumplir el resto de la condena impuesta por las autoridades judiciales peruanas en un centro penitenciario de los Estados Unidos Mexicanos,https://epdoc2.elperuano.pe/EpPo/DescargaINDA.asp?Referencias=NjNTOFM4Uzg5V1ZCWUJUTUxIWUJMSExITEhfX1hDVkJUTVdWWVhMSExI,20240630
20240613,2297468-23,JUSTICIA Y DERECHOS HUMANOS,RESOLUCION SUPREMA,No 155-2024-JUS,Acceden a solicitud de traslado pasivo de ciudadano mexicano quien se encuentra cumpliendo sentencia en el Establecimiento Penitenciario de Ancon II para cumplir el resto de la condena impuesta por las autoridades judiciales peruanas en un centro penitenciario de los Estados Unidos Mexicanos,https://epdoc2.elperuano.pe/EpPo/DescargaINDA.asp?Referencias=NjNTOFM4Uzg5V1ZCWUJUTUxIWUJMSFM4TEhfX1hDVkJUTVdWWVhMSExI,20240630
20240613,2297468-4,JUSTICIA Y DERECHOS HUMANOS,RESOLUCION SUPREMA,No 136-2024-JUS,Acceden a solicitud de extradicion activa de ciudadano polaco para ser extraditado de la Republica Federal de Alemania y ser procesado en la Republica del Peru,https://epdoc2.elperuano.pe/EpPo/DescargaINDA.asp?Referencias=NDNTOFM4UzhTODlXVkJZQlRNTEhZQkxIVE1fX1hDVkJUTVdWWVhMSExI,20240630
20240613,2297468-5,JUSTICIA Y DERECHOS HUMANOS,RESOLUCION SUPREMA,No 137-2024-JUS,Acceden a solicitud de extradicion activa de ciudadano peruano para ser extraditado de la Republica Francesa y ser procesado en la Republica del Peru,https://epdoc2.elperuano.pe/EpPo/DescargaINDA.asp?Referencias=NDNTOFM4UzhTODlXVkJZQlRNTEhZQkxIVU5fX1hDVkJUTVdWWVhMSExI,20240630
20240613,2297468-6,JUSTICIA Y DERECHOS HUMANOS,RESOLUCION SUPREMA,No 138-2024-JUS,Acceden a solicitud de extradicion activa de ciudadana peruana para ser extraditada del Reino de Espana y ser procesada en la Republica del Peru,https://epdoc2.elperuano.pe/EpPo/DescargaINDA.asp?Referencias=NDNTOFM4UzhTODlXVkJZQlRNTEhZQkxIVkJfX1hDVkJUTVdWWVhMSExI,20240630
20240613,2297468-7,JUSTICIA Y DERECHOS HUMANOS,RESOLUCION SUPREMA,No 139-2024-JUS,Acceden a solicitud de extradicion activa de ciudadano peruano para ser extraditado del Reino de Espana y ser procesado en la Republica del Peru,https://epdoc2.elperuano.pe/EpPo/DescargaINDA.asp?Referencias=NDNTOFM4UzhTODlXVkJZQlRNTEhZQkxIV1ZfX1hDVkJUTVdWWVhMSExI,20240630
20240613,2297468-8,JUSTICIA Y DERECHOS HUMANOS,RESOLUCION SUPREMA,No 140-2024-JUS,Acceden a solicitud de extradicion activa de ciudadano peruano para ser extraditado del Reino de Espana y cumplir su condena en la Republica del Peru,https://epdoc2.elperuano.pe/EpPo/DescargaINDA.asp?Referencias=NDNTOFM4UzhTODlXVkJZQlRNTEhZQkxIWENfX1hDVkJUTVdWWVhMSExI,20240630
20240613,2297468-9,JUSTICIA Y DERECHOS HUMANOS,RESOLUCION SUPREMA,No 141-2024-JUS,Acceden a solicitud de extradicion activa de ciudadano peruano para ser extraditado de la Republica Argentina y ser procesado en la Republica del Peru,https://epdoc2.elperuano.pe/EpPo/DescargaINDA.asp?Referencias=NDNTOFM4UzhTODlXVkJZQlRNTEhZQkxIWVhfX1hDVkJUTVdWWVhMSExI,20240630
20240613,2296626-1,AGENCIA PERUANA DE COOPERACION INTERNACIONAL,RESOLUCION DIRECTORAL,No 080-2024/APCI-DE,Designan jefe de la Oficina de Asesoria Juridica de la APCI,https://epdoc2.elperuano.pe/EpPo/DescargaINDA.asp?Referencias=NDNTOFM4UzhTODlXVkJZQlRNTEhZQkxIOVdfX1ZCTEhWQlZCWVhMSExI,20240630
20240613,2297547-1,COMISION NACIONAL PARA EL DESARROLLO Y VIDA SIN DROGAS,FE DE ERRATA,Res. No 000118-2024-DV-PE,FE DE ERRATA,https://epdoc2.elperuano.pe/EpPo/DescargaINDA.asp?Referencias=NDNTOFM4UzhTODlXVkJZQlRNTEhZQkxIOVdfX1dWVE1VTldWWVhMSExI,20240630
20240613,2297456-1,COMISION NACIONAL PARA EL DESARROLLO Y VIDA SIN DROGAS,RESOLUCION,No 000127-2024-DV-PE,Autorizan transferencia financiera para financiar actividad a favor de Municipalidad Distrital de Florencia de Mora,https://epdoc2.elperuano.pe/EpPo/DescargaINDA.asp?Referencias=NDNTOFM4UzhTODlXVkJZQlRNTEhZQkxIOVdfX1ZCVU5UTVdWWVhMSExI,20240630
20240613,2297659-1,SIERRA Y SELVA EXPORTADORA,FE DE ERRATA,Res. No 037-2024-MIDAGRI-SSE/PE,FE DE ERRATA,https://epdoc2.elperuano.pe/EpPo/DescargaINDA.asp?Referencias=NDNTOFM4UzhTODlXVkJZQlRNTEhZQkxIOVdfX1lYVU5WQldWWVhMSExI,20240630
20240613,2297107-1,ORGANISMO SUPERVISOR DE LA INVERSIoN EN ENERGiA Y MINERiA,RESOLUCION,No 028-2024-OS/GRT,Resolucion que modifica el listado final de los usuarios beneficiarios liquidacion de la aplicacion del subsidio Bono Electricidad y monto de devolucion al Ministerio de Energia y Minas correspondiente a las empresas Electro Puno S.A.A. y Empresa de Servicios Electricos Municipales de Paramonga S.A. (EMSEMSA) en cumplimiento de la Resolucion No 54-2024-OS/GG sobre la aplicacion del subsidio Bono Electricidad creado mediante Ley No 31688,https://epdoc2.elperuano.pe/EpPo/DescargaINDA.asp?Referencias=NDNTOFM4UzhTODlXVkJZQlRNTEhZQkxIOVdfX1dWWUI5V1dWWVhMSExI,20240630
20240613,2297772-1,AUTORIDAD PORTUARIA NACIONAL,RESOLUCION,No 0043-2024-APN-DIR,Modifican la Resolucion de Acuerdo de Directorio No 048-2023-APN/DIR y autorizan transferencia financiera a favor de la Contraloria General de la Republica,https://epdoc2.elperuano.pe/EpPo/DescargaINDA.asp?Referencias=NDNTOFM4UzhTODlXVkJZQlRNTEhZQkxIOVdfX0xIV1ZXVldWWVhMSExI,20240630
20240613,2296751-1,INSTITUTO NACIONAL DE DEFENSA DE LA COMPETENCIA Y DE LA PROTECCION DE LA PROPIEDAD INTELECTUAL,RESOLUCION,No 0004-2024/CEB-INDECOPI-LAM,Declaran barrera burocratica ilegal lo dispuesto en el articulo 31o de la Ordenanza Municipal No 011-2015-MPCH/A de la Municipalidad Provincial de Chiclayo que regula los anuncios y la publicidad exterior en la ciudad Chiclayo,https://epdoc2.elperuano.pe/EpPo/DescargaINDA.asp?Referencias=NDNTOFM4UzhTODlXVkJZQlRNTEhZQkxIOVdfXzlXVU5XVlZCWVhMSExI,20240630
20240613,2297280-1,ORGANISMO NACIONAL DE SANIDAD PESQUERA,RESOLUCION,No 000091-2024-SANIPES/PE,Disponen publicar el proyecto de Reglamento de Infracciones y Sanciones Sanitarias de las actividades Pesqueras y Acuicolas del Organismo Nacional de Sanidad Pesquera (SANIPES) asi como su exposicion de motivos,https://epdoc2.elperuano.pe/EpPo/DescargaINDA.asp?Referencias=NDNTOFM4UzhTODlXVkJZQlRNTEhZQkxIOVdfX1lCWENMSFdWWVhMSExI,20240630
20240613,2297306-1,ORGANISMO SUPERVISOR DE LAS CONTRATACIONES DEL ESTADO,RESOLUCION,No D000094-2024-OSCE-PRE,Formalizan la aprobacion de la modificacion de la Directiva No 003-2020-OSCE/CD Disposiciones aplicables para el acceso y registro de informacion en el Sistema Electronico de Contrataciones del Estado - SEACE,https://epdoc2.elperuano.pe/EpPo/DescargaINDA.asp?Referencias=NDNTOFM4UzhTODlXVkJZQlRNTEhZQkxIOVdfX1ZCWUJTOFdWWVhMSExI,20240630
20240613,2297354-1,ORGANISMO SUPERVISOR DE LAS CONTRATACIONES DEL ESTADO,RESOLUCION,No D000095-2024-OSCE-PRE,Designan Profesional IV del Tribunal de Contrataciones del Estado del OSCE,https://epdoc2.elperuano.pe/EpPo/DescargaINDA.asp?Referencias=NDNTOFM4UzhTODlXVkJZQlRNTEhZQkxIOVdfX1RNVU5TOFdWWVhMSExI,20240630
20240613,2297336-1,PROCURADURiA GENERAL DEL ESTADO,RESOLUCION,No D000408-2024-JUS/PGE-PG,Designan director de la Direccion de Aplicacion Juridico Procesal de la Procuraduria General del Estado,https://epdoc2.elperuano.pe/EpPo/DescargaINDA.asp?Referencias=NDNTOFM4UzhTODlXVkJZQlRNTEhZQkxIOVdfX1ZCUzhTOFdWWVhMSExI,20240630
20240613,2297338-1,PROCURADURiA GENERAL DEL ESTADO,RESOLUCION,No D000409-2024-JUS/PGE-PG,Designan jefe de la Unidad de Sancion de la Oficina de Control Funcional de la Procuraduria General del Estado,https://epdoc2.elperuano.pe/EpPo/DescargaINDA.asp?Referencias=NDNTOFM4UzhTODlXVkJZQlRNTEhZQkxIOVdfX1hDUzhTOFdWWVhMSExI,20240630
20240613,2297342-1,PROCURADURiA GENERAL DEL ESTADO,RESOLUCION,No D000410-2024-JUS/PGE-PG,Designan director de la Direccion Tecnico Normativa de la Procuraduria General del Estado,https://epdoc2.elperuano.pe/EpPo/DescargaINDA.asp?Referencias=NDNTOFM4UzhTODlXVkJZQlRNTEhZQkxIOVdfX0xIVE1TOFdWWVhMSExI,20240630
20240613,2297289-1,CONSEJO EJECUTIVO DEL PODER JUDICIAL,INVESTIGACION,DEFINITIVA No 125-2021-HUaNUCO,Imponen la medida disciplinaria de destitucion a Juez de Paz del distrito de Tomay-Kichwa provincia de Ambo region y departamento de Huanuco Corte Superior de Justicia del mismo nombre,https://epdoc2.elperuano.pe/EpPo/DescargaINDA.asp?Referencias=NDNTOFM4UzhTODlXVkJZQlRNTEhZQkxIOVdfX1lYWENMSFdWWVhMSExI,20240630
20240613,2297291-1,CONSEJO EJECUTIVO DEL PODER JUDICIAL,INVESTIGACION,DEFINITIVA No 00453-2018-SAN MARTiN,Imponen la medida disciplinaria de destitucion a Juez de Paz Titular del Centro Poblado Jose Olaya distrito de Alto Biavo provincia de Bellavista Corte Superior de Justicia de San Martin,https://epdoc2.elperuano.pe/EpPo/DescargaINDA.asp?Referencias=NDNTOFM4UzhTODlXVkJZQlRNTEhZQkxIOVdfXzlXWVhMSFdWWVhMSExI,20240630
20240613,2297295-1,CONSEJO EJECUTIVO DEL PODER JUDICIAL,INVESTIGACION,DEFINITIVA No 1577-2022-AREQUIPA,Imponen medida disciplinaria de destitucion a Especialista Legal del Tercer Juzgado de Paz Letrado - Civil Corte Superior de Justicia de Arequipa,https://epdoc2.elperuano.pe/EpPo/DescargaINDA.asp?Referencias=NDNTOFM4UzhTODlXVkJZQlRNTEhZQkxIOVdfX1VOWVhMSFdWWVhMSExI,20240630
20240613,2296907-1,CORTES SUPERIORES DE JUSTICIA,RESOLUCION ADMINISTRATIVA,No 000420-2024-P-CSNJPE-PJ,Reconforman la Comision Distrital de Justicia de Genero de la Corte Superior Nacional de Justicia Penal Especializada para el ano judicial 2024,https://epdoc2.elperuano.pe/EpPo/DescargaINDA.asp?Referencias=NDNTOFM4UzhTODlXVkJZQlRNTEhZQkxIOVdfX1dWWUJZWFZCWVhMSExI,20240630
20240613,2295836-1,BANCO CENTRAL DE RESERVA,RESOLUCION,No 0028-2024-BCRP-N,Autorizan mision en el exterior de funcionario para participar en evento a realizarse en Suiza,https://epdoc2.elperuano.pe/EpPo/DescargaINDA.asp?Referencias=NDNTOFM4UzhTODlXVkJZQlRNTEhZQkxIOVdfX1ZCUzhYQ1VOWVhMSExI,20240630
20240613,2297025-1,CONTRALORIA GENERAL DE LA REPUBLICA,RESOLUCION,No 276-2024-CG,Encargan al Vicecontralor de Integridad y Control de la Contraloria General de la Republica las funciones del cargo de Contralor General de la Republica,https://epdoc2.elperuano.pe/EpPo/DescargaINDA.asp?Referencias=NDNTOFM4UzhTODlXVkJZQlRNTEhZQkxIOVdfX1VOTEhZQldWWVhMSExI,20240630
20240613,2295065-1,INSTITUCIONES EDUCATIVAS,RESOLUCION,No 150-2024-UNIQ,Rectifican error material incurrido en la Resolucion de Consejo de Comision Organizadora No 138-2024-UNIQ de la Universidad Nacional Intercultural de Quillabamba,https://epdoc2.elperuano.pe/EpPo/DescargaINDA.asp?Referencias=NDNTOFM4UzhTODlXVkJZQlRNTEhZQkxIOVdfX1VOVkJZQlVOWVhMSExI,20240630
20240613,2297396-1,JURADO NACIONAL DE ELECCIONES,RESOLUCION,No 0153-2024-JNE,Declaran fundado recurso de apelacion interpuesto por personero legal de la organizacion politica en proceso de inscripcion Partido Politico Popular Voces del Pueblo y revocan la Resolucion No 000078-2024-DNROP/JNE,https://epdoc2.elperuano.pe/EpPo/DescargaINDA.asp?Referencias=NDNTOFM4UzhTODlXVkJZQlRNTEhZQkxIOVdfX1ZCWVhTOFdWWVhMSExI,20240630
20240613,2297400-1,JURADO NACIONAL DE ELECCIONES,RESOLUCION,No 0154-2024-JNE,Declaran infundado recurso de apelacion y confirman el Acuerdo de Concejo No 007/2024-MPL que rechazo solicitud de vacancia en contra de regidores del Concejo Provincial de Lambayeque departamento de Lambayeque,https://epdoc2.elperuano.pe/EpPo/DescargaINDA.asp?Referencias=NDNTOFM4UzhTODlXVkJZQlRNTEhZQkxIOVdfX1lCWUJUTVdWWVhMSExI,20240630
20240613,2297404-1,JURADO NACIONAL DE ELECCIONES,RESOLUCION,No 0155-2024-JNE,Declaran nulos Acuerdos de Concejo que declararon fundada excepcion de falta de legitimidad para obrar de recurrente e improcedente solicitud de vacancia contra miembros del Concejo Provincial de Rioja departamento de San Martin,https://epdoc2.elperuano.pe/EpPo/DescargaINDA.asp?Referencias=NDNTOFM4UzhTODlXVkJZQlRNTEhZQkxIOVdfX1RNWUJUTVdWWVhMSExI,20240630
20240613,2297406-1,JURADO NACIONAL DE ELECCIONES,RESOLUCION,No 0164-2024-JNE,Declaran nulo lo actuado hasta el acto de notificacion del Acuerdo de Concejo No 0008-2024-MDP/C.M. dirigido a regidor del Concejo Distrital de Pampachiri provincia de Andahuaylas departamento de Apurimac en el marco del procedimiento de vacancia seguido en su contra,https://epdoc2.elperuano.pe/EpPo/DescargaINDA.asp?Referencias=NDNTOFM4UzhTODlXVkJZQlRNTEhZQkxIOVdfX1ZCWUJUTVdWWVhMSExI,20240630
20240613,2297418-1,JURADO NACIONAL DE ELECCIONES,RESOLUCION,No 0165-2024-JNE,Convocan a ciudadano para que asuma el cargo de regidor del Concejo Distrital de Yacus provincia y departamento de Huanuco,https://epdoc2.elperuano.pe/EpPo/DescargaINDA.asp?Referencias=NDNTOFM4UzhTODlXVkJZQlRNTEhZQkxIOVdfX1hDOVdUTVdWWVhMSExI,20240630
20240613,2297427-1,JURADO NACIONAL DE ELECCIONES,RESOLUCION,No 0170-2024-JNE,Declaran nula la Resolucion No 00269-2024-JEE-CAJA/JNE y nulo todo lo actuado en el procedimiento sancionador seguido en contra de gobernador del Gobierno Regional de Cajamarca,https://epdoc2.elperuano.pe/EpPo/DescargaINDA.asp?Referencias=NDNTOFM4UzhTODlXVkJZQlRNTEhZQkxIOVdfX1dWTEhUTVdWWVhMSExI,20240630
20240613,2297431-1,JURADO NACIONAL DE ELECCIONES,RESOLUCION,No 0173-2024-JNE,Confirman el Acta de Proclamacion de Resultados de Computo Municipal Distrital correspondiente al distrito de Ninabamba provincia de Santa Cruz departamento de Cajamarca,https://epdoc2.elperuano.pe/EpPo/DescargaINDA.asp?Referencias=NDNTOFM4UzhTODlXVkJZQlRNTEhZQkxIOVdfXzlXUzhUTVdWWVhMSExI,20240630
20240613,2297435-1,JURADO NACIONAL DE ELECCIONES,RESOLUCION,No 0174-2024-JNE,Confirman el Acta de Proclamacion de Resultados de Computo Municipal Distrital correspondiente al distrito de Pion provincia de Chota departamento de Cajamarca,https://epdoc2.elperuano.pe/EpPo/DescargaINDA.asp?Referencias=NDNTOFM4UzhTODlXVkJZQlRNTEhZQkxIOVdfX1VOUzhUTVdWWVhMSExI,20240630
20240613,2297309-1,MINISTERIO PUBLICO,RESOLUCION,No 21-2024-MP-FN-JFS,Designan representante del Ministerio Publico ante el Consejo Directivo de la Academia de la Magistratura para completar el periodo institucional 2023 - 2025,https://epdoc2.elperuano.pe/EpPo/DescargaINDA.asp?Referencias=NDNTOFM4UzhTODlXVkJZQlRNTEhZQkxIOVdfX1lYWUJTOFdWWVhMSExI,20240630
20240613,2297378-1,REGISTRO NACIONAL DE IDENTIFICACION Y ESTADO CIVIL,RESOLUCION,No 000059-2024/SGEN/RENIEC,Aprueban el Manual de Clasificador de Cargos del Registro Nacional de Identificacion y Estado Civil - RENIEC,https://epdoc2.elperuano.pe/EpPo/DescargaINDA.asp?Referencias=NDNTOFM4UzhTODlXVkJZQlRNTEhZQkxIOVdfX1hDV1ZTOFdWWVhMSExI,20240630
20240613,2296211-1,SUPERINTENDENCIA DE BANCA  SEGUROS Y ADMINISTRADORAS PRIVADAS DE FONDOS DE PENSIONES,RESOLUCION,SBS No 02109-2024,Autorizan viaje de Superintendente Adjunto de Estudios Economicos para participar en evento a realizarse en las Islas Virgenes Britanicas,https://epdoc2.elperuano.pe/EpPo/DescargaINDA.asp?Referencias=NDNTOFM4UzhTODlXVkJZQlRNTEhZQkxIOVdfXzlXOVdMSFZCWVhMSExI,20240630
20240613,2297133-1,GOBIERNO REGIONAL DE LA LIBERTAD,ACUERDO,No 000089-2024-GRLL-CR,Aprueban Transferencia Financiera a favor de la Municipalidad Distrital de Sartimbamba,https://epdoc2.elperuano.pe/EpPo/DescargaINDA.asp?Referencias=NDNTOFM4UzhTODlXVkJZQlRNTEhZQkxIOVdfX1M4Uzg5V1dWWVhMSExI,20240630
20240613,2297134-1,GOBIERNO REGIONAL DE LA LIBERTAD,ACUERDO,No 000090-2024-GRLL-CR,Aprueban Transferencia Financiera a favor de la Municipalidad Distrital de Guadalupe,https://epdoc2.elperuano.pe/EpPo/DescargaINDA.asp?Referencias=NDNTOFM4UzhTODlXVkJZQlRNTEhZQkxIOVdfX1RNUzg5V1dWWVhMSExI,20240630
20240613,2297138-1,GOBIERNO REGIONAL DE LA LIBERTAD,ACUERDO,No 000091-2024-GRLL-CR,Aprueban Transferencia Financiera a favor de la Municipalidad Distrital de Marcabal,https://epdoc2.elperuano.pe/EpPo/DescargaINDA.asp?Referencias=NDNTOFM4UzhTODlXVkJZQlRNTEhZQkxIOVdfX1hDUzg5V1dWWVhMSExI,20240630
20240613,2297143-1,GOBIERNO REGIONAL DE LA LIBERTAD,ACUERDO,No 000092-2024-GRLL-CR,Aprueban Transferencia Financiera a favor de la Municipalidad Distrital de Cachicadan,https://epdoc2.elperuano.pe/EpPo/DescargaINDA.asp?Referencias=NDNTOFM4UzhTODlXVkJZQlRNTEhZQkxIOVdfX1M4VE05V1dWWVhMSExI,20240630
20240613,2297146-1,GOBIERNO REGIONAL DE LA LIBERTAD,ACUERDO,No 000093-2024-GRLL-CR,Aprueban Transferencia Financiera a favor de la Municipalidad Provincial de Pataz,https://epdoc2.elperuano.pe/EpPo/DescargaINDA.asp?Referencias=NDNTOFM4UzhTODlXVkJZQlRNTEhZQkxIOVdfX1ZCVE05V1dWWVhMSExI,20240630
20240613,2297149-1,GOBIERNO REGIONAL DE LA LIBERTAD,ACUERDO,No 000094-2024-GRLL-CR,Aprueban Transferencia Financiera a favor de la Municipalidad Provincial de Santiago de Chuco,https://epdoc2.elperuano.pe/EpPo/DescargaINDA.asp?Referencias=NDNTOFM4UzhTODlXVkJZQlRNTEhZQkxIOVdfX1lYVE05V1dWWVhMSExI,20240630
20240613,2297153-1,GOBIERNO REGIONAL DE LA LIBERTAD,ACUERDO,No 000095-2024-GRLL-CR,Aprueban Transferencia Financiera a favor de la Municipalidad Distrital de La Esperanza,https://epdoc2.elperuano.pe/EpPo/DescargaINDA.asp?Referencias=NDNTOFM4UzhTODlXVkJZQlRNTEhZQkxIOVdfX1M4VU45V1dWWVhMSExI,20240630
20240613,2297155-1,GOBIERNO REGIONAL DE LA LIBERTAD,ACUERDO,No 000096-2024-GRLL-CR,Aprueban Transferencia Financiera a favor de la Municipalidad Distrital de Huanchaco,https://epdoc2.elperuano.pe/EpPo/DescargaINDA.asp?Referencias=NDNTOFM4UzhTODlXVkJZQlRNTEhZQkxIOVdfX1VOVU45V1dWWVhMSExI,20240630
20240613,2297159-1,GOBIERNO REGIONAL DE LA LIBERTAD,ACUERDO,No 000097-2024-GRLL-CR,Aprueban Transferencia Financiera a favor de la Municipalidad Distrital de Florencia de Mora,https://epdoc2.elperuano.pe/EpPo/DescargaINDA.asp?Referencias=NDNTOFM4UzhTODlXVkJZQlRNTEhZQkxIOVdfX1lYVU45V1dWWVhMSExI,20240630
20240613,2296906-1,MUNICIPALIDAD METROPOLITANA DE LIMA,ORDENANZA,No 2624,Ordenanza que promueve el fortalecimiento de las Ollas Comunes de Lima Metropolitana,https://epdoc2.elperuano.pe/EpPo/DescargaINDA.asp?Referencias=NDNTOFM4UzhTODlXVkJZQlRNTEhZQkxIOVdfX1ZCWUJZWFZCWVhMSExI,20240630
20240613,2295982-1,MUNICIPALIDAD DE CHORRILLOS,Res. Alcaldia,No 000046-2024-MDCH/ALC,Modifican la R.A. No 004-2024-MDCH y delegan facultades en la Oficina de Talento Humano,https://epdoc2.elperuano.pe/EpPo/DescargaINDA.asp?Referencias=NDNTOFM4UzhTODlXVkJZQlRNTEhZQkxIOVdfX0xIWENZWFVOWVhMSExI,20240630
20240613,2296056-1,MUNICIPALIDAD DE CHORRILLOS,Resolucion,No 000114-2024-MDCH/OGAF,Aprueban el otorgamiento de viaticos para la participacion de la Jefa de la Oficina de Gestion Documentaria y Atencion al Ciudadano en la Comision de Servicios I Encuentro de Archivos y Archiveros Andinos que se desarrollara en la ciudad de Cusco,https://epdoc2.elperuano.pe/EpPo/DescargaINDA.asp?Referencias=NDNTOFM4UzhTODlXVkJZQlRNTEhZQkxIOVdfX1ZCVU5ZQlZCWVhMSExI,20240630
20240613,2297782-1,MUNICIPALIDAD DE LA VICTORIA,Ordenanzas,No 442/MLV,Ordenanza Municipal que reglamenta los lineamientos y procedimientos para el arrendamiento por subasta publica de predios municipales destinados para fines comerciales en el distrito de La Victoria,https://epdoc2.elperuano.pe/EpPo/DescargaINDA.asp?Referencias=NDNTOFM4UzhTODlXVkJZQlRNTEhZQkxIOVdfX0xIWENXVldWWVhMSExI,20240630
20240613,2296309-1,MUNICIPALIDAD DE SAN MARTIN DE PORRES,ORDENANZA,No 565-MDSMP,Ordenanza que aprueba el Reglamento para el Proceso de Eleccion de los Representantes de la Sociedad Civil ante el Consejo de Coordinacion Local de la Municipalidad Distrital de San Martin de Porres,https://epdoc2.elperuano.pe/EpPo/DescargaINDA.asp?Referencias=NDNTOFM4UzhTODlXVkJZQlRNTEhZQkxIOVdfX1lYWUJTOFZCWVhMSExI,20240630
20240613,2295328-1,MUNICIPALIDAD DE SURQUILLO,Res. Alcaldia,No 84-2024-MDS,Reconocen a Representantes de la Sociedad Civil ante el Consejo de Coordinacion Local Distrital - CCLD para el periodo 2024-2026,https://epdoc2.elperuano.pe/EpPo/DescargaINDA.asp?Referencias=NDNTOFM4UzhTODlXVkJZQlRNTEhZQkxIOVdfX1hDTEhTOFVOWVhMSExI,20240630
20240613,2295816-1,MUNICIPALIDAD DE VILLA MARIA DEL TRIUNFO,Acuerdo,No 27-2024-MDVMT,Aprueban donacion en calidad de ayuda humanitaria a personas damnificadas y afectadas en la Zona de Jose Galvez distrito de Villa Maria del Triunfo,https://epdoc2.elperuano.pe/EpPo/DescargaINDA.asp?Referencias=NDNTOFM4UzhTODlXVkJZQlRNTEhZQkxIOVdfX1ZCOVdYQ1VOWVhMSExI,20240630
20240613,2296244-1,MUNICIPALIDAD DE VILLA MARIA DEL TRIUNFO,Decretos de Alcaldia,No 02-2024-MDVMT,Aprueban las Bases para la realizacion del sorteo de la Motocicleta Marca Wanxin ET150 para el contribuyente puntual,https://epdoc2.elperuano.pe/EpPo/DescargaINDA.asp?Referencias=NDNTOFM4UzhTODlXVkJZQlRNTEhZQkxIOVdfX1RNVE1MSFZCWVhMSExI,20240630
20240613,2287031-1,MUNICIPALIDAD DE BELLAVISTA,Decretos de Alcaldia,No 004-2024-MDB,Convocan a la Audiencia Publica de Rendicion de Cuentas de la Municipalidad Distrital de Bellavista,https://epdoc2.elperuano.pe/EpPo/DescargaINDA.asp?Referencias=NDNTOFM4UzhTODlXVkJZQlRNTEhZQkxIOVdfXzlXUzhZQldWWENMSExI,20240630
20240613,2297046-1,MUNICIPALIDAD PROVINCIAL DE SECHURA,ORDENANZA,No 004-2024-MPS,Aprueban el Reglamento para la administracion y funcionamiento del deposito municipal vehicular de la Municipalidad Provincial de Sechura,https://epdoc2.elperuano.pe/EpPo/DescargaINDA.asp?Referencias=NDNTOFM4UzhTODlXVkJZQlRNTEhZQkxIOVdfX1ZCVE1ZQldWWVhMSExI,20240630
20240612,2297022-1,CONGRESO DE LA REPUBLICA,LEY,No 32055,Ley que modifica el articulo 5 de la Ley 31578 Ley que promueve la reactivacion economica a traves de compras publicas de las MYPE manufactureras nacionales,https://epdoc2.elperuano.pe/EpPo/DescargaINDA.asp?Referencias=NDNMSExITEhMSDlXVkJZQlRNTEhZQkxIOVdfX0xITEhZQldWWVhMSExI,20240630
20240612,2296819-1,PRESIDENCIA DEL CONSEJO DE MINISTROS,RESOLUCION MINISTERIAL,No 176-2024-PCM,Designan representantes de la Presidencia del Consejo de Ministros ante el Comite de Seleccion para el proceso de designacion del Jefe del Instituto Nacional de Estadistica e Informatica - INEI,https://epdoc2.elperuano.pe/EpPo/DescargaINDA.asp?Referencias=NDNMSExITEhMSDlXVkJZQlRNTEhZQkxIOVdfX1lYOVdYQ1ZCWVhMSExI,20240630
20240612,2296930-1,PRESIDENCIA DEL CONSEJO DE MINISTROS,RESOLUCION MINISTERIAL,No 177-2024-PCM,Autorizan viaje de delegacion del Despacho Presidencial que acompanara a la senora Presidenta de la Republica a la Republica Popular China,https://epdoc2.elperuano.pe/EpPo/DescargaINDA.asp?Referencias=NDNMSExITEhMSDlXVkJZQlRNTEhZQkxIOVdfX1lCUzhZWFZCWVhMSExI,20240630
20240612,2297022-2,PRESIDENCIA DEL CONSEJO DE MINISTROS,RESOLUCION SUPREMA,No 140-2024-PCM,Encargan las funciones de Presidenta Ejecutiva del Consejo Directivo de la Autoridad Nacional del Servicio Civil - SERVIR,https://epdoc2.elperuano.pe/EpPo/DescargaINDA.asp?Referencias=NDNMSExITEhMSDlXVkJZQlRNTEhZQkxITEhfX0xITEhZQldWWVhMSExI,20240630
20240612,2297022-3,PRESIDENCIA DEL CONSEJO DE MINISTROS,RESOLUCION SUPREMA,No 141-2024-PCM,Dan por concluido encargo dispuesto mediante el articulo 2 de la Resolucion Suprema No 227-2020-PCM,https://epdoc2.elperuano.pe/EpPo/DescargaINDA.asp?Referencias=NDNMSExITEhMSDlXVkJZQlRNTEhZQkxIUzhfX0xITEhZQldWWVhMSExI,20240630
20240612,2297022-4,PRESIDENCIA DEL CONSEJO DE MINISTROS,RESOLUCION SUPREMA,No 142-2024-PCM,Designan Presidente del Consejo Nacional de Ciencia Tecnologia e Innovacion Tecnologica - CONCYTEC,https://epdoc2.elperuano.pe/EpPo/DescargaINDA.asp?Referencias=NDNMSExITEhMSDlXVkJZQlRNTEhZQkxIVE1fX0xITEhZQldWWVhMSExI,20240630
20240612,2297022-5,PRESIDENCIA DEL CONSEJO DE MINISTROS,RESOLUCION SUPREMA,No 143-2024-PCM,Autorizan viaje del Ministro del Ambiente a Colombia y encargan su Despacho a la Ministra de Cultura,https://epdoc2.elperuano.pe/EpPo/DescargaINDA.asp?Referencias=NDNMSExITEhMSDlXVkJZQlRNTEhZQkxIVU5fX0xITEhZQldWWVhMSExI,20240630
20240612,2296588-1,DEFENSA,RESOLUCION MINISTERIAL,No 00568-2024-DE,Designan Secretario General del Centro de Altos Estudios Nacionales - Escuela de Post Grado,https://epdoc2.elperuano.pe/EpPo/DescargaINDA.asp?Referencias=NDNMSExITEhMSDlXVkJZQlRNTEhZQkxIOVdfX1hDWENVTlZCWVhMSExI,20240630
20240612,2296321-1,DESARROLLO AGRARIO Y RIEGO,RESOLUCION DIRECTORAL,No D000023-2024-MIDAGRI-SENASA-DSV,Dejan sin efecto la R.D. No 0015-2021-MIDAGRI-SENASA-DSV y modifican el literal B de los requisitos fitosanitarios generales para transito internacional de granos considerados en la CRF 3 y productos considerados en la CRF 2 aprobados a traves del articulo 1 de la R.D. No 0016-2017-MINAGRI-SENASA-DSV,https://epdoc2.elperuano.pe/EpPo/DescargaINDA.asp?Referencias=NDNMSExITEhMSDlXVkJZQlRNTEhZQkxIOVdfXzlXTEhTOFZCWVhMSExI,20240630
20240612,2297215-1,DESARROLLO AGRARIO Y RIEGO,RESOLUCION MINISTERIAL,No 0211-2024-MIDAGRI,Institucionalizan el Reconocimiento Heroes del Campo conferido por el Ministro de Desarrollo Agrario y Riego a las personas naturales que destaquen por su participacion o contribucion en la actividad agraria en materia agricola pecuaria y forestal en el pais,https://epdoc2.elperuano.pe/EpPo/DescargaINDA.asp?Referencias=NDNMSExITEhMSDlXVkJZQlRNTEhZQkxIOVdfX1VOOVdMSFdWWVhMSExI,20240630
20240612,2297007-1,EDUCACION,RESOLUCION VICE MINISTERIAL,No 062-2024-MINEDU,Designan Vicepresidente Academico y Vicepresidenta de Investigacion de la Comision Organizadora de la Universidad Nacional de Barranca,https://epdoc2.elperuano.pe/EpPo/DescargaINDA.asp?Referencias=NDNMSExITEhMSDlXVkJZQlRNTEhZQkxIOVdfX1dWWUJZQldWWVhMSExI,20240630
20240612,2297015-1,ENERGIA Y MINAS,RESOLUCION DIRECTORAL,No 181-2024-MINEM/DGH,Aprueban nuevos Formatos de Autoliquidaciones vigentes del Fondo para la Estabilizacion de Precios de los Combustibles Derivados del Petroleo - FEPC,https://epdoc2.elperuano.pe/EpPo/DescargaINDA.asp?Referencias=NDNMSExITEhMSDlXVkJZQlRNTEhZQkxIOVdfX1VOOVdZQldWWVhMSExI,20240630
20240612,2295533-1,ENERGIA Y MINAS,RESOLUCION MINISTERIAL,No 233-2024-MINEM/DM,Establecen derecho de servidumbre de paso y transito con caracter permanente a favor de la concesion definitiva de generacion de energia electrica con recursos energeticos renovables de la que es titular la empresa CSF CONTINUA CHACHANI S.A.C. ubicado en el departamento de Arequipa,https://epdoc2.elperuano.pe/EpPo/DescargaINDA.asp?Referencias=NDNMSExITEhMSDlXVkJZQlRNTEhZQkxIOVdfX1M4UzhVTlVOWVhMSExI,20240630
20240612,2297020-1,ENERGIA Y MINAS,RESOLUCION MINISTERIAL,No 242-2024-MINEM/DM,Conforman el Grupo de Trabajo Multisectorial de naturaleza temporal denominado Grupo de trabajo para atender la problematica de las comunidades que forman parte del proceso de Consulta Previa del Lote 8,https://epdoc2.elperuano.pe/EpPo/DescargaINDA.asp?Referencias=NDNMSExITEhMSDlXVkJZQlRNTEhZQkxIOVdfX1lCTEhZQldWWVhMSExI,20240630
20240612,2296389-1,PRODUCE,RESOLUCION,No 043-2024-INACAL/PE,Autorizan Transferencia financiera a favor de la Contraloria General de la Republica,https://epdoc2.elperuano.pe/EpPo/DescargaINDA.asp?Referencias=NDNMSExITEhMSDlXVkJZQlRNTEhZQkxIOVdfX1lYWENTOFZCWVhMSExI,20240630
20240612,2297123-1,PRODUCE,RESOLUCION,No 000098-2024-ITP/DE,Designan Asesora II de la Secretaria General del ITP,https://epdoc2.elperuano.pe/EpPo/DescargaINDA.asp?Referencias=NDNMSExITEhMSDlXVkJZQlRNTEhZQkxIOVdfX1M4TEg5V1dWWVhMSExI,20240630
20240612,2297008-1,PRODUCE,RESOLUCION MINISTERIAL,No 000247-2024-PRODUCE,Designan Directora de la Direccion de Gestion Ambiental de la Direccion General de Asuntos Ambientales de Industria,https://epdoc2.elperuano.pe/EpPo/DescargaINDA.asp?Referencias=NDNMSExITEhMSDlXVkJZQlRNTEhZQkxIOVdfX1hDWUJZQldWWVhMSExI,20240630
20240612,2297012-1,PRODUCE,RESOLUCION MINISTERIAL,No 000248-2024-PRODUCE,Designan Directora de la Oficina de Articulacion Intergubernamental y Prevencion de Conflictos Sociales,https://epdoc2.elperuano.pe/EpPo/DescargaINDA.asp?Referencias=NDNMSExITEhMSDlXVkJZQlRNTEhZQkxIOVdfX0xIOVdZQldWWVhMSExI,20240630
20240612,2297376-1,PRODUCE,RESOLUCION MINISTERIAL,No 00249-2024-PRODUCE,Modifican la Resolucion Ministerial No 000195-2024-PRODUCE que autoriza al Instituto del Mar del Peru - IMARPE la ejecucion de la pesca exploratoria del recurso machete en el ambito maritimo nacional,https://epdoc2.elperuano.pe/EpPo/DescargaINDA.asp?Referencias=NDNMSExITEhMSDlXVkJZQlRNTEhZQkxIOVdfX1ZCV1ZTOFdWWVhMSExI,20240630
20240612,2294790-1,TRANSPORTES Y COMUNICACIONES,RESOLUCION MINISTERIAL,No 289-2024-MTC/01.02,Aprueban ejecucion de expropiacion de area afectada de inmuebles para la ejecucion de la obra: Construccion de la Autopista Puno - Juliaca y el valor de tasacion,https://epdoc2.elperuano.pe/EpPo/DescargaINDA.asp?Referencias=NDNMSExITEhMSDlXVkJZQlRNTEhZQkxIOVdfX1lCWVhXVlRNWVhMSExI,20240630
20240612,2296778-1,TRANSPORTES Y COMUNICACIONES,RESOLUCION MINISTERIAL,No 307-2024-MTC/01,Aprueban texto de la Adenda No 9 del Contrato de Concesion para el Diseno Construccion Mejora Mantenimiento y Explotacion del Primer Grupo de Aeropuertos de Provincia de la Republica del Peru y sus anexos,https://epdoc2.elperuano.pe/EpPo/DescargaINDA.asp?Referencias=NDNMSExITEhMSDlXVkJZQlRNTEhZQkxIOVdfX1hDV1ZXVlZCWVhMSExI,20240630
20240612,2297019-1,TRANSPORTES Y COMUNICACIONES,RESOLUCION MINISTERIAL,No 310-2024-MTC/01,Autorizan Transferencia Financiera a favor de la empresa Corporacion Peruana de Aeropuertos y Aviacion Comercial S.A. (CORPAC S.A.),https://epdoc2.elperuano.pe/EpPo/DescargaINDA.asp?Referencias=NDNMSExITEhMSDlXVkJZQlRNTEhZQkxIOVdfX1lYOVdZQldWWVhMSExI,20240630
20240612,2296845-1,VIVIENDA  CONSTRUCCIoN Y SANEAMIENTO,RESOLUCION MINISTERIAL,No 214-2024-VIVIENDA,Designan Directora de la Oficina de Imagen Institucional de la Oficina General de Comunicaciones,https://epdoc2.elperuano.pe/EpPo/DescargaINDA.asp?Referencias=NDNMSExITEhMSDlXVkJZQlRNTEhZQkxIOVdfX1VOVE1YQ1ZCWVhMSExI,20240630
20240612,2296545-1,CENTRAL DE COMPRAS PuBLICAS,RESOLUCION JEFATURAL,No 000088-2024-PERu COMPRAS-JEFATURA,Designan jefa de la Oficina de Asesoria Juridica de la Central de Compras Publicas - PERu COMPRAS,https://epdoc2.elperuano.pe/EpPo/DescargaINDA.asp?Referencias=NDNMSExITEhMSDlXVkJZQlRNTEhZQkxIOVdfX1VOVE1VTlZCWVhMSExI,20240630
20240612,2297021-1,DESPACHO PRESIDENCIAL,RESOLUCION,No 000057-2024-DP/SSG,Aprueban la Seccion No 1 del Manual de Perfiles de Puestos - MPP del Despacho Presidencial,https://epdoc2.elperuano.pe/EpPo/DescargaINDA.asp?Referencias=NDNMSExITEhMSDlXVkJZQlRNTEhZQkxIOVdfXzlXTEhZQldWWVhMSExI,20240630
20240612,2297198-1,INSTITUTO NACIONAL DE DEFENSA CIVIL,RESOLUCION JEFATURAL,No 00084-2024-INDECI/JEF INDECI,Designan Asesor de la Alta Direccion del INDECI,https://epdoc2.elperuano.pe/EpPo/DescargaINDA.asp?Referencias=NDNMSExITEhMSDlXVkJZQlRNTEhZQkxIOVdfX1hDWVg5V1dWWVhMSExI,20240630
20240612,2296900-1,INTENDENCIA NACIONAL DE BOMBEROS DEL PERU,RESOLUCION,No 047-2024-INBP,Designan Jefe de la Unidad de Recursos Humanos de la Oficina de Administracion de la Intendencia Nacional de Bomberos del Peru,https://epdoc2.elperuano.pe/EpPo/DescargaINDA.asp?Referencias=NDNMSExITEhMSDlXVkJZQlRNTEhZQkxIOVdfX1lCWUJZWFZCWVhMSExI,20240630
20240612,2296945-1,SEGURO INTEGRAL DE SALUD,RESOLUCION JEFATURAL,No 000076-2024-SIS/J,Designan Asesor de Jefatura del Seguro Integral de Salud,https://epdoc2.elperuano.pe/EpPo/DescargaINDA.asp?Referencias=NDNMSExITEhMSDlXVkJZQlRNTEhZQkxIOVdfX1VOVE1ZWFZCWVhMSExI,20240630
20240612,2297014-1,SEGURO INTEGRAL DE SALUD,RESOLUCION JEFATURAL,No 000077-2024-SIS/J,Designan Directora General de la Oficina General de Planeamiento Presupuesto y Desarrollo Organizacional del Seguro Integral de Salud,https://epdoc2.elperuano.pe/EpPo/DescargaINDA.asp?Referencias=NDNMSExITEhMSDlXVkJZQlRNTEhZQkxIOVdfX1RNOVdZQldWWVhMSExI,20240630
20240612,2297069-1,SEGURO INTEGRAL DE SALUD,RESOLUCION JEFATURAL,No 000079-2024-SIS/J,Designan Gerente de la Gerencia del Asegurado del Seguro Integral de Salud,https://epdoc2.elperuano.pe/EpPo/DescargaINDA.asp?Referencias=NDNMSExITEhMSDlXVkJZQlRNTEhZQkxIOVdfX1lYVkJZQldWWVhMSExI,20240630
20240612,2296676-1,ORGANISMO SUPERVISOR DE LA INVERSIoN EN ENERGiA Y MINERiA,RESOLUCION,No 116-2024-OS/CD,Resolucion de Consejo Directivo que dispone la publicacion del proyecto de resolucion mediante el cual se modifica la norma Procedimiento para el Calculo de los Precios de Referencia de los Combustibles derivados del Petroleo para la recepcion de comentarios y sugerencias de los interesados,https://epdoc2.elperuano.pe/EpPo/DescargaINDA.asp?Referencias=NDNMSExITEhMSDlXVkJZQlRNTEhZQkxIOVdfX1ZCV1ZWQlZCWVhMSExI,20240630
20240612,2296685-1,ORGANISMO SUPERVISOR DE LA INVERSIoN EN ENERGiA Y MINERiA,RESOLUCION,No 117-2024-OS/CD,Resolucion de Consejo Directivo que resuelve el recurso de reconsideracion interpuesto por Gas Natural de Lima y Callao S.A. contra la Resolucion No 056-2024-OS/CD mediante la cual se aprobaron los Saldos de Liquidacion del Precio Medio del Gas y Costo Medio de Transporte de Gas Natural aplicable a la Concesion de Distribucion de Gas Natural por Red de Ductos de Lima y Callao del periodo mayo 2022 - mayo 2023,https://epdoc2.elperuano.pe/EpPo/DescargaINDA.asp?Referencias=NDNMSExITEhMSDlXVkJZQlRNTEhZQkxIOVdfX1VOWENWQlZCWVhMSExI,20240630
20240612,2297023-1,AUTORIDAD NACIONAL DEL AGUA,RESOLUCION JEFATURAL,No 0238-2024-ANA,Designan profesionales en el cargo de Administrador Local de Agua de diversos ambitos territoriales,https://epdoc2.elperuano.pe/EpPo/DescargaINDA.asp?Referencias=NDNMSExITEhMSDlXVkJZQlRNTEhZQkxIOVdfX1M4TEhZQldWWVhMSExI,20240630
20240612,2297024-1,AUTORIDAD NACIONAL DEL AGUA,RESOLUCION JEFATURAL,No 0237-2024-ANA,Designan Director de la Oficina de Asesoria Juridica de la Autoridad Nacional del Agua,https://epdoc2.elperuano.pe/EpPo/DescargaINDA.asp?Referencias=NDNMSExITEhMSDlXVkJZQlRNTEhZQkxIOVdfX1RNTEhZQldWWVhMSExI,20240630
20240612,2296404-1,INSTITUTO NACIONAL DE DEFENSA DE LA COMPETENCIA Y DE LA PROTECCION DE LA PROPIEDAD INTELECTUAL,RESOLUCION,No 000099-2024-GEG/INDECOPI,Designan Asesor de la Gerencia General del INDECOPI,https://epdoc2.elperuano.pe/EpPo/DescargaINDA.asp?Referencias=NDNMSExITEhMSDlXVkJZQlRNTEhZQkxIOVdfX1RNWUJUTVZCWVhMSExI,20240630
20240612,2297010-1,ORGANISMO TeCNICO DE LA ADMINISTRACIoN DE LOS SERVICIOS DE SANEAMIENTO,RESOLUCION DIRECTORAL,No 000064-2024-OTASS-DE,Designan Gerente de Asesoria Juridica de la Entidad Prestadora de Servicios de Saneamiento Grau Sociedad Anonima - EPS GRAU S.A.,https://epdoc2.elperuano.pe/EpPo/DescargaINDA.asp?Referencias=NDNMSExITEhMSDlXVkJZQlRNTEhZQkxIOVdfX1lCOVdZQldWWVhMSExI,20240630
20240612,2296974-1,SUPERINTENDENCIA NACIONAL DE FISCALIZACIoN LABORAL,RESOLUCION,No 000120-2024-SUNAFIL,Designan Asesor II de la Gerencia General de la Superintendencia Nacional de Fiscalizacion Laboral - SUNAFIL,https://epdoc2.elperuano.pe/EpPo/DescargaINDA.asp?Referencias=NDNMSExITEhMSDlXVkJZQlRNTEhZQkxIOVdfX1RNV1ZZWFZCWVhMSExI,20240630
20240612,2296889-1,CONSEJO EJECUTIVO DEL PODER JUDICIAL,RESOLUCION ADMINISTRATIVA,No 000078-2024-P-CE-PJ,Autorizan el I Congreso Internacional Gestion Administrativa eficiente para una mejor administracion de justicia que se llevara a cabo en el marco del 150o aniversario institucional de la Corte Superior de Justicia de Piura,https://epdoc2.elperuano.pe/EpPo/DescargaINDA.asp?Referencias=NDNMSExITEhMSDlXVkJZQlRNTEhZQkxIOVdfX1lYWENYQ1ZCWVhMSExI,20240630
20240612,2296277-1,INSTITUCIONES EDUCATIVAS,RESOLUCION,No 007454-2024-R/UNMSM,Ratifican resolucion que autoriza viaje de autoridades de la Universidad Nacional Mayor de San Marcos a Colombia en comision de servicios,https://epdoc2.elperuano.pe/EpPo/DescargaINDA.asp?Referencias=NDNMSExITEhMSDlXVkJZQlRNTEhZQkxIOVdfX1dWV1ZMSFZCWVhMSExI,20240630
20240612,2297005-1,OFICINA NACIONAL DE PROCESOS ELECTORALES,FE DE ERRATA,R.J. No 000111-2024-JN/ONPE,FE DE ERRATA,https://epdoc2.elperuano.pe/EpPo/DescargaINDA.asp?Referencias=NDNMSExITEhMSDlXVkJZQlRNTEhZQkxIOVdfX1VOWUJZQldWWVhMSExI,20240630
20240612,2288021-1,GOBIERNO REGIONAL DE JUNIN,ACUERDO,No 109-2024-GRJ/CR,Autorizan Transferencia Financiera en la modalidad de financiamiento del proyecto del Creacion del servicio de recreacion civico cultural en la localidad de nahuimpuquio del distrito de Ahuac provincia de Chupaca departamento de Junin,https://epdoc2.elperuano.pe/EpPo/DescargaINDA.asp?Referencias=NDNMSExITEhMSDlXVkJZQlRNTEhZQkxIOVdfXzlXTEhZQlhDWENMSExI,20240630
20240612,2288024-1,GOBIERNO REGIONAL DE JUNIN,ACUERDO,No 139-2024-GRJ/CR,Autorizan Transferencia Financiera en la modalidad de cofinanciamiento del Mejoramiento de la losa deportiva con Grass Sintetico en el Centro Poblado de Yuracmayo del Distrito de Tapo Provincia de Tarma Departamento de Junin,https://epdoc2.elperuano.pe/EpPo/DescargaINDA.asp?Referencias=NDNMSExITEhMSDlXVkJZQlRNTEhZQkxIOVdfX1RNTEhZQlhDWENMSExI,20240630
20240612,2288702-1,GOBIERNO REGIONAL DE JUNIN,ORDENANZA,No 397-2024-GRJ/CR,Declaran de necesidad publica e interes regional la lucha contra el cancer y la implementacion de la red oncologica en la region Junin,https://epdoc2.elperuano.pe/EpPo/DescargaINDA.asp?Referencias=NDNMSExITEhMSDlXVkJZQlRNTEhZQkxIOVdfX0xIWUJXVlhDWENMSExI,20240630
20240612,2296351-1,GOBIERNO REGIONAL DE LA LIBERTAD,ACUERDO,No 000082-2024-GRLL-CR,Aprueban Transferencia Financiera a favor de la Municipalidad Distrital de Curgos provincia de Sanchez Carrion departamento La Libertad destinada al financiamiento de la ejecucion de proyecto,https://epdoc2.elperuano.pe/EpPo/DescargaINDA.asp?Referencias=NDNMSExITEhMSDlXVkJZQlRNTEhZQkxIOVdfXzlXVU5TOFZCWVhMSExI,20240630
20240612,2296354-1,GOBIERNO REGIONAL DE LA LIBERTAD,ACUERDO,No 000083-2024-GRLL-CR,Aprueban Transferencia Financiera a favor de la Municipalidad Distrital de Casa Grande,https://epdoc2.elperuano.pe/EpPo/DescargaINDA.asp?Referencias=NDNMSExITEhMSDlXVkJZQlRNTEhZQkxIOVdfX1RNVU5TOFZCWVhMSExI,20240630
20240612,2296695-1,GOBIERNO REGIONAL DE LA LIBERTAD,ACUERDO,No 000084-2024-GRLL-CR,Aprueban Transferencia Financiera a favor de la Municipalidad Distrital de Moche,https://epdoc2.elperuano.pe/EpPo/DescargaINDA.asp?Referencias=NDNMSExITEhMSDlXVkJZQlRNTEhZQkxIOVdfX1VOWVhWQlZCWVhMSExI,20240630
20240612,2296716-1,GOBIERNO REGIONAL DE LA LIBERTAD,ACUERDO,No 000085-2024-GRLL-CR,Aprueban Transferencia Financiera a favor de la Municipalidad Distrital de Paranday,https://epdoc2.elperuano.pe/EpPo/DescargaINDA.asp?Referencias=NDNMSExITEhMSDlXVkJZQlRNTEhZQkxIOVdfX1ZCOVdXVlZCWVhMSExI,20240630
20240612,2296722-1,GOBIERNO REGIONAL DE LA LIBERTAD,ACUERDO,No 000086-2024-GRLL-CR,Aprueban Transferencia Financiera a favor de la Municipalidad Distrital de Paijan,https://epdoc2.elperuano.pe/EpPo/DescargaINDA.asp?Referencias=NDNMSExITEhMSDlXVkJZQlRNTEhZQkxIOVdfX0xITEhXVlZCWVhMSExI,20240630
20240612,2296725-1,GOBIERNO REGIONAL DE LA LIBERTAD,ACUERDO,No 000087-2024-GRLL-CR,Aprueban Transferencia Financiera a favor de la Municipalidad Provincial de Otuzco,https://epdoc2.elperuano.pe/EpPo/DescargaINDA.asp?Referencias=NDNMSExITEhMSDlXVkJZQlRNTEhZQkxIOVdfX1VOTEhXVlZCWVhMSExI,20240630
20240612,2296731-1,GOBIERNO REGIONAL DE LA LIBERTAD,ACUERDO,No 000088-2024-GRLL-CR,Aprueban Transferencia Financiera a favor de la Municipalidad Distrital de Calamarca,https://epdoc2.elperuano.pe/EpPo/DescargaINDA.asp?Referencias=NDNMSExITEhMSDlXVkJZQlRNTEhZQkxIOVdfXzlXUzhXVlZCWVhMSExI,20240630
20240612,2296346-1,GOBIERNO REGIONAL DE LA LIBERTAD,RESOLUCION,No 000121-2024-GRLL-GGR-GREMH,Disponen publicar concesiones mineras cuyos titulos fueron aprobados en los meses de setiembre octubre y noviembre del ano 2023 y febrero del ano 2024,https://epdoc2.elperuano.pe/EpPo/DescargaINDA.asp?Referencias=NDNMSExITEhMSDlXVkJZQlRNTEhZQkxIOVdfX1ZCVE1TOFZCWVhMSExI,20240630
20240612,2296319-1,GOBIERNO REGIONAL DE SAN MARTIN,ORDENANZA,No 008-2024-GRSM/CR,Declaran de interes y prioridad regional a la ciudadela y fortaleza del Gran Pajaten ubicado en el area natural protegida Parque Nacional Rio Abiseo para su puesta en valor y difusion del Patrimonio Cultural de la Nacion,https://epdoc2.elperuano.pe/EpPo/DescargaINDA.asp?Referencias=NDNMSExITEhMSDlXVkJZQlRNTEhZQkxIOVdfX1lYOVdTOFZCWVhMSExI,20240630
20240612,2295652-1,GOBIERNO REGIONAL DE SAN MARTIN,RESOLUCION DIRECTORAL,No 064-2024-GRSM/DREM,Concesion minera cuyo titulo fue aprobado en el mes de mayo de 2024,https://epdoc2.elperuano.pe/EpPo/DescargaINDA.asp?Referencias=NDNMSExITEhMSDlXVkJZQlRNTEhZQkxIOVdfX0xIVU5WQlVOWVhMSExI,20240630
20240612,2296202-1,MUNICIPALIDAD PROVINCIAL DE PIURA,RESOLUCION DE ALCALDIA,No 0575-2024-A/MPP,Modifican la R.A. No 0278-2023-A/MPP y actualizan la designacion del Comite de Promocion de la Inversion Privada,https://epdoc2.elperuano.pe/EpPo/DescargaINDA.asp?Referencias=NDNMSExITEhMSDlXVkJZQlRNTEhZQkxIOVdfX0xIWUJMSFZCWVhMSExI,20240630
20240612,2296534-1,MUNICIPALIDAD DE CARMEN DE LA LEGUA REYNOSO,RESOLUCION DE ALCALDIA,No 070-2024-MDCLR,Aprueban el nuevo Texto unico de Servicios No Exclusivos - TUSNE de la Municipalidad Distrital de Carmen de La Legua Reynoso,https://epdoc2.elperuano.pe/EpPo/DescargaINDA.asp?Referencias=NDNMSExITEhMSDlXVkJZQlRNTEhZQkxIOVdfX1RNUzhVTlZCWVhMSExI,20240630
20240612,2296329-1,RELACIONES EXTERIORES,CONVENIO,Acuerdo con CBI,Acuerdo por Intercambio de Comunicaciones entre la Republica del Peru y la Comision Ballenera Internacional relativo a la realizacion de la Sexagesima Novena Reunion Bienal de la Comision Ballenera Internacional,https://epdoc2.elperuano.pe/EpPo/DescargaINDA.asp?Referencias=NDNMSExITEhMSDlXVkJZQlRNTEhZQkxIOVdfX1lYTEhTOFZCWVhMSExI,20240630
20240612,2296331-1,RELACIONES EXTERIORES,CONVENIO,Entrada en vigor Acuerdo con CBI,Entrada en vigor del Acuerdo por Intercambio de Comunicaciones entre la Republica del Peru y la Comision Ballenera Internacional relativo a la realizacion de la Sexagesima Novena Reunion Bienal de la Comision Ballenera Internacional,https://epdoc2.elperuano.pe/EpPo/DescargaINDA.asp?Referencias=NDNMSExITEhMSDlXVkJZQlRNTEhZQkxIOVdfXzlXUzhTOFZCWVhMSExI,20240630
20240611,2296492-1,PRESIDENCIA DEL CONSEJO DE MINISTROS,RESOLUCION MINISTERIAL,No 175-2024-PCM,Modifican la R.M. No 321-2023-PCM que delega facultades y atribuciones en diversos funcionarios de la Presidencia del Consejo de Ministros,https://epdoc2.elperuano.pe/EpPo/DescargaINDA.asp?Referencias=NDM5VzlXOVc5VzlXVkJZQlRNTEhZQkxIOVdfX0xIWVhUTVZCWVhMSExI,20240630
20240611,2296185-1,AMBIENTE,RESOLUCION MINISTERIAL,No 179-2024-MINAM,Disponen la publicacion de proyecto de Decreto Supremo que aprueba el Reglamento de la Ley No 28245 Ley Marco del Sistema Nacional de Gestion Ambiental y su Exposicion de Motivos en la sede digital del Ministerio,https://epdoc2.elperuano.pe/EpPo/DescargaINDA.asp?Referencias=NDM5VzlXOVc5VzlXVkJZQlRNTEhZQkxIOVdfX1VOWEM5V1ZCWVhMSExI,20240630
20240611,2296530-1,DESARROLLO AGRARIO Y RIEGO,RESOLUCION DIRECTORAL,No 244 -2024-MIDAGRI-DVDAFIR-AGRO RURAL-DE,Designan Jefa de la Sub Unidad de Extraccion y Comercializacion de Abonos de la Unidad de Cadena de Valor Agricola y Ganadera de AGRO RURAL,https://epdoc2.elperuano.pe/EpPo/DescargaINDA.asp?Referencias=NDM5VzlXOVc5VzlXVkJZQlRNTEhZQkxIOVdfX1lCUzhVTlZCWVhMSExI,20240630
20240611,2296620-1,EDUCACION,RESOLUCION DIRECTORAL,No 00858-2024-DRELM,Designan Jefe de la Oficina de Supervision del Servicio Educativo de la Direccion Regional de Educacion de Lima Metropolitana,https://epdoc2.elperuano.pe/EpPo/DescargaINDA.asp?Referencias=NDM5VzlXOVc5VzlXVkJZQlRNTEhZQkxIOVdfX1lCTEhWQlZCWVhMSExI,20240630
20240611,2296455-1,EDUCACION,RESOLUCION MINISTERIAL,No 288-2024-MINEDU,Modifican los Anexos de las RR.MM. No 256-2024-MINEDU No 257-2024-MINEDU No 258-2024-MINEDU No 259-2024-MINEDU No 260-2024-MINEDU y No 262-2024-MINEDU que autorizaron Transferencias Financieras del Programa Educacion Basica para Todos a favor de diversas universidades nacionales,https://epdoc2.elperuano.pe/EpPo/DescargaINDA.asp?Referencias=NDM5VzlXOVc5VzlXVkJZQlRNTEhZQkxIOVdfX1VOVU5UTVZCWVhMSExI,20240630
20240611,2296456-1,EDUCACION,RESOLUCION MINISTERIAL,No 289-2024-MINEDU,Modifican el Plan Marco que oriente la Implementacion de la Educacion Inclusiva con enfoque territorial contemplando las condiciones de organizacion y articulacion institucional e intergubernamental,https://epdoc2.elperuano.pe/EpPo/DescargaINDA.asp?Referencias=NDM5VzlXOVc5VzlXVkJZQlRNTEhZQkxIOVdfX1ZCVU5UTVZCWVhMSExI,20240630
20240611,2296603-1,EDUCACION,RESOLUCION MINISTERIAL,No 290-2024-MINEDU,Designan Jefa de la Oficina de Logistica de la Oficina General de Administracion dependiente de la Secretaria General del Ministerio,https://epdoc2.elperuano.pe/EpPo/DescargaINDA.asp?Referencias=NDM5VzlXOVc5VzlXVkJZQlRNTEhZQkxIOVdfX1M4WUJWQlZCWVhMSExI,20240630
20240611,2296189-1,ENERGIA Y MINAS,RESOLUCION MINISTERIAL,No 237-2024-MINEM/DM,Aprueban la Guia de Contenido de la Ficha Tecnica Ambiental para Proyectos de Exploracion Minera No Sujetos al SEIA y la Guia de Contenido de la Ficha Tecnica Ambiental para Proyectos de Exploracion Minera de Menor Complejidad,https://epdoc2.elperuano.pe/EpPo/DescargaINDA.asp?Referencias=NDM5VzlXOVc5VzlXVkJZQlRNTEhZQkxIOVdfX1lYWEM5V1ZCWVhMSExI,20240630
20240611,2296518-1,MUJER Y POBLACIONES VULNERABLES,RESOLUCION,No D000105-2024-CONADIS-PRE,Aprueban el Plan anual 2024 de priorizacion y focalizacion del servicio de Fortalecimiento de competencias para la incorporacion de la perspectiva de discapacidad en las entidades publicas,https://epdoc2.elperuano.pe/EpPo/DescargaINDA.asp?Referencias=NDM5VzlXOVc5VzlXVkJZQlRNTEhZQkxIOVdfX1hDOVdVTlZCWVhMSExI,20240630
20240611,2296734-1,MUJER Y POBLACIONES VULNERABLES,RESOLUCION,No D000107-2024-CONADIS-PRE,Aprueban Seccion Segunda del Reglamento de Organizacion y Funciones del Consejo Nacional para la Integracion de la Persona con Discapacidad - CONADIS,https://epdoc2.elperuano.pe/EpPo/DescargaINDA.asp?Referencias=NDM5VzlXOVc5VzlXVkJZQlRNTEhZQkxIOVdfX1RNUzhXVlZCWVhMSExI,20240630
20240611,2296815-1,MUJER Y POBLACIONES VULNERABLES,RESOLUCION MINISTERIAL,No 216-2024-MIMP,Determinan fecha de culminacion del proceso de fusion por absorcion de la Unidad de Servicios de Proteccion de Personas con Discapacidad del Programa Integral Nacional para el Bienestar Familiar - INABIF al Consejo Nacional para la Integracion de la Persona con Discapacidad - CONADIS,https://epdoc2.elperuano.pe/EpPo/DescargaINDA.asp?Referencias=NDM5VzlXOVc5VzlXVkJZQlRNTEhZQkxIOVdfX1VOOVdYQ1ZCWVhMSExI,20240630
20240611,2296219-1,RELACIONES EXTERIORES,RESOLUCION MINISTERIAL,No 0459-2024-RE,Autorizan viaje de especialista a la Confederacion Suiza en comision de servicios,https://epdoc2.elperuano.pe/EpPo/DescargaINDA.asp?Referencias=NDM5VzlXOVc5VzlXVkJZQlRNTEhZQkxIOVdfX1lYOVdMSFZCWVhMSExI,20240630
20240611,2296327-1,SALUD,RESOLUCION MINISTERIAL,No 409-2024/MINSA,Designan Director General de la Direccion de Redes Integradas de Salud Lima Norte,https://epdoc2.elperuano.pe/EpPo/DescargaINDA.asp?Referencias=NDM5VzlXOVc5VzlXVkJZQlRNTEhZQkxIOVdfX1dWTEhTOFZCWVhMSExI,20240630
20240611,2296682-1,SALUD,RESOLUCION VICE MINISTERIAL,No D000093-2024-DVMPAS-MINSA,Designan Director Adjunto de la Direccion del Hospital de Huaycan,https://epdoc2.elperuano.pe/EpPo/DescargaINDA.asp?Referencias=NDM5VzlXOVc5VzlXVkJZQlRNTEhZQkxIOVdfX0xIWENWQlZCWVhMSExI,20240630
20240611,2295808-1,TRANSPORTES Y COMUNICACIONES,RESOLUCION DIRECTORAL,No 0333-2024-MTC/17.03,Renuevan autorizacion a la empresa ARMENCA INGENIEROS S.A.C. para operar como Entidad Certificadora de Conversiones a Gas Licuado de Petroleo - GLP de ambito nacional,https://epdoc2.elperuano.pe/EpPo/DescargaINDA.asp?Referencias=NDM5VzlXOVc5VzlXVkJZQlRNTEhZQkxIOVdfX1hDWUJYQ1VOWVhMSExI,20240630
20240611,2296584-1,TRANSPORTES Y COMUNICACIONES,RESOLUCION MINISTERIAL,No 305-2024-MTC/01.02,Autorizan viajes de inspectores de la Direccion General de Aeronautica Civil a Brasil y Colombia en comision de servicios,https://epdoc2.elperuano.pe/EpPo/DescargaINDA.asp?Referencias=NDM5VzlXOVc5VzlXVkJZQlRNTEhZQkxIOVdfX1RNWENVTlZCWVhMSExI,20240630
20240611,2296584-2,TRANSPORTES Y COMUNICACIONES,RESOLUCION MINISTERIAL,No 306-2024-MTC/01.02,Autorizan viaje de inspector de la Direccion General de Aeronautica Civil a los EE.UU. en comision de servicios,https://epdoc2.elperuano.pe/EpPo/DescargaINDA.asp?Referencias=NDM5VzlXOVc5VzlXVkJZQlRNTEhZQkxITEhfX1RNWENVTlZCWVhMSExI,20240630
20240611,2296479-1,BIBLIOTECA NACIONAL DEL PERU,RESOLUCION JEFATURAL,No 000057-2024-BNP,Designan Coordinadora de Articulacion y Desarrollo de Redes de Bibliotecas,https://epdoc2.elperuano.pe/EpPo/DescargaINDA.asp?Referencias=NDM5VzlXOVc5VzlXVkJZQlRNTEhZQkxIOVdfX1lYV1ZUTVZCWVhMSExI,20240630
20240611,2296284-1,INSTITUTO NACIONAL DE DEFENSA CIVIL,RESOLUCION JEFATURAL,No 000081-2024-INDECI/JEF INDECI,Autorizan Transferencia Financiera a favor de la Contraloria General de la Republica,https://epdoc2.elperuano.pe/EpPo/DescargaINDA.asp?Referencias=NDM5VzlXOVc5VzlXVkJZQlRNTEhZQkxIOVdfX1RNWENMSFZCWVhMSExI,20240630
20240611,2296760-1,SIERRA Y SELVA EXPORTADORA,RESOLUCION,No 037-2024-MIDAGRI-SSE/PE,Designan Gerente General de Sierra y Selva Exportadora,https://epdoc2.elperuano.pe/EpPo/DescargaINDA.asp?Referencias=NDM5VzlXOVc5VzlXVkJZQlRNTEhZQkxIOVdfX1lCVkJXVlZCWVhMSExI,20240630
20240611,2296390-1,ORGANISMO SUPERVISOR DE LA INVERSIoN EN ENERGiA Y MINERiA,RESOLUCION,No 113-2024-OS/CD,Resuelven recurso de reconsideracion interpuesto por la empresa Ergon Peru S.A.C. contra la Resolucion Osinergmin No 065-2024-OS/CD,https://epdoc2.elperuano.pe/EpPo/DescargaINDA.asp?Referencias=NDM5VzlXOVc5VzlXVkJZQlRNTEhZQkxIOVdfX1lCWVhTOFZCWVhMSExI,20240630
20240611,2296394-1,ORGANISMO SUPERVISOR DE LA INVERSIoN EN ENERGiA Y MINERiA,RESOLUCION,No 114-2024-OS/CD,Resuelven recurso de reconsideracion interpuesto por Electro Ucayali S.A. contra la Resolucion Osinergmin No 065-2024-OS/CD,https://epdoc2.elperuano.pe/EpPo/DescargaINDA.asp?Referencias=NDM5VzlXOVc5VzlXVkJZQlRNTEhZQkxIOVdfX1RNWVhTOFZCWVhMSExI,20240630
20240611,2296398-1,ORGANISMO SUPERVISOR DE LA INVERSIoN EN ENERGiA Y MINERiA,RESOLUCION,No 115-2024-OS/CD,Reemplazan el cuadro Cargo RER Autonomo contenido en el articulo 1 de la Resolucion No 065-2024-OS/CD,https://epdoc2.elperuano.pe/EpPo/DescargaINDA.asp?Referencias=NDM5VzlXOVc5VzlXVkJZQlRNTEhZQkxIOVdfX1hDWVhTOFZCWVhMSExI,20240630
20240611,2296460-1,SUPERINTENDENCIA NACIONAL DE MIGRACIONES,RESOLUCION,No 000117-2024-MIGRACIONES,Crean el Puesto de Control Migratorio Puerto Chancay ubicado en el distrito de Chancay provincia de Huaral y departamento de Lima el mismo que dependera de la Jefatura Zonal del Callao de MIGRACIONES,https://epdoc2.elperuano.pe/EpPo/DescargaINDA.asp?Referencias=NDM5VzlXOVc5VzlXVkJZQlRNTEhZQkxIOVdfX1lCVkJUTVZCWVhMSExI,20240630
20240611,2296444-1,CONSEJO EJECUTIVO DEL PODER JUDICIAL,INVESTIGACION,DEFINITIVA No 751-2022-AREQUIPA,Imponen medida disciplinaria de destitucion a juez del Juzgado de Paz de Primera Nominacion de Majes - El Pedregal,https://epdoc2.elperuano.pe/EpPo/DescargaINDA.asp?Referencias=NDM5VzlXOVc5VzlXVkJZQlRNTEhZQkxIOVdfX1RNVE1UTVZCWVhMSExI,20240630
20240611,2296442-1,CONSEJO EJECUTIVO DEL PODER JUDICIAL,RESOLUCION ADMINISTRATIVA,No 000182-2024-CE-PJ,Disponen la creacion de la Unidad Modelo de Flagrancia Tipo I en los Distritos Judiciales de Piura y Cusco y la creacion de la Unidad Modelo de Flagrancia Tipo III en el Distrito Judicial de Ica,https://epdoc2.elperuano.pe/EpPo/DescargaINDA.asp?Referencias=NDM5VzlXOVc5VzlXVkJZQlRNTEhZQkxIOVdfX0xIVE1UTVZCWVhMSExI,20240630
20240611,2296443-1,CONSEJO EJECUTIVO DEL PODER JUDICIAL,RESOLUCION ADMINISTRATIVA,No 000183-2024-CE-PJ,Disponen medidas administrativas en el Distrito Judicial de Loreto y dictan diversas disposiciones,https://epdoc2.elperuano.pe/EpPo/DescargaINDA.asp?Referencias=NDM5VzlXOVc5VzlXVkJZQlRNTEhZQkxIOVdfX1M4VE1UTVZCWVhMSExI,20240630
20240611,2296396-1,CORTES SUPERIORES DE JUSTICIA,RESOLUCION ADMINISTRATIVA,No 000416-2024-P-CSJLI-PJ,Conforman la Cuarta Sala Laboral de Lima y dictan diversas disposiciones,https://epdoc2.elperuano.pe/EpPo/DescargaINDA.asp?Referencias=NDM5VzlXOVc5VzlXVkJZQlRNTEhZQkxIOVdfX1ZCWVhTOFZCWVhMSExI,20240630
20240611,2296195-1,CONTRALORIA GENERAL DE LA REPUBLICA,RESOLUCION,No 273-2024-CG,Modifican la Directiva No 011-2020-CG/AJ Defensa y/o Asesoria para colaboradores y excolaboradores de la Contraloria General de la Republica,https://epdoc2.elperuano.pe/EpPo/DescargaINDA.asp?Referencias=NDM5VzlXOVc5VzlXVkJZQlRNTEhZQkxIOVdfX1VOWVg5V1ZCWVhMSExI,20240630
20240611,2296408-1,INSTITUCIONES EDUCATIVAS,RESOLUCION,No 0660-2024,Autorizan viaje de docente de la Universidad Nacional de San Agustin de Arequipa para participar en evento a realizarse en Argentina,https://epdoc2.elperuano.pe/EpPo/DescargaINDA.asp?Referencias=NDM5VzlXOVc5VzlXVkJZQlRNTEhZQkxIOVdfX1hDWUJUTVZCWVhMSExI,20240630
20240611,2296386-1,JURADO NACIONAL DE ELECCIONES,RESOLUCION,No 0156-2024-JNE,Confirman el Acuerdo de Concejo No 002-2024-MPJB que rechazo solicitud de vacancia presentada en contra de alcalde de la Municipalidad Provincial de Jorge Basadre departamento de Tacna,https://epdoc2.elperuano.pe/EpPo/DescargaINDA.asp?Referencias=NDM5VzlXOVc5VzlXVkJZQlRNTEhZQkxIOVdfX1ZCWENTOFZCWVhMSExI,20240630
20240611,2296388-1,JURADO NACIONAL DE ELECCIONES,RESOLUCION,No 0160-2024-JNE,Sancionan con amonestacion publica a gobernador del Gobierno Regional de Cajamarca y disponen remitir copias de actuados pertinentes al Ministerio Publico,https://epdoc2.elperuano.pe/EpPo/DescargaINDA.asp?Referencias=NDM5VzlXOVc5VzlXVkJZQlRNTEhZQkxIOVdfX1hDWENTOFZCWVhMSExI,20240630
20240611,2296385-1,MINISTERIO PUBLICO,RESOLUCION,No 1367-2024-MP-FN,Autorizan viaje de fiscales de la Segunda Fiscalia Supraprovincial Corporativa Especializada en Delitos de Lavado de Activos a Argentina en comision de servicios,https://epdoc2.elperuano.pe/EpPo/DescargaINDA.asp?Referencias=NDM5VzlXOVc5VzlXVkJZQlRNTEhZQkxIOVdfX1VOWENTOFZCWVhMSExI,20240630
20240611,2296106-1,SUPERINTENDENCIA DE BANCA  SEGUROS Y ADMINISTRADORAS PRIVADAS DE FONDOS DE PENSIONES,RESOLUCION,SBS No 02110-2024,Modifican Manuales de Contabilidad para las Empresas del Sistema Financiero y para las Administradoras Privadas de Fondos de Pensiones y dictan otras disposiciones,https://epdoc2.elperuano.pe/EpPo/DescargaINDA.asp?Referencias=NDM5VzlXOVc5VzlXVkJZQlRNTEhZQkxIOVdfX1ZCWUI5V1ZCWVhMSExI,20240630
20240611,2296263-1,MUNICIPALIDAD DEL RIMAC,Acuerdo,No 023-2024-MDR,Autorizan viaje de regidores para participar en evento de capacitacion que se realizara en Colombia,https://epdoc2.elperuano.pe/EpPo/DescargaINDA.asp?Referencias=NDM5VzlXOVc5VzlXVkJZQlRNTEhZQkxIOVdfX1M4VkJMSFZCWVhMSExI,20240630
20240611,2294528-1,MUNICIPALIDAD DE SAN MIGUEL,ORDENANZA,No 497/MDSM,Ordenanza que aprueba la condonacion de los arbitrios municipales a los comedores populares del distrito de San Miguel,https://epdoc2.elperuano.pe/EpPo/DescargaINDA.asp?Referencias=NDM5VzlXOVc5VzlXVkJZQlRNTEhZQkxIOVdfX1hDTEhVTlRNWVhMSExI,20240630
20240611,2292657-1,MUNICIPALIDAD DISTRITAL DE SAN ANTONIO,RESOLUCION DE ALCALDIA,No 054-2024-A/MDSA,Aprueban el Texto unico de Servicios No Exclusivos (TUSNE) de la Municipalidad Distrital de San Antonio,https://epdoc2.elperuano.pe/EpPo/DescargaINDA.asp?Referencias=NDM5VzlXOVc5VzlXVkJZQlRNTEhZQkxIOVdfX1dWVU5WQkxIWVhMSExI,20240630
20240610,2296582-1,CONGRESO DE LA REPUBLICA,LEY,No 32054,Ley que modifica el Codigo Penal Decreto Legislativo 635 y la Ley 30424 Ley que regula la responsabilidad administrativa de las personas juridicas en el proceso penal a fin de optimizar la democracia representativa y establecer medidas para la lucha contra la corrupcion en las organizaciones politicas,https://epdoc2.elperuano.pe/EpPo/DescargaINDA.asp?Referencias=NDNZQllCWUJZQjlXVkJZQlRNTEhZQkxIOVdfX0xIWENVTlZCWVhMSExI,20240630
20240610,2296283-1,DESARROLLO AGRARIO Y RIEGO,RESOLUCION,No D000155-2024-MIDAGRI-SERFOR-DE,Designan Directora General de la Direccion General de Politica y Competitividad Forestal y de Fauna Silvestre y para desempenar temporalmente las funciones de Directora de la Direccion de Promocion y Competitividad del SERFOR,https://epdoc2.elperuano.pe/EpPo/DescargaINDA.asp?Referencias=NDNZQllCWUJZQjlXVkJZQlRNTEhZQkxIOVdfX1M4WENMSFZCWVhMSExI,20240630
20240610,2296178-1,DESARROLLO AGRARIO Y RIEGO,RESOLUCION MINISTERIAL,No 0209-2024-MIDAGRI,Designan Director General de la Direccion General de Politicas Agrarias del Viceministerio de Politicas y Supervision del Desarrollo Agrario,https://epdoc2.elperuano.pe/EpPo/DescargaINDA.asp?Referencias=NDNZQllCWUJZQjlXVkJZQlRNTEhZQkxIOVdfX1hDV1Y5V1ZCWVhMSExI,20240630
20240610,2296179-1,DESARROLLO AGRARIO Y RIEGO,RESOLUCION MINISTERIAL,No 0210-2024-MIDAGRI,Designan Asesor de Alta Direccion del Despacho Ministerial,https://epdoc2.elperuano.pe/EpPo/DescargaINDA.asp?Referencias=NDNZQllCWUJZQjlXVkJZQlRNTEhZQkxIOVdfX1lYV1Y5V1ZCWVhMSExI,20240630
20240610,2296583-1,ECONOMIA Y FINANZAS,DECRETO SUPREMO,No 103-2024-EF,Decreto Supremo que autoriza Transferencia de Partidas en el Presupuesto del Sector Publico para el Ano Fiscal 2024 a favor del Consejo Nacional para la Integracion de la Persona con Discapacidad,https://epdoc2.elperuano.pe/EpPo/DescargaINDA.asp?Referencias=NDNZQllCWUJZQjlXVkJZQlRNTEhZQkxIOVdfX1M4WENVTlZCWVhMSExI,20240630
20240610,2296161-1,JUSTICIA Y DERECHOS HUMANOS,RESOLUCION MINISTERIAL,No 0143-2024-JUS,Designan Asesora II de la Secretaria General del Ministerio,https://epdoc2.elperuano.pe/EpPo/DescargaINDA.asp?Referencias=NDNZQllCWUJZQjlXVkJZQlRNTEhZQkxIOVdfXzlXVkI5V1ZCWVhMSExI,20240630
20240610,2296082-1,PRODUCE,RESOLUCION,No 000097-2024-ITP/DE,Retiran al Patronato del Rimac la calificacion para operar como CITE privado denominado Centro de Innovacion Productiva y Transferencia Tecnologica Privado - CITE Privado Tecnologia e Industrias Creativas,https://epdoc2.elperuano.pe/EpPo/DescargaINDA.asp?Referencias=NDNZQllCWUJZQjlXVkJZQlRNTEhZQkxIOVdfX0xIWENZQlZCWVhMSExI,20240630
20240610,2296100-1,PRODUCE,RESOLUCION,No 000096-2024-ITP/DE,Retiran a la empresa Danper Trujillo S.A.C. la calificacion para operar como CITE privado denominado Centro de Innovacion Productiva y Transferencia Tecnologica Privado - CITEagroindustrial DANPER,https://epdoc2.elperuano.pe/EpPo/DescargaINDA.asp?Referencias=NDNZQllCWUJZQjlXVkJZQlRNTEhZQkxIOVdfX1lCWUI5V1ZCWVhMSExI,20240630
20240610,2296176-1,PRODUCE,RESOLUCION,No 000008-2024-ITP/CD,Precisan el articulo 2 de la R.M. No 070-2016-PRODUCE que crea el Centro de Innovacion Productiva y Transferencia Tecnologica Productivo CITEproductivo Maynas,https://epdoc2.elperuano.pe/EpPo/DescargaINDA.asp?Referencias=NDNZQllCWUJZQjlXVkJZQlRNTEhZQkxIOVdfX1ZCV1Y5V1ZCWVhMSExI,20240630
20240610,2296173-1,RELACIONES EXTERIORES,RESOLUCION MINISTERIAL,No 0464-2024-RE,Autorizan viaje de funcionario diplomatico a Ecuador en comision de servicios,https://epdoc2.elperuano.pe/EpPo/DescargaINDA.asp?Referencias=NDNZQllCWUJZQjlXVkJZQlRNTEhZQkxIOVdfX1M4V1Y5V1ZCWVhMSExI,20240630
20240610,2296174-1,SALUD,RESOLUCION MINISTERIAL,No 410-2024/MINSA,Aprueban el Documento Tecnico: Lineamientos para el desarrollo del Servicio Rural y Urbano Marginal de Salud (SERUMS) de los profesionales de psicologia en las instituciones educativas publicas,https://epdoc2.elperuano.pe/EpPo/DescargaINDA.asp?Referencias=NDNZQllCWUJZQjlXVkJZQlRNTEhZQkxIOVdfX1RNV1Y5V1ZCWVhMSExI,20240630
20240610,2295973-1,VIVIENDA  CONSTRUCCIoN Y SANEAMIENTO,RESOLUCION DIRECTORAL,No 143-2024/VIVIENDA/VMCS/PNSR,Designan Coordinador de la Sub Unidad de Abastecimiento y Control Patrimonial de la Unidad de Administracion del Programa Nacional de Saneamiento Rural,https://epdoc2.elperuano.pe/EpPo/DescargaINDA.asp?Referencias=NDNZQllCWUJZQjlXVkJZQlRNTEhZQkxIOVdfX1M4V1ZZWFVOWVhMSExI,20240630
20240610,2296096-1,VIVIENDA  CONSTRUCCIoN Y SANEAMIENTO,RESOLUCION JEFATURAL,No 117-2024-VIVIENDA/VMCS/PNSU/1.0,Designan Coordinador de la Subunidad de Planeamiento del Programa Nacional de Saneamiento Urbano,https://epdoc2.elperuano.pe/EpPo/DescargaINDA.asp?Referencias=NDNZQllCWUJZQjlXVkJZQlRNTEhZQkxIOVdfX1ZCWVhZQlZCWVhMSExI,20240630
20240610,2296177-1,ORGANISMO SUPERVISOR DE LA INVERSIoN EN ENERGiA Y MINERiA,RESOLUCION,No 112-2024-OS/CD,Resolucion de Consejo Directivo mediante la cual se aprueba el Plan de Inversiones para el periodo comprendido entre el 01 de mayo de 2025 y el 30 de abril de 2029,https://epdoc2.elperuano.pe/EpPo/DescargaINDA.asp?Referencias=NDNZQllCWUJZQjlXVkJZQlRNTEhZQkxIOVdfX1dWV1Y5V1ZCWVhMSExI,20240630
20240610,2296175-1,AUTORIDAD DE TRANSPORTE URBANO PARA LIMA Y CALLAO,RESOLUCION,No 125-2024-ATU/PE,Modifican el Reglamento que regula la prestacion del Servicio Publico de Transporte Especial en la modalidad de Taxi en Lima y Callao aprobado mediante Resolucion de Presidencia Ejecutiva No 162-2023-ATU/PE,https://epdoc2.elperuano.pe/EpPo/DescargaINDA.asp?Referencias=NDNZQllCWUJZQjlXVkJZQlRNTEhZQkxIOVdfX1VOV1Y5V1ZCWVhMSExI,20240630
20240610,2296181-1,ORGANISMO TeCNICO DE LA ADMINISTRACIoN DE LOS SERVICIOS DE SANEAMIENTO,RESOLUCION,No 000013-2024-OTASS-CD,Designan Gerente General de la Empresa Prestadora de Servicios de Saneamiento Municipal de Utcubamba Sociedad Anonima - EPSSMU S.A.,https://epdoc2.elperuano.pe/EpPo/DescargaINDA.asp?Referencias=NDNZQllCWUJZQjlXVkJZQlRNTEhZQkxIOVdfXzlXWEM5V1ZCWVhMSExI,20240630
20240610,2296184-1,ORGANISMO TeCNICO DE LA ADMINISTRACIoN DE LOS SERVICIOS DE SANEAMIENTO,RESOLUCION,No 000014-2024-OTASS-CD,Designan Gerente de Operaciones de la Empresa Prestadora de Servicios de Saneamiento de Agua Potable y Alcantarillado de Pisco Sociedad Anonima - EMAPISCO S.A.,https://epdoc2.elperuano.pe/EpPo/DescargaINDA.asp?Referencias=NDNZQllCWUJZQjlXVkJZQlRNTEhZQkxIOVdfX1RNWEM5V1ZCWVhMSExI,20240630
20240610,2295644-1,SUPERINTENDENCIA NACIONAL DE LOS REGISTROS PUBLICOS,RESOLUCION,No 083-2024-SUNARP/SN,Autorizan el funcionamiento de la Oficina Receptora de Chancay ubicada en el distrito de Chancay provincia de Huaral departamento de Lima bajo la jurisdiccion de la Zona Registral No IX - Sede Lima,https://epdoc2.elperuano.pe/EpPo/DescargaINDA.asp?Referencias=NDNZQllCWUJZQjlXVkJZQlRNTEhZQkxIOVdfX1RNVE1WQlVOWVhMSExI,20240630
20240610,2295962-1,CONSEJO EJECUTIVO DEL PODER JUDICIAL,RESOLUCION ADMINISTRATIVA,No 000071-2024-P-CE-PJ,Cesan por limite de edad a Jueza Especializada Civil titular del Distrito Judicial de Lima,https://epdoc2.elperuano.pe/EpPo/DescargaINDA.asp?Referencias=NDNZQllCWUJZQjlXVkJZQlRNTEhZQkxIOVdfX0xIVkJZWFVOWVhMSExI,20240630
20240610,2296002-1,INSTITUCIONES EDUCATIVAS,RESOLUCION,No 00155-2024-UNTELS-R,Autorizan transferencia financiera a favor de la Contraloria General de la Republica,https://epdoc2.elperuano.pe/EpPo/DescargaINDA.asp?Referencias=NDNZQllCWUJZQjlXVkJZQlRNTEhZQkxIOVdfX0xIWUJZQlZCWVhMSExI,20240630
20240610,2295729-1,SUPERINTENDENCIA DE BANCA  SEGUROS Y ADMINISTRADORAS PRIVADAS DE FONDOS DE PENSIONES,RESOLUCION,SBS No 02077-2024,Prorrogan la vigencia del contrato de locacion de servicios suscrito por la Superintendencia de Banca Seguros y Administradoras Privadas de Fondos de Pensiones en representacion de AELUCOOPL con la empresa JM & V Consultores S.A.C.,https://epdoc2.elperuano.pe/EpPo/DescargaINDA.asp?Referencias=NDNZQllCWUJZQjlXVkJZQlRNTEhZQkxIOVdfX1lYTEhXVlVOWVhMSExI,20240630
20240609,2296168-1,COMERCIO EXTERIOR Y TURISMO,RESOLUCION MINISTERIAL,No 168-2024-MINCETUR,Autorizan viaje de representantes del Ministerio a China en comision de servicios,https://epdoc2.elperuano.pe/EpPo/DescargaINDA.asp?Referencias=NDNZWFlYWVhZWFlCVkJZQlRNTEhZQkxIOVdfX1hDVkI5V1ZCWVhMSExI,20240630
20240609,2296170-1,COMERCIO EXTERIOR Y TURISMO,RESOLUCION MINISTERIAL,No 169-2024-MINCETUR,Designan Directora de la Direccion de Asuntos Ambientales Turisticos de la Direccion General de Politicas de Desarrollo Turistico del Viceministerio de Turismo,https://epdoc2.elperuano.pe/EpPo/DescargaINDA.asp?Referencias=NDNZWFlYWVhZWFlCVkJZQlRNTEhZQkxIOVdfX1lCV1Y5V1ZCWVhMSExI,20240630
20240609,2296022-1,DEFENSA,RESOLUCION MINISTERIAL,No 00557-2024-DE,Autorizan viaje de oficiales de la Marina de Guerra del Peru a Corea en comision de servicios,https://epdoc2.elperuano.pe/EpPo/DescargaINDA.asp?Referencias=NDNZWFlYWVhZWFlCVkJZQlRNTEhZQkxIOVdfX0xITEhZQlZCWVhMSExI,20240630
20240609,2296169-1,DEFENSA,RESOLUCION MINISTERIAL,No 00562-2024-DE,Autorizan viaje de personal militar y civil a la Republica Centroafricana en comision de servicios,https://epdoc2.elperuano.pe/EpPo/DescargaINDA.asp?Referencias=NDNZWFlYWVhZWFlCVkJZQlRNTEhZQkxIOVdfX1lYVkI5V1ZCWVhMSExI,20240630
20240609,2296147-1,DESARROLLO AGRARIO Y RIEGO,DECRETO SUPREMO,No 006-2024-MIDAGRI,Decreto Supremo que aprueba el Reglamento de Gestion Ambiental del Sector Agrario y de Riego,https://epdoc2.elperuano.pe/EpPo/DescargaINDA.asp?Referencias=NDNZWFlYWVhZWFlCVkJZQlRNTEhZQkxIOVdfX1dWVE05V1ZCWVhMSExI,20240630
20240609,2296171-1,SERVICIO NACIONAL DE AREAS NATURALES PROTEGIDAS POR EL ESTADO,RESOLUCION,No 000112-2024-SERNANP/J-SGD,Autorizan Transferencia Financiera a favor de la Contraloria General de la Republica,https://epdoc2.elperuano.pe/EpPo/DescargaINDA.asp?Referencias=NDNZWFlYWVhZWFlCVkJZQlRNTEhZQkxIOVdfXzlXV1Y5V1ZCWVhMSExI,20240630
20240609,2296157-1,SUPERINTENDENCIA NACIONAL DE ADUANAS Y DE ADMINISTRACIoN TRIBUTARIA,RESOLUCION,No 000120-2024/SUNAT,Designan funcionarios en cargos de confianza dependientes de la Superintendencia Nacional y de la Superintendencia Nacional Adjunta de Tributos Internos,https://epdoc2.elperuano.pe/EpPo/DescargaINDA.asp?Referencias=NDNZWFlYWVhZWFlCVkJZQlRNTEhZQkxIOVdfX1dWVU45V1ZCWVhMSExI,20240630
20240608,2296172-1,CONGRESO DE LA REPUBLICA,Anexo,R. Leg. No 32052,Anexo de la R. Leg. No 32052 que autoriza el ingreso y transito de una unidad naval y de personal militar extranjero con armas de guerra al territorio de la Republica del Peru,https://epdoc2.elperuano.pe/EpPo/DescargaINDA.asp?Referencias=NDNYQ1hDWENYQ1lCVkJZQlRNTEhZQkxIOVdfX0xIV1Y5V1ZCWVhMSExI,20240630
20240608,2296167-1,CONGRESO DE LA REPUBLICA,RESOLUCION LEGISLATIVA,No 32052,Resolucion Legislativa que autoriza el ingreso y transito de una unidad naval y de personal militar extranjero con armas de guerra al territorio de la Republica del Peru,https://epdoc2.elperuano.pe/EpPo/DescargaINDA.asp?Referencias=NDNYQ1hDWENYQ1lCVkJZQlRNTEhZQkxIOVdfX1dWVkI5V1ZCWVhMSExI,20240630
20240608,2296167-2,CONGRESO DE LA REPUBLICA,RESOLUCION LEGISLATIVA,No 32053,Resolucion Legislativa que autoriza a la senora Presidenta de la Republica para salir del territorio nacional del 23 al 30 de junio de 2024,https://epdoc2.elperuano.pe/EpPo/DescargaINDA.asp?Referencias=NDNYQ1hDWENYQ1lCVkJZQlRNTEhZQkxITEhfX1dWVkI5V1ZCWVhMSExI,20240630
20240608,2296148-1,PRESIDENCIA DEL CONSEJO DE MINISTROS,DECRETO SUPREMO,No 060-2024-PCM,Decreto Supremo que modifica el Reglamento de la Ley No 29664 que crea el Sistema Nacional de Gestion del Riesgo de Desastres (SINAGERD) aprobado por Decreto Supremo No 048-2011-PCM,https://epdoc2.elperuano.pe/EpPo/DescargaINDA.asp?Referencias=NDNYQ1hDWENYQ1lCVkJZQlRNTEhZQkxIOVdfX1hDVE05V1ZCWVhMSExI,20240630
20240608,2296148-3,PRESIDENCIA DEL CONSEJO DE MINISTROS,RESOLUCION SUPREMA,No 139-2024-PCM,Modifican el articulo 2 de la Resolucion Suprema No 130-2024-PCM,https://epdoc2.elperuano.pe/EpPo/DescargaINDA.asp?Referencias=NDNYQ1hDWENYQ1lCVkJZQlRNTEhZQkxIUzhfX1hDVE05V1ZCWVhMSExI,20240630
20240608,2296148-2,COMERCIO EXTERIOR Y TURISMO,DECRETO SUPREMO,No 002-2024-MINCETUR,Decreto Supremo que modifica el Reglamento del articulo 10 de la Ley No 28977 para la implementacion del Modulo de Informacion sobre los Servicios de Logistica de Comercio Exterior aprobado por Decreto Supremo No 007-2020-MINCETUR,https://epdoc2.elperuano.pe/EpPo/DescargaINDA.asp?Referencias=NDNYQ1hDWENYQ1lCVkJZQlRNTEhZQkxITEhfX1hDVE05V1ZCWVhMSExI,20240630
20240608,2293837-1,COMERCIO EXTERIOR Y TURISMO,RESOLUCION MINISTERIAL,No 167-2024-MINCETUR,Autorizan viaje de representante de PROMPERu para participar en evento a realizarse en Japon,https://epdoc2.elperuano.pe/EpPo/DescargaINDA.asp?Referencias=NDNYQ1hDWENYQ1lCVkJZQlRNTEhZQkxIOVdfX1dWUzhYQ1M4WVhMSExI,20240630
20240608,2295725-1,CULTURA,RESOLUCION DIRECTORAL,No 000093-2024-DGPA-VMPCIC/MC,Determinan la Proteccion Provisional del Sitio Arqueologico Cerro Canon Sector B ubicado en el distrito de Carabayllo provincia y departamento de Lima,https://epdoc2.elperuano.pe/EpPo/DescargaINDA.asp?Referencias=NDNYQ1hDWENYQ1lCVkJZQlRNTEhZQkxIOVdfX1VOTEhXVlVOWVhMSExI,20240630
20240608,2295736-1,CULTURA,RESOLUCION DIRECTORAL,No 000094-2024-DGPA-VMPCIC/MC,Determinan la Proteccion Provisional del Sitio Arqueologico Qepihirka ubicado en el distrito de Independencia provincia de Huaraz departamento de Ancash,https://epdoc2.elperuano.pe/EpPo/DescargaINDA.asp?Referencias=NDNYQ1hDWENYQ1lCVkJZQlRNTEhZQkxIOVdfX1ZCUzhXVlVOWVhMSExI,20240630
20240608,2296007-1,DEFENSA,RESOLUCION MINISTERIAL,No 00554-2024-DE,Autorizan viaje de oficiales de la Fuerza Aerea del Peru a la Republica Francesa en mision de estudios,https://epdoc2.elperuano.pe/EpPo/DescargaINDA.asp?Referencias=NDNYQ1hDWENYQ1lCVkJZQlRNTEhZQkxIOVdfX1dWWUJZQlZCWVhMSExI,20240630
20240608,2296014-1,DEFENSA,RESOLUCION MINISTERIAL,No 00556-2024-DE,Autorizan viaje de oficial de la Marina de Guerra del Peru a Francia en comision de servicios,https://epdoc2.elperuano.pe/EpPo/DescargaINDA.asp?Referencias=NDNYQ1hDWENYQ1lCVkJZQlRNTEhZQkxIOVdfX1RNOVdZQlZCWVhMSExI,20240630
20240608,2295972-1,DESARROLLO AGRARIO Y RIEGO,RESOLUCION DIRECTORAL,No 0243-2024-MIDAGRI-DVDAFIR-AGRO RURAL-DE,Designan Jefe de la Sub Unidad de Presupuesto de la Unidad de Planificacion Presupuesto e Inversiones del Programa de Desarrollo Productivo Agrario Rural — AGRO RURAL,https://epdoc2.elperuano.pe/EpPo/DescargaINDA.asp?Referencias=NDNYQ1hDWENYQ1lCVkJZQlRNTEhZQkxIOVdfX0xIV1ZZWFVOWVhMSExI,20240630
20240608,2295975-1,DESARROLLO AGRARIO Y RIEGO,RESOLUCION DIRECTORAL,No 0241-2024-MIDAGRI-DVDAFIR-AGRO RURAL-DE,Designan Asesor de la Direccion Ejecutiva del Programa de Desarrollo Productivo Agrario Rural — AGRO RURAL,https://epdoc2.elperuano.pe/EpPo/DescargaINDA.asp?Referencias=NDNYQ1hDWENYQ1lCVkJZQlRNTEhZQkxIOVdfX1VOV1ZZWFVOWVhMSExI,20240630
20240608,2295978-1,DESARROLLO AGRARIO Y RIEGO,RESOLUCION DIRECTORAL,No 0242-2024-MIDAGRI-DVDAFIR-AGRO RURAL-DE,Designan Jefa de la Unidad Zonal Ucayali del Programa de Desarrollo Productivo Agrario Rural — AGRO RURAL,https://epdoc2.elperuano.pe/EpPo/DescargaINDA.asp?Referencias=NDNYQ1hDWENYQ1lCVkJZQlRNTEhZQkxIOVdfX1hDV1ZZWFVOWVhMSExI,20240630
20240608,2295979-1,DESARROLLO AGRARIO Y RIEGO,RESOLUCION DIRECTORAL,No 0240 -2024-MIDAGRI-DVDAFIR-AGRO RURAL-DE,Designan Jefe de la Unidad Zonal Huanuco del Programa de Desarrollo Productivo Agrario Rural — AGRO RURAL,https://epdoc2.elperuano.pe/EpPo/DescargaINDA.asp?Referencias=NDNYQ1hDWENYQ1lCVkJZQlRNTEhZQkxIOVdfX1lYV1ZZWFVOWVhMSExI,20240630
20240608,2296130-1,EDUCACION,RESOLUCION DIRECTORAL,No 060-2024-MINEDU/VMGI-PRONABEC,Designan Subdirectora de la Subdireccion de Seguimiento y Supervision de la Direccion de Gestion de Becas del PRONABEC,https://epdoc2.elperuano.pe/EpPo/DescargaINDA.asp?Referencias=NDNYQ1hDWENYQ1lCVkJZQlRNTEhZQkxIOVdfX1lCUzg5V1ZCWVhMSExI,20240630
20240608,2296131-1,EDUCACION,RESOLUCION DIRECTORAL,No 061-2024-MINEDU/VMGI-PRONABEC,Designan Director de la Direccion de Gestion de Credito Educativo del PRONABEC,https://epdoc2.elperuano.pe/EpPo/DescargaINDA.asp?Referencias=NDNYQ1hDWENYQ1lCVkJZQlRNTEhZQkxIOVdfXzlXUzg5V1ZCWVhMSExI,20240630
20240608,2295797-1,JUSTICIA Y DERECHOS HUMANOS,RESOLUCION MINISTERIAL,No 0139-2024-JUS,Cancelan titulo de notaria del distrito de Lircay provincia de Angaraes distrito notarial de Huancavelica,https://epdoc2.elperuano.pe/EpPo/DescargaINDA.asp?Referencias=NDNYQ1hDWENYQ1lCVkJZQlRNTEhZQkxIOVdfX1dWWVhXVlVOWVhMSExI,20240630
20240608,2295800-1,JUSTICIA Y DERECHOS HUMANOS,RESOLUCION MINISTERIAL,No 0140-2024-JUS,Nombran notario del distrito de Wanchaq provincia y departamento de Cusco distrito notarial de Cusco y Madre de Dios,https://epdoc2.elperuano.pe/EpPo/DescargaINDA.asp?Referencias=NDNYQ1hDWENYQ1lCVkJZQlRNTEhZQkxIOVdfX1lCWUJYQ1VOWVhMSExI,20240630
20240608,2296150-1,MUJER Y POBLACIONES VULNERABLES,RESOLUCION MINISTERIAL,No 213-2024-MIMP,Aprueban el Manual de Operaciones del Programa Integral Nacional para el Bienestar Familiar - INABIF,https://epdoc2.elperuano.pe/EpPo/DescargaINDA.asp?Referencias=NDNYQ1hDWENYQ1lCVkJZQlRNTEhZQkxIOVdfX1lCVU45V1ZCWVhMSExI,20240630
20240608,2296151-1,MUJER Y POBLACIONES VULNERABLES,RESOLUCION MINISTERIAL,No 214-2024-MIMP,Designan Directora II de la Unidad de Servicios Territoriales del Programa Nacional para la Prevencion y Erradicacion de la Violencia contra las Mujeres e Integrantes del Grupo Familiar - AURORA,https://epdoc2.elperuano.pe/EpPo/DescargaINDA.asp?Referencias=NDNYQ1hDWENYQ1lCVkJZQlRNTEhZQkxIOVdfXzlXVU45V1ZCWVhMSExI,20240630
20240608,2295678-1,PRODUCE,RESOLUCION,No 462-2024-PRODUCE/PROINNOVATE,Aprueban el otorgamiento de las subvenciones a favor de personas naturales y juridicas privadas,https://epdoc2.elperuano.pe/EpPo/DescargaINDA.asp?Referencias=NDNYQ1hDWENYQ1lCVkJZQlRNTEhZQkxIOVdfX1hDV1ZWQlVOWVhMSExI,20240630
20240608,2295858-1,TRANSPORTES Y COMUNICACIONES,RESOLUCION MINISTERIAL,No 294-2024-MTC/01.03,Otorgan a la empresa S E RADIO TELEVISION E.I.R.L. Concesion unica para la prestacion de los servicios publicos de telecomunicaciones en area que comprende todo el territorio de la Republica,https://epdoc2.elperuano.pe/EpPo/DescargaINDA.asp?Referencias=NDNYQ1hDWENYQ1lCVkJZQlRNTEhZQkxIOVdfX1hDVU5YQ1VOWVhMSExI,20240630
20240608,2296163-1,TRANSPORTES Y COMUNICACIONES,RESOLUCION MINISTERIAL,No 304-2024-MTC/01.02,Autorizan viaje de inspector de la Direccion General de Aeronautica Civil a Canada en comision de servicios,https://epdoc2.elperuano.pe/EpPo/DescargaINDA.asp?Referencias=NDNYQ1hDWENYQ1lCVkJZQlRNTEhZQkxIOVdfX1M4VkI5V1ZCWVhMSExI,20240630
20240608,2296164-1,TRANSPORTES Y COMUNICACIONES,RESOLUCION MINISTERIAL,No 298-2024-MTC/01.03,Otorgan a la empresa TECNOLOGIA SILVESTRE E.I.R.L. Concesion unica para la prestacion de servicios publicos de telecomunicaciones en area que comprende todo el territorio de la Republica,https://epdoc2.elperuano.pe/EpPo/DescargaINDA.asp?Referencias=NDNYQ1hDWENYQ1lCVkJZQlRNTEhZQkxIOVdfX1RNVkI5V1ZCWVhMSExI,20240630
20240608,2296165-1,TRANSPORTES Y COMUNICACIONES,RESOLUCION MINISTERIAL,No 299-2024-MTC/01.03,Otorgan a la empresa AXESSXPLORA E.I.R.L. Concesion unica para la prestacion de los servicios publicos de telecomunicaciones en area que comprende todo el territorio de la Republica,https://epdoc2.elperuano.pe/EpPo/DescargaINDA.asp?Referencias=NDNYQ1hDWENYQ1lCVkJZQlRNTEhZQkxIOVdfX1VOVkI5V1ZCWVhMSExI,20240630
20240608,2296153-1,VIVIENDA  CONSTRUCCIoN Y SANEAMIENTO,RESOLUCION MINISTERIAL,No 210-2024-VIVIENDA,Aprueban la Decima septima convocatoria del ano 2024 para el otorgamiento del Bono de Arrendamiento de Vivienda para Emergencias en atencion al Estado de Emergencia declarado por el Decreto Supremo No 012-2024-PCM,https://epdoc2.elperuano.pe/EpPo/DescargaINDA.asp?Referencias=NDNYQ1hDWENYQ1lCVkJZQlRNTEhZQkxIOVdfX1M4VU45V1ZCWVhMSExI,20240630
20240608,2296154-1,VIVIENDA  CONSTRUCCIoN Y SANEAMIENTO,RESOLUCION MINISTERIAL,No 211-2024-VIVIENDA,Aprueban la Decima octava convocatoria del ano 2024 para el otorgamiento del Bono de Arrendamiento de Vivienda para Emergencias en atencion a los Estados de Emergencia declarados por el Decreto Supremo No 072-2023-PCM prorrogado por los Decretos Supremos Nos. 089-2023-PCM 110-2023-PCM y 130-2023-PCM  el Decreto Supremo No 005-2024-PCM  y el Decreto Supremo No 016-2024-PCM,https://epdoc2.elperuano.pe/EpPo/DescargaINDA.asp?Referencias=NDNYQ1hDWENYQ1lCVkJZQlRNTEhZQkxIOVdfX1RNVU45V1ZCWVhMSExI,20240630
20240608,2296155-1,VIVIENDA  CONSTRUCCIoN Y SANEAMIENTO,RESOLUCION MINISTERIAL,No 208-2024-VIVIENDA,Aprueban condiciones y requisitos de elegibilidad admisibilidad a tramite y la evaluacion de calidad tecnica de las inversiones registradas en la Plataforma de Registro Evaluacion y Seguimiento de Expedientes Tecnicos (PRESET) del Ministerio de Vivienda Construccion y Saneamiento,https://epdoc2.elperuano.pe/EpPo/DescargaINDA.asp?Referencias=NDNYQ1hDWENYQ1lCVkJZQlRNTEhZQkxIOVdfX1VOVU45V1ZCWVhMSExI,20240630
20240608,2295946-1,ORGANISMO SUPERVISOR DE LA INVERSIoN EN INFRAESTRUCTURA DE TRANSPORTE DE USO PuBLICO,RESOLUCION,No 0034-2024-PD-OSITRAN,Aprueban el inicio del procedimiento de fijacion tarifaria de oficio de la Tarifa Unificada de Uso Aeroportuario aplicable a los pasajeros de transferencia en el Aeropuerto Internacional Jorge Chavez administrado por Lima Airport Partners S.R.L.,https://epdoc2.elperuano.pe/EpPo/DescargaINDA.asp?Referencias=NDNYQ1hDWENYQ1lCVkJZQlRNTEhZQkxIOVdfX1ZCVE1ZWFVOWVhMSExI,20240630
20240608,2295667-1,ORGANISMO SUPERVISOR DE INVERSION PRIVADA EN TELECOMUNICACIONES,RESOLUCION,No 00151-2024-CD/OSIPTEL,Derogan la Norma que regula la obligacion de los concesionarios del servicio de telefonia fija y del servicio publico movil de proporcionar informacion a los concesionarios de larga distancia y a los concesionarios que brindan servicios especiales con interoperabilidad,https://epdoc2.elperuano.pe/EpPo/DescargaINDA.asp?Referencias=NDNYQ1hDWENYQ1lCVkJZQlRNTEhZQkxIOVdfX1dWVkJWQlVOWVhMSExI,20240630
20240608,2296050-1,SUPERINTENDENCIA NACIONAL DE SERVICIOS DE SANEAMIENTO,RESOLUCION,No 00101-2024-SUNASS-GG,Designan jefa de unidad de la Unidad de Gestion Documentaria de la Oficina de Administracion y Finanzas,https://epdoc2.elperuano.pe/EpPo/DescargaINDA.asp?Referencias=NDNYQ1hDWENYQ1lCVkJZQlRNTEhZQkxIOVdfX1lCVU5ZQlZCWVhMSExI,20240630
20240608,2296156-1,SUPERINTENDENCIA NACIONAL DE SERVICIOS DE SANEAMIENTO,RESOLUCION,No 020-2024-SUNASS-PE,Aprueban transferencia financiera a favor de la Contraloria General de la Republica,https://epdoc2.elperuano.pe/EpPo/DescargaINDA.asp?Referencias=NDNYQ1hDWENYQ1lCVkJZQlRNTEhZQkxIOVdfX1ZCVU45V1ZCWVhMSExI,20240630
20240608,2296162-1,COMISIoN DE PROMOCIoN DEL PERu PARA LA EXPORTACIoN Y EL TURISMO,RESOLUCION,No 000097-2024-PROMPERU/PE,Designan Subdirector de la Subdireccion de Promocion del Turismo Receptivo de la Direccion de Promocion del Turismo,https://epdoc2.elperuano.pe/EpPo/DescargaINDA.asp?Referencias=NDNYQ1hDWENYQ1lCVkJZQlRNTEhZQkxIOVdfX0xIVkI5V1ZCWVhMSExI,20240630
20240608,2296028-1,INSTITUTO NACIONAL DE DEFENSA DE LA COMPETENCIA Y DE LA PROTECCION DE LA PROPIEDAD INTELECTUAL,RESOLUCION,No 0330-2024/TPI-INDECOPI,Precedente de observancia obligatoria - Denuncia por infraccion a los derechos de Propiedad Industrial - Notoriedad de marcas alegada por la denunciante: No acreditada - Riesgo de confusion entre signos que se refieren a productos de la clase 25 de la Nomenclatura Oficial - Nulidad de resolucion emitida por la Primera Instancia en el extremo referido a la graduacion de la sancion - Facultad para pronunciarse sobre el fondo - Determinacion de sancion y medidas definitivas,https://epdoc2.elperuano.pe/EpPo/DescargaINDA.asp?Referencias=NDNYQ1hDWENYQ1lCVkJZQlRNTEhZQkxIOVdfX1hDTEhZQlZCWVhMSExI,20240630
20240608,2296166-1,PROCURADURiA GENERAL DEL ESTADO,RESOLUCION,No D000406-2024-JUS/PGE-PG,Designan directora del Programa Sectorial IV de la Presidencia Ejecutiva de la Procuraduria General del Estado,https://epdoc2.elperuano.pe/EpPo/DescargaINDA.asp?Referencias=NDNYQ1hDWENYQ1lCVkJZQlRNTEhZQkxIOVdfX1ZCVkI5V1ZCWVhMSExI,20240630
20240608,2296152-1,DEFENSORIA DEL PUEBLO,RESOLUCION,No 001-2024-CE-P,Aprueban conformacion final del comite especial a cargo del Concurso Publico de meritos para la eleccion de los miembros de la Junta Nacional de Justicia,https://epdoc2.elperuano.pe/EpPo/DescargaINDA.asp?Referencias=NDNYQ1hDWENYQ1lCVkJZQlRNTEhZQkxIOVdfX0xIVU45V1ZCWVhMSExI,20240630
20240608,2296158-1,MINISTERIO PUBLICO,RESOLUCION,No 1364-2024-MP-FN,Nombran fiscal adjunto provincial provisional del Distrito Fiscal de Huanuco,https://epdoc2.elperuano.pe/EpPo/DescargaINDA.asp?Referencias=NDNYQ1hDWENYQ1lCVkJZQlRNTEhZQkxIOVdfX1hDVU45V1ZCWVhMSExI,20240630
20240608,2296159-1,MINISTERIO PUBLICO,RESOLUCION,No 1365-2024-MP-FN,Nombran fiscal adjunta provincial provisional transitoria del Distrito Fiscal de Lima Centro,https://epdoc2.elperuano.pe/EpPo/DescargaINDA.asp?Referencias=NDNYQ1hDWENYQ1lCVkJZQlRNTEhZQkxIOVdfX1lYVU45V1ZCWVhMSExI,20240630
20240608,2296160-1,MINISTERIO PUBLICO,RESOLUCION,No 1366-2024-MP-FN,Nombran fiscal adjunta provincial provisional del Distrito Fiscal de Lima Este,https://epdoc2.elperuano.pe/EpPo/DescargaINDA.asp?Referencias=NDNYQ1hDWENYQ1lCVkJZQlRNTEhZQkxIOVdfX1lCVkI5V1ZCWVhMSExI,20240630
20240608,2295195-1,GOBIERNO REGIONAL DE AREQUIPA,ORDENANZA,No 512-2023 -AREQUIPA,Ordenanza Regional que modifica la Ordenanza Regional No 492- AREQUIPA que aprueba el Reglamento Interno de la Comision Regional Anticorrupcion de Arequipa,https://epdoc2.elperuano.pe/EpPo/DescargaINDA.asp?Referencias=NDNYQ1hDWENYQ1lCVkJZQlRNTEhZQkxIOVdfX1VOWVg5V1VOWVhMSExI,20240630
20240608,2295763-1,GOBIERNO REGIONAL DE ICA,ACUERDO,No 015-2024-GORE-ICA,Aprueban transferencia financiera a favor de la Mancomunidad Regional de los Andes,https://epdoc2.elperuano.pe/EpPo/DescargaINDA.asp?Referencias=NDNYQ1hDWENYQ1lCVkJZQlRNTEhZQkxIOVdfX1M4VkJXVlVOWVhMSExI,20240630
20240608,2295727-1,GOBIERNO REGIONAL DE ICA,ORDENANZA,No 007-2024-GORE-ICA,Ordenanza Regional que ratifica el objeto y la delegacion de funciones del Gobierno Regional de Ica a la Mancomunidad Regional de los Andes,https://epdoc2.elperuano.pe/EpPo/DescargaINDA.asp?Referencias=NDNYQ1hDWENYQ1lCVkJZQlRNTEhZQkxIOVdfX1dWTEhXVlVOWVhMSExI,20240630
20240608,2288679-1,GOBIERNO REGIONAL DE MOQUEGUA,ACUERDO,No 137-2024-CR/GRM,Aprueban la reduccion de los ingresos y gastos del Presupuesto Institucional aprobado para el ano 2024 de las Unidades Ejecutoras No 400 — Region Moquegua Salud No 401 — Region Moquegua Salud llo y No 402 — Gobierno Regional Hospital Regional de Moquegua del Pliego: 455 Gobierno Regional del Departamento de Moquegua,https://epdoc2.elperuano.pe/EpPo/DescargaINDA.asp?Referencias=NDNYQ1hDWENYQ1lCVkJZQlRNTEhZQkxIOVdfX1lYV1ZWQlhDWENMSExI,20240630
20240608,2219797-1,GOBIERNO REGIONAL DE MOQUEGUA,ORDENANZA,No 002-2023-CR/GRM,Conforman el Comite Consultivo Regional de Turismo de Moquegua,https://epdoc2.elperuano.pe/EpPo/DescargaINDA.asp?Referencias=NDNYQ1hDWENYQ1lCVkJZQlRNTEhZQkxIOVdfX1dWWVhXVllYOVdMSExI,20240630
20240608,2295924-1,MUNICIPALIDAD DE MIRAFLORES,Ordenanzas,No 643/MM,Aprueban la Ordenanza que Regula los Procedimientos para la Emision de Documentos e Informacion Catastral por parte de la Municipalidad Distrital de Miraflores,https://epdoc2.elperuano.pe/EpPo/DescargaINDA.asp?Referencias=NDNYQ1hDWENYQ1lCVkJZQlRNTEhZQkxIOVdfX1RNTEhZWFVOWVhMSExI,20240630
20240608,2295949-1,MUNICIPALIDAD DE SAN ISIDRO,Decretos de Alcaldia,No 006-2024-ALC/MSI,Aprueban el Reglamento de la Casa Museo Marina Nunez del Prado de Falcon,https://epdoc2.elperuano.pe/EpPo/DescargaINDA.asp?Referencias=NDNYQ1hDWENYQ1lCVkJZQlRNTEhZQkxIOVdfX1lYVE1ZWFVOWVhMSExI,20240630
20240607,2296149-1,CONGRESO DE LA REPUBLICA,LEY,No 32050,Ley que declara de interes nacional el mejoramiento y ampliacion de los servicios de salud del hospital Carlos Monge Medrano del distrito de Juliaca provincia de San Roman departamento de Puno,https://epdoc2.elperuano.pe/EpPo/DescargaINDA.asp?Referencias=NDNXVldWV1ZXVllCVkJZQlRNTEhZQkxIOVdfX1lYVE05V1ZCWVhMSExI,20240630
20240607,2296149-2,CONGRESO DE LA REPUBLICA,LEY,No 32051,Ley que modifica la Ley 30220 Ley Universitaria con el fin de facilitar el acceso a servicios de cuidado infantil para los hijos menores de tres anos de estudiantes universitarios,https://epdoc2.elperuano.pe/EpPo/DescargaINDA.asp?Referencias=NDNXVldWV1ZXVllCVkJZQlRNTEhZQkxITEhfX1lYVE05V1ZCWVhMSExI,20240630
20240607,2296143-1,PRESIDENCIA DEL CONSEJO DE MINISTROS,DECRETO SUPREMO,No 057-2024-PCM,Decreto Supremo que prorroga el Estado de Emergencia en las provincias de Putumayo y Mariscal Ramon Castilla del departamento de Loreto,https://epdoc2.elperuano.pe/EpPo/DescargaINDA.asp?Referencias=NDNXVldWV1ZXVllCVkJZQlRNTEhZQkxIOVdfX1M4VE05V1ZCWVhMSExI,20240630
20240607,2296143-2,PRESIDENCIA DEL CONSEJO DE MINISTROS,DECRETO SUPREMO,No 058-2024-PCM,Decreto Supremo que prorroga el Estado de Emergencia en la provincia de Pataz del departamento de La Libertad,https://epdoc2.elperuano.pe/EpPo/DescargaINDA.asp?Referencias=NDNXVldWV1ZXVllCVkJZQlRNTEhZQkxITEhfX1M4VE05V1ZCWVhMSExI,20240630
20240607,2296143-3,PRESIDENCIA DEL CONSEJO DE MINISTROS,DECRETO SUPREMO,No 059-2024-PCM,Decreto Supremo que prorroga el Estado de Emergencia en la provincia de Trujillo del departamento de La Libertad,https://epdoc2.elperuano.pe/EpPo/DescargaINDA.asp?Referencias=NDNXVldWV1ZXVllCVkJZQlRNTEhZQkxIUzhfX1M4VE05V1ZCWVhMSExI,20240630
20240607,2295811-1,PRESIDENCIA DEL CONSEJO DE MINISTROS,RESOLUCION MINISTERIAL,No 160-2024-PCM,Conforman Comite de Seleccion del Concurso para la Eleccion del Jefe del Organismo de Supervision de los Recursos Forestales y de Fauna Silvestre - OSINFOR,https://epdoc2.elperuano.pe/EpPo/DescargaINDA.asp?Referencias=NDNXVldWV1ZXVllCVkJZQlRNTEhZQkxIOVdfXzlXOVdYQ1VOWVhMSExI,20240630
20240607,2295942-1,PRESIDENCIA DEL CONSEJO DE MINISTROS,RESOLUCION MINISTERIAL,No 162-2024-PCM,Autorizan viaje de servidores de la Gerencia de Supervision Minera del Organismo Supervisor de la Inversion en Energia y Mineria - OSINERGMIN para participar en evento a realizarse en Alemania,https://epdoc2.elperuano.pe/EpPo/DescargaINDA.asp?Referencias=NDNXVldWV1ZXVllCVkJZQlRNTEhZQkxIOVdfX0xIVE1ZWFVOWVhMSExI,20240630
20240607,2296143-7,PRESIDENCIA DEL CONSEJO DE MINISTROS,RESOLUCION SUPREMA,No 136-2024-PCM,Autorizan viaje de la Ministra de Cultura a Francia y encargan su Despacho al Ministro del Ambiente,https://epdoc2.elperuano.pe/EpPo/DescargaINDA.asp?Referencias=NDNXVldWV1ZXVllCVkJZQlRNTEhZQkxIV1ZfX1M4VE05V1ZCWVhMSExI,20240630
20240607,2296149-7,PRESIDENCIA DEL CONSEJO DE MINISTROS,RESOLUCION SUPREMA,No 137-2024-PCM,Aceptan la renuncia de miembro del Consejo Directivo de la Autoridad Nacional del Servicio Civil - SERVIR,https://epdoc2.elperuano.pe/EpPo/DescargaINDA.asp?Referencias=NDNXVldWV1ZXVllCVkJZQlRNTEhZQkxIV1ZfX1lYVE05V1ZCWVhMSExI,20240630
20240607,2296149-8,PRESIDENCIA DEL CONSEJO DE MINISTROS,RESOLUCION SUPREMA,No 138-2024-PCM,Designan miembro del Consejo Directivo de la Autoridad Nacional del Servicio Civil - SERVIR,https://epdoc2.elperuano.pe/EpPo/DescargaINDA.asp?Referencias=NDNXVldWV1ZXVllCVkJZQlRNTEhZQkxIWENfX1lYVE05V1ZCWVhMSExI,20240630
20240607,2294286-1,CULTURA,RESOLUCION MINISTERIAL,No 000223-2024-MC,Otorgan la distincion de Personalidad Meritoria de la Cultura,https://epdoc2.elperuano.pe/EpPo/DescargaINDA.asp?Referencias=NDNXVldWV1ZXVllCVkJZQlRNTEhZQkxIOVdfX1ZCWENMSFRNWVhMSExI,20240630
20240607,2296143-8,CULTURA,RESOLUCION SUPREMA,No 007-2024-MC,Aceptan renuncia y designan Viceministra de Patrimonio Cultural e Industrias Culturales,https://epdoc2.elperuano.pe/EpPo/DescargaINDA.asp?Referencias=NDNXVldWV1ZXVllCVkJZQlRNTEhZQkxIWENfX1M4VE05V1ZCWVhMSExI,20240630
20240607,2296143-9,CULTURA,RESOLUCION SUPREMA,No 008-2024-MC,Encargan funciones de Viceministra de Interculturalidad,https://epdoc2.elperuano.pe/EpPo/DescargaINDA.asp?Referencias=NDNXVldWV1ZXVllCVkJZQlRNTEhZQkxIWVhfX1M4VE05V1ZCWVhMSExI,20240630
20240607,2295976-1,DEFENSA,RESOLUCION MINISTERIAL,No 00546-2024-DE,Autorizan viaje de oficiales de la Marina de Guerra del Peru a Ecuador en comision de servicios,https://epdoc2.elperuano.pe/EpPo/DescargaINDA.asp?Referencias=NDNXVldWV1ZXVllCVkJZQlRNTEhZQkxIOVdfX1ZCV1ZZWFVOWVhMSExI,20240630
20240607,2295987-1,DEFENSA,RESOLUCION MINISTERIAL,No 00547-2024-DE,Autorizan permanencia de oficial superior del Ejercito del Peru en los Estados Unidos de America en comision de servicios,https://epdoc2.elperuano.pe/EpPo/DescargaINDA.asp?Referencias=NDNXVldWV1ZXVllCVkJZQlRNTEhZQkxIOVdfX1dWWENZWFVOWVhMSExI,20240630
20240607,2295995-1,DEFENSA,RESOLUCION MINISTERIAL,No 00549-2024-DE,Autorizan viaje de personal militar de la Fuerza Aerea del Peru a Corea del Sur en comision de servicios,https://epdoc2.elperuano.pe/EpPo/DescargaINDA.asp?Referencias=NDNXVldWV1ZXVllCVkJZQlRNTEhZQkxIOVdfX1VOWVhZWFVOWVhMSExI,20240630
20240607,2296054-1,DESARROLLO AGRARIO Y RIEGO,RESOLUCION,No D000151-2024-MIDAGRI-SERFOR-DE,Autorizan transferencia financiera del Servicio Nacional Forestal y de Fauna Silvestre - SERFOR - Sede Central a favor de la Contraloria General de la Republica,https://epdoc2.elperuano.pe/EpPo/DescargaINDA.asp?Referencias=NDNXVldWV1ZXVllCVkJZQlRNTEhZQkxIOVdfX1RNVU5ZQlZCWVhMSExI,20240630
20240607,2296143-4,ECONOMIA Y FINANZAS,DECRETO SUPREMO,No 098-2024-EF,Decreto Supremo que autoriza Transferencia de Partidas en el Presupuesto del Sector Publico para el Ano Fiscal 2024 a favor del Ministerio de Defensa,https://epdoc2.elperuano.pe/EpPo/DescargaINDA.asp?Referencias=NDNXVldWV1ZXVllCVkJZQlRNTEhZQkxIVE1fX1M4VE05V1ZCWVhMSExI,20240630
20240607,2296149-3,ECONOMIA Y FINANZAS,DECRETO SUPREMO,No 099-2024-EF,Decreto Supremo que autoriza Transferencia de Partidas en el Presupuesto del Sector Publico para el Ano Fiscal 2024 a favor del Organismo Supervisor de la Inversion en Infraestructura de Transporte de Uso Publico - OSITRAN,https://epdoc2.elperuano.pe/EpPo/DescargaINDA.asp?Referencias=NDNXVldWV1ZXVllCVkJZQlRNTEhZQkxIUzhfX1lYVE05V1ZCWVhMSExI,20240630
20240607,2296149-4,ECONOMIA Y FINANZAS,DECRETO SUPREMO,No 100-2024-EF,Decreto Supremo que aprueba el monto de la Compensacion Economica del/de la Jefe(a) de la Autoridad Nacional de Infraestructura (ANIN) en el marco de la Ley No 30057 Ley del Servicio Civil,https://epdoc2.elperuano.pe/EpPo/DescargaINDA.asp?Referencias=NDNXVldWV1ZXVllCVkJZQlRNTEhZQkxIVE1fX1lYVE05V1ZCWVhMSExI,20240630
20240607,2296149-5,ECONOMIA Y FINANZAS,DECRETO SUPREMO,No 101-2024-EF,Decreto Supremo que autoriza Credito Suplementario en el Presupuesto del Sector Publico para el Ano Fiscal 2024 a favor de diversos gobiernos locales ganadores del Concurso FIDT 2023-II,https://epdoc2.elperuano.pe/EpPo/DescargaINDA.asp?Referencias=NDNXVldWV1ZXVllCVkJZQlRNTEhZQkxIVU5fX1lYVE05V1ZCWVhMSExI,20240630
20240607,2296149-6,ECONOMIA Y FINANZAS,DECRETO SUPREMO,No 102-2024-EF,Decreto Supremo que autoriza un Credito Suplementario en el Presupuesto del Sector Publico para el Ano Fiscal 2024 a favor de cuatro gobiernos locales ganadores del Concurso FIDT 2023,https://epdoc2.elperuano.pe/EpPo/DescargaINDA.asp?Referencias=NDNXVldWV1ZXVllCVkJZQlRNTEhZQkxIVkJfX1lYVE05V1ZCWVhMSExI,20240630
20240607,2296075-1,ECONOMIA Y FINANZAS,RESOLUCION DIRECTORAL,No 0024-2024-EF/50.01,Resolucion Directoral que aprueba el Cronograma de reuniones de sustentacion de desempeno y logro de resultados,https://epdoc2.elperuano.pe/EpPo/DescargaINDA.asp?Referencias=NDNXVldWV1ZXVllCVkJZQlRNTEhZQkxIOVdfX1VOV1ZZQlZCWVhMSExI,20240630
20240607,2295653-1,ECONOMIA Y FINANZAS,RESOLUCION VICE MINISTERIAL,No 011-2024-EF/15.01,Fijan indices de correccion monetaria para efectos de determinar el costo computable de los inmuebles enajenados por personas naturales sucesiones indivisas o sociedades conyugales que optaron por tributar como tales,https://epdoc2.elperuano.pe/EpPo/DescargaINDA.asp?Referencias=NDNXVldWV1ZXVllCVkJZQlRNTEhZQkxIOVdfX1M4VU5WQlVOWVhMSExI,20240630
20240607,2295983-1,EDUCACION,RESOLUCION MINISTERIAL,No 284-2024-MINEDU,Designan Jefe de la Oficina de Dialogo dependiente de la Secretaria General del Ministerio de Educacion,https://epdoc2.elperuano.pe/EpPo/DescargaINDA.asp?Referencias=NDNXVldWV1ZXVllCVkJZQlRNTEhZQkxIOVdfX1M4WENZWFVOWVhMSExI,20240630
20240607,2294691-1,ENERGIA Y MINAS,RESOLUCION MINISTERIAL,No 226-2024-MINEM/DM,Otorgan a favor de la empresa MAJES SOL DE VERANO S.A.C. concesion definitiva para desarrollar la actividad de generacion de energia electrica con Recursos Energeticos Renovables para el proyecto Central Solar Fotovoltaica Sol de Verano I ubicado en el departamento de Arequipa,https://epdoc2.elperuano.pe/EpPo/DescargaINDA.asp?Referencias=NDNXVldWV1ZXVllCVkJZQlRNTEhZQkxIOVdfXzlXWVhWQlRNWVhMSExI,20240630
20240607,2295760-1,ENERGIA Y MINAS,RESOLUCION MINISTERIAL,No 238-2024-MINEM/DM,Formalizan transferencia a titulo gratuito de bienes que conforman treinta y tres (33) proyectos a favor de la Empresa Regional de Servicio Publico de Electricidad de Puno - Electro Puno S.A.A.,https://epdoc2.elperuano.pe/EpPo/DescargaINDA.asp?Referencias=NDNXVldWV1ZXVllCVkJZQlRNTEhZQkxIOVdfX1lCVkJXVlVOWVhMSExI,20240630
20240607,2295829-1,JUSTICIA Y DERECHOS HUMANOS,RESOLUCION MINISTERIAL,No 0141-2024-JUS,Autorizan la realizacion de la XXXIV Convencion de Representantes de las Oficinas de Asesoria Juridica y Gerencias Legales de las entidades del Sector Publico: Control de Convencionalidad y legalidad en la administracion publica,https://epdoc2.elperuano.pe/EpPo/DescargaINDA.asp?Referencias=NDNXVldWV1ZXVllCVkJZQlRNTEhZQkxIOVdfX1lYTEhYQ1VOWVhMSExI,20240630
20240607,2295834-1,JUSTICIA Y DERECHOS HUMANOS,RESOLUCION MINISTERIAL,No 0142-2024-JUS,Actualizan conformacion de miembros integrantes del Ministerio de Justicia y Derechos Humanos que forman parte de la Comision de Gracias Presidenciales,https://epdoc2.elperuano.pe/EpPo/DescargaINDA.asp?Referencias=NDNXVldWV1ZXVllCVkJZQlRNTEhZQkxIOVdfX1RNUzhYQ1VOWVhMSExI,20240630
20240607,2296139-1,MUJER Y POBLACIONES VULNERABLES,RESOLUCION,No D000104-2024-CONADIS-PRE,Autorizan Transferencia Financiera a favor de la Contraloria General de la Republica,https://epdoc2.elperuano.pe/EpPo/DescargaINDA.asp?Referencias=NDNXVldWV1ZXVllCVkJZQlRNTEhZQkxIOVdfX1lYUzg5V1ZCWVhMSExI,20240630
20240607,2296145-1,MUJER Y POBLACIONES VULNERABLES,RESOLUCION MINISTERIAL,No 212-2024-MIMP,Autorizan viaje de Asesora II del Despacho Ministerial para participar en evento a realizarse en Chile,https://epdoc2.elperuano.pe/EpPo/DescargaINDA.asp?Referencias=NDNXVldWV1ZXVllCVkJZQlRNTEhZQkxIOVdfX1VOVE05V1ZCWVhMSExI,20240630
20240607,2296146-1,RELACIONES EXTERIORES,DECRETO SUPREMO,No 023-2024-RE,Decreto Supremo que modifica el Anexo B: Cuotas Internacionales para el Ano Fiscal 2024 de la Ley No 31953 Ley de Presupuesto del Sector Publico para el Ano Fiscal 2024,https://epdoc2.elperuano.pe/EpPo/DescargaINDA.asp?Referencias=NDNXVldWV1ZXVllCVkJZQlRNTEhZQkxIOVdfX1ZCVE05V1ZCWVhMSExI,20240630
20240607,2296146-2,RELACIONES EXTERIORES,DECRETO SUPREMO,No 024-2024-RE,Decreto Supremo que ratifica el Acuerdo entre el Gobierno de la Republica del Peru y el Gobierno de la Republica de Polonia sobre un programa de vacaciones y trabajo,https://epdoc2.elperuano.pe/EpPo/DescargaINDA.asp?Referencias=NDNXVldWV1ZXVllCVkJZQlRNTEhZQkxITEhfX1ZCVE05V1ZCWVhMSExI,20240630
20240607,2295826-1,RELACIONES EXTERIORES,RESOLUCION MINISTERIAL,No 0457-2024-RE,Autorizan viaje de Viceministro de Relaciones Exteriores a Filipinas y Japon en comision de servicios,https://epdoc2.elperuano.pe/EpPo/DescargaINDA.asp?Referencias=NDNXVldWV1ZXVllCVkJZQlRNTEhZQkxIOVdfX1ZCTEhYQ1VOWVhMSExI,20240630
20240607,2296146-10,RELACIONES EXTERIORES,RESOLUCION SUPREMA,No 115-2024-RE,Dan por terminada la carrera publica de Ministro en el Servicio Diplomatico de la Republica,https://epdoc2.elperuano.pe/EpPo/DescargaINDA.asp?Referencias=NjNXVldWV1ZZQlZCWUJUTUxIWUJMSFlCOVdfX1ZCVE05V1ZCWVhMSExI,20240630
20240607,2296146-11,RELACIONES EXTERIORES,RESOLUCION SUPREMA,No 116-2024-RE,Nombran Consul General del Peru en Paris Republica Francesa,https://epdoc2.elperuano.pe/EpPo/DescargaINDA.asp?Referencias=NjNXVldWV1ZZQlZCWUJUTUxIWUJMSDlXOVdfX1ZCVE05V1ZCWVhMSExI,20240630
20240607,2296146-3,RELACIONES EXTERIORES,RESOLUCION SUPREMA,No 108-2024-RE,Nombran al Embajador Extraordinario y Plenipotenciario del Peru en la Republica de Finlandia para que se desempene simultaneamente como Embajador Extraordinario y Plenipotenciario del Peru ante la Republica de Lituania,https://epdoc2.elperuano.pe/EpPo/DescargaINDA.asp?Referencias=NDNXVldWV1ZXVllCVkJZQlRNTEhZQkxIUzhfX1ZCVE05V1ZCWVhMSExI,20240630
20240607,2296146-4,RELACIONES EXTERIORES,RESOLUCION SUPREMA,No 109-2024-RE,Nombran Representante Permanente del Peru ante el Programa de las Naciones Unidas para el Medio Ambiente (PNUMA) y ante el Programa de las Naciones Unidas para los Asentamientos Humanos (ONU-HABITAT) y demas organismos con sede en la ciudad de Nairobi Republica de Kenia,https://epdoc2.elperuano.pe/EpPo/DescargaINDA.asp?Referencias=NDNXVldWV1ZXVllCVkJZQlRNTEhZQkxIVE1fX1ZCVE05V1ZCWVhMSExI,20240630
20240607,2296146-5,RELACIONES EXTERIORES,RESOLUCION SUPREMA,No 110-2024-RE,Nombran al Embajador Extraordinario y Plenipotenciario del Peru en la Republica de El Salvador para que se desempene simultaneamente como Embajador Extraordinario y Plenipotenciario del Peru ante Belice,https://epdoc2.elperuano.pe/EpPo/DescargaINDA.asp?Referencias=NDNXVldWV1ZXVllCVkJZQlRNTEhZQkxIVU5fX1ZCVE05V1ZCWVhMSExI,20240630
20240607,2296146-6,RELACIONES EXTERIORES,RESOLUCION SUPREMA,No 111-2024-RE,Autorizan a ciudadano peruano residente en el Reino de Espana para que preste servicio en las Fuerzas Armadas Espanolas,https://epdoc2.elperuano.pe/EpPo/DescargaINDA.asp?Referencias=NDNXVldWV1ZXVllCVkJZQlRNTEhZQkxIVkJfX1ZCVE05V1ZCWVhMSExI,20240630
20240607,2296146-7,RELACIONES EXTERIORES,RESOLUCION SUPREMA,No 112-2024-RE,Autorizan a ciudadano peruano residente en el Reino de Espana para que preste servicio en las Fuerzas Armadas Espanolas,https://epdoc2.elperuano.pe/EpPo/DescargaINDA.asp?Referencias=NDNXVldWV1ZXVllCVkJZQlRNTEhZQkxIV1ZfX1ZCVE05V1ZCWVhMSExI,20240630
20240607,2296146-8,RELACIONES EXTERIORES,RESOLUCION SUPREMA,No 113-2024-RE,Autorizan a ciudadano peruano residente en el Reino de Espana para que preste servicio en las Fuerzas Armadas Espanolas,https://epdoc2.elperuano.pe/EpPo/DescargaINDA.asp?Referencias=NDNXVldWV1ZXVllCVkJZQlRNTEhZQkxIWENfX1ZCVE05V1ZCWVhMSExI,20240630
20240607,2296146-9,RELACIONES EXTERIORES,RESOLUCION SUPREMA,No 114-2024-RE,Autorizan a ciudadano peruano residente en el Reino de Espana para que preste servicio en las Fuerzas Armadas Espanolas,https://epdoc2.elperuano.pe/EpPo/DescargaINDA.asp?Referencias=NDNXVldWV1ZXVllCVkJZQlRNTEhZQkxIWVhfX1ZCVE05V1ZCWVhMSExI,20240630
20240607,2296136-1,SALUD,RESOLUCION MINISTERIAL,No 402-2024/MINSA,Autorizan viaje de profesionales de la Direccion General de Medicamentos Insumos y Drogas a la Republica Helenica en comision de servicios,https://epdoc2.elperuano.pe/EpPo/DescargaINDA.asp?Referencias=NDNXVldWV1ZXVllCVkJZQlRNTEhZQkxIOVdfX1ZCUzg5V1ZCWVhMSExI,20240630
20240607,2296059-1,TRABAJO Y PROMOCION DEL EMPLEO,RESOLUCION MINISTERIAL,No 100-2024-TR,Crean el Grupo de Trabajo denominado Mesa de Trabajo entre la Central Unitaria de Trabajadores del Peru - CUT y el Ministerio de Trabajo y Promocion del Empleo,https://epdoc2.elperuano.pe/EpPo/DescargaINDA.asp?Referencias=NDNXVldWV1ZXVllCVkJZQlRNTEhZQkxIOVdfX1lYVU5ZQlZCWVhMSExI,20240630
20240607,2296079-1,TRABAJO Y PROMOCION DEL EMPLEO,RESOLUCION MINISTERIAL,No 101-2024-TR,Crean el Grupo de Trabajo denominado Mesa de Trabajo entre la Confederacion de Trabajadores del Peru - CTP y el Ministerio de Trabajo y Promocion del Empleo,https://epdoc2.elperuano.pe/EpPo/DescargaINDA.asp?Referencias=NDNXVldWV1ZXVllCVkJZQlRNTEhZQkxIOVdfX1lYV1ZZQlZCWVhMSExI,20240630
20240607,2296118-1,TRABAJO Y PROMOCION DEL EMPLEO,RESOLUCION MINISTERIAL,No 098-2024-TR,Aprueban transferencia financiera del Programa de Empleo Temporal Llamkasun Peru a favor de organismos ejecutores del sector publico con quienes se han suscrito once convenios,https://epdoc2.elperuano.pe/EpPo/DescargaINDA.asp?Referencias=NDNXVldWV1ZXVllCVkJZQlRNTEhZQkxIOVdfX1hDOVc5V1ZCWVhMSExI,20240630
20240607,2296132-1,TRABAJO Y PROMOCION DEL EMPLEO,RESOLUCION MINISTERIAL,No 099-2024-TR,Aprueban transferencia financiera del Programa de Empleo Temporal Llamkasun Peru a favor de organismos ejecutores del sector publico con quienes se han suscrito convenios con el objeto de financiar la ejecucion de Actividades de Intervencion Inmediata,https://epdoc2.elperuano.pe/EpPo/DescargaINDA.asp?Referencias=NDNXVldWV1ZXVllCVkJZQlRNTEhZQkxIOVdfX0xIUzg5V1ZCWVhMSExI,20240630
20240607,2296143-5,TRANSPORTES Y COMUNICACIONES,DECRETO SUPREMO,No 012-2024-MTC,Decreto Supremo que aprueba el texto de la Adenda No 3 del Contrato de Concesion para el Diseno Construccion Financiamiento Conservacion y Explotacion del Terminal Portuario de Paita,https://epdoc2.elperuano.pe/EpPo/DescargaINDA.asp?Referencias=NDNXVldWV1ZXVllCVkJZQlRNTEhZQkxIVU5fX1M4VE05V1ZCWVhMSExI,20240630
20240607,2296143-6,TRANSPORTES Y COMUNICACIONES,DECRETO SUPREMO,No 013-2024-MTC,Decreto Supremo que modifica el Texto unico Ordenado del Reglamento General de la Ley de Telecomunicaciones aprobado por Decreto Supremo No 020-2007-MTC,https://epdoc2.elperuano.pe/EpPo/DescargaINDA.asp?Referencias=NDNXVldWV1ZXVllCVkJZQlRNTEhZQkxIVkJfX1M4VE05V1ZCWVhMSExI,20240630
20240607,2295981-1,VIVIENDA  CONSTRUCCIoN Y SANEAMIENTO,RESOLUCION MINISTERIAL,No 205-2024-VIVIENDA,Aprueban la decima quinta convocatoria del ano 2024 para el otorgamiento del Bono de Arrendamiento de Vivienda para Emergencias en atencion a los Estados de Emergencia declarados por los Decretos Supremos Nos. 012-2024-PCM 016-2024-PCM 020-2024-PCM 026-2024-PCM y 027-2024-PCM,https://epdoc2.elperuano.pe/EpPo/DescargaINDA.asp?Referencias=NDNXVldWV1ZXVllCVkJZQlRNTEhZQkxIOVdfXzlXWENZWFVOWVhMSExI,20240630
20240607,2295988-1,VIVIENDA  CONSTRUCCIoN Y SANEAMIENTO,RESOLUCION MINISTERIAL,No 206-2024-VIVIENDA,Aprueban la decima sexta convocatoria del ano 2024 para el otorgamiento del Bono de Arrendamiento de Vivienda para Emergencias en atencion a los Estados de Emergencia declarados por el Decreto Supremo No 135-2023-PCM prorrogado por el Decreto Supremo No 007-2024-PCM y los Decretos Supremos Nos. 012-2024-PCM 016-2024-PCM 026-2024-PCM y 031-2024-PCM,https://epdoc2.elperuano.pe/EpPo/DescargaINDA.asp?Referencias=NDNXVldWV1ZXVllCVkJZQlRNTEhZQkxIOVdfX1hDWENZWFVOWVhMSExI,20240630
20240607,2296005-1,VIVIENDA  CONSTRUCCIoN Y SANEAMIENTO,RESOLUCION MINISTERIAL,No 207-2024-VIVIENDA,Designan Asesor II del Despacho Viceministerial de Construccion y Saneamiento,https://epdoc2.elperuano.pe/EpPo/DescargaINDA.asp?Referencias=NDNXVldWV1ZXVllCVkJZQlRNTEhZQkxIOVdfX1VOWUJZQlZCWVhMSExI,20240630
20240607,2296006-1,INSTITUTO NACIONAL PENITENCIARIO,RESOLUCION,No 135-2024-INPE/P,Autorizan transferencia financiera a favor de la Contraloria General de la Republica,https://epdoc2.elperuano.pe/EpPo/DescargaINDA.asp?Referencias=NDNXVldWV1ZXVllCVkJZQlRNTEhZQkxIOVdfX1ZCWUJZQlZCWVhMSExI,20240630
20240607,2295659-1,ORGANISMO DE SUPERVISION DE LOS RECURSOS FORESTALES Y DE FAUNA SILVESTRE,RESOLUCION JEFATURAL,No 00025-2024-OSINFOR/01.1,Autorizan Transferencia Financiera a favor de la Contraloria General de la Republica,https://epdoc2.elperuano.pe/EpPo/DescargaINDA.asp?Referencias=NDNXVldWV1ZXVllCVkJZQlRNTEhZQkxIOVdfX1lYVU5WQlVOWVhMSExI,20240630
20240607,2296070-1,SEGURO INTEGRAL DE SALUD,RESOLUCION JEFATURAL,No 000074-2024-SIS/J,Designan Director General de la Oficina General de Asesoria Juridica del Seguro Integral de Salud,https://epdoc2.elperuano.pe/EpPo/DescargaINDA.asp?Referencias=NDNXVldWV1ZXVllCVkJZQlRNTEhZQkxIOVdfX1lCV1ZZQlZCWVhMSExI,20240630
20240607,2296076-1,SEGURO INTEGRAL DE SALUD,RESOLUCION JEFATURAL,No 000075-2024-SIS/J,Designan Asesor de la Jefatura del Seguro Integral de Salud,https://epdoc2.elperuano.pe/EpPo/DescargaINDA.asp?Referencias=NDNXVldWV1ZXVllCVkJZQlRNTEhZQkxIOVdfX1ZCV1ZZQlZCWVhMSExI,20240630
20240607,2296135-1,ORGANISMO SUPERVISOR DE LA INVERSIoN EN INFRAESTRUCTURA DE TRANSPORTE DE USO PuBLICO,RESOLUCION,No 0035-2024-PD-OSITRAN,Autorizan Transferencia Financiera a favor de la Contraloria General de la Republica,https://epdoc2.elperuano.pe/EpPo/DescargaINDA.asp?Referencias=NDNXVldWV1ZXVllCVkJZQlRNTEhZQkxIOVdfX1VOUzg5V1ZCWVhMSExI,20240630
20240607,2295390-1,SUPERINTENDENCIA NACIONAL DE SERVICIOS DE SANEAMIENTO,RESOLUCION,No 032-2024-SUNASS-CD,Derogan la Resolucion de Consejo Directivo No 046-2010-SUNASS-CD que aprobo la Directiva sobre Contribuciones Reembolsables efectuadas por Terceros para Inversiones en los Servicios de Saneamiento,https://epdoc2.elperuano.pe/EpPo/DescargaINDA.asp?Referencias=NDNXVldWV1ZXVllCVkJZQlRNTEhZQkxIOVdfX1lCWVhTOFVOWVhMSExI,20240630
20240607,2296033-1,AGENCIA DE PROMOCIoN DE LA INVERSIoN PRIVADA,ACUERDO,No 142-1-2024-CD,Ratifican el Acuerdo del Comite PRO TRANSPORTES Y COMUNICACIONES No 275-1-2024-TELECOMUNICACIONES por el que se aprobo la conformidad al Informe de Evaluacion del Proyecto Banda de Frecuencias 3.5 GHz (3300 - 3400 MHz y 3600 - 3800 MHz) y establecen modalidad de promocion de la inversion privada del Proyecto,https://epdoc2.elperuano.pe/EpPo/DescargaINDA.asp?Referencias=NDNXVldWV1ZXVllCVkJZQlRNTEhZQkxIOVdfX1M4UzhZQlZCWVhMSExI,20240630
20240607,2296058-1,AGENCIA DE PROMOCIoN DE LA INVERSIoN PRIVADA,ACUERDO,No 142-2-2024-CD,Ratifican el Acuerdo del Comite PRO TRANSPORTES Y COMUNICACIONES No 275-3-2024-TELECOMUNICACIONES en lo que respecta a la aprobacion del Plan de Promocion del Proyecto Banda de Frecuencias 3.5 GHz (3300 - 3400 MHz y 3600 - 3800 MHz),https://epdoc2.elperuano.pe/EpPo/DescargaINDA.asp?Referencias=NDNXVldWV1ZXVllCVkJZQlRNTEhZQkxIOVdfX1hDVU5ZQlZCWVhMSExI,20240630
20240607,2295989-1,AGENCIA DE PROMOCIoN DE LA INVERSIoN PRIVADA,RESOLUCION,No 28-2024/DEP.88,Ratifican el Acuerdo del Comite PRO TRANSPORTES Y COMUNICACIONES No 275-3-2024-Telecomunicaciones en lo que corresponde a la aprobacion del Plan de Promocion del Proyecto Banda de Frecuencias 26 GHz (25.9 - 26.7 GHz)  y le dan conformidad en lo que corresponde a la aprobacion del Plan de Promocion del Proyecto Banda de Frecuencias 3.5 GHz (3300 - 3400 MHz y 3600 - 3800 MHz),https://epdoc2.elperuano.pe/EpPo/DescargaINDA.asp?Referencias=NDNXVldWV1ZXVllCVkJZQlRNTEhZQkxIOVdfX1lYWENZWFVOWVhMSExI,20240630
20240607,2295986-1,CENTRO NACIONAL DE PLANEAMIENTO ESTRATeGICO,RESOLUCION,No 00052-2024/CEPLAN/PCD,Prorrogan plazos para aprobacion y publicacion de informes de evaluacion y matriz de compromisos de la Politica Nacional de Igualdad de Genero y de la Politica Nacional Multisectorial para las Ninas Ninos y Adolescentes al 2030 y de la matriz de compromisos de las politicas nacionales establecidos en la seccion III de la Guia para el seguimiento y evaluacion de politicas nacionales y planes del Sinaplan aprobada por Resolucion de Presidencia de Consejo Directivo No 061-2023-CEPLAN/PCD,https://epdoc2.elperuano.pe/EpPo/DescargaINDA.asp?Referencias=NDNXVldWV1ZXVllCVkJZQlRNTEhZQkxIOVdfX1ZCWENZWFVOWVhMSExI,20240630
20240607,2295176-1,INSTITUTO GEOLoGICO MINERO Y METALuRGICO,RESOLUCION,No 2290-2024-INGEMMET/PE/PM,Declaran caducidad de la concesion minera CUSIHUAMAN 2005 codigo No 040008005 por el no pago oportuno del derecho de vigencia de los anos 2018 2019 2021 2022 y 2023 y de la penalidad de los anos 2022 y 2023,https://epdoc2.elperuano.pe/EpPo/DescargaINDA.asp?Referencias=NDNXVldWV1ZXVllCVkJZQlRNTEhZQkxIOVdfX1ZCV1Y5V1VOWVhMSExI,20240630
20240607,2295305-1,INSTITUTO NACIONAL DE DEFENSA DE LA COMPETENCIA Y DE LA PROTECCION DE LA PROPIEDAD INTELECTUAL,RESOLUCION,No 0337-2024/SEL-INDECOPI,Precedente de observancia obligatoria que interpreta articulos de la Ley No 29091 la Ley No 27444 el D.S. No 004-2008-PCM el D.S. No 014-2012-JUS y el D.S. No 001-2009-JUS referidos a la publicacion de las normas de caracter general y el TUPA de una entidad administrativa asi como su incidencia en los procedimientos de eliminacion de barreras burocraticas,https://epdoc2.elperuano.pe/EpPo/DescargaINDA.asp?Referencias=NDNXVldWV1ZXVllCVkJZQlRNTEhZQkxIOVdfX1VOWUJTOFVOWVhMSExI,20240630
20240607,2296126-1,INSTITUTO NACIONAL DE DEFENSA DE LA COMPETENCIA Y DE LA PROTECCION DE LA PROPIEDAD INTELECTUAL,RESOLUCION,No 000098-2024-GEG/INDECOPI,Modifican el Manual de Clasificador de Cargos del INDECOPI,https://epdoc2.elperuano.pe/EpPo/DescargaINDA.asp?Referencias=NDNXVldWV1ZXVllCVkJZQlRNTEhZQkxIOVdfX1ZCTEg5V1ZCWVhMSExI,20240630
20240607,2296090-1,ORGANISMO TeCNICO DE LA ADMINISTRACIoN DE LOS SERVICIOS DE SANEAMIENTO,RESOLUCION DIRECTORAL,No 000063-2024-OTASS-DE,Designan Coordinador II de la Direccion de Operaciones del Organismo Tecnico de la Administracion de los Servicios de Saneamiento,https://epdoc2.elperuano.pe/EpPo/DescargaINDA.asp?Referencias=NDNXVldWV1ZXVllCVkJZQlRNTEhZQkxIOVdfX1lCWVhZQlZCWVhMSExI,20240630
20240607,2296133-1,ORGANISMO TeCNICO DE LA ADMINISTRACIoN DE LOS SERVICIOS DE SANEAMIENTO,RESOLUCION DIRECTORAL,No 000062-2024-OTASS-DE,Designan Coordinador II de la Direccion de Operaciones del OTASS,https://epdoc2.elperuano.pe/EpPo/DescargaINDA.asp?Referencias=NDNXVldWV1ZXVllCVkJZQlRNTEhZQkxIOVdfX1M4Uzg5V1ZCWVhMSExI,20240630
20240607,2296023-1,SERVICIO NACIONAL DE AREAS NATURALES PROTEGIDAS POR EL ESTADO,RESOLUCION,No 000109-2024-SERNANP-J-SGD,Aprueban el Plan Maestro del Santuario Historico de Chacamarca periodo 2024-2028,https://epdoc2.elperuano.pe/EpPo/DescargaINDA.asp?Referencias=NDNXVldWV1ZXVllCVkJZQlRNTEhZQkxIOVdfX1M4TEhZQlZCWVhMSExI,20240630
20240607,2295951-1,CONSEJO EJECUTIVO DEL PODER JUDICIAL,RESOLUCION ADMINISTRATIVA,No 000073-2024-P-CE-PJ,Autorizan viaje de Presidente del Poder Judicial para participar en eventos a realizarse en el Reino de Marruecos,https://epdoc2.elperuano.pe/EpPo/DescargaINDA.asp?Referencias=NDNXVldWV1ZXVllCVkJZQlRNTEhZQkxIOVdfXzlXVU5ZWFVOWVhMSExI,20240630
20240607,2295952-1,CONSEJO EJECUTIVO DEL PODER JUDICIAL,RESOLUCION ADMINISTRATIVA,No 000074-2024-P-CE-PJ,Autorizan viaje de Jefa de la Oficina de Cooperacion Tecnica Internacional del Poder Judicial para participar en reuniones de trabajo a realizarse en el Reino de Marruecos,https://epdoc2.elperuano.pe/EpPo/DescargaINDA.asp?Referencias=NDNXVldWV1ZXVllCVkJZQlRNTEhZQkxIOVdfX0xIVU5ZWFVOWVhMSExI,20240630
20240607,2295955-1,CONSEJO EJECUTIVO DEL PODER JUDICIAL,RESOLUCION ADMINISTRATIVA,No 000075-2024-P-CE-PJ,Amplian licencia concedida a Jefa de la Oficina de Cooperacion Tecnica Internacional del Poder Judicial y modifican la Resolucion Administrativa No 000074-2024-P-CE-PJ,https://epdoc2.elperuano.pe/EpPo/DescargaINDA.asp?Referencias=NDNXVldWV1ZXVllCVkJZQlRNTEhZQkxIOVdfX1VOVU5ZWFVOWVhMSExI,20240630
20240607,2295957-1,CONSEJO EJECUTIVO DEL PODER JUDICIAL,RESOLUCION ADMINISTRATIVA,No 000076-2024-P-CE-PJ,Modifican la Resolucion Administrativa No 000073-2024-P-CE-PJ que autorizo viaje del Presidente del Poder Judicial al Reino de Marruecos,https://epdoc2.elperuano.pe/EpPo/DescargaINDA.asp?Referencias=NDNXVldWV1ZXVllCVkJZQlRNTEhZQkxIOVdfX1dWVU5ZWFVOWVhMSExI,20240630
20240607,2295960-1,CONSEJO EJECUTIVO DEL PODER JUDICIAL,RESOLUCION ADMINISTRATIVA,No 000180-2024-CE-PJ,Declaran fundada solicitud y disponen traslado de magistrado a plaza vacante del Tercer Juzgado Penal Unipersonal de Arequipa Distrito Judicial de Arequipa,https://epdoc2.elperuano.pe/EpPo/DescargaINDA.asp?Referencias=NDNXVldWV1ZXVllCVkJZQlRNTEhZQkxIOVdfX1lCVkJZWFVOWVhMSExI,20240630
20240607,2285399-1,BANCO CENTRAL DE RESERVA,RESOLUCION,No 0022-2024-BCRP-N,Autorizan mision en el exterior a Especialista Senior en Modelos Macroeconomicos de la Gerencia de Politica Monetaria para participar en evento a realizarse en Suiza,https://epdoc2.elperuano.pe/EpPo/DescargaINDA.asp?Referencias=NDNXVldWV1ZXVllCVkJZQlRNTEhZQkxIOVdfX1lYWVhTOFVOWENMSExI,20240630
20240607,2295841-1,CONTRALORIA GENERAL DE LA REPUBLICA,RESOLUCION,No 271-2024-CG,Dan por terminada designacion de Jefa del organo de Control Institucional de la Direccion Regional de Educacion Cajamarca,https://epdoc2.elperuano.pe/EpPo/DescargaINDA.asp?Referencias=NDNXVldWV1ZXVllCVkJZQlRNTEhZQkxIOVdfXzlXVE1YQ1VOWVhMSExI,20240630
20240607,2295967-1,CONTRALORIA GENERAL DE LA REPUBLICA,RESOLUCION,No 272-2024-CG,Modifican Directiva No 014-2023-CG/FIS Recopilacion de Informacion y Evaluacion y Fiscalizacion Especifica de Declaraciones Juradas presentadas y remitidas a la Contraloria General de la Republica,https://epdoc2.elperuano.pe/EpPo/DescargaINDA.asp?Referencias=NDNXVldWV1ZXVllCVkJZQlRNTEhZQkxIOVdfX1dWVkJZWFVOWVhMSExI,20240630
20240607,2295272-1,INSTITUCIONES EDUCATIVAS,RESOLUCION,No 229-2024-UNSCH-R,Autorizan viaje de docente de la Universidad Nacional de San Cristobal de Huamanga para participar en evento a realizarse en EE.UU.,https://epdoc2.elperuano.pe/EpPo/DescargaINDA.asp?Referencias=NDNXVldWV1ZXVllCVkJZQlRNTEhZQkxIOVdfX0xIV1ZMSFVOWVhMSExI,20240630
20240607,2296019-1,MINISTERIO PUBLICO,RESOLUCION,No 1344-2024-MP-FN,Cesan por limite de edad a fiscal adjunto provincial provisional del Distrito Fiscal de Lima Centro,https://epdoc2.elperuano.pe/EpPo/DescargaINDA.asp?Referencias=NDNXVldWV1ZXVllCVkJZQlRNTEhZQkxIOVdfX1lYOVdZQlZCWVhMSExI,20240630
20240607,2296071-1,MINISTERIO PUBLICO,RESOLUCION,No 1347-2024-MP-FN,Aceptan renuncia de fiscal adjunta provincial provisional del Distrito Fiscal del Callao,https://epdoc2.elperuano.pe/EpPo/DescargaINDA.asp?Referencias=NDNXVldWV1ZXVllCVkJZQlRNTEhZQkxIOVdfXzlXV1ZZQlZCWVhMSExI,20240630
20240607,2296073-1,MINISTERIO PUBLICO,RESOLUCION,No 1348-2024-MP-FN,Aceptan renuncia de fiscal adjunta provincial provisional del Distrito Fiscal de Huanuco,https://epdoc2.elperuano.pe/EpPo/DescargaINDA.asp?Referencias=NDNXVldWV1ZXVllCVkJZQlRNTEhZQkxIOVdfX1M4V1ZZQlZCWVhMSExI,20240630
20240607,2296077-1,MINISTERIO PUBLICO,RESOLUCION,No 1349-2024-MP-FN,Aceptan renuncia de fiscal adjunto provincial provisional del Distrito Fiscal de Arequipa,https://epdoc2.elperuano.pe/EpPo/DescargaINDA.asp?Referencias=NDNXVldWV1ZXVllCVkJZQlRNTEhZQkxIOVdfX1dWV1ZZQlZCWVhMSExI,20240630
20240607,2296081-1,MINISTERIO PUBLICO,RESOLUCION,No 1350-2024-MP-FN,Aceptan renuncia de fiscal adjunta provincial provisional del Distrito Fiscal de Apurimac,https://epdoc2.elperuano.pe/EpPo/DescargaINDA.asp?Referencias=NDNXVldWV1ZXVllCVkJZQlRNTEhZQkxIOVdfXzlXWENZQlZCWVhMSExI,20240630
20240607,2296086-1,MINISTERIO PUBLICO,RESOLUCION,No 1351-2024-MP-FN,Aceptan renuncia de fiscal adjunta provincial provisional del Distrito Fiscal de Lima Centro,https://epdoc2.elperuano.pe/EpPo/DescargaINDA.asp?Referencias=NDNXVldWV1ZXVllCVkJZQlRNTEhZQkxIOVdfX1ZCWENZQlZCWVhMSExI,20240630
20240607,2296087-1,MINISTERIO PUBLICO,RESOLUCION,No 1352-2024-MP-FN,Aceptan renuncia de fiscal adjunta provincial provisional del Distrito Fiscal de Lima Sur,https://epdoc2.elperuano.pe/EpPo/DescargaINDA.asp?Referencias=NDNXVldWV1ZXVllCVkJZQlRNTEhZQkxIOVdfX1dWWENZQlZCWVhMSExI,20240630
20240607,2296088-1,MINISTERIO PUBLICO,RESOLUCION,No 1353-2024-MP-FN,Nombran fiscal provincial provisional del Distrito Fiscal Del Santa,https://epdoc2.elperuano.pe/EpPo/DescargaINDA.asp?Referencias=NDNXVldWV1ZXVllCVkJZQlRNTEhZQkxIOVdfX1hDWENZQlZCWVhMSExI,20240630
20240607,2296091-1,MINISTERIO PUBLICO,RESOLUCION,No 1354-2024-MP-FN,Nombran fiscal provincial provisional del Distrito Fiscal de Ica,https://epdoc2.elperuano.pe/EpPo/DescargaINDA.asp?Referencias=NDNXVldWV1ZXVllCVkJZQlRNTEhZQkxIOVdfXzlXWVhZQlZCWVhMSExI,20240630
20240607,2296093-1,MINISTERIO PUBLICO,RESOLUCION,No 1356 -2024-MP-FN,Nombran fiscal adjunta provincial provisional del Distrito Fiscal de Lima Centro,https://epdoc2.elperuano.pe/EpPo/DescargaINDA.asp?Referencias=NDNXVldWV1ZXVllCVkJZQlRNTEhZQkxIOVdfX1M4WVhZQlZCWVhMSExI,20240630
20240607,2296095-1,MINISTERIO PUBLICO,RESOLUCION,No 1357-2024-MP-FN,Nombran fiscal adjunta provincial provisional del Distrito Fiscal de Lima Centro,https://epdoc2.elperuano.pe/EpPo/DescargaINDA.asp?Referencias=NDNXVldWV1ZXVllCVkJZQlRNTEhZQkxIOVdfX1VOWVhZQlZCWVhMSExI,20240630
20240607,2296098-1,MINISTERIO PUBLICO,RESOLUCION,No 1358-2024-MP-FN,Nombran fiscal adjunta provincial provisional del Distrito Fiscal de la Selva Central,https://epdoc2.elperuano.pe/EpPo/DescargaINDA.asp?Referencias=NDNXVldWV1ZXVllCVkJZQlRNTEhZQkxIOVdfX1hDWVhZQlZCWVhMSExI,20240630
20240607,2296101-1,MINISTERIO PUBLICO,RESOLUCION,No 1359-2024-MP-FN,Nombran fiscal adjunto provincial provisional del Distrito Fiscal de ancash,https://epdoc2.elperuano.pe/EpPo/DescargaINDA.asp?Referencias=NDNXVldWV1ZXVllCVkJZQlRNTEhZQkxIOVdfXzlXWUI5V1ZCWVhMSExI,20240630
20240607,2296103-1,MINISTERIO PUBLICO,RESOLUCION,No 1360-2024-MP-FN,Nombran fiscal adjunto provincial provisional del Distrito Fiscal de Lima Este,https://epdoc2.elperuano.pe/EpPo/DescargaINDA.asp?Referencias=NDNXVldWV1ZXVllCVkJZQlRNTEhZQkxIOVdfX1M4WUI5V1ZCWVhMSExI,20240630
20240607,2296104-1,MINISTERIO PUBLICO,RESOLUCION,No 1361-2024-MP-FN,Nombran fiscal adjunta provincial provisional del Distrito Fiscal de Lima Sur,https://epdoc2.elperuano.pe/EpPo/DescargaINDA.asp?Referencias=NDNXVldWV1ZXVllCVkJZQlRNTEhZQkxIOVdfX1RNWUI5V1ZCWVhMSExI,20240630
20240607,2296107-1,MINISTERIO PUBLICO,RESOLUCION,No 1362-2024-MP-FN,Nombran fiscal adjunta provincial provisional del Distrito Fiscal de Lima Centro,https://epdoc2.elperuano.pe/EpPo/DescargaINDA.asp?Referencias=NDNXVldWV1ZXVllCVkJZQlRNTEhZQkxIOVdfX1dWWUI5V1ZCWVhMSExI,20240630
20240607,2296108-1,MINISTERIO PUBLICO,RESOLUCION,No 1363-2024-MP-FN,Nombran fiscal adjunto provincial provisional del Distrito Fiscal de Arequipa,https://epdoc2.elperuano.pe/EpPo/DescargaINDA.asp?Referencias=NDNXVldWV1ZXVllCVkJZQlRNTEhZQkxIOVdfX1hDWUI5V1ZCWVhMSExI,20240630
20240607,2296137-1,REGISTRO NACIONAL DE IDENTIFICACION Y ESTADO CIVIL,RESOLUCION JEFATURAL,No 000097-2024/JNAC/RENIEC,Aprueban especificaciones tecnicas minimas para los dispositivos de verificacion biometrica que son empleados para la validacion de identidad de los usuarios y del vendedor o persona natural que intervenga directamente en la contratacion de servicios publicos de telecomunicaciones,https://epdoc2.elperuano.pe/EpPo/DescargaINDA.asp?Referencias=NDNXVldWV1ZXVllCVkJZQlRNTEhZQkxIOVdfX1dWUzg5V1ZCWVhMSExI,20240630
20240607,2295289-1,MUNICIPALIDAD DE LA VICTORIA,Ordenanzas,No 440/MLV,Ordenanza que promueve la prevencion y control del mosquito Aedes aegypti transmisor del Dengue Zika y Chikungunya en el ambito territorial del distrito de La Victoria,https://epdoc2.elperuano.pe/EpPo/DescargaINDA.asp?Referencias=NDNXVldWV1ZXVllCVkJZQlRNTEhZQkxIOVdfX1lYWENMSFVOWVhMSExI,20240630
20240607,2295943-1,MUNICIPALIDAD DE SAN JUAN DE LURIGANCHO,Ordenanzas,No 478-MDSJL,Ordenanza que crea el Consejo Consultivo y Participativo de Ninas Ninos y Adolescentes (CCONNA) de la Municipalidad Distrital de San Juan de Lurigancho,https://epdoc2.elperuano.pe/EpPo/DescargaINDA.asp?Referencias=NDNXVldWV1ZXVllCVkJZQlRNTEhZQkxIOVdfX1M4VE1ZWFVOWVhMSExI,20240630
20240607,2294453-1,MUNICIPALIDAD DE SAN MIGUEL,ORDENANZA,No 496/MDSM,Ordenanza que aprueba beneficios tributarios en el distrito de San Miguel,https://epdoc2.elperuano.pe/EpPo/DescargaINDA.asp?Referencias=NDNXVldWV1ZXVllCVkJZQlRNTEhZQkxIOVdfX1M4VU5UTVRNWVhMSExI,20240630
20240607,2293459-1,MUNICIPALIDAD PROVINCIAL DATEM DEL MARAnON,ORDENANZA,No 016-2023-MPDM-CM,Ordenanza que aprueba y crea el area de Conservacion Ambiental en la Cuenca del Sasipahua provincia Datem del Maranon Loreto,https://epdoc2.elperuano.pe/EpPo/DescargaINDA.asp?Referencias=NDNXVldWV1ZXVllCVkJZQlRNTEhZQkxIOVdfX1lYVU5UTVM4WVhMSExI,20240630
20240606,2295618-1,CONGRESO DE LA REPUBLICA,LEY,No 32044,Ley que aprueba el incremento de la propina de las promotoras educativas comunitarias del Programa No Escolarizado de Educacion Inicial (Pronoei) del Ciclo I y Ciclo II,https://epdoc2.elperuano.pe/EpPo/DescargaINDA.asp?Referencias=NDNWQlZCVkJWQllCVkJZQlRNTEhZQkxIOVdfX1hDOVdWQlVOWVhMSExI,20240630
20240606,2295618-2,CONGRESO DE LA REPUBLICA,LEY,No 32045,Ley que regula la movilidad interna de ascenso y cambio de grupo ocupacional para el personal profesional tecnico y auxiliar del Seguro Social de Salud (ESSALUD),https://epdoc2.elperuano.pe/EpPo/DescargaINDA.asp?Referencias=NDNWQlZCVkJWQllCVkJZQlRNTEhZQkxITEhfX1hDOVdWQlVOWVhMSExI,20240630
20240606,2295618-3,CONGRESO DE LA REPUBLICA,LEY,No 32046,Ley que autoriza el nombramiento excepcional de docentes contratados en centros de educacion tecnico-productiva (CETPRO) y la convocatoria a concurso publico para el ingreso a la Carrera Publica Magisterial de los docentes de la modalidad de educacion tecnico-productiva,https://epdoc2.elperuano.pe/EpPo/DescargaINDA.asp?Referencias=NDNWQlZCVkJWQllCVkJZQlRNTEhZQkxIUzhfX1hDOVdWQlVOWVhMSExI,20240630
20240606,2295618-4,CONGRESO DE LA REPUBLICA,LEY,No 32047,Ley que declara de interes nacional la creacion de la Comision Conmemorativa por el Centenario del Retorno de Tarata y Tacna a la Republica del Peru,https://epdoc2.elperuano.pe/EpPo/DescargaINDA.asp?Referencias=NDNWQlZCVkJWQllCVkJZQlRNTEhZQkxIVE1fX1hDOVdWQlVOWVhMSExI,20240630
20240606,2295852-1,CONGRESO DE LA REPUBLICA,LEY,No 32048,Ley que modifica la Ley 27943 Ley del Sistema Portuario Nacional para fomentar el desarrollo portuario,https://epdoc2.elperuano.pe/EpPo/DescargaINDA.asp?Referencias=NDNWQlZCVkJWQllCVkJZQlRNTEhZQkxIOVdfX0xIVU5YQ1VOWVhMSExI,20240630
20240606,2295852-2,CONGRESO DE LA REPUBLICA,LEY,No 32049,Ley que complementa y modifica el Decreto Legislativo No 1413 Decreto Legislativo para promover y facilitar el transporte maritimo en trafico de cabotaje de pasajeros y de carga,https://epdoc2.elperuano.pe/EpPo/DescargaINDA.asp?Referencias=NDNWQlZCVkJWQllCVkJZQlRNTEhZQkxITEhfX0xIVU5YQ1VOWVhMSExI,20240630
20240606,2295649-1,PRESIDENCIA DEL CONSEJO DE MINISTROS,RESOLUCION MINISTERIAL,No 161-2024-PCM,Designan Secretario de la Secretaria de Demarcacion y Organizacion Territorial,https://epdoc2.elperuano.pe/EpPo/DescargaINDA.asp?Referencias=NDNWQlZCVkJWQllCVkJZQlRNTEhZQkxIOVdfX1lYVE1WQlVOWVhMSExI,20240630
20240606,2295605-1,CULTURA,RESOLUCION VICE MINISTERIAL,No 000157-2024-VMPCIC/MC,Declaran Patrimonio Cultural de la Nacion a la Festividad del Senor de la Ascension de Amay del distrito de Huacho provincia de Huaura departamento de Lima,https://epdoc2.elperuano.pe/EpPo/DescargaINDA.asp?Referencias=NDNWQlZCVkJWQllCVkJZQlRNTEhZQkxIOVdfX1VOWUJWQlVOWVhMSExI,20240630
20240606,2296128-1,DESARROLLO AGRARIO Y RIEGO,RESOLUCION DIRECTORAL,No D000024-2024-MIDAGRI-SENASA-DSV,Establecen requisitos fitosanitarios de cumplimiento obligatorio para la importacion de plantas in vitro de platano y/o banano de origen y procedencia de la Republica Francesa,https://epdoc2.elperuano.pe/EpPo/DescargaINDA.asp?Referencias=NDNWQlZCVkJWQllCVkJZQlRNTEhZQkxIOVdfX1hDTEg5V1ZCWVhMSExI,20240630
20240606,2295616-1,DESARROLLO AGRARIO Y RIEGO,RESOLUCION MINISTERIAL,No 0203-2024-MIDAGRI,Designan Directora de la Oficina de Integridad y Lucha Contra la Corrupcion de la Secretaria General del Ministerio,https://epdoc2.elperuano.pe/EpPo/DescargaINDA.asp?Referencias=NDNWQlZCVkJWQllCVkJZQlRNTEhZQkxIOVdfX1ZCOVdWQlVOWVhMSExI,20240630
20240606,2296042-1,DESARROLLO AGRARIO Y RIEGO,RESOLUCION MINISTERIAL,No 0207-2024-MIDAGRI,Autorizan Transferencia Financiera a favor de la Contraloria General de la Republica,https://epdoc2.elperuano.pe/EpPo/DescargaINDA.asp?Referencias=NDNWQlZCVkJWQllCVkJZQlRNTEhZQkxIOVdfX0xIVE1ZQlZCWVhMSExI,20240630
20240606,2295467-1,DESARROLLO E INCLUSIoN SOCIAL,RESOLUCION,No 000128-2024-MIDIS/PNADP-DE,Designan Coordinadora de Abastecimiento y Servicios Generales de la Unidad de Administracion del Programa Nacional de Apoyo Directo a los Mas Pobres JUNTOS,https://epdoc2.elperuano.pe/EpPo/DescargaINDA.asp?Referencias=NDNWQlZCVkJWQllCVkJZQlRNTEhZQkxIOVdfX1dWVkJUTVVOWVhMSExI,20240630
20240606,2295779-1,ECONOMIA Y FINANZAS,RESOLUCION MINISTERIAL,No 192-2024-EF/49,Designan Asesora de Gabinete de Asesores del Ministerio de Economia y Finanzas,https://epdoc2.elperuano.pe/EpPo/DescargaINDA.asp?Referencias=NDNWQlZCVkJWQllCVkJZQlRNTEhZQkxIOVdfX1lYV1ZXVlVOWVhMSExI,20240630
20240606,2295570-1,ENERGIA Y MINAS,RESOLUCION MINISTERIAL,No 235-2024-MINEM/DM,Autorizan transferencia financiera de recursos a favor del Gobierno Regional de Callao,https://epdoc2.elperuano.pe/EpPo/DescargaINDA.asp?Referencias=NDNWQlZCVkJWQllCVkJZQlRNTEhZQkxIOVdfX1lCV1ZVTlVOWVhMSExI,20240630
20240606,2295578-1,ENERGIA Y MINAS,RESOLUCION MINISTERIAL,No 234-2024-MINEM/DM,Autorizan transferencia financiera de recursos a favor del Gobierno Regional de Loreto,https://epdoc2.elperuano.pe/EpPo/DescargaINDA.asp?Referencias=NDNWQlZCVkJWQllCVkJZQlRNTEhZQkxIOVdfX1hDV1ZVTlVOWVhMSExI,20240630
20240606,2295523-1,INTERIOR,RESOLUCION MINISTERIAL,No 0741-2024-IN,Autorizan viaje de personal policial a la Republica Francesa en comision de servicios,https://epdoc2.elperuano.pe/EpPo/DescargaINDA.asp?Referencias=NDNWQlZCVkJWQllCVkJZQlRNTEhZQkxIOVdfX1M4TEhVTlVOWVhMSExI,20240630
20240606,2295852-10,JUSTICIA Y DERECHOS HUMANOS,RESOLUCION SUPREMA,No 134-2024-JUS,Acceden a solicitud de traslado pasivo de ciudadano espanol para cumplir el resto de la condena impuesta por las autoridades judiciales peruanas en un centro penitenciario del Reino de Espana,https://epdoc2.elperuano.pe/EpPo/DescargaINDA.asp?Referencias=NjNWQlZCVkJZQlZCWUJUTUxIWUJMSFlCOVdfX0xIVU5YQ1VOWVhMSExI,20240630
20240606,2295852-11,JUSTICIA Y DERECHOS HUMANOS,RESOLUCION SUPREMA,No 135-2024-JUS,Acceden a solicitud de traslado pasivo de ciudadana espanola para cumplir el resto de la condena impuesta por las autoridades judiciales peruanas en un centro penitenciario del Reino de Espana,https://epdoc2.elperuano.pe/EpPo/DescargaINDA.asp?Referencias=NjNWQlZCVkJZQlZCWUJUTUxIWUJMSDlXOVdfX0xIVU5YQ1VOWVhMSExI,20240630
20240606,2295852-3,JUSTICIA Y DERECHOS HUMANOS,RESOLUCION SUPREMA,No 127-2024-JUS,Acceden a solicitud de extradicion activa de ciudadano peruano para ser extraditado del Reino de Espana y ser procesado en la Republica del Peru,https://epdoc2.elperuano.pe/EpPo/DescargaINDA.asp?Referencias=NDNWQlZCVkJWQllCVkJZQlRNTEhZQkxIUzhfX0xIVU5YQ1VOWVhMSExI,20240630
20240606,2295852-4,JUSTICIA Y DERECHOS HUMANOS,RESOLUCION SUPREMA,No 128-2024-JUS,Acceden a solicitud de extradicion activa de ciudadana peruana para ser extraditada del Reino de Espana y ser procesada en la Republica del Peru,https://epdoc2.elperuano.pe/EpPo/DescargaINDA.asp?Referencias=NDNWQlZCVkJWQllCVkJZQlRNTEhZQkxIVE1fX0xIVU5YQ1VOWVhMSExI,20240630
20240606,2295852-5,JUSTICIA Y DERECHOS HUMANOS,RESOLUCION SUPREMA,No 129-2024-JUS,Acceden a solicitud de extradicion activa de ciudadano peruano para ser extraditado del Reino de Espana y ser procesado en la Republica del Peru,https://epdoc2.elperuano.pe/EpPo/DescargaINDA.asp?Referencias=NDNWQlZCVkJWQllCVkJZQlRNTEhZQkxIVU5fX0xIVU5YQ1VOWVhMSExI,20240630
20240606,2295852-6,JUSTICIA Y DERECHOS HUMANOS,RESOLUCION SUPREMA,No 130-2024-JUS,Acceden a solicitud de extradicion activa de ciudadano peruano para ser extraditado del Reino de Espana y ser procesado en la Republica del Peru,https://epdoc2.elperuano.pe/EpPo/DescargaINDA.asp?Referencias=NDNWQlZCVkJWQllCVkJZQlRNTEhZQkxIVkJfX0xIVU5YQ1VOWVhMSExI,20240630
20240606,2295852-7,JUSTICIA Y DERECHOS HUMANOS,RESOLUCION SUPREMA,No 131-2024-JUS,Acceden a solicitud de extradicion pasiva con procedimiento simplificado de entrega de ciudadanos ecuatorianos para ser extraditados de la Republica del Peru y ser procesados en la Republica del Ecuador,https://epdoc2.elperuano.pe/EpPo/DescargaINDA.asp?Referencias=NDNWQlZCVkJWQllCVkJZQlRNTEhZQkxIV1ZfX0xIVU5YQ1VOWVhMSExI,20240630
20240606,2295852-8,JUSTICIA Y DERECHOS HUMANOS,RESOLUCION SUPREMA,No 132-2024-JUS,Acceden a solicitud de traslado pasivo de ciudadano espanol para cumplir el resto de la condena impuesta por las autoridades judiciales peruanas en un centro penitenciario del Reino de Espana,https://epdoc2.elperuano.pe/EpPo/DescargaINDA.asp?Referencias=NDNWQlZCVkJWQllCVkJZQlRNTEhZQkxIWENfX0xIVU5YQ1VOWVhMSExI,20240630
20240606,2295852-9,JUSTICIA Y DERECHOS HUMANOS,RESOLUCION SUPREMA,No 133-2024-JUS,Acceden a solicitud de traslado pasivo de ciudadano espanol para cumplir el resto de la condena impuesta por las autoridades judiciales peruanas en un centro penitenciario del Reino de Espana,https://epdoc2.elperuano.pe/EpPo/DescargaINDA.asp?Referencias=NDNWQlZCVkJWQllCVkJZQlRNTEhZQkxIWVhfX0xIVU5YQ1VOWVhMSExI,20240630
20240606,2295246-1,MUJER Y POBLACIONES VULNERABLES,RESOLUCION MINISTERIAL,No 210-2024-MIMP,Designan Directora General de la Direccion General de Promocion y Desarrollo de la Autonomia Economica de las Mujeres,https://epdoc2.elperuano.pe/EpPo/DescargaINDA.asp?Referencias=NDNWQlZCVkJWQllCVkJZQlRNTEhZQkxIOVdfX1ZCVE1MSFVOWVhMSExI,20240630
20240606,2295248-1,MUJER Y POBLACIONES VULNERABLES,RESOLUCION MINISTERIAL,No 211-2024-MIMP,Aprueban Padron de Beneficiarios de la Subvencion Economica por Acogimiento Familiar (PB-SEAF) correspondiente al mes de abril de 2024 y el monto total por concepto de subvencion economica,https://epdoc2.elperuano.pe/EpPo/DescargaINDA.asp?Referencias=NDNWQlZCVkJWQllCVkJZQlRNTEhZQkxIOVdfX1hDVE1MSFVOWVhMSExI,20240630
20240606,2295586-1,PRODUCE,RESOLUCION JEFATURAL,No 000035-2024-FONDEPES/J,Designan Asesor I de la Jefatura del FONDEPES,https://epdoc2.elperuano.pe/EpPo/DescargaINDA.asp?Referencias=NDNWQlZCVkJWQllCVkJZQlRNTEhZQkxIOVdfX1ZCWENVTlVOWVhMSExI,20240630
20240606,2295600-1,PRODUCE,RESOLUCION JEFATURAL,No 000037-2024-FONDEPES/J,Designan Coordinador de Estudios de Ingenieria del FONDEPES,https://epdoc2.elperuano.pe/EpPo/DescargaINDA.asp?Referencias=NDNWQlZCVkJWQllCVkJZQlRNTEhZQkxIOVdfX1lCWUJWQlVOWVhMSExI,20240630
20240606,2295630-1,PRODUCE,RESOLUCION MINISTERIAL,No 000238-2024-PRODUCE,Autorizan transferencia financiera a favor del Nucleo Ejecutor de Compras para el Sector Productivo de Muebles bienes de madera bienes de materias primas no maderables y/o bienes de plastico,https://epdoc2.elperuano.pe/EpPo/DescargaINDA.asp?Referencias=NDNWQlZCVkJWQllCVkJZQlRNTEhZQkxIOVdfX1lCUzhWQlVOWVhMSExI,20240630
20240606,2295631-1,PRODUCE,RESOLUCION MINISTERIAL,No 000239-2024-PRODUCE,Modifican la R.M. No 000026-2024-PRODUCE que establecio el limite de captura del recurso bonito para el ano 2024,https://epdoc2.elperuano.pe/EpPo/DescargaINDA.asp?Referencias=NDNWQlZCVkJWQllCVkJZQlRNTEhZQkxIOVdfXzlXUzhWQlVOWVhMSExI,20240630
20240606,2295634-1,PRODUCE,RESOLUCION MINISTERIAL,No 000240-2024-PRODUCE,Disponen la publicacion de proyecto de Resolucion Ministerial que modifica el Anexo 2 del Reglamento del Sistema de Seguimiento Satelital para Embarcaciones Pesqueras (SISESAT) aprobado por Decreto Supremo No 001-2014-PRODUCE y su Anexo en la sede digital del Ministerio,https://epdoc2.elperuano.pe/EpPo/DescargaINDA.asp?Referencias=NDNWQlZCVkJWQllCVkJZQlRNTEhZQkxIOVdfX1RNUzhWQlVOWVhMSExI,20240630
20240606,2295635-1,PRODUCE,RESOLUCION MINISTERIAL,No 000242-2024-PRODUCE,Designan Director General de la Direccion General de Asuntos Ambientales Pesqueros y Acuicolas,https://epdoc2.elperuano.pe/EpPo/DescargaINDA.asp?Referencias=NDNWQlZCVkJWQllCVkJZQlRNTEhZQkxIOVdfX1VOUzhWQlVOWVhMSExI,20240630
20240606,2295646-1,PRODUCE,RESOLUCION MINISTERIAL,No 000244-2024-PRODUCE,Designan Director General de la Direccion General de Acuicultura,https://epdoc2.elperuano.pe/EpPo/DescargaINDA.asp?Referencias=NDNWQlZCVkJWQllCVkJZQlRNTEhZQkxIOVdfX1ZCVE1WQlVOWVhMSExI,20240630
20240606,2295532-1,RELACIONES EXTERIORES,RESOLUCION MINISTERIAL,No 0452-2024-RE,Autorizan viaje de funcionario diplomatico a la Republica de Corea y a la Confederacion Suiza en comision de servicios,https://epdoc2.elperuano.pe/EpPo/DescargaINDA.asp?Referencias=NDNWQlZCVkJWQllCVkJZQlRNTEhZQkxIOVdfX0xIUzhVTlVOWVhMSExI,20240630
20240606,2296142-1,RELACIONES EXTERIORES,RESOLUCION SUPREMA,No 107-2024-RE,Delegan facultades para suscribir el Acuerdo entre el Gobierno de la Republica del Peru y la Organizacion de las Naciones Unidas para la Educacion la Ciencia y la Cultura relativo a la renovacion de la designacion del Centro Regional para la Salvaguardia del Patrimonio Cultural Inmaterial de America Latina (CRESPIAL) como centro de categoria 2 bajo los auspicios de la UNESCO en Cusco (Peru),https://epdoc2.elperuano.pe/EpPo/DescargaINDA.asp?Referencias=NDNWQlZCVkJWQllCVkJZQlRNTEhZQkxIOVdfX0xIVE05V1ZCWVhMSExI,20240630
20240606,2295318-1,SALUD,RESOLUCION MINISTERIAL,No 397-2024/MINSA,Designan Ejecutiva Adjunta I de la Oficina General de Cooperacion Tecnica Internacional,https://epdoc2.elperuano.pe/EpPo/DescargaINDA.asp?Referencias=NDNWQlZCVkJWQllCVkJZQlRNTEhZQkxIOVdfX1hDOVdTOFVOWVhMSExI,20240630
20240606,2295320-1,SALUD,RESOLUCION MINISTERIAL,No 398-2024/MINSA,Autorizan Transferencia Financiera a favor de la Contraloria General de la Republica,https://epdoc2.elperuano.pe/EpPo/DescargaINDA.asp?Referencias=NDNWQlZCVkJWQllCVkJZQlRNTEhZQkxIOVdfX1lCTEhTOFVOWVhMSExI,20240630
20240606,2295617-1,SALUD,RESOLUCION MINISTERIAL,No 399-2024/MINSA,Designan Director Ejecutivo de la Oficina de Abastecimiento de la Oficina General de Administracion,https://epdoc2.elperuano.pe/EpPo/DescargaINDA.asp?Referencias=NDNWQlZCVkJWQllCVkJZQlRNTEhZQkxIOVdfX1dWOVdWQlVOWVhMSExI,20240630
20240606,2295617-2,SALUD,RESOLUCION MINISTERIAL,No 400-2024/MINSA,Designan Jefe de Equipo II de la Oficina de Abastecimiento de la Oficina General de Administracion,https://epdoc2.elperuano.pe/EpPo/DescargaINDA.asp?Referencias=NDNWQlZCVkJWQllCVkJZQlRNTEhZQkxITEhfX1dWOVdWQlVOWVhMSExI,20240630
20240606,2294979-1,TRABAJO Y PROMOCION DEL EMPLEO,RESOLUCION MINISTERIAL,No 096-2024-TR,Designan Directora de la Direccion de Promocion Laboral para Personas con Discapacidad de la Direccion General de Promocion del Empleo,https://epdoc2.elperuano.pe/EpPo/DescargaINDA.asp?Referencias=NDNWQlZCVkJWQllCVkJZQlRNTEhZQkxIOVdfX1lYV1ZZWFRNWVhMSExI,20240630
20240606,2295477-1,TRANSPORTES Y COMUNICACIONES,RESOLUCION,No 082-2024-MTC/24,Designan Director de la Direccion de Supervision de Proyectos del Programa Nacional de Telecomunicaciones - PRONATEL,https://epdoc2.elperuano.pe/EpPo/DescargaINDA.asp?Referencias=NDNWQlZCVkJWQllCVkJZQlRNTEhZQkxIOVdfX1dWV1ZUTVVOWVhMSExI,20240630
20240606,2294465-1,TRANSPORTES Y COMUNICACIONES,RESOLUCION DIRECTORAL,No 0299-2024-MTC/17.03,Autorizan a la empresa Revision Tecnica Vehicular Nazca Peru S.A.C. para operar como Centro de Inspeccion Tecnica Vehicular Fijo en local ubicado en el distrito de Chincha Alta provincia de Chincha y departamento de Ica,https://epdoc2.elperuano.pe/EpPo/DescargaINDA.asp?Referencias=NDNWQlZCVkJWQllCVkJZQlRNTEhZQkxIOVdfX1VOVkJUTVRNWVhMSExI,20240630
20240606,2294478-1,TRANSPORTES Y COMUNICACIONES,RESOLUCION DIRECTORAL,No 0305-2024-MTC/17.03,Renuevan a la empresa ECOMOTRIZ SUR S.R.L. la autorizacion para operar como Entidad Verificadora a nivel nacional en local ubicado en el distrito de Cerro Colorado departamento de Arequipa,https://epdoc2.elperuano.pe/EpPo/DescargaINDA.asp?Referencias=NDNWQlZCVkJWQllCVkJZQlRNTEhZQkxIOVdfX1hDV1ZUTVRNWVhMSExI,20240630
20240606,2294930-1,TRANSPORTES Y COMUNICACIONES,RESOLUCION VICE MINISTERIAL,No 0076-2024-MTC/03,Modifican la R.VM. No 331-2005-MTC/03 que aprueba los Planes de Canalizacion y Asignacion de Frecuencias del Servicio de Radiodifusion por Television en VHF para distintas localidades del departamento de Ancash,https://epdoc2.elperuano.pe/EpPo/DescargaINDA.asp?Referencias=NDNWQlZCVkJWQllCVkJZQlRNTEhZQkxIOVdfX1lCUzhZWFRNWVhMSExI,20240630
20240606,2294949-1,TRANSPORTES Y COMUNICACIONES,RESOLUCION VICE MINISTERIAL,No 0077-2024-MTC/03,Modifican la R.VM. No 350-2005-MTC/03 que aprueba los Planes de Canalizacion y Asignacion de Frecuencias del Servicio de Radiodifusion Sonora en Frecuencia Modulada (FM) de las localidades del departamento de Lambayeque,https://epdoc2.elperuano.pe/EpPo/DescargaINDA.asp?Referencias=NDNWQlZCVkJWQllCVkJZQlRNTEhZQkxIOVdfX1lYVE1ZWFRNWVhMSExI,20240630
20240606,2295050-1,TRANSPORTES Y COMUNICACIONES,RESOLUCION VICE MINISTERIAL,No 0078-2024-MTC/03,Modifican la R.VM. No 329-2005-MTC/03 que aprueba los Planes de Canalizacion y Asignacion de Frecuencias del Servicio de Radiodifusion por Television en VHF para distintas localidades del departamento de Huanuco,https://epdoc2.elperuano.pe/EpPo/DescargaINDA.asp?Referencias=NDNWQlZCVkJWQllCVkJZQlRNTEhZQkxIOVdfX1lCVU5ZQlVOWVhMSExI,20240630
20240606,2295059-1,TRANSPORTES Y COMUNICACIONES,RESOLUCION VICE MINISTERIAL,No 0079-2024-MTC/03,Modifican la R.VM. No 116-2004-MTC/03 que aprueba los Planes de Canalizacion y Asignacion de Frecuencias del Servicio de Radiodifusion Sonora en Frecuencia Modulada (FM) de las localidades del departamento de Piura,https://epdoc2.elperuano.pe/EpPo/DescargaINDA.asp?Referencias=NDNWQlZCVkJWQllCVkJZQlRNTEhZQkxIOVdfX1lYVU5ZQlVOWVhMSExI,20240630
20240606,2295985-1,INSTITUTO NACIONAL DE RADIO Y TELEVISIoN DEL PERu,RESOLUCION,No 000056-2024-IRTP.PE,Designan Asesora de la Gerencia General del IRTP,https://epdoc2.elperuano.pe/EpPo/DescargaINDA.asp?Referencias=NDNWQlZCVkJWQllCVkJZQlRNTEhZQkxIOVdfX1VOWENZWFVOWVhMSExI,20240630
20240606,2295775-1,ORGANISMO DE FORMALIZACIoN DE LA PROPIEDAD INFORMAL,RESOLUCION DIRECTORAL,No D000066-2024-COFOPRI-DE,Designan Jefe de la Oficina Zonal Huanuco del COFOPRI,https://epdoc2.elperuano.pe/EpPo/DescargaINDA.asp?Referencias=NDNWQlZCVkJWQllCVkJZQlRNTEhZQkxIOVdfX1VOV1ZXVlVOWVhMSExI,20240630
20240606,2295780-1,ORGANISMO DE FORMALIZACIoN DE LA PROPIEDAD INFORMAL,RESOLUCION DIRECTORAL,No D000067-2024-COFOPRI-DE,Designan Jefe de la Oficina Zonal Pasco del COFOPRI,https://epdoc2.elperuano.pe/EpPo/DescargaINDA.asp?Referencias=NDNWQlZCVkJWQllCVkJZQlRNTEhZQkxIOVdfX1lCWENXVlVOWVhMSExI,20240630
20240606,2295608-1,SEGURO INTEGRAL DE SALUD,RESOLUCION JEFATURAL,No 000073-2024-SIS/J,Designan Secretario General del Seguro Integral de Salud,https://epdoc2.elperuano.pe/EpPo/DescargaINDA.asp?Referencias=NDNWQlZCVkJWQllCVkJZQlRNTEhZQkxIOVdfX1hDWUJWQlVOWVhMSExI,20240630
20240606,2295971-1,ORGANISMO SUPERVISOR DE LA INVERSIoN EN ENERGiA Y MINERiA,RESOLUCION,No 64-2024-OS/PRES,Aprueban Transferencia Financiera a favor de la Contraloria General de la Republica,https://epdoc2.elperuano.pe/EpPo/DescargaINDA.asp?Referencias=NDNWQlZCVkJWQllCVkJZQlRNTEhZQkxIOVdfXzlXV1ZZWFVOWVhMSExI,20240630
20240606,2295417-1,AUTORIDAD DE TRANSPORTE URBANO PARA LIMA Y CALLAO,RESOLUCION,No 121-2024-ATU/PE,Autorizan Transferencia Financiera a favor de la Contraloria General de la Republica,https://epdoc2.elperuano.pe/EpPo/DescargaINDA.asp?Referencias=NDNWQlZCVkJWQllCVkJZQlRNTEhZQkxIOVdfX1dWOVdUTVVOWVhMSExI,20240630
20240606,2295498-1,AUTORIDAD NACIONAL DEL AGUA,RESOLUCION JEFATURAL,No 0228-2024-ANA,Designan Director de la Oficina de Administracion de la Autoridad Nacional del Agua,https://epdoc2.elperuano.pe/EpPo/DescargaINDA.asp?Referencias=NDNWQlZCVkJWQllCVkJZQlRNTEhZQkxIOVdfX1hDWVhUTVVOWVhMSExI,20240630
20240606,2295735-1,CONSEJO NACIONAL DE CIENCIA  TECNOLOGiA E INNOVACIoN TECNOLoGICA,RESOLUCION,No 055-2024-CONCYTEC-P,Autorizan Transferencia Financiera a favor de la Contraloria General de la Republica,https://epdoc2.elperuano.pe/EpPo/DescargaINDA.asp?Referencias=NDNWQlZCVkJWQllCVkJZQlRNTEhZQkxIOVdfX1VOUzhXVlVOWVhMSExI,20240630
20240606,2295518-1,INSTITUTO NACIONAL DE DEFENSA DE LA COMPETENCIA Y DE LA PROTECCION DE LA PROPIEDAD INTELECTUAL,RESOLUCION,No 000094-2024-PRE/INDECOPI,Formalizan el Acuerdo No 122-2024 del Consejo Directivo que aprueba la designacion de Gerenta General del INDECOPI,https://epdoc2.elperuano.pe/EpPo/DescargaINDA.asp?Referencias=NDNWQlZCVkJWQllCVkJZQlRNTEhZQkxIOVdfX1hDOVdVTlVOWVhMSExI,20240630
20240606,2295522-1,INSTITUTO NACIONAL DE DEFENSA DE LA COMPETENCIA Y DE LA PROTECCION DE LA PROPIEDAD INTELECTUAL,RESOLUCION,No 000096-2024-GEG/INDECOPI,Designan Jefa de la Oficina de Tecnologias de la Informacion del INDECOPI,https://epdoc2.elperuano.pe/EpPo/DescargaINDA.asp?Referencias=NDNWQlZCVkJWQllCVkJZQlRNTEhZQkxIOVdfX0xITEhVTlVOWVhMSExI,20240630
20240606,2295478-1,ORGANISMO DE EVALUACION Y FISCALIZACION AMBIENTAL,RESOLUCION,No 00087-2024-OEFA/PCD,Designan Asesora de Presidencia del Consejo Directivo del OEFA,https://epdoc2.elperuano.pe/EpPo/DescargaINDA.asp?Referencias=NDNWQlZCVkJWQllCVkJZQlRNTEhZQkxIOVdfX1hDV1ZUTVVOWVhMSExI,20240630
20240606,2295382-1,ORGANISMO SUPERVISOR DE LAS CONTRATACIONES DEL ESTADO,RESOLUCION,No D000090-2024-OSCE-PRE,Autorizan transferencia financiera a favor de la Contraloria General de la Republica,https://epdoc2.elperuano.pe/EpPo/DescargaINDA.asp?Referencias=NDNWQlZCVkJWQllCVkJZQlRNTEhZQkxIOVdfX0xIWENTOFVOWVhMSExI,20240630
20240606,2295615-1,ORGANISMO TeCNICO DE LA ADMINISTRACIoN DE LOS SERVICIOS DE SANEAMIENTO,RESOLUCION DIRECTORAL,No 000061-2024-OTASS-DE,Designan Jefe de la Oficina Asesoria Juridica del OTASS,https://epdoc2.elperuano.pe/EpPo/DescargaINDA.asp?Referencias=NDNWQlZCVkJWQllCVkJZQlRNTEhZQkxIOVdfX1VOOVdWQlVOWVhMSExI,20240630
20240606,2294824-1,SUPERINTENDENCIA NACIONAL DE ADUANAS Y DE ADMINISTRACIoN TRIBUTARIA,RESOLUCION,No 000115-2024/SUNAT,Modifican la Resolucion de Superintendencia No 000057-2024/SUNAT que aprobo normas complementarias para la aplicacion de la Ley No 31974,https://epdoc2.elperuano.pe/EpPo/DescargaINDA.asp?Referencias=NDNWQlZCVkJWQllCVkJZQlRNTEhZQkxIOVdfX1RNTEhYQ1RNWVhMSExI,20240630
20240606,2295122-1,SUPERINTENDENCIA NACIONAL DE ADUANAS Y DE ADMINISTRACIoN TRIBUTARIA,RESOLUCION,No 000097-2024-SUNAT/800000,Dejan sin efecto designaciones y designan Fedatarios Institucionales de la Intendencia de Tributos Internos Juliaca,https://epdoc2.elperuano.pe/EpPo/DescargaINDA.asp?Referencias=NDNWQlZCVkJWQllCVkJZQlRNTEhZQkxIOVdfX0xITEg5V1VOWVhMSExI,20240630
20240606,2295503-1,SUPERINTENDENCIA NACIONAL DE CONTROL DE SERVICIOS DE SEGURIDAD  ARMAS  MUNICIONES Y EXPLOSIVOS DE USO CIVIL,RESOLUCION,No 02985-2024-SUCAMEC,Aprueban continuidad de dictado virtual de los cursos de formacion basica y perfeccionamiento para los aspirantes y/o personal de seguridad,https://epdoc2.elperuano.pe/EpPo/DescargaINDA.asp?Referencias=NDNWQlZCVkJWQllCVkJZQlRNTEhZQkxIOVdfX1M4WUJVTlVOWVhMSExI,20240630
20240606,2294889-1,SUPERINTENDENCIA NACIONAL DE FISCALIZACIoN LABORAL,RESOLUCION,No 000114-2024-SUNAFIL,Disponen la prepublicacion del proyecto de Directiva denominada Directiva para la fiscalizacion de la normativa que regula la proteccion de la maternidad y la paternidad en el trabajo,https://epdoc2.elperuano.pe/EpPo/DescargaINDA.asp?Referencias=NDNWQlZCVkJWQllCVkJZQlRNTEhZQkxIOVdfX1lYWENYQ1RNWVhMSExI,20240630
20240606,2295330-1,CONSEJO EJECUTIVO DEL PODER JUDICIAL,RESOLUCION ADMINISTRATIVA,No 000070-2024-P-CE-PJ,Cesan por limite de edad a Juez Especializado Penal titular (2o JP-Unipersonal) de Utcubamba Distrito Judicial de Amazonas,https://epdoc2.elperuano.pe/EpPo/DescargaINDA.asp?Referencias=NDNWQlZCVkJWQllCVkJZQlRNTEhZQkxIOVdfX1lCUzhTOFVOWVhMSExI,20240630
20240606,2295556-1,CORTES SUPERIORES DE JUSTICIA,RESOLUCION ADMINISTRATIVA,No 000411-2024-P-CSJLI-PJ,Reasignan a magistrada como Jueza Supernumeraria del Trigesimo Setimo Juzgado Civil de la Corte Superior de Justicia de Lima,https://epdoc2.elperuano.pe/EpPo/DescargaINDA.asp?Referencias=NDNWQlZCVkJWQllCVkJZQlRNTEhZQkxIOVdfX1ZCVU5VTlVOWVhMSExI,20240630
20240606,2286781-1,INSTITUCIONES EDUCATIVAS,RESOLUCION,No 13077-2024-UNJBG,Autorizan viaje de docentes de la Universidad Nacional Jorge Basadre Grohmann a Espana en comision de servicios,https://epdoc2.elperuano.pe/EpPo/DescargaINDA.asp?Referencias=NDNWQlZCVkJWQllCVkJZQlRNTEhZQkxIOVdfXzlXWENXVlZCWENMSExI,20240630
20240606,2292869-1,INSTITUCIONES EDUCATIVAS,RESOLUCION,No 13187-2024-UNJBG,Autorizan viaje de docentes de la Universidad Nacional Jorge Basadre Grohmann a Espana en comision de servicios,https://epdoc2.elperuano.pe/EpPo/DescargaINDA.asp?Referencias=NDNWQlZCVkJWQllCVkJZQlRNTEhZQkxIOVdfX1lYVkJYQ0xIWVhMSExI,20240630
20240606,2295456-1,MINISTERIO PUBLICO,RESOLUCION,No 1316-2024-MP-FN,Autorizan viaje de fiscal a Ecuador en comision de servicios,https://epdoc2.elperuano.pe/EpPo/DescargaINDA.asp?Referencias=NDNWQlZCVkJWQllCVkJZQlRNTEhZQkxIOVdfX1ZCVU5UTVVOWVhMSExI,20240630
20240606,2295202-1,OFICINA NACIONAL DE PROCESOS ELECTORALES,RESOLUCION JEFATURAL,No 000112-2024-JN/ONPE,Dejan sin efecto la Resolucion Jefatural No 000102-2024-JN/ONPE,https://epdoc2.elperuano.pe/EpPo/DescargaINDA.asp?Referencias=NDNWQlZCVkJWQllCVkJZQlRNTEhZQkxIOVdfX0xIWUJMSFVOWVhMSExI,20240630
20240606,2295541-1,REGISTRO NACIONAL DE IDENTIFICACION Y ESTADO CIVIL,RESOLUCION JEFATURAL,No 000096-2024/JNAC/RENIEC,Designan Jefe de la Oficina de Asesoria Juridica del RENIEC,https://epdoc2.elperuano.pe/EpPo/DescargaINDA.asp?Referencias=NDNWQlZCVkJWQllCVkJZQlRNTEhZQkxIOVdfXzlXVE1VTlVOWVhMSExI,20240630
20240606,2295189-1,SUPERINTENDENCIA DE BANCA  SEGUROS Y ADMINISTRADORAS PRIVADAS DE FONDOS DE PENSIONES,CIRCULAR,No B-2271-2024,Actualizacion del monto maximo de cobertura del Fondo de Seguro de Depositos correspondiente al trimestre junio 2024 - agosto 2024,https://epdoc2.elperuano.pe/EpPo/DescargaINDA.asp?Referencias=NDNWQlZCVkJWQllCVkJZQlRNTEhZQkxIOVdfX1lYWEM5V1VOWVhMSExI,20240630
20240606,2293934-1,SUPERINTENDENCIA DE BANCA  SEGUROS Y ADMINISTRADORAS PRIVADAS DE FONDOS DE PENSIONES,RESOLUCION,SBS No 01957-2024,Autorizan viaje de funcionario de la SBS a la Republica Francesa en comision de servicios,https://epdoc2.elperuano.pe/EpPo/DescargaINDA.asp?Referencias=NDNWQlZCVkJWQllCVkJZQlRNTEhZQkxIOVdfX1RNUzhZWFM4WVhMSExI,20240630
20240606,2293942-1,SUPERINTENDENCIA DE BANCA  SEGUROS Y ADMINISTRADORAS PRIVADAS DE FONDOS DE PENSIONES,RESOLUCION,SBS No 01984-2024,Autorizan viaje de funcionario de la SBS a la Republica Francesa en comision de servicios,https://epdoc2.elperuano.pe/EpPo/DescargaINDA.asp?Referencias=NDNWQlZCVkJWQllCVkJZQlRNTEhZQkxIOVdfX0xIVE1ZWFM4WVhMSExI,20240630
20240606,2294512-1,SUPERINTENDENCIA DE BANCA  SEGUROS Y ADMINISTRADORAS PRIVADAS DE FONDOS DE PENSIONES,RESOLUCION,SBS No 02033-2024,Designan nuevos administradores temporales de diversas Cooperativas de Ahorro y Credito que se encuentran en disolucion,https://epdoc2.elperuano.pe/EpPo/DescargaINDA.asp?Referencias=NDNWQlZCVkJWQllCVkJZQlRNTEhZQkxIOVdfX0xIOVdVTlRNWVhMSExI,20240630
20240606,2276681-1,GOBIERNO REGIONAL DE APURIMAC,RESOLUCION DIRECTORAL,No 01-2024-GR DREM-APURIMAC,Concesiones mineras cuyos titulos fueron aprobados en el mes de diciembre del ano 2022 y los meses de marzo abril mayo junio julio agosto septiembre octubre noviembre y diciembre del ano 2023,https://epdoc2.elperuano.pe/EpPo/DescargaINDA.asp?Referencias=NDNWQlZCVkJWQllCVkJZQlRNTEhZQkxIOVdfXzlXWENWQlZCV1ZMSExI,20240630
20240606,2292433-1,GOBIERNO REGIONAL DE HUANUCO,RESOLUCION,No 0268-2024-GRH/GR,Aprueban el Manual de Clasificador de Cargos (MCC) del Gobierno Regional Huanuco - Unidad Ejecutora 001 - Sede Central,https://epdoc2.elperuano.pe/EpPo/DescargaINDA.asp?Referencias=NDNWQlZCVkJWQllCVkJZQlRNTEhZQkxIOVdfX1M4UzhUTUxIWVhMSExI,20240630
20240606,2283079-1,GOBIERNO REGIONAL DE HUANUCO,RESOLUCION DIRECTORAL,No 34-2024-GRH-GRDE/DREM/DR,Relacion de concesiones mineras cuyos titulos fueron aprobados en los anos 2022 2023 y 2024,https://epdoc2.elperuano.pe/EpPo/DescargaINDA.asp?Referencias=NDNWQlZCVkJWQllCVkJZQlRNTEhZQkxIOVdfX1lYV1ZZQlM4WENMSExI,20240630
20240606,2289265-1,GOBIERNO REGIONAL DE MADRE DE DIOS,ORDENANZA,No 012-2024-RMDD/CR,Aprueban el Plan de Accion Regional de Seguridad Ciudadana Madre de Dios 2024 - 2027,https://epdoc2.elperuano.pe/EpPo/DescargaINDA.asp?Referencias=NDNWQlZCVkJWQllCVkJZQlRNTEhZQkxIOVdfX1VOVkJMSFlYWENMSExI,20240630
20240606,2289684-1,GOBIERNO REGIONAL DE MADRE DE DIOS,ORDENANZA,No 018-2023-RMDD/CR,Declaran como Prioridad Publica Regional la Politica Multisectorial para Reducir la Anemia en Gestantes Ninas y Ninos Menores de 36 Meses y la Desnutricion Cronica en Ninas y Ninos Menores de 05 Anos en la Region Madre de Dios 2023 - 2026,https://epdoc2.elperuano.pe/EpPo/DescargaINDA.asp?Referencias=NDNWQlZCVkJWQllCVkJZQlRNTEhZQkxIOVdfX1RNWENWQllYWENMSExI,20240630
20240606,2295239-1,MUNICIPALIDAD METROPOLITANA DE LIMA,RESOLUCION JEFATURAL,No 001-004-00005212,Designan Analista Auxiliar Coactivo III del SAT (Auxiliar Coactivo),https://epdoc2.elperuano.pe/EpPo/DescargaINDA.asp?Referencias=NDNWQlZCVkJWQllCVkJZQlRNTEhZQkxIOVdfX1lYUzhMSFVOWVhMSExI,20240630
20240606,2295223-1,MUNICIPALIDAD DE COMAS,RESOLUCION,No 445 -2024-GM/MDC,Dan por concluida designacion de profesional en el cargo de Ejecutor Coactivo Administrativo y la encargatura como Ejecutor Coactivo Tributario de la municipalidad,https://epdoc2.elperuano.pe/EpPo/DescargaINDA.asp?Referencias=NDNWQlZCVkJWQllCVkJZQlRNTEhZQkxIOVdfX1M4TEhMSFVOWVhMSExI,20240630
20240606,2296044-1,MUNICIPALIDAD DE COMAS,RESOLUCION,No 463-2024-GM/MDC,Designan Ejecutor Coactivo Tributario de la Municipalidad Distrital de Comas,https://epdoc2.elperuano.pe/EpPo/DescargaINDA.asp?Referencias=NDNWQlZCVkJWQllCVkJZQlRNTEhZQkxIOVdfX1RNVE1ZQlZCWVhMSExI,20240630
20240606,2296044-2,MUNICIPALIDAD DE COMAS,RESOLUCION,No 464-2024-GM/MDC,Designan Ejecutor Coactivo Administrativo de la Municipalidad Distrital de Comas,https://epdoc2.elperuano.pe/EpPo/DescargaINDA.asp?Referencias=NDNWQlZCVkJWQllCVkJZQlRNTEhZQkxITEhfX1RNVE1ZQlZCWVhMSExI,20240630
20240606,2294629-1,MUNICIPALIDAD DE LA MOLINA,ORDENANZA,No 446/MDLM,Ordenanza que aprueba beneficios para regularizacion y actualizacion tributaria en el distrito de La Molina,https://epdoc2.elperuano.pe/EpPo/DescargaINDA.asp?Referencias=NDNWQlZCVkJWQllCVkJZQlRNTEhZQkxIOVdfX1lYTEhWQlRNWVhMSExI,20240630
20240606,2294641-1,MUNICIPALIDAD DE LA MOLINA,ORDENANZA,No 447/MDLM,Ordenanza que crea el Programa de Voluntariado de la Municipalidad Distrital de La Molina,https://epdoc2.elperuano.pe/EpPo/DescargaINDA.asp?Referencias=NDNWQlZCVkJWQllCVkJZQlRNTEhZQkxIOVdfXzlXVE1WQlRNWVhMSExI,20240630
20240606,2294643-1,MUNICIPALIDAD DE LA MOLINA,ORDENANZA,No 448/MDLM,Ordenanza que modifica el Reglamento de Organizacion y Funciones (ROF) de la Municipalidad Distrital de La Molina,https://epdoc2.elperuano.pe/EpPo/DescargaINDA.asp?Referencias=NDNWQlZCVkJWQllCVkJZQlRNTEhZQkxIOVdfX1M4VE1WQlRNWVhMSExI,20240630
20240606,2294647-1,MUNICIPALIDAD DE LA MOLINA,ORDENANZA,No 449-MDLM,Ordenanza que aprueba el Plan de Desarrollo Turistico Local del Distrito de La Molina 2024-2028 (PDTL 2024-2028),https://epdoc2.elperuano.pe/EpPo/DescargaINDA.asp?Referencias=NDNWQlZCVkJWQllCVkJZQlRNTEhZQkxIOVdfX1dWVE1WQlRNWVhMSExI,20240630
20240606,2294545-1,MUNICIPALIDAD DE SURQUILLO,Ordenanzas,No 550-2024-MDS,Ordenanza que establece regula y promueve las edificaciones sostenibles y ordenamiento residencial en el distrito de Surquillo,https://epdoc2.elperuano.pe/EpPo/DescargaINDA.asp?Referencias=NDNWQlZCVkJWQllCVkJZQlRNTEhZQkxIOVdfX1VOVE1VTlRNWVhMSExI,20240630
20240606,2290171-1,MUNICIPALIDAD PROVINCIAL DE TRUJILLO,ACUERDO,No 019-2024-MPT,Declaran de necesidad publica y de interes Local provincial el Proyecto de Inversion Publica el Mejoramiento del Servicio de Transporte Urbano de Pasajeros a traves de un Corredor Troncal Norte - Sur y Rutas Alimentadoras en 5 distritos de la provincia de Trujillo - Departamento de La Libertad,https://epdoc2.elperuano.pe/EpPo/DescargaINDA.asp?Referencias=NDNWQlZCVkJWQllCVkJZQlRNTEhZQkxIOVdfXzlXV1Y5V1lCWVhMSExI,20240630
20240606,2290153-1,MUNICIPALIDAD PROVINCIAL DE TRUJILLO,ORDENANZA,No 004-2024-MPT,Ordenanza Municipal que aprueba la Politica Municipal de Chatarreo Vehicular en la Provincia de Trujillo,https://epdoc2.elperuano.pe/EpPo/DescargaINDA.asp?Referencias=NDNWQlZCVkJWQllCVkJZQlRNTEhZQkxIOVdfX1M4VU45V1lCWVhMSExI,20240630
20240605,2295210-1,CONGRESO DE LA REPUBLICA,LEY,No 32043,Ley que promueve el cuidado integral de la salud de los pacientes diagnosticados con paralisis cerebral,https://epdoc2.elperuano.pe/EpPo/DescargaINDA.asp?Referencias=NDNVTlVOVU5VTllCVkJZQlRNTEhZQkxIOVdfX1lCOVdMSFVOWVhMSExI,20240630
20240605,2295210-10,PRESIDENCIA DEL CONSEJO DE MINISTROS,RESOLUCION SUPREMA,No 132-2024-PCM,Autorizan viaje del Ministro de Trabajo y Promocion del Empleo a la Confederacion Suiza y encargan su Despacho al Ministro de Defensa,https://epdoc2.elperuano.pe/EpPo/DescargaINDA.asp?Referencias=NjNVTlVOVU5ZQlZCWUJUTUxIWUJMSFlCOVdfX1lCOVdMSFVOWVhMSExI,20240630
20240605,2295210-11,PRESIDENCIA DEL CONSEJO DE MINISTROS,RESOLUCION SUPREMA,No 133-2024-PCM,Autorizan viaje del Ministro de Salud a la Republica Francesa y encargan su Despacho al Ministro de Desarrollo e Inclusion Social,https://epdoc2.elperuano.pe/EpPo/DescargaINDA.asp?Referencias=NjNVTlVOVU5ZQlZCWUJUTUxIWUJMSDlXOVdfX1lCOVdMSFVOWVhMSExI,20240630
20240605,2295374-2,PRESIDENCIA DEL CONSEJO DE MINISTROS,RESOLUCION SUPREMA,No 134-2024-PCM,Autorizan viaje del Ministro de Relaciones Exteriores a la Republica de Corea y a la Confederacion Suiza y encargan su Despacho al Ministro de Justicia y Derechos Humanos,https://epdoc2.elperuano.pe/EpPo/DescargaINDA.asp?Referencias=NDNVTlVOVU5VTllCVkJZQlRNTEhZQkxITEhfX1RNV1ZTOFVOWVhMSExI,20240630
20240605,2295374-3,PRESIDENCIA DEL CONSEJO DE MINISTROS,RESOLUCION SUPREMA,No 135-2024-PCM,Autorizan viaje del Ministro del Interior a la Republica del Paraguay y encargan su Despacho al Ministro de Defensa,https://epdoc2.elperuano.pe/EpPo/DescargaINDA.asp?Referencias=NDNVTlVOVU5VTllCVkJZQlRNTEhZQkxIUzhfX1RNV1ZTOFVOWVhMSExI,20240630
20240605,2294850-1,CULTURA,RESOLUCION VICE MINISTERIAL,No 000154-2024-VMPCIC/MC,Declaran Patrimonio Cultural de la Nacion a cuatro bienes culturales muebles incautados,https://epdoc2.elperuano.pe/EpPo/DescargaINDA.asp?Referencias=NDNVTlVOVU5VTllCVkJZQlRNTEhZQkxIOVdfX1lCVU5YQ1RNWVhMSExI,20240630
20240605,2295114-1,DEFENSA,RESOLUCION JEFATURAL,No 00064-2024-CENEPRED/J,Aceptan renuncia y encargan el puesto de Jefa de la Oficina de Planeamiento y Presupuesto a la Secretaria General del CENEPRED,https://epdoc2.elperuano.pe/EpPo/DescargaINDA.asp?Referencias=NDNVTlVOVU5VTllCVkJZQlRNTEhZQkxIOVdfX1RNOVc5V1VOWVhMSExI,20240630
20240605,2295121-1,DEFENSA,RESOLUCION JEFATURAL,No 00066-2024-CENEPRED/J,Designan Jefa de la Oficina de Asesoria Juridica del CENEPRED,https://epdoc2.elperuano.pe/EpPo/DescargaINDA.asp?Referencias=NDNVTlVOVU5VTllCVkJZQlRNTEhZQkxIOVdfXzlXTEg5V1VOWVhMSExI,20240630
20240605,2295060-1,DESARROLLO AGRARIO Y RIEGO,RESOLUCION MINISTERIAL,No 0201-2024-MDAGRI,Designan Asesor de Alta Direccion de la Secretaria General del Ministerio,https://epdoc2.elperuano.pe/EpPo/DescargaINDA.asp?Referencias=NDNVTlVOVU5VTllCVkJZQlRNTEhZQkxIOVdfX1lCVkJZQlVOWVhMSExI,20240630
20240605,2295210-2,ECONOMIA Y FINANZAS,DECRETO SUPREMO,No 096-2024-EF,Decreto Supremo que aprueba las disposiciones que regulan los procedimientos especiales para la contratacion de la asistencia tecnica especializada en gestion de proyectos y para la aplicacion de contratos estandarizados de ingenieria y construccion de uso internacional en el marco de la Ley No 31841 Ley que crea la Autoridad Nacional de Infraestructura (ANIN),https://epdoc2.elperuano.pe/EpPo/DescargaINDA.asp?Referencias=NDNVTlVOVU5VTllCVkJZQlRNTEhZQkxITEhfX1lCOVdMSFVOWVhMSExI,20240630
20240605,2295210-3,ECONOMIA Y FINANZAS,DECRETO SUPREMO,No 097-2024-EF,Decreto Supremo que modifica los limites maximos de incorporacion de mayores ingresos publicos de un gobierno regional de diversos gobiernos locales asi como de diversas empresas y organismos publicos de los gobiernos locales,https://epdoc2.elperuano.pe/EpPo/DescargaINDA.asp?Referencias=NDNVTlVOVU5VTllCVkJZQlRNTEhZQkxIUzhfX1lCOVdMSFVOWVhMSExI,20240630
20240605,2295116-1,ECONOMIA Y FINANZAS,RESOLUCION MINISTERIAL,No 190-2024-EF/43,Autorizan viaje de Director de la Direccion de Mercado de Seguros y Previsional Privado a la Republica Francesa en comision de servicios,https://epdoc2.elperuano.pe/EpPo/DescargaINDA.asp?Referencias=NDNVTlVOVU5VTllCVkJZQlRNTEhZQkxIOVdfX1ZCOVc5V1VOWVhMSExI,20240630
20240605,2294819-1,ENERGIA Y MINAS,RESOLUCION MINISTERIAL,No 224-2024-MINEM/DM,Aprueban lista de bienes y servicios cuya adquisicion otorgara derecho a la devolucion del Impuesto General a las Ventas e Impuesto de Promocion Municipal a favor de DLP RESOURCES PERU S.A.C. durante la fase de exploracion de los proyectos mineros Aurora y Esperanza,https://epdoc2.elperuano.pe/EpPo/DescargaINDA.asp?Referencias=NDNVTlVOVU5VTllCVkJZQlRNTEhZQkxIOVdfX1lYOVdYQ1RNWVhMSExI,20240630
20240605,2294971-1,ENERGIA Y MINAS,RESOLUCION MINISTERIAL,No 231-2024-MINEM/DM,Declaran de interes la participacion del Ministerio de Energia y Minas en la Conferencia Internacional de Mineria y Recursos Expo - IMARC 2024 que se realizara en la Mancomunidad de Australia,https://epdoc2.elperuano.pe/EpPo/DescargaINDA.asp?Referencias=NDNVTlVOVU5VTllCVkJZQlRNTEhZQkxIOVdfXzlXV1ZZWFRNWVhMSExI,20240630
20240605,2294978-1,ENERGIA Y MINAS,RESOLUCION MINISTERIAL,No 230-2024-MINEM/DM,Autorizan transferencia financiera de recursos a favor del Gobierno Regional de Junin,https://epdoc2.elperuano.pe/EpPo/DescargaINDA.asp?Referencias=NDNVTlVOVU5VTllCVkJZQlRNTEhZQkxIOVdfX1hDV1ZZWFRNWVhMSExI,20240630
20240605,2294991-1,ENERGIA Y MINAS,RESOLUCION MINISTERIAL,No 229-2024-MINEM/DM,Autorizan transferencia financiera de recursos a favor del Gobierno Regional de Cusco,https://epdoc2.elperuano.pe/EpPo/DescargaINDA.asp?Referencias=NDNVTlVOVU5VTllCVkJZQlRNTEhZQkxIOVdfXzlXWVhZWFRNWVhMSExI,20240630
20240605,2295209-1,ENERGIA Y MINAS,RESOLUCION MINISTERIAL,No 232-2024-MINEM/DM,Designan Jefe de la Oficina General de Administracion del Ministerio,https://epdoc2.elperuano.pe/EpPo/DescargaINDA.asp?Referencias=NDNVTlVOVU5VTllCVkJZQlRNTEhZQkxIOVdfX1lYWUJMSFVOWVhMSExI,20240630
20240605,2295210-9,ENERGIA Y MINAS,RESOLUCION SUPREMA,No 009-2024-EM,Designan Presidente del Consejo Directivo del Instituto Geologico Minero y Metalurgico - INGEMMET,https://epdoc2.elperuano.pe/EpPo/DescargaINDA.asp?Referencias=NDNVTlVOVU5VTllCVkJZQlRNTEhZQkxIWVhfX1lCOVdMSFVOWVhMSExI,20240630
20240605,2295442-1,INTERIOR,RESOLUCION MINISTERIAL,No 0744-2024-IN,Conforman el Grupo de Trabajo Sectorial encargado de evaluar medidas destinadas a garantizar la transparencia y el adecuado manejo de los recursos del Estado y del servicio brindado a traves del Regimen de Salud de la Policia Nacional del Peru,https://epdoc2.elperuano.pe/EpPo/DescargaINDA.asp?Referencias=NDNVTlVOVU5VTllCVkJZQlRNTEhZQkxIOVdfX0xIVE1UTVVOWVhMSExI,20240630
20240605,2295210-8,MUJER Y POBLACIONES VULNERABLES,DECRETO SUPREMO,No 002-2024-MIMP,Decreto Supremo que aprueba la Seccion Primera del Reglamento de Organizacion y Funciones del Consejo Nacional para la Integracion de la Persona con Discapacidad,https://epdoc2.elperuano.pe/EpPo/DescargaINDA.asp?Referencias=NDNVTlVOVU5VTllCVkJZQlRNTEhZQkxIWENfX1lCOVdMSFVOWVhMSExI,20240630
20240605,2294844-1,MUJER Y POBLACIONES VULNERABLES,RESOLUCION MINISTERIAL,No 208-2024-MIMP,Aprueban el Plan Operativo Institucional (POI) Anual 2024 Modificado Version 1 del Pliego 039: Ministerio de la Mujer y Poblaciones Vulnerables,https://epdoc2.elperuano.pe/EpPo/DescargaINDA.asp?Referencias=NDNVTlVOVU5VTllCVkJZQlRNTEhZQkxIOVdfX1RNVE1YQ1RNWVhMSExI,20240630
20240605,2295210-4,RELACIONES EXTERIORES,DECRETO SUPREMO,No 021-2024-RE,Decreto Supremo que modifica el Anexo B: Cuotas Internacionales para el Ano Fiscal 2024 de la Ley No 31953 Ley de Presupuesto del Sector Publico para el Ano Fiscal 2024,https://epdoc2.elperuano.pe/EpPo/DescargaINDA.asp?Referencias=NDNVTlVOVU5VTllCVkJZQlRNTEhZQkxIVE1fX1lCOVdMSFVOWVhMSExI,20240630
20240605,2295210-5,RELACIONES EXTERIORES,DECRETO SUPREMO,No 022-2024-RE,Decreto Supremo que modifica el Anexo B: Cuotas Internacionales para el Ano Fiscal 2024 de la Ley No 31953 que aprueba el Presupuesto del Sector Publico para el Ano Fiscal 2024,https://epdoc2.elperuano.pe/EpPo/DescargaINDA.asp?Referencias=NDNVTlVOVU5VTllCVkJZQlRNTEhZQkxIVU5fX1lCOVdMSFVOWVhMSExI,20240630
20240605,2294916-1,RELACIONES EXTERIORES,RESOLUCION MINISTERIAL,No 0445-2024-RE,Autorizan viaje de funcionario diplomatico a Costa Rica en comision de servicios,https://epdoc2.elperuano.pe/EpPo/DescargaINDA.asp?Referencias=NDNVTlVOVU5VTllCVkJZQlRNTEhZQkxIOVdfX1ZCOVdZWFRNWVhMSExI,20240630
20240605,2294917-1,RELACIONES EXTERIORES,RESOLUCION MINISTERIAL,No 0446-2024-RE,Autorizan viaje de funcionaria diplomatica a Costa Rica en comision de servicios,https://epdoc2.elperuano.pe/EpPo/DescargaINDA.asp?Referencias=NDNVTlVOVU5VTllCVkJZQlRNTEhZQkxIOVdfX1dWOVdZWFRNWVhMSExI,20240630
20240605,2294981-1,RELACIONES EXTERIORES,RESOLUCION MINISTERIAL,No 0448-2024-RE,Nombran Director de la Oficina Desconcentrada del Ministerio de Relaciones Exteriores en la ciudad de Piura departamento de Piura,https://epdoc2.elperuano.pe/EpPo/DescargaINDA.asp?Referencias=NDNVTlVOVU5VTllCVkJZQlRNTEhZQkxIOVdfXzlXWENZWFRNWVhMSExI,20240630
20240605,2295095-1,RELACIONES EXTERIORES,RESOLUCION MINISTERIAL,No 0450-2024-RE,Autorizan viaje de funcionaria diplomatica a Belgica en comision de servicios,https://epdoc2.elperuano.pe/EpPo/DescargaINDA.asp?Referencias=NDNVTlVOVU5VTllCVkJZQlRNTEhZQkxIOVdfX1VOWVhZQlVOWVhMSExI,20240630
20240605,2295098-1,RELACIONES EXTERIORES,RESOLUCION MINISTERIAL,No 0451-2024-RE,Aceptan renuncia de Agregado a la Embajada del Peru en la Republica de Costa Rica,https://epdoc2.elperuano.pe/EpPo/DescargaINDA.asp?Referencias=NDNVTlVOVU5VTllCVkJZQlRNTEhZQkxIOVdfX1hDWVhZQlVOWVhMSExI,20240630
20240605,2295204-1,SALUD,RESOLUCION MINISTERIAL,No 395-2024/MINSA,Designan Director General de la Direccion General de Operaciones en Salud,https://epdoc2.elperuano.pe/EpPo/DescargaINDA.asp?Referencias=NDNVTlVOVU5VTllCVkJZQlRNTEhZQkxIOVdfX1RNWUJMSFVOWVhMSExI,20240630
20240605,2294863-1,TRABAJO Y PROMOCION DEL EMPLEO,RESOLUCION MINISTERIAL,No 095-2024-TR,Aprueban Manual de Operaciones del Programa Nacional de Empleo Jovenes Productivos,https://epdoc2.elperuano.pe/EpPo/DescargaINDA.asp?Referencias=NDNVTlVOVU5VTllCVkJZQlRNTEhZQkxIOVdfX1M4VkJYQ1RNWVhMSExI,20240630
20240605,2295210-6,TRANSPORTES Y COMUNICACIONES,DECRETO SUPREMO,No 009-2024-MTC,Decreto Supremo que aprueba el texto de la Adenda No 3 del Contrato de Concesion para el Diseno Construccion Financiamiento Conservacion y Explotacion del Nuevo Terminal de Contenedores ubicado adyacente al rompeolas sur del Terminal Portuario del Callao - Zona Sur,https://epdoc2.elperuano.pe/EpPo/DescargaINDA.asp?Referencias=NDNVTlVOVU5VTllCVkJZQlRNTEhZQkxIVkJfX1lCOVdMSFVOWVhMSExI,20240630
20240605,2295210-7,TRANSPORTES Y COMUNICACIONES,DECRETO SUPREMO,No 010-2024-MTC,Decreto Supremo que aprueba el texto de la Adenda No 2 del Contrato de Concesion para el Diseno Construccion Financiamiento Conservacion y Explotacion del Terminal Norte Multiproposito en el Terminal Portuario del Callao,https://epdoc2.elperuano.pe/EpPo/DescargaINDA.asp?Referencias=NDNVTlVOVU5VTllCVkJZQlRNTEhZQkxIV1ZfX1lCOVdMSFVOWVhMSExI,20240630
20240605,2295374-1,TRANSPORTES Y COMUNICACIONES,DECRETO SUPREMO,No 011-2024-MTC,Decreto Supremo que modifica el Reglamento Nacional del Sistema de Emision de Licencias de Conducir aprobado por Decreto Supremo No 007-2016-MTC,https://epdoc2.elperuano.pe/EpPo/DescargaINDA.asp?Referencias=NDNVTlVOVU5VTllCVkJZQlRNTEhZQkxIOVdfX1RNV1ZTOFVOWVhMSExI,20240630
20240605,2294816-1,TRANSPORTES Y COMUNICACIONES,RESOLUCION DIRECTORAL,No 0377-2024-MTC/16,Aprueban homologacion de equipos a utilizarse en el control oficial de los limites maximos permisibles de emision de contaminantes para vehiculos automotores a favor de la empresa Globalizacion Integral E.I.R.L.,https://epdoc2.elperuano.pe/EpPo/DescargaINDA.asp?Referencias=NDNVTlVOVU5VTllCVkJZQlRNTEhZQkxIOVdfX1ZCOVdYQ1RNWVhMSExI,20240630
20240605,2294663-1,TRANSPORTES Y COMUNICACIONES,RESOLUCION MINISTERIAL,No 287-2024-MTC/01.03,Otorgan a la empresa CORPORACION PV NETWORKS S.A.C. Concesion unica para la prestacion de servicios publicos de telecomunicaciones en area que comprende todo el territorio de la Republica,https://epdoc2.elperuano.pe/EpPo/DescargaINDA.asp?Referencias=NDNVTlVOVU5VTllCVkJZQlRNTEhZQkxIOVdfX1M4VkJWQlRNWVhMSExI,20240630
20240605,2294792-1,TRANSPORTES Y COMUNICACIONES,RESOLUCION MINISTERIAL,No 290-2024-MTC/01.03,Dejan sin efecto la Resolucion Ministerial No 707-2023-MTC/01.03,https://epdoc2.elperuano.pe/EpPo/DescargaINDA.asp?Referencias=NDNVTlVOVU5VTllCVkJZQlRNTEhZQkxIOVdfX0xIWVhXVlRNWVhMSExI,20240630
20240605,2295211-1,TRANSPORTES Y COMUNICACIONES,RESOLUCION MINISTERIAL,No 297-2024-MTC/01,Designan Directora de la Oficina de Articulacion Intergubernamental,https://epdoc2.elperuano.pe/EpPo/DescargaINDA.asp?Referencias=NDNVTlVOVU5VTllCVkJZQlRNTEhZQkxIOVdfXzlXOVdMSFVOWVhMSExI,20240630
20240605,2294437-1,AGENCIA PERUANA DE COOPERACION INTERNACIONAL,RESOLUCION DIRECTORAL,No 074-2024/APCI-DE,Dan por concluida designacion y encargan temporalmente la Oficina de Asesoria Juridica de la Agencia Peruana de Cooperacion Internacional - APCI al Director de la Direccion de Fiscalizacion y Supervision,https://epdoc2.elperuano.pe/EpPo/DescargaINDA.asp?Referencias=NDNVTlVOVU5VTllCVkJZQlRNTEhZQkxIOVdfX1dWUzhUTVRNWVhMSExI,20240630
20240605,2295132-1,COMISION NACIONAL PARA EL DESARROLLO Y VIDA SIN DROGAS,RESOLUCION,No 000123-2024-DV-PE,Autorizan transferencia financiera para financiar actividad a favor de la Municipalidad Provincial de Trujillo,https://epdoc2.elperuano.pe/EpPo/DescargaINDA.asp?Referencias=NDNVTlVOVU5VTllCVkJZQlRNTEhZQkxIOVdfX0xIUzg5V1VOWVhMSExI,20240630
20240605,2294966-1,ORGANISMO SUPERVISOR DE LA INVERSIoN EN ENERGiA Y MINERiA,RESOLUCION,No 027-2024-OS/GRT,Aprueban los costos administrativos y operativos del FISE de las Distribuidoras Electricas en sus actividades vinculadas con el descuento en la compra del balon de gas al mes de marzo de 2024,https://epdoc2.elperuano.pe/EpPo/DescargaINDA.asp?Referencias=NDNVTlVOVU5VTllCVkJZQlRNTEhZQkxIOVdfX1ZCVkJZWFRNWVhMSExI,20240630
20240605,2294639-1,SUPERINTENDENCIA NACIONAL DE SERVICIOS DE SANEAMIENTO,RESOLUCION,No 00030-2024-SUNASS-CD,Aprueban el nuevo porcentaje que EPS NOR PUNO S.A. debera destinar al Fondo de Inversiones,https://epdoc2.elperuano.pe/EpPo/DescargaINDA.asp?Referencias=NDNVTlVOVU5VTllCVkJZQlRNTEhZQkxIOVdfX1lYUzhWQlRNWVhMSExI,20240630
20240605,2294649-1,SUPERINTENDENCIA NACIONAL DE SERVICIOS DE SANEAMIENTO,RESOLUCION,No 00027-2024-SUNASS-CD,Aprueban formula tarifaria estructura tarifaria y metas de gestion asi como los costos maximos de las unidades de medida de las actividades requeridas para determinar el precio de los servicios colaterales que se aplican a EPS SEDAJULIACA S.A. para el periodo regulatorio 2025-2029,https://epdoc2.elperuano.pe/EpPo/DescargaINDA.asp?Referencias=NDNVTlVOVU5VTllCVkJZQlRNTEhZQkxIOVdfX1lYVE1WQlRNWVhMSExI,20240630
20240605,2294657-1,SUPERINTENDENCIA NACIONAL DE SERVICIOS DE SANEAMIENTO,RESOLUCION,No 028-2024-SUNASS-CD,Aprueban el nuevo porcentaje que EPS SEDAJULIACA S.A. debera destinar al Fondo de Inversiones,https://epdoc2.elperuano.pe/EpPo/DescargaINDA.asp?Referencias=NDNVTlVOVU5VTllCVkJZQlRNTEhZQkxIOVdfX1dWVU5WQlRNWVhMSExI,20240630
20240605,2294675-1,SUPERINTENDENCIA NACIONAL DE SERVICIOS DE SANEAMIENTO,RESOLUCION,No 00029-2024-SUNASS-CD,Aprueban formula tarifaria estructura tarifaria y metas de gestion asi como los costos maximos de las unidades de medida de las actividades requeridas para determinar el precio de los servicios colaterales que se aplican a EPS NOR PUNO S.A. para el periodo regulatorio 2025-2029,https://epdoc2.elperuano.pe/EpPo/DescargaINDA.asp?Referencias=NDNVTlVOVU5VTllCVkJZQlRNTEhZQkxIOVdfX1VOV1ZWQlRNWVhMSExI,20240630
20240605,2295070-1,AGENCIA DE PROMOCIoN DE LA INVERSIoN PRIVADA,RESOLUCION,No 046-2024,Aprueban el Plan Estrategico Institucional - PEI 2024 - 2030 de la Agencia de Promocion de la Inversion Privada - PROINVERSIoN,https://epdoc2.elperuano.pe/EpPo/DescargaINDA.asp?Referencias=NDNVTlVOVU5VTllCVkJZQlRNTEhZQkxIOVdfX1lCV1ZZQlVOWVhMSExI,20240630
20240605,2295099-1,AGENCIA DE PROMOCIoN DE LA INVERSIoN PRIVADA,RESOLUCION,No 27-2024/DEP.88,Aprueban la Incorporacion al proceso de promocion de la inversion privada del Proyecto Banda de Frecuencias 26 GHz (25.9 - 26.7 GHz) y dictan otras disposiciones,https://epdoc2.elperuano.pe/EpPo/DescargaINDA.asp?Referencias=NDNVTlVOVU5VTllCVkJZQlRNTEhZQkxIOVdfX1lYWVhZQlVOWVhMSExI,20240630
20240605,2295068-1,COMISIoN DE PROMOCIoN DEL PERu PARA LA EXPORTACIoN Y EL TURISMO,RESOLUCION,No 000093-2024-PROMPERU/PE,Disponen el desplazamiento de tres (3) Consejeros Economicos Comerciales a Mexico Chile y Colombia,https://epdoc2.elperuano.pe/EpPo/DescargaINDA.asp?Referencias=NDNVTlVOVU5VTllCVkJZQlRNTEhZQkxIOVdfX1hDVkJZQlVOWVhMSExI,20240630
20240605,2295106-1,INSTITUTO NACIONAL DE ESTADISTICA E INFORMATICA,RESOLUCION JEFATURAL,No 139-2024-INEI,Disponen que se integre a la Comision Tecnica para la Aprobacion de los indices Unificados de Precios de la Construccion a los nuevos representantes del Viceministerio de Vivienda y Urbanismo del Ministerio de Vivienda Construccion y Saneamiento,https://epdoc2.elperuano.pe/EpPo/DescargaINDA.asp?Referencias=NDNVTlVOVU5VTllCVkJZQlRNTEhZQkxIOVdfX1ZCWUI5V1VOWVhMSExI,20240630
20240605,2295107-1,INSTITUTO NACIONAL DE ESTADISTICA E INFORMATICA,RESOLUCION JEFATURAL,No 140-2024-INEI,indices Unificados de Precios de la Construccion para las seis (6) areas Geograficas correspondientes al mes de mayo de 2024,https://epdoc2.elperuano.pe/EpPo/DescargaINDA.asp?Referencias=NDNVTlVOVU5VTllCVkJZQlRNTEhZQkxIOVdfX1dWWUI5V1VOWVhMSExI,20240630
20240605,2295147-1,OFICINA DE NORMALIZACION PREVISIONAL,RESOLUCION JEFATURAL,No 000066-2024-JF-ONP,Autorizan Transferencia Financiera a favor de la Contraloria General de la Republica,https://epdoc2.elperuano.pe/EpPo/DescargaINDA.asp?Referencias=NDNVTlVOVU5VTllCVkJZQlRNTEhZQkxIOVdfX1dWVE05V1VOWVhMSExI,20240630
20240605,2295136-1,ORGANISMO DE EVALUACION Y FISCALIZACION AMBIENTAL,RESOLUCION,No 00086-2024-OEFA/PCD,Designan Jefe de la Oficina de Tecnologias de la Informacion del OEFA,https://epdoc2.elperuano.pe/EpPo/DescargaINDA.asp?Referencias=NDNVTlVOVU5VTllCVkJZQlRNTEhZQkxIOVdfX1ZCUzg5V1VOWVhMSExI,20240630
20240605,2295207-1,ORGANISMO TeCNICO DE LA ADMINISTRACIoN DE LOS SERVICIOS DE SANEAMIENTO,RESOLUCION DIRECTORAL,No 000059-2024-OTASS-DE,Designan Gerente de Ingenieria Proyectos y Medio Ambiente de la Unidad Ejecutora 002 Servicios de Saneamiento Tumbes,https://epdoc2.elperuano.pe/EpPo/DescargaINDA.asp?Referencias=NDNVTlVOVU5VTllCVkJZQlRNTEhZQkxIOVdfX1dWWUJMSFVOWVhMSExI,20240630
20240605,2294826-1,PROCURADURiA GENERAL DEL ESTADO,RESOLUCION,No D000402-2024-JUS/PGE-PG,Designan Asesora II de la Presidencia Ejecutiva de la Procuraduria General del Estado,https://epdoc2.elperuano.pe/EpPo/DescargaINDA.asp?Referencias=NDNVTlVOVU5VTllCVkJZQlRNTEhZQkxIOVdfX1ZCTEhYQ1RNWVhMSExI,20240630
20240605,2294847-1,SERVICIO NACIONAL DE AREAS NATURALES PROTEGIDAS POR EL ESTADO,RESOLUCION,No 000105-2024-SERNANP/J-SGD,Modifican la Resolucion Presidencial No 000003-2024-SERNANP/J-SGD que delego facultades a diversos funcionarios del SERNANP,https://epdoc2.elperuano.pe/EpPo/DescargaINDA.asp?Referencias=NDNVTlVOVU5VTllCVkJZQlRNTEhZQkxIOVdfX1dWVE1YQ1RNWVhMSExI,20240630
20240605,2294825-1,SUPERINTENDENCIA DEL MERCADO DE VALORES,RESOLUCION,No 077-2024-SMV/10.2,Otorgan a Banco Santander S.A. y Santander Holding Internacional S.A. la autorizacion de organizacion de una empresa administradora de fondos colectivos denominada Santander Empresa Administradora de Fondos Colectivos S.A. - Santander EAFC S.A.,https://epdoc2.elperuano.pe/EpPo/DescargaINDA.asp?Referencias=NDNVTlVOVU5VTllCVkJZQlRNTEhZQkxIOVdfX1VOTEhYQ1RNWVhMSExI,20240630
20240605,2295197-1,SUPERINTENDENCIA NACIONAL DE CONTROL DE SERVICIOS DE SEGURIDAD  ARMAS  MUNICIONES Y EXPLOSIVOS DE USO CIVIL,RESOLUCION,No 01857-2024-SUCAMEC-GEPP,Aprueban modificacion del Catalogo de Explosivos y Materiales Relacionados controlados por la SUCAMEC,https://epdoc2.elperuano.pe/EpPo/DescargaINDA.asp?Referencias=NDNVTlVOVU5VTllCVkJZQlRNTEhZQkxIOVdfX1dWWVg5V1VOWVhMSExI,20240630
20240605,2295163-1,SUPERINTENDENCIA NACIONAL DE FISCALIZACIoN LABORAL,RESOLUCION,No 000118-2024-SUNAFIL,Designan Intendente Regional de la Intendencia Regional de Ayacucho de la SUNAFIL,https://epdoc2.elperuano.pe/EpPo/DescargaINDA.asp?Referencias=NDNVTlVOVU5VTllCVkJZQlRNTEhZQkxIOVdfX1M4VkI5V1VOWVhMSExI,20240630
20240605,2294670-1,CORTES SUPERIORES DE JUSTICIA,RESOLUCION ADMINISTRATIVA,No 000373-2024-P-CSNJPE-PJ,Encargan el Despacho de la Presidencia de la Corte Superior Nacional de Justicia Penal Especializada a jueza superior,https://epdoc2.elperuano.pe/EpPo/DescargaINDA.asp?Referencias=NDNVTlVOVU5VTllCVkJZQlRNTEhZQkxIOVdfX1lCV1ZWQlRNWVhMSExI,20240630
20240605,2289592-1,INSTITUCIONES EDUCATIVAS,RESOLUCION,No 140-2024-UNAJMA/CU,Expiden duplicado de diploma del grado academico de bachiller en Ingenieria de Sistemas de la Universidad Nacional Jose Maria Arguedas,https://epdoc2.elperuano.pe/EpPo/DescargaINDA.asp?Referencias=NDNVTlVOVU5VTllCVkJZQlRNTEhZQkxIOVdfX0xIWVhVTllYWENMSExI,20240630
20240605,2294869-1,INSTITUCIONES EDUCATIVAS,RESOLUCION,No 064-2024-UNDC/CO-P,Autorizan transferencia financiera de la Universidad Nacional de Canete a favor de la Contraloria General de la Republica,https://epdoc2.elperuano.pe/EpPo/DescargaINDA.asp?Referencias=NDNVTlVOVU5VTllCVkJZQlRNTEhZQkxIOVdfX1lYVkJYQ1RNWVhMSExI,20240630
20240605,2294894-1,INSTITUCIONES EDUCATIVAS,RESOLUCION,No 008033-2024-R/UNMSM,Ratifican resolucion que autoriza viaje de Decano de la Facultad de Ciencias Contables de la Universidad Nacional Mayor de San Marcos a Bolivia en comision de servicios,https://epdoc2.elperuano.pe/EpPo/DescargaINDA.asp?Referencias=NDNVTlVOVU5VTllCVkJZQlRNTEhZQkxIOVdfX1RNWVhYQ1RNWVhMSExI,20240630
20240605,2295205-1,MINISTERIO PUBLICO,RESOLUCION,No 1336-2024-MP-FN,Dan por concluido el nombramiento de fiscal adjunto provincial provisional del Distrito Fiscal de Huaura,https://epdoc2.elperuano.pe/EpPo/DescargaINDA.asp?Referencias=NDNVTlVOVU5VTllCVkJZQlRNTEhZQkxIOVdfX1VOWUJMSFVOWVhMSExI,20240630
20240605,2295140-1,REGISTRO NACIONAL DE IDENTIFICACION Y ESTADO CIVIL,RESOLUCION JEFATURAL,No 000092-2024/JNAC/RENIEC,Designan Jefa de la Unidad de Logistica de la Oficina de Administracion y Finanzas del RENIEC,https://epdoc2.elperuano.pe/EpPo/DescargaINDA.asp?Referencias=NDNVTlVOVU5VTllCVkJZQlRNTEhZQkxIOVdfX1lCVE05V1VOWVhMSExI,20240630
20240605,2295152-1,GOBIERNO REGIONAL DE LAMBAYEQUE,ORDENANZA,No 000006-2024-GR. LAMB/CR [4648082 - 6],Aprueban el instrumento de gestion denominado la Politica Ambiental Regional Lambayeque al 2030,https://epdoc2.elperuano.pe/EpPo/DescargaINDA.asp?Referencias=NDNVTlVOVU5VTllCVkJZQlRNTEhZQkxIOVdfX0xIVU45V1VOWVhMSExI,20240630
20240605,2289282-1,GOBIERNO REGIONAL DE MADRE DE DIOS,ORDENANZA,No 030-2023-RMDD/CR,Declaran de necesidad publica y prioridad regional la creacion de la Empresa Regional de Servicio Publico de Electricidad de Madre de Dios (ELECTRO MADRE DE DIOS),https://epdoc2.elperuano.pe/EpPo/DescargaINDA.asp?Referencias=NDNVTlVOVU5VTllCVkJZQlRNTEhZQkxIOVdfX0xIWENMSFlYWENMSExI,20240630
20240605,2289685-1,GOBIERNO REGIONAL DE MADRE DE DIOS,ORDENANZA,No 017-2024-RMDD/CR,Crean la Comision Regional Anticorrupcion de Madre de Dios (CRA-MDD),https://epdoc2.elperuano.pe/EpPo/DescargaINDA.asp?Referencias=NDNVTlVOVU5VTllCVkJZQlRNTEhZQkxIOVdfX1VOWENWQllYWENMSExI,20240630
20240605,2294123-1,MUNICIPALIDAD DE CHORRILLOS,Decretos de Alcaldia,No 000007-2024-MDCH/ALC,Prorrogan vigencia de la Ordenanza No 478-MDCH que establecio incentivos tributarios con caracter excepcional a los contribuyentes del distrito de Chorrillos,https://epdoc2.elperuano.pe/EpPo/DescargaINDA.asp?Referencias=NDNVTlVOVU5VTllCVkJZQlRNTEhZQkxIOVdfX1M4TEg5V1RNWVhMSExI,20240630
20240605,2293915-1,MUNICIPALIDAD DE CHORRILLOS,Ordenanzas,No 484-MDCH,Ordenanza que regula la celebracion del Matrimonio Civil Comunitario 2024,https://epdoc2.elperuano.pe/EpPo/DescargaINDA.asp?Referencias=NDNVTlVOVU5VTllCVkJZQlRNTEhZQkxIOVdfX1VOOVdZWFM4WVhMSExI,20240630
20240605,2295353-1,MUNICIPALIDAD DE LURIN,ORDENANZA,No 499-2024/MDL,Ordenanza que regula el pago de deudas tributarias y no tributarias con bienes o servicios,https://epdoc2.elperuano.pe/EpPo/DescargaINDA.asp?Referencias=NDNVTlVOVU5VTllCVkJZQlRNTEhZQkxIOVdfX1M4VU5TOFVOWVhMSExI,20240630
20240605,2293824-1,MUNICIPALIDAD DE SAN JUAN DE MIRAFLORES,ORDENANZA,No 517/MDSJM,Ordenanza que aprueba el Reglamento para el Proceso del Presupuesto Participativo de los Municipios Escolares para el Ano Fiscal 2025 en el distrito de San Juan de Miraflores,https://epdoc2.elperuano.pe/EpPo/DescargaINDA.asp?Referencias=NDNVTlVOVU5VTllCVkJZQlRNTEhZQkxIOVdfX1RNTEhYQ1M4WVhMSExI,20240630
20240605,2291322-1,MUNICIPALIDAD DE SANTA MARIA DEL MAR,ORDENANZA,No 006-2024-MDSMM,Ordenanza Municipal que aprueba la creacion del Servicio de Serenazgo en el distrito de Santa Maria del Mar adecuandose a la Ley No 31297,https://epdoc2.elperuano.pe/EpPo/DescargaINDA.asp?Referencias=NDNVTlVOVU5VTllCVkJZQlRNTEhZQkxIOVdfX0xITEhTODlXWVhMSExI,20240630
20240605,2294990-1,MUNICIPALIDAD DE SANTIAGO DE SURCO,ACUERDO,No 045-2024-ACSS,Aprueban Licencia solicitada por el Alcalde por motivos personales y encargan el Despacho de Alcaldia,https://epdoc2.elperuano.pe/EpPo/DescargaINDA.asp?Referencias=NDNVTlVOVU5VTllCVkJZQlRNTEhZQkxIOVdfX1lCWVhZWFRNWVhMSExI,20240630
20240605,2294718-1,MUNICIPALIDAD PROVINCIAL DEL CALLAO,DECRETO DE ALCALDIA,No 12-2024-ALC/MPC,Aprueban modificacion del Manual de Operaciones del organo Desconcentrado del Sistema de Servicios a la Ciudad y Proteccion del Medio Ambiente,https://epdoc2.elperuano.pe/EpPo/DescargaINDA.asp?Referencias=NDNVTlVOVU5VTllCVkJZQlRNTEhZQkxIOVdfX1hDOVdXVlRNWVhMSExI,20240630
20240605,2289146-1,MUNICIPALIDAD PROVINCIAL DE MARISCAL NIETO,ORDENANZA,No 019-2023-MPMN,Establecen zonas rigidas zona de estacionamiento vehicular y sentido de vias en el Cercado de Moquegua y alrededores de la ciudad de Moquegua,https://epdoc2.elperuano.pe/EpPo/DescargaINDA.asp?Referencias=NDNVTlVOVU5VTllCVkJZQlRNTEhZQkxIOVdfX1ZCVE05V1lYWENMSExI,20240630
20240605,2294812-1,MUNICIPALIDAD PROVINCIAL DE ISLAY,ORDENANZA,No 541-MPI,Ordenanza que aprueba el Reglamento de Audiencias Publicas de Rendicion de Cuentas 2024 de la Municipalidad Provincial de Islay,https://epdoc2.elperuano.pe/EpPo/DescargaINDA.asp?Referencias=NDNVTlVOVU5VTllCVkJZQlRNTEhZQkxIOVdfX0xIOVdYQ1RNWVhMSExI,20240630
20240605,2294961-1,ORGANISMO SUPERVISOR DE LA INVERSIoN EN INFRAESTRUCTURA DE TRANSPORTE DE USO PuBLICO,RESOLUCION,No 0033-2024-PD-OSITRAN,Aprueban informe y disponen la publicacion del Proyecto de resolucion que aprueba la propuesta de revision tarifaria del factor de productividad del Terminal Portuario de Paita periodo 2024-2029,https://epdoc2.elperuano.pe/EpPo/DescargaINDA.asp?Referencias=NDNVTlVOVU5VTllCVkJZQlRNTEhZQkxIOVdfXzlXVkJZWFRNWVhMSExI,20240630
20240604,2295089-1,CONGRESO DE LA REPUBLICA,LEY,No 32041,Ley que dispone la implementacion de los sistemas de gestion de calidad (SGC) ISO 9000 ISO 9001 e ISO 9004 en las empresas prestadoras de servicios de saneamiento (EPS),https://epdoc2.elperuano.pe/EpPo/DescargaINDA.asp?Referencias=NDNUTVRNVE1UTVlCVkJZQlRNTEhZQkxIOVdfX1lYWENZQlVOWVhMSExI,20240630
20240604,2295089-2,CONGRESO DE LA REPUBLICA,LEY,No 32042,Ley que declara de interes nacional la promocion implementacion y desarrollo de la ruta geoturistica del volcan Huaynaputina en el departamento de Moquegua y la promocion de la ruta geoturistica del pantano de Llochegua en el departamento de Ayacucho,https://epdoc2.elperuano.pe/EpPo/DescargaINDA.asp?Referencias=NDNUTVRNVE1UTVlCVkJZQlRNTEhZQkxITEhfX1lYWENZQlVOWVhMSExI,20240630
20240604,2295208-1,PRESIDENCIA DEL CONSEJO DE MINISTROS,DECRETO SUPREMO,No 056-2024-PCM,Decreto Supremo que prorroga el Estado de Emergencia en distritos de las provincias de Huanta y La Mar del departamento de Ayacucho  de la provincia de Tayacaja del departamento de Huancavelica  de la provincia de La Convencion del departamento de Cusco  y de las provincias de Satipo Concepcion y Huancayo del departamento de Junin,https://epdoc2.elperuano.pe/EpPo/DescargaINDA.asp?Referencias=NDNUTVRNVE1UTVlCVkJZQlRNTEhZQkxIOVdfX1hDWUJMSFVOWVhMSExI,20240630
20240604,2294564-1,PRESIDENCIA DEL CONSEJO DE MINISTROS,RESOLUCION JEFATURAL,No 004-2024-OEDI-JEF,Aprueban modelos de convenios a ser suscritos entre el OEDI con los gobiernos regionales y los gobiernos locales,https://epdoc2.elperuano.pe/EpPo/DescargaINDA.asp?Referencias=NDNUTVRNVE1UTVlCVkJZQlRNTEhZQkxIOVdfX1RNVkJVTlRNWVhMSExI,20240630
20240604,2294773-1,DESARROLLO AGRARIO Y RIEGO,RESOLUCION MINISTERIAL,No 0198-2024-MIDAGRI,Aprueban el Programa Operativo Anual 2024 del Plan Estadistico Agrario Nacional 2022-2026 del Sistema Integrado de Estadistica Agraria,https://epdoc2.elperuano.pe/EpPo/DescargaINDA.asp?Referencias=NDNUTVRNVE1UTVlCVkJZQlRNTEhZQkxIOVdfX1M4V1ZXVlRNWVhMSExI,20240630
20240604,2294779-1,DESARROLLO AGRARIO Y RIEGO,RESOLUCION MINISTERIAL,No 0200-2024-MIDAGRI,Designan Director de la Direccion de Estadistica e Informacion Agraria,https://epdoc2.elperuano.pe/EpPo/DescargaINDA.asp?Referencias=NDNUTVRNVE1UTVlCVkJZQlRNTEhZQkxIOVdfX1lYV1ZXVlRNWVhMSExI,20240630
20240604,2294719-1,DESARROLLO E INCLUSIoN SOCIAL,RESOLUCION,No D000410-2024-MIDIS/PNAEQW-DE,Designan Jefe de la Unidad de Tecnologias de la Informacion del Programa Nacional de Alimentacion Escolar Qali Warma,https://epdoc2.elperuano.pe/EpPo/DescargaINDA.asp?Referencias=NDNUTVRNVE1UTVlCVkJZQlRNTEhZQkxIOVdfX1lYOVdXVlRNWVhMSExI,20240630
20240604,2294726-1,DESARROLLO E INCLUSIoN SOCIAL,RESOLUCION,No D000412-2024-MIDIS/PNAEQW-DE,Designan Jefa de la Unidad de Supervision Monitoreo y Evaluacion del Programa Nacional de Alimentacion Escolar Qali Warma,https://epdoc2.elperuano.pe/EpPo/DescargaINDA.asp?Referencias=NDNUTVRNVE1UTVlCVkJZQlRNTEhZQkxIOVdfX1ZCTEhXVlRNWVhMSExI,20240630
20240604,2294799-1,DESARROLLO E INCLUSIoN SOCIAL,RESOLUCION,No 113-2024-FONCODES/DE,Designan Jefe de la Unidad Territorial Pasco del FONCODES,https://epdoc2.elperuano.pe/EpPo/DescargaINDA.asp?Referencias=NDNUTVRNVE1UTVlCVkJZQlRNTEhZQkxIOVdfX1lYWVhXVlRNWVhMSExI,20240630
20240604,2294732-1,EDUCACION,RESOLUCION MINISTERIAL,No 278-2024-MINEDU,Designan Secretario de Planificacion Estrategica,https://epdoc2.elperuano.pe/EpPo/DescargaINDA.asp?Referencias=NDNUTVRNVE1UTVlCVkJZQlRNTEhZQkxIOVdfX0xIUzhXVlRNWVhMSExI,20240630
20240604,2294756-1,EDUCACION,RESOLUCION MINISTERIAL,No 279-2024-MINEDU,Autorizan Transferencia Financiera del Pliego 010: M. de Educacion Unidad Ejecutora 026: Programa Educacion Basica para Todos a favor del Instituto Nacional de Estadistica e Informatica (INEI),https://epdoc2.elperuano.pe/EpPo/DescargaINDA.asp?Referencias=NDNUTVRNVE1UTVlCVkJZQlRNTEhZQkxIOVdfX1ZCVU5XVlRNWVhMSExI,20240630
20240604,2294682-1,ENERGIA Y MINAS,RESOLUCION MINISTERIAL,No 227-2024-MINEM/DM,Declaran en situacion de emergencia o grave deficiencia del servicio electrico al Sistema Bagua - Jaen - San Ignacio y designan a la empresa publica Electro Oriente S.A. para que se encargue de efectuar la implementacion de las medidas temporales que permitan superar la situacion,https://epdoc2.elperuano.pe/EpPo/DescargaINDA.asp?Referencias=NDNUTVRNVE1UTVlCVkJZQlRNTEhZQkxIOVdfX0xIWENWQlRNWVhMSExI,20240630
20240604,2294716-1,ENERGIA Y MINAS,RESOLUCION MINISTERIAL,No 225-2024-MINEM/DM,Aprueban lista de bienes y servicios cuya adquisicion otorgara el derecho a la devolucion del IGV e Impuesto de Promocion Municipal a favor de la empresa CORPORACIoN MINERA CENTAURO S.A.C. durante la fase de exploracion del proyecto minero Quicay II,https://epdoc2.elperuano.pe/EpPo/DescargaINDA.asp?Referencias=NDNUTVRNVE1UTVlCVkJZQlRNTEhZQkxIOVdfX1ZCOVdXVlRNWVhMSExI,20240630
20240604,2293159-1,PRODUCE,RESOLUCION DIRECTORAL,No 010-2024-INACAL/DN,Aprueban 22 Normas Tecnicas Peruanas y textos afines referentes a cilindros para gases pinturas y barnices cacao y chocolate inocuidad de los alimentos cafe leche y productos lacteos acuicultura cemento concreto y otros,https://epdoc2.elperuano.pe/EpPo/DescargaINDA.asp?Referencias=NDNUTVRNVE1UTVlCVkJZQlRNTEhZQkxIOVdfX1lYVU45V1M4WVhMSExI,20240630
20240604,2294519-1,PRODUCE,RESOLUCION MINISTERIAL,No 000235-2024-PRODUCE,Renuevan designacion de Director Ejecutivo del Programa Nacional de Desarrollo Tecnologico e Innovacion - PROINNOVATE,https://epdoc2.elperuano.pe/EpPo/DescargaINDA.asp?Referencias=NDNUTVRNVE1UTVlCVkJZQlRNTEhZQkxIOVdfX1lYOVdVTlRNWVhMSExI,20240630
20240604,2294460-1,TRABAJO Y PROMOCION DEL EMPLEO,RESOLUCION MINISTERIAL,No 094-2024-TR,Autorizan el pago de la compensacion economica prevista en el articulo 3 de la Ley No 27803 en favor de beneficiarios comprendidos en el Registro Nacional de Trabajadores Cesados Irregularmente y que optaron por dicho beneficio,https://epdoc2.elperuano.pe/EpPo/DescargaINDA.asp?Referencias=NDNUTVRNVE1UTVlCVkJZQlRNTEhZQkxIOVdfX1lCVkJUTVRNWVhMSExI,20240630
20240604,2294688-1,SUPERINTENDENCIA DE TRANSPORTE TERRESTRE DE PERSONAS  CARGA Y MERCANCIAS,RESOLUCION,No D000029-2024-SUTRAN-CD,Designan Subgerente de la Subgerencia de Fiscalizacion de los Servicios a Conductores de la Gerencia de Supervision y Fiscalizacion de la SUTRAN,https://epdoc2.elperuano.pe/EpPo/DescargaINDA.asp?Referencias=NDNUTVRNVE1UTVlCVkJZQlRNTEhZQkxIOVdfX1hDWENWQlRNWVhMSExI,20240630
20240604,2294692-1,SUPERINTENDENCIA DE TRANSPORTE TERRESTRE DE PERSONAS  CARGA Y MERCANCIAS,RESOLUCION,No D000033-2024-SUTRAN-CD,Designan Gerente de la Gerencia de Procedimientos y Sanciones de la SUTRAN,https://epdoc2.elperuano.pe/EpPo/DescargaINDA.asp?Referencias=NDNUTVRNVE1UTVlCVkJZQlRNTEhZQkxIOVdfX0xIWVhWQlRNWVhMSExI,20240630
20240604,2294694-1,SUPERINTENDENCIA DE TRANSPORTE TERRESTRE DE PERSONAS  CARGA Y MERCANCIAS,RESOLUCION,No D000035-2024-SUTRAN-CD,Designan Asesora de Alta Direccion en el Despacho de la Gerencia General de la SUTRAN,https://epdoc2.elperuano.pe/EpPo/DescargaINDA.asp?Referencias=NDNUTVRNVE1UTVlCVkJZQlRNTEhZQkxIOVdfX1RNWVhWQlRNWVhMSExI,20240630
20240604,2294695-1,SUPERINTENDENCIA DE TRANSPORTE TERRESTRE DE PERSONAS  CARGA Y MERCANCIAS,RESOLUCION,No D000041-2024-SUTRAN-CD,Designan Jefe de la Unidad de Tesoreria de la Oficina de Administracion de la SUTRAN,https://epdoc2.elperuano.pe/EpPo/DescargaINDA.asp?Referencias=NDNUTVRNVE1UTVlCVkJZQlRNTEhZQkxIOVdfX1VOWVhWQlRNWVhMSExI,20240630
20240604,2294696-1,SUPERINTENDENCIA DE TRANSPORTE TERRESTRE DE PERSONAS  CARGA Y MERCANCIAS,RESOLUCION,No D000043-2024-SUTRAN-CD,Designan Asesor de la Gerencia de Articulacion Territorial de la SUTRAN,https://epdoc2.elperuano.pe/EpPo/DescargaINDA.asp?Referencias=NDNUTVRNVE1UTVlCVkJZQlRNTEhZQkxIOVdfX1ZCWVhWQlRNWVhMSExI,20240630
20240604,2294448-1,AUTORIDAD DE TRANSPORTE URBANO PARA LIMA Y CALLAO,RESOLUCION,No 120-2024-ATU/PE,Designan Director de la Direccion de Asuntos Ambientales y Sociales de la ATU,https://epdoc2.elperuano.pe/EpPo/DescargaINDA.asp?Referencias=NDNUTVRNVE1UTVlCVkJZQlRNTEhZQkxIOVdfX1hDVE1UTVRNWVhMSExI,20240630
20240604,2294800-1,ORGANISMO DE EVALUACION Y FISCALIZACION AMBIENTAL,RESOLUCION,No 00004-2024-OEFA/CD,Disponen la publicacion del proyecto de Resolucion del Consejo Directivo que aprobaria el Reglamento para la gestion del Plan Anual de Evaluacion y Fiscalizacion Ambiental - PLANEFA y su exposicion de motivos en la sede digital del OEFA,https://epdoc2.elperuano.pe/EpPo/DescargaINDA.asp?Referencias=NDNUTVRNVE1UTVlCVkJZQlRNTEhZQkxIOVdfX1lCWUJYQ1RNWVhMSExI,20240630
20240604,2294638-1,SERVICIO NACIONAL DE AREAS NATURALES PROTEGIDAS POR EL ESTADO,RESOLUCION,No 000104-2024-SERNANP/J-SGD,Designan Jefa de la Oficina de Administracion del SERNANP,https://epdoc2.elperuano.pe/EpPo/DescargaINDA.asp?Referencias=NDNUTVRNVE1UTVlCVkJZQlRNTEhZQkxIOVdfX1hDUzhWQlRNWVhMSExI,20240630
20240604,2294544-1,BANCO CENTRAL DE RESERVA,CIRCULAR,No 0014-2024-BCRP,indice de reajuste diario a que se refiere el articulo 240º de la Ley General del Sistema Financiero y del Sistema de Seguros correspondiente al mes de junio de 2024,https://epdoc2.elperuano.pe/EpPo/DescargaINDA.asp?Referencias=NDNUTVRNVE1UTVlCVkJZQlRNTEhZQkxIOVdfX1RNVE1VTlRNWVhMSExI,20240630
20240604,2294740-1,CONTRALORIA GENERAL DE LA REPUBLICA,RESOLUCION,No 268-2024-CG,Designan Jefe del organo de Control Institucional de la Municipalidad Provincial de Ascope,https://epdoc2.elperuano.pe/EpPo/DescargaINDA.asp?Referencias=NDNUTVRNVE1UTVlCVkJZQlRNTEhZQkxIOVdfX1lCVE1XVlRNWVhMSExI,20240630
20240604,2294467-1,INSTITUCIONES EDUCATIVAS,RESOLUCION,No 0376-2024-R-UNALM,Autorizan viaje de docente de la Universidad Nacional Agraria La Molina a Espana en comision de servicios,https://epdoc2.elperuano.pe/EpPo/DescargaINDA.asp?Referencias=NDNUTVRNVE1UTVlCVkJZQlRNTEhZQkxIOVdfX1dWVkJUTVRNWVhMSExI,20240630
20240604,2294500-1,INSTITUCIONES EDUCATIVAS,RESOLUCION,No 052-CU-2024,Suspenden los efectos de la Resolucion de Consejo Universitario No 626-CU-2023 de la Universidad Nacional de Piura respecto de los Procedimientos de Pregrado  y dictan otras disposiciones,https://epdoc2.elperuano.pe/EpPo/DescargaINDA.asp?Referencias=NDNUTVRNVE1UTVlCVkJZQlRNTEhZQkxIOVdfX1lCWUJVTlRNWVhMSExI,20240630
20240604,2294705-1,MINISTERIO PUBLICO,RESOLUCION,No 1318-2024-MP-FN,Cesan por motivo de fallecimiento a fiscal adjunto provincial provisional del Distrito Fiscal de Madre de Dios,https://epdoc2.elperuano.pe/EpPo/DescargaINDA.asp?Referencias=NDNUTVRNVE1UTVlCVkJZQlRNTEhZQkxIOVdfX1VOWUJXVlRNWVhMSExI,20240630
20240604,2294707-1,MINISTERIO PUBLICO,RESOLUCION,No 1319-2024-MP-FN,Nombran fiscal adjunto provincial provisional del Distrito Fiscal de Lima Centro,https://epdoc2.elperuano.pe/EpPo/DescargaINDA.asp?Referencias=NDNUTVRNVE1UTVlCVkJZQlRNTEhZQkxIOVdfX1dWWUJXVlRNWVhMSExI,20240630
20240604,2294708-1,MINISTERIO PUBLICO,RESOLUCION,No 1320-2024-MP-FN,Nombran fiscal adjunta provincial provisional del Distrito Fiscal de Madre de Dios,https://epdoc2.elperuano.pe/EpPo/DescargaINDA.asp?Referencias=NDNUTVRNVE1UTVlCVkJZQlRNTEhZQkxIOVdfX1hDWUJXVlRNWVhMSExI,20240630
20240604,2294709-1,MINISTERIO PUBLICO,RESOLUCION,No 1321-2024-MP-FN,Nombran fiscal adjunta provincial provisional del Distrito Fiscal del Callao,https://epdoc2.elperuano.pe/EpPo/DescargaINDA.asp?Referencias=NDNUTVRNVE1UTVlCVkJZQlRNTEhZQkxIOVdfX1lYWUJXVlRNWVhMSExI,20240630
20240604,2294711-1,MINISTERIO PUBLICO,RESOLUCION,No 1323-2024-MP-FN,Nombran fiscal adjunto provincial provisional del Distrito Fiscal de Lima Centro,https://epdoc2.elperuano.pe/EpPo/DescargaINDA.asp?Referencias=NDNUTVRNVE1UTVlCVkJZQlRNTEhZQkxIOVdfXzlXOVdXVlRNWVhMSExI,20240630
20240604,2294712-1,MINISTERIO PUBLICO,RESOLUCION,No 1322-2024-MP-FN,Nombran fiscal adjunto provincial provisional del Distrito Fiscal de Lima Este,https://epdoc2.elperuano.pe/EpPo/DescargaINDA.asp?Referencias=NDNUTVRNVE1UTVlCVkJZQlRNTEhZQkxIOVdfX0xIOVdXVlRNWVhMSExI,20240630
20240604,2294714-1,MINISTERIO PUBLICO,RESOLUCION,No 1324-2024-MP-FN,Nombran fiscal adjunto provincial provisional del Distrito Fiscal de Apurimac,https://epdoc2.elperuano.pe/EpPo/DescargaINDA.asp?Referencias=NDNUTVRNVE1UTVlCVkJZQlRNTEhZQkxIOVdfX1RNOVdXVlRNWVhMSExI,20240630
20240604,2294717-1,MINISTERIO PUBLICO,RESOLUCION,No 1325-2024-MP-FN,Nombran fiscal adjunta provincial provisional del Distrito Fiscal de San Martin,https://epdoc2.elperuano.pe/EpPo/DescargaINDA.asp?Referencias=NDNUTVRNVE1UTVlCVkJZQlRNTEhZQkxIOVdfX1dWOVdXVlRNWVhMSExI,20240630
20240604,2294509-1,REGISTRO NACIONAL DE IDENTIFICACION Y ESTADO CIVIL,RESOLUCION JEFATURAL,No 000090-2024/JNAC/RENIEC,Disponen el cierre del Padron Electoral a nivel nacional para efecto del desarrollo del proceso de Consulta Popular de Revocatoria 2025 correspondiente al periodo de gobierno regional y municipal 2023 - 2026  y dictan otras disposiciones,https://epdoc2.elperuano.pe/EpPo/DescargaINDA.asp?Referencias=NDNUTVRNVE1UTVlCVkJZQlRNTEhZQkxIOVdfX1lYWUJVTlRNWVhMSExI,20240630
20240604,2294510-1,REGISTRO NACIONAL DE IDENTIFICACION Y ESTADO CIVIL,RESOLUCION JEFATURAL,No 000091-2024/JNAC/RENIEC,Aprueban el Plan Operativo Institucional (POI) Multianual 2025 - 2027 del Registro Nacional de Identificacion y Estado Civil - RENIEC,https://epdoc2.elperuano.pe/EpPo/DescargaINDA.asp?Referencias=NDNUTVRNVE1UTVlCVkJZQlRNTEhZQkxIOVdfX1lCOVdVTlRNWVhMSExI,20240630
20240604,2294665-1,MUNICIPALIDAD PROVINCIAL DEL CALLAO,RESOLUCION DE ALCALDIA,No 177-2024-ALC/MPC,Designan y acreditan a Ejecutor Coactivo y Auxiliar Coactivo de la Municipalidad Provincial del Callao,https://epdoc2.elperuano.pe/EpPo/DescargaINDA.asp?Referencias=NDNUTVRNVE1UTVlCVkJZQlRNTEhZQkxIOVdfX1VOVkJWQlRNWVhMSExI,20240630
20240604,2294659-1,MUNICIPALIDAD PROVINCIAL DE PISCO,ORDENANZA,No 014-2024-MPP,Ordenanza que aprueba el planeamiento integral con fines de anexion y asignacion de zonificacion y vias primarias,https://epdoc2.elperuano.pe/EpPo/DescargaINDA.asp?Referencias=NDNUTVRNVE1UTVlCVkJZQlRNTEhZQkxIOVdfX1lYVU5WQlRNWVhMSExI,20240630
20240604,2293637-1,MUNICIPALIDAD DE VENTANILLA,DECRETO DE ALCALDIA,No 06-2024/MDV-ALC,Prorrogan vigencia de la Ordenanza Municipal No 05-2024/MDV que establece beneficios para la regularizacion de deudas tributarias y no tributarias,https://epdoc2.elperuano.pe/EpPo/DescargaINDA.asp?Referencias=NDNUTVRNVE1UTVlCVkJZQlRNTEhZQkxIOVdfX1dWUzhWQlM4WVhMSExI,20240630
20240603,2294801-1,PRESIDENCIA DEL CONSEJO DE MINISTROS,DECRETO SUPREMO,No 055-2024-PCM,Decreto Supremo que prorroga el Estado de Emergencia declarado en el Corredor Vial Sur Apurimac-Cusco-Arequipa,https://epdoc2.elperuano.pe/EpPo/DescargaINDA.asp?Referencias=NDNTOFM4UzhTOFlCVkJZQlRNTEhZQkxIOVdfXzlXWUJYQ1RNWVhMSExI,20240630
20240603,2294632-1,INTERIOR,RESOLUCION MINISTERIAL,No 0714-2024-IN,Designan Directora de la Oficina de Contabilidad de la Oficina General de Administracion y Finanzas del Ministerio,https://epdoc2.elperuano.pe/EpPo/DescargaINDA.asp?Referencias=NDNTOFM4UzhTOFlCVkJZQlRNTEhZQkxIOVdfX0xIUzhWQlRNWVhMSExI,20240630
20240603,2294341-1,JUSTICIA Y DERECHOS HUMANOS,RESOLUCION MINISTERIAL,No 0133-2024-JUS,Cancelan el titulo de notario de la provincia de Sandia y departamento de Puno correspondiente al Distrito Notarial de Puno,https://epdoc2.elperuano.pe/EpPo/DescargaINDA.asp?Referencias=NDNTOFM4UzhTOFlCVkJZQlRNTEhZQkxIOVdfXzlXVE1TOFRNWVhMSExI,20240630
20240603,2294350-1,JUSTICIA Y DERECHOS HUMANOS,RESOLUCION MINISTERIAL,No 0134-2024-JUS,Aprueban el Decimo Tercer Listado de Personas Beneficiarias de la entrega economica dispuesta por el Decreto de Urgencia No 063-2020,https://epdoc2.elperuano.pe/EpPo/DescargaINDA.asp?Referencias=NDNTOFM4UzhTOFlCVkJZQlRNTEhZQkxIOVdfX1lCVU5TOFRNWVhMSExI,20240630
20240603,2294070-1,MUJER Y POBLACIONES VULNERABLES,RESOLUCION,No D000099-2024-CONADIS-PRE,Designan Directora I de la Subdireccion de Desarrollo y Servicios en Discapacidad del Consejo Nacional para la Integracion de la Persona con Discapacidad (CONADIS),https://epdoc2.elperuano.pe/EpPo/DescargaINDA.asp?Referencias=NDNTOFM4UzhTOFlCVkJZQlRNTEhZQkxIOVdfX1lCV1ZZQlRNWVhMSExI,20240630
20240603,2293151-1,PRODUCE,RESOLUCION DIRECTORAL,No 009-2024-INACAL/DN,Aprueban 5 Normas Tecnicas Peruanas y textos afines en su version 2024 correspondientes a las materias de Evaluacion de la conformidad y Gestion de la calidad e inocuidad alimentaria,https://epdoc2.elperuano.pe/EpPo/DescargaINDA.asp?Referencias=NDNTOFM4UzhTOFlCVkJZQlRNTEhZQkxIOVdfXzlXVU45V1M4WVhMSExI,20240630
20240603,2293953-1,PRODUCE,RESOLUCION MINISTERIAL,No 000226-2024-PRODUCE,Designan Directora de la Oficina de Cooperacion Tecnica y Asuntos Internacionales,https://epdoc2.elperuano.pe/EpPo/DescargaINDA.asp?Referencias=NDNTOFM4UzhTOFlCVkJZQlRNTEhZQkxIOVdfX1M4VU5ZWFM4WVhMSExI,20240630
20240603,2293981-1,PRODUCE,RESOLUCION MINISTERIAL,No 000228-2024-PRODUCE,Designan Directora de la Direccion de Supervision y Fiscalizacion,https://epdoc2.elperuano.pe/EpPo/DescargaINDA.asp?Referencias=NDNTOFM4UzhTOFlCVkJZQlRNTEhZQkxIOVdfXzlXWENZWFM4WVhMSExI,20240630
20240603,2294429-1,VIVIENDA  CONSTRUCCIoN Y SANEAMIENTO,RESOLUCION DIRECTORAL,No 142-2024/VIVIENDA/VMCS/PNSR,Designan Jefe de Unidad de la Unidad Tecnica para la Mejora de la Prestacion del Servicio del Programa Nacional de Saneamiento Rural,https://epdoc2.elperuano.pe/EpPo/DescargaINDA.asp?Referencias=NDNTOFM4UzhTOFlCVkJZQlRNTEhZQkxIOVdfX1lYTEhUTVRNWVhMSExI,20240630
20240603,2293892-1,ORGANISMO SUPERVISOR DE INVERSION PRIVADA EN TELECOMUNICACIONES,RESOLUCION,No 00140-2024-CD/OSIPTEL,Declaran infundado Recurso de Apelacion interpuesto por America Movil Peru S.A.C. contra la Resolucion No 046-2024-GG/OSIPTEL,https://epdoc2.elperuano.pe/EpPo/DescargaINDA.asp?Referencias=NDNTOFM4UzhTOFlCVkJZQlRNTEhZQkxIOVdfX0xIWVhYQ1M4WVhMSExI,20240630
20240603,2293893-1,ORGANISMO SUPERVISOR DE INVERSION PRIVADA EN TELECOMUNICACIONES,RESOLUCION,No 00142-2024-CD/OSIPTEL,Rectifican anexo del Informe No 00040-DPRC/2024 que forma parte de la Res. No 00084-2024-CD/OSIPTEL que aprobo Mandato de Interconexion entre las empresas Intermax S.A.C. y Viettel Peru S.A.C.,https://epdoc2.elperuano.pe/EpPo/DescargaINDA.asp?Referencias=NDNTOFM4UzhTOFlCVkJZQlRNTEhZQkxIOVdfX1M4WVhYQ1M4WVhMSExI,20240630
20240603,2293894-1,ORGANISMO SUPERVISOR DE INVERSION PRIVADA EN TELECOMUNICACIONES,RESOLUCION,No 00145-2024-CD/OSIPTEL,Amplian plazo para recibir comentarios al Proyecto de Norma que aprueba los Formatos para la entrega de informacion periodica en el marco del ejercicio de la funcion supervisora del Osiptel,https://epdoc2.elperuano.pe/EpPo/DescargaINDA.asp?Referencias=NDNTOFM4UzhTOFlCVkJZQlRNTEhZQkxIOVdfX1RNWVhYQ1M4WVhMSExI,20240630
20240603,2294217-1,ORGANISMO SUPERVISOR DE INVERSION PRIVADA EN TELECOMUNICACIONES,RESOLUCION,No 00141-2024-CD/OSIPTEL,Aprueban Mandato de Comparticion de Infraestructura entre la empresa Fiberred S.A.C. y Sociedad Electrica del Sur Oeste S.A.,https://epdoc2.elperuano.pe/EpPo/DescargaINDA.asp?Referencias=NDNTOFM4UzhTOFlCVkJZQlRNTEhZQkxIOVdfX1dWOVdMSFRNWVhMSExI,20240630
20240603,2294219-1,ORGANISMO SUPERVISOR DE INVERSION PRIVADA EN TELECOMUNICACIONES,RESOLUCION,No 00144-2024-CD/OSIPTEL,Aprueban Mandato de Comparticion de Infraestructura entre la empresa Agustina Servicios Generales S.A.C. y la Empresa Regional de Servicio Publico de Electricidad Electronortemedio S.A.,https://epdoc2.elperuano.pe/EpPo/DescargaINDA.asp?Referencias=NDNTOFM4UzhTOFlCVkJZQlRNTEhZQkxIOVdfX1lYOVdMSFRNWVhMSExI,20240630
20240603,2294220-1,ORGANISMO SUPERVISOR DE INVERSION PRIVADA EN TELECOMUNICACIONES,Resolucion,No 00146-2024-CD/OSIPTEL,Declaran fundado en parte el Recurso de Apelacion interpuesto por AMeRICA MoVIL PERu S.A.C. contra la Resolucion No 220-2023-GG/OSIPTEL,https://epdoc2.elperuano.pe/EpPo/DescargaINDA.asp?Referencias=NDNTOFM4UzhTOFlCVkJZQlRNTEhZQkxIOVdfX1lCTEhMSFRNWVhMSExI,20240630
20240603,2294309-1,SUPERINTENDENCIA NACIONAL DE LOS REGISTROS PUBLICOS,RESOLUCION,No 00078-2024-SUNARP/SN,Disponen la prepublicacion del proyecto Reglamento General de los Registros Publicos,https://epdoc2.elperuano.pe/EpPo/DescargaINDA.asp?Referencias=NDNTOFM4UzhTOFlCVkJZQlRNTEhZQkxIOVdfX1lYWUJTOFRNWVhMSExI,20240630
20240603,2294259-1,CONSEJO EJECUTIVO DEL PODER JUDICIAL,RESOLUCION ADMINISTRATIVA,No 000167-2024-CE-PJ,Prorrogan funcionamiento de la Primera Tercera y Cuarta Salas de Derecho Constitucional y Social Transitorias  y la Sala Penal Transitoria de la Corte Suprema de Justicia de la Republica,https://epdoc2.elperuano.pe/EpPo/DescargaINDA.asp?Referencias=NDNTOFM4UzhTOFlCVkJZQlRNTEhZQkxIOVdfX1lYVU5MSFRNWVhMSExI,20240630
20240603,2289626-1,BANCO CENTRAL DE RESERVA,RESOLUCION,No 0026-2024-BCRP-N,Autorizan mision en el exterior de Especialista en Analisis del Sistema Financiero para participar en evento a realizarse en Mexico,https://epdoc2.elperuano.pe/EpPo/DescargaINDA.asp?Referencias=NDNTOFM4UzhTOFlCVkJZQlRNTEhZQkxIOVdfX1ZCTEhWQllYWENMSExI,20240630
20240603,2293479-1,MUNICIPALIDAD DE SAN BORJA,DECRETO DE ALCALDIA,No 008-2024-MSB-A,Aprueban el documento denominado Reglamento de la Ordenanza No 715-MSB Ordenanza que aprueba la promocion de agricultura urbana en el distrito de San Borja,https://epdoc2.elperuano.pe/EpPo/DescargaINDA.asp?Referencias=NDNTOFM4UzhTOFlCVkJZQlRNTEhZQkxIOVdfX1lYV1ZUTVM4WVhMSExI,20240630
20240603,2293554-1,MUNICIPALIDAD DE SANTIAGO DE SURCO,DECRETO DE ALCALDIA,No 014-2024-MSS,Prorrogan vigencia de la Ordenanza No 686-MSS Ordenanza que Regula el Pago Voluntario de Multas Administrativas en Estado Ordinario y en Estado Coactivo con Descuento Escalonado y Condonacion de Costas Procesales,https://epdoc2.elperuano.pe/EpPo/DescargaINDA.asp?Referencias=NDNTOFM4UzhTOFlCVkJZQlRNTEhZQkxIOVdfX1RNVU5VTlM4WVhMSExI,20240630
20240603,2290078-1,MUNICIPALIDAD PROVINCIAL DE MARISCAL NIETO,ACUERDO,No 123-2024-MPMN,Autorizan viaje de alcalde a Argentina en comision de servicios,https://epdoc2.elperuano.pe/EpPo/DescargaINDA.asp?Referencias=NDNTOFM4UzhTOFlCVkJZQlRNTEhZQkxIOVdfX1hDV1ZZQllCWVhMSExI,20240630
20240603,2292621-1,MUNICIPALIDAD DISTRITAL DE AMARILIS,ACUERDO,No 098-2024-MDA/CM,Autorizan viaje de alcalde a El Salvador en comision de servicios,https://epdoc2.elperuano.pe/EpPo/DescargaINDA.asp?Referencias=NDNTOFM4UzhTOFlCVkJZQlRNTEhZQkxIOVdfXzlXTEhWQkxIWVhMSExI,20240630
20240602,2290506-1,COMERCIO EXTERIOR Y TURISMO,RESOLUCION MINISTERIAL,No 158-2024-MINCETUR,Autorizan viaje de representantes de PROMPERu para participar en evento a realizarse en Ecuador,https://epdoc2.elperuano.pe/EpPo/DescargaINDA.asp?Referencias=NDNMSExITEhMSFlCVkJZQlRNTEhZQkxIOVdfX1ZCWUJVTllCWVhMSExI,20240630
20240602,2292524-1,COMERCIO EXTERIOR Y TURISMO,RESOLUCION MINISTERIAL,No 161-2024-MINCETUR,Autorizan viaje de profesional de la Direccion de Innovacion de la Oferta Turistica para participar en eventos a realizarse en Uruguay,https://epdoc2.elperuano.pe/EpPo/DescargaINDA.asp?Referencias=NDNMSExITEhMSFlCVkJZQlRNTEhZQkxIOVdfX1RNTEhVTkxIWVhMSExI,20240630
20240602,2293829-1,COMERCIO EXTERIOR Y TURISMO,RESOLUCION MINISTERIAL,No 166-2024-MINCETUR,Autorizan viaje de representante de PROMPERu para participar en eventos a realizarse en EE.UU.,https://epdoc2.elperuano.pe/EpPo/DescargaINDA.asp?Referencias=NDNMSExITEhMSFlCVkJZQlRNTEhZQkxIOVdfX1lYTEhYQ1M4WVhMSExI,20240630
20240602,2294415-1,CULTURA,RESOLUCION MINISTERIAL,No 000226-2024-MC,Crean el Grupo de Trabajo Sectorial de naturaleza temporal para la conmemoracion y difusion del legado de Nicomedes Santa Cruz Gamarra en el marco del centenario de su nacimiento,https://epdoc2.elperuano.pe/EpPo/DescargaINDA.asp?Referencias=NDNMSExITEhMSFlCVkJZQlRNTEhZQkxIOVdfX1VOOVdUTVRNWVhMSExI,20240630
20240602,2294413-1,DESARROLLO AGRARIO Y RIEGO,RESOLUCION JEFATURAL,No 085-2024-INIA,Designan Asesora Tecnica de la Jefatura del Instituto Nacional de Innovacion Agraria,https://epdoc2.elperuano.pe/EpPo/DescargaINDA.asp?Referencias=NDNMSExITEhMSFlCVkJZQlRNTEhZQkxIOVdfX1M4OVdUTVRNWVhMSExI,20240630
20240602,2294411-1,EDUCACION,RESOLUCION MINISTERIAL,No 274-2024-MINEDU,Designan Asesor II de la Secretaria General del Ministerio de Educacion,https://epdoc2.elperuano.pe/EpPo/DescargaINDA.asp?Referencias=NDNMSExITEhMSFlCVkJZQlRNTEhZQkxIOVdfXzlXOVdUTVRNWVhMSExI,20240630
20240602,2294427-1,INTERIOR,RESOLUCION MINISTERIAL,No 0710-2024-IN,Designan Director General de la Direccion General de Inteligencia del Despacho Viceministerial de Orden Interno del Ministerio del Interior,https://epdoc2.elperuano.pe/EpPo/DescargaINDA.asp?Referencias=NDNMSExITEhMSFlCVkJZQlRNTEhZQkxIOVdfX1dWTEhUTVRNWVhMSExI,20240630
20240602,2294428-1,INTERIOR,RESOLUCION MINISTERIAL,No 0712-2024-IN,Designan Director de la Direccion de Derechos Fundamentales de la Direccion General de Seguridad Democratica del Despacho Viceministerial de Seguridad Publica del Ministerio del Interior,https://epdoc2.elperuano.pe/EpPo/DescargaINDA.asp?Referencias=NDNMSExITEhMSFlCVkJZQlRNTEhZQkxIOVdfX1hDTEhUTVRNWVhMSExI,20240630
20240602,2294425-1,TRANSPORTES Y COMUNICACIONES,RESOLUCION MINISTERIAL,No 292-2024-MTC/01.02,Reclasifican de manera definitiva Ruta Departamental o Regional de la Red Vial del departamento de Cajamarca,https://epdoc2.elperuano.pe/EpPo/DescargaINDA.asp?Referencias=NDNMSExITEhMSFlCVkJZQlRNTEhZQkxIOVdfX1VOTEhUTVRNWVhMSExI,20240630
20240602,2294426-1,TRANSPORTES Y COMUNICACIONES,RESOLUCION MINISTERIAL,No 293-2024-MTC/01.02,Aprueban el texto de la Adenda No 5 del Contrato de Concesion para el diseno financiamiento construccion del Taller de Mantenimiento mayor para los trenes nuevos y existentes (incluye las vias de acceso al mismo) en el segundo nivel del Patio Taller ubicado en Villa El Salvador provision de Material Rodante Adquirido y Explotacion del Proyecto Especial Sistema Electrico de Transporte Masivo de Lima y Callao Linea No 1 Villa El Salvador - Av. Grau - San Juan de Lurigancho,https://epdoc2.elperuano.pe/EpPo/DescargaINDA.asp?Referencias=NDNMSExITEhMSFlCVkJZQlRNTEhZQkxIOVdfX1ZCTEhUTVRNWVhMSExI,20240630
20240602,2294376-1,ORGANISMO SUPERVISOR DE INVERSION PRIVADA EN TELECOMUNICACIONES,RESOLUCION,No 00189-2024-GG/OSIPTEL,Aprueban modificacion del Manual de Clasificacion de Cargos del Organismo Supervisor de la Inversion Privada en Telecomunicaciones,https://epdoc2.elperuano.pe/EpPo/DescargaINDA.asp?Referencias=NDNMSExITEhMSFlCVkJZQlRNTEhZQkxIOVdfX1ZCV1ZTOFRNWVhMSExI,20240630
20240602,2294419-1,SUPERINTENDENCIA NACIONAL DE SERVICIOS DE SANEAMIENTO,RESOLUCION,No 098-2024-SUNASS-GG,Designan jefa de unidad de la Unidad de Abastecimiento de la Oficina de Administracion y Finanzas,https://epdoc2.elperuano.pe/EpPo/DescargaINDA.asp?Referencias=NDNMSExITEhMSFlCVkJZQlRNTEhZQkxIOVdfX1lYOVdUTVRNWVhMSExI,20240630
20240602,2294352-1,COMISIoN DE PROMOCIoN DEL PERu PARA LA EXPORTACIoN Y EL TURISMO,RESOLUCION,No 000057-2024-PROMPERU/GG,Aprueban modificacion de la Carta de Servicios de PROMPERu y el documento denominado Instructivo para la atencion a producciones audiovisuales nacionales y extranjeros en el servicio de Comision Filmica Peru (Codigo IN-DI-INV-001) version 01,https://epdoc2.elperuano.pe/EpPo/DescargaINDA.asp?Referencias=NDNMSExITEhMSFlCVkJZQlRNTEhZQkxIOVdfX0xIVU5TOFRNWVhMSExI,20240630
20240602,2293957-1,INSTITUTO NACIONAL DE DEFENSA DE LA COMPETENCIA Y DE LA PROTECCION DE LA PROPIEDAD INTELECTUAL,RESOLUCION,No 0989-2023/CEB-INDECOPI,Declaran barrera burocratica ilegal la imposicion de una vigencia determinada para las autorizaciones de elementos de publicidad exterior previo convenio celebrado con la Municipalidad materializada en el articulo 18 de la Ordenanza No 591-2023-MDB,https://epdoc2.elperuano.pe/EpPo/DescargaINDA.asp?Referencias=NDNMSExITEhMSFlCVkJZQlRNTEhZQkxIOVdfX1dWVU5ZWFM4WVhMSExI,20240630
20240602,2294371-1,ORGANISMO TeCNICO DE LA ADMINISTRACIoN DE LOS SERVICIOS DE SANEAMIENTO,RESOLUCION DIRECTORAL,No 000058-2024-OTASS-DE,Autorizan transferencia financiera a favor de EPS EMUSAP ABANCAY S.A.,https://epdoc2.elperuano.pe/EpPo/DescargaINDA.asp?Referencias=NDNMSExITEhMSFlCVkJZQlRNTEhZQkxIOVdfXzlXV1ZTOFRNWVhMSExI,20240630
20240602,2294424-1,PROCURADURiA GENERAL DEL ESTADO,RESOLUCION,No D000400-2024-JUS/PGE-PG,Designan jefa de la Unidad de Evaluacion Supervision Control y Fiscalizacion de la Oficina de Control Funcional de la Procuraduria General del Estado,https://epdoc2.elperuano.pe/EpPo/DescargaINDA.asp?Referencias=NDNMSExITEhMSFlCVkJZQlRNTEhZQkxIOVdfX1RNTEhUTVRNWVhMSExI,20240630
20240602,2292574-1,SUPERINTENDENCIA NACIONAL DE ADUANAS Y DE ADMINISTRACIoN TRIBUTARIA,RESOLUCION,No 000101-2024/SUNAT,Autorizan viaje de servidores para participar en eventos a realizarse en Belgica,https://epdoc2.elperuano.pe/EpPo/DescargaINDA.asp?Referencias=NDNMSExITEhMSFlCVkJZQlRNTEhZQkxIOVdfX1RNV1ZVTkxIWVhMSExI,20240630
20240602,2294417-1,SUPERINTENDENCIA NACIONAL DE ADUANAS Y DE ADMINISTRACIoN TRIBUTARIA,RESOLUCION,No 000096-2024-SUNAT/800000,Designan Supervisor 1 de la Division de Gestion de Servicios de la Gerencia de Mantenimiento Servicios y Patrimonio de la Intendencia Nacional de Administracion,https://epdoc2.elperuano.pe/EpPo/DescargaINDA.asp?Referencias=NDNMSExITEhMSFlCVkJZQlRNTEhZQkxIOVdfX1dWOVdUTVRNWVhMSExI,20240630
20240602,2294366-1,SUPERINTENDENCIA NACIONAL DE FISCALIZACIoN LABORAL,RESOLUCION,No 000116-2024-SUNAFIL,Designan Asesor I de Superintendencia de la SUNAFIL,https://epdoc2.elperuano.pe/EpPo/DescargaINDA.asp?Referencias=NDNMSExITEhMSFlCVkJZQlRNTEhZQkxIOVdfX1ZCVkJTOFRNWVhMSExI,20240630
20240602,2294254-1,CONSEJO EJECUTIVO DEL PODER JUDICIAL,INVESTIGACION,DEFINITIVA No 649-2022-PIURA,Imponen la medida disciplinaria de destitucion a Juez del Juzgado de Paz de unica Nominacion del Centro Poblado de Puerto Rico Bayovar - Sechura Corte Superior de Justicia de Piura,https://epdoc2.elperuano.pe/EpPo/DescargaINDA.asp?Referencias=NDNMSExITEhMSFlCVkJZQlRNTEhZQkxIOVdfX1RNVU5MSFRNWVhMSExI,20240630
20240602,2294255-1,CONSEJO EJECUTIVO DEL PODER JUDICIAL,INVESTIGACION,DEFINITIVA No 1033-2019-PIURA,Imponen la medida disciplinaria de destitucion a Juez del Juzgado de Paz de unica Nominacion del Centro Poblado de Puerto Rico distrito de Bayovar provincia de Sechura Corte Superior de Justicia de Piura,https://epdoc2.elperuano.pe/EpPo/DescargaINDA.asp?Referencias=NDNMSExITEhMSFlCVkJZQlRNTEhZQkxIOVdfX1VOVU5MSFRNWVhMSExI,20240630
20240602,2294250-1,CONSEJO EJECUTIVO DEL PODER JUDICIAL,RESOLUCION ADMINISTRATIVA,No 000068-2024-P-CE-PJ,Autorizan viaje de Secretaria General de la Corte Suprema de Justicia de Subgerente de Racionalizacion de la Gerencia General y de Asesora de la Oficina de Cooperacion Tecnica Internacional del Poder Judicial para participar en evento a realizarse en la Republica Popular China,https://epdoc2.elperuano.pe/EpPo/DescargaINDA.asp?Referencias=NDNMSExITEhMSFlCVkJZQlRNTEhZQkxIOVdfX1lCVU5MSFRNWVhMSExI,20240630
20240602,2294423-1,JURADO NACIONAL DE ELECCIONES,RESOLUCION,No 0161-2024-JNE,Encargan el despacho de la Secretaria General del Jurado Nacional de Elecciones,https://epdoc2.elperuano.pe/EpPo/DescargaINDA.asp?Referencias=NDNMSExITEhMSFlCVkJZQlRNTEhZQkxIOVdfX1M4TEhUTVRNWVhMSExI,20240630
20240602,2291290-1,MUNICIPALIDAD PROVINCIAL DE CAnETE,ORDENANZA,No 03-2024-MPC,Ordenanza que aprueba el procedimiento de planeamiento integral con fines de anexion al area urbana y asignacion de zonificacion,https://epdoc2.elperuano.pe/EpPo/DescargaINDA.asp?Referencias=NDNMSExITEhMSFlCVkJZQlRNTEhZQkxIOVdfX1lCWVhMSDlXWVhMSExI,20240630
20240601,2294364-1,PRESIDENCIA DEL CONSEJO DE MINISTROS,RESOLUCION JEFATURAL,No 076-2024-ANIN/JEF,Designan Director de la Direccion de Adquisiciones para Infraestructura de la ANIN,https://epdoc2.elperuano.pe/EpPo/DescargaINDA.asp?Referencias=NDM5VzlXOVc5V1lCVkJZQlRNTEhZQkxIOVdfX1RNVkJTOFRNWVhMSExI,20240630
20240601,2294405-1,PRESIDENCIA DEL CONSEJO DE MINISTROS,RESOLUCION SUPREMA,No 130-2024-PCM,Autorizan viaje de la Ministra de la Mujer y Poblaciones Vulnerables a Chile y encargan su Despacho a la Ministra de Cultura,https://epdoc2.elperuano.pe/EpPo/DescargaINDA.asp?Referencias=NDM5VzlXOVc5V1lCVkJZQlRNTEhZQkxIOVdfX1VOWUJUTVRNWVhMSExI,20240630
20240601,2294405-2,PRESIDENCIA DEL CONSEJO DE MINISTROS,RESOLUCION SUPREMA,No 131-2024-PCM,Autorizan viaje del Ministro de Defensa a los EE.UU. y encargan su Despacho al Ministro de Economia y Finanzas,https://epdoc2.elperuano.pe/EpPo/DescargaINDA.asp?Referencias=NDM5VzlXOVc5V1lCVkJZQlRNTEhZQkxITEhfX1VOWUJUTVRNWVhMSExI,20240630
20240601,2293471-1,CULTURA,RESOLUCION DIRECTORAL,No 000090-2024-DGPA-VMPCIC/MC,Determinan la Proteccion Provisional del sitio arqueologico Coca Huasi Sector A y B ubicado en el distrito de Quilcas provincia de Huancayo departamento de Junin,https://epdoc2.elperuano.pe/EpPo/DescargaINDA.asp?Referencias=NDM5VzlXOVc5V1lCVkJZQlRNTEhZQkxIOVdfXzlXV1ZUTVM4WVhMSExI,20240630
20240601,2294175-1,CULTURA,RESOLUCION VICE MINISTERIAL,No 000144-2024-VMPCIC/MC,Declaran Patrimonio Cultural de la Nacion los Expedientes de Finalidad Social que datan de 1960 al 2016 y que se custodian en el Archivo Historico del Seguro Social de Salud - ESSALUD,https://epdoc2.elperuano.pe/EpPo/DescargaINDA.asp?Referencias=NDM5VzlXOVc5V1lCVkJZQlRNTEhZQkxIOVdfX1VOV1Y5V1RNWVhMSExI,20240630
20240601,2294183-1,CULTURA,RESOLUCION VICE MINISTERIAL,No 000143-2024-VMPCIC/MC,Declaran Patrimonio Cultural de la Nacion las Actas de sesion del Consejo Directivo del Seguro Social del Peru que datan de 1973 a 1980 documenrtos que se custodian en el Archivo Historico del Archivo Central de ESSALUD,https://epdoc2.elperuano.pe/EpPo/DescargaINDA.asp?Referencias=NDM5VzlXOVc5V1lCVkJZQlRNTEhZQkxIOVdfX1M4WEM5V1RNWVhMSExI,20240630
20240601,2294188-1,CULTURA,RESOLUCION VICE MINISTERIAL,No 000145-2024-VMPCIC/MC,Declaran Patrimonio Cultural de la Nacion al Libro Actas Candidatos inscritos de 1956 custodiado por el Archivo Periferico de Secretaria General del Jurado Nacional de Elecciones,https://epdoc2.elperuano.pe/EpPo/DescargaINDA.asp?Referencias=NDM5VzlXOVc5V1lCVkJZQlRNTEhZQkxIOVdfX1hDWEM5V1RNWVhMSExI,20240630
20240601,2294272-1,CULTURA,RESOLUCION VICE MINISTERIAL,No 000146-2024-VMPCIC/MC,Declaran Patrimonio Cultural de la Nacion a sesenta y un bienes culturales muebles pertenecientes al Obispado de Abancay,https://epdoc2.elperuano.pe/EpPo/DescargaINDA.asp?Referencias=NDM5VzlXOVc5V1lCVkJZQlRNTEhZQkxIOVdfX0xIV1ZMSFRNWVhMSExI,20240630
20240601,2294404-1,DEFENSA,RESOLUCION MINISTERIAL,No 00535-2024-DE,Autorizan viaje de personal militar a Brasil en comision de servicios,https://epdoc2.elperuano.pe/EpPo/DescargaINDA.asp?Referencias=NDM5VzlXOVc5V1lCVkJZQlRNTEhZQkxIOVdfX1RNWUJUTVRNWVhMSExI,20240630
20240601,2294404-2,DEFENSA,RESOLUCION MINISTERIAL,No 00538-2024-DE,Autorizan viaje de personal militar FAP a EE.UU. en comision de servicios,https://epdoc2.elperuano.pe/EpPo/DescargaINDA.asp?Referencias=NDM5VzlXOVc5V1lCVkJZQlRNTEhZQkxITEhfX1RNWUJUTVRNWVhMSExI,20240630
20240601,2294404-3,DEFENSA,RESOLUCION MINISTERIAL,No 00539-2024-DE,Autorizan viaje de personal militar FAP a Colombia en comision de servicios,https://epdoc2.elperuano.pe/EpPo/DescargaINDA.asp?Referencias=NDM5VzlXOVc5V1lCVkJZQlRNTEhZQkxIUzhfX1RNWUJUTVRNWVhMSExI,20240630
20240601,2294404-4,DEFENSA,RESOLUCION MINISTERIAL,No 00543-2024-DE,Designan Secretaria General del Ministerio,https://epdoc2.elperuano.pe/EpPo/DescargaINDA.asp?Referencias=NDM5VzlXOVc5V1lCVkJZQlRNTEhZQkxIVE1fX1RNWUJUTVRNWVhMSExI,20240630
20240601,2294226-1,DESARROLLO AGRARIO Y RIEGO,Resolucion,No D000146-2024-MIDAGRI-SERFOR-DE,Designan Administrador Tecnico Forestal y de Fauna Silvestre de la Administracion Tecnica Forestal y de Fauna Silvestre - ATFFS Puno,https://epdoc2.elperuano.pe/EpPo/DescargaINDA.asp?Referencias=NDM5VzlXOVc5V1lCVkJZQlRNTEhZQkxIOVdfX1ZCTEhMSFRNWVhMSExI,20240630
20240601,2294405-3,ECONOMIA Y FINANZAS,RESOLUCION SUPREMA,No 020-2024-EF,Designan Director del Consejo Directivo de la Caja de Pensiones Militar Policial en representacion del Ministerio de Economia y Finanzas,https://epdoc2.elperuano.pe/EpPo/DescargaINDA.asp?Referencias=NDM5VzlXOVc5V1lCVkJZQlRNTEhZQkxIUzhfX1VOWUJUTVRNWVhMSExI,20240630
20240601,2294405-4,ECONOMIA Y FINANZAS,RESOLUCION SUPREMA,No 021-2024-EF,Designan miembro del Consejo Fiscal,https://epdoc2.elperuano.pe/EpPo/DescargaINDA.asp?Referencias=NDM5VzlXOVc5V1lCVkJZQlRNTEhZQkxIVE1fX1VOWUJUTVRNWVhMSExI,20240630
20240601,2294405-5,ECONOMIA Y FINANZAS,RESOLUCION SUPREMA,No 022-2024-EF,Nombran Presidente del Tribunal Fiscal,https://epdoc2.elperuano.pe/EpPo/DescargaINDA.asp?Referencias=NDM5VzlXOVc5V1lCVkJZQlRNTEhZQkxIVU5fX1VOWUJUTVRNWVhMSExI,20240630
20240601,2294384-1,EDUCACION,RESOLUCION DIRECTORAL,No 053-2024-MINEDU/VMGI-PRONABEC,Designan Director de la Oficina de Asesoria Juridica del Programa Nacional de Becas y Credito Educativo - PRONABEC,https://epdoc2.elperuano.pe/EpPo/DescargaINDA.asp?Referencias=NDM5VzlXOVc5V1lCVkJZQlRNTEhZQkxIOVdfX1RNWENTOFRNWVhMSExI,20240630
20240601,2294422-1,EDUCACION,RESOLUCION DIRECTORAL,No 055-2024-MINEDU/VMGI-PRONABEC,Designan Directora de la Direccion de Coordinacion Nacional y Cooperacion Internacional del Programa Nacional de Becas y Credito Educativo - PRONABEC,https://epdoc2.elperuano.pe/EpPo/DescargaINDA.asp?Referencias=NDM5VzlXOVc5V1lCVkJZQlRNTEhZQkxIOVdfX0xITEhUTVRNWVhMSExI,20240630
20240601,2294138-1,EDUCACION,RESOLUCION MINISTERIAL,No 264-2024-MINEDU,Designan Directora General de la Direccion General de Calidad de la Gestion Escolar,https://epdoc2.elperuano.pe/EpPo/DescargaINDA.asp?Referencias=NDM5VzlXOVc5V1lCVkJZQlRNTEhZQkxIOVdfX1hDUzg5V1RNWVhMSExI,20240630
20240601,2294139-1,EDUCACION,RESOLUCION MINISTERIAL,No 267-2024-MINEDU,Designan Jefa de la Oficina General de Cooperacion y Asuntos Internacionales,https://epdoc2.elperuano.pe/EpPo/DescargaINDA.asp?Referencias=NDM5VzlXOVc5V1lCVkJZQlRNTEhZQkxIOVdfX1lYUzg5V1RNWVhMSExI,20240630
20240601,2294140-1,EDUCACION,RESOLUCION MINISTERIAL,No 268-2024-MINEDU,Designan Directora de la Direccion de Promocion Organizacion y Gestion de la Secretaria Nacional de la Juventud,https://epdoc2.elperuano.pe/EpPo/DescargaINDA.asp?Referencias=NDM5VzlXOVc5V1lCVkJZQlRNTEhZQkxIOVdfX1lCVE05V1RNWVhMSExI,20240630
20240601,2294265-1,EDUCACION,RESOLUCION MINISTERIAL,No 272-2024-MINEDU,Designan Director de la Direccion de Gestion de Recursos Educativos del Ministerio,https://epdoc2.elperuano.pe/EpPo/DescargaINDA.asp?Referencias=NDM5VzlXOVc5V1lCVkJZQlRNTEhZQkxIOVdfX1VOVkJMSFRNWVhMSExI,20240630
20240601,2294420-1,EDUCACION,RESOLUCION MINISTERIAL,No 271-2024-MINEDU,Amplian plazo de adecuacion a las condiciones basicas de las instituciones educativas privadas de educacion basica previsto en la Cuarta Disposicion Complementaria Transitoria del Reglamento de Instituciones Educativas Privadas de Educacion Basica aprobado por Decreto Supremo No 005-2021-MINEDU,https://epdoc2.elperuano.pe/EpPo/DescargaINDA.asp?Referencias=NDM5VzlXOVc5V1lCVkJZQlRNTEhZQkxIOVdfX1lCTEhUTVRNWVhMSExI,20240630
20240601,2294421-1,EDUCACION,RESOLUCION VICE MINISTERIAL,No 061-2024-MINEDU,Aprueban la norma tecnica denominada Procedimiento para la designacion excepcional de directivos de instituciones educativas dispuesta por la Ley No 31987,https://epdoc2.elperuano.pe/EpPo/DescargaINDA.asp?Referencias=NDM5VzlXOVc5V1lCVkJZQlRNTEhZQkxIOVdfXzlXTEhUTVRNWVhMSExI,20240630
20240601,2294222-1,ENERGIA Y MINAS,RESOLUCION MINISTERIAL,No 218-2024-MINEM/DM,Autorizan transferencia financiera de recursos a favor del Gobierno Regional de Ancash,https://epdoc2.elperuano.pe/EpPo/DescargaINDA.asp?Referencias=NDM5VzlXOVc5V1lCVkJZQlRNTEhZQkxIOVdfX0xITEhMSFRNWVhMSExI,20240630
20240601,2294232-1,ENERGIA Y MINAS,RESOLUCION MINISTERIAL,No 219-2024-MINEM/DM,Autorizan primera transferencia financiera de recursos a favor del Gobierno Regional del Callao,https://epdoc2.elperuano.pe/EpPo/DescargaINDA.asp?Referencias=NDM5VzlXOVc5V1lCVkJZQlRNTEhZQkxIOVdfX0xIUzhMSFRNWVhMSExI,20240630
20240601,2294235-1,ENERGIA Y MINAS,RESOLUCION MINISTERIAL,No 220-2024-MINEM/DM,Autorizan primera transferencia financiera de recursos a favor del Gobierno Regional de Madre de Dios,https://epdoc2.elperuano.pe/EpPo/DescargaINDA.asp?Referencias=NDM5VzlXOVc5V1lCVkJZQlRNTEhZQkxIOVdfX1VOUzhMSFRNWVhMSExI,20240630
20240601,2294240-1,ENERGIA Y MINAS,RESOLUCION MINISTERIAL,No 221-2024-MINEM/DM,Autorizan primera transferencia financiera de recursos a favor del Gobierno Regional de Cajamarca,https://epdoc2.elperuano.pe/EpPo/DescargaINDA.asp?Referencias=NDM5VzlXOVc5V1lCVkJZQlRNTEhZQkxIOVdfX1lCVE1MSFRNWVhMSExI,20240630
20240601,2294243-1,ENERGIA Y MINAS,RESOLUCION MINISTERIAL,No 222-2024-MINEM/DM,Autorizan transferencia financiera de recursos a favor del Gobierno Regional de Ayacucho,https://epdoc2.elperuano.pe/EpPo/DescargaINDA.asp?Referencias=NDM5VzlXOVc5V1lCVkJZQlRNTEhZQkxIOVdfX1M4VE1MSFRNWVhMSExI,20240630
20240601,2294326-1,JUSTICIA Y DERECHOS HUMANOS,RESOLUCION MINISTERIAL,No 0131-2024-JUS,Designan Asesor II de la Secretaria General del Ministerio,https://epdoc2.elperuano.pe/EpPo/DescargaINDA.asp?Referencias=NDM5VzlXOVc5V1lCVkJZQlRNTEhZQkxIOVdfX1ZCTEhTOFRNWVhMSExI,20240630
20240601,2294335-1,JUSTICIA Y DERECHOS HUMANOS,RESOLUCION MINISTERIAL,No 0132-2024-JUS,Designan Director de Programa Sectorial IV del Despacho Ministerial del Ministerio de Justicia y Derechos Humanos ejerciendo las funciones de Coordinador Ejecutivo del Programa Nacional de Bienes Incautados - PRONABI,https://epdoc2.elperuano.pe/EpPo/DescargaINDA.asp?Referencias=NDM5VzlXOVc5V1lCVkJZQlRNTEhZQkxIOVdfX1VOUzhTOFRNWVhMSExI,20240630
20240601,2294180-1,MUJER Y POBLACIONES VULNERABLES,RESOLUCION MINISTERIAL,No 205-2024-MIMP,Designan Director II de la Oficina de Seguridad y Defensa Nacional de la Secretaria General del Ministerio,https://epdoc2.elperuano.pe/EpPo/DescargaINDA.asp?Referencias=NDM5VzlXOVc5V1lCVkJZQlRNTEhZQkxIOVdfX1lCWEM5V1RNWVhMSExI,20240630
20240601,2294307-1,MUJER Y POBLACIONES VULNERABLES,RESOLUCION MINISTERIAL,No 207-2024-MIMP,Aprueban Lineamientos para continuidad de las medidas relacionadas con la implementacion de iniciativas de voluntariado dirigidas a poblaciones vulnerables en zonas de crisis humanitaria en departamentos priorizados a traves de nucleos ejecutores de voluntariado al amparo del Decreto Legislativo No 1566 para el ano 2024,https://epdoc2.elperuano.pe/EpPo/DescargaINDA.asp?Referencias=NDM5VzlXOVc5V1lCVkJZQlRNTEhZQkxIOVdfX1dWWUJTOFRNWVhMSExI,20240630
20240601,2294407-1,PRODUCE,RESOLUCION MINISTERIAL,No 000229-2024-PRODUCE,Designan representantes titular y alterno del Ministerio de la Produccion ante el Nucleo Ejecutor de Compras (NEC) para el sector productivo de Metalmecanica,https://epdoc2.elperuano.pe/EpPo/DescargaINDA.asp?Referencias=NDM5VzlXOVc5V1lCVkJZQlRNTEhZQkxIOVdfX1dWWUJUTVRNWVhMSExI,20240630
20240601,2294408-1,PRODUCE,RESOLUCION MINISTERIAL,No 000230-2024-PRODUCE,Designan representantes titular y alterno del Ministerio de la Produccion ante el Nucleo Ejecutor de Compras (NEC) para el sector productivo de Textil - Confecciones,https://epdoc2.elperuano.pe/EpPo/DescargaINDA.asp?Referencias=NDM5VzlXOVc5V1lCVkJZQlRNTEhZQkxIOVdfX1hDWUJUTVRNWVhMSExI,20240630
20240601,2294409-1,PRODUCE,RESOLUCION MINISTERIAL,No 000231-2024-PRODUCE,Designan representantes titular y alterno del Ministerio de la Produccion ante el Nucleo Ejecutor de Compras (NEC) para el sector productivo de muebles bienes de madera bienes de materias primas no maderables y/o bienes de plastico,https://epdoc2.elperuano.pe/EpPo/DescargaINDA.asp?Referencias=NDM5VzlXOVc5V1lCVkJZQlRNTEhZQkxIOVdfX1lYWUJUTVRNWVhMSExI,20240630
20240601,2294410-1,PRODUCE,RESOLUCION MINISTERIAL,No 000232-2024-PRODUCE,Designan representantes titular y alterno del Ministerio de la Produccion ante el Nucleo Ejecutor de Compras (NEC) para el sector productivo de Cuero y Calzado,https://epdoc2.elperuano.pe/EpPo/DescargaINDA.asp?Referencias=NDM5VzlXOVc5V1lCVkJZQlRNTEhZQkxIOVdfX1lCOVdUTVRNWVhMSExI,20240630
20240601,2294208-1,SALUD,RESOLUCION MINISTERIAL,No 391-2024/MINSA,Designan Ejecutivo Adjunto I del Centro Nacional de Abastecimiento de Recursos Estrategicos en Salud,https://epdoc2.elperuano.pe/EpPo/DescargaINDA.asp?Referencias=NDM5VzlXOVc5V1lCVkJZQlRNTEhZQkxIOVdfX1hDWUJMSFRNWVhMSExI,20240630
20240601,2294416-1,SALUD,RESOLUCION MINISTERIAL,No 393-2024/MINSA,Designan Titular de la Unidad Ejecutora Hospital Emergencia Ate Vitarte del Ministerio de Salud,https://epdoc2.elperuano.pe/EpPo/DescargaINDA.asp?Referencias=NDM5VzlXOVc5V1lCVkJZQlRNTEhZQkxIOVdfX1ZCOVdUTVRNWVhMSExI,20240630
20240601,2294405-6,SALUD,RESOLUCION SUPREMA,No 004-2024-SA,Aceptan renuncia de Jefa del Seguro Integral de Salud,https://epdoc2.elperuano.pe/EpPo/DescargaINDA.asp?Referencias=NDM5VzlXOVc5V1lCVkJZQlRNTEhZQkxIVkJfX1VOWUJUTVRNWVhMSExI,20240630
20240601,2294405-7,SALUD,RESOLUCION SUPREMA,No 005-2024-SA,Designan Jefe del Seguro Integral de Salud,https://epdoc2.elperuano.pe/EpPo/DescargaINDA.asp?Referencias=NDM5VzlXOVc5V1lCVkJZQlRNTEhZQkxIV1ZfX1VOWUJUTVRNWVhMSExI,20240630
20240601,2294418-1,SALUD,RESOLUCION VICE MINISTERIAL,No D000089-2024-DVMPAS-MINSA,Designan Directora Adjunta de la Direccion del Hospital Vitarte del Ministerio de Salud,https://epdoc2.elperuano.pe/EpPo/DescargaINDA.asp?Referencias=NDM5VzlXOVc5V1lCVkJZQlRNTEhZQkxIOVdfX1hDOVdUTVRNWVhMSExI,20240630
20240601,2294027-1,TRABAJO Y PROMOCION DEL EMPLEO,RESOLUCION MINISTERIAL,No 091-2024-TR,Autorizan viaje de Jefa de Gabinete de Asesores del Despacho Ministerial a la Confederacion Suiza en comision de servicios,https://epdoc2.elperuano.pe/EpPo/DescargaINDA.asp?Referencias=NDM5VzlXOVc5V1lCVkJZQlRNTEhZQkxIOVdfX1dWTEhZQlRNWVhMSExI,20240630
20240601,2294412-1,TRABAJO Y PROMOCION DEL EMPLEO,RESOLUCION MINISTERIAL,No 000092 -2024-TR,Aprueban transferencia financiera del Programa de Empleo Temporal Llamkasun Peru a favor de organismos ejecutores del sector publico,https://epdoc2.elperuano.pe/EpPo/DescargaINDA.asp?Referencias=NDM5VzlXOVc5V1lCVkJZQlRNTEhZQkxIOVdfX0xIOVdUTVRNWVhMSExI,20240630
20240601,2294414-1,TRABAJO Y PROMOCION DEL EMPLEO,RESOLUCION MINISTERIAL,No 000093-2024-TR,Aprueban transferencia financiera del Programa de Empleo Temporal Llamkasun Peru a favor de organismos ejecutores del sector publico,https://epdoc2.elperuano.pe/EpPo/DescargaINDA.asp?Referencias=NDM5VzlXOVc5V1lCVkJZQlRNTEhZQkxIOVdfX1RNOVdUTVRNWVhMSExI,20240630
20240601,2294386-1,TRANSPORTES Y COMUNICACIONES,RESOLUCION,No 081-2024-MTC/24,Designan Director de la Direccion de Estudios del Programa Nacional de Telecomunicaciones - PRONATEL,https://epdoc2.elperuano.pe/EpPo/DescargaINDA.asp?Referencias=NDM5VzlXOVc5V1lCVkJZQlRNTEhZQkxIOVdfX1ZCWENTOFRNWVhMSExI,20240630
20240601,2293720-1,TRANSPORTES Y COMUNICACIONES,RESOLUCION MINISTERIAL,No 283-2024-MTC/01.03,Otorgan a la empresa E-FIBER S.A.C. Concesion unica para la prestacion de servicios publicos de telecomunicaciones en area que comprende todo el territorio de la Republica,https://epdoc2.elperuano.pe/EpPo/DescargaINDA.asp?Referencias=NDM5VzlXOVc5V1lCVkJZQlRNTEhZQkxIOVdfX1lCTEhXVlM4WVhMSExI,20240630
20240601,2294166-1,ARCHIVO GENERAL DE LA NACION,RESOLUCION JEFATURAL,No 000136-2024-AGN/JEF,Designan asesor de la Jefatura Institucional del Archivo General de la Nacion,https://epdoc2.elperuano.pe/EpPo/DescargaINDA.asp?Referencias=NDM5VzlXOVc5V1lCVkJZQlRNTEhZQkxIOVdfX1ZCVkI5V1RNWVhMSExI,20240630
20240601,2294284-1,COMISION NACIONAL PARA EL DESARROLLO Y VIDA SIN DROGAS,RESOLUCION,No 000115-2024-DV-PE,Autorizan transferencia financiera para financiar actividad a favor de la Municipalidad Distrital de Campoverde,https://epdoc2.elperuano.pe/EpPo/DescargaINDA.asp?Referencias=NDM5VzlXOVc5V1lCVkJZQlRNTEhZQkxIOVdfX1RNWENMSFRNWVhMSExI,20240630
20240601,2294314-1,COMISION NACIONAL PARA EL DESARROLLO Y VIDA SIN DROGAS,RESOLUCION,No 000116-2024-DV-PE,Autorizan transferencia financiera para financiar actividad a favor de la Municipalidad Distrital de Yuyapichis,https://epdoc2.elperuano.pe/EpPo/DescargaINDA.asp?Referencias=NDM5VzlXOVc5V1lCVkJZQlRNTEhZQkxIOVdfX1RNOVdTOFRNWVhMSExI,20240630
20240601,2294325-1,COMISION NACIONAL PARA EL DESARROLLO Y VIDA SIN DROGAS,RESOLUCION,No 000117-2024-DV-PE,Autorizan transferencia financiera para financiar actividad a favor de la Municipalidad Distrital de Paramonga,https://epdoc2.elperuano.pe/EpPo/DescargaINDA.asp?Referencias=NDM5VzlXOVc5V1lCVkJZQlRNTEhZQkxIOVdfX1VOTEhTOFRNWVhMSExI,20240630
20240601,2294339-1,COMISION NACIONAL PARA EL DESARROLLO Y VIDA SIN DROGAS,RESOLUCION,No 000118-2024-DV-PE,Autorizan transferencia financiera a favor de la Municipalidad Distrital de Rio Tambo,https://epdoc2.elperuano.pe/EpPo/DescargaINDA.asp?Referencias=NDM5VzlXOVc5V1lCVkJZQlRNTEhZQkxIOVdfX1lYUzhTOFRNWVhMSExI,20240630
20240601,2294359-1,COMISION NACIONAL PARA EL DESARROLLO Y VIDA SIN DROGAS,RESOLUCION,No 000120-2024-DV-PE,Autorizan transferencia financiera para financiar actividad a favor de la Municipalidad Distrital de Pucayacu,https://epdoc2.elperuano.pe/EpPo/DescargaINDA.asp?Referencias=NDM5VzlXOVc5V1lCVkJZQlRNTEhZQkxIOVdfX1lYVU5TOFRNWVhMSExI,20240630
20240601,2294375-1,COMISION NACIONAL PARA EL DESARROLLO Y VIDA SIN DROGAS,RESOLUCION,No 000121-2024-DV-PE,Autorizan transferencia financiera para financiar inversion a favor de Municipalidad Distrital de Neshuya,https://epdoc2.elperuano.pe/EpPo/DescargaINDA.asp?Referencias=NDM5VzlXOVc5V1lCVkJZQlRNTEhZQkxIOVdfX1VOV1ZTOFRNWVhMSExI,20240630
20240601,2294381-1,COMISION NACIONAL PARA EL DESARROLLO Y VIDA SIN DROGAS,RESOLUCION,No 000122-2024-DV-PE,Autorizan transferencia financiera a favor de la Municipalidad Distrital de Uchiza,https://epdoc2.elperuano.pe/EpPo/DescargaINDA.asp?Referencias=NDM5VzlXOVc5V1lCVkJZQlRNTEhZQkxIOVdfXzlXWENTOFRNWVhMSExI,20240630
20240601,2294225-1,INSTITUTO PERUANO DE ENERGIA NUCLEAR,RESOLUCION,No D000031-2024-IPEN-PRES,Disponen la publicacion del proyecto de Resolucion de Presidencia que aprueba la Norma IR.002.2024 Requisitos de Seguridad Radiologica en Braquiterapia,https://epdoc2.elperuano.pe/EpPo/DescargaINDA.asp?Referencias=NDM5VzlXOVc5V1lCVkJZQlRNTEhZQkxIOVdfX1VOTEhMSFRNWVhMSExI,20240630
20240601,2294228-1,INSTITUTO PERUANO DE ENERGIA NUCLEAR,RESOLUCION,No D000032-2024-IPEN-PRES,Disponen la publicacion del proyecto de Resolucion de Presidencia que aprueba la Norma IR.001.2024 Requisitos de proteccion radiologica en diagnostico dental con Equipos de Rayos X,https://epdoc2.elperuano.pe/EpPo/DescargaINDA.asp?Referencias=NDM5VzlXOVc5V1lCVkJZQlRNTEhZQkxIOVdfX1hDTEhMSFRNWVhMSExI,20240630
20240601,2294231-1,INSTITUTO PERUANO DE ENERGIA NUCLEAR,RESOLUCION,No D000033-2024-IPEN-PRES,Disponen la publicacion del proyecto de Resolucion de Presidencia que aprueba la Norma IR.003.2024 Requisitos de Proteccion Radiologica en Diagnostico Medico con Equipos de Rayos X,https://epdoc2.elperuano.pe/EpPo/DescargaINDA.asp?Referencias=NDM5VzlXOVc5V1lCVkJZQlRNTEhZQkxIOVdfXzlXUzhMSFRNWVhMSExI,20240630
20240601,2294242-1,INTENDENCIA NACIONAL DE BOMBEROS DEL PERU,RESOLUCION,No 041-2024-INBP,Designan Asesor de la Jefatura de la Intendencia Nacional de Bomberos del Peru y Subdirector de la Subdireccion de Documentacion y Certificacion de la Direccion de la Escuela de Bomberos,https://epdoc2.elperuano.pe/EpPo/DescargaINDA.asp?Referencias=NDM5VzlXOVc5V1lCVkJZQlRNTEhZQkxIOVdfX0xIVE1MSFRNWVhMSExI,20240630
20240601,2293253-1,ORGANISMO DE FORMALIZACIoN DE LA PROPIEDAD INFORMAL,RESOLUCION DIRECTORAL,No D000057-2024-COFOPRI-DE,Designan Jefe de la Oficina Zonal Huanuco del Organismo de Formalizacion de la Propiedad Informal - COFOPRI,https://epdoc2.elperuano.pe/EpPo/DescargaINDA.asp?Referencias=NDM5VzlXOVc5V1lCVkJZQlRNTEhZQkxIOVdfX1M4VU5MSFM4WVhMSExI,20240630
20240601,2293254-1,ORGANISMO DE FORMALIZACIoN DE LA PROPIEDAD INFORMAL,RESOLUCION DIRECTORAL,No D000058-2024-COFOPRI-DE,Designan Jefa de la Oficina Zonal Puno del Organismo de Formalizacion de la Propiedad Informal - COFOPRI,https://epdoc2.elperuano.pe/EpPo/DescargaINDA.asp?Referencias=NDM5VzlXOVc5V1lCVkJZQlRNTEhZQkxIOVdfX1RNVU5MSFM4WVhMSExI,20240630
20240601,2293255-1,ORGANISMO DE FORMALIZACIoN DE LA PROPIEDAD INFORMAL,RESOLUCION DIRECTORAL,No D000059-2024-COFOPRI-DE,Designan Jefe de la Oficina Zonal Ayacucho del Organismo de Formalizacion de la Propiedad Informal - COFOPRI,https://epdoc2.elperuano.pe/EpPo/DescargaINDA.asp?Referencias=NDM5VzlXOVc5V1lCVkJZQlRNTEhZQkxIOVdfX1VOVU5MSFM4WVhMSExI,20240630
20240601,2293266-1,ORGANISMO DE FORMALIZACIoN DE LA PROPIEDAD INFORMAL,RESOLUCION DIRECTORAL,No D000060-2024-COFOPRI-DE,Designan Jefe de la Oficina Zonal Lambayeque del Organismo de Formalizacion de la Propiedad Informal - COFOPRI,https://epdoc2.elperuano.pe/EpPo/DescargaINDA.asp?Referencias=NDM5VzlXOVc5V1lCVkJZQlRNTEhZQkxIOVdfX1ZCVkJMSFM4WVhMSExI,20240630
20240601,2293270-1,ORGANISMO DE FORMALIZACIoN DE LA PROPIEDAD INFORMAL,RESOLUCION DIRECTORAL,No D000061-2024-COFOPRI-DE,Designan Jefe de la Oficina Zonal Apurimac del Organismo de Formalizacion de la Propiedad Informal - COFOPRI,https://epdoc2.elperuano.pe/EpPo/DescargaINDA.asp?Referencias=NDM5VzlXOVc5V1lCVkJZQlRNTEhZQkxIOVdfX1lCV1ZMSFM4WVhMSExI,20240630
20240601,2293278-1,ORGANISMO DE FORMALIZACIoN DE LA PROPIEDAD INFORMAL,RESOLUCION DIRECTORAL,No D000063-2024-COFOPRI-DE,Designan Jefe de la Oficina Zonal San Martin del COFOPRI,https://epdoc2.elperuano.pe/EpPo/DescargaINDA.asp?Referencias=NDM5VzlXOVc5V1lCVkJZQlRNTEhZQkxIOVdfX1hDV1ZMSFM4WVhMSExI,20240630
20240601,2293282-1,ORGANISMO DE FORMALIZACIoN DE LA PROPIEDAD INFORMAL,RESOLUCION DIRECTORAL,No D000064-2024-COFOPRI-DE,Designan Jefe de la Oficina Zonal Cusco del Organismo de Formalizacion de la Propiedad Informal - COFOPRI,https://epdoc2.elperuano.pe/EpPo/DescargaINDA.asp?Referencias=NDM5VzlXOVc5V1lCVkJZQlRNTEhZQkxIOVdfX0xIWENMSFM4WVhMSExI,20240630
20240601,2293470-1,ORGANISMO DE FORMALIZACIoN DE LA PROPIEDAD INFORMAL,RESOLUCION DIRECTORAL,No D000062-2024-COFOPRI-DE,Designan Jefe de la Oficina Zonal Loreto del Organismo de Formalizacion de la Propiedad Informal - COFOPRI,https://epdoc2.elperuano.pe/EpPo/DescargaINDA.asp?Referencias=NDM5VzlXOVc5V1lCVkJZQlRNTEhZQkxIOVdfX1lCV1ZUTVM4WVhMSExI,20240630
20240601,2294130-1,SEGURO INTEGRAL DE SALUD,RESOLUCION JEFATURAL,No 000067-2024-SIS/J,Aprueban programacion de pago de prestaciones economicas de sepelio a nivel nacional,https://epdoc2.elperuano.pe/EpPo/DescargaINDA.asp?Referencias=NDM5VzlXOVc5V1lCVkJZQlRNTEhZQkxIOVdfX1lCUzg5V1RNWVhMSExI,20240630
20240601,2294311-1,AUTORIDAD DE TRANSPORTE URBANO PARA LIMA Y CALLAO,RESOLUCION,No 118-2024-ATU/PE,Designan Jefa de la Oficina de Gestion de Recursos Humanos de la ATU,https://epdoc2.elperuano.pe/EpPo/DescargaINDA.asp?Referencias=NDM5VzlXOVc5V1lCVkJZQlRNTEhZQkxIOVdfXzlXOVdTOFRNWVhMSExI,20240630
20240601,2294297-1,AUTORIDAD NACIONAL DEL AGUA,RESOLUCION JEFATURAL,No 0221-2024-ANA,Designan Subdirector de la Unidad de Abastecimiento y Patrimonio de la Oficina de Administracion,https://epdoc2.elperuano.pe/EpPo/DescargaINDA.asp?Referencias=NDM5VzlXOVc5V1lCVkJZQlRNTEhZQkxIOVdfX1dWWVhMSFRNWVhMSExI,20240630
20240601,2294285-1,COMISIoN DE PROMOCIoN DEL PERu PARA LA EXPORTACIoN Y EL TURISMO,RESOLUCION,No 000092-2024-PROMPERU/PE,Designan Jefe de la Oficina de Produccion de PROMPERu,https://epdoc2.elperuano.pe/EpPo/DescargaINDA.asp?Referencias=NDM5VzlXOVc5V1lCVkJZQlRNTEhZQkxIOVdfX1VOWENMSFRNWVhMSExI,20240630
20240601,2294247-1,INSTITUTO NACIONAL DE ESTADISTICA E INFORMATICA,RESOLUCION JEFATURAL,No 136-2024-INEI,Aprueban el indice de Precios al Consumidor a Nivel Nacional y el indice de Precios al Consumidor de Lima Metropolitana correspondientes al mes de mayo 2024,https://epdoc2.elperuano.pe/EpPo/DescargaINDA.asp?Referencias=NDM5VzlXOVc5V1lCVkJZQlRNTEhZQkxIOVdfX1dWVE1MSFRNWVhMSExI,20240630
20240601,2294269-1,INSTITUTO NACIONAL DE ESTADISTICA E INFORMATICA,RESOLUCION JEFATURAL,No 137-2024-INEI,Aprueban indice de Precios al Por Mayor a Nivel Nacional correspondiente al mes de mayo de 2024,https://epdoc2.elperuano.pe/EpPo/DescargaINDA.asp?Referencias=NDM5VzlXOVc5V1lCVkJZQlRNTEhZQkxIOVdfX1lYVkJMSFRNWVhMSExI,20240630
20240601,2293687-1,SUPERINTENDENCIA NACIONAL DE ADUANAS Y DE ADMINISTRACIoN TRIBUTARIA,RESOLUCION,No 000020-2024-SUNAT/700000,Dejan sin efecto designaciones y designan Ejecutor Coactivo de la Intendencia de Tributos Internos Cajamarca,https://epdoc2.elperuano.pe/EpPo/DescargaINDA.asp?Referencias=NDM5VzlXOVc5V1lCVkJZQlRNTEhZQkxIOVdfX1dWWENWQlM4WVhMSExI,20240630
20240601,2293877-1,SUPERINTENDENCIA NACIONAL DE ADUANAS Y DE ADMINISTRACIoN TRIBUTARIA,RESOLUCION,No 000110-2024/SUNAT,Designan funcionarios en cargos de confianza,https://epdoc2.elperuano.pe/EpPo/DescargaINDA.asp?Referencias=NDM5VzlXOVc5V1lCVkJZQlRNTEhZQkxIOVdfX1dWV1ZYQ1M4WVhMSExI,20240630
20240601,2294241-1,CORTES SUPERIORES DE JUSTICIA,RESOLUCION ADMINISTRATIVA,No 000391-2024-P-CSJLI-PJ,Conforman la Segunda Sala Civil y la Segunda Sala de Familia de la Corte Superior de Justicia de Lima,https://epdoc2.elperuano.pe/EpPo/DescargaINDA.asp?Referencias=NDM5VzlXOVc5V1lCVkJZQlRNTEhZQkxIOVdfXzlXVE1MSFRNWVhMSExI,20240630
20240601,2294253-1,CORTES SUPERIORES DE JUSTICIA,RESOLUCION ADMINISTRATIVA,No 000395-2024-P-CSJLI-PJ,Amplian de manera improrrogable el plazo para la remision y redistribucion de expedientes dispuesta mediante Res.Adm. No 316- 2024-P-CSJLI-PJ desde el 2o Juzgado Constitucional hacia el 1o y 2o Juzgado Constitucional Transitorio,https://epdoc2.elperuano.pe/EpPo/DescargaINDA.asp?Referencias=NDM5VzlXOVc5V1lCVkJZQlRNTEhZQkxIOVdfX1M4VU5MSFRNWVhMSExI,20240630
20240601,2294264-1,CORTES SUPERIORES DE JUSTICIA,RESOLUCION ADMINISTRATIVA,No 000398-2024-P-CSJLI-PJ,Establecen conformacion de la Octava Sala Laboral de la Corte Superior de Justicia de Lima,https://epdoc2.elperuano.pe/EpPo/DescargaINDA.asp?Referencias=NDM5VzlXOVc5V1lCVkJZQlRNTEhZQkxIOVdfX1RNVkJMSFRNWVhMSExI,20240630
20240601,2294275-1,CORTES SUPERIORES DE JUSTICIA,RESOLUCION ADMINISTRATIVA,No 000396-2024-P-CSJLI-PJ,Establecen conformacion de la Segunda Sala Penal Liquidadora de la Corte Superior de Justicia de Lima y designan Jueza Supernumeraria,https://epdoc2.elperuano.pe/EpPo/DescargaINDA.asp?Referencias=NDM5VzlXOVc5V1lCVkJZQlRNTEhZQkxIOVdfX1VOV1ZMSFRNWVhMSExI,20240630
20240601,2292217-1,INSTITUCIONES EDUCATIVAS,RESOLUCION,No 317-2024-UNF/CO,Autorizan viaje de docente de la Universidad Nacional de Frontera a los EE.UU. en comision de servicios,https://epdoc2.elperuano.pe/EpPo/DescargaINDA.asp?Referencias=NDM5VzlXOVc5V1lCVkJZQlRNTEhZQkxIOVdfX1dWOVdMSExIWVhMSExI,20240630
20240601,2294107-1,INSTITUCIONES EDUCATIVAS,RESOLUCION,No 0600-2024,Autorizan viaje de tesista de pregrado de la Universidad Nacional de San Agustin para participar en una estancia de investigacion que se realizara en Colombia,https://epdoc2.elperuano.pe/EpPo/DescargaINDA.asp?Referencias=NDM5VzlXOVc5V1lCVkJZQlRNTEhZQkxIOVdfX1dWWUI5V1RNWVhMSExI,20240630
20240601,2294283-1,JURADO NACIONAL DE ELECCIONES,RESOLUCION,No 0152-2024-JNE,Convocan a ciudadano para que asuma el cargo de regidor del Concejo Distrital de Chambara provincia de Concepcion departamento de Junin,https://epdoc2.elperuano.pe/EpPo/DescargaINDA.asp?Referencias=NDM5VzlXOVc5V1lCVkJZQlRNTEhZQkxIOVdfX1M4WENMSFRNWVhMSExI,20240630
20240601,2294323-1,MINISTERIO PUBLICO,RESOLUCION,No 1310-2024-MP-FN,Amplian plazo de ejecucion del Piloto Casilla Fiscal Electronica aprobado mediante la Resolucion de la Fiscalia de la Nacion No 1046-2024-MP-FN en el distrito fiscal de Lima Noroeste  y dictan otras disposiciones,https://epdoc2.elperuano.pe/EpPo/DescargaINDA.asp?Referencias=NDM5VzlXOVc5V1lCVkJZQlRNTEhZQkxIOVdfX1M4TEhTOFRNWVhMSExI,20240630
20240601,2293486-1,OFICINA NACIONAL DE PROCESOS ELECTORALES,RESOLUCION JEFATURAL,No 000109-2024-JN/ONPE,Autorizan viaje de representante de la ONPE a Uruguay en comision de servicios,https://epdoc2.elperuano.pe/EpPo/DescargaINDA.asp?Referencias=NDM5VzlXOVc5V1lCVkJZQlRNTEhZQkxIOVdfX1ZCWENUTVM4WVhMSExI,20240630
20240601,2294094-1,OFICINA NACIONAL DE PROCESOS ELECTORALES,RESOLUCION JEFATURAL,No 000111-2024-JN/ONPE,Aprueban Disposiciones para la Admision de las Solicitudes de Revocatoria de Autoridades Regionales y/o Municipales 2023-2026,https://epdoc2.elperuano.pe/EpPo/DescargaINDA.asp?Referencias=NDM5VzlXOVc5V1lCVkJZQlRNTEhZQkxIOVdfX1RNWVhZQlRNWVhMSExI,20240630
20240601,2294113-1,REGISTRO NACIONAL DE IDENTIFICACION Y ESTADO CIVIL,RESOLUCION JEFATURAL,No 000088-2024/JNAC/RENIEC,Modifican la R.J. No 000003-2024/JNAC/RENIEC que delega facultades en diversos funcionarios del RENIEC,https://epdoc2.elperuano.pe/EpPo/DescargaINDA.asp?Referencias=NDM5VzlXOVc5V1lCVkJZQlRNTEhZQkxIOVdfX1M4OVc5V1RNWVhMSExI,20240630
20240601,2294114-1,REGISTRO NACIONAL DE IDENTIFICACION Y ESTADO CIVIL,RESOLUCION JEFATURAL,No 000089-2024/JNAC/RENIEC,Autorizan transferencia del acervo documentario registral de la seccion de Nacimiento Matrimonio y Defuncion  asi como de sus respectivos titulos archivados y la informacion sistematizada en formato electronico si la tuviera de la Oficina de Registro del Estado Civil automatizada de la Municipalidad Provincial de Recuay,https://epdoc2.elperuano.pe/EpPo/DescargaINDA.asp?Referencias=NDM5VzlXOVc5V1lCVkJZQlRNTEhZQkxIOVdfX1RNOVc5V1RNWVhMSExI,20240630
20240601,2294080-1,JUNTA NACIONAL DE JUSTICIA,RESOLUCION,No 900-2024-JNJ,Modifican el Texto unico Ordenado del Reglamento de Concursos para la Seleccion y Nombramiento de Jueces y Fiscales - Ascenso,https://epdoc2.elperuano.pe/EpPo/DescargaINDA.asp?Referencias=NDM5VzlXOVc5V1lCVkJZQlRNTEhZQkxIOVdfX1lCWENZQlRNWVhMSExI,20240630
20240601,2294088-1,JUNTA NACIONAL DE JUSTICIA,RESOLUCION,No 901-2024-JNJ,Modifican el Texto unico Ordenado del Reglamento de Concursos para la Seleccion y Nombramiento de Jueces y Fiscales - Acceso Abierto,https://epdoc2.elperuano.pe/EpPo/DescargaINDA.asp?Referencias=NDM5VzlXOVc5V1lCVkJZQlRNTEhZQkxIOVdfX1hDWENZQlRNWVhMSExI,20240630
20240601,2294406-1,AUTORIDAD NACIONAL DE CONTROL DEL MINISTERIO PUBLICO,RESOLUCION JEFATURAL,No 112-2024-ANC-MP-J,Aprueban el Reglamento de Organizacion y Funciones de la Autoridad Nacional de Control del Ministerio Publico,https://epdoc2.elperuano.pe/EpPo/DescargaINDA.asp?Referencias=NDM5VzlXOVc5V1lCVkJZQlRNTEhZQkxIOVdfX1ZCWUJUTVRNWVhMSExI,20240630
20240601,2288975-1,GOBIERNO REGIONAL DE MADRE DE DIOS,ORDENANZA,No 017-2023-RMDD/CR,Declaran de interes y prioridad regional el acondicionamiento y promocion del Corredor Turistico Circuito Trinacional Amazonico - Andino,https://epdoc2.elperuano.pe/EpPo/DescargaINDA.asp?Referencias=NDM5VzlXOVc5V1lCVkJZQlRNTEhZQkxIOVdfX1VOV1ZZWFhDWENMSExI,20240630
20240601,2293475-1,MUNICIPALIDAD DE CIENEGUILLA,Decretos de Alcaldia,No 010-2024-MDC,Prorrogan la vigencia de la Ordenanza No 381-2024-MDC Ordenanza que otorga beneficios tributarios para el pago del Impuesto Predial Arbitrios Municipales y Multas Tributarias en el distrito de Cieneguilla,https://epdoc2.elperuano.pe/EpPo/DescargaINDA.asp?Referencias=NDM5VzlXOVc5V1lCVkJZQlRNTEhZQkxIOVdfX1VOV1ZUTVM4WVhMSExI,20240630
20240601,2293620-1,MUNICIPALIDAD DE LINCE,ORDENANZA,No 509-2024-MDL,Ordenanza que restringe el servicio de transporte de pasajeros y carga a traves de vehiculos menores motorizados y no motorizados y regula su transito en el distrito de Lince,https://epdoc2.elperuano.pe/EpPo/DescargaINDA.asp?Referencias=NDM5VzlXOVc5V1lCVkJZQlRNTEhZQkxIOVdfX1lCTEhWQlM4WVhMSExI,20240630
20240601,2293653-1,MUNICIPALIDAD DE SAN ISIDRO,DECRETO DE ALCALDIA,No 005-2024-ALC/MSI,Aprueban el Reglamento del Auditorio Sala de Arte y Sala Multiusos del Centro Cultural El Olivar,https://epdoc2.elperuano.pe/EpPo/DescargaINDA.asp?Referencias=NDM5VzlXOVc5V1lCVkJZQlRNTEhZQkxIOVdfX1M4VU5WQlM4WVhMSExI,20240630
20240601,2293586-1,MUNICIPALIDAD DE CARMEN DE LA LEGUA REYNOSO,DECRETO DE ALCALDIA,No 005-2024-MDCLR,Aprueban el Reglamento del Programa Municipal de Voluntariado en el Distrito de Carmen de la Legua Reynoso,https://epdoc2.elperuano.pe/EpPo/DescargaINDA.asp?Referencias=NDM5VzlXOVc5V1lCVkJZQlRNTEhZQkxIOVdfX1ZCWENVTlM4WVhMSExI,20240630
20240601,2293590-1,MUNICIPALIDAD DE CARMEN DE LA LEGUA REYNOSO,DECRETO DE ALCALDIA,No 006-2024-MDCLR,Designan funcionarios de la Municipalidad Distrital de Carmen de la Legua Reynoso para conformar el Comite Electoral para el Proceso de Eleccion de las Juntas Vecinales Comunales del Distrito de Carmen de la Legua Reynoso,https://epdoc2.elperuano.pe/EpPo/DescargaINDA.asp?Referencias=NDM5VzlXOVc5V1lCVkJZQlRNTEhZQkxIOVdfX1lCWVhVTlM4WVhMSExI,20240630
