FECHA_PUBLICACION,OP,ENTIDAD,DISPOSITIVO,NUMERO,SUMILLA,LINK,FECHA_CORTE
20240531,2293884-1,CONGRESO DE LA REPUBLICA,LEY,No 32040,Ley de proteccion de la salud de las personas diagnosticadas con epilepsia,https://epdoc2.elperuano.pe/EpPo/DescargaINDA.asp?Referencias=NDM5VzlXOVc5V1M4VU5ZQlRNTEhZQkxIOVdfX1RNWENYQ1M4WVhMSExI,20240531
20240531,2293626-1,PRESIDENCIA DEL CONSEJO DE MINISTROS,RESOLUCION,No 003-2024-PCM/SGSD,Modifican la Resolucion de Secretaria de Gestion Social y Dialogo No 014-2021-PCM/SGSD que conformo la Mesa de Dialogo para abordar la problematica de la cuenca del rio Coralaque departamento de Moquegua a cargo de la Secretaria de Gestion Social y Dialogo de la Presidencia del Consejo de Ministros,https://epdoc2.elperuano.pe/EpPo/DescargaINDA.asp?Referencias=NDM5VzlXOVc5V1M4VU5ZQlRNTEhZQkxIOVdfX1ZCTEhWQlM4WVhMSExI,20240531
20240531,2293884-2,ECONOMIA Y FINANZAS,DECRETO SUPREMO,No 094-2024-EF,Decreto Supremo que autoriza Transferencia de Partidas en el Presupuesto del Sector Publico para el Ano Fiscal 2024 a favor de diversos Gobiernos Regionales,https://epdoc2.elperuano.pe/EpPo/DescargaINDA.asp?Referencias=NDM5VzlXOVc5V1M4VU5ZQlRNTEhZQkxITEhfX1RNWENYQ1M4WVhMSExI,20240531
20240531,2294298-1,ECONOMIA Y FINANZAS,DECRETO SUPREMO,No 095-2024-EF,Decreto Supremo que aprueba Disposiciones Reglamentarias para la gestion de los recursos del Fondo para Intervenciones ante la ocurrencia de desastres naturales,https://epdoc2.elperuano.pe/EpPo/DescargaINDA.asp?Referencias=NDM5VzlXOVc5V1M4VU5ZQlRNTEhZQkxIOVdfX1hDWVhMSFRNWVhMSExI,20240531
20240531,2294361-1,ECONOMIA Y FINANZAS,RESOLUCION MINISTERIAL,No 183-2024-EF/43,Aprueban la contratacion del servicio de informacion financiera Bloomberg Terminal,https://epdoc2.elperuano.pe/EpPo/DescargaINDA.asp?Referencias=NDM5VzlXOVc5V1M4VU5ZQlRNTEhZQkxIOVdfXzlXVkJTOFRNWVhMSExI,20240531
20240531,2293871-1,EDUCACION,RESOLUCION VICE MINISTERIAL,No 060-2024-MINEDU,Modifican la Norma Tecnica denominada Norma que regula el procedimiento y requisitos para la contratacion de auxiliares de educacion en las modalidades de Educacion Basica Regular y Educacion Basica Especial,https://epdoc2.elperuano.pe/EpPo/DescargaINDA.asp?Referencias=NDM5VzlXOVc5V1M4VU5ZQlRNTEhZQkxIOVdfXzlXV1ZYQ1M4WVhMSExI,20240531
20240531,2275035-1,ENERGIA Y MINAS,RESOLUCION MINISTERIAL,No 126-2024-MINEM/DM,Califican como fuerza mayor el evento Hurto de Paneles Solares  que afecto Calendario de Ejecucion de Obras de concesion definitiva para desarrollar actividad de generacion de energia electrica con Recursos Energeticos Renovables para la Central Solar Clemesi,https://epdoc2.elperuano.pe/EpPo/DescargaINDA.asp?Referencias=NDM5VzlXOVc5V1M4VU5ZQlRNTEhZQkxIOVdfX1VOUzhZQlVOV1ZMSExI,20240531
20240531,2293131-1,ENERGIA Y MINAS,RESOLUCION MINISTERIAL,No 215-2024-MINEM/DM,Otorgan a favor de la empresa SL ENERGY S.A.C. la concesion definitiva para desarrollar la actividad de generacion de energia electrica con Recursos Energeticos Renovables para el proyecto Parque Eolico Guarango ubicado en el departamento de Ica,https://epdoc2.elperuano.pe/EpPo/DescargaINDA.asp?Referencias=NDM5VzlXOVc5V1M4VU5ZQlRNTEhZQkxIOVdfXzlXUzg5V1M4WVhMSExI,20240531
20240531,2294099-1,INTERIOR,RESOLUCION MINISTERIAL,No 0699-2024-IN,Autorizan viaje de personal policial a la Republica Popular China en comision de servicios,https://epdoc2.elperuano.pe/EpPo/DescargaINDA.asp?Referencias=NDM5VzlXOVc5V1M4VU5ZQlRNTEhZQkxIOVdfX1lYWVhZQlRNWVhMSExI,20240531
20240531,2294298-2,INTERIOR,RESOLUCION SUPREMA,No 105-2024-IN,Designan Viceministro de Orden Interno,https://epdoc2.elperuano.pe/EpPo/DescargaINDA.asp?Referencias=NDM5VzlXOVc5V1M4VU5ZQlRNTEhZQkxITEhfX1hDWVhMSFRNWVhMSExI,20240531
20240531,2293884-3,JUSTICIA Y DERECHOS HUMANOS,RESOLUCION SUPREMA,No 125-2024-JUS,Aceptan renuncia de miembro del Consejo Directivo de la Procuraduria General del Estado en su calidad de representante del Ministerio de Justicia y Derechos Humanos,https://epdoc2.elperuano.pe/EpPo/DescargaINDA.asp?Referencias=NDM5VzlXOVc5V1M4VU5ZQlRNTEhZQkxIUzhfX1RNWENYQ1M4WVhMSExI,20240531
20240531,2293884-4,JUSTICIA Y DERECHOS HUMANOS,RESOLUCION SUPREMA,No 126-2024-JUS,Designan miembro del Consejo Directivo de la Procuraduria General del Estado en su calidad de representante del Ministerio de Justicia y Derechos Humanos,https://epdoc2.elperuano.pe/EpPo/DescargaINDA.asp?Referencias=NDM5VzlXOVc5V1M4VU5ZQlRNTEhZQkxIVE1fX1RNWENYQ1M4WVhMSExI,20240531
20240531,2293555-1,SALUD,RESOLUCION MINISTERIAL,No 381-2024/MINSA,Designan Director Ejecutivo de la Direccion de Intercambio Prestacional Organizacion y Servicios de Salud de la Direccion General de Aseguramiento e Intercambio Prestacional del Ministerio,https://epdoc2.elperuano.pe/EpPo/DescargaINDA.asp?Referencias=NDM5VzlXOVc5V1M4VU5ZQlRNTEhZQkxIOVdfX1VOVU5VTlM4WVhMSExI,20240531
20240531,2293557-1,SALUD,RESOLUCION MINISTERIAL,No 382-2024/MINSA,Designan Directora Ejecutiva de la Oficina de Desarrollo de Recursos Humanos de Oficina General de Gestion de Recursos Humanos del Ministerio,https://epdoc2.elperuano.pe/EpPo/DescargaINDA.asp?Referencias=NDM5VzlXOVc5V1M4VU5ZQlRNTEhZQkxIOVdfX1dWVU5VTlM4WVhMSExI,20240531
20240531,2293973-1,TRABAJO Y PROMOCION DEL EMPLEO,RESOLUCION MINISTERIAL,No 088-2024-TR,Autorizan viaje de miembros que conforman la delegacion del sector trabajador a la 112o reunion de la Conferencia Internacional del Trabajo de la Organizacion Internacional del Trabajo - OIT a realizarse en la Confederacion Suiza,https://epdoc2.elperuano.pe/EpPo/DescargaINDA.asp?Referencias=NDM5VzlXOVc5V1M4VU5ZQlRNTEhZQkxIOVdfX1M4V1ZZWFM4WVhMSExI,20240531
20240531,2293979-1,TRABAJO Y PROMOCION DEL EMPLEO,RESOLUCION MINISTERIAL,No 089-2024-TR,Autorizan viaje de miembros que conforman la delegacion del sector empleador a la 112o reunion de la Conferencia Internacional del Trabajo de la Organizacion Internacional del Trabajo - OIT a realizarse en la Confederacion Suiza,https://epdoc2.elperuano.pe/EpPo/DescargaINDA.asp?Referencias=NDM5VzlXOVc5V1M4VU5ZQlRNTEhZQkxIOVdfX1lYV1ZZWFM4WVhMSExI,20240531
20240531,2293986-1,TRABAJO Y PROMOCION DEL EMPLEO,RESOLUCION MINISTERIAL,No 090-2024-TR,Autorizan viaje de integrantes de la delegacion en representacion del gobierno a la 112o reunion de la Conferencia Internacional del Trabajo - CIT de la Organizacion Internacional del Trabajo - OIT a realizarse en la Confederacion Suiza,https://epdoc2.elperuano.pe/EpPo/DescargaINDA.asp?Referencias=NDM5VzlXOVc5V1M4VU5ZQlRNTEhZQkxIOVdfX1ZCWENZWFM4WVhMSExI,20240531
20240531,2290917-1,TRANSPORTES Y COMUNICACIONES,RESOLUCION DIRECTORAL,No 0296-2024-MTC/17.03,Renuevan autorizacion para operar como Entidad Certificadora de Conversiones a Gas Natural Vehicular-GNV de ambito nacional a la empresa Servicios Complementarios de Transporte Terrestre y Gruas S.A.C.,https://epdoc2.elperuano.pe/EpPo/DescargaINDA.asp?Referencias=NDM5VzlXOVc5V1M4VU5ZQlRNTEhZQkxIOVdfX1dWOVdZWFlCWVhMSExI,20240531
20240531,2293736-1,TRANSPORTES Y COMUNICACIONES,RESOLUCION MINISTERIAL,No 284-2024-MTC/01.03,Autorizan viaje de Viceministra de Comunicaciones a Mexico en comision de servicios,https://epdoc2.elperuano.pe/EpPo/DescargaINDA.asp?Referencias=NDM5VzlXOVc5V1M4VU5ZQlRNTEhZQkxIOVdfX1ZCUzhXVlM4WVhMSExI,20240531
20240531,2293492-1,VIVIENDA  CONSTRUCCIoN Y SANEAMIENTO,RESOLUCION MINISTERIAL,No 193-2024-VIVIENDA,Aprueban Decima primera convocatoria del ano 2024 para el otorgamiento del Bono de Arrendamiento de Vivienda para Emergencias en atencion a los Estados de Emergencia declarados por los Decretos Supremos Nos. 012-2024-PCM 016-2024-PCM y 026-2024-PCM,https://epdoc2.elperuano.pe/EpPo/DescargaINDA.asp?Referencias=NDM5VzlXOVc5V1M4VU5ZQlRNTEhZQkxIOVdfX0xIWVhUTVM4WVhMSExI,20240531
20240531,2293505-1,VIVIENDA  CONSTRUCCIoN Y SANEAMIENTO,RESOLUCION MINISTERIAL,No 194-2024-VIVIENDA,Aprueban la Decima segunda convocatoria del ano 2024 para el otorgamiento del Bono de Arrendamiento de Vivienda para Emergencias en atencion al Estado de Emergencia declarado por el Decreto Supremo No 058-2023-PCM,https://epdoc2.elperuano.pe/EpPo/DescargaINDA.asp?Referencias=NDM5VzlXOVc5V1M4VU5ZQlRNTEhZQkxIOVdfX1VOWUJVTlM4WVhMSExI,20240531
20240531,2293510-1,VIVIENDA  CONSTRUCCIoN Y SANEAMIENTO,RESOLUCION MINISTERIAL,No 195-2024-VIVIENDA,Aprueban Decima tercera convocatoria del ano 2024 para el otorgamiento del Bono de Arrendamiento de Vivienda para Emergencias en atencion al Estado de Emergencia declarado por el D.S. No 020-2024-PCM,https://epdoc2.elperuano.pe/EpPo/DescargaINDA.asp?Referencias=NDM5VzlXOVc5V1M4VU5ZQlRNTEhZQkxIOVdfX1lCOVdVTlM4WVhMSExI,20240531
20240531,2293878-1,VIVIENDA  CONSTRUCCIoN Y SANEAMIENTO,RESOLUCION MINISTERIAL,No 197-2024-VIVIENDA,Aprueban la Decima cuarta convocatoria del ano 2024 para el otorgamiento del Bono de Arrendamiento de Vivienda para Emergencias en atencion al Estado de Emergencia declarado por el Decreto Supremo No 052-2024-PCM,https://epdoc2.elperuano.pe/EpPo/DescargaINDA.asp?Referencias=NDM5VzlXOVc5V1M4VU5ZQlRNTEhZQkxIOVdfX1hDV1ZYQ1M4WVhMSExI,20240531
20240531,2293884-5,VIVIENDA  CONSTRUCCIoN Y SANEAMIENTO,RESOLUCION SUPREMA,No 006-2024-VIVIENDA,Designan representante del Ministerio de Vivienda Construccion y Saneamiento ante el Consejo Directivo del Organismo Tecnico de la Administracion de los Servicios de Saneamiento (OTASS),https://epdoc2.elperuano.pe/EpPo/DescargaINDA.asp?Referencias=NDM5VzlXOVc5V1M4VU5ZQlRNTEhZQkxIVU5fX1RNWENYQ1M4WVhMSExI,20240531
20240531,2293644-1,AGENCIA DE COMPRAS DE LAS FUERZAS ARMADAS,RESOLUCION JEFATURAL,No 074-2024-ACFFAA,Aprueban transferencia financiera de la Agencia de Compras de las Fuerzas Armadas a favor de la Contraloria General de la Republica,https://epdoc2.elperuano.pe/EpPo/DescargaINDA.asp?Referencias=NDM5VzlXOVc5V1M4VU5ZQlRNTEhZQkxIOVdfX1RNVE1WQlM4WVhMSExI,20240531
20240531,2293737-1,COMISION NACIONAL PARA EL DESARROLLO Y VIDA SIN DROGAS,RESOLUCION,No 000114-2024-DV-PE,Autorizan transferencia financiera a favor de la Municipalidad Distrital de Ventanilla para financiar actividad,https://epdoc2.elperuano.pe/EpPo/DescargaINDA.asp?Referencias=NDM5VzlXOVc5V1M4VU5ZQlRNTEhZQkxIOVdfX1dWUzhXVlM4WVhMSExI,20240531
20240531,2293706-1,INTENDENCIA NACIONAL DE BOMBEROS DEL PERU,FE DE ERRATA,Res. No 037-2024-INBP,FE DE ERRATA,https://epdoc2.elperuano.pe/EpPo/DescargaINDA.asp?Referencias=NDM5VzlXOVc5V1M4VU5ZQlRNTEhZQkxIOVdfX1ZCWUJXVlM4WVhMSExI,20240531
20240531,2292615-1,ORGANISMO DE SUPERVISION DE LOS RECURSOS FORESTALES Y DE FAUNA SILVESTRE,RESOLUCION JEFATURAL,No 00024-2024-OSINFOR/01.1,Designan ejecutiva de la Unidad de Presupuesto e Inversiones de la Oficina de Planeamiento Presupuesto y Modernizacion del OSINFOR,https://epdoc2.elperuano.pe/EpPo/DescargaINDA.asp?Referencias=NDM5VzlXOVc5V1M4VU5ZQlRNTEhZQkxIOVdfX1VOOVdWQkxIWVhMSExI,20240531
20240531,2293800-1,SEGURO INTEGRAL DE SALUD,RESOLUCION JEFATURAL,No 000066-2024-SIS/J,Aprueban transferencia financiera del SIS a favor de diversas unidades ejecutoras,https://epdoc2.elperuano.pe/EpPo/DescargaINDA.asp?Referencias=NDM5VzlXOVc5V1M4VU5ZQlRNTEhZQkxIOVdfX1lCWUJYQ1M4WVhMSExI,20240531
20240531,2294141-1,SEGURO INTEGRAL DE SALUD,RESOLUCION JEFATURAL,No 000069-2024-SIS/J,Aprueban la Directiva que regula el Financiamiento de las prestaciones de Traslados de Emergencia y Alimentacion para Gestantes o Puerperas alojadas en Casas Maternas brindadas a los asegurados del Seguro Integral de Salud,https://epdoc2.elperuano.pe/EpPo/DescargaINDA.asp?Referencias=NDM5VzlXOVc5V1M4VU5ZQlRNTEhZQkxIOVdfXzlXVE05V1RNWVhMSExI,20240531
20240531,2294383-1,SEGURO INTEGRAL DE SALUD,RESOLUCION JEFATURAL,No 000070-2024-SIS/J,Aprueban la Directiva No 004-2024-SIS/GNF-V.01: Directiva que Regula el Beneficio Economico de Sepelio que brinda el Seguro Integral de Salud y su Aplicativo digital denominado Estamos para Ti y sus anexos,https://epdoc2.elperuano.pe/EpPo/DescargaINDA.asp?Referencias=NDM5VzlXOVc5V1M4VU5ZQlRNTEhZQkxIOVdfX1M4WENTOFRNWVhMSExI,20240531
20240531,2293712-1,ORGANISMO SUPERVISOR DE LA INVERSIoN EN ENERGiA Y MINERiA,RESOLUCION,No 105-2024-OS/CD,Resolucion de Consejo Directivo que resuelve el recurso de reconsideracion interpuesto por Empresa de Generacion Electrica de Junin S.A.C. contra la Resolucion No 054-2024-OS/CD mediante la cual se modifico la asignacion de responsabilidad de pago del Cuadro 10.4 del Anexo No 10 de la Resolucion No 070-2021-OS/CD y modificatorias,https://epdoc2.elperuano.pe/EpPo/DescargaINDA.asp?Referencias=NDM5VzlXOVc5V1M4VU5ZQlRNTEhZQkxIOVdfX0xIOVdXVlM4WVhMSExI,20240531
20240531,2293724-1,ORGANISMO SUPERVISOR DE LA INVERSIoN EN ENERGiA Y MINERiA,RESOLUCION,No 111-2024-OS/CD,Disponen la publicacion para comentarios del proyecto de modificacion del Procedimiento Tecnico del COES No 31 Calculo de los Costos Variables de las Unidades de Generacion,https://epdoc2.elperuano.pe/EpPo/DescargaINDA.asp?Referencias=NDM5VzlXOVc5V1M4VU5ZQlRNTEhZQkxIOVdfX1RNTEhXVlM4WVhMSExI,20240531
20240531,2293307-1,ORGANISMO SUPERVISOR DE INVERSION PRIVADA EN TELECOMUNICACIONES,RESOLUCION,No 00134-2024-CD/OSIPTEL,Declaran infundado Recurso de Apelacion interpuesto por ENTEL PERu S.A. contra la Resolucion No 047-2024-GG/OSIPTEL,https://epdoc2.elperuano.pe/EpPo/DescargaINDA.asp?Referencias=NDM5VzlXOVc5V1M4VU5ZQlRNTEhZQkxIOVdfX1dWWUJTOFM4WVhMSExI,20240531
20240531,2293308-1,ORGANISMO SUPERVISOR DE INVERSION PRIVADA EN TELECOMUNICACIONES,RESOLUCION,No 00135-2024-CD/OSIPTEL,Declaran infundado Recurso de Apelacion interpuesto por ENTEL PERu S.A. contra la Resolucion No 053-2024-GG/OSIPTEL,https://epdoc2.elperuano.pe/EpPo/DescargaINDA.asp?Referencias=NDM5VzlXOVc5V1M4VU5ZQlRNTEhZQkxIOVdfX1hDWUJTOFM4WVhMSExI,20240531
20240531,2293314-1,ORGANISMO SUPERVISOR DE INVERSION PRIVADA EN TELECOMUNICACIONES,RESOLUCION,No 00139-2024-CD/OSIPTEL,Aprueban ajuste trimestral de tarifas tope de los Servicios de Categoria I de Telefonica del Peru S.A.A.,https://epdoc2.elperuano.pe/EpPo/DescargaINDA.asp?Referencias=NDM5VzlXOVc5V1M4VU5ZQlRNTEhZQkxIOVdfX1RNOVdTOFM4WVhMSExI,20240531
20240531,2293796-1,ORGANISMO TeCNICO DE LA ADMINISTRACIoN DE LOS SERVICIOS DE SANEAMIENTO,RESOLUCION DIRECTORAL,No 000057-2024-OTASS-DE,Designan Gerente de Administracion y Finanzas de la Unidad Ejecutora 002 Servicios de Saneamiento Tumbes,https://epdoc2.elperuano.pe/EpPo/DescargaINDA.asp?Referencias=NDM5VzlXOVc5V1M4VU5ZQlRNTEhZQkxIOVdfX1ZCWVhXVlM4WVhMSExI,20240531
20240531,2293707-1,SUPERINTENDENCIA DEL MERCADO DE VALORES,RESOLUCION,No 069-2024-SMV/02,Aprueban la modificacion del Manual de Clasificador de Cargos (MCC) de la Superintendencia del Mercado de Valores,https://epdoc2.elperuano.pe/EpPo/DescargaINDA.asp?Referencias=NDM5VzlXOVc5V1M4VU5ZQlRNTEhZQkxIOVdfX1dWWUJXVlM4WVhMSExI,20240531
20240531,2293039-1,SUPERINTENDENCIA NACIONAL DE ADUANAS Y DE ADMINISTRACIoN TRIBUTARIA,RESOLUCION,No 000107-2024/SUNAT,Designan Gerente de Cooperacion Tecnica y Convenios dependiente de la Secretaria Institucional,https://epdoc2.elperuano.pe/EpPo/DescargaINDA.asp?Referencias=NDM5VzlXOVc5V1M4VU5ZQlRNTEhZQkxIOVdfX1lYUzhZQlM4WVhMSExI,20240531
20240531,2293458-1,SUPERINTENDENCIA NACIONAL DE LOS REGISTROS PUBLICOS,RESOLUCION,No 075-2024-SUNARP/SN,Aprueban la ampliacion del servicio Agente Sunarp para el acceso a la publicidad formal simple y certificada a traves del Servicio de Publicidad Registral en Linea (SPRL) que se tramite en los gobiernos regionales colegios profesionales y los notarios publicos a nivel nacional,https://epdoc2.elperuano.pe/EpPo/DescargaINDA.asp?Referencias=NDM5VzlXOVc5V1M4VU5ZQlRNTEhZQkxIOVdfX1hDVU5UTVM4WVhMSExI,20240531
20240531,2291778-1,INSTITUCIONES EDUCATIVAS,RESOLUCION,No 13173-2024-UNJBG,Autorizan viaje de docente de la Universidad Nacional Jorge Basadre Grohmann a Brasil en comision de servicios,https://epdoc2.elperuano.pe/EpPo/DescargaINDA.asp?Referencias=NDM5VzlXOVc5V1M4VU5ZQlRNTEhZQkxIOVdfX1hDV1ZXVjlXWVhMSExI,20240531
20240531,2293748-1,MINISTERIO PUBLICO,RESOLUCION,No 1291-2024-MP-FN,Aceptan renuncia de fiscal adjunto provincial provisional del Distrito Fiscal del Cusco,https://epdoc2.elperuano.pe/EpPo/DescargaINDA.asp?Referencias=NDM5VzlXOVc5V1M4VU5ZQlRNTEhZQkxIOVdfX1hDVE1XVlM4WVhMSExI,20240531
20240531,2293751-1,MINISTERIO PUBLICO,RESOLUCION,No 1292-2024-MP-FN,Aceptan renuncia de fiscal adjunto provincial provisional del Distrito Fiscal de Moquegua,https://epdoc2.elperuano.pe/EpPo/DescargaINDA.asp?Referencias=NDM5VzlXOVc5V1M4VU5ZQlRNTEhZQkxIOVdfXzlXVU5XVlM4WVhMSExI,20240531
20240531,2293754-1,MINISTERIO PUBLICO,RESOLUCION,No 1293-2024-MP-FN,Aceptan renuncia de fiscal adjunta provincial provisional del Distrito Fiscal de Lima Este,https://epdoc2.elperuano.pe/EpPo/DescargaINDA.asp?Referencias=NDM5VzlXOVc5V1M4VU5ZQlRNTEhZQkxIOVdfX1RNVU5XVlM4WVhMSExI,20240531
20240531,2293755-1,MINISTERIO PUBLICO,RESOLUCION,No 1294-2024-MP-FN,Aceptan renuncia de fiscal adjunta provincial provisional del Distrito Fiscal de Cajamarca,https://epdoc2.elperuano.pe/EpPo/DescargaINDA.asp?Referencias=NDM5VzlXOVc5V1M4VU5ZQlRNTEhZQkxIOVdfX1VOVU5XVlM4WVhMSExI,20240531
20240531,2293758-1,MINISTERIO PUBLICO,RESOLUCION,No 1295-2024-MP-FN,Aceptan renuncia de fiscal adjunto provincial provisional del Distrito Fiscal de Ucayali,https://epdoc2.elperuano.pe/EpPo/DescargaINDA.asp?Referencias=NDM5VzlXOVc5V1M4VU5ZQlRNTEhZQkxIOVdfX1hDVU5XVlM4WVhMSExI,20240531
20240531,2293760-1,MINISTERIO PUBLICO,RESOLUCION,No 1296-2024-MP-FN,Designan fiscal adjunta provincial titular penal (corporativa) de Pasco Distrito Fiscal de Pasco,https://epdoc2.elperuano.pe/EpPo/DescargaINDA.asp?Referencias=NDM5VzlXOVc5V1M4VU5ZQlRNTEhZQkxIOVdfX1lCVkJXVlM4WVhMSExI,20240531
20240531,2293763-1,MINISTERIO PUBLICO,RESOLUCION,No 1297-2024-MP-FN,Nombran fiscal adjunta provincial provisional del Distrito Fiscal de Junin,https://epdoc2.elperuano.pe/EpPo/DescargaINDA.asp?Referencias=NDM5VzlXOVc5V1M4VU5ZQlRNTEhZQkxIOVdfX1M4VkJXVlM4WVhMSExI,20240531
20240531,2293765-1,MINISTERIO PUBLICO,RESOLUCION,No 1298-2024-MP-FN,Nombran fiscal adjunta provincial provisional del Distrito Fiscal de la Selva Central,https://epdoc2.elperuano.pe/EpPo/DescargaINDA.asp?Referencias=NDM5VzlXOVc5V1M4VU5ZQlRNTEhZQkxIOVdfX1VOVkJXVlM4WVhMSExI,20240531
20240531,2293766-1,MINISTERIO PUBLICO,RESOLUCION,No 1299-2024-MP-FN,Nombran fiscal provincial provisional del Distrito Fiscal de Ucayali,https://epdoc2.elperuano.pe/EpPo/DescargaINDA.asp?Referencias=NDM5VzlXOVc5V1M4VU5ZQlRNTEhZQkxIOVdfX1ZCVkJXVlM4WVhMSExI,20240531
20240531,2293768-1,MINISTERIO PUBLICO,RESOLUCION,No 1300-2024-MP-FN,Nombran fiscal adjunto provincial provisional transitorio del Distrito Fiscal de Arequipa,https://epdoc2.elperuano.pe/EpPo/DescargaINDA.asp?Referencias=NDM5VzlXOVc5V1M4VU5ZQlRNTEhZQkxIOVdfX1hDVkJXVlM4WVhMSExI,20240531
20240531,2293769-1,MINISTERIO PUBLICO,RESOLUCION,No 1301-2024-MP-FN,Nombran fiscal adjunto provincial provisional transitoria del Distrito Fiscal de la Selva Central,https://epdoc2.elperuano.pe/EpPo/DescargaINDA.asp?Referencias=NDM5VzlXOVc5V1M4VU5ZQlRNTEhZQkxIOVdfX1lYVkJXVlM4WVhMSExI,20240531
20240531,2293770-1,MINISTERIO PUBLICO,RESOLUCION,No 1302-2024-MP-FN,Nombran fiscal adjunta provincial provisional del Distrito Fiscal de Lima Norte,https://epdoc2.elperuano.pe/EpPo/DescargaINDA.asp?Referencias=NDM5VzlXOVc5V1M4VU5ZQlRNTEhZQkxIOVdfX1lCV1ZXVlM4WVhMSExI,20240531
20240531,2293546-1,REGISTRO NACIONAL DE IDENTIFICACION Y ESTADO CIVIL,RESOLUCION JEFATURAL,No 000086-2024/JNAC/RENIEC,Autorizan gratuidad hasta la meta de 61144 procedimientos en el RUIPN de renovacion del DNI o de actualizacion de otros datos siempre que se tramiten conjuntamente con la actualizacion de la direccion domiciliaria para poblacion mayor y menor con clasificacion socio economica pobre o muy pobre registrada en el Padron General de Hogares del SISFOH y que habite en todos los distritos a nivel nacional durante el ano 2024,https://epdoc2.elperuano.pe/EpPo/DescargaINDA.asp?Referencias=NDM5VzlXOVc5V1M4VU5ZQlRNTEhZQkxIOVdfX1ZCVE1VTlM4WVhMSExI,20240531
20240531,2292584-1,SUPERINTENDENCIA DE BANCA  SEGUROS Y ADMINISTRADORAS PRIVADAS DE FONDOS DE PENSIONES,RESOLUCION,SBS No 01960-2024,Autorizan viaje de Superintendenta de Banca Seguros y Administradoras Privadas de Fondos de Pensiones a los EE.UU. en comision de servicios,https://epdoc2.elperuano.pe/EpPo/DescargaINDA.asp?Referencias=NDM5VzlXOVc5V1M4VU5ZQlRNTEhZQkxIOVdfX1RNWENVTkxIWVhMSExI,20240531
20240531,2293287-1,SUPERINTENDENCIA DE BANCA  SEGUROS Y ADMINISTRADORAS PRIVADAS DE FONDOS DE PENSIONES,RESOLUCION,SBS No 01989-2024,Autorizan viaje de analista de la Unidad de Inteligencia Financiera del Peru para participar en evento a realizarse en la Republica Francesa,https://epdoc2.elperuano.pe/EpPo/DescargaINDA.asp?Referencias=NDM5VzlXOVc5V1M4VU5ZQlRNTEhZQkxIOVdfX1dWWENMSFM4WVhMSExI,20240531
20240531,2292492-1,GOBIERNO REGIONAL DE AMAZONAS,ORDENANZA,No 002-2024-GRA/CR,Ordenanza Regional que promueve la incorporacion del enfoque intercultural  el uso preservacion desarrollo recuperacion fomento y difusion de las lenguas indigenas u originarias asi como la promocion de la diversidad cultural para la prevencion y sancion del racismo y la discriminacion etnico-racial asi como la promocion de derechos del pueblo afroperuano en la region Amazonas,https://epdoc2.elperuano.pe/EpPo/DescargaINDA.asp?Referencias=NDM5VzlXOVc5V1M4VU5ZQlRNTEhZQkxIOVdfX0xIWVhUTUxIWVhMSExI,20240531
20240531,2293272-1,GOBIERNO REGIONAL DE LA LIBERTAD,ORDENANZA,No 000005-2024-GRLL-CR,Declaran de necesidad publica e interes regional la creacion de la ciudad satelite La Libertad distrito de Salaverry provincia de Trujillo departamento de La Libertad,https://epdoc2.elperuano.pe/EpPo/DescargaINDA.asp?Referencias=NDM5VzlXOVc5V1M4VU5ZQlRNTEhZQkxIOVdfX0xIV1ZMSFM4WVhMSExI,20240531
20240531,2293791-1,GOBIERNO REGIONAL DE LAMBAYEQUE,ACUERDO,No 000204-2024-GR. LAMB/CR [325255599 - 21],Aprueban la Modificacion del Presupuesto Institucional,https://epdoc2.elperuano.pe/EpPo/DescargaINDA.asp?Referencias=NDM5VzlXOVc5V1M4VU5ZQlRNTEhZQkxIOVdfXzlXWVhXVlM4WVhMSExI,20240531
20240531,2289181-1,GOBIERNO REGIONAL DE PASCO,RESOLUCION,No 646-2023-G.R.P. GOB.,Aprueban el Manual de Clasificador de Cargos del Gobierno Regional de Pasco,https://epdoc2.elperuano.pe/EpPo/DescargaINDA.asp?Referencias=NDM5VzlXOVc5V1M4VU5ZQlRNTEhZQkxIOVdfXzlXWEM5V1lYWENMSExI,20240531
20240531,2292443-1,MUNICIPALIDAD DE ANCON,ORDENANZA,No 516-2024/ MDA,Ordenanza que aprueba la Campana de Beneficios Tributarios,https://epdoc2.elperuano.pe/EpPo/DescargaINDA.asp?Referencias=NDM5VzlXOVc5V1M4VU5ZQlRNTEhZQkxIOVdfX1M4VE1UTUxIWVhMSExI,20240531
20240531,2288876-1,MUNICIPALIDAD DE ANCON,RESOLUCION DE ALCALDIA,No 125-2024-MDA,Convocan a la ciudadania a la Primera Audiencia Publica de Rendicion de Cuentas de la Municipalidad Distrital de Ancon del ano 2024,https://epdoc2.elperuano.pe/EpPo/DescargaINDA.asp?Referencias=NDM5VzlXOVc5V1M4VU5ZQlRNTEhZQkxIOVdfX1ZCV1ZYQ1hDWENMSExI,20240531
20240531,2293690-1,MUNICIPALIDAD DE ATE,DECRETO DE ALCALDIA,No 007,Prorrogan vigencia de la Ordenanza No 612-MDA Ordenanza que establece amnistia en el pago de deudas tributarias y no tributarias en el distrito de Ate,https://epdoc2.elperuano.pe/EpPo/DescargaINDA.asp?Referencias=NDM5VzlXOVc5V1M4VU5ZQlRNTEhZQkxIOVdfX1lCWVhWQlM4WVhMSExI,20240531
20240531,2293146-1,MUNICIPALIDAD DE BARRANCO,DECRETO DE ALCALDIA,No 012-2024-MDB.,Prorrogan los plazos de vigencia de los descuentos dispuestos en la Ordenanza No 627-2023-MDB que aprobo las fechas de vencimiento del Impuesto Predial el monto minimo del Impuesto Predial y el beneficio tributario de pronto pago correspondiente al Ejercicio 2024,https://epdoc2.elperuano.pe/EpPo/DescargaINDA.asp?Referencias=NDM5VzlXOVc5V1M4VU5ZQlRNTEhZQkxIOVdfX1ZCVE05V1M4WVhMSExI,20240531
20240531,2293914-1,MUNICIPALIDAD DE LA VICTORIA,Decretos de Alcaldia,No 005-2024/MLV,Prorrogan vigencia de la Ordenanza No 439/MLV que otorgo incentivos tributarios con caracter temporal a contribuyentes del distrito de La Victoria para la deuda correspondiente al Ejercicio Fiscal 2024,https://epdoc2.elperuano.pe/EpPo/DescargaINDA.asp?Referencias=NDM5VzlXOVc5V1M4VU5ZQlRNTEhZQkxIOVdfX1RNOVdZWFM4WVhMSExI,20240531
20240531,2293488-1,MUNICIPALIDAD DE LINCE,DECRETO DE ALCALDIA,No 08-2024-MDL,Prorrogan vencimiento de la Ordenanza No 507-2024-MDL que aprueba beneficio tributario y no tributario en el distrito de Lince,https://epdoc2.elperuano.pe/EpPo/DescargaINDA.asp?Referencias=NDM5VzlXOVc5V1M4VU5ZQlRNTEhZQkxIOVdfX1hDWENUTVM4WVhMSExI,20240531
20240531,2293654-1,MUNICIPALIDAD DE LURIN,DECRETO DE ALCALDIA,No 002-2024-ALC/MDL,Precisan que las actividades de vender consumir o facilitar el consumo de bebidas alcoholicas en la via publica plazas parques vehiculos estacionados u otros son actividades prohibidas en el distrito de Lurin en aplicacion de la Ordenanza Municipal No 492-2024/MDL,https://epdoc2.elperuano.pe/EpPo/DescargaINDA.asp?Referencias=NDM5VzlXOVc5V1M4VU5ZQlRNTEhZQkxIOVdfX1RNVU5WQlM4WVhMSExI,20240531
20240531,2293658-1,MUNICIPALIDAD DE LURIN,DECRETO DE ALCALDIA,No 003-2024-ALC/MDL,Precisan que la actividad de realizar espectaculos pirotecnicos sin autorizacion de la SUCAMEC o la autoridad municipal competente  y la actividad de uso de material detonante o deflagrante sin autorizacion municipal son actividades prohibidas en el distrito de Lurin en aplicacion de la Ordenanza Municipal No 492-2024/MDL,https://epdoc2.elperuano.pe/EpPo/DescargaINDA.asp?Referencias=NDM5VzlXOVc5V1M4VU5ZQlRNTEhZQkxIOVdfX1hDVU5WQlM4WVhMSExI,20240531
20240531,2293531-1,MUNICIPALIDAD DE PUENTE PIEDRA,ORDENANZA,No 448-MDPP,Ordenanza que establece beneficios tributarios y no tributarios en el distrito de Puente Piedra,https://epdoc2.elperuano.pe/EpPo/DescargaINDA.asp?Referencias=NDM5VzlXOVc5V1M4VU5ZQlRNTEhZQkxIOVdfXzlXUzhVTlM4WVhMSExI,20240531
20240531,2293387-1,MUNICIPALIDAD DE SAN JUAN DE LURIGANCHO,Decretos de Alcaldia,No 013-2024-MDSJL,Aprueban el Reglamento Interno del Centro Integral de Atencion al Adulto Mayor- CIAM de la Municipalidad Distrital de San Juan de Lurigancho,https://epdoc2.elperuano.pe/EpPo/DescargaINDA.asp?Referencias=NDM5VzlXOVc5V1M4VU5ZQlRNTEhZQkxIOVdfX1dWWENTOFM4WVhMSExI,20240531
20240531,2293436-1,MUNICIPALIDAD DE SAN JUAN DE LURIGANCHO,Ordenanzas,No 477-MDSJL,Aprueban el Reglamento del sorteo publico de premios por el pago puntual de obligaciones tributarias en el distrito de San Juan de Lurigancho,https://epdoc2.elperuano.pe/EpPo/DescargaINDA.asp?Referencias=NDM5VzlXOVc5V1M4VU5ZQlRNTEhZQkxIOVdfX1ZCUzhUTVM4WVhMSExI,20240531
20240531,2294294-1,MUNICIPALIDAD DE SAN JUAN DE LURIGANCHO,Ordenanzas,No 479-MDSJL,Ordenanza que establece el regimen de beneficios tributarios en el distrito de San Juan de Lurigancho periodo fiscal 2024,https://epdoc2.elperuano.pe/EpPo/DescargaINDA.asp?Referencias=NDM5VzlXOVc5V1M4VU5ZQlRNTEhZQkxIOVdfX1RNWVhMSFRNWVhMSExI,20240531
20240531,2293247-1,MUNICIPALIDAD DE SANTA ANITA,DECRETO DE ALCALDIA,No 00005-2024/MDSA,Prorrogan la Ordenanza No 351/MDSA que establece beneficios de Regimen de Incentivos Tributarios Campana de Fiscalizacion Tributaria Masiva y Regularizacion de deudas No Tributarias en el distrito de Santa Anita,https://epdoc2.elperuano.pe/EpPo/DescargaINDA.asp?Referencias=NDM5VzlXOVc5V1M4VU5ZQlRNTEhZQkxIOVdfX1dWVE1MSFM4WVhMSExI,20240531
20240531,2293630-1,MUNICIPALIDAD DE VILLA EL SALVADOR,DECRETO DE ALCALDIA,No 005-2024-ALC/MVES,Prorrogan vigencia de la Ordenanza No 504-MVES Ordenanza que establece beneficios tributarios a favor de los contribuyentes del distrito,https://epdoc2.elperuano.pe/EpPo/DescargaINDA.asp?Referencias=NDM5VzlXOVc5V1M4VU5ZQlRNTEhZQkxIOVdfX1lCUzhWQlM4WVhMSExI,20240531
20240530,2293457-1,PRESIDENCIA DEL CONSEJO DE MINISTROS,DECRETO SUPREMO,No 054-2024-PCM,Decreto Supremo que prorroga el Estado de Emergencia en los distritos de Tambopata Inambari Las Piedras y Laberinto de la provincia de Tambopata y en los distritos de Madre de Dios y Huepetuhe de la provincia de Manu del departamento de Madre de Dios,https://epdoc2.elperuano.pe/EpPo/DescargaINDA.asp?Referencias=NDNZQllCWUJZQlM4VU5ZQlRNTEhZQkxIOVdfX1dWVU5UTVM4WVhMSExI,20240531
20240530,2293251-1,DEFENSA,RESOLUCION MINISTERIAL,No 00524-2024-DE,Autorizan viaje de personal naval a Chile en comision de servicios,https://epdoc2.elperuano.pe/EpPo/DescargaINDA.asp?Referencias=NDNZQllCWUJZQlM4VU5ZQlRNTEhZQkxIOVdfXzlXVU5MSFM4WVhMSExI,20240531
20240530,2293360-1,DESARROLLO AGRARIO Y RIEGO,RESOLUCION,No D000144-2024-MIDAGRI-SERFOR-DE,Designan Director de la Oficina de Presupuesto de la Oficina General de Planeamiento y Presupuesto del SERFOR,https://epdoc2.elperuano.pe/EpPo/DescargaINDA.asp?Referencias=NDNZQllCWUJZQlM4VU5ZQlRNTEhZQkxIOVdfX1lCVkJTOFM4WVhMSExI,20240531
20240530,2293422-1,DESARROLLO AGRARIO Y RIEGO,RESOLUCION DIRECTORAL,No D000022-2024-MIDAGRI-SENASA-DSV,Establecen requisitos fitosanitarios de cumplimiento obligatorio para la importacion de granos de cacao de origen y procedencia de la Republica del Ecuador y dictan diversas disposiciones,https://epdoc2.elperuano.pe/EpPo/DescargaINDA.asp?Referencias=NDNZQllCWUJZQlM4VU5ZQlRNTEhZQkxIOVdfX0xITEhUTVM4WVhMSExI,20240531
20240530,2293045-1,DESARROLLO E INCLUSIoN SOCIAL,RESOLUCION MINISTERIAL,No D000082-2024-MIDIS,Felicitan a 610 municipalidades ganadoras por cumplir con sus indicadores evaluados que formaron parte de la primera edicion del Distintivo por la promocion de los servicios para el logro de los Resultados del Desarrollo Infantil Temprano - Apuesta por la Primera Infancia,https://epdoc2.elperuano.pe/EpPo/DescargaINDA.asp?Referencias=NDNZQllCWUJZQlM4VU5ZQlRNTEhZQkxIOVdfX1VOVE1ZQlM4WVhMSExI,20240531
20240530,2293259-1,EDUCACION,RESOLUCION MINISTERIAL,No 255-2024-MINEDU,Modifican el Anexo de la Resolucion Ministerial No 069-2024-MINEDU,https://epdoc2.elperuano.pe/EpPo/DescargaINDA.asp?Referencias=NDNZQllCWUJZQlM4VU5ZQlRNTEhZQkxIOVdfX1lYVU5MSFM4WVhMSExI,20240531
20240530,2293261-1,EDUCACION,RESOLUCION MINISTERIAL,No 256-2024-MINEDU,Autorizan transferencia financiera a favor de la Universidad Nacional de Piura,https://epdoc2.elperuano.pe/EpPo/DescargaINDA.asp?Referencias=NDNZQllCWUJZQlM4VU5ZQlRNTEhZQkxIOVdfXzlXVkJMSFM4WVhMSExI,20240531
20240530,2293265-1,EDUCACION,RESOLUCION MINISTERIAL,No 257-2024-MINEDU,Autorizan transferencia financiera a favor de la Universidad Nacional Mayor de San Marcos,https://epdoc2.elperuano.pe/EpPo/DescargaINDA.asp?Referencias=NDNZQllCWUJZQlM4VU5ZQlRNTEhZQkxIOVdfX1VOVkJMSFM4WVhMSExI,20240531
20240530,2293267-1,EDUCACION,RESOLUCION MINISTERIAL,No 258-2024-MINEDU,Autorizan transferencia financiera a favor de la Universidad Nacional de Cajamarca,https://epdoc2.elperuano.pe/EpPo/DescargaINDA.asp?Referencias=NDNZQllCWUJZQlM4VU5ZQlRNTEhZQkxIOVdfX1dWVkJMSFM4WVhMSExI,20240531
20240530,2293276-1,EDUCACION,RESOLUCION MINISTERIAL,No 259-2024-MINEDU,Autorizan transferencia financiera a favor de la Universidad Nacional de San Antonio Abad del Cusco,https://epdoc2.elperuano.pe/EpPo/DescargaINDA.asp?Referencias=NDNZQllCWUJZQlM4VU5ZQlRNTEhZQkxIOVdfX1ZCV1ZMSFM4WVhMSExI,20240531
20240530,2293280-1,EDUCACION,RESOLUCION MINISTERIAL,No 260-2024-MINEDU,Autorizan transferencia financiera a favor de la Universidad Nacional del Centro del Peru,https://epdoc2.elperuano.pe/EpPo/DescargaINDA.asp?Referencias=NDNZQllCWUJZQlM4VU5ZQlRNTEhZQkxIOVdfX1lCWENMSFM4WVhMSExI,20240531
20240530,2293283-1,EDUCACION,RESOLUCION MINISTERIAL,No 262-2024-MINEDU,Autorizan transferencia financiera a favor de la Universidad Nacional de Educacion Enrique Guzman y Valle,https://epdoc2.elperuano.pe/EpPo/DescargaINDA.asp?Referencias=NDNZQllCWUJZQlM4VU5ZQlRNTEhZQkxIOVdfX1M4WENMSFM4WVhMSExI,20240531
20240530,2293711-1,INTERIOR,RESOLUCION,No 073-2024-IN-SG,Aprueban el Presupuesto Analitico de Personal 2024 de la Unidad Ejecutora 001-0025: Ministerio del Interior - Oficina General de Administracion del Ministerio del Interior,https://epdoc2.elperuano.pe/EpPo/DescargaINDA.asp?Referencias=NDNZQllCWUJZQlM4VU5ZQlRNTEhZQkxIOVdfXzlXOVdXVlM4WVhMSExI,20240531
20240530,2293466-1,INTERIOR,RESOLUCION MINISTERIAL,No 0676-2024-IN,Designan representante del Ministerio de Salud ante el Directorio del Fondo de Aseguramiento en Salud de la Policia Nacional del Peru - SALUDPOL,https://epdoc2.elperuano.pe/EpPo/DescargaINDA.asp?Referencias=NDNZQllCWUJZQlM4VU5ZQlRNTEhZQkxIOVdfX1ZCVkJUTVM4WVhMSExI,20240531
20240530,2293457-10,JUSTICIA Y DERECHOS HUMANOS,RESOLUCION SUPREMA,No 108-2024-JUS,Acceden a solicitud de extradicion activa de ciudadano peruano para ser extraditado de la Republica Argentina y ser procesado en la Republica del Peru,https://epdoc2.elperuano.pe/EpPo/DescargaINDA.asp?Referencias=NjNZQllCWUJTOFVOWUJUTUxIWUJMSFlCOVdfX1dWVU5UTVM4WVhMSExI,20240531
20240530,2293457-11,JUSTICIA Y DERECHOS HUMANOS,RESOLUCION SUPREMA,No 109-2024-JUS,Acceden a solicitud de extradicion activa de ciudadano peruano para ser extraditado de la Republica Argentina y ser procesado en la Republica del Peru,https://epdoc2.elperuano.pe/EpPo/DescargaINDA.asp?Referencias=NjNZQllCWUJTOFVOWUJUTUxIWUJMSDlXOVdfX1dWVU5UTVM4WVhMSExI,20240531
20240530,2293457-12,JUSTICIA Y DERECHOS HUMANOS,RESOLUCION SUPREMA,No 110-2024-JUS,Acceden a solicitud de extradicion activa de ciudadano colombiano para ser extraditado de la Republica de Colombia y ser procesado en la Republica del Peru,https://epdoc2.elperuano.pe/EpPo/DescargaINDA.asp?Referencias=NjNZQllCWUJTOFVOWUJUTUxIWUJMSExIOVdfX1dWVU5UTVM4WVhMSExI,20240531
20240530,2293457-13,JUSTICIA Y DERECHOS HUMANOS,RESOLUCION SUPREMA,No 111-2024-JUS,Acceden a solicitud de extradicion activa de ciudadano colombiano para ser extraditado de la Republica de Colombia y ser procesado en la Republica del Peru,https://epdoc2.elperuano.pe/EpPo/DescargaINDA.asp?Referencias=NjNZQllCWUJTOFVOWUJUTUxIWUJMSFM4OVdfX1dWVU5UTVM4WVhMSExI,20240531
20240530,2293457-14,JUSTICIA Y DERECHOS HUMANOS,RESOLUCION SUPREMA,No 112-2024-JUS,Acceden a solicitud de extradicion activa de ciudadano peruano para ser extraditado de la Republica Federativa de Brasil y ser procesado en la Republica del Peru,https://epdoc2.elperuano.pe/EpPo/DescargaINDA.asp?Referencias=NjNZQllCWUJTOFVOWUJUTUxIWUJMSFRNOVdfX1dWVU5UTVM4WVhMSExI,20240531
20240530,2293457-15,JUSTICIA Y DERECHOS HUMANOS,RESOLUCION SUPREMA,No 113-2024-JUS,Acceden a solicitud de ampliacion de extradicion activa de ciudadano peruano para ser extraditado de la Republica Federativa de Brasil y ser procesado en la Republica del Peru,https://epdoc2.elperuano.pe/EpPo/DescargaINDA.asp?Referencias=NjNZQllCWUJTOFVOWUJUTUxIWUJMSFVOOVdfX1dWVU5UTVM4WVhMSExI,20240531
20240530,2293457-16,JUSTICIA Y DERECHOS HUMANOS,RESOLUCION SUPREMA,No 114-2024-JUS,Acceden a solicitud de extradicion activa de ciudadano peruano para ser extraditado de la Republica de Chile y ser procesado en la Republica del Peru,https://epdoc2.elperuano.pe/EpPo/DescargaINDA.asp?Referencias=NjNZQllCWUJTOFVOWUJUTUxIWUJMSFZCOVdfX1dWVU5UTVM4WVhMSExI,20240531
20240530,2293457-17,JUSTICIA Y DERECHOS HUMANOS,RESOLUCION SUPREMA,No 115-2024-JUS,Acceden a solicitud de extradicion activa de ciudadano peruano para ser extraditado de la Republica de Chile y ser procesado en la Republica del Peru,https://epdoc2.elperuano.pe/EpPo/DescargaINDA.asp?Referencias=NjNZQllCWUJTOFVOWUJUTUxIWUJMSFdWOVdfX1dWVU5UTVM4WVhMSExI,20240531
20240530,2293457-18,JUSTICIA Y DERECHOS HUMANOS,RESOLUCION SUPREMA,No 116-2024-JUS,Acceden a solicitud de extradicion pasiva con procedimiento simplificado de entrega de ciudadano peruano para ser extraditado de la Republica del Peru,https://epdoc2.elperuano.pe/EpPo/DescargaINDA.asp?Referencias=NjNZQllCWUJTOFVOWUJUTUxIWUJMSFhDOVdfX1dWVU5UTVM4WVhMSExI,20240531
20240530,2293457-19,JUSTICIA Y DERECHOS HUMANOS,RESOLUCION SUPREMA,No 117-2024-JUS,Acceden a solicitud de extradicion pasiva de ciudadano peruano para ser extraditado de la Republica del Peru y ser procesado en la Republica Argentina,https://epdoc2.elperuano.pe/EpPo/DescargaINDA.asp?Referencias=NjNZQllCWUJTOFVOWUJUTUxIWUJMSFlYOVdfX1dWVU5UTVM4WVhMSExI,20240531
20240530,2293457-2,JUSTICIA Y DERECHOS HUMANOS,RESOLUCION SUPREMA,No 100-2024-JUS,Acceden a solicitud de extradicion activa de ciudadano espanol para ser extraditado de la Republica Francesa y ser procesado en la Republica del Peru,https://epdoc2.elperuano.pe/EpPo/DescargaINDA.asp?Referencias=NDNZQllCWUJZQlM4VU5ZQlRNTEhZQkxITEhfX1dWVU5UTVM4WVhMSExI,20240531
20240530,2293457-20,JUSTICIA Y DERECHOS HUMANOS,RESOLUCION SUPREMA,No 118-2024-JUS,Acceden a solicitud de extradicion pasiva de ciudadano peruano para ser extraditado de la Republica del Peru y ser procesado en la Republica Argentina,https://epdoc2.elperuano.pe/EpPo/DescargaINDA.asp?Referencias=NjNZQllCWUJTOFVOWUJUTUxIWUJMSFlCTEhfX1dWVU5UTVM4WVhMSExI,20240531
20240530,2293457-21,JUSTICIA Y DERECHOS HUMANOS,RESOLUCION SUPREMA,No 119-2024-JUS,Acceden a solicitud de extradicion pasiva de ciudadano de nacionalidad ecuatoriana para ser extraditado de la Republica del Peru y ser procesado en la Republica del Ecuador,https://epdoc2.elperuano.pe/EpPo/DescargaINDA.asp?Referencias=NjNZQllCWUJTOFVOWUJUTUxIWUJMSDlXTEhfX1dWVU5UTVM4WVhMSExI,20240531
20240530,2293457-22,JUSTICIA Y DERECHOS HUMANOS,RESOLUCION SUPREMA,No 120-2024-JUS,Acceden a solicitud de extradicion pasiva con procedimiento simplificado de entrega de ciudadana venezolana para ser extraditada de la Republica del Peru y ser procesada en la Republica Bolivariana de Venezuela,https://epdoc2.elperuano.pe/EpPo/DescargaINDA.asp?Referencias=NjNZQllCWUJTOFVOWUJUTUxIWUJMSExITEhfX1dWVU5UTVM4WVhMSExI,20240531
20240530,2293457-23,JUSTICIA Y DERECHOS HUMANOS,RESOLUCION SUPREMA,No 121-2024-JUS,Acceden a solicitud de extradicion pasiva de ciudadano venezolano para ser extraditado de la Republica del Peru y ser procesado en la Republica Bolivariana de Venezuela,https://epdoc2.elperuano.pe/EpPo/DescargaINDA.asp?Referencias=NjNZQllCWUJTOFVOWUJUTUxIWUJMSFM4TEhfX1dWVU5UTVM4WVhMSExI,20240531
20240530,2293457-24,JUSTICIA Y DERECHOS HUMANOS,RESOLUCION SUPREMA,No 122-2024-JUS,Acceden a solicitud de traslado pasivo de ciudadano italiano quien se encuentra cumpliendo sentencia en el Establecimiento Penitenciario de Ancon II para cumplir el resto de la condena impuesta por las autoridades judiciales peruanas en un centro penitenciario de la Republica Italiana,https://epdoc2.elperuano.pe/EpPo/DescargaINDA.asp?Referencias=NjNZQllCWUJTOFVOWUJUTUxIWUJMSFRNTEhfX1dWVU5UTVM4WVhMSExI,20240531
20240530,2293457-25,JUSTICIA Y DERECHOS HUMANOS,RESOLUCION SUPREMA,No 123-2024-JUS,Acceden a solicitud de traslado pasivo de ciudadano mexicano quien se encuentra cumpliendo sentencia en el Establecimiento Penitenciario de Ancon II para cumplir el resto de la condena impuesta por las autoridades judiciales peruanas en un centro penitenciario de los Estados Unidos Mexicanos,https://epdoc2.elperuano.pe/EpPo/DescargaINDA.asp?Referencias=NjNZQllCWUJTOFVOWUJUTUxIWUJMSFVOTEhfX1dWVU5UTVM4WVhMSExI,20240531
20240530,2293457-26,JUSTICIA Y DERECHOS HUMANOS,RESOLUCION SUPREMA,No 124-2024-JUS,Acceden a solicitud de traslado pasivo de ciudadana boliviana quien se encuentra cumpliendo sentencia en el Establecimiento Penitenciario de Juliaca para cumplir el resto de la condena impuesta por las autoridades judiciales peruanas en un centro penitenciario del Estado Plurinacional de Bolivia,https://epdoc2.elperuano.pe/EpPo/DescargaINDA.asp?Referencias=NjNZQllCWUJTOFVOWUJUTUxIWUJMSFZCTEhfX1dWVU5UTVM4WVhMSExI,20240531
20240530,2293457-3,JUSTICIA Y DERECHOS HUMANOS,RESOLUCION SUPREMA,No 101-2024-JUS,Acceden a solicitud de extradicion activa de ciudadano peruano para ser extraditado del Reino de Espana y ser procesado en la Republica del Peru,https://epdoc2.elperuano.pe/EpPo/DescargaINDA.asp?Referencias=NDNZQllCWUJZQlM4VU5ZQlRNTEhZQkxIUzhfX1dWVU5UTVM4WVhMSExI,20240531
20240530,2293457-4,JUSTICIA Y DERECHOS HUMANOS,RESOLUCION SUPREMA,No 102-2024-JUS,Acceden a solicitud de extradicion activa de ciudadano peruano para ser extraditado del Reino de Espana y cumplir su condena en la Republica del Peru,https://epdoc2.elperuano.pe/EpPo/DescargaINDA.asp?Referencias=NDNZQllCWUJZQlM4VU5ZQlRNTEhZQkxIVE1fX1dWVU5UTVM4WVhMSExI,20240531
20240530,2293457-5,JUSTICIA Y DERECHOS HUMANOS,RESOLUCION SUPREMA,No 103-2024-JUS,Acceden a solicitud de extradicion activa de ciudadano peruano para ser extraditado del Reino de Espana y ser procesado en la Republica del Peru,https://epdoc2.elperuano.pe/EpPo/DescargaINDA.asp?Referencias=NDNZQllCWUJZQlM4VU5ZQlRNTEhZQkxIVU5fX1dWVU5UTVM4WVhMSExI,20240531
20240530,2293457-6,JUSTICIA Y DERECHOS HUMANOS,RESOLUCION SUPREMA,No 104-2024-JUS,Acceden a solicitud de extradicion activa de ciudadano peruano para ser extraditado del Reino de Espana y ser procesado en la Republica del Peru,https://epdoc2.elperuano.pe/EpPo/DescargaINDA.asp?Referencias=NDNZQllCWUJZQlM4VU5ZQlRNTEhZQkxIVkJfX1dWVU5UTVM4WVhMSExI,20240531
20240530,2293457-7,JUSTICIA Y DERECHOS HUMANOS,RESOLUCION SUPREMA,No 105-2024-JUS,Acceden a solicitud de extradicion activa de ciudadano peruano para ser extraditado del Reino de Espana y ser procesado en la Republica del Peru,https://epdoc2.elperuano.pe/EpPo/DescargaINDA.asp?Referencias=NDNZQllCWUJZQlM4VU5ZQlRNTEhZQkxIV1ZfX1dWVU5UTVM4WVhMSExI,20240531
20240530,2293457-8,JUSTICIA Y DERECHOS HUMANOS,RESOLUCION SUPREMA,No 106-2024-JUS,Acceden a solicitud de extradicion activa de ciudadano peruano para ser extraditado del Reino de Espana y ser procesado en la Republica del Peru,https://epdoc2.elperuano.pe/EpPo/DescargaINDA.asp?Referencias=NDNZQllCWUJZQlM4VU5ZQlRNTEhZQkxIWENfX1dWVU5UTVM4WVhMSExI,20240531
20240530,2293457-9,JUSTICIA Y DERECHOS HUMANOS,RESOLUCION SUPREMA,No 107-2024-JUS,Acceden a solicitud de extradicion activa de ciudadana peruana para ser extraditada de la Republica Argentina y ser procesada en la Republica del Peru,https://epdoc2.elperuano.pe/EpPo/DescargaINDA.asp?Referencias=NDNZQllCWUJZQlM4VU5ZQlRNTEhZQkxIWVhfX1dWVU5UTVM4WVhMSExI,20240531
20240530,2293250-1,MUJER Y POBLACIONES VULNERABLES,RESOLUCION,No D000095-2024-CONADIS-PRE,Aprueban la Directiva que establece las pautas para el funcionamiento del Observatorio Nacional de la Discapacidad,https://epdoc2.elperuano.pe/EpPo/DescargaINDA.asp?Referencias=NDNZQllCWUJZQlM4VU5ZQlRNTEhZQkxIOVdfX1lCVU5MSFM4WVhMSExI,20240531
20240530,2292829-1,TRANSPORTES Y COMUNICACIONES,RESOLUCION MINISTERIAL,No 273-2024-MTC/01.03,Otorgan a la empresa ARWII TELECOM S.A.C. Concesion unica para la prestacion de servicios publicos de telecomunicaciones en area que comprende todo el territorio de la Republica,https://epdoc2.elperuano.pe/EpPo/DescargaINDA.asp?Referencias=NDNZQllCWUJZQlM4VU5ZQlRNTEhZQkxIOVdfX1lYTEhYQ0xIWVhMSExI,20240531
20240530,2292874-1,TRANSPORTES Y COMUNICACIONES,RESOLUCION MINISTERIAL,No 274-2024-MTC/01.02,Aprueban ejecucion de expropiacion de area afectada de inmueble para la ejecucion de la obra: Rehabilitacion y Mejoramiento de la carretera Huallanca - Caraz,https://epdoc2.elperuano.pe/EpPo/DescargaINDA.asp?Referencias=NDNZQllCWUJZQlM4VU5ZQlRNTEhZQkxIOVdfX1RNV1ZYQ0xIWVhMSExI,20240531
20240530,2292904-1,TRANSPORTES Y COMUNICACIONES,RESOLUCION MINISTERIAL,No 276-2024-MTC/01.02,Autorizan viaje de inspector de la Direccion General de Aeronautica Civil a Colombia en comision de servicios,https://epdoc2.elperuano.pe/EpPo/DescargaINDA.asp?Referencias=NDNZQllCWUJZQlM4VU5ZQlRNTEhZQkxIOVdfX1RNWUJZWExIWVhMSExI,20240531
20240530,2293454-1,TRANSPORTES Y COMUNICACIONES,RESOLUCION MINISTERIAL,No 279-2024-MTC/01.02,Prorrogan plazo de vigencia del Grupo de Trabajo Sectorial de naturaleza temporal denominado Grupo de trabajo para elaborar una estrategia y plan de accion para abordar la problematica de informalidad y siniestralidad en el transporte acuatico fluvial y turistico acuatico en la Amazonia peruana creado por R.M. No 022-2024-MTC/01.02,https://epdoc2.elperuano.pe/EpPo/DescargaINDA.asp?Referencias=NDNZQllCWUJZQlM4VU5ZQlRNTEhZQkxIOVdfX1RNVU5UTVM4WVhMSExI,20240531
20240530,2293454-2,TRANSPORTES Y COMUNICACIONES,RESOLUCION MINISTERIAL,No 285-2024-MTC/01.02,Aprueban los Cronogramas del Regimen Extraordinario de Permanencia para los vehiculos destinados al servicio de transporte terrestre regular de personas para Lima y Callao,https://epdoc2.elperuano.pe/EpPo/DescargaINDA.asp?Referencias=NDNZQllCWUJZQlM4VU5ZQlRNTEhZQkxITEhfX1RNVU5UTVM4WVhMSExI,20240531
20240530,2292965-1,ORGANISMO SUPERVISOR DE LA INVERSIoN EN ENERGiA Y MINERiA,RESOLUCION,No 074-2024-OS/CD,Resolucion de Consejo Directivo que resuelve el recurso de reconsideracion interpuesto por ENGIE Energia Peru S.A. contra la Resolucion No 051-2024-OS/CD que aprobo los precios en barra y cargos tarifarios para el periodo mayo 2024 - abril 2025,https://epdoc2.elperuano.pe/EpPo/DescargaINDA.asp?Referencias=NDNZQllCWUJZQlM4VU5ZQlRNTEhZQkxIOVdfX1VOVkJZWExIWVhMSExI,20240531
20240530,2292971-1,ORGANISMO SUPERVISOR DE LA INVERSIoN EN ENERGiA Y MINERiA,RESOLUCION,No 075-2024-OS/CD,Resolucion de Consejo Directivo que resuelve el recurso de reconsideracion interpuesto por Amazonas Energia Solar S.A.C. contra la Resolucion No 051-2024-OS/CD que aprobo los precios en barra y cargos tarifarios para el periodo mayo 2024 - abril 2025,https://epdoc2.elperuano.pe/EpPo/DescargaINDA.asp?Referencias=NDNZQllCWUJZQlM4VU5ZQlRNTEhZQkxIOVdfXzlXV1ZZWExIWVhMSExI,20240531
20240530,2292975-1,ORGANISMO SUPERVISOR DE LA INVERSIoN EN ENERGiA Y MINERiA,RESOLUCION,No 076-2024-OS/CD,Resolucion de Consejo Directivo que resuelve el recurso de reconsideracion interpuesto por Genrent del Peru S.A.C. contra la Resolucion No 051-2024-OS/CD que aprobo los precios en barra y cargos tarifarios para el periodo mayo 2024 - abril 2025,https://epdoc2.elperuano.pe/EpPo/DescargaINDA.asp?Referencias=NDNZQllCWUJZQlM4VU5ZQlRNTEhZQkxIOVdfX1VOV1ZZWExIWVhMSExI,20240531
20240530,2292991-1,ORGANISMO SUPERVISOR DE LA INVERSIoN EN ENERGiA Y MINERiA,RESOLUCION,No 077-2024-OS/CD,Resolucion de Consejo Directivo que resuelve el recurso de reconsideracion interpuesto por Sociedad Minera Cerro Verde S.A.A. contra la Resolucion No 052-2024-OS/CD que dispuso la modificacion de los Peajes SST-SCT para el periodo mayo 2024 - abril 2025,https://epdoc2.elperuano.pe/EpPo/DescargaINDA.asp?Referencias=NDNZQllCWUJZQlM4VU5ZQlRNTEhZQkxIOVdfXzlXWVhZWExIWVhMSExI,20240531
20240530,2292998-1,ORGANISMO SUPERVISOR DE LA INVERSIoN EN ENERGiA Y MINERiA,RESOLUCION,No 078-2024-OS/CD,Resolucion de Consejo Directivo que resuelve el recurso de reconsideracion interpuesto por Enel Distribucion Peru S.A.A. contra la Resolucion No 052-2024-OS/CD que dispuso la modificacion de los Peajes SST-SCT para el periodo mayo 2024 - abril 2025,https://epdoc2.elperuano.pe/EpPo/DescargaINDA.asp?Referencias=NDNZQllCWUJZQlM4VU5ZQlRNTEhZQkxIOVdfX1hDWVhZWExIWVhMSExI,20240531
20240530,2293042-1,ORGANISMO SUPERVISOR DE LA INVERSIoN EN ENERGiA Y MINERiA,RESOLUCION,No 081-2024-OS/CD,Resolucion de Consejo Directivo mediante la cual se dispone la actualizacion de la Demanda Anual Proyectada para el reconocimiento del Costo del Suministro de Gas Natural y se aprueba el Precio Medio del Gas y el Costo Medio de Transporte para el Periodo de Aplicacion de junio 2024 a agosto 2024 para la Concesion del Sistema de Distribucion de Gas Natural por Red de Ductos en el departamento de Ica,https://epdoc2.elperuano.pe/EpPo/DescargaINDA.asp?Referencias=NDNZQllCWUJZQlM4VU5ZQlRNTEhZQkxIOVdfX0xIVE1ZQlM4WVhMSExI,20240531
20240530,2293043-1,ORGANISMO SUPERVISOR DE LA INVERSIoN EN ENERGiA Y MINERiA,RESOLUCION,No 082-2024-OS/CD,Resolucion de Consejo Directivo que resuelve el recurso de reconsideracion interpuesto por Samay I S.A.C. contra la Resolucion No 051-2024-OS/CD mediante la cual se aprobaron los precios en barra y cargos tarifarios para el periodo mayo 2024 - abril 2025,https://epdoc2.elperuano.pe/EpPo/DescargaINDA.asp?Referencias=NDNZQllCWUJZQlM4VU5ZQlRNTEhZQkxIOVdfX1M4VE1ZQlM4WVhMSExI,20240531
20240530,2293044-1,ORGANISMO SUPERVISOR DE LA INVERSIoN EN ENERGiA Y MINERiA,RESOLUCION,No 083-2024-OS/CD,Resolucion de Consejo Directivo que resuelve el recurso de reconsideracion interpuesto por Sociedad Electrica del Sur Oeste S.A. contra la Resolucion No 051-2024-OS/CD mediante la cual se aprobaron los precios en barra y cargos tarifarios para el periodo mayo 2024 - abril 2025,https://epdoc2.elperuano.pe/EpPo/DescargaINDA.asp?Referencias=NDNZQllCWUJZQlM4VU5ZQlRNTEhZQkxIOVdfX1RNVE1ZQlM4WVhMSExI,20240531
20240530,2293048-1,ORGANISMO SUPERVISOR DE LA INVERSIoN EN ENERGiA Y MINERiA,RESOLUCION,No 084-2024-OS/CD,Resolucion de Consejo Directivo que resuelve el recurso de reconsideracion interpuesto por Electro Ucayali S.A. contra la Resolucion No 051-2024-OS/CD mediante la cual se aprobaron los precios en barra y cargos tarifarios para el periodo mayo 2024 - abril 2025,https://epdoc2.elperuano.pe/EpPo/DescargaINDA.asp?Referencias=NDNZQllCWUJZQlM4VU5ZQlRNTEhZQkxIOVdfX1hDVE1ZQlM4WVhMSExI,20240531
20240530,2293050-1,ORGANISMO SUPERVISOR DE LA INVERSIoN EN ENERGiA Y MINERiA,RESOLUCION,No 085-2024-OS/CD,Resolucion de Consejo Directivo que resuelve los recursos de reconsideracion interpuestos por Transmisora Electrica del Sur S.A.C. Transmisora Electrica del Sur 2 S.A.C. Transmisora Electrica del Sur 4 S.A.C. Red Electrica del Sur S.A. y Concesionaria Linea de Transmision CCNCM S.A.C. contra la Resolucion No 051-2024-OS/CD mediante la cual se aprobaron los precios en barra y cargos tarifarios para el periodo mayo 2024 - abril 2025,https://epdoc2.elperuano.pe/EpPo/DescargaINDA.asp?Referencias=NDNZQllCWUJZQlM4VU5ZQlRNTEhZQkxIOVdfX1lCVU5ZQlM4WVhMSExI,20240531
20240530,2293051-1,ORGANISMO SUPERVISOR DE LA INVERSIoN EN ENERGiA Y MINERiA,RESOLUCION,No 086-2024-OS/CD,Resolucion de Consejo Directivo que resuelve el recurso de reconsideracion interpuesto por Consorcio Transmantaro S.A. contra la Resolucion No 051-2024-OS/CD mediante la cual se aprobaron los precios en barra y cargos tarifarios para el periodo mayo 2024 - abril 2025,https://epdoc2.elperuano.pe/EpPo/DescargaINDA.asp?Referencias=NDNZQllCWUJZQlM4VU5ZQlRNTEhZQkxIOVdfXzlXVU5ZQlM4WVhMSExI,20240531
20240530,2293053-1,ORGANISMO SUPERVISOR DE LA INVERSIoN EN ENERGiA Y MINERiA,RESOLUCION,No 087-2024-OS/CD,Resolucion de Consejo Directivo que resuelve el recurso de reconsideracion interpuesto por Red de Energia del Peru S.A. contra la Resolucion No 051-2024-OS/CD mediante la cual se aprobaron los precios en barra y cargos tarifarios para el periodo mayo 2024 - abril 2025,https://epdoc2.elperuano.pe/EpPo/DescargaINDA.asp?Referencias=NDNZQllCWUJZQlM4VU5ZQlRNTEhZQkxIOVdfX1M4VU5ZQlM4WVhMSExI,20240531
20240530,2293054-1,ORGANISMO SUPERVISOR DE LA INVERSIoN EN ENERGiA Y MINERiA,RESOLUCION,No 088-2024-OS/CD,Resolucion de Consejo Directivo que resuelve el recurso de reconsideracion interpuesto por Interconexion Electrica Isa Peru S.A. contra la Resolucion No 051-2024-OS/CD mediante la cual se aprobaron los precios en barra y cargos tarifarios para el periodo mayo 2024 - abril 2025,https://epdoc2.elperuano.pe/EpPo/DescargaINDA.asp?Referencias=NDNZQllCWUJZQlM4VU5ZQlRNTEhZQkxIOVdfX1RNVU5ZQlM4WVhMSExI,20240531
20240530,2293056-1,ORGANISMO SUPERVISOR DE LA INVERSIoN EN ENERGiA Y MINERiA,RESOLUCION,No 089-2024-OS/CD,Resolucion de Consejo Directivo que resuelve el recurso de reconsideracion interpuesto por Generadora de Energia del Peru S.A. contra la Resolucion No 051-2024-OS/CD mediante la cual se aprobaron los precios en barra y cargos tarifarios para el periodo mayo 2024 - abril 2025,https://epdoc2.elperuano.pe/EpPo/DescargaINDA.asp?Referencias=NDNZQllCWUJZQlM4VU5ZQlRNTEhZQkxIOVdfX1ZCVU5ZQlM4WVhMSExI,20240531
20240530,2293058-1,ORGANISMO SUPERVISOR DE LA INVERSIoN EN ENERGiA Y MINERiA,RESOLUCION,No 090-2024-OS/CD,Resolucion de Consejo Directivo que resuelve el recurso de reconsideracion interpuesto por la Empresa de Administracion de Infraestructura Electrica S.A. contra la Resolucion No 051-2024-OS/CD mediante la cual se aprobaron los precios en barra y cargos tarifarios para el periodo mayo 2024 - abril 2025,https://epdoc2.elperuano.pe/EpPo/DescargaINDA.asp?Referencias=NDNZQllCWUJZQlM4VU5ZQlRNTEhZQkxIOVdfX1hDVU5ZQlM4WVhMSExI,20240531
20240530,2293063-1,ORGANISMO SUPERVISOR DE LA INVERSIoN EN ENERGiA Y MINERiA,RESOLUCION,No 091-2024-OS/CD,Resolucion de Consejo Directivo que resuelve el recurso de reconsideracion interpuesto por Empresa de Generacion Electrica San Gaban S.A. contra la Resolucion No 052-2024-OS/CD que dispuso la modificacion de los Peajes SST-SCT para el periodo mayo 2024 - abril 2025,https://epdoc2.elperuano.pe/EpPo/DescargaINDA.asp?Referencias=NDNZQllCWUJZQlM4VU5ZQlRNTEhZQkxIOVdfX1M4VkJZQlM4WVhMSExI,20240531
20240530,2293065-1,ORGANISMO SUPERVISOR DE LA INVERSIoN EN ENERGiA Y MINERiA,RESOLUCION,No 092-2024-OS/CD,Resolucion de Consejo Directivo que resuelve los recursos de reconsideracion interpuestos por Hidrandina S.A. Electronoroeste S.A. Electrocentro S.A. Electronorte S.A. y Luz del Sur S.A.A. contra la Resolucion No 052-2024-OS/CD que dispuso la modificacion de los Peajes SST-SCT para el periodo mayo 2024 - abril 2025,https://epdoc2.elperuano.pe/EpPo/DescargaINDA.asp?Referencias=NDNZQllCWUJZQlM4VU5ZQlRNTEhZQkxIOVdfX1VOVkJZQlM4WVhMSExI,20240531
20240530,2293067-1,ORGANISMO SUPERVISOR DE LA INVERSIoN EN ENERGiA Y MINERiA,RESOLUCION,No 093-2024-OS/CD,Resolucion de Consejo Directivo que resuelve el recurso de reconsideracion interpuesto por Consorcio Electrico de Villacuri S.A.C. contra la Resolucion No 052-2024-OS/CD que dispuso la modificacion de los Peajes SST-SCT para el periodo mayo 2024 - abril 2025,https://epdoc2.elperuano.pe/EpPo/DescargaINDA.asp?Referencias=NDNZQllCWUJZQlM4VU5ZQlRNTEhZQkxIOVdfX1dWVkJZQlM4WVhMSExI,20240531
20240530,2293078-1,ORGANISMO SUPERVISOR DE LA INVERSIoN EN ENERGiA Y MINERiA,RESOLUCION,No 094-2024-OS/CD,Resolucion de Consejo Directivo que resuelve los recursos de reconsideracion interpuestos por Chinango S.A.C. Enel Generacion Piura S.A. y Fenix Power Peru S.A. contra la Resolucion No 052-2024-OS/CD que dispuso la modificacion de los Peajes SST-SCT para el periodo mayo 2024 - abril 2025,https://epdoc2.elperuano.pe/EpPo/DescargaINDA.asp?Referencias=NDNZQllCWUJZQlM4VU5ZQlRNTEhZQkxIOVdfX1hDV1ZZQlM4WVhMSExI,20240531
20240530,2293088-1,ORGANISMO SUPERVISOR DE LA INVERSIoN EN ENERGiA Y MINERiA,RESOLUCION,No 095-2024-OS/CD,Resolucion de Consejo Directivo que resuelve el recurso de reconsideracion interpuesto por Consorcio Transmantaro S.A. contra la Resolucion No 052-2024-OS/CD que dispuso la modificacion de los Peajes SST-SCT para el periodo mayo 2024 - abril 2025,https://epdoc2.elperuano.pe/EpPo/DescargaINDA.asp?Referencias=NDNZQllCWUJZQlM4VU5ZQlRNTEhZQkxIOVdfX1hDWENZQlM4WVhMSExI,20240531
20240530,2293089-1,ORGANISMO SUPERVISOR DE LA INVERSIoN EN ENERGiA Y MINERiA,RESOLUCION,No 096-2024-OS/CD,Resolucion de Consejo Directivo que resuelve el recurso de reconsideracion interpuesto por Termochilca S.A. contra la Resolucion No 052-2024-OS/CD que dispuso la modificacion de los Peajes SST-SCT para el periodo mayo 2024 - abril 2025,https://epdoc2.elperuano.pe/EpPo/DescargaINDA.asp?Referencias=NDNZQllCWUJZQlM4VU5ZQlRNTEhZQkxIOVdfX1lYWENZQlM4WVhMSExI,20240531
20240530,2293092-1,ORGANISMO SUPERVISOR DE LA INVERSIoN EN ENERGiA Y MINERiA,RESOLUCION,No 097-2024-OS/CD,Resolucion de Consejo Directivo que resuelve el recurso de reconsideracion interpuesto por Atria Energia S.A. contra la Resolucion No 052-2024-OS/CD que dispuso la modificacion de los Peajes SST-SCT para el periodo mayo 2024 - abril 2025,https://epdoc2.elperuano.pe/EpPo/DescargaINDA.asp?Referencias=NDNZQllCWUJZQlM4VU5ZQlRNTEhZQkxIOVdfX0xIWVhZQlM4WVhMSExI,20240531
20240530,2293094-1,ORGANISMO SUPERVISOR DE LA INVERSIoN EN ENERGiA Y MINERiA,RESOLUCION,No 098-2024-OS/CD,Resolucion de Consejo Directivo que resuelve el recurso de reconsideracion interpuesto por Red de Energia del Peru S.A. contra la Resolucion No 052-2024-OS/CD que dispuso la modificacion de los Peajes SST-SCT para el periodo mayo 2024 - abril 2025,https://epdoc2.elperuano.pe/EpPo/DescargaINDA.asp?Referencias=NDNZQllCWUJZQlM4VU5ZQlRNTEhZQkxIOVdfX1RNWVhZQlM4WVhMSExI,20240531
20240530,2293096-1,ORGANISMO SUPERVISOR DE LA INVERSIoN EN ENERGiA Y MINERiA,RESOLUCION,No 099-2024-OS/CD,Resolucion de Consejo Directivo que resuelve el recurso de reconsideracion interpuesto por Electro Dunas S.A.A. contra la Resolucion No 052-2024-OS/CD que dispuso la modificacion de los Peajes SST-SCT para el periodo mayo 2024 - abril 2025,https://epdoc2.elperuano.pe/EpPo/DescargaINDA.asp?Referencias=NDNZQllCWUJZQlM4VU5ZQlRNTEhZQkxIOVdfX1ZCWVhZQlM4WVhMSExI,20240531
20240530,2293098-1,ORGANISMO SUPERVISOR DE LA INVERSIoN EN ENERGiA Y MINERiA,RESOLUCION,No 100-2024-OS/CD,Resolucion de Consejo Directivo que resuelve los recursos de reconsideracion interpuestos por Compania Minera Antamina S.A. y ENGIE Energia Peru S.A. contra la Resolucion No 052-2024-OS/CD que dispuso la modificacion de los Peajes SST-SCT para el periodo mayo 2024 - abril 2025,https://epdoc2.elperuano.pe/EpPo/DescargaINDA.asp?Referencias=NDNZQllCWUJZQlM4VU5ZQlRNTEhZQkxIOVdfX1hDWVhZQlM4WVhMSExI,20240531
20240530,2293104-1,ORGANISMO SUPERVISOR DE LA INVERSIoN EN ENERGiA Y MINERiA,RESOLUCION,No 101-2024-OS/CD,Resolucion de Consejo Directivo que resuelve el recurso de reconsideracion interpuesto por Transmisora Electrica del Sur 3 S.A.C. contra la Resolucion No 052-2024-OS/CD que dispuso la modificacion de los Peajes SST-SCT para el periodo mayo 2024 - abril 2025 y el recurso de reconsideracion interpuesto por Red Electrica del Sur S.A. contra la Resolucion No 053-2024-OS/CD que dispuso la modificacion de los Peajes y Compensaciones correspondientes a los SST de las empresas Interconexion Electrica Isa Peru S.A. y Red Electrica del Sur S.A.,https://epdoc2.elperuano.pe/EpPo/DescargaINDA.asp?Referencias=NDNZQllCWUJZQlM4VU5ZQlRNTEhZQkxIOVdfX1RNWUI5V1M4WVhMSExI,20240531
20240530,2293105-1,ORGANISMO SUPERVISOR DE LA INVERSIoN EN ENERGiA Y MINERiA,RESOLUCION,No 102-2024-OS/CD,Resolucion de Consejo Directivo que resuelve los recursos de reconsideracion interpuestos por Interconexion Electrica ISA Peru S.A. contra la Resolucion No 052-2024-OS/CD que dispuso la modificacion de los Peajes SST-SCT para el periodo mayo 2024 - abril 2025 y contra la Resolucion No 053-2024-OS/CD que dispuso la modificacion de los Peajes y Compensaciones a los SST de las empresas Interconexion Electrica ISA Peru S.A. y Red Electrica del Sur S.A.,https://epdoc2.elperuano.pe/EpPo/DescargaINDA.asp?Referencias=NDNZQllCWUJZQlM4VU5ZQlRNTEhZQkxIOVdfX1VOWUI5V1M4WVhMSExI,20240531
20240530,2293109-1,ORGANISMO SUPERVISOR DE LA INVERSIoN EN ENERGiA Y MINERiA,RESOLUCION,No 103-2024-OS/CD,Resolucion de Consejo Directivo que resuelve el recurso de reconsideracion interpuesto por Empresa Electricidad del Peru S.A. contra la Resolucion No 054-2024-OS/CD mediante la cual se modifico la asignacion de responsabilidad de pago del Cuadro 10.4 del Anexo No 10 de la Resolucion No 070-2021-OS/CD y modificatorias,https://epdoc2.elperuano.pe/EpPo/DescargaINDA.asp?Referencias=NDNZQllCWUJZQlM4VU5ZQlRNTEhZQkxIOVdfX1lYWUI5V1M4WVhMSExI,20240531
20240530,2293119-1,ORGANISMO SUPERVISOR DE LA INVERSIoN EN ENERGiA Y MINERiA,RESOLUCION,No 104-2024-OS/CD,Resolucion de Consejo Directivo que resuelve el recurso de reconsideracion interpuesto por UNACEM PERu S.A. contra la Resolucion No 054-2024-OS/CD mediante la cual se modifico la asignacion de responsabilidad de pago del Cuadro 10.4 del Anexo No 10 de la Resolucion No 070-2021-OS/CD y modificatorias.,https://epdoc2.elperuano.pe/EpPo/DescargaINDA.asp?Referencias=NDNZQllCWUJZQlM4VU5ZQlRNTEhZQkxIOVdfX1lYOVc5V1M4WVhMSExI,20240531
20240530,2293126-1,ORGANISMO SUPERVISOR DE LA INVERSIoN EN ENERGiA Y MINERiA,RESOLUCION,No 106-2024-OS/CD,Resolucion de Consejo Directivo que resuelve el recurso de reconsideracion interpuesto por Red de Energia del Peru S.A. contra la Resolucion No 054-2024-OS/CD mediante la cual se modifico la asignacion de responsabilidad de pago del Cuadro 10.4 del Anexo No 10 de la Resolucion No 070-2021-OS/CD y modificatorias,https://epdoc2.elperuano.pe/EpPo/DescargaINDA.asp?Referencias=NDNZQllCWUJZQlM4VU5ZQlRNTEhZQkxIOVdfX1ZCTEg5V1M4WVhMSExI,20240531
20240530,2293129-1,ORGANISMO SUPERVISOR DE LA INVERSIoN EN ENERGiA Y MINERiA,RESOLUCION,No 107-2024-OS/CD,Resolucion de Consejo Directivo que resuelve el recurso de reconsideracion interpuesto por Engie Energia Peru S.A. contra la Resolucion No 054-2024-OS/CD mediante la cual se modifico la asignacion de responsabilidad de pago del Cuadro 10.4 del Anexo No 10 de la Resolucion No 070-2021-OS/CD y modificatorias,https://epdoc2.elperuano.pe/EpPo/DescargaINDA.asp?Referencias=NDNZQllCWUJZQlM4VU5ZQlRNTEhZQkxIOVdfX1lYTEg5V1M4WVhMSExI,20240531
20240530,2293154-1,ORGANISMO SUPERVISOR DE LA INVERSIoN EN ENERGiA Y MINERiA,RESOLUCION,No 108-2024-OS/CD,Resolucion de Consejo Directivo que modifica la Resolucion No 051-2024-OS/CD mediante la cual se aprobaron los precios en barra y cargos tarifarios para el periodo mayo 2024 - abril 2025,https://epdoc2.elperuano.pe/EpPo/DescargaINDA.asp?Referencias=NDNZQllCWUJZQlM4VU5ZQlRNTEhZQkxIOVdfX1RNVU45V1M4WVhMSExI,20240531
20240530,2293156-1,ORGANISMO SUPERVISOR DE LA INVERSIoN EN ENERGiA Y MINERiA,RESOLUCION,No 109-2024-OS/CD,Resolucion de Consejo Directivo que modifica los Peajes Acumulados por Nivel de Tension consignados en el Cuadro 6.1 del Anexo 6 de la Resolucion No 070-2021-OS/CD y los cargos unitarios de liquidacion como consecuencia de resolver los recursos de reconsideracion interpuestos contra la Resolucion No 052-2024-OS/CD,https://epdoc2.elperuano.pe/EpPo/DescargaINDA.asp?Referencias=NDNZQllCWUJZQlM4VU5ZQlRNTEhZQkxIOVdfX1ZCVU45V1M4WVhMSExI,20240531
20240530,2293292-1,ORGANISMO SUPERVISOR DE LA INVERSIoN EN ENERGiA Y MINERiA,RESOLUCION,No 110-2024-OS/CD,Resolucion de Consejo Directivo que modifica la asignacion de responsabilidad de pago contenida en el Cuadro 10.4 de la Resolucion No 070-2021-OS/CD y modificatorias como consecuencia de lo resuelto sobre los recursos de reconsideracion interpuestos contra la Resolucion No 054-2024-OS/CD,https://epdoc2.elperuano.pe/EpPo/DescargaINDA.asp?Referencias=NDNZQllCWUJZQlM4VU5ZQlRNTEhZQkxIOVdfX0xIWVhMSFM4WVhMSExI,20240531
20240530,2293338-1,ORGANISMO SUPERVISOR DE LA INVERSIoN EN ENERGiA Y MINERiA,RESOLUCION,No 025-2024-OS/GRT,Resolucion mediante la cual se fija las Bandas de Precios y los Margenes Comerciales aplicables al Diesel B5 destinado al uso vehicular y el Gas Licuado de Petroleo destinado para envasado,https://epdoc2.elperuano.pe/EpPo/DescargaINDA.asp?Referencias=NDNZQllCWUJZQlM4VU5ZQlRNTEhZQkxIOVdfX1hDUzhTOFM4WVhMSExI,20240531
20240530,2292761-1,ORGANISMO SUPERVISOR DE LA INVERSIoN EN INFRAESTRUCTURA DE TRANSPORTE DE USO PuBLICO,RESOLUCION,No 0030-2024-PD-OSITRAN,Aprueban inicio del procedimiento de revision tarifaria de oficio de las Tarifas Maximas del Terminal Portuario General San Martin - Pisco administrado por la empresa concesionaria Terminal Portuario Paracas S.A.,https://epdoc2.elperuano.pe/EpPo/DescargaINDA.asp?Referencias=NDNZQllCWUJZQlM4VU5ZQlRNTEhZQkxIOVdfXzlXVkJXVkxIWVhMSExI,20240531
20240530,2293428-1,AUTORIDAD DE TRANSPORTE URBANO PARA LIMA Y CALLAO,RESOLUCION,No 111-2024-ATU/PE,Designan Subdirectora de la Subdireccion de Servicios de Transporte Especial y Servicios Complementarios de la Direccion de Operaciones de la ATU,https://epdoc2.elperuano.pe/EpPo/DescargaINDA.asp?Referencias=NDNZQllCWUJZQlM4VU5ZQlRNTEhZQkxIOVdfX1hDTEhUTVM4WVhMSExI,20240531
20240530,2293429-1,AUTORIDAD DE TRANSPORTE URBANO PARA LIMA Y CALLAO,RESOLUCION,No 112-2024-ATU/PE,Designan Subdirector de la Subdireccion de Servicios de Transporte Regular de la Direccion de Operaciones de la ATU,https://epdoc2.elperuano.pe/EpPo/DescargaINDA.asp?Referencias=NDNZQllCWUJZQlM4VU5ZQlRNTEhZQkxIOVdfX1lYTEhUTVM4WVhMSExI,20240531
20240530,2293432-1,AUTORIDAD DE TRANSPORTE URBANO PARA LIMA Y CALLAO,RESOLUCION,No 114-2024-ATU/PE,Designan Jefe de la Unidad de Abastecimiento de la Oficina de Administracion de la ATU,https://epdoc2.elperuano.pe/EpPo/DescargaINDA.asp?Referencias=NDNZQllCWUJZQlM4VU5ZQlRNTEhZQkxIOVdfX0xIUzhUTVM4WVhMSExI,20240531
20240530,2292563-1,INSTITUTO GEOLoGICO MINERO Y METALuRGICO,RESOLUCION,No 057-2024-INGEMMET/PE,Asignan montos por Derecho de Vigencia y Penalidad correspondientes al mes de abril de 2024,https://epdoc2.elperuano.pe/EpPo/DescargaINDA.asp?Referencias=NDNZQllCWUJZQlM4VU5ZQlRNTEhZQkxIOVdfX1M4VkJVTkxIWVhMSExI,20240531
20240530,2292913-1,INSTITUTO NACIONAL DE DEFENSA DE LA COMPETENCIA Y DE LA PROTECCION DE LA PROPIEDAD INTELECTUAL,RESOLUCION,No 0329-2024/SEL-INDECOPI,Declaran barreras burocraticas ilegales diversos procedimientos del Texto unico de Procedimientos Administrativos de la Municipalidad Provincial de Tacna aprobado por Ordenanza Municipal No 031-2016 y sus modificatorias,https://epdoc2.elperuano.pe/EpPo/DescargaINDA.asp?Referencias=NDNZQllCWUJZQlM4VU5ZQlRNTEhZQkxIOVdfX1M4OVdZWExIWVhMSExI,20240531
20240530,2292916-1,INSTITUTO NACIONAL DE DEFENSA DE LA COMPETENCIA Y DE LA PROTECCION DE LA PROPIEDAD INTELECTUAL,RESOLUCION,No 0340-2024/SEL-INDECOPI,Declaran barrera burocratica ilegal lo dispuesto en el Procedimiento con Codigo PA19920D93 del Texto unico de Procedimientos Administrativos de la Municipalidad Provincial de Tacna aprobado por Ordenanza Municipal No 031-2016 y sus modificatorias,https://epdoc2.elperuano.pe/EpPo/DescargaINDA.asp?Referencias=NDNZQllCWUJZQlM4VU5ZQlRNTEhZQkxIOVdfX1ZCOVdZWExIWVhMSExI,20240531
20240530,2293232-1,ORGANISMO TeCNICO DE LA ADMINISTRACIoN DE LOS SERVICIOS DE SANEAMIENTO,RESOLUCION DIRECTORAL,No 000053-2024-OTASS-DE,Autorizan transferencia financiera a favor de la ENTIDAD PRESTADORA DE SERVICIOS DE SANEAMIENTO GRAU SOCIEDAD ANoNIMA - EPS GRAU S.A.,https://epdoc2.elperuano.pe/EpPo/DescargaINDA.asp?Referencias=NDNZQllCWUJZQlM4VU5ZQlRNTEhZQkxIOVdfX0xIUzhMSFM4WVhMSExI,20240531
20240530,2293306-1,ORGANISMO TeCNICO DE LA ADMINISTRACIoN DE LOS SERVICIOS DE SANEAMIENTO,RESOLUCION DIRECTORAL,No 000055-2024-OTASS-DE,Autorizan transferencia financiera a favor de la ENTIDAD PRESTADORA DE SERVICIOS DE SANEAMIENTO GRAU SOCIEDAD ANoNIMA - EPS GRAU S.A.,https://epdoc2.elperuano.pe/EpPo/DescargaINDA.asp?Referencias=NDNZQllCWUJZQlM4VU5ZQlRNTEhZQkxIOVdfX1ZCWUJTOFM4WVhMSExI,20240531
20240530,2293358-1,ORGANISMO TeCNICO DE LA ADMINISTRACIoN DE LOS SERVICIOS DE SANEAMIENTO,RESOLUCION DIRECTORAL,No 000054-2024-OTASS-DE,Autorizan transferencia financiera a favor de la ENTIDAD PRESTADORA DE SERVICIOS DE SANEAMIENTO GRAU SOCIEDAD ANoNIMA - EPS GRAU S.A.,https://epdoc2.elperuano.pe/EpPo/DescargaINDA.asp?Referencias=NDNZQllCWUJZQlM4VU5ZQlRNTEhZQkxIOVdfX1hDVU5TOFM4WVhMSExI,20240531
20240530,2293437-1,ORGANISMO TeCNICO DE LA ADMINISTRACIoN DE LOS SERVICIOS DE SANEAMIENTO,RESOLUCION DIRECTORAL,No 000056-2024-OTASS-DE,Designan Gerente de Operaciones de la Unidad Ejecutora 002 Servicios de Saneamiento Tumbes en el Pliego 207: Organismo Tecnico de la Administracion de los Servicios de Saneamiento,https://epdoc2.elperuano.pe/EpPo/DescargaINDA.asp?Referencias=NDNZQllCWUJZQlM4VU5ZQlRNTEhZQkxIOVdfX1dWUzhUTVM4WVhMSExI,20240531
20240530,2292804-1,SUPERINTENDENCIA NACIONAL DE ADUANAS Y DE ADMINISTRACIoN TRIBUTARIA,RESOLUCION,No 000105-2024/SUNAT,Aprueban el procedimiento especifico Eventos internacionales desarrollados al amparo de la Ley No 31816 DESPA-PE.00.24 (version 1),https://epdoc2.elperuano.pe/EpPo/DescargaINDA.asp?Referencias=NDNZQllCWUJZQlM4VU5ZQlRNTEhZQkxIOVdfX1RNWUJYQ0xIWVhMSExI,20240531
20240530,2292937-1,SUPERINTENDENCIA NACIONAL DE ADUANAS Y DE ADMINISTRACIoN TRIBUTARIA,RESOLUCION,No 000106-2024/SUNAT,Ratifican a los miembros del Comite Revisor a que se refiere el articulo 62-C del Texto unico Ordenado del Codigo Tributario,https://epdoc2.elperuano.pe/EpPo/DescargaINDA.asp?Referencias=NDNZQllCWUJZQlM4VU5ZQlRNTEhZQkxIOVdfX1dWUzhZWExIWVhMSExI,20240531
20240530,2285532-1,INSTITUCIONES EDUCATIVAS,RESOLUCION,No 155-2024-CO-UNJ,Aprueban el Presupuesto Analitico de Personal (PAP) Ano 2024 de la Universidad Nacional de Jaen,https://epdoc2.elperuano.pe/EpPo/DescargaINDA.asp?Referencias=NDNZQllCWUJZQlM4VU5ZQlRNTEhZQkxIOVdfX0xIUzhVTlVOWENMSExI,20240531
20240530,2292278-1,INSTITUCIONES EDUCATIVAS,RESOLUCION,No 372-2024-UNAB,Autorizan viaje de Presidenta de la Comision Organizadora y de Directora de la Oficina de Gestion de la Calidad de la Universidad Nacional de Barranca a EE.UU. en comision de servicios,https://epdoc2.elperuano.pe/EpPo/DescargaINDA.asp?Referencias=NDNZQllCWUJZQlM4VU5ZQlRNTEhZQkxIOVdfX1hDV1ZMSExIWVhMSExI,20240531
20240530,2292427-1,INSTITUCIONES EDUCATIVAS,RESOLUCION,No 353-2024-UNAB,Autorizan viaje de Coordinadora de la Facultad de Ciencias de la Salud de la Universidad Nacional de Barranca a EE.UU. en comision de servicios,https://epdoc2.elperuano.pe/EpPo/DescargaINDA.asp?Referencias=NDNZQllCWUJZQlM4VU5ZQlRNTEhZQkxIOVdfX1dWTEhUTUxIWVhMSExI,20240531
20240530,2293316-1,JURADO NACIONAL DE ELECCIONES,RESOLUCION,No 0151-2024-JNE,Conceden licencia sin goce de haber a la secretaria general del Jurado Nacional de Elecciones y encargan su despacho al Coordinador Administrativo y Jefe (e) del Gabinete de Asesores de la Presidencia del JNE,https://epdoc2.elperuano.pe/EpPo/DescargaINDA.asp?Referencias=NDNZQllCWUJZQlM4VU5ZQlRNTEhZQkxIOVdfX1ZCOVdTOFM4WVhMSExI,20240531
20240530,2293318-1,JURADO NACIONAL DE ELECCIONES,RESOLUCION,No 0142-2024-JNE,Declaran la nulidad de todo lo actuado hasta la Sesion Extraordinaria de Concejo No 02 en la cual el Concejo Distrital de Ate provincia y departamento de Lima aprobo la suspension de regidora  y dictan otras disposiciones,https://epdoc2.elperuano.pe/EpPo/DescargaINDA.asp?Referencias=NDNZQllCWUJZQlM4VU5ZQlRNTEhZQkxIOVdfX1hDOVdTOFM4WVhMSExI,20240531
20240530,2285850-1,SUPERINTENDENCIA DE BANCA  SEGUROS Y ADMINISTRADORAS PRIVADAS DE FONDOS DE PENSIONES,RESOLUCION,SBS No 01612-2024,Autorizan a Ohio National Seguros de Vida S.A. la modificacion parcial del articulo primero de su estatuto social,https://epdoc2.elperuano.pe/EpPo/DescargaINDA.asp?Referencias=NDNZQllCWUJZQlM4VU5ZQlRNTEhZQkxIOVdfX1lCVU5YQ1VOWENMSExI,20240531
20240530,2290650-1,SUPERINTENDENCIA DE BANCA  SEGUROS Y ADMINISTRADORAS PRIVADAS DE FONDOS DE PENSIONES,RESOLUCION,SBS No 01866-2024,Rectifican error material incurrido en la Resolucion SBS No 01612-2024 que autorizo la modificacion parcial del articulo primero del estatuto social de Ohio National Seguros de Vida S.A.,https://epdoc2.elperuano.pe/EpPo/DescargaINDA.asp?Referencias=NDNZQllCWUJZQlM4VU5ZQlRNTEhZQkxIOVdfX1lCVU5WQllCWVhMSExI,20240531
20240530,2288802-1,GOBIERNO REGIONAL DE HUANUCO,DECRETO,No 0003-2024-GRH/GR,Aprueban el Reglamento de Funcionamiento de la Mesa Regional de Control y Vigilancia Forestal y de Fauna Silvestre de la Region Huanuco (MRCVFFS),https://epdoc2.elperuano.pe/EpPo/DescargaINDA.asp?Referencias=NDNZQllCWUJZQlM4VU5ZQlRNTEhZQkxIOVdfX0xIWUJYQ1hDWENMSExI,20240531
20240530,2275417-1,GOBIERNO REGIONAL DE PUNO,ORDENANZA,No 019 -2022-GRP-CRP,Ordenanza Regional que aprueba la creacion y conformacion del Comite Consultivo Regional de Turismo - CCRT PUNO,https://epdoc2.elperuano.pe/EpPo/DescargaINDA.asp?Referencias=NDNZQllCWUJZQlM4VU5ZQlRNTEhZQkxIOVdfX1dWOVdUTVVOV1ZMSExI,20240531
20240530,2283462-1,GOBIERNO REGIONAL DE PUNO,ORDENANZA,No 032-2023-GRP-CRP,Ordenanza que aprueba el Plan de Accion Regional de Seguridad Ciudadana 2024-2027 del Gobierno Regional de Puno,https://epdoc2.elperuano.pe/EpPo/DescargaINDA.asp?Referencias=NDNZQllCWUJZQlM4VU5ZQlRNTEhZQkxIOVdfX0xIVkJUTVM4WENMSExI,20240531
20240530,2291483-1,MUNICIPALIDAD DE BARRANCO,DECRETO DE ALCALDIA,No 011-2024-MDB,Prorrogan vigencia de la Ordenanza No 634-2024-MDB denominada Regularizate Barranco 2024,https://epdoc2.elperuano.pe/EpPo/DescargaINDA.asp?Referencias=NDNZQllCWUJZQlM4VU5ZQlRNTEhZQkxIOVdfX1M4WENUTTlXWVhMSExI,20240531
20240530,2292222-1,MUNICIPALIDAD DE BREnA,DECRETO DE ALCALDIA,No 003-2024-MDB,Prorrogan vigencia de la Ordenanza Municipal No 606-2024-MDB Ordenanza que establece beneficios tributarios,https://epdoc2.elperuano.pe/EpPo/DescargaINDA.asp?Referencias=NDNZQllCWUJZQlM4VU5ZQlRNTEhZQkxIOVdfX0xITEhMSExIWVhMSExI,20240531
20240530,2293552-1,MUNICIPALIDAD DE LA MOLINA,DECRETO DE ALCALDIA,No 002-2024/MDLM,Modifican el D.A. No 01-2024/MDLM a fin de realizar la Audiencia Publica de Rendicion de Cuentas 2024-I de la Municipalidad de La Molina en la modalidad virtual,https://epdoc2.elperuano.pe/EpPo/DescargaINDA.asp?Referencias=NDNZQllCWUJZQlM4VU5ZQlRNTEhZQkxIOVdfX0xIVU5VTlM4WVhMSExI,20240531
20240530,2290925-1,MUNICIPALIDAD DE PUCUSANA,Decretos de Alcaldia,No 006-2024/MDP,Prorrogan vigencia de la Ordenanza Municipal No 355-2024/MDP que establecio beneficios tributarios a contribuyentes en el distrito de Pucusana,https://epdoc2.elperuano.pe/EpPo/DescargaINDA.asp?Referencias=NDNZQllCWUJZQlM4VU5ZQlRNTEhZQkxIOVdfX1VOTEhZWFlCWVhMSExI,20240531
20240530,2292445-1,MUNICIPALIDAD DE SAN MARTIN DE PORRES,DECRETO DE ALCALDIA,No 07-2024/MDSMP,Prorrogan vigencia de la Ordenanza No 558-MDSMP Ordenanza que incentiva la regularizacion y pago de las deudas generadas por fiscalizacion tributaria o por la presentacion de declaracion jurada voluntaria de aumento de valor,https://epdoc2.elperuano.pe/EpPo/DescargaINDA.asp?Referencias=NDNZQllCWUJZQlM4VU5ZQlRNTEhZQkxIOVdfX1VOVE1UTUxIWVhMSExI,20240531
20240530,2293347-1,MUNICIPALIDAD DE SANTIAGO DE SURCO,DECRETO DE ALCALDIA,No 012-2024-MSS,Prorrogan vigencia de la Ordenanza No 698-MSS que otorga un beneficio temporal y extraordinario para la regularizacion del pago de la deuda tributaria,https://epdoc2.elperuano.pe/EpPo/DescargaINDA.asp?Referencias=NDNZQllCWUJZQlM4VU5ZQlRNTEhZQkxIOVdfX1dWVE1TOFM4WVhMSExI,20240531
20240530,2293349-1,MUNICIPALIDAD DE SANTIAGO DE SURCO,DECRETO DE ALCALDIA,No 013-2024-MSS,Prorrogan vigencia de la Ordenanza No 700-MSS que otorga un beneficio extraordinario por pronto pago aplicado a las cuotas pendientes de los arbitrios municipales del ano 2024,https://epdoc2.elperuano.pe/EpPo/DescargaINDA.asp?Referencias=NDNZQllCWUJZQlM4VU5ZQlRNTEhZQkxIOVdfX1lYVE1TOFM4WVhMSExI,20240531
20240530,2292578-1,MUNICIPALIDAD DE PACHACAMAC,ACUERDO,No 027-2024-MDP/C,Exhortan al Instituto Metropolitano de Planificacion a la Municipalidad Metropolitana de Lima y a la Municipalidad Distrital de Lurin a retomar las mesas de trabajo referentes al Estudio de Diagnostico y Zonificacion de la Provincia Limaa fin de identificar las acciones de demarcacion territorial a tomar,https://epdoc2.elperuano.pe/EpPo/DescargaINDA.asp?Referencias=NDNZQllCWUJZQlM4VU5ZQlRNTEhZQkxIOVdfX1hDV1ZVTkxIWVhMSExI,20240531
20240530,2284871-1,MUNICIPALIDAD PROVINCIAL DANIEL ALCIDES CARRION,ORDENANZA,No 000004-2024-MPDAC/A,Ordenanza que aprueba la Estructura Organica y el Reglamento de Organizacion y Funciones de la Municipalidad Provincial Daniel Alcides Carrion,https://epdoc2.elperuano.pe/EpPo/DescargaINDA.asp?Referencias=NDNZQllCWUJZQlM4VU5ZQlRNTEhZQkxIOVdfXzlXV1ZYQ1RNWENMSExI,20240531
20240529,2293019-1,CONGRESO DE LA REPUBLICA,LEY,No 32036,Ley que modifica el Decreto Legislativo 1275 Decreto Legislativo que aprueba el marco de la responsabilidad y transparencia fiscal de los gobiernos regionales y gobiernos locales a fin de establecer la excepcionalidad del informe previo favorable del Ministerio de Economia y Finanzas para el redimensionamiento o la creacion de nuevos distritos o provincias,https://epdoc2.elperuano.pe/EpPo/DescargaINDA.asp?Referencias=NDNZWFlYWVhZWExIVU5ZQlRNTEhZQkxIOVdfX1lYOVdZQlM4WVhMSExI,20240531
20240529,2293019-2,CONGRESO DE LA REPUBLICA,LEY,No 32037,Ley que declara de interes nacional la organizacion e implementacion de los XX Juegos Deportivos Bolivarianos Ayacucho y Lima 2025,https://epdoc2.elperuano.pe/EpPo/DescargaINDA.asp?Referencias=NDNZWFlYWVhZWExIVU5ZQlRNTEhZQkxITEhfX1lYOVdZQlM4WVhMSExI,20240531
20240529,2293019-3,CONGRESO DE LA REPUBLICA,LEY,No 32038,Ley que declara Semana Nacional para Prevenir la Intoxicacion por Plomo la ultima semana de octubre de cada ano,https://epdoc2.elperuano.pe/EpPo/DescargaINDA.asp?Referencias=NDNZWFlYWVhZWExIVU5ZQlRNTEhZQkxIUzhfX1lYOVdZQlM4WVhMSExI,20240531
20240529,2293456-1,CONGRESO DE LA REPUBLICA,LEY,No 32039,Ley que declara de interes nacional la creacion de la Universidad Nacional Fronteriza Autonoma de Yunguyo en el distrito de Yunguyo de la provincia de Yunguyo del departamento de Puno,https://epdoc2.elperuano.pe/EpPo/DescargaINDA.asp?Referencias=NDNZWFlYWVhZWExIVU5ZQlRNTEhZQkxIOVdfX1ZCVU5UTVM4WVhMSExI,20240531
20240529,2293455-1,DECRETOS DE URGENCIA,FE DE ERRATA,D.U. No 009-2024,FE DE ERRATA,https://epdoc2.elperuano.pe/EpPo/DescargaINDA.asp?Referencias=NDNZWFlYWVhZWExIVU5ZQlRNTEhZQkxIOVdfX1VOVU5UTVM4WVhMSExI,20240531
20240529,2292568-1,AMBIENTE,RESOLUCION,No 169-2024-MINAM,Designan Asesor de Gestion Ambiental del Viceministerio de Gestion Ambiental,https://epdoc2.elperuano.pe/EpPo/DescargaINDA.asp?Referencias=NDNZWFlYWVhZWExIVU5ZQlRNTEhZQkxIOVdfX1hDVkJVTkxIWVhMSExI,20240531
20240529,2292836-1,DEFENSA,RESOLUCION MINISTERIAL,No 00522-2024-DE,Autorizan viaje de personal militar FAP a Brasil en comision de servicios,https://epdoc2.elperuano.pe/EpPo/DescargaINDA.asp?Referencias=NDNZWFlYWVhZWExIVU5ZQlRNTEhZQkxIOVdfX1ZCUzhYQ0xIWVhMSExI,20240531
20240529,2292843-1,DEFENSA,RESOLUCION MINISTERIAL,No 00523-2024-DE,Autorizan viaje de personal militar FAP a Colombia en comision de servicios,https://epdoc2.elperuano.pe/EpPo/DescargaINDA.asp?Referencias=NDNZWFlYWVhZWExIVU5ZQlRNTEhZQkxIOVdfX1M4VE1YQ0xIWVhMSExI,20240531
20240529,2293010-1,DEFENSA,RESOLUCION MINISTERIAL,No 00528-2024-DE,Autorizan viaje de personal militar para que participen en actividades a realizarse en Ecuador,https://epdoc2.elperuano.pe/EpPo/DescargaINDA.asp?Referencias=NDNZWFlYWVhZWExIVU5ZQlRNTEhZQkxIOVdfX1lCOVdZQlM4WVhMSExI,20240531
20240529,2293019-4,DEFENSA,RESOLUCION SUPREMA,No 039-2024-DE,Designan oficiales FAP para ocupar cargos de Delegado Alterno de la Delegacion de Peru ante la JID asi como participar en la Maestria Acreditada en Ciencias de Defensa y Seguridad Interamericana Clase LXIV y desempenarse como Asistentes en el CID ubicado en EE.UU.,https://epdoc2.elperuano.pe/EpPo/DescargaINDA.asp?Referencias=NDNZWFlYWVhZWExIVU5ZQlRNTEhZQkxIVE1fX1lYOVdZQlM4WVhMSExI,20240531
20240529,2293001-1,DESARROLLO E INCLUSIoN SOCIAL,RESOLUCION,No 110-2024- FONCODES/DE,Designan Jefe de la Unidad Territorial Huancavelica del FONCODES,https://epdoc2.elperuano.pe/EpPo/DescargaINDA.asp?Referencias=NDNZWFlYWVhZWExIVU5ZQlRNTEhZQkxIOVdfXzlXWUJZQlM4WVhMSExI,20240531
20240529,2293013-1,DESARROLLO E INCLUSIoN SOCIAL,RESOLUCION,No D000081-2024-MIDIS,Designan Director de la Direccion de Articulacion de las Prestaciones Sociales,https://epdoc2.elperuano.pe/EpPo/DescargaINDA.asp?Referencias=NDNZWFlYWVhZWExIVU5ZQlRNTEhZQkxIOVdfX1M4OVdZQlM4WVhMSExI,20240531
20240529,2292640-1,ECONOMIA Y FINANZAS,RESOLUCION MINISTERIAL,No 182-2024-EF/10,Designan Coordinador General del Equipo Especializado de Mesas Ejecutivas del Ministerio de Economia y Finanzas,https://epdoc2.elperuano.pe/EpPo/DescargaINDA.asp?Referencias=NDNZWFlYWVhZWExIVU5ZQlRNTEhZQkxIOVdfX1lCVE1WQkxIWVhMSExI,20240531
20240529,2292635-1,ECONOMIA Y FINANZAS,RESOLUCION VICE MINISTERIAL,No 010-2024-EF/15.01,Aprueban precios de referencia y derechos variables adicionales a que se refiere el Decreto Supremo No 115-2001-EF,https://epdoc2.elperuano.pe/EpPo/DescargaINDA.asp?Referencias=NDNZWFlYWVhZWExIVU5ZQlRNTEhZQkxIOVdfX1VOUzhWQkxIWVhMSExI,20240531
20240529,2292650-1,EDUCACION,RESOLUCION VICE MINISTERIAL,No 054-2024-MINEDU,Reconforman la Comision Organizadora de la Universidad Nacional Autonoma de Tayacaja Daniel Hernandez Morillo,https://epdoc2.elperuano.pe/EpPo/DescargaINDA.asp?Referencias=NDNZWFlYWVhZWExIVU5ZQlRNTEhZQkxIOVdfX1lCVU5WQkxIWVhMSExI,20240531
20240529,2292652-1,EDUCACION,RESOLUCION VICE MINISTERIAL,No 055-2024-MINEDU,Designan Vicepresidenta Academica y Vicepresidenta de Investigacion de la Comision Organizadora de la Universidad Nacional de Canete,https://epdoc2.elperuano.pe/EpPo/DescargaINDA.asp?Referencias=NDNZWFlYWVhZWExIVU5ZQlRNTEhZQkxIOVdfX0xIVU5WQkxIWVhMSExI,20240531
20240529,2292863-1,ENERGIA Y MINAS,RESOLUCION MINISTERIAL,No 213-2024-MINEM/DM,Autorizan transferencia financiera de recursos a favor del Gobierno Regional de Tumbes,https://epdoc2.elperuano.pe/EpPo/DescargaINDA.asp?Referencias=NDNZWFlYWVhZWExIVU5ZQlRNTEhZQkxIOVdfX1M4VkJYQ0xIWVhMSExI,20240531
20240529,2292876-1,ENERGIA Y MINAS,RESOLUCION MINISTERIAL,No 214-2024-MINEM/DM,Autorizan transferencia financiera de recursos a favor del Gobierno Regional de Cusco,https://epdoc2.elperuano.pe/EpPo/DescargaINDA.asp?Referencias=NDNZWFlYWVhZWExIVU5ZQlRNTEhZQkxIOVdfX1ZCV1ZYQ0xIWVhMSExI,20240531
20240529,2293068-1,INTERIOR,RESOLUCION MINISTERIAL,No 0688-2024-IN,Disponen la publicacion del proyecto de Decreto Supremo que aprueba el Reglamento del Decreto Legislativo No 1610 y su exposicion de motivos,https://epdoc2.elperuano.pe/EpPo/DescargaINDA.asp?Referencias=NDNZWFlYWVhZWExIVU5ZQlRNTEhZQkxIOVdfX1hDVkJZQlM4WVhMSExI,20240531
20240529,2293077-1,INTERIOR,RESOLUCION MINISTERIAL,No 0695-2024-IN,Aprueban la suscripcion de la Decima Quinta Adenda al Convenio de Administracion de Recursos para la ejecucion del Proyecto de Inversion Publica (PIP) Mejoramiento de los servicios criticos y de consulta externa del Hospital Nacional PNP Luis N. Saenz Jesus Maria - Lima - Lima,https://epdoc2.elperuano.pe/EpPo/DescargaINDA.asp?Referencias=NDNZWFlYWVhZWExIVU5ZQlRNTEhZQkxIOVdfX1dWV1ZZQlM4WVhMSExI,20240531
20240529,2292725-1,MUJER Y POBLACIONES VULNERABLES,RESOLUCION,No D000093-2024-CONADIS-PRE,Designan Asesora de la Gerencia General del Consejo Nacional para la Integracion de la Persona con Discapacidad (CONADIS),https://epdoc2.elperuano.pe/EpPo/DescargaINDA.asp?Referencias=NDNZWFlYWVhZWExIVU5ZQlRNTEhZQkxIOVdfX1VOTEhXVkxIWVhMSExI,20240531
20240529,2292224-1,PRODUCE,RESOLUCION,No 000086-2024-ITP/DE,Modifican la Res. No 000084-2023-ITP/DE que aprueba el Tarifario de Servicios Tecnologicos del Centro de Innovacion Productiva y Transferencia Tecnologica Acuicola Pesquero Ahuashiyacu - CITEacuicola Pesquero Ahuashiyacu,https://epdoc2.elperuano.pe/EpPo/DescargaINDA.asp?Referencias=NDNZWFlYWVhZWExIVU5ZQlRNTEhZQkxIOVdfX1RNTEhMSExIWVhMSExI,20240531
20240529,2292576-1,PRODUCE,RESOLUCION,No 049-2024-IMARPE/DEC,Autorizan transferencia financiera a favor de la Contraloria General de la Republica,https://epdoc2.elperuano.pe/EpPo/DescargaINDA.asp?Referencias=NDNZWFlYWVhZWExIVU5ZQlRNTEhZQkxIOVdfX1ZCV1ZVTkxIWVhMSExI,20240531
20240529,2292873-1,PRODUCE,RESOLUCION,No 000088-2024-ITP/DE,Retiran a la Asociacion Centro Tecnologico Minero-CETEMIN la calificacion para operar como CITE privado denominado Centro de Innovacion Productiva y Transferencia Tecnologica Privado - CITEmineria y medio ambiente,https://epdoc2.elperuano.pe/EpPo/DescargaINDA.asp?Referencias=NDNZWFlYWVhZWExIVU5ZQlRNTEhZQkxIOVdfX1M4V1ZYQ0xIWVhMSExI,20240531
20240529,2292879-1,PRODUCE,RESOLUCION,No 000089-2024-ITP/DE,Retiran a la empresa Materials Research & Technology S.A.C. la calificacion para operar como CITE privado denominado Centro de Innovacion Productiva y Transferencia Tecnologica Privado - CITE operaciones MR&T,https://epdoc2.elperuano.pe/EpPo/DescargaINDA.asp?Referencias=NDNZWFlYWVhZWExIVU5ZQlRNTEhZQkxIOVdfX1lYV1ZYQ0xIWVhMSExI,20240531
20240529,2292955-1,PRODUCE,RESOLUCION MINISTERIAL,No 000221-2024-PRODUCE,Aprueban Politica Antisoborno del Sector Produccion,https://epdoc2.elperuano.pe/EpPo/DescargaINDA.asp?Referencias=NDNZWFlYWVhZWExIVU5ZQlRNTEhZQkxIOVdfX1VOVU5ZWExIWVhMSExI,20240531
20240529,2292957-1,PRODUCE,RESOLUCION MINISTERIAL,No 000222-2024-PRODUCE,Establecen cuota de captura del recurso calamar gigante o pota para el ano 2024 y dictan diversas disposiciones,https://epdoc2.elperuano.pe/EpPo/DescargaINDA.asp?Referencias=NDNZWFlYWVhZWExIVU5ZQlRNTEhZQkxIOVdfX1dWVU5ZWExIWVhMSExI,20240531
20240529,2292960-1,PRODUCE,RESOLUCION MINISTERIAL,No 000223-2024-PRODUCE,Modifican la Resolucion Ministerial No 000217-2023-PRODUCE que establece el Regimen Provisional de Pesca del Recurso Merluza para el periodo julio 2023 - junio 2024,https://epdoc2.elperuano.pe/EpPo/DescargaINDA.asp?Referencias=NDNZWFlYWVhZWExIVU5ZQlRNTEhZQkxIOVdfX1lCVkJZWExIWVhMSExI,20240531
20240529,2292709-1,SALUD,RESOLUCION MINISTERIAL,No 372-2024/MINSA,Disponen publicar el proyecto de Norma Tecnica de Salud para la Atencion Integral de Salud Neonatal y del proyecto de Resolucion Ministerial aprobatoria en la sede digital del Ministerio de Salud,https://epdoc2.elperuano.pe/EpPo/DescargaINDA.asp?Referencias=NDNZWFlYWVhZWExIVU5ZQlRNTEhZQkxIOVdfX1lYWUJXVkxIWVhMSExI,20240531
20240529,2292713-1,SALUD,RESOLUCION MINISTERIAL,No 374-2024/MINSA,Designan Ejecutivo Adjunto II del Despacho Ministerial,https://epdoc2.elperuano.pe/EpPo/DescargaINDA.asp?Referencias=NDNZWFlYWVhZWExIVU5ZQlRNTEhZQkxIOVdfX1M4OVdXVkxIWVhMSExI,20240531
20240529,2292715-1,SALUD,RESOLUCION MINISTERIAL,No 375-2024/MINSA,Autorizan viaje de Jefe de Gabinete del Despacho Ministerial a Francia en comision de servicios,https://epdoc2.elperuano.pe/EpPo/DescargaINDA.asp?Referencias=NDNZWFlYWVhZWExIVU5ZQlRNTEhZQkxIOVdfX1VOOVdXVkxIWVhMSExI,20240531
20240529,2292723-1,SALUD,RESOLUCION MINISTERIAL,No 373-2024/MINSA,Disponen la publicacion del proyecto de Decreto Supremo que regula lo dispuesto en el articulo 9 de la Ley No 29698 Ley que declara de interes nacional y preferente atencion el tratamiento de personas que padecen enfermedades raras o huerfanas modificada por la Ley No 31738 y del proyecto de su exposicion de motivos,https://epdoc2.elperuano.pe/EpPo/DescargaINDA.asp?Referencias=NDNZWFlYWVhZWExIVU5ZQlRNTEhZQkxIOVdfX1M4TEhXVkxIWVhMSExI,20240531
20240529,2292307-1,TRANSPORTES Y COMUNICACIONES,RESOLUCION MINISTERIAL,No 271-2024-MTC/01.03,Aprueban ejecucion de expropiacion de area afectada de un inmueble para el proyecto: Creacion de Banda Ancha para la Conectividad Integral y Desarrollo Social de la Region La Libertad y el valor de la tasacion,https://epdoc2.elperuano.pe/EpPo/DescargaINDA.asp?Referencias=NDNZWFlYWVhZWExIVU5ZQlRNTEhZQkxIOVdfX1dWWUJTOExIWVhMSExI,20240531
20240529,2292821-1,VIVIENDA  CONSTRUCCIoN Y SANEAMIENTO,RESOLUCION DIRECTORAL,No 110-2024-VIVIENDA/VMCS/PNSU/1.0,Designan Responsable de la Unidad de Administracion del Programa Nacional de Saneamiento Urbano,https://epdoc2.elperuano.pe/EpPo/DescargaINDA.asp?Referencias=NDNZWFlYWVhZWExIVU5ZQlRNTEhZQkxIOVdfXzlXTEhYQ0xIWVhMSExI,20240531
20240529,2292936-1,VIVIENDA  CONSTRUCCIoN Y SANEAMIENTO,RESOLUCION DIRECTORAL,No 139-2024/VIVIENDA/VMCS/PNSR,Designan Asesor de la Direccion Ejecutiva del Programa Nacional de Saneamiento Rural,https://epdoc2.elperuano.pe/EpPo/DescargaINDA.asp?Referencias=NDNZWFlYWVhZWExIVU5ZQlRNTEhZQkxIOVdfX1ZCUzhZWExIWVhMSExI,20240531
20240529,2293252-1,VIVIENDA  CONSTRUCCIoN Y SANEAMIENTO,RESOLUCION DIRECTORAL,No 027-2024-VIVIENDA-VMCS-PASLC,Designan Directora de la Unidad de Planeamiento y Presupuesto del Programa Agua Segura para Lima y Callao,https://epdoc2.elperuano.pe/EpPo/DescargaINDA.asp?Referencias=NDNZWFlYWVhZWExIVU5ZQlRNTEhZQkxIOVdfX0xIVU5MSFM4WVhMSExI,20240531
20240529,2292968-1,COMISION NACIONAL PARA EL DESARROLLO Y VIDA SIN DROGAS,RESOLUCION,No 000109-2024-DV-PE,Autorizan transferencia financiera para financiar actividad a favor de la Municipalidad Distrital de Ayahuanco,https://epdoc2.elperuano.pe/EpPo/DescargaINDA.asp?Referencias=NDNZWFlYWVhZWExIVU5ZQlRNTEhZQkxIOVdfX1hDVkJZWExIWVhMSExI,20240531
20240529,2293008-1,COMISION NACIONAL PARA EL DESARROLLO Y VIDA SIN DROGAS,RESOLUCION,No 000110-2024-DV-PE,Autorizan transferencia financiera para financiar actividad a favor de Municipalidad Provincial de Casma,https://epdoc2.elperuano.pe/EpPo/DescargaINDA.asp?Referencias=NDNZWFlYWVhZWExIVU5ZQlRNTEhZQkxIOVdfX1hDWUJZQlM4WVhMSExI,20240531
20240529,2293011-1,COMISION NACIONAL PARA EL DESARROLLO Y VIDA SIN DROGAS,RESOLUCION,No 000111-2024-DV-PE,Autorizan transferencia financiera para financiar actividad a favor de la Municipalidad Provincial de Huanta,https://epdoc2.elperuano.pe/EpPo/DescargaINDA.asp?Referencias=NDNZWFlYWVhZWExIVU5ZQlRNTEhZQkxIOVdfXzlXOVdZQlM4WVhMSExI,20240531
20240529,2293090-1,INSTITUTO NACIONAL DE RADIO Y TELEVISIoN DEL PERu,RESOLUCION,No 000053-2024-IRTP-PE,Designan Asesor de la Gerencia General del Instituto Nacional de Radio y Television del Peru - IRTP,https://epdoc2.elperuano.pe/EpPo/DescargaINDA.asp?Referencias=NDNZWFlYWVhZWExIVU5ZQlRNTEhZQkxIOVdfX1lCWVhZQlM4WVhMSExI,20240531
20240529,2292925-1,SIERRA Y SELVA EXPORTADORA,RESOLUCION,No 036-2024-MIDAGRI-SSE/PE,Designan Director de la Direccion de Promocion y Articulacion Comercial de Selva y designan temporalmente Director de la Direccion de Promocion y Articulacion Comercial de Sierra,https://epdoc2.elperuano.pe/EpPo/DescargaINDA.asp?Referencias=NDNZWFlYWVhZWExIVU5ZQlRNTEhZQkxIOVdfX1VOTEhZWExIWVhMSExI,20240531
20240529,2292942-1,ORGANISMO SUPERVISOR DE LA INVERSIoN EN ENERGiA Y MINERiA,RESOLUCION,No 079-2024-OS/CD,Resolucion de Consejo Directivo que aprueba los Costos Unitarios Maximos de la linea montante y centro de regulacion primaria a ser cubiertos por el FISE en las concesiones de Distribucion de Gas Natural por Red de Ductos de Lima y Callao Ica Piura Norte y Sur Oeste,https://epdoc2.elperuano.pe/EpPo/DescargaINDA.asp?Referencias=NDNZWFlYWVhZWExIVU5ZQlRNTEhZQkxIOVdfX0xIVE1ZWExIWVhMSExI,20240531
20240529,2292949-1,ORGANISMO SUPERVISOR DE LA INVERSIoN EN ENERGiA Y MINERiA,RESOLUCION,No 080-2024-OS/CD,Resolucion de Consejo Directivo que aprueba el Precio Medio del Gas y el Costo Medio de Transporte para el Periodo de Aplicacion de junio 2024 a agosto 2024 de la Concesion de Distribucion de Gas Natural por Red de Ductos en Lima y Callao,https://epdoc2.elperuano.pe/EpPo/DescargaINDA.asp?Referencias=NDNZWFlYWVhZWExIVU5ZQlRNTEhZQkxIOVdfX1lYVE1ZWExIWVhMSExI,20240531
20240529,2292343-1,ORGANISMO SUPERVISOR DE LA INVERSIoN EN INFRAESTRUCTURA DE TRANSPORTE DE USO PuBLICO,RESOLUCION,No 0029-2024-PD-OSITRAN,Aprueban inicio del procedimiento de revision tarifaria de oficio de las Tarifas Maximas de diversos servicios provistos por la Entidad Prestadora Corporacion Peruana de Aeropuertos y Aviacion Comercial CORPAC S.A.,https://epdoc2.elperuano.pe/EpPo/DescargaINDA.asp?Referencias=NDNZWFlYWVhZWExIVU5ZQlRNTEhZQkxIOVdfX1M4VE1TOExIWVhMSExI,20240531
20240529,2293012-1,ORGANISMO DE EVALUACION Y FISCALIZACION AMBIENTAL,RESOLUCION,No 00084-2024-OEFA/PCD,Designan Asesor Tecnico de la Direccion de Politicas y Estrategias en Fiscalizacion Ambiental del OEFA,https://epdoc2.elperuano.pe/EpPo/DescargaINDA.asp?Referencias=NDNZWFlYWVhZWExIVU5ZQlRNTEhZQkxIOVdfX0xIOVdZQlM4WVhMSExI,20240531
20240529,2293009-1,PROCURADURiA GENERAL DEL ESTADO,RESOLUCION,No D000393-2024-JUS/PGE-PG,Designan Asesor II de la Gerencia General de la Procuraduria General del Estado,https://epdoc2.elperuano.pe/EpPo/DescargaINDA.asp?Referencias=NDNZWFlYWVhZWExIVU5ZQlRNTEhZQkxIOVdfX1lYWUJZQlM4WVhMSExI,20240531
20240529,2292325-1,SUPERINTENDENCIA NACIONAL DE ADUANAS Y DE ADMINISTRACIoN TRIBUTARIA,RESOLUCION,No 000102-2024/SUNAT,Autorizan viaje de servidora para participar en evento a realizarse en la Confederacion Suiza,https://epdoc2.elperuano.pe/EpPo/DescargaINDA.asp?Referencias=NDNZWFlYWVhZWExIVU5ZQlRNTEhZQkxIOVdfX1VOTEhTOExIWVhMSExI,20240531
20240529,2292908-1,CONSEJO EJECUTIVO DEL PODER JUDICIAL,RESOLUCION ADMINISTRATIVA,No 000069-2024-P-CE-PJ,Disponen en via de regularizacion el cese por fallecimiento de Jueza Superior titular de la Corte Superior de Justicia de Lima,https://epdoc2.elperuano.pe/EpPo/DescargaINDA.asp?Referencias=NDNZWFlYWVhZWExIVU5ZQlRNTEhZQkxIOVdfX1hDWUJZWExIWVhMSExI,20240531
20240529,2292459-1,ACADEMIA DE LA MAGISTRATURA,RESOLUCION,No 000002-2024-D-AMAG/CD,Aceptan renuncia de magistrados a la Presidencia y Vicepresidencia del Consejo Directivo de la Academia de la Magistratura,https://epdoc2.elperuano.pe/EpPo/DescargaINDA.asp?Referencias=NDNZWFlYWVhZWExIVU5ZQlRNTEhZQkxIOVdfX1lYVU5UTUxIWVhMSExI,20240531
20240529,2292462-1,ACADEMIA DE LA MAGISTRATURA,RESOLUCION,No 000003-2024-D-AMAG/CD,Proclaman a consejero representante del Poder Judicial como Presidente del Consejo Directivo de la Academia de la Magistratura y Titular del Pliego,https://epdoc2.elperuano.pe/EpPo/DescargaINDA.asp?Referencias=NDNZWFlYWVhZWExIVU5ZQlRNTEhZQkxIOVdfX0xIVkJUTUxIWVhMSExI,20240531
20240529,2291556-1,INSTITUCIONES EDUCATIVAS,RESOLUCION,No 347-2024-UNAM/CO,Autorizan viaje de Vicepresidente de Investigacion de la Universidad Nacional de Moquegua a los EE.UU. en comision de servicios,https://epdoc2.elperuano.pe/EpPo/DescargaINDA.asp?Referencias=NDNZWFlYWVhZWExIVU5ZQlRNTEhZQkxIOVdfX1ZCVU5VTjlXWVhMSExI,20240531
20240529,2291733-1,INSTITUCIONES EDUCATIVAS,RESOLUCION,No 0416-2024-UNHEVAL,Aprueban modificacion presupuestaria para reducir el Presupuesto Institucional de la Universidad Nacional Hermilio Valdizan - Huanuco,https://epdoc2.elperuano.pe/EpPo/DescargaINDA.asp?Referencias=NDNZWFlYWVhZWExIVU5ZQlRNTEhZQkxIOVdfX1M4UzhXVjlXWVhMSExI,20240531
20240529,2292627-1,MINISTERIO PUBLICO,RESOLUCION,No 1264-2024-MP-FN,Modifican la Resolucion de la Fiscalia de la Nacion No 440-2022-MP-FN,https://epdoc2.elperuano.pe/EpPo/DescargaINDA.asp?Referencias=NDNZWFlYWVhZWExIVU5ZQlRNTEhZQkxIOVdfX1dWTEhWQkxIWVhMSExI,20240531
20240529,2292628-1,MINISTERIO PUBLICO,RESOLUCION,No 1265-2024-MP-FN,Dan por concluida designacion de fiscal superior titular civil y contencioso administrativo de Lima Distrito Fiscal de Lima actualmente Distrito Fiscal de Lima Centro,https://epdoc2.elperuano.pe/EpPo/DescargaINDA.asp?Referencias=NDNZWFlYWVhZWExIVU5ZQlRNTEhZQkxIOVdfX1hDTEhWQkxIWVhMSExI,20240531
20240529,2292811-1,MINISTERIO PUBLICO,RESOLUCION,No 1267-2024-MP-FN,Modifican la Resolucion de la Fiscalia de la Nacion No 024-2024-MP-FN,https://epdoc2.elperuano.pe/EpPo/DescargaINDA.asp?Referencias=NDNZWFlYWVhZWExIVU5ZQlRNTEhZQkxIOVdfXzlXOVdYQ0xIWVhMSExI,20240531
20240529,2292892-1,MINISTERIO PUBLICO,RESOLUCION,No 1268 -2024-MP-FN,Aceptan renuncia de fiscal adjunto provincial provisional transitorio del Distrito Fiscal de la Selva Central,https://epdoc2.elperuano.pe/EpPo/DescargaINDA.asp?Referencias=NDNZWFlYWVhZWExIVU5ZQlRNTEhZQkxIOVdfX0xIWVhYQ0xIWVhMSExI,20240531
20240529,2292895-1,MINISTERIO PUBLICO,RESOLUCION,No 1269-2024-MP-FN,Aceptan renuncia de fiscal adjunto provincial provisional del Distrito Fiscal de Lima Norte,https://epdoc2.elperuano.pe/EpPo/DescargaINDA.asp?Referencias=NDNZWFlYWVhZWExIVU5ZQlRNTEhZQkxIOVdfX1VOWVhYQ0xIWVhMSExI,20240531
20240529,2292896-1,MINISTERIO PUBLICO,RESOLUCION,No 1270-2024-MP-FN,Aceptan renuncia de fiscal adjunta provincial provisional transitoria del Distrito Fiscal de Lima Centro,https://epdoc2.elperuano.pe/EpPo/DescargaINDA.asp?Referencias=NDNZWFlYWVhZWExIVU5ZQlRNTEhZQkxIOVdfX1ZCWVhYQ0xIWVhMSExI,20240531
20240529,2292897-1,MINISTERIO PUBLICO,RESOLUCION,No 1271-2024-MP-FN,Aceptan renuncia de fiscal adjunta provincial provisional del Distrito Fiscal de Lima Centro,https://epdoc2.elperuano.pe/EpPo/DescargaINDA.asp?Referencias=NDNZWFlYWVhZWExIVU5ZQlRNTEhZQkxIOVdfX1dWWVhYQ0xIWVhMSExI,20240531
20240529,2292900-1,MINISTERIO PUBLICO,RESOLUCION,No 1272-2024-MP-FN,Aceptan renuncia de fiscal adjunto provincial provisional del Distrito Fiscal de Lima Centro,https://epdoc2.elperuano.pe/EpPo/DescargaINDA.asp?Referencias=NDNZWFlYWVhZWExIVU5ZQlRNTEhZQkxIOVdfX1lCWUJZWExIWVhMSExI,20240531
20240529,2292901-1,MINISTERIO PUBLICO,RESOLUCION,No 1273-2024-MP-FN,Nombran fiscal adjunto provincial provisional del Distrito Fiscal de Lima Centro,https://epdoc2.elperuano.pe/EpPo/DescargaINDA.asp?Referencias=NDNZWFlYWVhZWExIVU5ZQlRNTEhZQkxIOVdfXzlXWUJZWExIWVhMSExI,20240531
20240529,2292903-1,MINISTERIO PUBLICO,RESOLUCION,No 1274-2024-MP-FN,Nombran fiscal adjunta provincial provisional transitoria del Distrito Fiscal de la Selva Central,https://epdoc2.elperuano.pe/EpPo/DescargaINDA.asp?Referencias=NDNZWFlYWVhZWExIVU5ZQlRNTEhZQkxIOVdfX1M4WUJZWExIWVhMSExI,20240531
20240529,2292905-1,MINISTERIO PUBLICO,RESOLUCION,No 1275-2024-MP-FN,Nombran fiscal adjunto provincial provisional transitorio del Distrito Fiscal de Ica,https://epdoc2.elperuano.pe/EpPo/DescargaINDA.asp?Referencias=NDNZWFlYWVhZWExIVU5ZQlRNTEhZQkxIOVdfX1VOWUJZWExIWVhMSExI,20240531
20240529,2292907-1,MINISTERIO PUBLICO,RESOLUCION,No 1276-2024-MP-FN,Nombran fiscal adjunto provincial provisional del Distrito Fiscal de Lima Centro,https://epdoc2.elperuano.pe/EpPo/DescargaINDA.asp?Referencias=NDNZWFlYWVhZWExIVU5ZQlRNTEhZQkxIOVdfX1dWWUJZWExIWVhMSExI,20240531
20240529,2292909-1,MINISTERIO PUBLICO,RESOLUCION,No 1277-2024-MP-FN,Nombran fiscal adjunta provincial provisional del Distrito Fiscal de Junin,https://epdoc2.elperuano.pe/EpPo/DescargaINDA.asp?Referencias=NDNZWFlYWVhZWExIVU5ZQlRNTEhZQkxIOVdfX1lYWUJZWExIWVhMSExI,20240531
20240529,2292911-1,MINISTERIO PUBLICO,RESOLUCION,No 1278-2024-MP-FN,Nombran fiscal adjunto provincial provisional del Distrito Fiscal de Lima Norte,https://epdoc2.elperuano.pe/EpPo/DescargaINDA.asp?Referencias=NDNZWFlYWVhZWExIVU5ZQlRNTEhZQkxIOVdfXzlXOVdZWExIWVhMSExI,20240531
20240529,2292914-1,MINISTERIO PUBLICO,RESOLUCION,No 1279-2024-MP-FN,Nombran fiscal provincial provisional del Distrito Fiscal de Huanuco,https://epdoc2.elperuano.pe/EpPo/DescargaINDA.asp?Referencias=NDNZWFlYWVhZWExIVU5ZQlRNTEhZQkxIOVdfX1RNOVdZWExIWVhMSExI,20240531
20240529,2292917-1,MINISTERIO PUBLICO,RESOLUCION,No 1280-2024-MP-FN,Nombran fiscal adjunta provincial provisional transitoria del Distrito Fiscal de Lima Centro,https://epdoc2.elperuano.pe/EpPo/DescargaINDA.asp?Referencias=NDNZWFlYWVhZWExIVU5ZQlRNTEhZQkxIOVdfX1dWOVdZWExIWVhMSExI,20240531
20240529,2292924-1,MINISTERIO PUBLICO,RESOLUCION,No 1281-2024-MP-FN,Nombran fiscal adjunto provincial provisional del Distrito Fiscal de San Martin,https://epdoc2.elperuano.pe/EpPo/DescargaINDA.asp?Referencias=NDNZWFlYWVhZWExIVU5ZQlRNTEhZQkxIOVdfX1RNTEhZWExIWVhMSExI,20240531
20240529,2292926-1,MINISTERIO PUBLICO,RESOLUCION,No 1282-2024-MP-FN,Nombran fiscal adjunto provincial provisional del Distrito Fiscal de Apurimac,https://epdoc2.elperuano.pe/EpPo/DescargaINDA.asp?Referencias=NDNZWFlYWVhZWExIVU5ZQlRNTEhZQkxIOVdfX1ZCTEhZWExIWVhMSExI,20240531
20240529,2292929-1,MINISTERIO PUBLICO,RESOLUCION,No 1283-2024-MP-FN,Nombran fiscal adjunta superior provisional del Distrito Fiscal de Ucayali,https://epdoc2.elperuano.pe/EpPo/DescargaINDA.asp?Referencias=NDNZWFlYWVhZWExIVU5ZQlRNTEhZQkxIOVdfX1lYTEhZWExIWVhMSExI,20240531
20240529,2292931-1,MINISTERIO PUBLICO,RESOLUCION,No 1284-2024-MP-FN,Nombran fiscal adjunto provincial provisional del Distrito Fiscal de Lima Norte,https://epdoc2.elperuano.pe/EpPo/DescargaINDA.asp?Referencias=NDNZWFlYWVhZWExIVU5ZQlRNTEhZQkxIOVdfXzlXUzhZWExIWVhMSExI,20240531
20240529,2292391-1,SUPERINTENDENCIA DE BANCA  SEGUROS Y ADMINISTRADORAS PRIVADAS DE FONDOS DE PENSIONES,RESOLUCION,SBS No 01962-2024,Autorizan viaje de Analista Principal de Investigacion Economica II para participar en evento a realizarse en la Republica Federal de Alemania,https://epdoc2.elperuano.pe/EpPo/DescargaINDA.asp?Referencias=NDNZWFlYWVhZWExIVU5ZQlRNTEhZQkxIOVdfXzlXWVhTOExIWVhMSExI,20240531
20240529,2288958-1,GOBIERNO REGIONAL DE MADRE DE DIOS,ORDENANZA,No 014-2023-RMDD/CR,Aprueban de manera excepcional la ampliacion del Horizonte Temporal hasta el ano 2025 del Plan de Desarrollo Regional Concertado -PDRC del Gobierno Regional de Madre de Dios,https://epdoc2.elperuano.pe/EpPo/DescargaINDA.asp?Referencias=NDNZWFlYWVhZWExIVU5ZQlRNTEhZQkxIOVdfX1hDVU5ZWFhDWENMSExI,20240531
20240529,2288965-1,GOBIERNO REGIONAL DE MADRE DE DIOS,ORDENANZA,No 015-2023-RMDD/CR,Declaran de interes y prioridad regional la proteccion y recuperacion extrajudicial y judicial de los predios estatales que se encuentran bajo competencia administracion o propiedad del Gobierno Regional Madre de Dios,https://epdoc2.elperuano.pe/EpPo/DescargaINDA.asp?Referencias=NDNZWFlYWVhZWExIVU5ZQlRNTEhZQkxIOVdfX1VOVkJZWFhDWENMSExI,20240531
20240529,2288970-1,GOBIERNO REGIONAL DE MADRE DE DIOS,ORDENANZA,No 016-2023-RMDD/CR,Derogan la Ordenanza Regional No 034-2012-GRMDD/CR en el extremo que aprueba el Reglamento de Organizacion y Funciones (ROF) de la Direccion Regional de Salud de Madre de Dios,https://epdoc2.elperuano.pe/EpPo/DescargaINDA.asp?Referencias=NDNZWFlYWVhZWExIVU5ZQlRNTEhZQkxIOVdfX1lCV1ZZWFhDWENMSExI,20240531
20240529,2288980-1,GOBIERNO REGIONAL DE MADRE DE DIOS,ORDENANZA,No 027-2023-RMDD/CR,Declaran de interes publico y prioridad regional LA PUESTA EN VALOR Y RECONOCIMIENTO COMO PLATO BANDERA TiPICO Y REPRESENTATIVO EN EL aMBITO DEL GOBIERNO REGIONAL DE MADRE DE DIOS PESCADO EN PACA - EPUTE EMANEY DEWEHO BIO,https://epdoc2.elperuano.pe/EpPo/DescargaINDA.asp?Referencias=NDNZWFlYWVhZWExIVU5ZQlRNTEhZQkxIOVdfX1lCWENZWFhDWENMSExI,20240531
20240529,2288995-1,GOBIERNO REGIONAL DE MADRE DE DIOS,ORDENANZA,No 031-2023-RMDD/CR,Declaran de interes publico y de prioridad regional el reconocimiento y promocion de la lengua de senas peruanas como lengua de las personas con discapacidad auditiva o personas sordas en la Region Madre de Dios,https://epdoc2.elperuano.pe/EpPo/DescargaINDA.asp?Referencias=NDNZWFlYWVhZWExIVU5ZQlRNTEhZQkxIOVdfX1VOWVhZWFhDWENMSExI,20240531
20240529,2289011-1,GOBIERNO REGIONAL DE MADRE DE DIOS,ORDENANZA,No 019-2022-RMDD/CR,Disponen que en la ejecucion de proyectos de inversion publica y de obras publicas bajo la modalidad de administracion directa por el Gobierno Regional de Madre de Dios en todas sus dependencias y unidades ejecutoras se constituya una bolsa de trabajo para mano de obra calificada y no calificada a favor de los trabajadores afiliados al Sindicato de Trabajadores de Construccion Civil de Madre de Dios.,https://epdoc2.elperuano.pe/EpPo/DescargaINDA.asp?Referencias=NDNZWFlYWVhZWExIVU5ZQlRNTEhZQkxIOVdfXzlXOVdZQllYWENMSExI,20240531
20240529,2291794-1,MUNICIPALIDAD DE CARABAYLLO,DECRETO DE ALCALDIA,No 05-2024/MDC,Convocan a la Audiencia Publica de Rendicion de Cuentas 2024-I de la Municipalidad Distrital de Carabayllo,https://epdoc2.elperuano.pe/EpPo/DescargaINDA.asp?Referencias=NDNZWFlYWVhZWExIVU5ZQlRNTEhZQkxIOVdfX1RNWVhXVjlXWVhMSExI,20240531
20240529,2291658-1,MUNICIPALIDAD DE CHACLACAYO,DECRETO DE ALCALDIA,No 005-2024-ALC/MDCH,Precisan horario de la Audiencia Publica de Rendicion de Cuentas de la Municipalidad Distrital de Chaclacayo,https://epdoc2.elperuano.pe/EpPo/DescargaINDA.asp?Referencias=NDNZWFlYWVhZWExIVU5ZQlRNTEhZQkxIOVdfX1hDVU5WQjlXWVhMSExI,20240531
20240529,2292872-1,MUNICIPALIDAD DEL RIMAC,Decretos de Alcaldia,No 004-2024-MDR,Modifican el Articulo Primero del D.A. No 003-2024-MDR sobre la I Audiencia Publica de Rendicion de Cuentas correspondiente al ano 2024 de la Municipalidad Distrital del Rimac,https://epdoc2.elperuano.pe/EpPo/DescargaINDA.asp?Referencias=NDNZWFlYWVhZWExIVU5ZQlRNTEhZQkxIOVdfX0xIV1ZYQ0xIWVhMSExI,20240531
20240529,2293434-1,MUNICIPALIDAD DE SAN JUAN DE LURIGANCHO,Acuerdo,No 034-2024-MDSJL,Designan Secretario Tecnico del Procedimiento Administrativo Disciplinario (PAD) de la Municipalidad Distrital de San Juan de Lurigancho,https://epdoc2.elperuano.pe/EpPo/DescargaINDA.asp?Referencias=NDNZWFlYWVhZWExIVU5ZQlRNTEhZQkxIOVdfX1RNUzhUTVM4WVhMSExI,20240531
20240529,2293397-1,MUNICIPALIDAD DE SAN JUAN DE LURIGANCHO,Decretos de Alcaldia,No 014-2024-MDSJL,Disponen la rectificacion del articulo 1 del D.A. No 005-2024-MDSJL en el extremo referido a que son seis (6) los representantes de la Sociedad Civil a elegir ante el Consejo de Coordinacion Local Distrital (CCDL) de San Juan de Lurigancho periodo 2024- 2026,https://epdoc2.elperuano.pe/EpPo/DescargaINDA.asp?Referencias=NDNZWFlYWVhZWExIVU5ZQlRNTEhZQkxIOVdfX1dWWVhTOFM4WVhMSExI,20240531
20240529,2292370-1,MUNICIPALIDAD DE LA PERLA,Fe de Erratas,D.A. No 03-2024-MDLP,.,https://epdoc2.elperuano.pe/EpPo/DescargaINDA.asp?Referencias=NDNZWFlYWVhZWExIVU5ZQlRNTEhZQkxIOVdfX1lCV1ZTOExIWVhMSExI,20240531
20240528,2292369-1,DEFENSA,RESOLUCION MINISTERIAL,No 00514-2024-DE,Autorizan viaje de oficial de la Marina de Guerra del Peru a Corea del Sur en comision de servicios,https://epdoc2.elperuano.pe/EpPo/DescargaINDA.asp?Referencias=NDNYQ1hDWENYQ0xIVU5ZQlRNTEhZQkxIOVdfX1lYVkJTOExIWVhMSExI,20240531
20240528,2292381-1,DEFENSA,RESOLUCION MINISTERIAL,No 00518-2024-DE,Autorizan viaje del personal militar FAP a los EE.UU. en mision de estudios,https://epdoc2.elperuano.pe/EpPo/DescargaINDA.asp?Referencias=NDNYQ1hDWENYQ0xIVU5ZQlRNTEhZQkxIOVdfXzlXWENTOExIWVhMSExI,20240531
20240528,2292551-1,DESARROLLO AGRARIO Y RIEGO,RESOLUCION,No D000139-2024-MIDAGRI-SERFOR-DE,Designan Directora de la Direccion de Gestion de Conocimiento de la Direccion General de Gestion del Conocimiento Forestal y de Fauna Silvestre del SERFOR,https://epdoc2.elperuano.pe/EpPo/DescargaINDA.asp?Referencias=NDNYQ1hDWENYQ0xIVU5ZQlRNTEhZQkxIOVdfXzlXVU5VTkxIWVhMSExI,20240531
20240528,2292556-1,DESARROLLO AGRARIO Y RIEGO,RESOLUCION,No D000142-2024-MIDAGRI-SERFOR-DE,Designan Director de la Direccion de Informacion y Registro de la Direccion General de Informacion y Ordenamiento Forestal y de Fauna Silvestre del Servicio Nacional Forestal y de Fauna Silvestre - SERFOR,https://epdoc2.elperuano.pe/EpPo/DescargaINDA.asp?Referencias=NDNYQ1hDWENYQ0xIVU5ZQlRNTEhZQkxIOVdfX1ZCVU5VTkxIWVhMSExI,20240531
20240528,2292318-1,ECONOMIA Y FINANZAS,RESOLUCION MINISTERIAL,No 180-2024-EF/49,Designan Directora de la Direccion General de Politica de Promocion de la Inversion Privada,https://epdoc2.elperuano.pe/EpPo/DescargaINDA.asp?Referencias=NDNYQ1hDWENYQ0xIVU5ZQlRNTEhZQkxIOVdfX1hDOVdTOExIWVhMSExI,20240531
20240528,2292537-1,EDUCACION,RESOLUCION DIRECTORAL,No 000098-2024-MINEDU-VMGI-PRONIED-DE,Designan Asesora II de la Direccion Ejecutiva del Programa Nacional de Infraestructura Educativa,https://epdoc2.elperuano.pe/EpPo/DescargaINDA.asp?Referencias=NDNYQ1hDWENYQ0xIVU5ZQlRNTEhZQkxIOVdfX1dWUzhVTkxIWVhMSExI,20240531
20240528,2292562-1,INTERIOR,RESOLUCION SUPREMA,No 104-2024-IN,Encargan funciones de Viceministro de Seguridad Publica al Jefe de Gabinete de Asesores de la Alta Direccion del Despacho Ministerial,https://epdoc2.elperuano.pe/EpPo/DescargaINDA.asp?Referencias=NDNYQ1hDWENYQ0xIVU5ZQlRNTEhZQkxIOVdfX0xIVkJVTkxIWVhMSExI,20240531
20240528,2292519-1,JUSTICIA Y DERECHOS HUMANOS,RESOLUCION MINISTERIAL,No 0124-2024-JUS,Crean el Grupo de Trabajo Multisectorial para la mejora y actualizacion de la normativa que regula el arbitraje con la finalidad de optimizar el marco juridico vigente,https://epdoc2.elperuano.pe/EpPo/DescargaINDA.asp?Referencias=NDNYQ1hDWENYQ0xIVU5ZQlRNTEhZQkxIOVdfX1lYOVdVTkxIWVhMSExI,20240531
20240528,2292229-1,MUJER Y POBLACIONES VULNERABLES,RESOLUCION MINISTERIAL,No 199-2024-MIMP,Designan Asesora II del Despacho Ministerial,https://epdoc2.elperuano.pe/EpPo/DescargaINDA.asp?Referencias=NDNYQ1hDWENYQ0xIVU5ZQlRNTEhZQkxIOVdfX1lYTEhMSExIWVhMSExI,20240531
20240528,2292252-1,MUJER Y POBLACIONES VULNERABLES,RESOLUCION MINISTERIAL,No 201-2024-MIMP,Designan Asesora II del Despacho Viceministerial de la Mujer,https://epdoc2.elperuano.pe/EpPo/DescargaINDA.asp?Referencias=NDNYQ1hDWENYQ0xIVU5ZQlRNTEhZQkxIOVdfX0xIVU5MSExIWVhMSExI,20240531
20240528,2292298-1,PRODUCE,RESOLUCION,No 050-2024-IMARPE/DEC,Modifican el articulo 1 de la Resolucion de Direccion Ejecutiva Cientifica No 038-2024-IMARPE/DEC,https://epdoc2.elperuano.pe/EpPo/DescargaINDA.asp?Referencias=NDNYQ1hDWENYQ0xIVU5ZQlRNTEhZQkxIOVdfX1hDWVhMSExIWVhMSExI,20240531
20240528,2292479-1,RELACIONES EXTERIORES,RESOLUCION MINISTERIAL,No 0417-2024-RE,Autorizan viaje de funcionaria diplomatica a EE.UU. y El Salvador en comision de servicios,https://epdoc2.elperuano.pe/EpPo/DescargaINDA.asp?Referencias=NDNYQ1hDWENYQ0xIVU5ZQlRNTEhZQkxIOVdfX1lYV1ZUTUxIWVhMSExI,20240531
20240528,2292550-1,RELACIONES EXTERIORES,RESOLUCION MINISTERIAL,No 0423-2024-RE,Nombran Director de la Oficina Desconcentrada del Ministerio de Relaciones Exteriores en la ciudad de Arequipa departamento de Arequipa,https://epdoc2.elperuano.pe/EpPo/DescargaINDA.asp?Referencias=NDNYQ1hDWENYQ0xIVU5ZQlRNTEhZQkxIOVdfX1lCVU5VTkxIWVhMSExI,20240531
20240528,2292557-1,VIVIENDA  CONSTRUCCIoN Y SANEAMIENTO,RESOLUCION MINISTERIAL,No 190-2024-VIVIENDA,Disponen la publicacion del proyecto de Decreto Supremo que aprueba la Hoja de Ruta hacia una Economia Circular en Agua y Saneamiento al 2030 y de la Exposicion de Motivos que lo sustenta,https://epdoc2.elperuano.pe/EpPo/DescargaINDA.asp?Referencias=NDNYQ1hDWENYQ0xIVU5ZQlRNTEhZQkxIOVdfX1dWVU5VTkxIWVhMSExI,20240531
20240528,2292487-1,COMISION NACIONAL PARA EL DESARROLLO Y VIDA SIN DROGAS,RESOLUCION,No 000107-2024-DV-PE,Autorizan transferencia financiera a favor de la Municipalidad Distrital Veintiseis de Octubre en el marco del Programa Presupuestal Prevencion y Tratamiento del Consumo de Drogas,https://epdoc2.elperuano.pe/EpPo/DescargaINDA.asp?Referencias=NDNYQ1hDWENYQ0xIVU5ZQlRNTEhZQkxIOVdfX1dWWENUTUxIWVhMSExI,20240531
20240528,2292509-1,COMISION NACIONAL PARA EL DESARROLLO Y VIDA SIN DROGAS,RESOLUCION,No 000108-2024-DV-PE,Autorizan transferencia financiera a favor de la Municipalidad Distrital de Rio Tambo para ejecutar inversion en el marco del PIRDAIS,https://epdoc2.elperuano.pe/EpPo/DescargaINDA.asp?Referencias=NDNYQ1hDWENYQ0xIVU5ZQlRNTEhZQkxIOVdfX1lYWUJVTkxIWVhMSExI,20240531
20240528,2292552-1,CENTRO NACIONAL DE PLANEAMIENTO ESTRATeGICO,RESOLUCION,No 0046-2024/CEPLAN/PCD,Aprueban la version actualizada de la Guia para la elaboracion de indicadores de politicas nacionales y planes estrategicos,https://epdoc2.elperuano.pe/EpPo/DescargaINDA.asp?Referencias=NDNYQ1hDWENYQ0xIVU5ZQlRNTEhZQkxIOVdfX0xIVU5VTkxIWVhMSExI,20240531
20240528,2292555-1,CONSEJO NACIONAL DE CIENCIA  TECNOLOGiA E INNOVACIoN TECNOLoGICA,RESOLUCION,No 052-2024-CONCYTEC-P,Aprueban transferencias financieras a entidades publicas y otorgamiento de subvenciones a personas juridicas privadas,https://epdoc2.elperuano.pe/EpPo/DescargaINDA.asp?Referencias=NDNYQ1hDWENYQ0xIVU5ZQlRNTEhZQkxIOVdfX1VOVU5VTkxIWVhMSExI,20240531
20240528,2292575-1,PROCURADURiA GENERAL DEL ESTADO,RESOLUCION,No D000390-2024-JUS/PGE-PG,Designan jefe de la Unidad de Evaluacion Supervision Control y Fiscalizacion de la Oficina de Control Funcional de la Procuraduria General del Estado,https://epdoc2.elperuano.pe/EpPo/DescargaINDA.asp?Referencias=NDNYQ1hDWENYQ0xIVU5ZQlRNTEhZQkxIOVdfX1VOV1ZVTkxIWVhMSExI,20240531
20240528,2292577-1,PROCURADURiA GENERAL DEL ESTADO,RESOLUCION,No D000391-2024-JUS/PGE-PG,Designan director de la Oficina de Control Funcional de la Procuraduria General del Estado,https://epdoc2.elperuano.pe/EpPo/DescargaINDA.asp?Referencias=NDNYQ1hDWENYQ0xIVU5ZQlRNTEhZQkxIOVdfX1dWV1ZVTkxIWVhMSExI,20240531
20240528,2292446-1,SUPERINTENDENCIA NACIONAL DE SALUD,RESOLUCION,No 080-2024-SUSALUD/S,Autorizan Transferencia Financiera a favor de la Contraloria General de la Republica,https://epdoc2.elperuano.pe/EpPo/DescargaINDA.asp?Referencias=NDNYQ1hDWENYQ0xIVU5ZQlRNTEhZQkxIOVdfX1ZCVE1UTUxIWVhMSExI,20240531
20240528,2292421-1,JURADO NACIONAL DE ELECCIONES,RESOLUCION,No 000055-2024-P/JNE,Autorizan viaje de servidor de la Direccion Nacional de Educacion y Formacion Civica Ciudadana a Mexico en comision de servicios,https://epdoc2.elperuano.pe/EpPo/DescargaINDA.asp?Referencias=NDNYQ1hDWENYQ0xIVU5ZQlRNTEhZQkxIOVdfXzlXTEhUTUxIWVhMSExI,20240531
20240528,2292387-1,REGISTRO NACIONAL DE IDENTIFICACION Y ESTADO CIVIL,RESOLUCION JEFATURAL,No 000083-2024/JNAC/RENIEC,Autorizan viaje de Asesor de la Gerencia General del RENIEC a Mexico en comision de servicios,https://epdoc2.elperuano.pe/EpPo/DescargaINDA.asp?Referencias=NDNYQ1hDWENYQ0xIVU5ZQlRNTEhZQkxIOVdfX1dWWENTOExIWVhMSExI,20240531
20240528,2292366-1,TRIBUNAL CONSTITUCIONAL,RESOLUCION,No 011-2024-SG/TC,Aprueban modificacion del Manual de Clasificador de Cargos (MCC) del Tribunal Constitucional,https://epdoc2.elperuano.pe/EpPo/DescargaINDA.asp?Referencias=NDNYQ1hDWENYQ0xIVU5ZQlRNTEhZQkxIOVdfX1ZCVkJTOExIWVhMSExI,20240531
20240528,2292287-1,GOBIERNO REGIONAL DE ANCASH,ORDENANZA,No 004-2024-GRA/CR,Constituyen la Plataforma Regional de Voluntariado en el ambito jurisdiccional del Gobierno Regional de Ancash,https://epdoc2.elperuano.pe/EpPo/DescargaINDA.asp?Referencias=NDNYQ1hDWENYQ0xIVU5ZQlRNTEhZQkxIOVdfX1dWWENMSExIWVhMSExI,20240531
20240528,2292554-1,GOBIERNO REGIONAL DE ANCASH,ORDENANZA,No 005-2024-GRA/CR,Declaran de interes y prioridad la elaboracion del Plan Regional de Competitividad y Productividad de Ancash al 2033 - PRCP Ancash al 2033 y dictan diversas disposiciones,https://epdoc2.elperuano.pe/EpPo/DescargaINDA.asp?Referencias=NDNYQ1hDWENYQ0xIVU5ZQlRNTEhZQkxIOVdfX1RNVU5VTkxIWVhMSExI,20240531
20240528,2292301-1,GOBIERNO REGIONAL DE ANCASH,RESOLUCION DIRECTORAL,No 78-2024-GRA/DREM,Concesiones mineras cuyos titulos fueron otorgados en los meses de setiembre de 2023 octubre de 2023 noviembre de 2023 diciembre de 2023 enero de 2024 febrero de 2024 marzo de 2024,https://epdoc2.elperuano.pe/EpPo/DescargaINDA.asp?Referencias=NDNYQ1hDWENYQ0xIVU5ZQlRNTEhZQkxIOVdfXzlXWUJTOExIWVhMSExI,20240531
20240528,2292197-1,MUNICIPALIDAD DE SAN JUAN DE LURIGANCHO,Ordenanzas,No 476-MDSJL,Ordenanza que conforma la Mesa de Trabajo para las personas adultas mayores del distrito de San Juan de Lurigancho,https://epdoc2.elperuano.pe/EpPo/DescargaINDA.asp?Referencias=NDNYQ1hDWENYQ0xIVU5ZQlRNTEhZQkxIOVdfX1dWWVg5V0xIWVhMSExI,20240531
20240528,2290289-1,MUNICIPALIDAD DE SAN JUAN DE MIRAFLORES,ORDENANZA,No 516 /MDSJM,Ordenanza del cuadrante seguro y saludable que regula el uso de elementos de seguridad resguardando el derecho a la vida integridad fisica libre transito y propiedad privada en el distrito de San Juan de Miraflores,https://epdoc2.elperuano.pe/EpPo/DescargaINDA.asp?Referencias=NDNYQ1hDWENYQ0xIVU5ZQlRNTEhZQkxIOVdfX1lYWENMSFlCWVhMSExI,20240531
20240527,2292184-1,PRESIDENCIA DEL CONSEJO DE MINISTROS,RESOLUCION MINISTERIAL,No 154-2024-PCM,Designan Subsecretaria I de la Subsecretaria de Simplificacion y Analisis Regulatorio de la Secretaria de Gestion Publica de la PCM,https://epdoc2.elperuano.pe/EpPo/DescargaINDA.asp?Referencias=NDNXVldWV1ZXVkxIVU5ZQlRNTEhZQkxIOVdfX1RNWEM5V0xIWVhMSExI,20240531
20240527,2292561-1,PRESIDENCIA DEL CONSEJO DE MINISTROS,RESOLUCION SUPREMA,No 128-2024-PCM,Autorizan viaje del Ministro de Relaciones Exteriores a los Estados Unidos de America y a la Republica de El Salvador y encargan su Despacho al Ministro de Justicia y Derechos Humanos,https://epdoc2.elperuano.pe/EpPo/DescargaINDA.asp?Referencias=NDNXVldWV1ZXVkxIVU5ZQlRNTEhZQkxIOVdfXzlXVkJVTkxIWVhMSExI,20240531
20240527,2292561-2,PRESIDENCIA DEL CONSEJO DE MINISTROS,RESOLUCION SUPREMA,No 129-2024-PCM,Autorizan viaje del Ministro de Desarrollo Agrario y Riego a la Republica Italiana y encargan su Despacho al Ministro de la Produccion,https://epdoc2.elperuano.pe/EpPo/DescargaINDA.asp?Referencias=NDNXVldWV1ZXVkxIVU5ZQlRNTEhZQkxITEhfXzlXVkJVTkxIWVhMSExI,20240531
20240527,2292201-1,CULTURA,RESOLUCION DIRECTORAL,No 000473-2024-DGIA-VMPCIC/MC,Aprueban las Bases de la Convocatoria para la Postulacion al Programa Especializado en Mediacion de Lectura y Escritura de la Catedra de Lectura Escritura y Bibliotecas del Peru 2024,https://epdoc2.elperuano.pe/EpPo/DescargaINDA.asp?Referencias=NDNXVldWV1ZXVkxIVU5ZQlRNTEhZQkxIOVdfXzlXWUJMSExIWVhMSExI,20240531
20240527,2290497-1,CULTURA,RESOLUCION VICE MINISTERIAL,No 000126-2024-VMPCIC/MC,Declaran Patrimonio Cultural de la Nacion el Oficio con las instrucciones de Domingo Del Solar al Capitan de Navio Miguel Grau (15 de mayo de 1879) perteneciente al Archivo Historico de Marina del Peru,https://epdoc2.elperuano.pe/EpPo/DescargaINDA.asp?Referencias=NDNXVldWV1ZXVkxIVU5ZQlRNTEhZQkxIOVdfX1dWWVhUTVlCWVhMSExI,20240531
20240527,2290520-1,CULTURA,RESOLUCION VICE MINISTERIAL,No 000136-2024-VMPCIC/MC,Declaran Patrimonio Cultural de la Nacion una tarjeta de visita del comandante Miguel Grau Seminario de civil perteneciente a la Coleccion Fotografica del Archivo Historico de la Marina del Peru,https://epdoc2.elperuano.pe/EpPo/DescargaINDA.asp?Referencias=NDNXVldWV1ZXVkxIVU5ZQlRNTEhZQkxIOVdfX1lCTEhVTllCWVhMSExI,20240531
20240527,2292186-1,MUJER Y POBLACIONES VULNERABLES,RESOLUCION MINISTERIAL,No 197-2024-MIMP,Designan Directora General de la Direccion General Contra la Violencia de Genero del Ministerio,https://epdoc2.elperuano.pe/EpPo/DescargaINDA.asp?Referencias=NDNXVldWV1ZXVkxIVU5ZQlRNTEhZQkxIOVdfX1ZCWEM5V0xIWVhMSExI,20240531
20240527,2291986-1,TRANSPORTES Y COMUNICACIONES,RESOLUCION MINISTERIAL,No 269-2024-MTC/01.02,Autorizan viaje de inspector de la Direccion General de Aeronautica Civil a EE.UU. en comision de servicios,https://epdoc2.elperuano.pe/EpPo/DescargaINDA.asp?Referencias=NDNXVldWV1ZXVkxIVU5ZQlRNTEhZQkxIOVdfX1ZCWENZWDlXWVhMSExI,20240531
20240527,2292182-1,VIVIENDA  CONSTRUCCIoN Y SANEAMIENTO,RESOLUCION DIRECTORAL,No 108-2024-VIVIENDA/VMCS/PNSU/1.0,Designan Coordinador de la Subunidad de Abastecimiento y Control Patrimonial del Programa Nacional de Saneamiento Urbano,https://epdoc2.elperuano.pe/EpPo/DescargaINDA.asp?Referencias=NDNXVldWV1ZXVkxIVU5ZQlRNTEhZQkxIOVdfX0xIWEM5V0xIWVhMSExI,20240531
20240527,2292183-1,VIVIENDA  CONSTRUCCIoN Y SANEAMIENTO,RESOLUCION DIRECTORAL,No 109-2024-VIVIENDA/VMCS/PNSU/1.0,Designan Coordinadora de la Subunidad de Proyectos Especiales del Programa Nacional de Saneamiento Urbano,https://epdoc2.elperuano.pe/EpPo/DescargaINDA.asp?Referencias=NDNXVldWV1ZXVkxIVU5ZQlRNTEhZQkxIOVdfX1M4WEM5V0xIWVhMSExI,20240531
20240527,2291930-1,INSTITUTO NACIONAL DE DEFENSA DE LA COMPETENCIA Y DE LA PROTECCION DE LA PROPIEDAD INTELECTUAL,RESOLUCION,No 000092-2024-GEG/INDECOPI,Designan Jefa de la Unidad de Abastecimiento del INDECOPI,https://epdoc2.elperuano.pe/EpPo/DescargaINDA.asp?Referencias=NDNXVldWV1ZXVkxIVU5ZQlRNTEhZQkxIOVdfX1lCUzhZWDlXWVhMSExI,20240531
20240527,2291935-1,INSTITUTO NACIONAL DE DEFENSA DE LA COMPETENCIA Y DE LA PROTECCION DE LA PROPIEDAD INTELECTUAL,RESOLUCION,No 000093-2024-GEG/INDECOPI,Designan Asesor de la Oficina de Administracion y Finanzas del INDECOPI,https://epdoc2.elperuano.pe/EpPo/DescargaINDA.asp?Referencias=NDNXVldWV1ZXVkxIVU5ZQlRNTEhZQkxIOVdfX1VOUzhZWDlXWVhMSExI,20240531
20240527,2291972-1,INSTITUTO NACIONAL DE DEFENSA DE LA COMPETENCIA Y DE LA PROTECCION DE LA PROPIEDAD INTELECTUAL,RESOLUCION,No 000088-2024-PRE/INDECOPI,Formalizan Acuerdo mediante el cual se designa a miembro del Consejo Consultivo del INDECOPI,https://epdoc2.elperuano.pe/EpPo/DescargaINDA.asp?Referencias=NDNXVldWV1ZXVkxIVU5ZQlRNTEhZQkxIOVdfX0xIV1ZZWDlXWVhMSExI,20240531
20240527,2292187-1,ORGANISMO NACIONAL DE SANIDAD PESQUERA,RESOLUCION,No 000086-2024-SANIPES/PE,Designan Jefe de la Unidad de Abastecimiento de la Oficina de Administracion del Organismo Nacional de Sanidad Pesquera (SANIPES),https://epdoc2.elperuano.pe/EpPo/DescargaINDA.asp?Referencias=NDNXVldWV1ZXVkxIVU5ZQlRNTEhZQkxIOVdfX1dWWEM5V0xIWVhMSExI,20240531
20240527,2291751-1,SUPERINTENDENCIA DEL MERCADO DE VALORES,RESOLUCION,No 006-2024-SMV/01,Modifican el Reglamento de Operaciones en Rueda de Bolsa de la Bolsa de Valores de Lima,https://epdoc2.elperuano.pe/EpPo/DescargaINDA.asp?Referencias=NDNXVldWV1ZXVkxIVU5ZQlRNTEhZQkxIOVdfXzlXVU5XVjlXWVhMSExI,20240531
20240527,2291999-1,SUPERINTENDENCIA NACIONAL DE LOS REGISTROS PUBLICOS,RESOLUCION,No 073-2024-SUNARP/SN,Designan Gerente General de la Superintendencia Nacional de los Registros Publicos,https://epdoc2.elperuano.pe/EpPo/DescargaINDA.asp?Referencias=NDNXVldWV1ZXVkxIVU5ZQlRNTEhZQkxIOVdfX1lYWVhZWDlXWVhMSExI,20240531
20240527,2291670-1,SUPERINTENDENCIA NACIONAL DE SALUD,RESOLUCION,No 079-2024-SUSALUD/S,Disponen la publicacion del proyecto de norma que modifica el Reglamento para el Registro de Corredores de Aseguramiento Universal en Salud,https://epdoc2.elperuano.pe/EpPo/DescargaINDA.asp?Referencias=NDNXVldWV1ZXVkxIVU5ZQlRNTEhZQkxIOVdfX1lCV1ZWQjlXWVhMSExI,20240531
20240527,2290658-1,SUPERINTENDENCIA DE BANCA  SEGUROS Y ADMINISTRADORAS PRIVADAS DE FONDOS DE PENSIONES,RESOLUCION,SBS No 01887-2024,Autorizan viaje de funcionarios de la Unidad de Inteligencia Financiera del Peru para participar en evento a realizarse en Francia,https://epdoc2.elperuano.pe/EpPo/DescargaINDA.asp?Referencias=NDNXVldWV1ZXVkxIVU5ZQlRNTEhZQkxIOVdfX1hDVU5WQllCWVhMSExI,20240531
20240527,2291377-1,SUPERINTENDENCIA DE BANCA  SEGUROS Y ADMINISTRADORAS PRIVADAS DE FONDOS DE PENSIONES,RESOLUCION,SBS No 01919-2024,Declaran la disolucion de la Cooperativa de Ahorro y Credito Nino Jesus de Pacucha por encontrarse incursa en la causal de inactividad,https://epdoc2.elperuano.pe/EpPo/DescargaINDA.asp?Referencias=NDNXVldWV1ZXVkxIVU5ZQlRNTEhZQkxIOVdfX1dWV1ZTODlXWVhMSExI,20240531
20240527,2291382-1,SUPERINTENDENCIA DE BANCA  SEGUROS Y ADMINISTRADORAS PRIVADAS DE FONDOS DE PENSIONES,RESOLUCION,SBS No 01920-2024,Declaran la disolucion de la Cooperativa de Ahorro y Credito Senor de animas de Canchuillca Chalhuanca - Aymaraes por encontrarse incursa en la causal de inactividad,https://epdoc2.elperuano.pe/EpPo/DescargaINDA.asp?Referencias=NDNXVldWV1ZXVkxIVU5ZQlRNTEhZQkxIOVdfX0xIWENTODlXWVhMSExI,20240531
20240527,2291386-1,SUPERINTENDENCIA DE BANCA  SEGUROS Y ADMINISTRADORAS PRIVADAS DE FONDOS DE PENSIONES,RESOLUCION,SBS No 01921-2024,Declaran la disolucion de la Cooperativa de Ahorro y Credito Yayantsi por encontrarse incursa en la causal de inactividad,https://epdoc2.elperuano.pe/EpPo/DescargaINDA.asp?Referencias=NDNXVldWV1ZXVkxIVU5ZQlRNTEhZQkxIOVdfX1ZCWENTODlXWVhMSExI,20240531
20240527,2291979-1,SUPERINTENDENCIA DE BANCA  SEGUROS Y ADMINISTRADORAS PRIVADAS DE FONDOS DE PENSIONES,RESOLUCION,SBS No 01929-2024,Declaran la disolucion de la Cooperativa de Ahorro y Credito Crediconfianza por encontrarse incursa en la causal de inactividad,https://epdoc2.elperuano.pe/EpPo/DescargaINDA.asp?Referencias=NDNXVldWV1ZXVkxIVU5ZQlRNTEhZQkxIOVdfX1lYV1ZZWDlXWVhMSExI,20240531
20240527,2291981-1,SUPERINTENDENCIA DE BANCA  SEGUROS Y ADMINISTRADORAS PRIVADAS DE FONDOS DE PENSIONES,RESOLUCION,SBS No 01930-2024,Declaran la disolucion de la Cooperativa de Ahorro y Credito Santo Domingo del Sur Ltda por encontrarse incursa en la causal de inactividad,https://epdoc2.elperuano.pe/EpPo/DescargaINDA.asp?Referencias=NDNXVldWV1ZXVkxIVU5ZQlRNTEhZQkxIOVdfXzlXWENZWDlXWVhMSExI,20240531
20240527,2291982-1,SUPERINTENDENCIA DE BANCA  SEGUROS Y ADMINISTRADORAS PRIVADAS DE FONDOS DE PENSIONES,RESOLUCION,SBS No 01931-2024,Declaran el sometimiento a regimen de intervencion de la Cooperativa de Ahorro y Credito Arcangel por encontrarse incursa en la causal de perdida total del capital social y de la reserva cooperativa,https://epdoc2.elperuano.pe/EpPo/DescargaINDA.asp?Referencias=NDNXVldWV1ZXVkxIVU5ZQlRNTEhZQkxIOVdfX0xIWENZWDlXWVhMSExI,20240531
20240526,2288255-1,COMERCIO EXTERIOR Y TURISMO,RESOLUCION MINISTERIAL,No 145-2024-MINCETUR,Autorizan viaje de representante de PROMPERu para participar en evento a realizarse en Panama,https://epdoc2.elperuano.pe/EpPo/DescargaINDA.asp?Referencias=NDNWQlZCVkJWQkxIVU5ZQlRNTEhZQkxIOVdfX1VOVU5MSFhDWENMSExI,20240531
20240526,2288260-1,COMERCIO EXTERIOR Y TURISMO,RESOLUCION MINISTERIAL,No 146-2024-MINCETUR,Autorizan viaje de representante de PROMPERu para participar en evento a realizarse en Brasil,https://epdoc2.elperuano.pe/EpPo/DescargaINDA.asp?Referencias=NDNWQlZCVkJWQkxIVU5ZQlRNTEhZQkxIOVdfX1lCVkJMSFhDWENMSExI,20240531
20240526,2288676-1,COMERCIO EXTERIOR Y TURISMO,RESOLUCION MINISTERIAL,No 149-2024-MINCETUR,Autorizan viaje de profesional de la Direccion de Facilitacion y Cultura Turistica para participar en evento a realizarse en Costa Rica,https://epdoc2.elperuano.pe/EpPo/DescargaINDA.asp?Referencias=NDNWQlZCVkJWQkxIVU5ZQlRNTEhZQkxIOVdfX1ZCV1ZWQlhDWENMSExI,20240531
20240526,2291390-1,COMERCIO EXTERIOR Y TURISMO,RESOLUCION MINISTERIAL,No 160-2024-MINCETUR,Autorizan viaje de Viceministra de Comercio Exterior para participar en evento a realizarse en Espana,https://epdoc2.elperuano.pe/EpPo/DescargaINDA.asp?Referencias=NDNWQlZCVkJWQkxIVU5ZQlRNTEhZQkxIOVdfX1lCWVhTODlXWVhMSExI,20240531
20240526,2292167-1,DEFENSA,RESOLUCION MINISTERIAL,No 00515-2024-DE,Autorizan viaje de personal militar a Corea en comision de servicios,https://epdoc2.elperuano.pe/EpPo/DescargaINDA.asp?Referencias=NDNWQlZCVkJWQkxIVU5ZQlRNTEhZQkxIOVdfX1dWVkI5V0xIWVhMSExI,20240531
20240526,2292171-1,DESARROLLO AGRARIO Y RIEGO,RESOLUCION DIRECTORAL,No D000020-2024-MIDAGRI-SENASA-DSA,Modifican los paragrafos del Anexo de la R.D. No 0012-2022-MIDAGRI-SENASA-DSA,https://epdoc2.elperuano.pe/EpPo/DescargaINDA.asp?Referencias=NDNWQlZCVkJWQkxIVU5ZQlRNTEhZQkxIOVdfXzlXV1Y5V0xIWVhMSExI,20240531
20240526,2291883-1,DESARROLLO E INCLUSIoN SOCIAL,RESOLUCION MINISTERIAL,No D000079-2024-MIDIS,Disponen la publicacion del proyecto de Decreto Supremo que aprueba el Reglamento del Sistema Nacional de Desarrollo e Inclusion Social (SINADIS) el Reglamento y su exposicion de motivos en la sede digital del Ministerio,https://epdoc2.elperuano.pe/EpPo/DescargaINDA.asp?Referencias=NDNWQlZCVkJWQkxIVU5ZQlRNTEhZQkxIOVdfX1M4WENYQzlXWVhMSExI,20240531
20240526,2292160-1,ECONOMIA Y FINANZAS,RESOLUCION MINISTERIAL,No 174-2024-EF/50,Aprueban indices de Distribucion del Canon Pesquero proveniente del Impuesto a la Renta correspondientes al Ejercicio Fiscal 2022 a ser aplicados a los gobiernos regionales y gobiernos locales beneficiados,https://epdoc2.elperuano.pe/EpPo/DescargaINDA.asp?Referencias=NDNWQlZCVkJWQkxIVU5ZQlRNTEhZQkxIOVdfX1lCVkI5V0xIWVhMSExI,20240531
20240526,2292161-1,ECONOMIA Y FINANZAS,RESOLUCION MINISTERIAL,No 175-2024-EF/50,Aprueban los indices de Distribucion de la Regalia Minera correspondientes al mes de abril de 2024,https://epdoc2.elperuano.pe/EpPo/DescargaINDA.asp?Referencias=NDNWQlZCVkJWQkxIVU5ZQlRNTEhZQkxIOVdfXzlXVkI5V0xIWVhMSExI,20240531
20240526,2292162-1,ECONOMIA Y FINANZAS,RESOLUCION MINISTERIAL,No 176-2024-EF/43,Autorizan viaje de representantes del Ministerio a Suiza en comision de servicios,https://epdoc2.elperuano.pe/EpPo/DescargaINDA.asp?Referencias=NDNWQlZCVkJWQkxIVU5ZQlRNTEhZQkxIOVdfX0xIVkI5V0xIWVhMSExI,20240531
20240526,2292164-1,ECONOMIA Y FINANZAS,RESOLUCION MINISTERIAL,No 177-2024-EF/43,Nombran Secretario Relator del Tribunal Fiscal,https://epdoc2.elperuano.pe/EpPo/DescargaINDA.asp?Referencias=NDNWQlZCVkJWQkxIVU5ZQlRNTEhZQkxIOVdfX1RNVkI5V0xIWVhMSExI,20240531
20240526,2292165-1,ECONOMIA Y FINANZAS,RESOLUCION MINISTERIAL,No 178-2024-EF/10,Autorizan viaje de funcionario de la Superintendencia del Mercado de Valores a Uruguay en comision de servicios,https://epdoc2.elperuano.pe/EpPo/DescargaINDA.asp?Referencias=NDNWQlZCVkJWQkxIVU5ZQlRNTEhZQkxIOVdfX1VOVkI5V0xIWVhMSExI,20240531
20240526,2292179-1,INTERIOR,RESOLUCION MINISTERIAL,No 0679-2024-IN,Autorizan viaje de personal policial a Espana en comision de servicios,https://epdoc2.elperuano.pe/EpPo/DescargaINDA.asp?Referencias=NDNWQlZCVkJWQkxIVU5ZQlRNTEhZQkxIOVdfX1lYV1Y5V0xIWVhMSExI,20240531
20240526,2292159-1,PRODUCE,RESOLUCION,No 445-2024-PRODUCE/PROINNOVATE,Aprueban el otorgamiento de las subvenciones a favor de personas naturales y juridicas privadas,https://epdoc2.elperuano.pe/EpPo/DescargaINDA.asp?Referencias=NDNWQlZCVkJWQkxIVU5ZQlRNTEhZQkxIOVdfX1lYVU45V0xIWVhMSExI,20240531
20240526,2292077-1,RELACIONES EXTERIORES,RESOLUCION MINISTERIAL,No 0418-2024-RE,Designan Secretaria Tecnica de la Comision Multisectorial de naturaleza permanente encargada del seguimiento de las acciones para la adhesion del Peru a la Organizacion para la Cooperacion y el Desarrollo Economicos (OCDE),https://epdoc2.elperuano.pe/EpPo/DescargaINDA.asp?Referencias=NDNWQlZCVkJWQkxIVU5ZQlRNTEhZQkxIOVdfX1dWV1ZZQkxIWVhMSExI,20240531
20240526,2292115-1,RELACIONES EXTERIORES,RESOLUCION MINISTERIAL,No 0421-2024-RE,Autorizan viaje de funcionario diplomatico a EE.UU. en comision de servicios,https://epdoc2.elperuano.pe/EpPo/DescargaINDA.asp?Referencias=NDNWQlZCVkJWQkxIVU5ZQlRNTEhZQkxIOVdfX1VOOVc5V0xIWVhMSExI,20240531
20240526,2292170-1,SALUD,FE DE ERRATA,RESOLUCIoN MINISTERIAL No 334-2024/MINSA,FE DE ERRATA,https://epdoc2.elperuano.pe/EpPo/DescargaINDA.asp?Referencias=NDNWQlZCVkJWQkxIVU5ZQlRNTEhZQkxIOVdfX1lCV1Y5V0xIWVhMSExI,20240531
20240526,2292168-1,SALUD,RESOLUCION MINISTERIAL,No 368-2024/MINSA,Autorizan Transferencia Financiera a favor de la Contraloria General,https://epdoc2.elperuano.pe/EpPo/DescargaINDA.asp?Referencias=NDNWQlZCVkJWQkxIVU5ZQlRNTEhZQkxIOVdfX1hDVkI5V0xIWVhMSExI,20240531
20240526,2292169-1,SALUD,RESOLUCION MINISTERIAL,No 369-2024/MINSA,Autorizan Transferencia Financiera a favor de la Organizacion Panamericana de la Salud (OPS/OMS),https://epdoc2.elperuano.pe/EpPo/DescargaINDA.asp?Referencias=NDNWQlZCVkJWQkxIVU5ZQlRNTEhZQkxIOVdfX1lYVkI5V0xIWVhMSExI,20240531
20240526,2292180-1,TRABAJO Y PROMOCION DEL EMPLEO,DECRETO SUPREMO,No 003-2024-TR,Decreto Supremo que aprueba el reglamento de la Ley No 32027 Ley que autoriza a los trabajadores la libre disposicion del cien por ciento de la Compensacion por Tiempo de Servicios a fin de cubrir sus necesidades por causa de la actual crisis economica,https://epdoc2.elperuano.pe/EpPo/DescargaINDA.asp?Referencias=NDNWQlZCVkJWQkxIVU5ZQlRNTEhZQkxIOVdfX1lCWEM5V0xIWVhMSExI,20240531
20240526,2290828-1,TRANSPORTES Y COMUNICACIONES,RESOLUCION DIRECTORAL,No 0288-2024 -MTC/17.03,Autorizan para operar como Centro de Inspeccion Tecnica Vehicular Fijo a la empresa RTV SAN CRISTOBAL S.A.C. en local ubicado en el departamento de Ica,https://epdoc2.elperuano.pe/EpPo/DescargaINDA.asp?Referencias=NDNWQlZCVkJWQkxIVU5ZQlRNTEhZQkxIOVdfX1hDTEhYQ1lCWVhMSExI,20240531
20240526,2291969-1,TRANSPORTES Y COMUNICACIONES,RESOLUCION MINISTERIAL,No 265-2024-MTC/01.02,Dejan sin efecto la R.M. No 850-2023-MTC/01.02 que aprueba ejecucion de expropiacion de inmueble para la ejecucion del proyecto: Construccion del anillo vial periferico de la ciudad de Lima y Callao,https://epdoc2.elperuano.pe/EpPo/DescargaINDA.asp?Referencias=NDNWQlZCVkJWQkxIVU5ZQlRNTEhZQkxIOVdfX1lYVkJZWDlXWVhMSExI,20240531
20240526,2292181-1,TRANSPORTES Y COMUNICACIONES,RESOLUCION MINISTERIAL,No 272-2024-MTC/01.02,Declaran de preferente interes sectorial la operacion del Aeropuerto Fernando Belaunde Terry de la provincia de Jaen,https://epdoc2.elperuano.pe/EpPo/DescargaINDA.asp?Referencias=NDNWQlZCVkJWQkxIVU5ZQlRNTEhZQkxIOVdfXzlXWEM5V0xIWVhMSExI,20240531
20240526,2292163-1,SERVICIO NACIONAL DE CAPACITACION PARA LA INDUSTRIA DE LA CONSTRUCCION,RESOLUCION,No 000132-2024-02.00/SENCICO,Designan Gerente Zonal Puno del Servicio Nacional de Capacitacion para la Industria de la Construccion - SENCICO,https://epdoc2.elperuano.pe/EpPo/DescargaINDA.asp?Referencias=NDNWQlZCVkJWQkxIVU5ZQlRNTEhZQkxIOVdfX1M4VkI5V0xIWVhMSExI,20240531
20240526,2292148-1,ORGANISMO SUPERVISOR DE LA INVERSIoN EN INFRAESTRUCTURA DE TRANSPORTE DE USO PuBLICO,RESOLUCION,No 0028-2024-PD-OSITRAN,Aprueban el inicio del procedimiento de revision tarifaria de oficio de las Tarifas Maximas del Servicio de Navegacion Aerea en Ruta (SNAR) Aproximacion y Sobrevuelo que presta la Entidad Prestadora Corporacion Peruana de Aeropuertos y Aviacion Comercial CORPAC S.A.,https://epdoc2.elperuano.pe/EpPo/DescargaINDA.asp?Referencias=NDNWQlZCVkJWQkxIVU5ZQlRNTEhZQkxIOVdfX1hDVE05V0xIWVhMSExI,20240531
20240526,2291874-1,SUPERINTENDENCIA NACIONAL DE SERVICIOS DE SANEAMIENTO,RESOLUCION,No 00013-2024-SUNASS-DRT,Inician el procedimiento de revision tarifaria periodica de EPS ILO S.A. a efecto de aprobar la formula tarifaria estructura tarifaria metas de gestion y costos maximos de las unidades de medida de las actividades requeridas para determinar los precios de los servicios colaterales,https://epdoc2.elperuano.pe/EpPo/DescargaINDA.asp?Referencias=NDNWQlZCVkJWQkxIVU5ZQlRNTEhZQkxIOVdfX1RNV1ZYQzlXWVhMSExI,20240531
20240526,2292090-1,CONSEJO SUPERIOR DEL SISTEMA NACIONAL DE EVALUACION  ACREDITACION Y CERTIFICACION DE LA CALIDAD EDUCATIVA,RESOLUCION,No 000048-2024-SINEACE/COSUSINEACE-P,Designan Jefe de la Oficina de Administracion Sistema Nacional de Evaluacion Acreditacion y Certificacion de la Calidad Educativa - Sineace,https://epdoc2.elperuano.pe/EpPo/DescargaINDA.asp?Referencias=NDNWQlZCVkJWQkxIVU5ZQlRNTEhZQkxIOVdfX1lCWVhZQkxIWVhMSExI,20240531
20240526,2292124-1,INSTITUTO NACIONAL DE DEFENSA DE LA COMPETENCIA Y DE LA PROTECCION DE LA PROPIEDAD INTELECTUAL,RESOLUCION,No 0326-2024/SEL-INDECOPI,Declaran barrera burocratica ilegal lo dispuesto en el Numeral 2 del Procedimiento Administrativo PA1290FAB3 del Texto unico de Procedimientos Administrativos del Registro Nacional de Identificacion y Estado Civil,https://epdoc2.elperuano.pe/EpPo/DescargaINDA.asp?Referencias=NDNWQlZCVkJWQkxIVU5ZQlRNTEhZQkxIOVdfX1RNTEg5V0xIWVhMSExI,20240531
20240526,2292127-1,INSTITUTO NACIONAL DE DEFENSA DE LA COMPETENCIA Y DE LA PROTECCION DE LA PROPIEDAD INTELECTUAL,RESOLUCION,No 0419-2024/SEL-INDECOPI,Declaran barreras burocraticas ilegales lo dispuesto en los incisos c) e) y f) del articulo 29 del Reglamento de la Ley de Nacionalidad y en el Procedimiento PA3500B035 del Texto unico de Procedimientos Administrativos de Migraciones,https://epdoc2.elperuano.pe/EpPo/DescargaINDA.asp?Referencias=NDNWQlZCVkJWQkxIVU5ZQlRNTEhZQkxIOVdfX1dWTEg5V0xIWVhMSExI,20240531
20240526,2291965-1,SUPERINTENDENCIA DEL MERCADO DE VALORES,RESOLUCION,No 007-2024-SMV/01,Modifican los literales j) y m) del Anexo B de las Normas comunes a las entidades que requieren autorizacion de organizacion y funcionamiento de la SMV,https://epdoc2.elperuano.pe/EpPo/DescargaINDA.asp?Referencias=NDNWQlZCVkJWQkxIVU5ZQlRNTEhZQkxIOVdfX1VOVkJZWDlXWVhMSExI,20240531
20240526,2292172-1,SUPERINTENDENCIA NACIONAL DE FISCALIZACIoN LABORAL,RESOLUCION,No 111-2024-SUNAFIL,Designan Jefe de Oficina de la Oficina de Administracion de la Superintendencia Nacional de Fiscalizacion Laboral - SUNAFIL,https://epdoc2.elperuano.pe/EpPo/DescargaINDA.asp?Referencias=NDNWQlZCVkJWQkxIVU5ZQlRNTEhZQkxIOVdfX0xIV1Y5V0xIWVhMSExI,20240531
20240526,2292051-1,CONSEJO EJECUTIVO DEL PODER JUDICIAL,INVESTIGACION,DEFINITIVA No 777-2019-LORETO,Imponen la medida disciplinaria de destitucion a secretaria judicial del Segundo Juzgado Civil de Maynas Corte Superior de Justicia de Loreto,https://epdoc2.elperuano.pe/EpPo/DescargaINDA.asp?Referencias=NDNWQlZCVkJWQkxIVU5ZQlRNTEhZQkxIOVdfXzlXVU5ZQkxIWVhMSExI,20240531
20240526,2292031-1,CONSEJO EJECUTIVO DEL PODER JUDICIAL,RESOLUCION ADMINISTRATIVA,No 000172-2024-CE-PJ,Prorrogan el funcionamiento de diversos organos jurisdiccionales transitorios de descarga procesal y dictan otras disposiciones,https://epdoc2.elperuano.pe/EpPo/DescargaINDA.asp?Referencias=NDNWQlZCVkJWQkxIVU5ZQlRNTEhZQkxIOVdfXzlXUzhZQkxIWVhMSExI,20240531
20240526,2292032-1,CONSEJO EJECUTIVO DEL PODER JUDICIAL,RESOLUCION ADMINISTRATIVA,No 000173-2024-CE-PJ,Aprueban la Implementacion del Modulo Corporativo Contencioso Administrativo Laboral y Previsional en la Corte Superior de Justicia de Tacna a nivel de Juzgados y dictan otras disposiciones,https://epdoc2.elperuano.pe/EpPo/DescargaINDA.asp?Referencias=NDNWQlZCVkJWQkxIVU5ZQlRNTEhZQkxIOVdfX0xIUzhZQkxIWVhMSExI,20240531
20240526,2292035-1,CONSEJO EJECUTIVO DEL PODER JUDICIAL,RESOLUCION ADMINISTRATIVA,No 000174-2024-CE-PJ,Prorrogan el funcionamiento de diversos organos jurisdiccionales transitorios y dictan otras disposiciones,https://epdoc2.elperuano.pe/EpPo/DescargaINDA.asp?Referencias=NDNWQlZCVkJWQkxIVU5ZQlRNTEhZQkxIOVdfX1VOUzhZQkxIWVhMSExI,20240531
20240526,2292040-1,CONSEJO EJECUTIVO DEL PODER JUDICIAL,RESOLUCION ADMINISTRATIVA,No 000175-2024-CE-PJ,Prorrogan el funcionamiento de organo jurisdiccional permanente de la Corte Superior de Justicia de Cusco y dictan otras disposiciones,https://epdoc2.elperuano.pe/EpPo/DescargaINDA.asp?Referencias=NDNWQlZCVkJWQkxIVU5ZQlRNTEhZQkxIOVdfX1lCVE1ZQkxIWVhMSExI,20240531
20240526,2292044-1,CONSEJO EJECUTIVO DEL PODER JUDICIAL,RESOLUCION ADMINISTRATIVA,No 000176-2024-CE-PJ,Aprueban anexos Ficha Estadistica de Actuaciones Jurisdiccionales Notariales y otras de juzgados de paz Consideraciones para el llenado acopio y sistematizacion de informacion sobre actuaciones jurisdiccionales notariales y otras de juzgados de paz Flujograma del llenado acopio y sistematizacion de la Ficha Estadistica de Actuaciones Jurisdiccionales Notariales y otras de juzgados de paz y Tabla de Codificacion de juzgados de paz  que se integran a la Res. Adm. No 000145-2024-CE-PJ,https://epdoc2.elperuano.pe/EpPo/DescargaINDA.asp?Referencias=NDNWQlZCVkJWQkxIVU5ZQlRNTEhZQkxIOVdfX1RNVE1ZQkxIWVhMSExI,20240531
20240526,2292048-1,CONSEJO EJECUTIVO DEL PODER JUDICIAL,RESOLUCION ADMINISTRATIVA,No 000177-2024-CE-PJ,Disponen la incorporacion del Juzgado de Paz Letrado Especializado en Familia de la Corte Superior de Justicia de San Martin al ambito de accion del Programa Presupuestal 0067 Celeridad en los Procesos Judiciales de Familia,https://epdoc2.elperuano.pe/EpPo/DescargaINDA.asp?Referencias=NDNWQlZCVkJWQkxIVU5ZQlRNTEhZQkxIOVdfX1hDVE1ZQkxIWVhMSExI,20240531
20240526,2292049-1,CONSEJO EJECUTIVO DEL PODER JUDICIAL,RESOLUCION ADMINISTRATIVA,No 000178-2024-CE-PJ,Aprueban el Plan de Visitas para Supervision y Monitoreo ano 2024 del Programa Presupuestal Orientado a Resultados de Reduccion de la Violencia contra la Mujer - PPoR RVcM 1002,https://epdoc2.elperuano.pe/EpPo/DescargaINDA.asp?Referencias=NDNWQlZCVkJWQkxIVU5ZQlRNTEhZQkxIOVdfX1lYVE1ZQkxIWVhMSExI,20240531
20240526,2285395-1,BANCO CENTRAL DE RESERVA,RESOLUCION,No 0021-2024-BCRP-N,Autorizan mision en el exterior a Jefe del Departamento de Estadisticas Monetarias de la Gerencia de Politica Monetaria para participar en evento a realizarse en Mexico,https://epdoc2.elperuano.pe/EpPo/DescargaINDA.asp?Referencias=NDNWQlZCVkJWQkxIVU5ZQlRNTEhZQkxIOVdfX1VOWVhTOFVOWENMSExI,20240531
20240526,2292086-1,CONTRALORIA GENERAL DE LA REPUBLICA,RESOLUCION,No 265-2024-CG,Autorizan viaje de funcionarios a Panama en comision de servicios,https://epdoc2.elperuano.pe/EpPo/DescargaINDA.asp?Referencias=NDNWQlZCVkJWQkxIVU5ZQlRNTEhZQkxIOVdfX1ZCWENZQkxIWVhMSExI,20240531
20240526,2291221-1,INSTITUCIONES EDUCATIVAS,RESOLUCION,No 006640-2024-R/UNMSM,Modifican la Resolucion Rectoral No 010508-2023-R/UNMSM que aprobo el Reglamento de Organizacion y Funciones (ROF) de la Universidad Nacional Mayor de San Marcos,https://epdoc2.elperuano.pe/EpPo/DescargaINDA.asp?Referencias=NDNWQlZCVkJWQkxIVU5ZQlRNTEhZQkxIOVdfXzlXTEhMSDlXWVhMSExI,20240531
20240526,2280972-1,GOBIERNO REGIONAL DE HUANCAVELICA,ORDENANZA,No 527-GOB.REG-HVCA/CR,Aprueban la conformacion del Consejo Regional del Sistema de Garantia Participativo Huancavelica,https://epdoc2.elperuano.pe/EpPo/DescargaINDA.asp?Referencias=NDNWQlZCVkJWQkxIVU5ZQlRNTEhZQkxIOVdfX0xIV1ZZWFlCWENMSExI,20240531
20240526,2291884-1,MUNICIPALIDAD METROPOLITANA DE LIMA,ORDENANZA,No 2623,Modifican la Ordenanza No 568 que regula el procedimiento para el pago de deuda tributaria y no tributaria en bienes y/o servicios,https://epdoc2.elperuano.pe/EpPo/DescargaINDA.asp?Referencias=NDNWQlZCVkJWQkxIVU5ZQlRNTEhZQkxIOVdfX1RNWENYQzlXWVhMSExI,20240531
20240526,2292166-1,MUNICIPALIDAD DE ATE,ORDENANZA,No 613-MDA,Ordenanza que autoriza la celebracion del matrimonio civil comunitario 2024 con dispensa de pago de los derechos correspondientes para su tramitacion en el distrito de Ate,https://epdoc2.elperuano.pe/EpPo/DescargaINDA.asp?Referencias=NDNWQlZCVkJWQkxIVU5ZQlRNTEhZQkxIOVdfX1ZCVkI5V0xIWVhMSExI,20240531
20240526,2288138-1,MUNICIPALIDAD DE PUNTA HERMOSA,ORDENANZA,No 515-MDPH,Ordenanza que modifica el Cuadro de Infracciones y Sanciones Administrativas (CUIS) aprobado por la Ordenanza No 491-MDPH,https://epdoc2.elperuano.pe/EpPo/DescargaINDA.asp?Referencias=NDNWQlZCVkJWQkxIVU5ZQlRNTEhZQkxIOVdfX1hDUzg5V1hDWENMSExI,20240531
20240526,2292076-1,MUNICIPALIDAD DE SAN LUIS,ORDENANZA,No 359-MDSL/C,Ordenanza que aprueba el Reglamento del Proceso de Presupuesto Participativo Basado en Resultados en el distrito de San Luis,https://epdoc2.elperuano.pe/EpPo/DescargaINDA.asp?Referencias=NDNWQlZCVkJWQkxIVU5ZQlRNTEhZQkxIOVdfX1ZCV1ZZQkxIWVhMSExI,20240531
20240526,2291573-1,MUNICIPALIDAD DE LA PERLA,Ordenanzas,No 05-2024-MDLP,Ordenanza Municipal que aprueba beneficios tributarios y no tributarios en el distrito de La Perla,https://epdoc2.elperuano.pe/EpPo/DescargaINDA.asp?Referencias=NDNWQlZCVkJWQkxIVU5ZQlRNTEhZQkxIOVdfX1M4V1ZVTjlXWVhMSExI,20240531
20240525,2292153-1,CONGRESO DE LA REPUBLICA,LEY,No 32034,Ley que promueve y fortalece la atencion de las personas con discapacidad en edad adulta que se encuentren en situacion de riesgo desproteccion o abandono familiar,https://epdoc2.elperuano.pe/EpPo/DescargaINDA.asp?Referencias=NDNVTlVOVU5VTkxIVU5ZQlRNTEhZQkxIOVdfX1M4VU45V0xIWVhMSExI,20240531
20240525,2292153-2,CONGRESO DE LA REPUBLICA,LEY,No 32035,Ley que modifica la Ley 27972 Ley Organica de Municipalidades y la Ley 26979 Ley de Procedimiento de Ejecucion Coactiva para agilizar los procesos de demolicion,https://epdoc2.elperuano.pe/EpPo/DescargaINDA.asp?Referencias=NDNVTlVOVU5VTkxIVU5ZQlRNTEhZQkxITEhfX1M4VU45V0xIWVhMSExI,20240531
20240525,2292153-3,PRESIDENCIA DEL CONSEJO DE MINISTROS,RESOLUCION SUPREMA,No 127-2024-PCM,Autorizan viaje del Ministro de Energia y Minas a los EE.UU. y encargan su Despacho al Ministro de Transportes y Comunicaciones,https://epdoc2.elperuano.pe/EpPo/DescargaINDA.asp?Referencias=NDNVTlVOVU5VTkxIVU5ZQlRNTEhZQkxIUzhfX1M4VU45V0xIWVhMSExI,20240531
20240525,2290496-1,COMERCIO EXTERIOR Y TURISMO,RESOLUCION MINISTERIAL,No 156-2024-MINCETUR,Autorizan viaje de representante del Ministerio para participar en evento a realizarse en Chile,https://epdoc2.elperuano.pe/EpPo/DescargaINDA.asp?Referencias=NDNVTlVOVU5VTkxIVU5ZQlRNTEhZQkxIOVdfX1ZCWVhUTVlCWVhMSExI,20240531
20240525,2290502-1,COMERCIO EXTERIOR Y TURISMO,RESOLUCION MINISTERIAL,No 157-2024-MINCETUR,Autorizan viaje de representante de PROMPERu para participar en evento a realizarse en Chile,https://epdoc2.elperuano.pe/EpPo/DescargaINDA.asp?Referencias=NDNVTlVOVU5VTkxIVU5ZQlRNTEhZQkxIOVdfX0xIWUJVTllCWVhMSExI,20240531
20240525,2292155-2,CULTURA,RESOLUCION SUPREMA,No 006-2024-MC,Crean el Reconocimiento Orden de los grandes maestros de la cultura peruana en calidad de honorifico a cargo del Ministerio de Cultura,https://epdoc2.elperuano.pe/EpPo/DescargaINDA.asp?Referencias=NDNVTlVOVU5VTkxIVU5ZQlRNTEhZQkxITEhfX1VOVU45V0xIWVhMSExI,20240531
20240525,2291991-1,DESARROLLO AGRARIO Y RIEGO,FE DE ERRATA,R.D. No 00045-2024-MIDAGRI-DVDAFIR/PSI,FE DE ERRATA,https://epdoc2.elperuano.pe/EpPo/DescargaINDA.asp?Referencias=NDNVTlVOVU5VTkxIVU5ZQlRNTEhZQkxIOVdfXzlXWVhZWDlXWVhMSExI,20240531
20240525,2292074-1,DESARROLLO AGRARIO Y RIEGO,RESOLUCION,No D000134-2024-MIDAGRI-SERFOR-DE,Designan Director de la Direccion de Catastro Zonificacion y Ordenamiento de la Direccion General de Informacion y Ordenamiento Forestal y de Fauna Silvestre del Servicio Nacional Forestal y de Fauna Silvestre - SERFOR,https://epdoc2.elperuano.pe/EpPo/DescargaINDA.asp?Referencias=NDNVTlVOVU5VTkxIVU5ZQlRNTEhZQkxIOVdfX1RNV1ZZQkxIWVhMSExI,20240531
20240525,2292149-1,DESARROLLO AGRARIO Y RIEGO,RESOLUCION,No D000136-2024-MIDAGRI-SERFOR-DE,Designan Administrador Tecnico Forestal y de Fauna Silvestre de la Administracion Tecnica Forestal y de Fauna Silvestre - ATFFS Lima,https://epdoc2.elperuano.pe/EpPo/DescargaINDA.asp?Referencias=NDNVTlVOVU5VTkxIVU5ZQlRNTEhZQkxIOVdfX1lYVE05V0xIWVhMSExI,20240531
20240525,2292151-1,DESARROLLO AGRARIO Y RIEGO,RESOLUCION,No D000137-2024-MIDAGRI-SERFOR-DE,Designan Asesora de la Direccion Ejecutiva del Servicio Nacional Forestal y de Fauna Silvestre - SERFOR,https://epdoc2.elperuano.pe/EpPo/DescargaINDA.asp?Referencias=NDNVTlVOVU5VTkxIVU5ZQlRNTEhZQkxIOVdfXzlXVU45V0xIWVhMSExI,20240531
20240525,2291601-1,DESARROLLO AGRARIO Y RIEGO,RESOLUCION DIRECTORAL,No D000017-2024-MIDAGRI-SENASA-DSA,Aprueban requisitos sanitarios para la importacion de jirafas procedentes de los Estados Unidos de America,https://epdoc2.elperuano.pe/EpPo/DescargaINDA.asp?Referencias=NDNVTlVOVU5VTkxIVU5ZQlRNTEhZQkxIOVdfXzlXWUJWQjlXWVhMSExI,20240531
20240525,2291609-1,DESARROLLO AGRARIO Y RIEGO,RESOLUCION DIRECTORAL,No D000018-2024-MIDAGRI-SENASA-DSA,Aprueban requisitos sanitarios para la importacion de harina de carne y hueso de la especie bovina para ser utilizada en la elaboracion de piensos (excepto para rumiantes) de origen y procedencia de la Republica Federativa de Brasil,https://epdoc2.elperuano.pe/EpPo/DescargaINDA.asp?Referencias=NDNVTlVOVU5VTkxIVU5ZQlRNTEhZQkxIOVdfX1lYWUJWQjlXWVhMSExI,20240531
20240525,2291627-1,DESARROLLO AGRARIO Y RIEGO,RESOLUCION DIRECTORAL,No D000019-2024-MIDAGRI-SENASA-DSA,Aprueban requisitos sanitarios para la importacion de hemoderivados en polvo de bovino y/o porcino destinados a la alimentacion animal (excepto rumiantes) procedentes de la Republica Federativa de Brasil,https://epdoc2.elperuano.pe/EpPo/DescargaINDA.asp?Referencias=NDNVTlVOVU5VTkxIVU5ZQlRNTEhZQkxIOVdfX1dWTEhWQjlXWVhMSExI,20240531
20240525,2292155-1,ECONOMIA Y FINANZAS,DECRETO SUPREMO,No 093-2024-EF,Decreto Supremo que autoriza Transferencia de Partidas en el Presupuesto del Sector Publico para el Ano Fiscal 2024 a favor de diversos pliegos del Gobierno Nacional,https://epdoc2.elperuano.pe/EpPo/DescargaINDA.asp?Referencias=NDNVTlVOVU5VTkxIVU5ZQlRNTEhZQkxIOVdfX1VOVU45V0xIWVhMSExI,20240531
20240525,2291945-1,ECONOMIA Y FINANZAS,RESOLUCION MINISTERIAL,No 173-2024-EF/43,Autorizan viaje de consultor de la Direccion General de Politica de Ingresos Publicos a la Republica Francesa en comision de servicios,https://epdoc2.elperuano.pe/EpPo/DescargaINDA.asp?Referencias=NDNVTlVOVU5VTkxIVU5ZQlRNTEhZQkxIOVdfX1VOVE1ZWDlXWVhMSExI,20240531
20240525,2292001-1,EDUCACION,RESOLUCION MINISTERIAL,No 250-2024-MINEDU,Designan Asesor II del Despacho Ministerial,https://epdoc2.elperuano.pe/EpPo/DescargaINDA.asp?Referencias=NDNVTlVOVU5VTkxIVU5ZQlRNTEhZQkxIOVdfXzlXWUJZQkxIWVhMSExI,20240531
20240525,2292002-1,EDUCACION,RESOLUCION VICE MINISTERIAL,No 052-2024-MINEDU,Modifican el documento normativo Disposiciones para la reasignacion y permuta de los profesores en el marco de la Ley No 29944 Ley de Reforma Magisterial y su Reglamento,https://epdoc2.elperuano.pe/EpPo/DescargaINDA.asp?Referencias=NDNVTlVOVU5VTkxIVU5ZQlRNTEhZQkxIOVdfX0xIWUJZQkxIWVhMSExI,20240531
20240525,2292022-1,EDUCACION,RESOLUCION VICE MINISTERIAL,No 053-2024-MINEDU,Aprueban la Norma Tecnica denominada Norma que regula la Evaluacion del desempeno en cargos directivos de instituciones educativas de Educacion Basica - 2024 en el marco de la Carrera Publica Magisterial de la Ley de Reforma Magisterial y convocan a la Evaluacion del desempeno en cargos directivos de instituciones educativas de Educacion Basica - 2024 en el marco de la Carrera Publica Magisterial de la Ley de Reforma Magisterial,https://epdoc2.elperuano.pe/EpPo/DescargaINDA.asp?Referencias=NDNVTlVOVU5VTkxIVU5ZQlRNTEhZQkxIOVdfX0xITEhZQkxIWVhMSExI,20240531
20240525,2269260-1,ENERGIA Y MINAS,RESOLUCION MINISTERIAL,No 095-2024-MINEM/DM,Aprueban transferencia de la concesion definitiva para desarrollar la actividad de transmision de energia electrica en la Linea de Transmision 138 kV S.E. Ilo 3 - S.E. Plaza Toquepala que efectua ABENGOA PERu S.A a favor de SOUTHERN PERu COPPER CORPORATION SUCURSAL DEL PERu,https://epdoc2.elperuano.pe/EpPo/DescargaINDA.asp?Referencias=NDNVTlVOVU5VTkxIVU5ZQlRNTEhZQkxIOVdfX1lCVkJMSFlYVkJMSExI,20240531
20240525,2292177-1,INTERIOR,RESOLUCION MINISTERIAL,No 0677-2024-IN,Aprueban la suscripcion de la Decima Cuarta Adenda al Convenio de Administracion de Recursos para la ejecucion del Proyecto de Inversion Publica (PIP) Mejoramiento de los servicios criticos y de consulta externa del Hospital Nacional PNP Luis N. Saenz Jesus Maria - Lima - Lima,https://epdoc2.elperuano.pe/EpPo/DescargaINDA.asp?Referencias=NDNVTlVOVU5VTkxIVU5ZQlRNTEhZQkxIOVdfX1dWV1Y5V0xIWVhMSExI,20240531
20240525,2292178-1,INTERIOR,RESOLUCION MINISTERIAL,No 0678-2024-IN,Autorizan viaje de personal policial a Espana en comision de servicios,https://epdoc2.elperuano.pe/EpPo/DescargaINDA.asp?Referencias=NDNVTlVOVU5VTkxIVU5ZQlRNTEhZQkxIOVdfX1hDV1Y5V0xIWVhMSExI,20240531
20240525,2291872-1,SALUD,RESOLUCION MINISTERIAL,No 365-2024/MINSA,Designan Director Ejecutivo de la Direccion de Fiscalizacion y Sancion de la Direccion General de Salud Ambiental e Inocuidad Alimentaria,https://epdoc2.elperuano.pe/EpPo/DescargaINDA.asp?Referencias=NDNVTlVOVU5VTkxIVU5ZQlRNTEhZQkxIOVdfX0xIV1ZYQzlXWVhMSExI,20240531
20240525,2291911-1,TRANSPORTES Y COMUNICACIONES,RESOLUCION MINISTERIAL,No 263-2024-MTC/01,Autorizan Transferencia Financiera a favor de la Contraloria General de la Republica,https://epdoc2.elperuano.pe/EpPo/DescargaINDA.asp?Referencias=NDNVTlVOVU5VTkxIVU5ZQlRNTEhZQkxIOVdfXzlXOVdZWDlXWVhMSExI,20240531
20240525,2292078-1,VIVIENDA  CONSTRUCCIoN Y SANEAMIENTO,FE DE ERRATA,R.D. No 098-2024-VIVIENDA/VMCS/PNSU/1.0,FE DE ERRATA,https://epdoc2.elperuano.pe/EpPo/DescargaINDA.asp?Referencias=NDNVTlVOVU5VTkxIVU5ZQlRNTEhZQkxIOVdfX1hDV1ZZQkxIWVhMSExI,20240531
20240525,2291743-1,VIVIENDA  CONSTRUCCIoN Y SANEAMIENTO,RESOLUCION MINISTERIAL,No 187-2024-VIVIENDA,Aprueban la decima convocatoria del ano 2024 para el otorgamiento del Bono de Arrendamiento de Vivienda para Emergencias en atencion a los Estados de Emergencia declarados por el Decreto Supremo No 072-2023-PCM,https://epdoc2.elperuano.pe/EpPo/DescargaINDA.asp?Referencias=NDNVTlVOVU5VTkxIVU5ZQlRNTEhZQkxIOVdfX1M4VE1XVjlXWVhMSExI,20240531
20240525,2292137-1,CENTRAL DE COMPRAS PuBLICAS,RESOLUCION JEFATURAL,No 000077-2024-PERu COMPRAS-JEFATURA,Aprueban el documento denominado Lineamientos para el cumplimiento del Decreto Supremo No 072-2024-EF que aprueba las Compras Corporativas Obligatorias para la adquisicion de consumibles utiles de oficina y materiales de aseo y limpieza a traves de los Catalogos Electronicos de Acuerdo Marco y dicta otras disposiciones,https://epdoc2.elperuano.pe/EpPo/DescargaINDA.asp?Referencias=NDNVTlVOVU5VTkxIVU5ZQlRNTEhZQkxIOVdfX1dWUzg5V0xIWVhMSExI,20240531
20240525,2291833-1,AUTORIDAD NACIONAL DEL AGUA,RESOLUCION JEFATURAL,No 0213-2024-ANA,Designan Director de la Oficina de Planeamiento y Presupuesto de la Autoridad Nacional del Agua,https://epdoc2.elperuano.pe/EpPo/DescargaINDA.asp?Referencias=NDNVTlVOVU5VTkxIVU5ZQlRNTEhZQkxIOVdfX1M4UzhYQzlXWVhMSExI,20240531
20240525,2292158-1,AUTORIDAD NACIONAL DEL AGUA,RESOLUCION JEFATURAL,No 0216-2024-ANA,Designan Gerente General de la Autoridad Nacional del Agua,https://epdoc2.elperuano.pe/EpPo/DescargaINDA.asp?Referencias=NDNVTlVOVU5VTkxIVU5ZQlRNTEhZQkxIOVdfX1hDVU45V0xIWVhMSExI,20240531
20240525,2291739-1,INSTITUTO GEOLoGICO MINERO Y METALuRGICO,RESOLUCION,No 0055-2024-INGEMMET/PE,Modifican el articulo 2 de la Resolucion de Presidencia No 0053-2024-INGEMMET/PE que aprobo la modificacion del Manual de Clasificador de Cargos del INGEMMET,https://epdoc2.elperuano.pe/EpPo/DescargaINDA.asp?Referencias=NDNVTlVOVU5VTkxIVU5ZQlRNTEhZQkxIOVdfX1lYUzhXVjlXWVhMSExI,20240531
20240525,2292067-1,INSTITUTO GEOLoGICO MINERO Y METALuRGICO,RESOLUCION,No 0053-2024-INGEMMET/PE,Aprueban modificacion del Manual de Clasificador de Cargos del Instituto Geologico Minero y Metalurgico - INGEMMET,https://epdoc2.elperuano.pe/EpPo/DescargaINDA.asp?Referencias=NDNVTlVOVU5VTkxIVU5ZQlRNTEhZQkxIOVdfX1dWVkJZQkxIWVhMSExI,20240531
20240525,2292175-1,PROCURADURiA GENERAL DEL ESTADO,RESOLUCION,No D000382-2024-JUS/PGE-PG,Designan jefa de la Oficina de Asesoria Juridica de la Procuraduria General del Estado,https://epdoc2.elperuano.pe/EpPo/DescargaINDA.asp?Referencias=NDNVTlVOVU5VTkxIVU5ZQlRNTEhZQkxIOVdfX1VOV1Y5V0xIWVhMSExI,20240531
20240525,2292176-1,PROCURADURiA GENERAL DEL ESTADO,RESOLUCION,No D000383-2024-JUS/PGE-PG,Designan directora de la Direccion Tecnico Normativa de la Procuraduria General del Estado,https://epdoc2.elperuano.pe/EpPo/DescargaINDA.asp?Referencias=NDNVTlVOVU5VTkxIVU5ZQlRNTEhZQkxIOVdfX1ZCV1Y5V0xIWVhMSExI,20240531
20240525,2291548-1,SUPERINTENDENCIA NACIONAL DE ADUANAS Y DE ADMINISTRACIoN TRIBUTARIA,RESOLUCION,No 000099-2024/SUNAT,Resolucion de Superintendencia que modifica el procedimiento general Admision temporal para reexportacion en el mismo estado DESPA-PG.04 (version 6),https://epdoc2.elperuano.pe/EpPo/DescargaINDA.asp?Referencias=NDNVTlVOVU5VTkxIVU5ZQlRNTEhZQkxIOVdfX1hDVE1VTjlXWVhMSExI,20240531
20240525,2292014-1,CONSEJO EJECUTIVO DEL PODER JUDICIAL,RESOLUCION ADMINISTRATIVA,No 000056-2024-P-CE-PJ,Autorizan viaje de delegacion del Poder Judicial que participara en visita de alto nivel a la Corte Suprema Popular de la Republica Popular China,https://epdoc2.elperuano.pe/EpPo/DescargaINDA.asp?Referencias=NDNVTlVOVU5VTkxIVU5ZQlRNTEhZQkxIOVdfX1RNOVdZQkxIWVhMSExI,20240531
20240525,2292016-1,CONSEJO EJECUTIVO DEL PODER JUDICIAL,RESOLUCION ADMINISTRATIVA,No 000061-2024-P-CE-PJ,Autorizan viaje de Presidente del Poder Judicial para participar en visita de alto nivel a la Corte Suprema Popular de la Republica Popular China,https://epdoc2.elperuano.pe/EpPo/DescargaINDA.asp?Referencias=NDNVTlVOVU5VTkxIVU5ZQlRNTEhZQkxIOVdfX1ZCOVdZQkxIWVhMSExI,20240531
20240525,2292017-1,CONSEJO EJECUTIVO DEL PODER JUDICIAL,RESOLUCION ADMINISTRATIVA,No 000168-2024-CE-PJ,Prorrogan el funcionamiento de la Sala Civil Transitoria de la Corte Suprema de Justicia de la Republica,https://epdoc2.elperuano.pe/EpPo/DescargaINDA.asp?Referencias=NDNVTlVOVU5VTkxIVU5ZQlRNTEhZQkxIOVdfX1dWOVdZQkxIWVhMSExI,20240531
20240525,2292018-1,CONSEJO EJECUTIVO DEL PODER JUDICIAL,RESOLUCION ADMINISTRATIVA,No 000169-2024-CE-PJ,Declaran fundada solicitud de permuta y disponen el traslado de Juez Superior titular de la Corte Superior de Justicia del Callao a la Corte Superior de Justicia de Puente Piedra - Ventanilla y el traslado de Juez Superior titular de la Corte Superior de Justicia de Puente Piedra - Ventanilla a la Corte Superior de Justicia del Callao,https://epdoc2.elperuano.pe/EpPo/DescargaINDA.asp?Referencias=NDNVTlVOVU5VTkxIVU5ZQlRNTEhZQkxIOVdfX1hDOVdZQkxIWVhMSExI,20240531
20240525,2292020-1,CONSEJO EJECUTIVO DEL PODER JUDICIAL,RESOLUCION ADMINISTRATIVA,No 000170-2024-CE-PJ,Prorrogan funcionamiento de diversos Juzgados Penales Colegiados Transitorios para el apoyo en la descarga procesal  y dictan otras disposiciones,https://epdoc2.elperuano.pe/EpPo/DescargaINDA.asp?Referencias=NDNVTlVOVU5VTkxIVU5ZQlRNTEhZQkxIOVdfX1lCTEhZQkxIWVhMSExI,20240531
20240525,2292023-1,CONSEJO EJECUTIVO DEL PODER JUDICIAL,RESOLUCION ADMINISTRATIVA,No 000171-2024-CE-PJ,Prorrogan el funcionamiento de diversos organos jurisdiccionales transitorios de descarga procesal y dictan otras disposiciones,https://epdoc2.elperuano.pe/EpPo/DescargaINDA.asp?Referencias=NDNVTlVOVU5VTkxIVU5ZQlRNTEhZQkxIOVdfX1M4TEhZQkxIWVhMSExI,20240531
20240525,2290862-1,INSTITUCIONES EDUCATIVAS,RESOLUCION,No 138-2024-UNIQ,Autorizan viaje de Presidente de la Comision Organizadora y de funcionaria de la Universidad Nacional Intercultural de Quillabamba para participar en evento a realizarse en EE.UU.,https://epdoc2.elperuano.pe/EpPo/DescargaINDA.asp?Referencias=NDNVTlVOVU5VTkxIVU5ZQlRNTEhZQkxIOVdfX0xIVkJYQ1lCWVhMSExI,20240531
20240525,2291070-1,INSTITUCIONES EDUCATIVAS,RESOLUCION,No 007544-2024-R/UNMSM,Ratifican resolucion que autoriza viaje de docente de la Universidad Nacional Mayor de San Marcos a Francia en comision de servicios,https://epdoc2.elperuano.pe/EpPo/DescargaINDA.asp?Referencias=NDNVTlVOVU5VTkxIVU5ZQlRNTEhZQkxIOVdfX1lCV1ZZQjlXWVhMSExI,20240531
20240525,2291074-1,INSTITUCIONES EDUCATIVAS,RESOLUCION,No 007618-2024-R/UNMSM,Autorizan viaje de docentes de la Universidad Nacional Mayor de San Marcos para participar en evento a realizarse en EE.UU.,https://epdoc2.elperuano.pe/EpPo/DescargaINDA.asp?Referencias=NDNVTlVOVU5VTkxIVU5ZQlRNTEhZQkxIOVdfX1RNV1ZZQjlXWVhMSExI,20240531
20240525,2291611-1,OFICINA NACIONAL DE PROCESOS ELECTORALES,RESOLUCION JEFATURAL,No 000108-2024-JN/ONPE,Aprueban el Plan Operativo Institucional (POI) Anual 2024 modificado version 02 de la Oficina Nacional de Procesos Electorales - ONPE,https://epdoc2.elperuano.pe/EpPo/DescargaINDA.asp?Referencias=NDNVTlVOVU5VTkxIVU5ZQlRNTEhZQkxIOVdfXzlXOVdWQjlXWVhMSExI,20240531
20240525,2291891-1,REGISTRO NACIONAL DE IDENTIFICACION Y ESTADO CIVIL,RESOLUCION JEFATURAL,No 000081-2024/JNAC/RENIEC,Prorrogan vigencia de DNI caducos o que esten por caducar de ciudadanos obligados a sufragar en las Elecciones Municipales Complementarias 2024 en el distrito de Pion provincia de Chota y en el distrito de Ninabamba provincia de Santa Cruz del departamento de Cajamarca,https://epdoc2.elperuano.pe/EpPo/DescargaINDA.asp?Referencias=NDNVTlVOVU5VTkxIVU5ZQlRNTEhZQkxIOVdfXzlXWVhYQzlXWVhMSExI,20240531
20240525,2288497-1,GOBIERNO REGIONAL DE AMAZONAS,ACUERDO,No 042-2024-GRA/CR-SE.,Autorizan Transferencia Financiera a favor de las de las municipalidades distritales de Leymebamba Luya - Lamud Magdalena y San Carlos,https://epdoc2.elperuano.pe/EpPo/DescargaINDA.asp?Referencias=NDNVTlVOVU5VTkxIVU5ZQlRNTEhZQkxIOVdfX1dWWVhUTVhDWENMSExI,20240531
20240525,2290015-1,MUNICIPALIDAD DISTRITAL DE SANTA ROSA DE QUIVES,ORDENANZA,No 076-2024-MDSRQ,Ordenanza Municipal que aprueba beneficio tributario a favor de los contribuyentes del distrito de Santa Rosa de Quives,https://epdoc2.elperuano.pe/EpPo/DescargaINDA.asp?Referencias=NDNVTlVOVU5VTkxIVU5ZQlRNTEhZQkxIOVdfX1VOOVdZQllCWVhMSExI,20240531
20240525,2291199-1,MUNICIPALIDAD METROPOLITANA DE LIMA,ORDENANZA,No 2621,Ordenanza complementaria a la Ordenanza No 2577,https://epdoc2.elperuano.pe/EpPo/DescargaINDA.asp?Referencias=NDNVTlVOVU5VTkxIVU5ZQlRNTEhZQkxIOVdfX1lYWVg5VzlXWVhMSExI,20240531
20240525,2288356-1,MUNICIPALIDAD DE ANCON,ORDENANZA,No 514-2024/ MDA,Ordenanza que aprueba el Reglamento de Audiencia Publica de Rendicion de Cuentas de la Municipalidad Distrital de Ancon,https://epdoc2.elperuano.pe/EpPo/DescargaINDA.asp?Referencias=NDNVTlVOVU5VTkxIVU5ZQlRNTEhZQkxIOVdfX1ZCVU5TOFhDWENMSExI,20240531
20240525,2291624-1,MUNICIPALIDAD DE MIRAFLORES,Decretos de Alcaldia,No 011-2024/MM,Declaran que predio ubicado en la Calle Ocharan No 651-655 del distrito de Miraflores se encuentra sometido al regimen especial de conservacion establecido en la Ordenanza No 387/MM y la Ordenanza No 401/MM,https://epdoc2.elperuano.pe/EpPo/DescargaINDA.asp?Referencias=NDNVTlVOVU5VTkxIVU5ZQlRNTEhZQkxIOVdfX1RNTEhWQjlXWVhMSExI,20240531
20240525,2291844-1,MUNICIPALIDAD DE PUEBLO LIBRE,Decretos de Alcaldia,No 004-2024-MPL,Convocan a la Primera Audiencia Publica de la Municipalidad de Pueblo Libre del ano 2024,https://epdoc2.elperuano.pe/EpPo/DescargaINDA.asp?Referencias=NDNVTlVOVU5VTkxIVU5ZQlRNTEhZQkxIOVdfX1RNVE1YQzlXWVhMSExI,20240531
20240525,2290818-1,MUNICIPALIDAD DEL RIMAC,Decretos de Alcaldia,No 003-2024-MDR,Convocan a Audiencia Publica de Rendicion de Cuentas correspondiente al ano 2024 de la Municipalidad Distrital del Rimac,https://epdoc2.elperuano.pe/EpPo/DescargaINDA.asp?Referencias=NDNVTlVOVU5VTkxIVU5ZQlRNTEhZQkxIOVdfX1hDOVdYQ1lCWVhMSExI,20240531
20240525,2290827-1,MUNICIPALIDAD DEL RIMAC,Ordenanzas,No 639-MDR,Ordenanza que aprueba el Reglamento del Proceso del Presupuesto Participativo Basado en Resultados Multianual 2025 en el distrito del Rimac,https://epdoc2.elperuano.pe/EpPo/DescargaINDA.asp?Referencias=NDNVTlVOVU5VTkxIVU5ZQlRNTEhZQkxIOVdfX1dWTEhYQ1lCWVhMSExI,20240531
20240524,2291718-1,PRESIDENCIA DEL CONSEJO DE MINISTROS,DECRETO SUPREMO,No 053-2024-PCM,Decreto Supremo que aprueba el Texto unico Ordenado del Decreto Legislativo No 1211 Decreto Legislativo que aprueba medidas para el fortalecimiento e implementacion de servicios integrados y servicios y espacios compartidos,https://epdoc2.elperuano.pe/EpPo/DescargaINDA.asp?Referencias=NDNUTVRNVE1UTUxIVU5ZQlRNTEhZQkxIOVdfX1hDOVdXVjlXWVhMSExI,20240531
20240524,2291645-1,PRESIDENCIA DEL CONSEJO DE MINISTROS,RESOLUCION MINISTERIAL,No 152-2024-PCM,Modifican la R.M. No 161-2022-PCM a fin de ampliar el periodo de vigencia de Grupo de Trabajo de naturaleza temporal denominado Mesa Tecnica para el Desarrollo de la provincia de Condorcanqui del departamento de Amazonas,https://epdoc2.elperuano.pe/EpPo/DescargaINDA.asp?Referencias=NDNUTVRNVE1UTUxIVU5ZQlRNTEhZQkxIOVdfX1VOVE1WQjlXWVhMSExI,20240531
20240524,2290468-1,CULTURA,RESOLUCION VICE MINISTERIAL,No 000135-2024-VMPCIC/MC,Declaran Patrimonio Cultural de la Nacion a siete bienes culturales muebles del siglo XVIII ubicados en el departamento de Tacna,https://epdoc2.elperuano.pe/EpPo/DescargaINDA.asp?Referencias=NDNUTVRNVE1UTUxIVU5ZQlRNTEhZQkxIOVdfX1hDVkJUTVlCWVhMSExI,20240531
20240524,2291587-1,CULTURA,RESOLUCION VICE MINISTERIAL,No 000132-2024-VMPCIC/MC,Declaran Patrimonio Cultural de la Nacion a la danza de Los Zambos de Huacaybamba en el ambito del distrito y provincia de Huacaybamba departamento de Huanuco,https://epdoc2.elperuano.pe/EpPo/DescargaINDA.asp?Referencias=NDNUTVRNVE1UTUxIVU5ZQlRNTEhZQkxIOVdfX1dWWENVTjlXWVhMSExI,20240531
20240524,2291593-1,CULTURA,RESOLUCION VICE MINISTERIAL,No 000140-2024-VMPCIC/MC,Declaran Patrimonio Cultural de la Nacion a cinco unidades bibliograficas que corresponden a primeras ediciones de dos titulos (1926-1934) de la produccion intelectual de Alejandro Peralta Miranda pertenecientes a la Biblioteca Nacional del Peru,https://epdoc2.elperuano.pe/EpPo/DescargaINDA.asp?Referencias=NDNUTVRNVE1UTUxIVU5ZQlRNTEhZQkxIOVdfX1M4WVhVTjlXWVhMSExI,20240531
20240524,2291185-1,DEFENSA,RESOLUCION MINISTERIAL,No 00497-2024-DE,Autorizan viaje de oficial de la Marina de Guerra del Peru a EE.UU. en comision de servicios,https://epdoc2.elperuano.pe/EpPo/DescargaINDA.asp?Referencias=NDNUTVRNVE1UTUxIVU5ZQlRNTEhZQkxIOVdfX1VOWEM5VzlXWVhMSExI,20240531
20240524,2291560-1,DEFENSA,RESOLUCION MINISTERIAL,No 00505-2024-DE,Autorizan viaje de oficial de la Marina de Guerra del Peru a la Republica de Estonia en comision de servicios,https://epdoc2.elperuano.pe/EpPo/DescargaINDA.asp?Referencias=NDNUTVRNVE1UTUxIVU5ZQlRNTEhZQkxIOVdfX1lCVkJVTjlXWVhMSExI,20240531
20240524,2291772-1,DEFENSA,RESOLUCION MINISTERIAL,No 00509-2024-DE,Autorizan viaje de personal militar a la Republica Argentina en comision de servicios,https://epdoc2.elperuano.pe/EpPo/DescargaINDA.asp?Referencias=NDNUTVRNVE1UTUxIVU5ZQlRNTEhZQkxIOVdfX0xIV1ZXVjlXWVhMSExI,20240531
20240524,2292157-1,DESARROLLO AGRARIO Y RIEGO,DECRETO SUPREMO,No 005-2024-MIDAGRI,Decreto Supremo que aprueba el Reglamento de la Ley No 28667 Ley que declara la reversion de predios rusticos al dominio del Estado adjudicados a titulo oneroso con fines agrarios ocupados por Asentamientos Humanos,https://epdoc2.elperuano.pe/EpPo/DescargaINDA.asp?Referencias=NDNUTVRNVE1UTUxIVU5ZQlRNTEhZQkxIOVdfX1dWVU45V0xIWVhMSExI,20240531
20240524,2291709-1,DESARROLLO AGRARIO Y RIEGO,RESOLUCION MINISTERIAL,No 0190-2024-MIDAGRI,Designan Asesora de Alta Direccion de la Secretaria General del Ministerio,https://epdoc2.elperuano.pe/EpPo/DescargaINDA.asp?Referencias=NDNUTVRNVE1UTUxIVU5ZQlRNTEhZQkxIOVdfX1lYWUJXVjlXWVhMSExI,20240531
20240524,2291718-2,ECONOMIA Y FINANZAS,DECRETO SUPREMO,No 091-2024-EF,Decreto Supremo que autoriza Transferencia de Partidas en el Presupuesto del Sector Publico para el Ano Fiscal 2024 a favor del Instituto Nacional de Salud del Instituto Nacional de Enfermedades Neoplasicas y de diversos gobiernos regionales,https://epdoc2.elperuano.pe/EpPo/DescargaINDA.asp?Referencias=NDNUTVRNVE1UTUxIVU5ZQlRNTEhZQkxITEhfX1hDOVdXVjlXWVhMSExI,20240531
20240524,2292154-1,ECONOMIA Y FINANZAS,DECRETO SUPREMO,No 092-2024-EF,Decreto Supremo que autoriza Transferencia de Partidas en el Presupuesto del Sector Publico para el Ano Fiscal 2024 a favor de la Oficina de Normalizacion Previsional,https://epdoc2.elperuano.pe/EpPo/DescargaINDA.asp?Referencias=NDNUTVRNVE1UTUxIVU5ZQlRNTEhZQkxIOVdfX1RNVU45V0xIWVhMSExI,20240531
20240524,2291718-4,EDUCACION,DECRETO SUPREMO,No 009-2024-MINEDU,Decreto Supremo que declara de interes nacional la realizacion del Campeonato Mundial de Voleibol Femenino Sub 17 FIVB 2024,https://epdoc2.elperuano.pe/EpPo/DescargaINDA.asp?Referencias=NDNUTVRNVE1UTUxIVU5ZQlRNTEhZQkxIVE1fX1hDOVdXVjlXWVhMSExI,20240531
20240524,2291592-1,EDUCACION,RESOLUCION DIRECTORAL,No 000096-2024-MINEDU-VMGI-PRONIED-DE,Designan Director de Sistema Administrativo III de la Oficina de Asesoria Juridica del Programa Nacional de Infraestructura Educativa,https://epdoc2.elperuano.pe/EpPo/DescargaINDA.asp?Referencias=NDNUTVRNVE1UTUxIVU5ZQlRNTEhZQkxIOVdfX0xIWVhVTjlXWVhMSExI,20240531
20240524,2291594-1,EDUCACION,RESOLUCION DIRECTORAL,No 000097-2024-MINEDU-VMGI-PRONIED-DE,Designan Director de Sistema Administrativo III de la Unidad Gerencial de Reconstruccion Frente a Desastres del Programa Nacional de Infraestructura Educativa,https://epdoc2.elperuano.pe/EpPo/DescargaINDA.asp?Referencias=NDNUTVRNVE1UTUxIVU5ZQlRNTEhZQkxIOVdfX1RNWVhVTjlXWVhMSExI,20240531
20240524,2291450-1,EDUCACION,RESOLUCION MINISTERIAL,No 246-2024-MINEDU,Designan Director de la Direccion de Investigacion y Desarrollo de la Secretaria Nacional de la Juventud,https://epdoc2.elperuano.pe/EpPo/DescargaINDA.asp?Referencias=NDNUTVRNVE1UTUxIVU5ZQlRNTEhZQkxIOVdfX1lCVU5UTTlXWVhMSExI,20240531
20240524,2288099-1,ENERGIA Y MINAS,RESOLUCION MINISTERIAL,No 194-2024-MINEM/DM,Otorgan a favor de la empresa GR CAOBA S.A.C. concesion temporal de transmision para desarrollar estudios de factibilidad en la futura Derivacion en 220 kV de las lineas de transmision L-2033 y L-2034 hacia la SE Girasol ubicada en el departamento de Moquegua,https://epdoc2.elperuano.pe/EpPo/DescargaINDA.asp?Referencias=NDNUTVRNVE1UTUxIVU5ZQlRNTEhZQkxIOVdfX1lYWVhZQlhDWENMSExI,20240531
20240524,2288116-1,ENERGIA Y MINAS,RESOLUCION MINISTERIAL,No 193-2024-MINEM/DM,Otorgan a favor de la empresa GR CHABARBAMBA S.A.C. concesion temporal de transmision para desarrollar estudios de factibilidad en la futura Linea de Transmision 220 kV S.E. Macarena - S.E. Poroma ubicada en el departamento de Ica,https://epdoc2.elperuano.pe/EpPo/DescargaINDA.asp?Referencias=NDNUTVRNVE1UTUxIVU5ZQlRNTEhZQkxIOVdfX1ZCOVc5V1hDWENMSExI,20240531
20240524,2290538-1,ENERGIA Y MINAS,RESOLUCION MINISTERIAL,No 204-2024-MINEM/DM,Otorgan a favor de MAJES SOL DE VERANO S.A.C. la concesion definitiva para desarrollar la actividad de transmision de energia electrica en el proyecto Linea de Transmision en 138 kV S.E. Sol de Verano I - S.E. Majes ubicado en el departamento de Arequipa,https://epdoc2.elperuano.pe/EpPo/DescargaINDA.asp?Referencias=NDNUTVRNVE1UTUxIVU5ZQlRNTEhZQkxIOVdfX1hDUzhVTllCWVhMSExI,20240531
20240524,2291313-1,ENERGIA Y MINAS,RESOLUCION MINISTERIAL,No 206-2024-MINEM/DM,Autorizan transferencia financiera de recursos a favor del Gobierno Regional de Loreto,https://epdoc2.elperuano.pe/EpPo/DescargaINDA.asp?Referencias=NDNUTVRNVE1UTUxIVU5ZQlRNTEhZQkxIOVdfX1M4OVdTODlXWVhMSExI,20240531
20240524,2291351-1,ENERGIA Y MINAS,RESOLUCION MINISTERIAL,No 207-2024-MINEM/DM,Autorizan transferencia financiera de recursos a favor del Gobierno Regional de Ancash,https://epdoc2.elperuano.pe/EpPo/DescargaINDA.asp?Referencias=NDNUTVRNVE1UTUxIVU5ZQlRNTEhZQkxIOVdfXzlXVU5TODlXWVhMSExI,20240531
20240524,2291615-1,ENERGIA Y MINAS,RESOLUCION MINISTERIAL,No 209-2024-MINEM/DM,Delegan facultad en el/la Director/a General de la Direccion General de Hidrocarburos del Ministerio de Energia y Minas durante el ano 2024,https://epdoc2.elperuano.pe/EpPo/DescargaINDA.asp?Referencias=NDNUTVRNVE1UTUxIVU5ZQlRNTEhZQkxIOVdfX1VOOVdWQjlXWVhMSExI,20240531
20240524,2291678-1,ENERGIA Y MINAS,RESOLUCION MINISTERIAL,No 210-2024-MINEM/DM,Formalizan transferencia a titulo gratuito de bienes que conforman treinta y cinco (35) proyectos a favor de la Empresa Regional de Servicio Publico de Electricidad del Sur Este S.A.A. - Electro Sur Este S.A.A.,https://epdoc2.elperuano.pe/EpPo/DescargaINDA.asp?Referencias=NDNUTVRNVE1UTUxIVU5ZQlRNTEhZQkxIOVdfX1hDV1ZWQjlXWVhMSExI,20240531
20240524,2291718-6,ENERGIA Y MINAS,RESOLUCION SUPREMA,No 008-2024-EM,Imponen el derecho de servidumbre minera de uso sobre area correspondiente a 43.9245 hectareas del predio denominado Parcela K de propiedad de ACTIVOS MINEROS S.A.C. ubicado en el departamento de Pasco,https://epdoc2.elperuano.pe/EpPo/DescargaINDA.asp?Referencias=NDNUTVRNVE1UTUxIVU5ZQlRNTEhZQkxIVkJfX1hDOVdXVjlXWVhMSExI,20240531
20240524,2291319-1,INTERIOR,RESOLUCION MINISTERIAL,No 0668-2024-IN,Designan Director General de la Direccion General Contra el Crimen Organizado,https://epdoc2.elperuano.pe/EpPo/DescargaINDA.asp?Referencias=NDNUTVRNVE1UTUxIVU5ZQlRNTEhZQkxIOVdfX1lYOVdTODlXWVhMSExI,20240531
20240524,2291373-1,INTERIOR,RESOLUCION MINISTERIAL,No 0665-2024-IN,Designan Director General de la Direccion General de Gobierno Interior,https://epdoc2.elperuano.pe/EpPo/DescargaINDA.asp?Referencias=NDNUTVRNVE1UTUxIVU5ZQlRNTEhZQkxIOVdfX1M4V1ZTODlXWVhMSExI,20240531
20240524,2291701-1,JUSTICIA Y DERECHOS HUMANOS,RESOLUCION,No 104-2024-JUS/PRONACEJ,Designan director del Centro Juvenil de Diagnostico y Rehabilitacion Lima del Programa Nacional de Centros Juveniles,https://epdoc2.elperuano.pe/EpPo/DescargaINDA.asp?Referencias=NDNUTVRNVE1UTUxIVU5ZQlRNTEhZQkxIOVdfXzlXWUJXVjlXWVhMSExI,20240531
20240524,2291723-1,JUSTICIA Y DERECHOS HUMANOS,RESOLUCION SUPREMA,No 098-2024-JUS,Aceptan renuncia de Procurador General del Estado,https://epdoc2.elperuano.pe/EpPo/DescargaINDA.asp?Referencias=NDNUTVRNVE1UTUxIVU5ZQlRNTEhZQkxIOVdfX1M4TEhXVjlXWVhMSExI,20240531
20240524,2291723-2,JUSTICIA Y DERECHOS HUMANOS,RESOLUCION SUPREMA,No 099-2024-JUS,Restituyen en el cargo a Procuradora General del Estado en cumplimiento de mandato judicial,https://epdoc2.elperuano.pe/EpPo/DescargaINDA.asp?Referencias=NDNUTVRNVE1UTUxIVU5ZQlRNTEhZQkxITEhfX1M4TEhXVjlXWVhMSExI,20240531
20240524,2291666-1,MUJER Y POBLACIONES VULNERABLES,RESOLUCION,No D000092-2024-CONADIS-PRE,Designan Director I de la Unidad de Abastecimiento de la Oficina de Administracion del Consejo Nacional para la Integracion de la Persona con Discapacidad (CONADIS),https://epdoc2.elperuano.pe/EpPo/DescargaINDA.asp?Referencias=NDNUTVRNVE1UTUxIVU5ZQlRNTEhZQkxIOVdfX1ZCVkJWQjlXWVhMSExI,20240531
20240524,2291294-1,PRODUCE,RESOLUCION MINISTERIAL,No 000214-2024-PRODUCE,Oficializan el evento denominado Pescador Artesanal del Ano 2024 a realizarse a nivel nacional,https://epdoc2.elperuano.pe/EpPo/DescargaINDA.asp?Referencias=NDNUTVRNVE1UTUxIVU5ZQlRNTEhZQkxIOVdfX1RNWVhMSDlXWVhMSExI,20240531
20240524,2291310-1,PRODUCE,RESOLUCION MINISTERIAL,No 000215-2024-PRODUCE,Disponen la publicacion del proyecto de Decreto Supremo que aprueba el Reglamento Tecnico sobre vajilla y/o utensilios de mesa de plastico biodegradables del referido Reglamento Tecnico y sus Anexos asi como de su Exposicion de Motivos en la sede digital del Ministerio de la Produccion,https://epdoc2.elperuano.pe/EpPo/DescargaINDA.asp?Referencias=NDNUTVRNVE1UTUxIVU5ZQlRNTEhZQkxIOVdfX1lCOVdTODlXWVhMSExI,20240531
20240524,2291492-1,PRODUCE,RESOLUCION MINISTERIAL,No 000216-2024-PRODUCE,Modifican y aprueban la version actualizada de la Guia para la presentacion de Reportes de Monitoreo en Acuicultura,https://epdoc2.elperuano.pe/EpPo/DescargaINDA.asp?Referencias=NDNUTVRNVE1UTUxIVU5ZQlRNTEhZQkxIOVdfX0xIWVhUTTlXWVhMSExI,20240531
20240524,2291494-1,PRODUCE,RESOLUCION MINISTERIAL,No 000217-2024-PRODUCE,Crean Grupo de Trabajo Sectorial denominado Grupo de Trabajo para impulsar los encadenamientos productivos de la industria manufacturera en la industria naval en el Peru y en la zona de influencia del Proyecto Terminal Portuario Multiproposito de Chancay,https://epdoc2.elperuano.pe/EpPo/DescargaINDA.asp?Referencias=NDNUTVRNVE1UTUxIVU5ZQlRNTEhZQkxIOVdfX1RNWVhUTTlXWVhMSExI,20240531
20240524,2291649-1,PRODUCE,RESOLUCION MINISTERIAL,No 000219-2024-PRODUCE,Dan por concluidas las actividades extractivas del recurso tiburon martillo,https://epdoc2.elperuano.pe/EpPo/DescargaINDA.asp?Referencias=NDNUTVRNVE1UTUxIVU5ZQlRNTEhZQkxIOVdfX1lYVE1WQjlXWVhMSExI,20240531
20240524,2291718-5,RELACIONES EXTERIORES,RESOLUCION SUPREMA,No 106-2024-RE,Reconocen a Consul Honoraria de la Republica Francesa en Cusco con jurisdiccion consular sobre el departamento de Cusco,https://epdoc2.elperuano.pe/EpPo/DescargaINDA.asp?Referencias=NDNUTVRNVE1UTUxIVU5ZQlRNTEhZQkxIVU5fX1hDOVdXVjlXWVhMSExI,20240531
20240524,2291718-3,SALUD,DECRETO SUPREMO,No 012-2024-SA,Decreto Supremo que prorroga la Emergencia Sanitaria por afectacion de los servicios de salud por epidemia de dengue en los departamentos de Amazonas ancash Ayacucho Cajamarca Cusco Huanuco Ica Junin La Libertad Lambayeque Lima Loreto Madre de Dios Pasco Piura Puno San Martin Tumbes y Ucayali y la Provincia Constitucional del Callao declarada por Decreto Supremo No 004-2024-SA,https://epdoc2.elperuano.pe/EpPo/DescargaINDA.asp?Referencias=NDNUTVRNVE1UTUxIVU5ZQlRNTEhZQkxIUzhfX1hDOVdXVjlXWVhMSExI,20240531
20240524,2291345-1,SALUD,RESOLUCION MINISTERIAL,No 360-2024/MINSA,Autorizan viaje de Director General de la Oficina General de Cooperacion Tecnica Internacional a la Confederacion Suiza en comision de servicios,https://epdoc2.elperuano.pe/EpPo/DescargaINDA.asp?Referencias=NDNUTVRNVE1UTUxIVU5ZQlRNTEhZQkxIOVdfX1VOVE1TODlXWVhMSExI,20240531
20240524,2291346-1,SALUD,RESOLUCION MINISTERIAL,No 361-2024/MINSA,Designan Jefe de Equipo II de la Direccion de Prevencion y Control de Enfermedades No Transmisibles Raras y Huerfanas de la Direccion General de Intervenciones Estrategicas en Salud Publica,https://epdoc2.elperuano.pe/EpPo/DescargaINDA.asp?Referencias=NDNUTVRNVE1UTUxIVU5ZQlRNTEhZQkxIOVdfX1ZCVE1TODlXWVhMSExI,20240531
20240524,2291705-1,SALUD,RESOLUCION MINISTERIAL,No 362-2024/MINSA,Aprueban el Listado de condiciones de salud priorizadas para la elaboracion de Guias de Practica Clinica,https://epdoc2.elperuano.pe/EpPo/DescargaINDA.asp?Referencias=NDNUTVRNVE1UTUxIVU5ZQlRNTEhZQkxIOVdfX1VOWUJXVjlXWVhMSExI,20240531
20240524,2290940-1,TRANSPORTES Y COMUNICACIONES,RESOLUCION MINISTERIAL,No 260-2024-MTC/01.03,Otorgan a la empresa TELCOMFER E.I.R.L. Concesion unica para la prestacion de servicios publicos de telecomunicaciones en area que comprende todo el territorio de la Republica,https://epdoc2.elperuano.pe/EpPo/DescargaINDA.asp?Referencias=NDNUTVRNVE1UTUxIVU5ZQlRNTEhZQkxIOVdfX1lCVE1ZWFlCWVhMSExI,20240531
20240524,2291312-1,TRANSPORTES Y COMUNICACIONES,RESOLUCION MINISTERIAL,No 262-2024-MTC/01,Designan Asesor II del Despacho Viceministerial de Transportes,https://epdoc2.elperuano.pe/EpPo/DescargaINDA.asp?Referencias=NDNUTVRNVE1UTUxIVU5ZQlRNTEhZQkxIOVdfX0xIOVdTODlXWVhMSExI,20240531
20240524,2291655-1,VIVIENDA  CONSTRUCCIoN Y SANEAMIENTO,RESOLUCION DIRECTORAL,No 126-2024/VIVIENDA/VMCS/PNSR,Designan Coordinadora Tecnica del Programa Nacional de Saneamiento Rural,https://epdoc2.elperuano.pe/EpPo/DescargaINDA.asp?Referencias=NDNUTVRNVE1UTUxIVU5ZQlRNTEhZQkxIOVdfX1VOVU5WQjlXWVhMSExI,20240531
20240524,2291663-1,VIVIENDA  CONSTRUCCIoN Y SANEAMIENTO,RESOLUCION DIRECTORAL,No 128-2024/VIVIENDA/VMCS/PNSR,Designan Jefe de Unidad de la Unidad Tecnica de Proyectos del Programa Nacional de Saneamiento Rural,https://epdoc2.elperuano.pe/EpPo/DescargaINDA.asp?Referencias=NDNUTVRNVE1UTUxIVU5ZQlRNTEhZQkxIOVdfX1M4VkJWQjlXWVhMSExI,20240531
20240524,2291809-1,VIVIENDA  CONSTRUCCIoN Y SANEAMIENTO,RESOLUCION DIRECTORAL,No 127-2024/VIVIENDA/VMCS/PNSR,Designan Jefe de Unidad de la Unidad Tecnica de Gestion Territorial del Programa Nacional de Saneamiento Rural,https://epdoc2.elperuano.pe/EpPo/DescargaINDA.asp?Referencias=NDNUTVRNVE1UTUxIVU5ZQlRNTEhZQkxIOVdfX1lYWUJYQzlXWVhMSExI,20240531
20240524,2291747-1,BIBLIOTECA NACIONAL DEL PERU,RESOLUCION JEFATURAL,No 000054-2024-BNP,Designan Coordinadora de la Gran Biblioteca Publica de Lima,https://epdoc2.elperuano.pe/EpPo/DescargaINDA.asp?Referencias=NDNUTVRNVE1UTUxIVU5ZQlRNTEhZQkxIOVdfX1dWVE1XVjlXWVhMSExI,20240531
20240524,2291782-1,INSTITUTO NACIONAL DE RADIO Y TELEVISIoN DEL PERu,RESOLUCION,No 000049-2024-IRTP-PE,Designan Jefe de la Oficina de Informatica y Estadistica del Instituto Nacional de Radio y Television del Peru,https://epdoc2.elperuano.pe/EpPo/DescargaINDA.asp?Referencias=NDNUTVRNVE1UTUxIVU5ZQlRNTEhZQkxIOVdfX0xIWENXVjlXWVhMSExI,20240531
20240524,2291567-1,SUPERINTENDENCIA DE TRANSPORTE TERRESTRE DE PERSONAS  CARGA Y MERCANCIAS,RESOLUCION,No D000015-2024-SUTRAN-CD,Designan Gerente de la Gerencia de Prevencion de la SUTRAN,https://epdoc2.elperuano.pe/EpPo/DescargaINDA.asp?Referencias=NDNUTVRNVE1UTUxIVU5ZQlRNTEhZQkxIOVdfX1dWVkJVTjlXWVhMSExI,20240531
20240524,2291569-1,SUPERINTENDENCIA DE TRANSPORTE TERRESTRE DE PERSONAS  CARGA Y MERCANCIAS,RESOLUCION,No D000016-2024-SUTRAN-CD,Designan Gerente de la Gerencia General de la SUTRAN,https://epdoc2.elperuano.pe/EpPo/DescargaINDA.asp?Referencias=NDNUTVRNVE1UTUxIVU5ZQlRNTEhZQkxIOVdfX1lYVkJVTjlXWVhMSExI,20240531
20240524,2291572-1,SUPERINTENDENCIA DE TRANSPORTE TERRESTRE DE PERSONAS  CARGA Y MERCANCIAS,RESOLUCION,No D000019-2024-SUTRAN-CD,Designan Asesor de Alta Direccion en el Despacho de Gerencia General de la SUTRAN,https://epdoc2.elperuano.pe/EpPo/DescargaINDA.asp?Referencias=NDNUTVRNVE1UTUxIVU5ZQlRNTEhZQkxIOVdfX0xIV1ZVTjlXWVhMSExI,20240531
20240524,2291574-1,SUPERINTENDENCIA DE TRANSPORTE TERRESTRE DE PERSONAS  CARGA Y MERCANCIAS,RESOLUCION,No D000020-2024-SUTRAN-CD,Designan Asesor de la Gerencia de Procedimientos y Sanciones de la SUTRAN,https://epdoc2.elperuano.pe/EpPo/DescargaINDA.asp?Referencias=NDNUTVRNVE1UTUxIVU5ZQlRNTEhZQkxIOVdfX1RNV1ZVTjlXWVhMSExI,20240531
20240524,2291578-1,SUPERINTENDENCIA DE TRANSPORTE TERRESTRE DE PERSONAS  CARGA Y MERCANCIAS,RESOLUCION,No D000023-2024-SUTRAN-CD,Designan Jefe de la Oficina de Administracion de la SUTRAN,https://epdoc2.elperuano.pe/EpPo/DescargaINDA.asp?Referencias=NDNUTVRNVE1UTUxIVU5ZQlRNTEhZQkxIOVdfX1hDV1ZVTjlXWVhMSExI,20240531
20240524,2291580-1,SUPERINTENDENCIA DE TRANSPORTE TERRESTRE DE PERSONAS  CARGA Y MERCANCIAS,RESOLUCION,No D000025-2024-SUTRAN-CD,Designan Subgerente de la Subgerencia de Normas de la Gerencia de Estudios y Normas de la SUTRAN,https://epdoc2.elperuano.pe/EpPo/DescargaINDA.asp?Referencias=NDNUTVRNVE1UTUxIVU5ZQlRNTEhZQkxIOVdfX1lCWENVTjlXWVhMSExI,20240531
20240524,2291242-1,ORGANISMO SUPERVISOR DE INVERSION PRIVADA EN TELECOMUNICACIONES,RESOLUCION,No 00133-2024-CD/OSIPTEL,Designan miembros del Cuerpo Colegiado Permanente del Osiptel,https://epdoc2.elperuano.pe/EpPo/DescargaINDA.asp?Referencias=NDNUTVRNVE1UTUxIVU5ZQlRNTEhZQkxIOVdfX0xIVE1MSDlXWVhMSExI,20240531
20240524,2291711-1,AGENCIA DE PROMOCIoN DE LA INVERSIoN PRIVADA,RESOLUCION,No 102-2024,Aprueban el Presupuesto Analitico de Personal - PAP de la Agencia de Promocion de la Inversion Privada - PROINVERSIoN correspondiente al Ano Fiscal 2024,https://epdoc2.elperuano.pe/EpPo/DescargaINDA.asp?Referencias=NDNUTVRNVE1UTUxIVU5ZQlRNTEhZQkxIOVdfXzlXOVdXVjlXWVhMSExI,20240531
20240524,2291292-1,ORGANISMO SUPERVISOR DE LAS CONTRATACIONES DEL ESTADO,RESOLUCION,No D000082-2024-OSCE-PRE,Designan Jefe de la Oficina de Tecnologias de la Informacion del OSCE,https://epdoc2.elperuano.pe/EpPo/DescargaINDA.asp?Referencias=NDNUTVRNVE1UTUxIVU5ZQlRNTEhZQkxIOVdfX0xIWVhMSDlXWVhMSExI,20240531
20240524,2291656-1,SERVICIO NACIONAL DE AREAS NATURALES PROTEGIDAS POR EL ESTADO,RESOLUCION,No 000096-2024-SERNANP/J-SGD,Designan Gerente General del Servicio Nacional de areas Naturales Protegidas por el Estado - SERNANP,https://epdoc2.elperuano.pe/EpPo/DescargaINDA.asp?Referencias=NDNUTVRNVE1UTUxIVU5ZQlRNTEhZQkxIOVdfX1ZCVU5WQjlXWVhMSExI,20240531
20240524,2291667-1,SERVICIO NACIONAL DE CERTIFICACIoN AMBIENTAL PARA LAS INVERSIONES SOSTENIBLES,RESOLUCION,No 00045-2024-SENACE/PE,Autorizan transferencia financiera a favor de la Contraloria General de la Republica,https://epdoc2.elperuano.pe/EpPo/DescargaINDA.asp?Referencias=NDNUTVRNVE1UTUxIVU5ZQlRNTEhZQkxIOVdfX1dWVkJWQjlXWVhMSExI,20240531
20240524,2291343-1,CORTES SUPERIORES DE JUSTICIA,RESOLUCION ADMINISTRATIVA,No 000384-2024-P-CSJLI-PJ,Amplian plazo para la remision y redistribucion de expedientes dispuesta en el articulo setimo de la Resolucion Administrativa No 343-2024-P-CSJLI-PJ,https://epdoc2.elperuano.pe/EpPo/DescargaINDA.asp?Referencias=NDNUTVRNVE1UTUxIVU5ZQlRNTEhZQkxIOVdfX1M4VE1TODlXWVhMSExI,20240531
20240524,2285391-1,BANCO CENTRAL DE RESERVA,RESOLUCION,No 0019-2024-BCRP-N,Autorizan mision en el exterior a Especialista en Programa Monetario de la Gerencia de Politica Monetaria para participar en evento a realizarse en Suiza,https://epdoc2.elperuano.pe/EpPo/DescargaINDA.asp?Referencias=NDNUTVRNVE1UTUxIVU5ZQlRNTEhZQkxIOVdfXzlXWVhTOFVOWENMSExI,20240531
20240524,2285393-1,BANCO CENTRAL DE RESERVA,RESOLUCION,No 0020-2024-BCRP-N,Autorizan mision en el exterior a Especialista en Programa Monetario de la Gerencia de Politica para participar en evento a realizarse en Suiza,https://epdoc2.elperuano.pe/EpPo/DescargaINDA.asp?Referencias=NDNUTVRNVE1UTUxIVU5ZQlRNTEhZQkxIOVdfX1M4WVhTOFVOWENMSExI,20240531
20240524,2291291-1,CONTRALORIA GENERAL DE LA REPUBLICA,RESOLUCION,No 264-2024-CG,Designan profesionales en el cargo de Jefe/a del organo de Control Institucional de diversas entidades,https://epdoc2.elperuano.pe/EpPo/DescargaINDA.asp?Referencias=NDNUTVRNVE1UTUxIVU5ZQlRNTEhZQkxIOVdfXzlXWVhMSDlXWVhMSExI,20240531
20240524,2287098-1,INSTITUCIONES EDUCATIVAS,RESOLUCION,No 0722-2024-R-UNA,Autorizan viaje de docentes de la Universidad Nacional del Altiplano de Puno a Panama en comision de servicios,https://epdoc2.elperuano.pe/EpPo/DescargaINDA.asp?Referencias=NDNUTVRNVE1UTUxIVU5ZQlRNTEhZQkxIOVdfX1hDWVhZQldWWENMSExI,20240531
20240524,2290562-1,INSTITUCIONES EDUCATIVAS,RESOLUCION,No 157-2024-UNTRM/R,Autorizan transferencia financiera de la Universidad Nacional Toribio Rodriguez de Mendoza de Amazonas a favor de la Contraloria General de la Republica,https://epdoc2.elperuano.pe/EpPo/DescargaINDA.asp?Referencias=NDNUTVRNVE1UTUxIVU5ZQlRNTEhZQkxIOVdfX0xIVkJVTllCWVhMSExI,20240531
20240524,2291563-1,INSTITUCIONES EDUCATIVAS,RESOLUCION,No 0084-2024-UNTELS-CU,Autorizan viaje de Rectora y de Directora del Instituto de Investigacion de la Universidad Nacional Tecnologica de Lima Sur a EE.UU. en comision de servicios,https://epdoc2.elperuano.pe/EpPo/DescargaINDA.asp?Referencias=NDNUTVRNVE1UTUxIVU5ZQlRNTEhZQkxIOVdfX1M4VkJVTjlXWVhMSExI,20240531
20240524,2291688-1,MINISTERIO PUBLICO,RESOLUCION,No 1248-2024-MP-FN,Nombran fiscal adjunta provincial provisional del Distrito Fiscal de La Libertad,https://epdoc2.elperuano.pe/EpPo/DescargaINDA.asp?Referencias=NDNUTVRNVE1UTUxIVU5ZQlRNTEhZQkxIOVdfX1hDWENWQjlXWVhMSExI,20240531
20240524,2291689-1,MINISTERIO PUBLICO,RESOLUCION,No 1249-2024-MP-FN,Nombran fiscal provincial provisional del Distrito Fiscal de Lima Sur,https://epdoc2.elperuano.pe/EpPo/DescargaINDA.asp?Referencias=NDNUTVRNVE1UTUxIVU5ZQlRNTEhZQkxIOVdfX1lYWENWQjlXWVhMSExI,20240531
20240524,2291691-1,MINISTERIO PUBLICO,RESOLUCION,No 1250-2024-MP-FN,Nombran fiscal adjunto provincial provisional del Distrito Fiscal de Lambayeque,https://epdoc2.elperuano.pe/EpPo/DescargaINDA.asp?Referencias=NDNUTVRNVE1UTUxIVU5ZQlRNTEhZQkxIOVdfXzlXWVhWQjlXWVhMSExI,20240531
20240524,2291692-1,MINISTERIO PUBLICO,RESOLUCION,No 1251-2024-MP-FN,Nombran fiscal adjunta provincial provisional del Distrito Fiscal de Ucayali,https://epdoc2.elperuano.pe/EpPo/DescargaINDA.asp?Referencias=NDNUTVRNVE1UTUxIVU5ZQlRNTEhZQkxIOVdfX0xIWVhWQjlXWVhMSExI,20240531
20240524,2291693-1,MINISTERIO PUBLICO,RESOLUCION,No 1252-2024-MP-FN,Nombran fiscal adjunto superior provisional del Distrito Fiscal de La Libertad,https://epdoc2.elperuano.pe/EpPo/DescargaINDA.asp?Referencias=NDNUTVRNVE1UTUxIVU5ZQlRNTEhZQkxIOVdfX1M4WVhWQjlXWVhMSExI,20240531
20240524,2291694-1,MINISTERIO PUBLICO,RESOLUCION,No 1253-2024-MP-FN,Nombran fiscal adjunta provincial provisional del Distrito Fiscal de Lima Centro,https://epdoc2.elperuano.pe/EpPo/DescargaINDA.asp?Referencias=NDNUTVRNVE1UTUxIVU5ZQlRNTEhZQkxIOVdfX1RNWVhWQjlXWVhMSExI,20240531
20240524,2291695-1,MINISTERIO PUBLICO,RESOLUCION,No 1254-2024-MP-FN,Nombran fiscal adjunta provincial provisional del Distrito Fiscal del Cusco,https://epdoc2.elperuano.pe/EpPo/DescargaINDA.asp?Referencias=NDNUTVRNVE1UTUxIVU5ZQlRNTEhZQkxIOVdfX1VOWVhWQjlXWVhMSExI,20240531
20240524,2291696-1,MINISTERIO PUBLICO,RESOLUCION,No 1255-2024-MP-FN,Nombran fiscal adjunto provincial provisional del Distrito Fiscal de Lambayeque,https://epdoc2.elperuano.pe/EpPo/DescargaINDA.asp?Referencias=NDNUTVRNVE1UTUxIVU5ZQlRNTEhZQkxIOVdfX1ZCWVhWQjlXWVhMSExI,20240531
20240524,2291715-1,MINISTERIO PUBLICO,RESOLUCION,No 1257-2024-MP-FN,Reincorporan Fiscal Suprema Titular del Ministerio Publico,https://epdoc2.elperuano.pe/EpPo/DescargaINDA.asp?Referencias=NDNUTVRNVE1UTUxIVU5ZQlRNTEhZQkxIOVdfX1VOOVdXVjlXWVhMSExI,20240531
20240524,2291296-1,GOBIERNO REGIONAL DE LA LIBERTAD,ORDENANZA,No 000004-2024-GRLL-CR,Instauran la Semana de la Inocuidad Alimentaria del 08 al 15 de julio en la Region La Libertad,https://epdoc2.elperuano.pe/EpPo/DescargaINDA.asp?Referencias=NDNUTVRNVE1UTUxIVU5ZQlRNTEhZQkxIOVdfX1ZCWVhMSDlXWVhMSExI,20240531
20240524,2291301-1,GOBIERNO REGIONAL DE LA LIBERTAD,ORDENANZA,No 000006-2024-GRLL-CR,Ordenanza Regional que declara y reconoce de interes y prioridad regional el Empoderamiento de la Mujer Rural como Agente de Desarrollo en la Region La Libertad,https://epdoc2.elperuano.pe/EpPo/DescargaINDA.asp?Referencias=NDNUTVRNVE1UTUxIVU5ZQlRNTEhZQkxIOVdfXzlXWUJTODlXWVhMSExI,20240531
20240524,2291236-1,MUNICIPALIDAD METROPOLITANA DE LIMA,ORDENANZA,No 2622,Ordenanza que aprueba la rectificacion del plano de zonificacion del distrito de Ate,https://epdoc2.elperuano.pe/EpPo/DescargaINDA.asp?Referencias=NDNUTVRNVE1UTUxIVU5ZQlRNTEhZQkxIOVdfX1ZCUzhMSDlXWVhMSExI,20240531
20240524,2291620-1,MUNICIPALIDAD DE COMAS,ORDENANZA,No 697/MDC,Ordenanza que regula el procedimiento administrativo de visacion de planos de trazado y lotizacion para viabilizar la dotacion de servicios basicos a posesiones informales ubicadas en el distrito de Comas,https://epdoc2.elperuano.pe/EpPo/DescargaINDA.asp?Referencias=NDNUTVRNVE1UTUxIVU5ZQlRNTEhZQkxIOVdfX1lCTEhWQjlXWVhMSExI,20240531
20240524,2291685-1,MUNICIPALIDAD DE JESUS MARIA,DECRETO DE ALCALDIA,No 007-2024-MDJM,Prorrogan vigencia de la Ordenanza No 700-2023-MDJM Ordenanza que promueve la regularizacion de edificaciones ejecutadas sin licencia municipal en el distrito de Jesus Maria,https://epdoc2.elperuano.pe/EpPo/DescargaINDA.asp?Referencias=NDNUTVRNVE1UTUxIVU5ZQlRNTEhZQkxIOVdfX1VOWENWQjlXWVhMSExI,20240531
20240524,2291425-1,MUNICIPALIDAD DE SAN BORJA,DECRETO DE ALCALDIA,No 007-2024-MSB-A,Aprueban la reprogramacion de fechas de las elecciones de Juntas Vecinales 2024 para los Subsectores 2A 2B y 2C,https://epdoc2.elperuano.pe/EpPo/DescargaINDA.asp?Referencias=NDNUTVRNVE1UTUxIVU5ZQlRNTEhZQkxIOVdfX1VOTEhUTTlXWVhMSExI,20240531
20240524,2291422-1,MUNICIPALIDAD DE SAN BORJA,ORDENANZA,No 716-MSB,Ordenanza que otorga beneficios tributarios sobre arbitrios municipales por el pago del impuesto predial y la actualizacion de datos de contacto,https://epdoc2.elperuano.pe/EpPo/DescargaINDA.asp?Referencias=NDNUTVRNVE1UTUxIVU5ZQlRNTEhZQkxIOVdfX0xITEhUTTlXWVhMSExI,20240531
20240524,2292093-1,MUNICIPALIDAD DE SAN JUAN DE LURIGANCHO,Decretos de Alcaldia,No 012-2024-MDSJL,Modifican el D.A. No 008-2024-MDSJL en el extremo referido al lugar donde se realizara la Primera Audiencia Publica de Rendicion de Cuentas del ano 2024 de la Municipalidad Distrital de San Juan de Lurigancho,https://epdoc2.elperuano.pe/EpPo/DescargaINDA.asp?Referencias=NDNUTVRNVE1UTUxIVU5ZQlRNTEhZQkxIOVdfX1M4WVhZQkxIWVhMSExI,20240531
20240524,2291500-1,MUNICIPALIDAD DE SANTA MARIA DEL MAR,DECRETO DE ALCALDIA,No 003-2024/MDSMM,Convocan a la Primera Audiencia Publica de Rendicion de Cuentas del Ano Fiscal 2024 de la Municipalidad Distrital de Santa Maria del Mar,https://epdoc2.elperuano.pe/EpPo/DescargaINDA.asp?Referencias=NDNUTVRNVE1UTUxIVU5ZQlRNTEhZQkxIOVdfX1lCWUJVTjlXWVhMSExI,20240531
20240524,2291354-1,MUNICIPALIDAD DE PACHACAMAC,ORDENANZA,No 339-2024-MDP/C,Ordenanza que otorga beneficios tributarios y no tributarios a favor de los contribuyentes del distrito de Pachacamac,https://epdoc2.elperuano.pe/EpPo/DescargaINDA.asp?Referencias=NDNUTVRNVE1UTUxIVU5ZQlRNTEhZQkxIOVdfX1RNVU5TODlXWVhMSExI,20240531
20240524,2291062-1,MUNICIPALIDAD DISTRITAL DE MACHUPICCHU,ORDENANZA,No 09-2024-MDM-CM.,Ordenanza que aprueba el Reglamento de Audiencia Publica de Rendicion de Cuentas 2024 de la Municipalidad Distrital de Machupicchu,https://epdoc2.elperuano.pe/EpPo/DescargaINDA.asp?Referencias=NDNUTVRNVE1UTUxIVU5ZQlRNTEhZQkxIOVdfX0xIVkJZQjlXWVhMSExI,20240531
20240524,2290796-1,MUNICIPALIDAD DE MI PERu,DECRETO DE ALCALDIA,No 001-2024-MDMP,Convocan a la Audiencia Publica de Rendicion de Cuentas de la Municipalidad Distrital de Mi Peru,https://epdoc2.elperuano.pe/EpPo/DescargaINDA.asp?Referencias=NDNUTVRNVE1UTUxIVU5ZQlRNTEhZQkxIOVdfX1ZCWVhXVllCWVhMSExI,20240531
20240524,2291029-1,SUPERINTENDENCIA NACIONAL DE SERVICIOS DE SANEAMIENTO,RESOLUCION,No 00025-2024-SUNASS-CD,Proyecto de resolucion que aprueba la formula tarifaria estructura tarifaria metas de gestion los porcentajes a ser transferidos al fondo de inversiones y reservas correspondientes y los costos maximos de las unidades de medida de las actividades requeridas para determinar los precios de los servicios colaterales aplicables por EPS EMSAPA CALCA S.A. durante el periodo regulatorio 2025-2027,https://epdoc2.elperuano.pe/EpPo/DescargaINDA.asp?Referencias=NDNUTVRNVE1UTUxIVU5ZQlRNTEhZQkxIOVdfX1lYTEhZQjlXWVhMSExI,20240531
20240524,2291032-1,SUPERINTENDENCIA NACIONAL DE SERVICIOS DE SANEAMIENTO,RESOLUCION,No 00026-2024-SUNASS-CD,Proyecto de resolucion que aprobaria el nuevo porcentaje que EPS EMSAPA CALCA S.A. debera destinar al Fondo de Inversiones,https://epdoc2.elperuano.pe/EpPo/DescargaINDA.asp?Referencias=NDNUTVRNVE1UTUxIVU5ZQlRNTEhZQkxIOVdfX0xIUzhZQjlXWVhMSExI,20240531
20240523,2291288-1,PRESIDENCIA DEL CONSEJO DE MINISTROS,DECRETO SUPREMO,No 052-2024-PCM,Decreto Supremo que declara el Estado de Emergencia en los distritos Pachacamac y Villa Maria del Triunfo de la provincia de Lima del departamento de Lima por impacto de danos a consecuencia de explosion en estacion de carga de gas natural comprimido,https://epdoc2.elperuano.pe/EpPo/DescargaINDA.asp?Referencias=NDNTOFM4UzhTOExIVU5ZQlRNTEhZQkxIOVdfX1hDWENMSDlXWVhMSExI,20240531
20240523,2290463-1,CULTURA,RESOLUCION VICE MINISTERIAL,No 000134-2024-VMPCIC/MC,Declaran Patrimonio Cultural de la Nacion a Los tres primeros Libros Registrales de las ciudades de Paita y el Callao (Nacimiento defuncion y matrimonio) correspondientes a los anos de 1854 al 1863,https://epdoc2.elperuano.pe/EpPo/DescargaINDA.asp?Referencias=NDNTOFM4UzhTOExIVU5ZQlRNTEhZQkxIOVdfX1M4VkJUTVlCWVhMSExI,20240531
20240523,2291192-1,DEFENSA,RESOLUCION MINISTERIAL,No 00498-2024-DE,Autorizan viaje de oficial de la Marina de Guerra del Peru a la Isla de Tahiti Polinesia Francesa en comision de servicios,https://epdoc2.elperuano.pe/EpPo/DescargaINDA.asp?Referencias=NDNTOFM4UzhTOExIVU5ZQlRNTEhZQkxIOVdfX0xIWVg5VzlXWVhMSExI,20240531
20240523,2291285-1,DESARROLLO AGRARIO Y RIEGO,RESOLUCION MINISTERIAL,No 0187-2024-MIDAGRI,Declaran el cuarto viernes del mes de mayo de cada ano como El Dia del Queso Peruano,https://epdoc2.elperuano.pe/EpPo/DescargaINDA.asp?Referencias=NDNTOFM4UzhTOExIVU5ZQlRNTEhZQkxIOVdfX1VOWENMSDlXWVhMSExI,20240531
20240523,2291285-2,DESARROLLO AGRARIO Y RIEGO,RESOLUCION MINISTERIAL,No 0188-2024-MIDAGRI,Declaran de interes del Sector Agrario y de Riego la realizacion del evento denominado GINGER WEEK en el mes de mayo de cada ano,https://epdoc2.elperuano.pe/EpPo/DescargaINDA.asp?Referencias=NDNTOFM4UzhTOExIVU5ZQlRNTEhZQkxITEhfX1VOWENMSDlXWVhMSExI,20240531
20240523,2291083-1,ECONOMIA Y FINANZAS,FE DE ERRATA,R.M. No 163-2024-EF/15,FE DE ERRATA,https://epdoc2.elperuano.pe/EpPo/DescargaINDA.asp?Referencias=NDNTOFM4UzhTOExIVU5ZQlRNTEhZQkxIOVdfX1M4WENZQjlXWVhMSExI,20240531
20240523,2291147-1,ECONOMIA Y FINANZAS,RESOLUCION DIRECTORAL,No 008-2024-EF/51.01,Aprueban la composicion de la estructura de la Cuenta General de la Republica correspondiente al ejercicio fiscal 2023,https://epdoc2.elperuano.pe/EpPo/DescargaINDA.asp?Referencias=NDNTOFM4UzhTOExIVU5ZQlRNTEhZQkxIOVdfX1dWVE05VzlXWVhMSExI,20240531
20240523,2291342-1,EDUCACION,RESOLUCION MINISTERIAL,No 244-2024-MINEDU,Autorizan viaje de funcionaria de la Direccion General de Educacion Superior Universitaria a los EE.UU. en comision de servicios,https://epdoc2.elperuano.pe/EpPo/DescargaINDA.asp?Referencias=NDNTOFM4UzhTOExIVU5ZQlRNTEhZQkxIOVdfX0xIVE1TODlXWVhMSExI,20240531
20240523,2291132-1,EDUCACION,RESOLUCION VICE MINISTERIAL,No 051-2024-MINEDU,Aprueban las Bases Generales de los Juegos Escolares Deportivos y Paradeportivos 2024 Edicion Bicentenario,https://epdoc2.elperuano.pe/EpPo/DescargaINDA.asp?Referencias=NDNTOFM4UzhTOExIVU5ZQlRNTEhZQkxIOVdfX0xIUzg5VzlXWVhMSExI,20240531
20240523,2291049-1,INTERIOR,RESOLUCION MINISTERIAL,No 0649-2024-IN,Aprueban la creacion de la Division de Maniobras contra el Trafico Ilicito de Drogas - Iquitos dependiente de la Direccion Antidrogas de la Policia Nacional del Peru,https://epdoc2.elperuano.pe/EpPo/DescargaINDA.asp?Referencias=NDNTOFM4UzhTOExIVU5ZQlRNTEhZQkxIOVdfX1lYVE1ZQjlXWVhMSExI,20240531
20240523,2291184-1,INTERIOR,RESOLUCION MINISTERIAL,No 0650-2024-IN,Autorizan Transferencia Financiera a favor de la Contraloria General de la Republica,https://epdoc2.elperuano.pe/EpPo/DescargaINDA.asp?Referencias=NDNTOFM4UzhTOExIVU5ZQlRNTEhZQkxIOVdfX1RNWEM5VzlXWVhMSExI,20240531
20240523,2290905-1,MUJER Y POBLACIONES VULNERABLES,RESOLUCION MINISTERIAL,No 192-2024-MIMP,Designan Directora II de la Oficina de Presupuesto de la Oficina General de Planeamiento Presupuesto y Modernizacion del Ministerio,https://epdoc2.elperuano.pe/EpPo/DescargaINDA.asp?Referencias=NDNTOFM4UzhTOExIVU5ZQlRNTEhZQkxIOVdfX1VOWUJZWFlCWVhMSExI,20240531
20240523,2290906-1,MUJER Y POBLACIONES VULNERABLES,RESOLUCION MINISTERIAL,No 193-2024-MIMP,Designan Director II de la Oficina de Planeamiento de la Oficina General de Planeamiento Presupuesto y Modernizacion del Ministerio,https://epdoc2.elperuano.pe/EpPo/DescargaINDA.asp?Referencias=NDNTOFM4UzhTOExIVU5ZQlRNTEhZQkxIOVdfX1ZCWUJZWFlCWVhMSExI,20240531
20240523,2291289-1,PRODUCE,RESOLUCION MINISTERIAL,No 000213-2024-PRODUCE,Declaran de Interes Sectorial la elaboracion y el expendio de bebidas tradicionales elaboradas con plantas medicinales en emoliente u otras infusiones y de quinua maca y kiwicha,https://epdoc2.elperuano.pe/EpPo/DescargaINDA.asp?Referencias=NDNTOFM4UzhTOExIVU5ZQlRNTEhZQkxIOVdfX1lYWENMSDlXWVhMSExI,20240531
20240523,2291077-1,RELACIONES EXTERIORES,RESOLUCION MINISTERIAL,No 0400-2024-RE,Autorizan viaje de funcionaria administrativa a la Confederacion Suiza en comision de servicios,https://epdoc2.elperuano.pe/EpPo/DescargaINDA.asp?Referencias=NDNTOFM4UzhTOExIVU5ZQlRNTEhZQkxIOVdfX1dWV1ZZQjlXWVhMSExI,20240531
20240523,2291303-1,RELACIONES EXTERIORES,RESOLUCION MINISTERIAL,No 0411-2024-RE,Autorizan gastos a cargo de la APCI para el desplazamiento de beneficiarios extranjeros y su participacion en la actividad denominada Visita oficial y de observacion a las autoridades y tecnicos de PERu COMPRAS en Lima Peru,https://epdoc2.elperuano.pe/EpPo/DescargaINDA.asp?Referencias=NDNTOFM4UzhTOExIVU5ZQlRNTEhZQkxIOVdfX1M4WUJTODlXWVhMSExI,20240531
20240523,2291022-1,SALUD,RESOLUCION MINISTERIAL,No 356-2024/MINSA,Aprueban la Guia Tecnica: Guia de Practica Clinica para el Diagnostico y Tratamiento de la Diabetes Mellitus Tipo 1 en Ninos Adolescentes y Adultos,https://epdoc2.elperuano.pe/EpPo/DescargaINDA.asp?Referencias=NDNTOFM4UzhTOExIVU5ZQlRNTEhZQkxIOVdfX0xITEhZQjlXWVhMSExI,20240531
20240523,2290944-1,TRABAJO Y PROMOCION DEL EMPLEO,RESOLUCION MINISTERIAL,No 085-2024-TR,Designan Asesor II del Despacho Viceministerial de Trabajo,https://epdoc2.elperuano.pe/EpPo/DescargaINDA.asp?Referencias=NDNTOFM4UzhTOExIVU5ZQlRNTEhZQkxIOVdfX1RNVE1ZWFlCWVhMSExI,20240531
20240523,2290537-1,TRANSPORTES Y COMUNICACIONES,RESOLUCION MINISTERIAL,No 258-2024-MTC/01.03,Otorgan a la empresa DUNAMIS RED PERU S.A.C. Concesion unica para la prestacion de servicios publicos de telecomunicaciones en area que comprende todo el territorio de la Republica,https://epdoc2.elperuano.pe/EpPo/DescargaINDA.asp?Referencias=NDNTOFM4UzhTOExIVU5ZQlRNTEhZQkxIOVdfX1dWUzhVTllCWVhMSExI,20240531
20240523,2290545-1,TRANSPORTES Y COMUNICACIONES,RESOLUCION MINISTERIAL,No 259-2024-MTC/01.03,Otorgan a la empresa FIBRATEL NETWORKS S.A.C. Concesion unica para la prestacion de servicios publicos de telecomunicaciones en area que comprende todo el territorio de la Republica,https://epdoc2.elperuano.pe/EpPo/DescargaINDA.asp?Referencias=NDNTOFM4UzhTOExIVU5ZQlRNTEhZQkxIOVdfX1VOVE1VTllCWVhMSExI,20240531
20240523,2290893-1,VIVIENDA  CONSTRUCCIoN Y SANEAMIENTO,RESOLUCION DIRECTORAL,No 098-2024-VIVIENDA/VMCS/PNSU/1.0,Designan Coordinador de la Subunidad de Recursos Humanos de la Unidad de Administracion del Programa Nacional de Saneamiento Urbano,https://epdoc2.elperuano.pe/EpPo/DescargaINDA.asp?Referencias=NDNTOFM4UzhTOExIVU5ZQlRNTEhZQkxIOVdfX1M4WVhYQ1lCWVhMSExI,20240531
20240523,2291169-1,VIVIENDA  CONSTRUCCIoN Y SANEAMIENTO,RESOLUCION MINISTERIAL,No 183-2024-VIVIENDA,Modifican la R.M. No 356-2018-VIVIENDA que conforma el Comite de Gobierno Digital del Ministerio de Vivienda Construccion y Saneamiento  y designan Lider de Gobierno y Transformacion Digital del Ministerio,https://epdoc2.elperuano.pe/EpPo/DescargaINDA.asp?Referencias=NDNTOFM4UzhTOExIVU5ZQlRNTEhZQkxIOVdfX1lYVkI5VzlXWVhMSExI,20240531
20240523,2291216-1,VIVIENDA  CONSTRUCCIoN Y SANEAMIENTO,RESOLUCION MINISTERIAL,No 184-2024-VIVIENDA,Disponen la publicacion del proyecto de Decreto Supremo que aprueba el Reglamento del Decreto Legislativo No 1280 Decreto Legislativo que aprueba la Ley del Servicio Universal de Agua Potable y Saneamiento y de la Exposicion de Motivos que lo sustenta,https://epdoc2.elperuano.pe/EpPo/DescargaINDA.asp?Referencias=NDNTOFM4UzhTOExIVU5ZQlRNTEhZQkxIOVdfX1ZCOVdMSDlXWVhMSExI,20240531
20240523,2291282-1,VIVIENDA  CONSTRUCCIoN Y SANEAMIENTO,RESOLUCION MINISTERIAL,No 186-2024-VIVIENDA,Designan Director Ejecutivo del Programa Agua Segura para Lima y Callao,https://epdoc2.elperuano.pe/EpPo/DescargaINDA.asp?Referencias=NDNTOFM4UzhTOExIVU5ZQlRNTEhZQkxIOVdfX0xIWENMSDlXWVhMSExI,20240531
20240523,2291155-1,INTENDENCIA NACIONAL DE BOMBEROS DEL PERU,RESOLUCION,No 037-2024-INBP,Designan Gerente General de la Intendencia Nacional de Bomberos del Peru,https://epdoc2.elperuano.pe/EpPo/DescargaINDA.asp?Referencias=NDNTOFM4UzhTOExIVU5ZQlRNTEhZQkxIOVdfX1VOVU45VzlXWVhMSExI,20240531
20240523,2291086-1,ORGANISMO SUPERVISOR DE LA INVERSIoN EN INFRAESTRUCTURA DE TRANSPORTE DE USO PuBLICO,RESOLUCION,No 0027-2024-PD-OSITRAN,Establecen tarifas provisionales para los servicios regulados brindados por Transportadora Callao S.A. en el Terminal de Embarque de Concentrados de Minerales en el Terminal Portuario del Callao,https://epdoc2.elperuano.pe/EpPo/DescargaINDA.asp?Referencias=NDNTOFM4UzhTOExIVU5ZQlRNTEhZQkxIOVdfX1ZCWENZQjlXWVhMSExI,20240531
20240523,2290702-1,ORGANISMO SUPERVISOR DE INVERSION PRIVADA EN TELECOMUNICACIONES,RESOLUCION,No 00132-2024-CD/OSIPTEL,Aprueban Mandato Complementario de Acceso de Operador Movil Virtual entre las empresas America Movil Peru S.A.C. y Dolphin Mobile S.A.C.,https://epdoc2.elperuano.pe/EpPo/DescargaINDA.asp?Referencias=NDNTOFM4UzhTOExIVU5ZQlRNTEhZQkxIOVdfX0xIWUJXVllCWVhMSExI,20240531
20240523,2291144-1,CONSEJO SUPERIOR DEL SISTEMA NACIONAL DE EVALUACION  ACREDITACION Y CERTIFICACION DE LA CALIDAD EDUCATIVA,RESOLUCION,No 000046-2024-SINEACE/COSUSINEACE-P,Autorizan transferencia financiera del Sineace a favor de la Contraloria General de la Republica,https://epdoc2.elperuano.pe/EpPo/DescargaINDA.asp?Referencias=NDNTOFM4UzhTOExIVU5ZQlRNTEhZQkxIOVdfX1RNVE05VzlXWVhMSExI,20240531
20240523,2291229-1,ORGANISMO DE EVALUACION Y FISCALIZACION AMBIENTAL,RESOLUCION,No 00082-2024-OEFA/PCD,Designan Director de la Direccion de Supervision Ambiental en Infraestructura y Servicios del OEFA,https://epdoc2.elperuano.pe/EpPo/DescargaINDA.asp?Referencias=NDNTOFM4UzhTOExIVU5ZQlRNTEhZQkxIOVdfX1lYTEhMSDlXWVhMSExI,20240531
20240523,2291231-1,ORGANISMO DE EVALUACION Y FISCALIZACION AMBIENTAL,RESOLUCION,No 00083-2024-OEFA/PCD,Designan Ejecutivo de Supervision Ambiental en Hidrocarburos de la Direccion de Supervision Ambiental en Energia y Minas del OEFA,https://epdoc2.elperuano.pe/EpPo/DescargaINDA.asp?Referencias=NDNTOFM4UzhTOExIVU5ZQlRNTEhZQkxIOVdfXzlXUzhMSDlXWVhMSExI,20240531
20240523,2291299-1,ORGANISMO TeCNICO DE LA ADMINISTRACIoN DE LOS SERVICIOS DE SANEAMIENTO,RESOLUCION DIRECTORAL,No 000050-2024-OTASS-DE,Designan Gerente Administrativo Financiero de la Entidad Prestadora de Servicios de Saneamiento Grau Sociedad Anonima - EPS GRAU S.A.,https://epdoc2.elperuano.pe/EpPo/DescargaINDA.asp?Referencias=NDNTOFM4UzhTOExIVU5ZQlRNTEhZQkxIOVdfX1lYWVhMSDlXWVhMSExI,20240531
20240523,2291200-1,CONSEJO EJECUTIVO DEL PODER JUDICIAL,RESOLUCION ADMINISTRATIVA,No 000065-2024-P-CE-PJ,Disponen el cese por fallecimiento de Juez Especializado titular del Juzgado Penal Unipersonal de Huanta Distrito Judicial de Ayacucho,https://epdoc2.elperuano.pe/EpPo/DescargaINDA.asp?Referencias=NDNTOFM4UzhTOExIVU5ZQlRNTEhZQkxIOVdfX1lCWUJMSDlXWVhMSExI,20240531
20240523,2291202-1,CONSEJO EJECUTIVO DEL PODER JUDICIAL,RESOLUCION ADMINISTRATIVA,No 000066-2024-P-CE-PJ,Declaran Duelo Judicial laborable en la Capital de la Republica por el fallecimiento de Juez Supremo titular cesante,https://epdoc2.elperuano.pe/EpPo/DescargaINDA.asp?Referencias=NDNTOFM4UzhTOExIVU5ZQlRNTEhZQkxIOVdfX0xIWUJMSDlXWVhMSExI,20240531
20240523,2291203-1,CONSEJO EJECUTIVO DEL PODER JUDICIAL,RESOLUCION ADMINISTRATIVA,No 000164-2024-CE-PJ,Disponen medidas administrativas en la Corte Superior Nacional de Justicia Penal Especializada,https://epdoc2.elperuano.pe/EpPo/DescargaINDA.asp?Referencias=NDNTOFM4UzhTOExIVU5ZQlRNTEhZQkxIOVdfX1M4WUJMSDlXWVhMSExI,20240531
20240523,2291206-1,CONSEJO EJECUTIVO DEL PODER JUDICIAL,RESOLUCION ADMINISTRATIVA,No 000165-2024-CE-PJ,Dejan sin efecto el articulo setimo de la Res. Adm. No 122-2019-CE-PJ modificado por el articulo primero de la Res. Adm. No 000372-2023-CE-PJ,https://epdoc2.elperuano.pe/EpPo/DescargaINDA.asp?Referencias=NDNTOFM4UzhTOExIVU5ZQlRNTEhZQkxIOVdfX1ZCWUJMSDlXWVhMSExI,20240531
20240523,2291207-1,CONSEJO EJECUTIVO DEL PODER JUDICIAL,RESOLUCION ADMINISTRATIVA,No 000166-2024-CE-PJ,Establecen diversas reglas cuando se interponga recurso de casacion en procesos regulados en la Ley No 29497 Nueva Ley Procesal del Trabajo,https://epdoc2.elperuano.pe/EpPo/DescargaINDA.asp?Referencias=NDNTOFM4UzhTOExIVU5ZQlRNTEhZQkxIOVdfX1dWWUJMSDlXWVhMSExI,20240531
20240523,2277226-1,BANCO CENTRAL DE RESERVA,RESOLUCION,No 0015-2024-BCRP-N,Autorizan mision en el exterior de Especialista en Analisis del Circulante de la Gerencia de Gestion del Circulante para realizar supervision de proceso de impresion de billetes en Polonia,https://epdoc2.elperuano.pe/EpPo/DescargaINDA.asp?Referencias=NDNTOFM4UzhTOExIVU5ZQlRNTEhZQkxIOVdfX1ZCTEhMSFdWV1ZMSExI,20240531
20240523,2289666-1,INSTITUCIONES EDUCATIVAS,RESOLUCION,No 2710-R-2024,Aprueban el Presupuesto Analitico de Personal (PAP) de la Universidad Nacional del Centro del Peru correspondiente al Ejercicio Presupuestal 2024,https://epdoc2.elperuano.pe/EpPo/DescargaINDA.asp?Referencias=NDNTOFM4UzhTOExIVU5ZQlRNTEhZQkxIOVdfX1ZCVkJWQllYWENMSExI,20240531
20240523,2291101-1,JURADO NACIONAL DE ELECCIONES,ACUERDO,No 0137-2024-JNE,Declaran la nulidad de lo actuado hasta la citacion dirigida a regidor del Concejo Distrital de San Francisco de Sangayaico provincia de Huaytara departamento de Huancavelica para que asista a la sesion extraordinaria en la que se evaluo la vacancia seguida en su contra,https://epdoc2.elperuano.pe/EpPo/DescargaINDA.asp?Referencias=NDNTOFM4UzhTOExIVU5ZQlRNTEhZQkxIOVdfXzlXWUI5VzlXWVhMSExI,20240531
20240523,2290936-1,JURADO NACIONAL DE ELECCIONES,RESOLUCION,No 0121-2024-JNE,Convocan a ciudadanas para que asuman provisionalmente cargos de alcaldesa y regidora de la Municipalidad Distrital de Ticlacayan provincia y departamento de Pasco,https://epdoc2.elperuano.pe/EpPo/DescargaINDA.asp?Referencias=NDNTOFM4UzhTOExIVU5ZQlRNTEhZQkxIOVdfX1ZCUzhZWFlCWVhMSExI,20240531
20240523,2290938-1,JURADO NACIONAL DE ELECCIONES,RESOLUCION,No 0136-2024-JNE,Convocan a ciudadanos para que asuman provisionalmente cargos de alcaldesa y regidor de la Municipalidad Distrital de Huandoval provincia de Pallasca departamento de ancash,https://epdoc2.elperuano.pe/EpPo/DescargaINDA.asp?Referencias=NDNTOFM4UzhTOExIVU5ZQlRNTEhZQkxIOVdfX1hDUzhZWFlCWVhMSExI,20240531
20240523,2288481-1,GOBIERNO REGIONAL DE AMAZONAS,ACUERDO,No 041-2024-GRA/CR-SE.,Aprueban transferencias financieras a favor de las municipalidades distritales de Longuita y San Juan de Lopecancha,https://epdoc2.elperuano.pe/EpPo/DescargaINDA.asp?Referencias=NDNTOFM4UzhTOExIVU5ZQlRNTEhZQkxIOVdfXzlXWENUTVhDWENMSExI,20240531
20240523,2290771-1,GOBIERNO REGIONAL DE AREQUIPA,ACUERDO,No 70-2024-GRA/CR-AREQUIPA,Rectifican errores materiales del articulo Primero del Acuerdo Regional No 033-2024-GRA-CR-AREQUIPA,https://epdoc2.elperuano.pe/EpPo/DescargaINDA.asp?Referencias=NDNTOFM4UzhTOExIVU5ZQlRNTEhZQkxIOVdfXzlXV1ZXVllCWVhMSExI,20240531
20240523,2290518-1,GOBIERNO REGIONAL DE AYACUCHO,ORDENANZA,No 008-2024-GRA/CR,Disponen de forma obligatoria el cumplimiento de la cuota laboral del 5% en entidades publicas de la totalidad de su personal y el 3% en las entidades privadas con mas de cincuenta trabajadores en el ambito de la region Ayacucho en beneficio de las personas con discapacidad,https://epdoc2.elperuano.pe/EpPo/DescargaINDA.asp?Referencias=NDNTOFM4UzhTOExIVU5ZQlRNTEhZQkxIOVdfX1hDOVdVTllCWVhMSExI,20240531
20240523,2280940-1,GOBIERNO REGIONAL DE HUANCAVELICA,ORDENANZA,No 524-GOB.REG-HVCA/CR,Aprueban la creacion y funcionamiento de la Mesa Multisectorial Regional por la Participacion y Desarrollo Inclusivo de las Personas con Discapacidad en la Region Huancavelica,https://epdoc2.elperuano.pe/EpPo/DescargaINDA.asp?Referencias=NDNTOFM4UzhTOExIVU5ZQlRNTEhZQkxIOVdfX1lCVE1ZWFlCWENMSExI,20240531
20240523,2275414-1,GOBIERNO REGIONAL DE PUNO,ORDENANZA,No 009-2023-GRP-CRP,Crean el programa PROMPUNO para la la promocion turistica de las provincias y gestion de la marca regional Puno,https://epdoc2.elperuano.pe/EpPo/DescargaINDA.asp?Referencias=NDNTOFM4UzhTOExIVU5ZQlRNTEhZQkxIOVdfX1RNOVdUTVVOV1ZMSExI,20240531
20240523,2291619-1,MUNICIPALIDAD DE COMAS,DECRETO DE ALCALDIA,No 007-2024-AL/MCD,Convocan a la poblacion del distrito a participar en la Primera Audiencia Municipal de Rendicion de Cuentas de la Municipalidad Distrital de Comas del ano fiscal 2024,https://epdoc2.elperuano.pe/EpPo/DescargaINDA.asp?Referencias=NDNTOFM4UzhTOExIVU5ZQlRNTEhZQkxIOVdfX1lYOVdWQjlXWVhMSExI,20240531
20240523,2290982-1,MUNICIPALIDAD DE INDEPENDENCIA,Decretos de Alcaldia,No 000005-2024-AL-MDI,Convocan a la Primera Audiencia Publica de Rendicion de Cuentas 2024 - I de la Municipalidad Distrital de Independencia,https://epdoc2.elperuano.pe/EpPo/DescargaINDA.asp?Referencias=NDNTOFM4UzhTOExIVU5ZQlRNTEhZQkxIOVdfX0xIWENZWFlCWVhMSExI,20240531
20240523,2290958-1,MUNICIPALIDAD DE MAGDALENA DEL MAR,ORDENANZA,No 196-2023-MDMM,Modifican el Cuadro de Infracciones y Sanciones y el Regimen de Fiscalizacion y Aplicacion de Sanciones Administrativas de la Municipalidad Distrital de Magdalena del Mar,https://epdoc2.elperuano.pe/EpPo/DescargaINDA.asp?Referencias=NDNTOFM4UzhTOExIVU5ZQlRNTEhZQkxIOVdfX1hDVU5ZWFlCWVhMSExI,20240531
20240523,2290693-1,MUNICIPALIDAD DE SAN BORJA,RESOLUCION DE ALCALDIA,No 071-2024-MSB-A,Aprueban modificacion y actualizan el Texto Ordenado (TO) del Texto unico de Servicios No Exclusivos (TUSNE) de la Municipalidad Distrital de San Borja,https://epdoc2.elperuano.pe/EpPo/DescargaINDA.asp?Referencias=NDNTOFM4UzhTOExIVU5ZQlRNTEhZQkxIOVdfX1M4WVhWQllCWVhMSExI,20240531
20240523,2291153-1,MUNICIPALIDAD DE SAN LUIS,ORDENANZA,No 360-MDSL/C,Ordenanza de Beneficio Tributario Por nuestro Aniversario Paga con Beneficio,https://epdoc2.elperuano.pe/EpPo/DescargaINDA.asp?Referencias=NDNTOFM4UzhTOExIVU5ZQlRNTEhZQkxIOVdfX1M4VU45VzlXWVhMSExI,20240531
20240522,2290860-1,PRESIDENCIA DEL CONSEJO DE MINISTROS,RESOLUCION MINISTERIAL,No 151-2024-PCM,Disponen que el Procurador Publico Especializado en Materia Constitucional ejerza la representacion procesal del Poder Ejecutivo en proceso competencial contra el Ministerio Publico y el Poder Judicial por menoscabo en sentido estricto del adecuado ejercicio de las competencias y funciones de la Presidenta de la Republica,https://epdoc2.elperuano.pe/EpPo/DescargaINDA.asp?Referencias=NDNMSExITEhMSExIVU5ZQlRNTEhZQkxIOVdfX1lCVkJYQ1lCWVhMSExI,20240531
20240522,2290857-8,AMBIENTE,RESOLUCION SUPREMA,No 011-2024-MINAM,Resolucion Suprema que crea la Comision Multisectorial de naturaleza temporal denominada Comision Multisectorial de Compras Publicas Sostenibles,https://epdoc2.elperuano.pe/EpPo/DescargaINDA.asp?Referencias=NDNMSExITEhMSExIVU5ZQlRNTEhZQkxIWENfX1dWVU5YQ1lCWVhMSExI,20240531
20240522,2290469-1,COMERCIO EXTERIOR Y TURISMO,RESOLUCION MINISTERIAL,No 153-2024-MINCETUR,Delegan a la Camara de Comercio Agricultura e Industria de Jaen la facultad de emitir Certificados de Origen de las mercancias producidas en la Region Cajamarca o por empresas domiciliadas en dicha region,https://epdoc2.elperuano.pe/EpPo/DescargaINDA.asp?Referencias=NDNMSExITEhMSExIVU5ZQlRNTEhZQkxIOVdfX1lYVkJUTVlCWVhMSExI,20240531
20240522,2290475-1,COMERCIO EXTERIOR Y TURISMO,RESOLUCION MINISTERIAL,No 154-2024-MINCETUR,Autorizan viaje de profesional de PROMPERu a la Republica Popular China en comision de servicios,https://epdoc2.elperuano.pe/EpPo/DescargaINDA.asp?Referencias=NDNMSExITEhMSExIVU5ZQlRNTEhZQkxIOVdfX1VOV1ZUTVlCWVhMSExI,20240531
20240522,2290485-1,COMERCIO EXTERIOR Y TURISMO,RESOLUCION MINISTERIAL,No 155-2024-MINCETUR,Modifican la R.M. No 278-2018-MINCETUR que aprueba a la empresa COMPAniA IHC S.A.C. como empresa calificada para el goce del Regimen Especial de Recuperacion Anticipada del Impuesto General a las Ventas regulado por el Decreto Legislativo No 973,https://epdoc2.elperuano.pe/EpPo/DescargaINDA.asp?Referencias=NDNMSExITEhMSExIVU5ZQlRNTEhZQkxIOVdfX1VOWENUTVlCWVhMSExI,20240531
20240522,2290857-4,CULTURA,DECRETO SUPREMO,No 004-2024-MC,Decreto Supremo que declara la categorizacion de la Reserva Indigena Sierra del Divisor Occidental,https://epdoc2.elperuano.pe/EpPo/DescargaINDA.asp?Referencias=NDNMSExITEhMSExIVU5ZQlRNTEhZQkxIVE1fX1dWVU5YQ1lCWVhMSExI,20240531
20240522,2290505-1,CULTURA,RESOLUCION VICE MINISTERIAL,No 000129-2024-VMPCIC/MC,Declaran Patrimonio Cultural de la Nacion ocho bienes culturales muebles pertenecientes al Ministerio de Cultura,https://epdoc2.elperuano.pe/EpPo/DescargaINDA.asp?Referencias=NDNMSExITEhMSExIVU5ZQlRNTEhZQkxIOVdfX1VOWUJVTllCWVhMSExI,20240531
20240522,2290510-1,CULTURA,RESOLUCION VICE MINISTERIAL,No 000131-2024-VMPCIC/MC,Declaran Patrimonio Cultural de la Nacion seis bienes culturales muebles,https://epdoc2.elperuano.pe/EpPo/DescargaINDA.asp?Referencias=NDNMSExITEhMSExIVU5ZQlRNTEhZQkxIOVdfX1lCOVdVTllCWVhMSExI,20240531
20240522,2290622-1,DEFENSA,RESOLUCION MINISTERIAL,No 00486-2024-DE,Autorizan viaje de oficial de la Fuerza Aerea del Peru a Canada en comision de servicios,https://epdoc2.elperuano.pe/EpPo/DescargaINDA.asp?Referencias=NDNMSExITEhMSExIVU5ZQlRNTEhZQkxIOVdfX0xITEhWQllCWVhMSExI,20240531
20240522,2290857-7,DEFENSA,RESOLUCION SUPREMA,No 038-2024-DE,Designan al personal de las Fuerzas Armadas y de la Policia Nacional del Peru que conforma la Junta de Sanidad Especial Interinstitucional de las Fuerzas Armadas y de la Policia Nacional del Peru para el Ano Fiscal 2024,https://epdoc2.elperuano.pe/EpPo/DescargaINDA.asp?Referencias=NDNMSExITEhMSExIVU5ZQlRNTEhZQkxIV1ZfX1dWVU5YQ1lCWVhMSExI,20240531
20240522,2290834-1,DESARROLLO AGRARIO Y RIEGO,RESOLUCION,No D000130-2024-MIDAGRI-SERFOR-DE,Designan Asesora de la Gerencia General del Servicio Nacional Forestal y de Fauna Silvestre - SERFOR,https://epdoc2.elperuano.pe/EpPo/DescargaINDA.asp?Referencias=NDNMSExITEhMSExIVU5ZQlRNTEhZQkxIOVdfX1RNUzhYQ1lCWVhMSExI,20240531
20240522,2290850-1,DESARROLLO AGRARIO Y RIEGO,RESOLUCION,No D000132-2024-MIDAGRI-SERFOR-DE,Designan Directora de la Oficina de Abastecimiento de la Oficina General de Administracion del Servicio Nacional Forestal y de Fauna Silvestre - SERFOR,https://epdoc2.elperuano.pe/EpPo/DescargaINDA.asp?Referencias=NDNMSExITEhMSExIVU5ZQlRNTEhZQkxIOVdfX1lCVU5YQ1lCWVhMSExI,20240531
20240522,2290628-1,DESARROLLO E INCLUSIoN SOCIAL,RESOLUCION,No D000392-2024-MIDIS/PNAEQW-DE,Designan Jefa de la Unidad de Organizacion de las Prestaciones del Programa Nacional de Alimentacion Escolar Qali Warma,https://epdoc2.elperuano.pe/EpPo/DescargaINDA.asp?Referencias=NDNMSExITEhMSExIVU5ZQlRNTEhZQkxIOVdfX1hDTEhWQllCWVhMSExI,20240531
20240522,2290897-1,DESARROLLO E INCLUSIoN SOCIAL,RESOLUCION,No D000395-2024-MIDIS/PNAEQW-DE,Designan Jefa de la Unidad de Recursos Humanos del Programa Nacional de Alimentacion Escolar Qali Warma,https://epdoc2.elperuano.pe/EpPo/DescargaINDA.asp?Referencias=NDNMSExITEhMSExIVU5ZQlRNTEhZQkxIOVdfX1dWWVhYQ1lCWVhMSExI,20240531
20240522,2290857-1,ECONOMIA Y FINANZAS,DECRETO SUPREMO,No 090-2024-EF,Decreto Supremo que autoriza Transferencia de Partidas en el Presupuesto del Sector Publico para el Ano Fiscal 2024 a favor del Registro Nacional de Identificacion y Estado Civil (RENIEC),https://epdoc2.elperuano.pe/EpPo/DescargaINDA.asp?Referencias=NDNMSExITEhMSExIVU5ZQlRNTEhZQkxIOVdfX1dWVU5YQ1lCWVhMSExI,20240531
20240522,2290784-1,ECONOMIA Y FINANZAS,RESOLUCION MINISTERIAL,No 169-2024-EF/10,Autorizan a la Procuradora Publica y al Procurador Publico Adjunto del Ministerio de Economia y Finanzas para que puedan conciliar en procesos judiciales tramitados con la Ley No 29497 Nueva Ley Procesal del Trabajo en los que el Ministerio sea parte demandada,https://epdoc2.elperuano.pe/EpPo/DescargaINDA.asp?Referencias=NDNMSExITEhMSExIVU5ZQlRNTEhZQkxIOVdfX1RNWENXVllCWVhMSExI,20240531
20240522,2290559-1,INTERIOR,RESOLUCION MINISTERIAL,No 0648-2024-IN,Designan Director General de la Direccion General de Orden Publico del Despacho Viceministerial de Orden Interno,https://epdoc2.elperuano.pe/EpPo/DescargaINDA.asp?Referencias=NDNMSExITEhMSExIVU5ZQlRNTEhZQkxIOVdfX1lYVU5VTllCWVhMSExI,20240531
20240522,2291152-1,INTERIOR,RESOLUCION MINISTERIAL,No 0664-2024-IN,Suspenden el cobro de gastos de la Policia Nacional del Peru por la prestacion de servicios policiales extraordinarios previsto en la R.M. No 1191-2019-IN en lo que se refiere a patrullaje integrado para mejorar la seguridad ciudadana en los Gobiernos Locales hasta el 31 de diciembre de 2024,https://epdoc2.elperuano.pe/EpPo/DescargaINDA.asp?Referencias=NDNMSExITEhMSExIVU5ZQlRNTEhZQkxIOVdfX0xIVU45VzlXWVhMSExI,20240531
20240522,2290682-1,JUSTICIA Y DERECHOS HUMANOS,RESOLUCION,No 100-2024-JUS/PRONACEJ,Designan jefe de la Unidad de Planeamiento Presupuesto y Modernizacion del Programa Nacional de Centros Juveniles,https://epdoc2.elperuano.pe/EpPo/DescargaINDA.asp?Referencias=NDNMSExITEhMSExIVU5ZQlRNTEhZQkxIOVdfX0xIWENWQllCWVhMSExI,20240531
20240522,2290825-1,MUJER Y POBLACIONES VULNERABLES,RESOLUCION,No D000088-2024-CONADIS-PRE,Designan Asesor de la Presidencia del Consejo Nacional para la Integracion de la Persona con Discapacidad (CONADIS),https://epdoc2.elperuano.pe/EpPo/DescargaINDA.asp?Referencias=NDNMSExITEhMSExIVU5ZQlRNTEhZQkxIOVdfX1VOTEhYQ1lCWVhMSExI,20240531
20240522,2290903-1,PRODUCE,RESOLUCION MINISTERIAL,No 000212-2024-PRODUCE,Autorizan viaje de servidoras del CITEacuicola Pesquero Ahuashiyacu del Instituto Tecnologico de la Produccion a Brasil en comision de servicios,https://epdoc2.elperuano.pe/EpPo/DescargaINDA.asp?Referencias=NDNMSExITEhMSExIVU5ZQlRNTEhZQkxIOVdfX1M4WUJZWFlCWVhMSExI,20240531
20240522,2290857-2,RELACIONES EXTERIORES,DECRETO SUPREMO,No 019-2024-RE,Decreto Supremo que modifica el Anexo B: Cuotas Internacionales para el Ano Fiscal 2024 de la Ley No 31953 que aprueba el Presupuesto del Sector Publico para el Ano Fiscal 2024,https://epdoc2.elperuano.pe/EpPo/DescargaINDA.asp?Referencias=NDNMSExITEhMSExIVU5ZQlRNTEhZQkxITEhfX1dWVU5YQ1lCWVhMSExI,20240531
20240522,2290857-3,RELACIONES EXTERIORES,DECRETO SUPREMO,No 020-2024-RE,Decreto Supremo que ratifica el Acuerdo por Intercambio de Comunicaciones entre la Republica del Peru y la Comision Ballenera Internacional relativo a la realizacion de la Sexagesima Novena Reunion Bienal de la Comision Ballenera Internacional,https://epdoc2.elperuano.pe/EpPo/DescargaINDA.asp?Referencias=NDNMSExITEhMSExIVU5ZQlRNTEhZQkxIUzhfX1dWVU5YQ1lCWVhMSExI,20240531
20240522,2291287-1,RELACIONES EXTERIORES,FE DE ERRATA,D.S. No 015-2024-RE,FE DE ERRATA,https://epdoc2.elperuano.pe/EpPo/DescargaINDA.asp?Referencias=NDNMSExITEhMSExIVU5ZQlRNTEhZQkxIOVdfX1dWWENMSDlXWVhMSExI,20240531
20240522,2290857-5,RELACIONES EXTERIORES,RESOLUCION SUPREMA,No 103-2024-RE,Pasan a la situacion de retiro a Embajadora en el Servicio Diplomatico de la Republica,https://epdoc2.elperuano.pe/EpPo/DescargaINDA.asp?Referencias=NDNMSExITEhMSExIVU5ZQlRNTEhZQkxIVU5fX1dWVU5YQ1lCWVhMSExI,20240531
20240522,2290857-6,RELACIONES EXTERIORES,RESOLUCION SUPREMA,No 104-2024-RE,Dan por terminadas funciones de Embajador Extraordinario y Plenipotenciario del Peru en la Republica de Austria y como Representante Permanente del Peru ante organismos internacionales cuya sede se encuentra en la ciudad de Viena: la Oficina de las Naciones Unidas en Viena (UNOV) el Organismo Internacional de Energia Atomica (OIEA) la Organizacion de las Naciones Unidas para el Desarrollo Industrial (ONUDI) y la Comision Preparatoria de la Organizacion para la Prohibicion Completa de Ensayos Nucleares (CTBTO),https://epdoc2.elperuano.pe/EpPo/DescargaINDA.asp?Referencias=NDNMSExITEhMSExIVU5ZQlRNTEhZQkxIVkJfX1dWVU5YQ1lCWVhMSExI,20240531
20240522,2290414-1,SALUD,RESOLUCION,No D000137-2024-SG-MINSA,Aprueban el Presupuesto Analitico de Personal de la Administracion Central del Ministerio de Salud correspondiente al ano 2024,https://epdoc2.elperuano.pe/EpPo/DescargaINDA.asp?Referencias=NDNMSExITEhMSExIVU5ZQlRNTEhZQkxIOVdfX1RNOVdUTVlCWVhMSExI,20240531
20240522,2291261-1,SALUD,RESOLUCION MINISTERIAL,No 359-2024/MINSA,Designan Director General de la Direccion General de Gestion del Riesgo de Desastres y Defensa Nacional en Salud,https://epdoc2.elperuano.pe/EpPo/DescargaINDA.asp?Referencias=NDNMSExITEhMSExIVU5ZQlRNTEhZQkxIOVdfXzlXVkJMSDlXWVhMSExI,20240531
20240522,2289165-1,TRANSPORTES Y COMUNICACIONES,RESOLUCION MINISTERIAL,No 237-2024-MTC/01.02,Aprueban ejecucion de expropiacion de areas afectadas de inmuebles para la ejecucion de la obra: Autopista del Sol (Trujillo - Chiclayo - Piura - Sullana),https://epdoc2.elperuano.pe/EpPo/DescargaINDA.asp?Referencias=NDNMSExITEhMSExIVU5ZQlRNTEhZQkxIOVdfX1VOVkI5V1lYWENMSExI,20240531
20240522,2289355-1,TRANSPORTES Y COMUNICACIONES,RESOLUCION MINISTERIAL,No 236-2024-MTC/01.02,Autorizan viaje de inspectores de la Direccion General de Aeronautica Civil a Chile en comision de servicios,https://epdoc2.elperuano.pe/EpPo/DescargaINDA.asp?Referencias=NDNMSExITEhMSExIVU5ZQlRNTEhZQkxIOVdfX1VOVU5TOFlYWENMSExI,20240531
20240522,2290178-1,TRANSPORTES Y COMUNICACIONES,RESOLUCION MINISTERIAL,No 253-2024-MTC/01.03,Otorgan a la empresa INNOVATEC FLASH E.I.R.L. Concesion unica para la prestacion de servicios publicos de telecomunicaciones en area que comprende todo el territorio de la Republica,https://epdoc2.elperuano.pe/EpPo/DescargaINDA.asp?Referencias=NDNMSExITEhMSExIVU5ZQlRNTEhZQkxIOVdfX1hDV1Y5V1lCWVhMSExI,20240531
20240522,2290186-1,TRANSPORTES Y COMUNICACIONES,RESOLUCION MINISTERIAL,No 254-2024-MTC/01.03,Otorgan a la empresa MILENIO TV S.A.C. Concesion unica para la prestacion de servicios publicos de telecomunicaciones en area que comprende todo el territorio de la Republica,https://epdoc2.elperuano.pe/EpPo/DescargaINDA.asp?Referencias=NDNMSExITEhMSExIVU5ZQlRNTEhZQkxIOVdfX1ZCWEM5V1lCWVhMSExI,20240531
20240522,2290430-1,VIVIENDA  CONSTRUCCIoN Y SANEAMIENTO,RESOLUCION VICE MINISTERIAL,No 07-2024-VIVIENDA/VMCS,Designan Director Titular y Director Suplente en el Directorio de la Empresa Prestadora de Servicios de Saneamiento Publica de Accionariado Municipal Sedacusco S.A. - EPS SEDACUSCO S.A. propuestos por el Gobierno Regional de Cusco,https://epdoc2.elperuano.pe/EpPo/DescargaINDA.asp?Referencias=NDNMSExITEhMSExIVU5ZQlRNTEhZQkxIOVdfX1lCUzhUTVlCWVhMSExI,20240531
20240522,2290002-1,AGENCIA PERUANA DE COOPERACION INTERNACIONAL,RESOLUCION DIRECTORAL,No 068-2024/APCI-DE,Encargan temporalmente la Direccion de Politicas y Programas de la Agencia Peruana de Cooperacion Internacional - APCI,https://epdoc2.elperuano.pe/EpPo/DescargaINDA.asp?Referencias=NDNMSExITEhMSExIVU5ZQlRNTEhZQkxIOVdfX0xIWUJZQllCWVhMSExI,20240531
20240522,2290705-1,BIBLIOTECA NACIONAL DEL PERU,RESOLUCION JEFATURAL,No 000051-2024-BNP,Aprueban la Directiva denominada Disposiciones para la emision de la constancia de produccion de libros y/o productos editoriales afines,https://epdoc2.elperuano.pe/EpPo/DescargaINDA.asp?Referencias=NDNMSExITEhMSExIVU5ZQlRNTEhZQkxIOVdfX1VOWUJXVllCWVhMSExI,20240531
20240522,2291173-1,SIERRA Y SELVA EXPORTADORA,RESOLUCION,No 032-2024-MIDAGRI-SSE/PE,Designan Jefe de la Oficina de Administracion de Sierra y Selva Exportadora,https://epdoc2.elperuano.pe/EpPo/DescargaINDA.asp?Referencias=NDNMSExITEhMSExIVU5ZQlRNTEhZQkxIOVdfX1M4V1Y5VzlXWVhMSExI,20240531
20240522,2290160-1,INSTITUTO NACIONAL DE DEFENSA DE LA COMPETENCIA Y DE LA PROTECCION DE LA PROPIEDAD INTELECTUAL,RESOLUCION,No 0005-2023/CEB-INDECOPI-CUS,Declaran barrera burocratica ilegal lo dispuesto en el Procedimiento No 166 del TUPA aprobado mediante la Ordenanza Municipal No 013-2021-MPA/A de la Municipalidad Provincial de Acomayo,https://epdoc2.elperuano.pe/EpPo/DescargaINDA.asp?Referencias=NDNMSExITEhMSExIVU5ZQlRNTEhZQkxIOVdfX1lCVkI5V1lCWVhMSExI,20240531
20240522,2290161-1,INSTITUTO NACIONAL DE DEFENSA DE LA COMPETENCIA Y DE LA PROTECCION DE LA PROPIEDAD INTELECTUAL,RESOLUCION,No 0008-2023/CEB-INDECOPI-CUS,Declaran barrera burocratica ilegal lo dispuesto en el Procedimiento con codigo No PA9280216E del TUPA de la Municipalidad Provincial de Espinar aprobado mediante Ordenanza Municipal No 008-2022-CM-MPE/C,https://epdoc2.elperuano.pe/EpPo/DescargaINDA.asp?Referencias=NDNMSExITEhMSExIVU5ZQlRNTEhZQkxIOVdfXzlXVkI5V1lCWVhMSExI,20240531
20240522,2290217-1,INSTITUTO NACIONAL DE DEFENSA DE LA COMPETENCIA Y DE LA PROTECCION DE LA PROPIEDAD INTELECTUAL,RESOLUCION,No 0009-2023/CEB-INDECOPI-CUS,Declaran barrera burocratica ilegal lo dispuesto en el Procedimiento No 202 del TUPA aprobado mediante la Ordenanza Municipal No 015-2021-CM-MPCH de la Municipalidad Provincial de Chumbivilcas,https://epdoc2.elperuano.pe/EpPo/DescargaINDA.asp?Referencias=NDNMSExITEhMSExIVU5ZQlRNTEhZQkxIOVdfX1dWOVdMSFlCWVhMSExI,20240531
20240522,2290218-1,INSTITUTO NACIONAL DE DEFENSA DE LA COMPETENCIA Y DE LA PROTECCION DE LA PROPIEDAD INTELECTUAL,RESOLUCION,No 0011-2023/CEB-INDECOPI-CUS,Declaran barrera burocratica ilegal lo dispuesto en el Procedimiento No 43 del TUPA aprobado mediante la Ordenanza Municipal No 022-2018-GLPQ/U de la Municipalidad Provincial de Quispicanchi,https://epdoc2.elperuano.pe/EpPo/DescargaINDA.asp?Referencias=NDNMSExITEhMSExIVU5ZQlRNTEhZQkxIOVdfX1hDOVdMSFlCWVhMSExI,20240531
20240522,2290219-1,INSTITUTO NACIONAL DE DEFENSA DE LA COMPETENCIA Y DE LA PROTECCION DE LA PROPIEDAD INTELECTUAL,RESOLUCION,No 0992-2023/CEB-INDECOPI,Declaran barreras burocraticas ilegales diversas medidas contenidas en la Ordenanza No 297-MDC-A de la Municipalidad Distrital de Cieneguilla,https://epdoc2.elperuano.pe/EpPo/DescargaINDA.asp?Referencias=NDNMSExITEhMSExIVU5ZQlRNTEhZQkxIOVdfX1lYOVdMSFlCWVhMSExI,20240531
20240522,2290220-1,INSTITUTO NACIONAL DE DEFENSA DE LA COMPETENCIA Y DE LA PROTECCION DE LA PROPIEDAD INTELECTUAL,RESOLUCION,No 1010-2023/CEB-INDECOPI,Declaran barreras burocraticas ilegales diversas medidas contenidas en la Ordenanza No 267-2018-MDSB de la Municipalidad Distrital de San Bartolo,https://epdoc2.elperuano.pe/EpPo/DescargaINDA.asp?Referencias=NDNMSExITEhMSExIVU5ZQlRNTEhZQkxIOVdfX1lCTEhMSFlCWVhMSExI,20240531
20240522,2290678-1,INSTITUTO NACIONAL DE ESTADISTICA E INFORMATICA,RESOLUCION JEFATURAL,No 125-2024-INEI,Autorizan ejecucion de la Encuesta Nacional Agropecuaria 2024,https://epdoc2.elperuano.pe/EpPo/DescargaINDA.asp?Referencias=NDNMSExITEhMSExIVU5ZQlRNTEhZQkxIOVdfX1hDV1ZWQllCWVhMSExI,20240531
20240522,2290681-1,INSTITUTO NACIONAL DE ESTADISTICA E INFORMATICA,RESOLUCION JEFATURAL,No 129-2024-INEI,Rectifican error material contenido en la R.J. No 097-2024-INEI que autorizo transferencia financiera a favor de la Contraloria General de la Republica,https://epdoc2.elperuano.pe/EpPo/DescargaINDA.asp?Referencias=NDNMSExITEhMSExIVU5ZQlRNTEhZQkxIOVdfXzlXWENWQllCWVhMSExI,20240531
20240522,2291072-1,ORGANISMO DE EVALUACION Y FISCALIZACION AMBIENTAL,RESOLUCION,No 00056-2024-OEFA/GEG,Formalizan designacion de Auxiliar Coactivo del OEFA,https://epdoc2.elperuano.pe/EpPo/DescargaINDA.asp?Referencias=NDNMSExITEhMSExIVU5ZQlRNTEhZQkxIOVdfX0xIV1ZZQjlXWVhMSExI,20240531
20240522,2290867-1,ORGANISMO TeCNICO DE LA ADMINISTRACIoN DE LOS SERVICIOS DE SANEAMIENTO,RESOLUCION DIRECTORAL,No 000049-2024-OTASS-DE,Designan Gerente General de la Unidad Ejecutora 002 Servicios de Saneamiento Tumbes del OTASS,https://epdoc2.elperuano.pe/EpPo/DescargaINDA.asp?Referencias=NDNMSExITEhMSExIVU5ZQlRNTEhZQkxIOVdfX1dWVkJYQ1lCWVhMSExI,20240531
20240522,2290388-1,SERVICIO NACIONAL DE AREAS NATURALES PROTEGIDAS POR EL ESTADO,RESOLUCION DIRECTORAL,No 000011-2024-SERNANP/DDE-SGD,Modifican relacion de las areas Naturales Protegidas aptas para iniciar el proceso de elaboracion o actualizacion de sus respectivos Planes Maestros en el ano 2024 incorporando a la Reserva Nacional Mar Tropical de Grau,https://epdoc2.elperuano.pe/EpPo/DescargaINDA.asp?Referencias=NDNMSExITEhMSExIVU5ZQlRNTEhZQkxIOVdfX1hDWENTOFlCWVhMSExI,20240531
20240522,2291030-1,SUPERINTENDENCIA NACIONAL DE EDUCACION SUPERIOR UNIVERSITARIA,RESOLUCION,No 032-2024-SUNEDU,Aprueban el Texto Integrado del Reglamento de Organizacion y Funciones de la Superintendencia Nacional de Educacion Superior Universitaria (SUNEDU),https://epdoc2.elperuano.pe/EpPo/DescargaINDA.asp?Referencias=NDNMSExITEhMSExIVU5ZQlRNTEhZQkxIOVdfX1lCUzhZQjlXWVhMSExI,20240531
20240522,2290504-1,CORTES SUPERIORES DE JUSTICIA,RESOLUCION ADMINISTRATIVA,No 000378-2024-P-CSJLI-PJ,Incorporan abogados en la Nomina de Curadores Procesales de la Corte Superior de Justicia de Lima - periodo 2024 aprobada mediante Resolucion Administrativa No 000289-2024-P-CSJLI- PJ,https://epdoc2.elperuano.pe/EpPo/DescargaINDA.asp?Referencias=NDNMSExITEhMSExIVU5ZQlRNTEhZQkxIOVdfX1RNWUJVTllCWVhMSExI,20240531
20240522,2290653-1,CONTRALORIA GENERAL DE LA REPUBLICA,RESOLUCION,No 261-2024-CG,Dan por terminada designacion de Jefe del organo de Control Institucional de la Municipalidad Distrital de Jesus Maria,https://epdoc2.elperuano.pe/EpPo/DescargaINDA.asp?Referencias=NDNMSExITEhMSExIVU5ZQlRNTEhZQkxIOVdfX1M4VU5WQllCWVhMSExI,20240531
20240522,2290667-1,CONTRALORIA GENERAL DE LA REPUBLICA,RESOLUCION,No 262-2024-CG,Designan Jefa del organo de Control Institucional de la Municipalidad Distrital de Jesus Maria,https://epdoc2.elperuano.pe/EpPo/DescargaINDA.asp?Referencias=NDNMSExITEhMSExIVU5ZQlRNTEhZQkxIOVdfX1dWVkJWQllCWVhMSExI,20240531
20240522,2290671-1,CONTRALORIA GENERAL DE LA REPUBLICA,RESOLUCION,No 263-2024-CG,Designan Jefa del organo de Control Institucional de la Comision de Promocion del Peru para la Exportacion y el Turismo - PROMPERu,https://epdoc2.elperuano.pe/EpPo/DescargaINDA.asp?Referencias=NDNMSExITEhMSExIVU5ZQlRNTEhZQkxIOVdfXzlXV1ZWQllCWVhMSExI,20240531
20240522,2288342-1,INSTITUCIONES EDUCATIVAS,ACUERDO,R- 683-2024-UNSAAC,Declaran en comision de servicio a Rector de la Universidad Nacional de San Antonio Abad del Cusco para que participe en evento a realizarse en Espana,https://epdoc2.elperuano.pe/EpPo/DescargaINDA.asp?Referencias=NDNMSExITEhMSExIVU5ZQlRNTEhZQkxIOVdfX0xIVE1TOFhDWENMSExI,20240531
20240522,2289324-1,INSTITUCIONES EDUCATIVAS,RESOLUCION,No 334-2024-UNAM/CO,Aprueban modificacion del Reglamento de Organizacion y Funciones (ROF) de la Universidad Nacional de Moquegua,https://epdoc2.elperuano.pe/EpPo/DescargaINDA.asp?Referencias=NDNMSExITEhMSExIVU5ZQlRNTEhZQkxIOVdfX1RNTEhTOFlYWENMSExI,20240531
20240522,2290569-1,INSTITUCIONES EDUCATIVAS,RESOLUCION,No 437-2024-UNTRM/CU,Autorizan viaje de docente investigador de la Universidad Nacional Toribio Rodriguez de Mendoza de Amazonas a Suecia y Dinamarca en comision de servicios,https://epdoc2.elperuano.pe/EpPo/DescargaINDA.asp?Referencias=NDNMSExITEhMSExIVU5ZQlRNTEhZQkxIOVdfX1lYVkJVTllCWVhMSExI,20240531
20240522,2290571-1,INSTITUCIONES EDUCATIVAS,RESOLUCION,No 438-2024-UNTRM/CU,Autorizan viaje de Responsable Tecnico y Docente del Programa Doctorado en Ciencias para el Desarrollo Sustentable de la Universidad Nacional Toribio Rodriguez de Mendoza de Amazonas a Suecia y Dinamarca en comision de servicios,https://epdoc2.elperuano.pe/EpPo/DescargaINDA.asp?Referencias=NDNMSExITEhMSExIVU5ZQlRNTEhZQkxIOVdfXzlXV1ZVTllCWVhMSExI,20240531
20240522,2290445-1,JURADO NACIONAL DE ELECCIONES,RESOLUCION,No 0135-2024-JNE,Requieren a alcalde de la Municipalidad Distrital de Cheto provincia de Chachapoyas departamento de Amazonas para que convoque a nueva sesion extraordinaria de concejo en la que se dilucide y resuelva la vacancia seguida en contra de regidora,https://epdoc2.elperuano.pe/EpPo/DescargaINDA.asp?Referencias=NDNMSExITEhMSExIVU5ZQlRNTEhZQkxIOVdfX1VOVE1UTVlCWVhMSExI,20240531
20240522,2290446-1,JURADO NACIONAL DE ELECCIONES,RESOLUCION,No 0138-2024-JNE,Requieren a alcalde de la Municipalidad Distrital de Chocos provincia de Yauyos departamento de Lima para que convoque a nueva sesion extraordinaria de concejo en la que se dilucide y resuelva la vacancia seguida en contra de regidora,https://epdoc2.elperuano.pe/EpPo/DescargaINDA.asp?Referencias=NDNMSExITEhMSExIVU5ZQlRNTEhZQkxIOVdfX1ZCVE1UTVlCWVhMSExI,20240531
20240522,2290449-1,JURADO NACIONAL DE ELECCIONES,RESOLUCION,No 0139-2024-JNE,Requieren a alcalde de la Municipalidad Distrital de Santo Domingo de los Olleros provincia de Huarochiri departamento de Lima para que convoque a nueva sesion extraordinaria de concejo en la que se dilucide y resuelva la vacancia seguida en contra de regidora,https://epdoc2.elperuano.pe/EpPo/DescargaINDA.asp?Referencias=NDNMSExITEhMSExIVU5ZQlRNTEhZQkxIOVdfX1lYVE1UTVlCWVhMSExI,20240531
20240522,2290452-1,JURADO NACIONAL DE ELECCIONES,RESOLUCION,No 0140-2024-JNE,Declaran nulo lo actuado hasta el acto de la notificacion dirigida a regidor del Acuerdo de Concejo No 074-2023-CM-MDQ/C-C del Concejo Distrital de Quehue provincia de Canas departamento de Cusco que aprobo su suspension en el cargo,https://epdoc2.elperuano.pe/EpPo/DescargaINDA.asp?Referencias=NDNMSExITEhMSExIVU5ZQlRNTEhZQkxIOVdfX0xIVU5UTVlCWVhMSExI,20240531
20240522,2290721-1,MINISTERIO PUBLICO,RESOLUCION,No 1195-2024-MP-FN,Aceptan renuncia de fiscal adjunta provincial provisional del Distrito Fiscal de Lima Este,https://epdoc2.elperuano.pe/EpPo/DescargaINDA.asp?Referencias=NDNMSExITEhMSExIVU5ZQlRNTEhZQkxIOVdfXzlXTEhXVllCWVhMSExI,20240531
20240522,2290725-1,MINISTERIO PUBLICO,RESOLUCION,No 1196-2024-MP-FN,Aceptan renuncia de fiscal adjunto provincial provisional del Distrito Fiscal de Lima Centro,https://epdoc2.elperuano.pe/EpPo/DescargaINDA.asp?Referencias=NDNMSExITEhMSExIVU5ZQlRNTEhZQkxIOVdfX1VOTEhXVllCWVhMSExI,20240531
20240522,2290726-1,MINISTERIO PUBLICO,RESOLUCION,No 1197-2024-MP-FN,Aceptan renuncia de fiscal adjunto provincial provisional del Distrito Fiscal de Madre de Dios,https://epdoc2.elperuano.pe/EpPo/DescargaINDA.asp?Referencias=NDNMSExITEhMSExIVU5ZQlRNTEhZQkxIOVdfX1ZCTEhXVllCWVhMSExI,20240531
20240522,2290727-1,MINISTERIO PUBLICO,RESOLUCION,No 1198-2024-MP-FN,Aceptan renuncia de fiscal adjunta provincial provisional del Distrito Fiscal de Loreto,https://epdoc2.elperuano.pe/EpPo/DescargaINDA.asp?Referencias=NDNMSExITEhMSExIVU5ZQlRNTEhZQkxIOVdfX1dWTEhXVllCWVhMSExI,20240531
20240522,2290731-1,MINISTERIO PUBLICO,RESOLUCION,No 1199-2024-MP-FN,Aceptan renuncia de fiscal adjunto provincial provisional transitorio del Distrito Fiscal de Arequipa,https://epdoc2.elperuano.pe/EpPo/DescargaINDA.asp?Referencias=NDNMSExITEhMSExIVU5ZQlRNTEhZQkxIOVdfXzlXUzhXVllCWVhMSExI,20240531
20240522,2290732-1,MINISTERIO PUBLICO,RESOLUCION,No 1200-2024-MP-FN,Aceptan renuncia de fiscal adjunto provincial provisional del Distrito Fiscal de Lima Noroeste,https://epdoc2.elperuano.pe/EpPo/DescargaINDA.asp?Referencias=NDNMSExITEhMSExIVU5ZQlRNTEhZQkxIOVdfX0xIUzhXVllCWVhMSExI,20240531
20240522,2290734-1,MINISTERIO PUBLICO,RESOLUCION,No 1201-2024-MP-FN,Aceptan renuncia de fiscal adjunto provincial provisional del Distrito Fiscal de Lima Centro,https://epdoc2.elperuano.pe/EpPo/DescargaINDA.asp?Referencias=NDNMSExITEhMSExIVU5ZQlRNTEhZQkxIOVdfX1RNUzhXVllCWVhMSExI,20240531
20240522,2290735-1,MINISTERIO PUBLICO,RESOLUCION,No 1202-2024-MP-FN,Aceptan renuncia de fiscal adjunta provincial provisional del Distrito Fiscal de Lima Centro,https://epdoc2.elperuano.pe/EpPo/DescargaINDA.asp?Referencias=NDNMSExITEhMSExIVU5ZQlRNTEhZQkxIOVdfX1VOUzhXVllCWVhMSExI,20240531
20240522,2290737-1,MINISTERIO PUBLICO,RESOLUCION,No 1203-2024-MP-FN,Aceptan renuncia de fiscal adjunta provincial provisional del Distrito Fiscal de Arequipa,https://epdoc2.elperuano.pe/EpPo/DescargaINDA.asp?Referencias=NDNMSExITEhMSExIVU5ZQlRNTEhZQkxIOVdfX1dWUzhXVllCWVhMSExI,20240531
20240522,2290741-1,MINISTERIO PUBLICO,RESOLUCION,No 1204-2024-MP-FN,Aceptan renuncia de fiscal adjunta provincial provisional del Distrito Fiscal de Pasco,https://epdoc2.elperuano.pe/EpPo/DescargaINDA.asp?Referencias=NDNMSExITEhMSExIVU5ZQlRNTEhZQkxIOVdfXzlXVE1XVllCWVhMSExI,20240531
20240522,2290743-1,MINISTERIO PUBLICO,RESOLUCION,No 1205-2024-MP-FN,Aceptan renuncia de fiscal adjunto provincial provisional del Distrito Fiscal de Apurimac,https://epdoc2.elperuano.pe/EpPo/DescargaINDA.asp?Referencias=NDNMSExITEhMSExIVU5ZQlRNTEhZQkxIOVdfX1M4VE1XVllCWVhMSExI,20240531
20240522,2290744-1,MINISTERIO PUBLICO,RESOLUCION,No 1206-2024-MP-FN,Aceptan renuncia de fiscal adjunta provincial provisional transitoria del Distrito Fiscal de Lima Centro,https://epdoc2.elperuano.pe/EpPo/DescargaINDA.asp?Referencias=NDNMSExITEhMSExIVU5ZQlRNTEhZQkxIOVdfX1RNVE1XVllCWVhMSExI,20240531
20240522,2290745-1,MINISTERIO PUBLICO,RESOLUCION,No 1207-2024-MP-FN,Aceptan renuncia de fiscal adjunta provincial provisional del Distrito Fiscal de la Selva Central,https://epdoc2.elperuano.pe/EpPo/DescargaINDA.asp?Referencias=NDNMSExITEhMSExIVU5ZQlRNTEhZQkxIOVdfX1VOVE1XVllCWVhMSExI,20240531
20240522,2290747-1,MINISTERIO PUBLICO,RESOLUCION,No 1208-2024-MP-FN,Aceptan renuncia de fiscal adjunto provincial provisional transitorio del Distrito Fiscal de Huanuco,https://epdoc2.elperuano.pe/EpPo/DescargaINDA.asp?Referencias=NDNMSExITEhMSExIVU5ZQlRNTEhZQkxIOVdfX1dWVE1XVllCWVhMSExI,20240531
20240522,2290749-1,MINISTERIO PUBLICO,RESOLUCION,No 1209-2024-MP-FN,Aceptan renuncia de fiscal adjunta provincial provisional del Distrito Fiscal de Junin,https://epdoc2.elperuano.pe/EpPo/DescargaINDA.asp?Referencias=NDNMSExITEhMSExIVU5ZQlRNTEhZQkxIOVdfX1lYVE1XVllCWVhMSExI,20240531
20240522,2290750-1,MINISTERIO PUBLICO,RESOLUCION,No 1210-2024-MP-FN,Aceptan renuncia de fiscal adjunta provincial provisional del Distrito Fiscal de Lima Este,https://epdoc2.elperuano.pe/EpPo/DescargaINDA.asp?Referencias=NDNMSExITEhMSExIVU5ZQlRNTEhZQkxIOVdfX1lCVU5XVllCWVhMSExI,20240531
20240522,2290756-1,MINISTERIO PUBLICO,RESOLUCION,No 1211-2024-MP-FN,Aceptan renuncia de fiscal adjunto provincial provisional transitorio del Distrito Fiscal de Huanuco,https://epdoc2.elperuano.pe/EpPo/DescargaINDA.asp?Referencias=NDNMSExITEhMSExIVU5ZQlRNTEhZQkxIOVdfX1ZCVU5XVllCWVhMSExI,20240531
20240522,2290758-1,MINISTERIO PUBLICO,RESOLUCION,No 1212-2024-MP-FN,Aceptan renuncia de fiscal provincial provisional del Distrito Fiscal de Junin,https://epdoc2.elperuano.pe/EpPo/DescargaINDA.asp?Referencias=NDNMSExITEhMSExIVU5ZQlRNTEhZQkxIOVdfX1hDVU5XVllCWVhMSExI,20240531
20240522,2290762-1,MINISTERIO PUBLICO,RESOLUCION,No 1213-2024-MP-FN,Aceptan renuncia de fiscal adjunta provincial provisional transitoria del Distrito Fiscal de Lima Centro,https://epdoc2.elperuano.pe/EpPo/DescargaINDA.asp?Referencias=NDNMSExITEhMSExIVU5ZQlRNTEhZQkxIOVdfX0xIVkJXVllCWVhMSExI,20240531
20240522,2290765-1,MINISTERIO PUBLICO,RESOLUCION,No 1214 -2024-MP-FN,Aceptan renuncia de fiscal adjunta provincial provisional del Distrito Fiscal de Lima Centro,https://epdoc2.elperuano.pe/EpPo/DescargaINDA.asp?Referencias=NDNMSExITEhMSExIVU5ZQlRNTEhZQkxIOVdfX1VOVkJXVllCWVhMSExI,20240531
20240522,2290766-1,MINISTERIO PUBLICO,RESOLUCION,No 1215-2024-MP-FN,Aceptan renuncia de fiscal adjunta provincial provisional del Distrito Fiscal de Lima Centro,https://epdoc2.elperuano.pe/EpPo/DescargaINDA.asp?Referencias=NDNMSExITEhMSExIVU5ZQlRNTEhZQkxIOVdfX1ZCVkJXVllCWVhMSExI,20240531
20240522,2290767-1,MINISTERIO PUBLICO,RESOLUCION,No 1216-2024-MP-FN,Nombran fiscal adjunto superior provisional del Distrito Fiscal de Lima Norte y fiscal provincial provisional transitoria del Distrito Fiscal de Lima Centro,https://epdoc2.elperuano.pe/EpPo/DescargaINDA.asp?Referencias=NDNMSExITEhMSExIVU5ZQlRNTEhZQkxIOVdfX1dWVkJXVllCWVhMSExI,20240531
20240522,2290768-1,MINISTERIO PUBLICO,RESOLUCION,No 1217-2024-MP-FN,Nombran fiscal adjunto provincial provisional del Distrito Fiscal de Lima Este,https://epdoc2.elperuano.pe/EpPo/DescargaINDA.asp?Referencias=NDNMSExITEhMSExIVU5ZQlRNTEhZQkxIOVdfX1hDVkJXVllCWVhMSExI,20240531
20240522,2290769-1,MINISTERIO PUBLICO,RESOLUCION,No 1218-2024-MP-FN,Nombran fiscal adjunta provincial provisional transitoria del Distrito Fiscal de Huanuco,https://epdoc2.elperuano.pe/EpPo/DescargaINDA.asp?Referencias=NDNMSExITEhMSExIVU5ZQlRNTEhZQkxIOVdfX1lYVkJXVllCWVhMSExI,20240531
20240522,2290772-1,MINISTERIO PUBLICO,RESOLUCION,No 1219-2024-MP-FN,Nombran fiscal adjunta provincial provisional del Distrito Fiscal de Lambayeque,https://epdoc2.elperuano.pe/EpPo/DescargaINDA.asp?Referencias=NDNMSExITEhMSExIVU5ZQlRNTEhZQkxIOVdfX0xIV1ZXVllCWVhMSExI,20240531
20240522,2290774-1,MINISTERIO PUBLICO,RESOLUCION,No 1220-2024-MP-FN,Nombran fiscal adjunto provincial provisional del Distrito Fiscal de Lima Sur,https://epdoc2.elperuano.pe/EpPo/DescargaINDA.asp?Referencias=NDNMSExITEhMSExIVU5ZQlRNTEhZQkxIOVdfX1RNV1ZXVllCWVhMSExI,20240531
20240522,2290775-1,MINISTERIO PUBLICO,RESOLUCION,No 1221-2024-MP-FN,Nombran fiscal adjunta provincial provisional del Distrito Fiscal de ancash,https://epdoc2.elperuano.pe/EpPo/DescargaINDA.asp?Referencias=NDNMSExITEhMSExIVU5ZQlRNTEhZQkxIOVdfX1VOV1ZXVllCWVhMSExI,20240531
20240522,2290778-1,MINISTERIO PUBLICO,RESOLUCION,No 1222-2024-MP-FN,Nombran fiscal adjunto provincial provisional del Distrito Fiscal de Pasco,https://epdoc2.elperuano.pe/EpPo/DescargaINDA.asp?Referencias=NDNMSExITEhMSExIVU5ZQlRNTEhZQkxIOVdfX1hDV1ZXVllCWVhMSExI,20240531
20240522,2290779-1,MINISTERIO PUBLICO,RESOLUCION,No 1223-2024-MP-FN,Nombran fiscal adjunta provincial provisional del Distrito Fiscal de Piura,https://epdoc2.elperuano.pe/EpPo/DescargaINDA.asp?Referencias=NDNMSExITEhMSExIVU5ZQlRNTEhZQkxIOVdfX1lYV1ZXVllCWVhMSExI,20240531
20240522,2290781-1,MINISTERIO PUBLICO,RESOLUCION,No 1224-2024-MP-FN,Nombran fiscal adjunta provincial provisional del Distrito Fiscal de Lima Este,https://epdoc2.elperuano.pe/EpPo/DescargaINDA.asp?Referencias=NDNMSExITEhMSExIVU5ZQlRNTEhZQkxIOVdfXzlXWENXVllCWVhMSExI,20240531
20240522,2290625-1,GOBIERNO REGIONAL DE AREQUIPA,RESOLUCION,No 207-2024-GRA/GR,Crean la Unidad Funcional de Gestion de Proyectos - UFGP,https://epdoc2.elperuano.pe/EpPo/DescargaINDA.asp?Referencias=NDNMSExITEhMSExIVU5ZQlRNTEhZQkxIOVdfX1VOTEhWQllCWVhMSExI,20240531
20240522,2277783-1,GOBIERNO REGIONAL DEL CUSCO,ORDENANZA,No 245-2023-CR/GRC,Ordenanza Regional que aprueba la creacion e Instalacion del Comite Consultivo Regional de Turismo de la Region Cusco - CCRT REGIoN CUSCO.,https://epdoc2.elperuano.pe/EpPo/DescargaINDA.asp?Referencias=NDNMSExITEhMSExIVU5ZQlRNTEhZQkxIOVdfX1M4WENXVldWV1ZMSExI,20240531
20240522,2281001-1,GOBIERNO REGIONAL DE HUANCAVELICA,ACUERDO,No 069-2024-GOB.REG.HVCA/CR,Aprueban la reduccion del marco presupuestal de la Unidad Ejecutora No 001 Sede Central del Gobierno Regional de Huancavelica,https://epdoc2.elperuano.pe/EpPo/DescargaINDA.asp?Referencias=NDNMSExITEhMSExIVU5ZQlRNTEhZQkxIOVdfXzlXWUJZQjlXWENMSExI,20240531
20240522,2280935-1,GOBIERNO REGIONAL DE HUANCAVELICA,ORDENANZA,No 518-GOB.REG-HVCA/CR,Aprueban bonificacion en concursos publicos de seleccion de personal del Gobierno Regional de Huancavelica y la insercion laboral en programas proyectos con manos de obras no calificadas a favor de las victimas y/o afectados de la violencia politica,https://epdoc2.elperuano.pe/EpPo/DescargaINDA.asp?Referencias=NDNMSExITEhMSExIVU5ZQlRNTEhZQkxIOVdfX1VOUzhZWFlCWENMSExI,20240531
20240522,2281092-1,GOBIERNO REGIONAL DE JUNIN,ACUERDO,No 084-2024-GRJ/CR,Aprueban autorizacion de transferencia financiera a favor de la Contraloria General de la Republica,https://epdoc2.elperuano.pe/EpPo/DescargaINDA.asp?Referencias=NDNMSExITEhMSExIVU5ZQlRNTEhZQkxIOVdfX0xIWVhZQjlXWENMSExI,20240531
20240522,2290250-1,MUNICIPALIDAD METROPOLITANA DE LIMA,ACUERDO,No 188,Aprueban celebracion del Convenio de Administracion de Recursos para Proyectos de Infraestructura y el cierre de Brechas Economicas Sociales y Culturales en Lima Metropolitana y los distritos de la jurisdiccion,https://epdoc2.elperuano.pe/EpPo/DescargaINDA.asp?Referencias=NDNMSExITEhMSExIVU5ZQlRNTEhZQkxIOVdfX1lCVU5MSFlCWVhMSExI,20240531
20240522,2287280-1,MUNICIPALIDAD DE CHACLACAYO,DECRETO DE ALCALDIA,No 04-2024-ALC/MDCH,Convocan a la Audiencia Publica de Rendicion de Cuentas de la Municipalidad Distrital de Chaclacayo para el ano 2024,https://epdoc2.elperuano.pe/EpPo/DescargaINDA.asp?Referencias=NDNMSExITEhMSExIVU5ZQlRNTEhZQkxIOVdfX1lCWENMSFdWWENMSExI,20240531
20240522,2290578-1,MUNICIPALIDAD DE LINCE,DECRETO DE ALCALDIA,No 07-2024-MDL,Convocan a Audiencia Publica de Rendicion de Cuentas - I de la Municipalidad Distrital de Lince,https://epdoc2.elperuano.pe/EpPo/DescargaINDA.asp?Referencias=NDNMSExITEhMSExIVU5ZQlRNTEhZQkxIOVdfX1hDV1ZVTllCWVhMSExI,20240531
20240522,2289988-1,MUNICIPALIDAD DE SAN BARTOLO,Decretos de Alcaldia,No 003-2024-ALC-MDSB,Convocan a la Primera Audiencia Publica de Rendicion de Cuentas 2024 de la Municipalidad Distrital de San Bartolo,https://epdoc2.elperuano.pe/EpPo/DescargaINDA.asp?Referencias=NDNMSExITEhMSExIVU5ZQlRNTEhZQkxIOVdfX1hDWENZWFlYWENMSExI,20240531
20240522,2290837-1,MUNICIPALIDAD PROVINCIAL DEL CUSCO,ACUERDO,No 034-2024-MPC,Autorizan viaje de alcalde y regidor a Brasil en comision de servicios,https://epdoc2.elperuano.pe/EpPo/DescargaINDA.asp?Referencias=NDNMSExITEhMSExIVU5ZQlRNTEhZQkxIOVdfX1dWUzhYQ1lCWVhMSExI,20240531
20240522,2290399-1,MUNICIPALIDAD DE LA PERLA,Decretos de Alcaldia,No 03-2024-MDLP,Aprueban el Cronograma del Proceso de Presupuesto Participativo Basado en Resultados 2025,https://epdoc2.elperuano.pe/EpPo/DescargaINDA.asp?Referencias=NDNMSExITEhMSExIVU5ZQlRNTEhZQkxIOVdfX1lYWVhTOFlCWVhMSExI,20240531
20240522,2290036-1,MUNICIPALIDAD DE VENTANILLA,ORDENANZA,No 06-2024/MDV,Ordenanza que aprueba el Programa de Vivienda Ventanilla - PROVIVE y establece los procedimientos de Licencia de Edificacion - Modalidad A - para Vivienda Unifamiliar: En las modalidades de Construccion en Sitio Propio Mejoramiento de Vivienda  regula los procedimientos de Licencia de Edificacion - Modalidad B - para Vivienda Multifamiliar: AVN  Conformidad de Obra sin variaciones y Conformidad de Obra con variaciones vinculadas al programa TECHO PROPIO en el distrito de Ventanilla,https://epdoc2.elperuano.pe/EpPo/DescargaINDA.asp?Referencias=NDNMSExITEhMSExIVU5ZQlRNTEhZQkxIOVdfX1ZCUzhZQllCWVhMSExI,20240531
20240522,2290456-1,ORGANISMO SUPERVISOR DE LA INVERSIoN EN INFRAESTRUCTURA DE TRANSPORTE DE USO PuBLICO,Resolucion,No 0026-2024-PD-OSITRAN,Aprueban Informe y disponen la publicacion de Proyecto de resolucion que aprueba la propuesta de Revision del Factor de Productividad en el Terminal de Embarque de Concentrados de Minerales en el Terminal Portuario del Callao para el periodo 2024-2029,https://epdoc2.elperuano.pe/EpPo/DescargaINDA.asp?Referencias=NDNMSExITEhMSExIVU5ZQlRNTEhZQkxIOVdfX1ZCVU5UTVlCWVhMSExI,20240531
20240521,2290274-1,DESARROLLO AGRARIO Y RIEGO,RESOLUCION,No D000127-2024-MIDAGRI-SERFOR-DE,Designan Asesor de la Gerencia General del SERFOR,https://epdoc2.elperuano.pe/EpPo/DescargaINDA.asp?Referencias=NDM5VzlXOVc5V0xIVU5ZQlRNTEhZQkxIOVdfX1RNV1ZMSFlCWVhMSExI,20240531
20240521,2290372-1,DESARROLLO AGRARIO Y RIEGO,RESOLUCION DIRECTORAL,No 234-2024-MIDAGRI-DVDAFIR-AGRO RURAL-DE,Designan Jefe de la Unidad Zonal Ancash del Programa de Desarrollo Productivo Agrario Rural — AGRO RURAL,https://epdoc2.elperuano.pe/EpPo/DescargaINDA.asp?Referencias=NDM5VzlXOVc5V0xIVU5ZQlRNTEhZQkxIOVdfX0xIV1ZTOFlCWVhMSExI,20240531
20240521,2290328-1,DESARROLLO AGRARIO Y RIEGO,RESOLUCION MINISTERIAL,No 0183-2024-MIDAGRI,Designan Director Ejecutivo del Proyecto Especial de Desarrollo del Valle de los Rios Apurimac Ene y Mantaro - PROVRAEM,https://epdoc2.elperuano.pe/EpPo/DescargaINDA.asp?Referencias=NDM5VzlXOVc5V0xIVU5ZQlRNTEhZQkxIOVdfX1hDTEhTOFlCWVhMSExI,20240531
20240521,2290339-1,DESARROLLO AGRARIO Y RIEGO,RESOLUCION MINISTERIAL,No 0185-2024-MIDAGRI,Designan Director Ejecutivo del Proyecto Especial Sierra Centro Sur,https://epdoc2.elperuano.pe/EpPo/DescargaINDA.asp?Referencias=NDM5VzlXOVc5V0xIVU5ZQlRNTEhZQkxIOVdfX1lYUzhTOFlCWVhMSExI,20240531
20240521,2290239-1,ECONOMIA Y FINANZAS,COMUNICADO,No 005-2024-EF/52.01,CADUCIDAD O PRESCRIPCIoN DE BONOS EMITIDOS POR LA REPuBLICA DEL PERu,https://epdoc2.elperuano.pe/EpPo/DescargaINDA.asp?Referencias=NDM5VzlXOVc5V0xIVU5ZQlRNTEhZQkxIOVdfX1lYUzhMSFlCWVhMSExI,20240531
20240521,2290377-1,ECONOMIA Y FINANZAS,RESOLUCION DIRECTORAL,No 0023-2024-EF/50.01,Resolucion Directoral que modifica el Anexo A Fichas tecnicas de los indicadores de los compromisos del Programa de Incentivos a la Mejora de la Gestion Municipal (PI) Tramo I - 2024 aprobado con la Resolucion Directoral No 0006-2024-EF/50.01,https://epdoc2.elperuano.pe/EpPo/DescargaINDA.asp?Referencias=NDM5VzlXOVc5V0xIVU5ZQlRNTEhZQkxIOVdfX1dWV1ZTOFlCWVhMSExI,20240531
20240521,2290319-1,ECONOMIA Y FINANZAS,RESOLUCION MINISTERIAL,No 168-2024-EF/49,Designan Director de la Direccion de Calidad del Gasto Publico de la Direccion General de Presupuesto Publico,https://epdoc2.elperuano.pe/EpPo/DescargaINDA.asp?Referencias=NDM5VzlXOVc5V0xIVU5ZQlRNTEhZQkxIOVdfX1lYOVdTOFlCWVhMSExI,20240531
20240521,2290369-1,INTERIOR,RESOLUCION MINISTERIAL,No 0645-2024-IN,Designan Director General de la Defensoria del Policia,https://epdoc2.elperuano.pe/EpPo/DescargaINDA.asp?Referencias=NDM5VzlXOVc5V0xIVU5ZQlRNTEhZQkxIOVdfX1lYVkJTOFlCWVhMSExI,20240531
20240521,2290384-1,INTERIOR,RESOLUCION SUPREMA,No 095-2024-IN,Encargan el puesto de Viceministro del Despacho Viceministerial de Orden Interno,https://epdoc2.elperuano.pe/EpPo/DescargaINDA.asp?Referencias=NDM5VzlXOVc5V0xIVU5ZQlRNTEhZQkxIOVdfX1RNWENTOFlCWVhMSExI,20240531
20240521,2290337-1,MUJER Y POBLACIONES VULNERABLES,FE DE ERRATA,Res. No D000080-2024-CONADIS-PRE,FE DE ERRATA,https://epdoc2.elperuano.pe/EpPo/DescargaINDA.asp?Referencias=NDM5VzlXOVc5V0xIVU5ZQlRNTEhZQkxIOVdfX1dWUzhTOFlCWVhMSExI,20240531
20240521,2290273-1,MUJER Y POBLACIONES VULNERABLES,RESOLUCION MINISTERIAL,No 191-2024-MIMP,Designan Director General de la Oficina General de Recursos Humanos del Ministerio,https://epdoc2.elperuano.pe/EpPo/DescargaINDA.asp?Referencias=NDM5VzlXOVc5V0xIVU5ZQlRNTEhZQkxIOVdfX1M4V1ZMSFlCWVhMSExI,20240531
20240521,2290252-1,SALUD,RESOLUCION MINISTERIAL,No 352-2024/MINSA,Autorizan viaje de profesionales de la Direccion General de Medicamentos Insumos y Drogas a Argentina en comision de servicios,https://epdoc2.elperuano.pe/EpPo/DescargaINDA.asp?Referencias=NDM5VzlXOVc5V0xIVU5ZQlRNTEhZQkxIOVdfX0xIVU5MSFlCWVhMSExI,20240531
20240521,2290198-1,CENTRAL DE COMPRAS PuBLICAS,RESOLUCION JEFATURAL,No 000071-2024-PERu COMPRAS-JEFATURA,Designan Gerente General de la Central de Compras Publicas - PERu COMPRAS,https://epdoc2.elperuano.pe/EpPo/DescargaINDA.asp?Referencias=NDM5VzlXOVc5V0xIVU5ZQlRNTEhZQkxIOVdfX1hDWVg5V1lCWVhMSExI,20240531
20240521,2290356-1,COMISION NACIONAL PARA EL DESARROLLO Y VIDA SIN DROGAS,RESOLUCION,No 000103-2024-DV-PE,Autorizan transferencia financiera a favor de la Municipalidad Distrital de Uchuraccay para financiar actividad,https://epdoc2.elperuano.pe/EpPo/DescargaINDA.asp?Referencias=NDM5VzlXOVc5V0xIVU5ZQlRNTEhZQkxIOVdfX1ZCVU5TOFlCWVhMSExI,20240531
20240521,2290687-1,INSTITUTO NACIONAL DE DEFENSA CIVIL,RESOLUCION JEFATURAL,No 000076-2024-INDECI/JEF INDECI,Designan Coordinador del Centro de Operaciones de Emergencia Nacional (COEN) del Instituto Nacional de Defensa Civil - INDECI,https://epdoc2.elperuano.pe/EpPo/DescargaINDA.asp?Referencias=NDM5VzlXOVc5V0xIVU5ZQlRNTEhZQkxIOVdfX1dWWENWQllCWVhMSExI,20240531
20240521,2290022-1,INSTITUTO NACIONAL DE SALUD,RESOLUCION,No 096-2024-PE/INS,Modifican la Resolucion de Presidencia Ejecutiva No 001-2024-PE/INS que aprueba delegacion de facultades durante el Ano Fiscal 2024 a diversos organos del Instituto Nacional de Salud,https://epdoc2.elperuano.pe/EpPo/DescargaINDA.asp?Referencias=NDM5VzlXOVc5V0xIVU5ZQlRNTEhZQkxIOVdfX0xITEhZQllCWVhMSExI,20240531
20240521,2288977-1,INSTITUTO NACIONAL DE DEFENSA DE LA COMPETENCIA Y DE LA PROTECCION DE LA PROPIEDAD INTELECTUAL,RESOLUCION,No 000083-2024-GEG/INDECOPI,Designan jefa de la Oficina de Promocion y Difusion del INDECOPI,https://epdoc2.elperuano.pe/EpPo/DescargaINDA.asp?Referencias=NDM5VzlXOVc5V0xIVU5ZQlRNTEhZQkxIOVdfX1dWV1ZZWFhDWENMSExI,20240531
20240521,2290202-1,INSTITUTO NACIONAL DE DEFENSA DE LA COMPETENCIA Y DE LA PROTECCION DE LA PROPIEDAD INTELECTUAL,RESOLUCION,No 000086-2024-GEG/INDECOPI,Designan Asesora de la Presidencia Ejecutiva del INDECOPI,https://epdoc2.elperuano.pe/EpPo/DescargaINDA.asp?Referencias=NDM5VzlXOVc5V0xIVU5ZQlRNTEhZQkxIOVdfX0xIWUJMSFlCWVhMSExI,20240531
20240521,2290276-1,CONSEJO EJECUTIVO DEL PODER JUDICIAL,RESOLUCION ADMINISTRATIVA,No 000163-2024-CE-PJ,Aprueban la instalacion del aplicativo Boton de Panico para las victimas de procesos de Violencia contra la Mujer y los Integrantes del Grupo Familiar en los distritos de Ayabaca ciudad Montero Suyo y Paimas provincia de Ayabaca de la Corte Superior de Justicia de Sullana,https://epdoc2.elperuano.pe/EpPo/DescargaINDA.asp?Referencias=NDM5VzlXOVc5V0xIVU5ZQlRNTEhZQkxIOVdfX1ZCV1ZMSFlCWVhMSExI,20240531
20240521,2289987-1,CONTRALORIA GENERAL DE LA REPUBLICA,RESOLUCION,No 260-2024-CG,Designan Jefe del organo de Control Institucional del Ministerio de Defensa,https://epdoc2.elperuano.pe/EpPo/DescargaINDA.asp?Referencias=NDM5VzlXOVc5V0xIVU5ZQlRNTEhZQkxIOVdfX1dWWENZWFlYWENMSExI,20240531
20240521,2285840-1,INSTITUCIONES EDUCATIVAS,RESOLUCION,No 13060-2024-UNJBG,Modifican la Resolucion Rectoral No 12999-2024-UNJBG mediante la cual se aprueba la actualizacion del Cuadro para Asignacion de Personal Provisional de la Universidad Nacional Jorge Basadre Grohmann,https://epdoc2.elperuano.pe/EpPo/DescargaINDA.asp?Referencias=NDM5VzlXOVc5V0xIVU5ZQlRNTEhZQkxIOVdfX1lCVE1YQ1VOWENMSExI,20240531
20240521,2289655-1,INSTITUCIONES EDUCATIVAS,RESOLUCION,No 061-2024-UNACH,Autorizan viaje de docentes de la Universidad Nacional Autonoma de Chota a Espana en comision de servicios,https://epdoc2.elperuano.pe/EpPo/DescargaINDA.asp?Referencias=NDM5VzlXOVc5V0xIVU5ZQlRNTEhZQkxIOVdfX1VOVU5WQllYWENMSExI,20240531
20240521,2290242-1,INSTITUCIONES EDUCATIVAS,RESOLUCION,No 180-2024-UNDC/CO,Autorizan viaje de delegacion de la Universidad Nacional de Canete para participar en evento a realizarse en EE.UU.,https://epdoc2.elperuano.pe/EpPo/DescargaINDA.asp?Referencias=NDM5VzlXOVc5V0xIVU5ZQlRNTEhZQkxIOVdfX0xIVE1MSFlCWVhMSExI,20240531
20240521,2290355-1,JURADO NACIONAL DE ELECCIONES,RESOLUCION,No 0134-2024-JNE,Declaran nulo lo actuado en el procedimiento de juramentacion en el cargo de regidor del Concejo Distrital de San Miguel de Chaccrampa provincia de Andahuaylas departamento de Apurimac para el periodo de gobierno municipal 2023-2026,https://epdoc2.elperuano.pe/EpPo/DescargaINDA.asp?Referencias=NDM5VzlXOVc5V0xIVU5ZQlRNTEhZQkxIOVdfX1VOVU5TOFlCWVhMSExI,20240531
20240521,2286808-1,MUNICIPALIDAD DE CHORRILLOS,Ordenanzas,No 482-MDCH,Modifican la Ordenanza No 359-MDCH que aprueba el Programa de Formalizacion de Recicladores en el distrito de Chorrillos,https://epdoc2.elperuano.pe/EpPo/DescargaINDA.asp?Referencias=NDM5VzlXOVc5V0xIVU5ZQlRNTEhZQkxIOVdfX1hDWUJYQ1ZCWENMSExI,20240531
20240521,2290300-1,MUNICIPALIDAD DE JESUS MARIA,ORDENANZA,No 716-MDJM,Declaran de interes publico la promocion de la participacion del sector privado en el mejoramiento de los bienes municipales servicios publicos locales e infraestructura publica en el distrito de Jesus Maria,https://epdoc2.elperuano.pe/EpPo/DescargaINDA.asp?Referencias=NDM5VzlXOVc5V0xIVU5ZQlRNTEhZQkxIOVdfX1lCWUJTOFlCWVhMSExI,20240531
20240521,2286146-1,MUNICIPALIDAD DE PACHACAMAC,DECRETO DE ALCALDIA,No 004-2024-MDP/A,Aprueban Reglamento Interno de la Red Municipal de Artesanos del Distrito de Pachacamac,https://epdoc2.elperuano.pe/EpPo/DescargaINDA.asp?Referencias=NDM5VzlXOVc5V0xIVU5ZQlRNTEhZQkxIOVdfX1ZCVE05V1ZCWENMSExI,20240531
20240521,2287408-1,MUNICIPALIDAD DE PACHACAMAC,DECRETO DE ALCALDIA,No 006-2024-MDP/A,Convocan a la I Audiencia Publica de la Municipalidad Distrital de Pachacamac,https://epdoc2.elperuano.pe/EpPo/DescargaINDA.asp?Referencias=NDM5VzlXOVc5V0xIVU5ZQlRNTEhZQkxIOVdfX1hDWUJUTVdWWENMSExI,20240531
20240521,2288496-1,MUNICIPALIDAD DE PACHACAMAC,DECRETO DE ALCALDIA,No 005-2024-MDP/A,Aprueban el Reglamento Interno de la Red Local de Trabajadores y Organizaciones de la Cultura y las Artes del Distrito de Pachacamac (RELTOCA),https://epdoc2.elperuano.pe/EpPo/DescargaINDA.asp?Referencias=NDM5VzlXOVc5V0xIVU5ZQlRNTEhZQkxIOVdfX1ZCWVhUTVhDWENMSExI,20240531
20240520,2289986-1,CONGRESO DE LA REPUBLICA,LEY,No 32033,Ley que garantiza y promueve el acceso y uso a los medicamentos genericos en Denominacion Comun Internacional (DCI) y fortalece la regulacion de los productos farmaceuticos y dispositivos medicos en beneficio de los pacientes y usuarios,https://epdoc2.elperuano.pe/EpPo/DescargaINDA.asp?Referencias=NDNZQllCWUJZQkxIVU5ZQlRNTEhZQkxIOVdfX1ZCWENZWFlYWENMSExI,20240531
20240520,2290383-1,PRESIDENCIA DEL CONSEJO DE MINISTROS,DECRETO SUPREMO,No 051-2024-PCM,Decreto Supremo que modifica el Decreto Supremo No 112-2023-PCM Decreto Supremo que crea la Comision Multisectorial de naturaleza permanente encargada de coordinar y concertar entre todos los sistemas administrativos con el objeto de articular las funciones de los rectores de los sistemas administrativos,https://epdoc2.elperuano.pe/EpPo/DescargaINDA.asp?Referencias=NDNZQllCWUJZQkxIVU5ZQlRNTEhZQkxIOVdfX1M4WENTOFlCWVhMSExI,20240531
20240520,2289977-1,PRESIDENCIA DEL CONSEJO DE MINISTROS,RESOLUCION MINISTERIAL,No 150-2024-PCM,Designan Subsecretaria I de la Subsecretaria de Monitoreo de la Integridad Publica de la Secretaria de Integridad Publica de la PCM,https://epdoc2.elperuano.pe/EpPo/DescargaINDA.asp?Referencias=NDNZQllCWUJZQkxIVU5ZQlRNTEhZQkxIOVdfX1dWV1ZZWFlYWENMSExI,20240531
20240520,2289978-1,TRANSPORTES Y COMUNICACIONES,RESOLUCION,No 066-2024-MTC/24,Designan Asesor II de la Direccion Ejecutiva del Programa Nacional de Telecomunicaciones - PRONATEL,https://epdoc2.elperuano.pe/EpPo/DescargaINDA.asp?Referencias=NDNZQllCWUJZQkxIVU5ZQlRNTEhZQkxIOVdfX1hDV1ZZWFlYWENMSExI,20240531
20240520,2289982-1,TRANSPORTES Y COMUNICACIONES,RESOLUCION MINISTERIAL,No 255-2024-MTC/01.02,Dan por concluida la reclasificacion temporal de la Ruta Nacional PE-24 B de trayectoria Emp. PE-22 B (San Ramon) - Vitoc - Conac - Libertad Tinco - Monobamba - Uchubamba - Curimarca - Abra Curimarca - Quero - Molinos - Julcan - Masma - Emp. PE-3S (Ataura) establecida en la R.M. No 012-2016-MTC/01.02,https://epdoc2.elperuano.pe/EpPo/DescargaINDA.asp?Referencias=NDNZQllCWUJZQkxIVU5ZQlRNTEhZQkxIOVdfX0xIWENZWFlYWENMSExI,20240531
20240520,2289983-1,TRANSPORTES Y COMUNICACIONES,RESOLUCION MINISTERIAL,No 252-2024-MTC/01.02,Aprueban texto de la Adenda No 10 del Contrato de Concesion para la Construccion y Explotacion del Tramo Vial Puente Pucusana - Cerro Azul - Ica de la Carretera Panamericana Sur - R01S,https://epdoc2.elperuano.pe/EpPo/DescargaINDA.asp?Referencias=NDNZQllCWUJZQkxIVU5ZQlRNTEhZQkxIOVdfX1M4WENZWFlYWENMSExI,20240531
20240520,2289980-1,VIVIENDA  CONSTRUCCIoN Y SANEAMIENTO,RESOLUCION DIRECTORAL,No 100-2024-VIVIENDA/VMCS/PNSU/1.0,Designan Responsable de la Unidad para la Mejora de Prestacion de los Servicios del Programa Nacional de Saneamiento Urbano,https://epdoc2.elperuano.pe/EpPo/DescargaINDA.asp?Referencias=NDNZQllCWUJZQkxIVU5ZQlRNTEhZQkxIOVdfX1lCWENZWFlYWENMSExI,20240531
20240520,2289981-1,VIVIENDA  CONSTRUCCIoN Y SANEAMIENTO,RESOLUCION DIRECTORAL,No 102-2024-VIVIENDA/VMCS/PNSU/1.0,Designan Coordinador de la Subunidad de Ejecucion de Proyectos del Programa Nacional de Saneamiento Urbano,https://epdoc2.elperuano.pe/EpPo/DescargaINDA.asp?Referencias=NDNZQllCWUJZQkxIVU5ZQlRNTEhZQkxIOVdfXzlXWENZWFlYWENMSExI,20240531
20240520,2289979-1,VIVIENDA  CONSTRUCCIoN Y SANEAMIENTO,RESOLUCION MINISTERIAL,No 178-2024-VIVIENDA,Designan Directora de la Oficina de Inversiones de la Oficina General de Planeamiento y Presupuesto del Ministerio,https://epdoc2.elperuano.pe/EpPo/DescargaINDA.asp?Referencias=NDNZQllCWUJZQkxIVU5ZQlRNTEhZQkxIOVdfX1lYV1ZZWFlYWENMSExI,20240531
20240520,2289647-1,ORGANISMO SUPERVISOR DE LA INVERSIoN EN ENERGiA Y MINERiA,RESOLUCION,No 072-2024-OS/CD,Resolucion de Consejo Directivo que aprueba el Procedimiento para la Atencion de Situaciones de Riesgo Electrico Grave,https://epdoc2.elperuano.pe/EpPo/DescargaINDA.asp?Referencias=NDNZQllCWUJZQkxIVU5ZQlRNTEhZQkxIOVdfX1dWVE1WQllYWENMSExI,20240531
20240520,2289699-1,ORGANISMO SUPERVISOR DE LA INVERSIoN EN ENERGiA Y MINERiA,RESOLUCION,No 073-2024-OS/CD,Aprueban el Procedimiento para la fiscalizacion del performance de los sistemas de transmision,https://epdoc2.elperuano.pe/EpPo/DescargaINDA.asp?Referencias=NDNZQllCWUJZQkxIVU5ZQlRNTEhZQkxIOVdfX1lYWVhWQllYWENMSExI,20240531
20240520,2289916-1,ORGANISMO DE EVALUACION Y FISCALIZACION AMBIENTAL,RESOLUCION,No 00080-2024-OEFA/PCD,Designan Directora de la Direccion de Supervision Ambiental en Actividades Productivas del Organismo de Evaluacion y Fiscalizacion Ambiental - OEFA,https://epdoc2.elperuano.pe/EpPo/DescargaINDA.asp?Referencias=NDNZQllCWUJZQkxIVU5ZQlRNTEhZQkxIOVdfX1ZCOVdZWFlYWENMSExI,20240531
20240520,2281319-1,INSTITUCIONES EDUCATIVAS,RESOLUCION,No 4052-CU-2024,Otorgan duplicado de diploma de Titulo Profesional en Pedagogia y Humanidades Especialidad: Educacion Primaria de la Universidad Nacional del Centro del Peru,https://epdoc2.elperuano.pe/EpPo/DescargaINDA.asp?Referencias=NDNZQllCWUJZQkxIVU5ZQlRNTEhZQkxIOVdfX1lYOVdTODlXWENMSExI,20240531
20240520,2281325-1,INSTITUCIONES EDUCATIVAS,RESOLUCION,No 4053-CU-2024,Otorgan duplicado de diploma de Bachiller en Pedagogia y Humanidades Especialidad: Educacion Primaria de la Universidad Nacional del Centro del Peru,https://epdoc2.elperuano.pe/EpPo/DescargaINDA.asp?Referencias=NDNZQllCWUJZQkxIVU5ZQlRNTEhZQkxIOVdfX1VOTEhTODlXWENMSExI,20240531
20240520,2289951-1,INSTITUCIONES EDUCATIVAS,RESOLUCION,No 396-2024-UNTRM/CU,Autorizan viaje de docente de la Universidad Nacional Toribio Rodriguez de Mendoza de Amazonas a Canada en comision de servicios,https://epdoc2.elperuano.pe/EpPo/DescargaINDA.asp?Referencias=NDNZQllCWUJZQkxIVU5ZQlRNTEhZQkxIOVdfXzlXVU5ZWFlYWENMSExI,20240531
20240520,2289955-1,INSTITUCIONES EDUCATIVAS,RESOLUCION,No 410-2024-UNTRM/CU,Autorizan viaje de docente de la Universidad Nacional Toribio Rodriguez de Mendoza de Amazonas a los EE.UU. en comision de servicios,https://epdoc2.elperuano.pe/EpPo/DescargaINDA.asp?Referencias=NDNZQllCWUJZQkxIVU5ZQlRNTEhZQkxIOVdfX1VOVU5ZWFlYWENMSExI,20240531
20240520,2289415-1,SUPERINTENDENCIA DE BANCA  SEGUROS Y ADMINISTRADORAS PRIVADAS DE FONDOS DE PENSIONES,RESOLUCION,SBS No 01835-2024,Autorizan viaje de analista para participar en evento a realizarse en la Confederacion Suiza,https://epdoc2.elperuano.pe/EpPo/DescargaINDA.asp?Referencias=NDNZQllCWUJZQkxIVU5ZQlRNTEhZQkxIOVdfX1VOOVdUTVlYWENMSExI,20240531
20240520,2289995-1,MUNICIPALIDAD DE LOS OLIVOS,ORDENANZA,No 595/CDLO,Ordenanza que establece prorroga del plazo de vencimiento previsto en el articulo 5o de la Ordenanza 583/CDLO que aprobo beneficios para la regularizacion de deudas tributarias en el distrito de Los Olivos,https://epdoc2.elperuano.pe/EpPo/DescargaINDA.asp?Referencias=NDNZQllCWUJZQkxIVU5ZQlRNTEhZQkxIOVdfX1VOWVhZWFlYWENMSExI,20240531
20240519,2289975-1,DECRETOS DE URGENCIA,DECRETO DE URGENCIA,No 009-2024,Decreto de Urgencia que aprueba medidas extraordinarias en materia economica y financiera para dinamizar e impulsar la ejecucion de proyectos de inversion en transportes,https://epdoc2.elperuano.pe/EpPo/DescargaINDA.asp?Referencias=NDNZWFlYWVhZWDlXVU5ZQlRNTEhZQkxIOVdfX1VOV1ZZWFlYWENMSExI,20240531
20240519,2289969-1,CULTURA,RESOLUCION MINISTERIAL,No 000217-2024-MC,Aprueban la institucionalizacion de la estrategia de participacion ciudadana Patrimonio Limpio y Activo cuidando juntos nuestro legado cultural,https://epdoc2.elperuano.pe/EpPo/DescargaINDA.asp?Referencias=NDNZWFlYWVhZWDlXVU5ZQlRNTEhZQkxIOVdfX1lYVkJZWFlYWENMSExI,20240531
20240519,2289440-1,DEFENSA,RESOLUCION MINISTERIAL,No 00479-2024-DE,Autorizan viaje de oficiales de la Fuerza Aerea del Peru a Argentina en comision de servicios,https://epdoc2.elperuano.pe/EpPo/DescargaINDA.asp?Referencias=NDNZWFlYWVhZWDlXVU5ZQlRNTEhZQkxIOVdfX1lCVE1UTVlYWENMSExI,20240531
20240519,2289962-1,DEFENSA,RESOLUCION MINISTERIAL,No 00487-2024-DE,Autorizan viaje de oficiales de la Fuerza Aerea del Peru al Reino Unido de Gran Bretana e Irlanda del Norte en comision de servicios,https://epdoc2.elperuano.pe/EpPo/DescargaINDA.asp?Referencias=NDNZWFlYWVhZWDlXVU5ZQlRNTEhZQkxIOVdfX0xIVkJZWFlYWENMSExI,20240531
20240519,2289963-1,DEFENSA,RESOLUCION MINISTERIAL,No 00489-2024-DE,Autorizan viaje de personal militar a Panama en comision de servicios,https://epdoc2.elperuano.pe/EpPo/DescargaINDA.asp?Referencias=NDNZWFlYWVhZWDlXVU5ZQlRNTEhZQkxIOVdfX1M4VkJZWFlYWENMSExI,20240531
20240519,2289964-1,DEFENSA,RESOLUCION MINISTERIAL,No 00493-2024-DE,Autorizan viaje de Viceministro de Recursos para la Defensa y de oficial del Ejercito del Peru a Argentina en comision de servicios,https://epdoc2.elperuano.pe/EpPo/DescargaINDA.asp?Referencias=NDNZWFlYWVhZWDlXVU5ZQlRNTEhZQkxIOVdfX1RNVkJZWFlYWENMSExI,20240531
20240519,2289965-1,DEFENSA,RESOLUCION MINISTERIAL,No 00494-2024-DE,Autorizan viaje de oficiales de la Fuerza Aerea del Peru a Argentina en comision de servicios,https://epdoc2.elperuano.pe/EpPo/DescargaINDA.asp?Referencias=NDNZWFlYWVhZWDlXVU5ZQlRNTEhZQkxIOVdfX1VOVkJZWFlYWENMSExI,20240531
20240519,2289688-1,DESARROLLO E INCLUSIoN SOCIAL,RESOLUCION MINISTERIAL,No D000076-2024-MIDIS,Designan Director de la Direccion de Calidad de Informacion de la Direccion General de Focalizacion e Informacion Social,https://epdoc2.elperuano.pe/EpPo/DescargaINDA.asp?Referencias=NDNZWFlYWVhZWDlXVU5ZQlRNTEhZQkxIOVdfX1hDWENWQllYWENMSExI,20240531
20240519,2289966-1,EDUCACION,RESOLUCION MINISTERIAL,No 232-2024-MINEDU,Designan Director de la Direccion de Fortalecimiento de Capacidades de la Direccion General de Gestion Descentralizada dependiente del Despacho Viceministerial de Gestion Institucional,https://epdoc2.elperuano.pe/EpPo/DescargaINDA.asp?Referencias=NDNZWFlYWVhZWDlXVU5ZQlRNTEhZQkxIOVdfX1ZCVkJZWFlYWENMSExI,20240531
20240519,2289984-1,ENERGIA Y MINAS,DECRETO SUPREMO,No 008-2024-EM,Decreto Supremo que aprueba el Contrato de Licencia para la Explotacion de Hidrocarburos en el Lote X,https://epdoc2.elperuano.pe/EpPo/DescargaINDA.asp?Referencias=NDNZWFlYWVhZWDlXVU5ZQlRNTEhZQkxIOVdfX1RNWENZWFlYWENMSExI,20240531
20240519,2289940-1,PRODUCE,RESOLUCION,No 438-2024-PRODUCE/PROINNOVATE,Aprueban el otorgamiento de subvenciones a favor de beneficiarios con cargo al Presupuesto Institucional 2024 del Programa Nacional de Innovacion para la Competitividad y Productividad,https://epdoc2.elperuano.pe/EpPo/DescargaINDA.asp?Referencias=NDNZWFlYWVhZWDlXVU5ZQlRNTEhZQkxIOVdfX1lCVE1ZWFlYWENMSExI,20240531
20240519,2289985-1,SALUD,RESOLUCION MINISTERIAL,No 349-2024/MINSA,Autorizan la realizacion de manera excepcional de una etapa complementaria de adjudicacion de plazas equivalentes en el Proceso SERUMS 2024-I y dictan otras disposiciones,https://epdoc2.elperuano.pe/EpPo/DescargaINDA.asp?Referencias=NDNZWFlYWVhZWDlXVU5ZQlRNTEhZQkxIOVdfX1VOWENZWFlYWENMSExI,20240531
20240519,2289633-1,ORGANISMO SUPERVISOR DE LA INVERSIoN EN ENERGiA Y MINERiA,RESOLUCION,No 070-2024-OS/CD,Resolucion de Consejo Directivo mediante la cual se aprueban los Precios Maximos del Servicio Integral de Instalacion Interna para usuarios residenciales que seran cubiertos por el FISE en las Concesiones de Distribucion de Gas Natural por Red de Ductos en Lima y Callao Ica Sur Oeste Norte y Piura,https://epdoc2.elperuano.pe/EpPo/DescargaINDA.asp?Referencias=NDNZWFlYWVhZWDlXVU5ZQlRNTEhZQkxIOVdfX1M4UzhWQllYWENMSExI,20240531
20240519,2289636-1,ORGANISMO SUPERVISOR DE LA INVERSIoN EN ENERGiA Y MINERiA,RESOLUCION,No 071-2024-OS/CD,Resolucion de Consejo Directivo mediante la cual se aprueban los Precios Maximos del Servicio Integral de Instalacion Interna para usuarios no residenciales que seran cubiertos por el FISE en las Concesiones de Distribucion de Gas Natural por Red de Ductos en Lima y Callao Ica Sur Oeste Norte y Piura,https://epdoc2.elperuano.pe/EpPo/DescargaINDA.asp?Referencias=NDNZWFlYWVhZWDlXVU5ZQlRNTEhZQkxIOVdfX1ZCUzhWQllYWENMSExI,20240531
20240519,2289970-1,AUTORIDAD NACIONAL DEL AGUA,RESOLUCION JEFATURAL,No 0203-2024-ANA,Designan Director de la Direccion de Organizaciones de Usuarios de Agua de la Autoridad Nacional del Agua,https://epdoc2.elperuano.pe/EpPo/DescargaINDA.asp?Referencias=NDNZWFlYWVhZWDlXVU5ZQlRNTEhZQkxIOVdfX1lCV1ZZWFlYWENMSExI,20240531
20240519,2289801-1,COMISIoN DE PROMOCIoN DEL PERu PARA LA EXPORTACIoN Y EL TURISMO,RESOLUCION,No 000084-2024-PROMPERU/PE,Designan Subdirector de la Subdireccion de Promocion del Turismo Interno de la Direccion de Promocion del Turismo de PROMPERu,https://epdoc2.elperuano.pe/EpPo/DescargaINDA.asp?Referencias=NDNZWFlYWVhZWDlXVU5ZQlRNTEhZQkxIOVdfXzlXWUJYQ1lYWENMSExI,20240531
20240519,2289803-1,COMISIoN DE PROMOCIoN DEL PERu PARA LA EXPORTACIoN Y EL TURISMO,RESOLUCION,No 000086-2024-PROMPERU/PE,Designan Jefe de la Oficina de Comunicaciones de la Comision de Promocion del Peru para la Exportacion y el Turismo - PROMPERu,https://epdoc2.elperuano.pe/EpPo/DescargaINDA.asp?Referencias=NDNZWFlYWVhZWDlXVU5ZQlRNTEhZQkxIOVdfX1M4WUJYQ1lYWENMSExI,20240531
20240519,2289880-1,SUPERINTENDENCIA NACIONAL DE ADUANAS Y DE ADMINISTRACIoN TRIBUTARIA,RESOLUCION,No 000096-2024/SUNAT,Designan Asesor I de la Superintendencia Nacional,https://epdoc2.elperuano.pe/EpPo/DescargaINDA.asp?Referencias=NDNZWFlYWVhZWDlXVU5ZQlRNTEhZQkxIOVdfX1lCWENYQ1lYWENMSExI,20240531
20240519,2289905-1,SUPERINTENDENCIA NACIONAL DE ADUANAS Y DE ADMINISTRACIoN TRIBUTARIA,RESOLUCION,No 000019-2024-SUNAT/700000,Dejan sin efecto designaciones de Ejecutores Coactivos encargados de la gestion de cobranza coactiva de la Intendencia de Principales Contribuyentes Nacionales e Intendencia de Tributos Internos Cajamarca,https://epdoc2.elperuano.pe/EpPo/DescargaINDA.asp?Referencias=NDNZWFlYWVhZWDlXVU5ZQlRNTEhZQkxIOVdfX1VOWUJZWFlYWENMSExI,20240531
20240519,2289895-1,CONSEJO EJECUTIVO DEL PODER JUDICIAL,INVESTIGACION,Definitiva No 46-2021-TACNA,Imponen la medida disciplinaria de destitucion a Juez de Paz de La Esperanza distrito Alto de la Alianza de la Corte Superior de Justicia de Tacna,https://epdoc2.elperuano.pe/EpPo/DescargaINDA.asp?Referencias=NDNZWFlYWVhZWDlXVU5ZQlRNTEhZQkxIOVdfX1VOWVhYQ1lYWENMSExI,20240531
20240519,2289898-1,CONSEJO EJECUTIVO DEL PODER JUDICIAL,INVESTIGACION,Definitiva No 00113-2019-PIURA,Imponen la medida disciplinaria de destitucion a Especialista Judicial del Juzgado Mixto con funciones de Unipersonal de Huancabamba Corte Superior de Justicia de Piura,https://epdoc2.elperuano.pe/EpPo/DescargaINDA.asp?Referencias=NDNZWFlYWVhZWDlXVU5ZQlRNTEhZQkxIOVdfX1hDWVhYQ1lYWENMSExI,20240531
20240519,2289903-1,CONSEJO EJECUTIVO DEL PODER JUDICIAL,INVESTIGACION,Definitiva No 00436-2022-LA LIBERTAD,Imponen la medida disciplinaria de destitucion a Juez de Paz de unica Nominacion de San Pedro de Lloc de la Corte Superior de Justicia de La Libertad,https://epdoc2.elperuano.pe/EpPo/DescargaINDA.asp?Referencias=NDNZWFlYWVhZWDlXVU5ZQlRNTEhZQkxIOVdfX1M4WUJZWFlYWENMSExI,20240531
20240519,2289892-1,CONSEJO EJECUTIVO DEL PODER JUDICIAL,RESOLUCION,CUADERNO DE APELACION No 1796-1-2019-PUNO,Imponen la medida disciplinaria de destitucion a Asistente Judicial del Modulo Corporativo Laboral de la Corte Superior de Justicia de Puno,https://epdoc2.elperuano.pe/EpPo/DescargaINDA.asp?Referencias=NDNZWFlYWVhZWDlXVU5ZQlRNTEhZQkxIOVdfX0xIWVhYQ1lYWENMSExI,20240531
20240519,2289881-1,CONSEJO EJECUTIVO DEL PODER JUDICIAL,RESOLUCION ADMINISTRATIVA,No 000063-2024-P-CE-PJ,Autorizan viaje de jueces para que participen de manera presencial en el Modulo III Curso especializado en evidencia digital que se llevara a cabo en Puerto Rico,https://epdoc2.elperuano.pe/EpPo/DescargaINDA.asp?Referencias=NDNZWFlYWVhZWDlXVU5ZQlRNTEhZQkxIOVdfXzlXWENYQ1lYWENMSExI,20240531
20240519,2289847-1,CONTRALORIA GENERAL DE LA REPUBLICA,RESOLUCION,No 258-2024-CG,Designan Jefa del organo de Control Institucional de la Municipalidad Provincial de Contumaza,https://epdoc2.elperuano.pe/EpPo/DescargaINDA.asp?Referencias=NDNZWFlYWVhZWDlXVU5ZQlRNTEhZQkxIOVdfX1dWVE1YQ1lYWENMSExI,20240531
20240519,2289849-1,CONTRALORIA GENERAL DE LA REPUBLICA,RESOLUCION,No 259-2024-CG,Encargan al Vicecontralor de Integridad y Control de la Contraloria General de la Republica las funciones del cargo de Contralor General de la Republica,https://epdoc2.elperuano.pe/EpPo/DescargaINDA.asp?Referencias=NDNZWFlYWVhZWDlXVU5ZQlRNTEhZQkxIOVdfX1lYVE1YQ1lYWENMSExI,20240531
20240519,2289850-1,MINISTERIO PUBLICO,RESOLUCION,No 1158-2024-MP-FN,Autorizan viaje de fiscal a Portugal en comision de servicios,https://epdoc2.elperuano.pe/EpPo/DescargaINDA.asp?Referencias=NDNZWFlYWVhZWDlXVU5ZQlRNTEhZQkxIOVdfX1lCVU5YQ1lYWENMSExI,20240531
20240519,2289974-1,MINISTERIO PUBLICO,RESOLUCION,No 1188-2024-MP-FN,Nombran fiscal adjunto provincial provisional del Distrito Fiscal de Lima Centro designandolo en el Equipo Especial de Fiscales contra la corrupcion del poder,https://epdoc2.elperuano.pe/EpPo/DescargaINDA.asp?Referencias=NDNZWFlYWVhZWDlXVU5ZQlRNTEhZQkxIOVdfX1RNV1ZZWFlYWENMSExI,20240531
20240519,2289566-1,GOBIERNO REGIONAL DE AREQUIPA,RESOLUCION,No 245-2024-GRA/GR,Modifican la Resolucion Ejecutiva Regional No 207-2024-GRA/GR que crea la Unidad Funcional de Gestion de Proyectos - UFGP,https://epdoc2.elperuano.pe/EpPo/DescargaINDA.asp?Referencias=NDNZWFlYWVhZWDlXVU5ZQlRNTEhZQkxIOVdfX1ZCVkJVTllYWENMSExI,20240531
20240519,2289658-1,GOBIERNO REGIONAL DEL CALLAO,ORDENANZA,No 003,Crean la Unidad de Gestion Educativa Local del Callao - UGEL Callao cuya jurisdiccion abarca los distritos de Bellavista Callao Carmen de La Legua - Reynoso La Perla y La Punta,https://epdoc2.elperuano.pe/EpPo/DescargaINDA.asp?Referencias=NDNZWFlYWVhZWDlXVU5ZQlRNTEhZQkxIOVdfX1hDVU5WQllYWENMSExI,20240531
20240519,2288704-1,GOBIERNO REGIONAL DE JUNIN,ORDENANZA,No 398-2024-GRJ/CR,Ratifican el objeto de la Mancomunidad Regional de Los Andes establecida en su estatuto y se le delegan funciones y competencias,https://epdoc2.elperuano.pe/EpPo/DescargaINDA.asp?Referencias=NDNZWFlYWVhZWDlXVU5ZQlRNTEhZQkxIOVdfX1RNWUJXVlhDWENMSExI,20240531
20240519,2289593-1,GOBIERNO REGIONAL DE MOQUEGUA,DECRETO,No 002-2024-GR/MOQ,Aprueban el Reglamento de la Ordenanza Regional No 018-2023-CR/GRM Creacion del Fondo Regional de Apoyo Economico y Social Oportunidad para todos,https://epdoc2.elperuano.pe/EpPo/DescargaINDA.asp?Referencias=NDNZWFlYWVhZWDlXVU5ZQlRNTEhZQkxIOVdfX1M4WVhVTllYWENMSExI,20240531
20240519,2289863-1,MUNICIPALIDAD PROVINCIAL DEL CALLAO,DECRETO DE ALCALDIA,No 007-2024-ALC/MPC,Oficializan Bonificacion por Riesgo de Salud a favor de los trabajadores obreros municipales de la Subgerencia de Limpieza Publica del ODSSCPMA,https://epdoc2.elperuano.pe/EpPo/DescargaINDA.asp?Referencias=NDNZWFlYWVhZWDlXVU5ZQlRNTEhZQkxIOVdfX1M4VkJYQ1lYWENMSExI,20240531
20240519,2289866-1,MUNICIPALIDAD PROVINCIAL DEL CALLAO,DECRETO DE ALCALDIA,No 11-2024-ALC/MPC,Convocan a Audiencia Publica de Rendicion de Cuentas de la Municipalidad Provincial del Callao correspondiente al periodo del Segundo Semestre del ano 2023,https://epdoc2.elperuano.pe/EpPo/DescargaINDA.asp?Referencias=NDNZWFlYWVhZWDlXVU5ZQlRNTEhZQkxIOVdfX1ZCVkJYQ1lYWENMSExI,20240531
20240519,2289704-1,MUNICIPALIDAD PROVINCIAL DE ISLAY,ORDENANZA,No 540-MPI,Ordenanza que regula la prevencion el control y eliminacion de posibles criaderos del vector de transmision del dengue chukunguya y zika en el distrito de Mollendo,https://epdoc2.elperuano.pe/EpPo/DescargaINDA.asp?Referencias=NDNZWFlYWVhZWDlXVU5ZQlRNTEhZQkxIOVdfX1RNWUJXVllYWENMSExI,20240531
20240519,2289972-1,MUNICIPALIDAD PROVINCIAL DE SECHURA,ORDENANZA,No 006-2024-MPS,Aprueban la Campana de Beneficios Tributarios 2024,https://epdoc2.elperuano.pe/EpPo/DescargaINDA.asp?Referencias=NDNZWFlYWVhZWDlXVU5ZQlRNTEhZQkxIOVdfX0xIV1ZZWFlYWENMSExI,20240531
20240518,2289960-1,CONGRESO DE LA REPUBLICA,LEY,No 32030,Ley que modifica el articulo 5 de la Ley 30825 Ley que fortalece la labor de los agentes comunitarios de salud para otorgarles beneficios,https://epdoc2.elperuano.pe/EpPo/DescargaINDA.asp?Referencias=NDNYQ1hDWENYQzlXVU5ZQlRNTEhZQkxIOVdfX1lCVkJZWFlYWENMSExI,20240531
20240518,2289960-2,CONGRESO DE LA REPUBLICA,LEY,No 32031,Ley que modifica la Ley 30493 - Ley que regula la politica remunerativa del auxiliar de educacion en las instituciones educativas publicas en el marco de la Ley 29944 Ley de Reforma Magisterial - a fin de precisar aspectos sobre el regimen laboral del auxiliar de educacion,https://epdoc2.elperuano.pe/EpPo/DescargaINDA.asp?Referencias=NDNYQ1hDWENYQzlXVU5ZQlRNTEhZQkxITEhfX1lCVkJZWFlYWENMSExI,20240531
20240518,2289960-3,CONGRESO DE LA REPUBLICA,LEY,No 32032,Ley que modifica la Ley 29571 Codigo de Proteccion y Defensa del Consumidor a fin de simplificar el procedimiento para la solicitud de suspension cancelacion o baja de servicios publicos,https://epdoc2.elperuano.pe/EpPo/DescargaINDA.asp?Referencias=NDNYQ1hDWENYQzlXVU5ZQlRNTEhZQkxIUzhfX1lCVkJZWFlYWENMSExI,20240531
20240518,2289642-1,PRESIDENCIA DEL CONSEJO DE MINISTROS,RESOLUCION MINISTERIAL,No 148-2024-PCM,Autorizan transferencia financiera a favor de la Contraloria General de la Republica,https://epdoc2.elperuano.pe/EpPo/DescargaINDA.asp?Referencias=NDNYQ1hDWENYQzlXVU5ZQlRNTEhZQkxIOVdfX0xIVE1WQllYWENMSExI,20240531
20240518,2289911-1,AMBIENTE,RESOLUCION,No 038-2024-MINAM,Crean dos Unidades Funcionales dependientes de la Oficina General de Recursos Humanos,https://epdoc2.elperuano.pe/EpPo/DescargaINDA.asp?Referencias=NDNYQ1hDWENYQzlXVU5ZQlRNTEhZQkxIOVdfXzlXOVdZWFlYWENMSExI,20240531
20240518,2288252-1,COMERCIO EXTERIOR Y TURISMO,RESOLUCION MINISTERIAL,No 144-2024-MINCETUR,Autorizan viaje de representante de PROMPERu para participar en evento a realizarse en El Salvador,https://epdoc2.elperuano.pe/EpPo/DescargaINDA.asp?Referencias=NDNYQ1hDWENYQzlXVU5ZQlRNTEhZQkxIOVdfX0xIVU5MSFhDWENMSExI,20240531
20240518,2288671-1,COMERCIO EXTERIOR Y TURISMO,RESOLUCION MINISTERIAL,No 148-2024-MINCETUR,Autorizan viaje de representante de PROMPERu a Francia en comision de servicios,https://epdoc2.elperuano.pe/EpPo/DescargaINDA.asp?Referencias=NDNYQ1hDWENYQzlXVU5ZQlRNTEhZQkxIOVdfXzlXV1ZWQlhDWENMSExI,20240531
20240518,2289681-1,CULTURA,RESOLUCION MINISTERIAL,No 000214-2024-MC,Otorgan distincion de Personalidad Meritoria de la Cultura,https://epdoc2.elperuano.pe/EpPo/DescargaINDA.asp?Referencias=NDNYQ1hDWENYQzlXVU5ZQlRNTEhZQkxIOVdfXzlXWENWQllYWENMSExI,20240531
20240518,2289687-1,CULTURA,RESOLUCION MINISTERIAL,No 000215-2024-MC,Otorgan distincion de Personalidad Meritoria de la Cultura,https://epdoc2.elperuano.pe/EpPo/DescargaINDA.asp?Referencias=NDNYQ1hDWENYQzlXVU5ZQlRNTEhZQkxIOVdfX1dWWENWQllYWENMSExI,20240531
20240518,2289691-1,CULTURA,RESOLUCION MINISTERIAL,No 000216-2024-MC,Otorgan distincion de Personalidad Meritoria de la Cultura,https://epdoc2.elperuano.pe/EpPo/DescargaINDA.asp?Referencias=NDNYQ1hDWENYQzlXVU5ZQlRNTEhZQkxIOVdfXzlXWVhWQllYWENMSExI,20240531
20240518,2285155-1,CULTURA,RESOLUCION VICE MINISTERIAL,No 000107-2024-VMPCIC/MC,Declaran Patrimonio Cultural de la Nacion a las dos unidades bibliograficas (1924-1925) correspondientes a los dos tomos de la primera edicion de la obra La mujer peruana a traves de los siglos: serie historiada de estudios y observaciones de Elvira Garcia y Garcia Best pertenecientes a la Biblioteca Nacional del Peru,https://epdoc2.elperuano.pe/EpPo/DescargaINDA.asp?Referencias=NDNYQ1hDWENYQzlXVU5ZQlRNTEhZQkxIOVdfX1VOVU45V1VOWENMSExI,20240531
20240518,2289408-1,DEFENSA,RESOLUCION MINISTERIAL,No 00475-2024-DE,Autorizan viaje de oficiales de la Marina de Guerra del Peru a Colombia en comision de servicios,https://epdoc2.elperuano.pe/EpPo/DescargaINDA.asp?Referencias=NDNYQ1hDWENYQzlXVU5ZQlRNTEhZQkxIOVdfX1hDWUJUTVlYWENMSExI,20240531
20240518,2289899-1,DESARROLLO AGRARIO Y RIEGO,RESOLUCION,No D000123-2024-MIDAGRI-SERFOR-DE,Designan Director de la Direccion de Gestion Sostenible del Patrimonio de Fauna Silvestre de la Direccion General de Gestion Sostenible del Patrimonio Forestal y de Fauna Silvestre del SERFOR,https://epdoc2.elperuano.pe/EpPo/DescargaINDA.asp?Referencias=NDNYQ1hDWENYQzlXVU5ZQlRNTEhZQkxIOVdfX1lYWVhYQ1lYWENMSExI,20240531
20240518,2289950-1,DESARROLLO AGRARIO Y RIEGO,RESOLUCION MINISTERIAL,No 0180-2024-MIDAGRI,Reconocen a representante titular de la Confederacion Nacional de Instituciones Empresariales Privadas - CONFIEP ante el Consejo Directivo del Servicio Nacional Forestal y de Fauna Silvestre - SERFOR,https://epdoc2.elperuano.pe/EpPo/DescargaINDA.asp?Referencias=NDNYQ1hDWENYQzlXVU5ZQlRNTEhZQkxIOVdfX1lCVU5ZWFlYWENMSExI,20240531
20240518,2288796-1,ENERGIA Y MINAS,RESOLUCION MINISTERIAL,No 198-2024-MINEM/DM,Califican como fuerza mayor el evento Demora en la Imposicion de la Servidumbre que afecto la ruta critica del Calendario de Ejecucion de Obras del proyecto Linea de Transmision en 60 kV S.E. Pongo de Caynarachi - S.E. Yurimaguas y Subestaciones y aprueban otras disposiciones,https://epdoc2.elperuano.pe/EpPo/DescargaINDA.asp?Referencias=NDNYQ1hDWENYQzlXVU5ZQlRNTEhZQkxIOVdfX1ZCWVhXVlhDWENMSExI,20240531
20240518,2289871-1,ENERGIA Y MINAS,RESOLUCION MINISTERIAL,No 203-2024-MINEM/DM,Autorizan transferencia financiera de recursos a favor del Gobierno Regional de Junin,https://epdoc2.elperuano.pe/EpPo/DescargaINDA.asp?Referencias=NDNYQ1hDWENYQzlXVU5ZQlRNTEhZQkxIOVdfXzlXV1ZYQ1lYWENMSExI,20240531
20240518,2289961-1,INTERIOR,RESOLUCION SUPREMA,No 094-2024-IN,Designan temporalmente a funcionario para que desempene las funciones de Superintendente Nacional de la Superintendencia Nacional de Migraciones - MIGRACIONES,https://epdoc2.elperuano.pe/EpPo/DescargaINDA.asp?Referencias=NDNYQ1hDWENYQzlXVU5ZQlRNTEhZQkxIOVdfXzlXVkJZWFlYWENMSExI,20240531
20240518,2289660-1,PRODUCE,RESOLUCION MINISTERIAL,No 000209-2024-PRODUCE,Disponen la publicacion del proyecto de Decreto Supremo que establece disposiciones sobre los procedimientos vinculados a especies hidrobiologicas provenientes de la actividad pesquera incluidas en la Convencion sobre el Comercio Internacional de Especies Amenazadas de Fauna y Flora Silvestre (CITES) y su exposicion de motivos,https://epdoc2.elperuano.pe/EpPo/DescargaINDA.asp?Referencias=NDNYQ1hDWENYQzlXVU5ZQlRNTEhZQkxIOVdfX1lCVkJWQllYWENMSExI,20240531
20240518,2289668-1,PRODUCE,RESOLUCION MINISTERIAL,No 000210-2024-PRODUCE,Disponen la publicacion del proyecto de Decreto Supremo que modifica el Reglamento del Sistema de Seguimiento Satelital para embarcaciones pesqueras (SISESAT) aprobado por Decreto Supremo No 001-2014-PRODUCE y su exposicion de motivos,https://epdoc2.elperuano.pe/EpPo/DescargaINDA.asp?Referencias=NDNYQ1hDWENYQzlXVU5ZQlRNTEhZQkxIOVdfX1hDVkJWQllYWENMSExI,20240531
20240518,2289679-1,RELACIONES EXTERIORES,RESOLUCION MINISTERIAL,No 0396-2024-RE,Autorizan viaje de candidato oficial de la Republica del Peru al cargo de Juez de la Corte Interamericana de Derechos Humanos para el periodo 2025-2030 a los EE.UU. en comision de servicios,https://epdoc2.elperuano.pe/EpPo/DescargaINDA.asp?Referencias=NDNYQ1hDWENYQzlXVU5ZQlRNTEhZQkxIOVdfX1lYV1ZWQllYWENMSExI,20240531
20240518,2289960-4,RELACIONES EXTERIORES,RESOLUCION SUPREMA,No 100-2024-RE,Dan por terminadas las funciones de Embajadora Extraordinaria y Plenipotenciaria del Peru en la Republica Dominicana Haiti y ante la Federacion de San Cristobal y Nieves,https://epdoc2.elperuano.pe/EpPo/DescargaINDA.asp?Referencias=NDNYQ1hDWENYQzlXVU5ZQlRNTEhZQkxIVE1fX1lCVkJZWFlYWENMSExI,20240531
20240518,2289960-5,RELACIONES EXTERIORES,RESOLUCION SUPREMA,No 101-2024-RE,Dan por terminadas las funciones de Embajador Extraordinario y Plenipotenciario del Peru en la Republica de Guatemala,https://epdoc2.elperuano.pe/EpPo/DescargaINDA.asp?Referencias=NDNYQ1hDWENYQzlXVU5ZQlRNTEhZQkxIVU5fX1lCVkJZWFlYWENMSExI,20240531
20240518,2289960-6,RELACIONES EXTERIORES,RESOLUCION SUPREMA,No 102-2024-RE,Dan por terminadas las funciones de Embajador Extraordinario y Plenipotenciario del Peru en el Estado de Qatar,https://epdoc2.elperuano.pe/EpPo/DescargaINDA.asp?Referencias=NDNYQ1hDWENYQzlXVU5ZQlRNTEhZQkxIVkJfX1lCVkJZWFlYWENMSExI,20240531
20240518,2289971-1,SALUD,RESOLUCION MINISTERIAL,No 348-2024/MINSA,Designan Director General del Centro Nacional de Abastecimiento de Recursos Estrategicos en Salud del Ministerio de Salud,https://epdoc2.elperuano.pe/EpPo/DescargaINDA.asp?Referencias=NDNYQ1hDWENYQzlXVU5ZQlRNTEhZQkxIOVdfXzlXV1ZZWFlYWENMSExI,20240531
20240518,2288971-1,TRANSPORTES Y COMUNICACIONES,RESOLUCION MINISTERIAL,No 235-2024-MTC/01.02,Autorizan viaje de inspectores de la Direccion General de Aeronautica Civil a Chile en comision de servicios,https://epdoc2.elperuano.pe/EpPo/DescargaINDA.asp?Referencias=NDNYQ1hDWENYQzlXVU5ZQlRNTEhZQkxIOVdfXzlXV1ZZWFhDWENMSExI,20240531
20240518,2289207-1,TRANSPORTES Y COMUNICACIONES,RESOLUCION MINISTERIAL,No 240-2024-MTC/01.02,Aprueban ejecucion de expropiacion de area afectada de inmueble para la ejecucion de la obra: Red Vial No 4: Tramo Pativilca - Santa - Trujillo y Puerto Salaverry - Empalme PN1N y el valor de tasacion,https://epdoc2.elperuano.pe/EpPo/DescargaINDA.asp?Referencias=NDNYQ1hDWENYQzlXVU5ZQlRNTEhZQkxIOVdfX1dWWUJMSFlYWENMSExI,20240531
20240518,2289212-1,TRANSPORTES Y COMUNICACIONES,RESOLUCION MINISTERIAL,No 241-2024-MTC/01.02,Aprueban ejecucion de expropiacion de area afectada de inmueble para la ejecucion de la obra: Rehabilitacion y Mejoramiento de la Carretera: Chongoyape - Cochabamba - Cajamarca Tramo: Chota - Bambamarca - Hualgayoc y el valor de la tasacion,https://epdoc2.elperuano.pe/EpPo/DescargaINDA.asp?Referencias=NDNYQ1hDWENYQzlXVU5ZQlRNTEhZQkxIOVdfX0xIOVdMSFlYWENMSExI,20240531
20240518,2289216-1,TRANSPORTES Y COMUNICACIONES,RESOLUCION MINISTERIAL,No 242-2024-MTC/01.02,Aprueban ejecucion de expropiacion de areas afectadas de bien inmueble para la ejecucion de la Obra: Rehabilitacion y Mejoramiento de la Carretera Puerto Bermudez - San Alejandro Tramo: Ciudad Constitucion - Puerto Sungaro y el valor de tasacion,https://epdoc2.elperuano.pe/EpPo/DescargaINDA.asp?Referencias=NDNYQ1hDWENYQzlXVU5ZQlRNTEhZQkxIOVdfX1ZCOVdMSFlYWENMSExI,20240531
20240518,2289222-1,TRANSPORTES Y COMUNICACIONES,RESOLUCION MINISTERIAL,No 243-2024-MTC/01.02,Aprueban ejecucion de expropiacion de area afectada de un inmueble para la ejecucion de la obra: Rehabilitacion y Mejoramiento de la Carretera Lima - Canta - La Viuda - Unish Tramo: Canta - Huayllay y el valor de tasacion,https://epdoc2.elperuano.pe/EpPo/DescargaINDA.asp?Referencias=NDNYQ1hDWENYQzlXVU5ZQlRNTEhZQkxIOVdfX0xITEhMSFlYWENMSExI,20240531
20240518,2289228-1,TRANSPORTES Y COMUNICACIONES,RESOLUCION MINISTERIAL,No 249-2024-MTC/01.03,Otorgan a la empresa FIBER CONECTA E.I.R.L. Concesion unica para la prestacion de servicios publicos de telecomunicaciones en area que comprende todo el territorio de la Republica,https://epdoc2.elperuano.pe/EpPo/DescargaINDA.asp?Referencias=NDNYQ1hDWENYQzlXVU5ZQlRNTEhZQkxIOVdfX1hDTEhMSFlYWENMSExI,20240531
20240518,2289682-1,VIVIENDA  CONSTRUCCIoN Y SANEAMIENTO,RESOLUCION DIRECTORAL,No 097-2024-VIVIENDA/VMCS/PNSU/1.0,Designan Responsable de la Coordinacion Tecnica del Programa Nacional de Saneamiento Urbano,https://epdoc2.elperuano.pe/EpPo/DescargaINDA.asp?Referencias=NDNYQ1hDWENYQzlXVU5ZQlRNTEhZQkxIOVdfX0xIWENWQllYWENMSExI,20240531
20240518,2289947-1,VIVIENDA  CONSTRUCCIoN Y SANEAMIENTO,RESOLUCION DIRECTORAL,No 116-2024/VIVIENDA/VMCS/PNSR,Designan Jefe de Unidad de la Unidad de Administracion del Programa Nacional de Saneamiento Rural,https://epdoc2.elperuano.pe/EpPo/DescargaINDA.asp?Referencias=NDNYQ1hDWENYQzlXVU5ZQlRNTEhZQkxIOVdfX1dWVE1ZWFlYWENMSExI,20240531
20240518,2289697-1,VIVIENDA  CONSTRUCCIoN Y SANEAMIENTO,RESOLUCION MINISTERIAL,No 174-2024-VIVIENDA,Aprueban la octava convocatoria del ano 2024 para el otorgamiento de ochenta y tres Bonos de Arrendamiento de Vivienda para Emergencias dirigida a damnificados con viviendas colapsadas o inhabitables ante intensas precipitaciones pluviales ubicadas en varios distritos de las provincias de Leoncio Prado Pachitea y Huanuco del departamento de Huanuco,https://epdoc2.elperuano.pe/EpPo/DescargaINDA.asp?Referencias=NDNYQ1hDWENYQzlXVU5ZQlRNTEhZQkxIOVdfX1dWWVhWQllYWENMSExI,20240531
20240518,2289711-1,VIVIENDA  CONSTRUCCIoN Y SANEAMIENTO,RESOLUCION MINISTERIAL,No 175-2024-VIVIENDA,Aprueban la novena convocatoria del ano 2024 para el otorgamiento de veintisiete Bonos de Arrendamiento de Vivienda para Emergencias dirigida a damnificados con viviendas colapsadas o inhabitables ante intensas precipitaciones pluviales ubicadas en varios distritos de las provincias de Arequipa Castilla y Caylloma del departamento de Arequipa,https://epdoc2.elperuano.pe/EpPo/DescargaINDA.asp?Referencias=NDNYQ1hDWENYQzlXVU5ZQlRNTEhZQkxIOVdfXzlXOVdXVllYWENMSExI,20240531
20240518,2289958-1,DESPACHO PRESIDENCIAL,RESOLUCION,No 000027-2024-DP/SG,Designan Secretario de la Secretaria de Actividades del Despacho Presidencial,https://epdoc2.elperuano.pe/EpPo/DescargaINDA.asp?Referencias=NDNYQ1hDWENYQzlXVU5ZQlRNTEhZQkxIOVdfX1hDVU5ZWFlYWENMSExI,20240531
20240518,2289959-1,DESPACHO PRESIDENCIAL,RESOLUCION,No 000028-2024-DP/SG,Designan Directora de la Direccion de Comunicacion Estrategica e Imagen Institucional de la Secretaria de Comunicacion Estrategica y Prensa del Despacho Presidencial,https://epdoc2.elperuano.pe/EpPo/DescargaINDA.asp?Referencias=NDNYQ1hDWENYQzlXVU5ZQlRNTEhZQkxIOVdfX1lYVU5ZWFlYWENMSExI,20240531
20240518,2289949-1,SEGURO INTEGRAL DE SALUD,RESOLUCION JEFATURAL,No 000062-2024-SIS/J,Aprueban el Plan Operativo Institucional Multianual 2025-2027 del Seguro Integral de Salud,https://epdoc2.elperuano.pe/EpPo/DescargaINDA.asp?Referencias=NDNYQ1hDWENYQzlXVU5ZQlRNTEhZQkxIOVdfX1lYVE1ZWFlYWENMSExI,20240531
20240518,2289952-1,SEGURO INTEGRAL DE SALUD,RESOLUCION JEFATURAL,No 000064-2024-SIS/J,Aprueban Transferencia Financiera de la Unidad Ejecutora 002 - 1423 Fondo Intangible Solidario de Salud - FISSAL a favor de las unidades ejecutoras para el financiamiento de las prestaciones de salud,https://epdoc2.elperuano.pe/EpPo/DescargaINDA.asp?Referencias=NDNYQ1hDWENYQzlXVU5ZQlRNTEhZQkxIOVdfX0xIVU5ZWFlYWENMSExI,20240531
20240518,2289943-1,SERVICIO NACIONAL DE CAPACITACION PARA LA INDUSTRIA DE LA CONSTRUCCION,RESOLUCION,No 000126-2024-02.00/SENCICO,Aprueban Transferencia Financiera a favor de la Contraloria General de la Republica,https://epdoc2.elperuano.pe/EpPo/DescargaINDA.asp?Referencias=NDNYQ1hDWENYQzlXVU5ZQlRNTEhZQkxIOVdfX1M4VE1ZWFlYWENMSExI,20240531
20240518,2289622-1,ORGANISMO SUPERVISOR DE LA INVERSIoN EN ENERGiA Y MINERiA,RESOLUCION,No 069-2024-OS/CD,Designan vocales de la Junta de Apelaciones de Reclamos de Usuarios y del Tribunal de Apelaciones de Sanciones en Temas de Energia y Mineria del Organismo Supervisor de la Inversion en Energia y Mineria,https://epdoc2.elperuano.pe/EpPo/DescargaINDA.asp?Referencias=NDNYQ1hDWENYQzlXVU5ZQlRNTEhZQkxIOVdfX0xITEhWQllYWENMSExI,20240531
20240518,2289571-1,COMISIoN DE PROMOCIoN DEL PERu PARA LA EXPORTACIoN Y EL TURISMO,RESOLUCION,No 000083-2024-PROMPERU/PE,Designan Asesor de la Presidencia Ejecutiva de PROMPERu,https://epdoc2.elperuano.pe/EpPo/DescargaINDA.asp?Referencias=NDNYQ1hDWENYQzlXVU5ZQlRNTEhZQkxIOVdfXzlXV1ZVTllYWENMSExI,20240531
20240518,2289859-1,CONSEJO NACIONAL DE CIENCIA  TECNOLOGiA E INNOVACIoN TECNOLoGICA,RESOLUCION,No 049-2024-CONCYTEC-P,Aceptan renuncia de Asesor de la Presidencia del CONCYTEC,https://epdoc2.elperuano.pe/EpPo/DescargaINDA.asp?Referencias=NDNYQ1hDWENYQzlXVU5ZQlRNTEhZQkxIOVdfX1lYVU5YQ1lYWENMSExI,20240531
20240518,2289870-1,CONSEJO NACIONAL DE CIENCIA  TECNOLOGiA E INNOVACIoN TECNOLoGICA,RESOLUCION,No 026-2024-CONCYTEC-SG,Designan Secretario Tecnico y Secretaria Tecnica de los organos Instructores del Procedimiento Administrativo Disciplinario del CONCYTEC,https://epdoc2.elperuano.pe/EpPo/DescargaINDA.asp?Referencias=NDNYQ1hDWENYQzlXVU5ZQlRNTEhZQkxIOVdfX1lCV1ZYQ1lYWENMSExI,20240531
20240518,2289199-1,SUPERINTENDENCIA NACIONAL DE ADUANAS Y DE ADMINISTRACIoN TRIBUTARIA,RESOLUCION,No 000087-2024-SUNAT/800000,Precisan que los fedatarios administrativos designados continuan ejerciendo sus funciones en las intendencias de tributos internos,https://epdoc2.elperuano.pe/EpPo/DescargaINDA.asp?Referencias=NDNYQ1hDWENYQzlXVU5ZQlRNTEhZQkxIOVdfX1lYWVg5V1lYWENMSExI,20240531
20240518,2289208-1,SUPERINTENDENCIA NACIONAL DE ADUANAS Y DE ADMINISTRACIoN TRIBUTARIA,RESOLUCION,No 000088-2024-SUNAT/800000,Precisan que los fedatarios institucionales designados continuan ejerciendo sus funciones en las intendencias de tributos internos,https://epdoc2.elperuano.pe/EpPo/DescargaINDA.asp?Referencias=NDNYQ1hDWENYQzlXVU5ZQlRNTEhZQkxIOVdfX1hDWUJMSFlYWENMSExI,20240531
20240518,2289885-1,CONSEJO EJECUTIVO DEL PODER JUDICIAL,INVESTIGACION,DEFINITIVA No 550-2022-AREQUIPA,Imponen medida disciplinaria de destitucion a Juez de Paz de la Comunidad Campesina de Ispacas distrito de Yanaquihua provincia de Condesuyos Corte Superior de Justicia de Arequipa,https://epdoc2.elperuano.pe/EpPo/DescargaINDA.asp?Referencias=NDNYQ1hDWENYQzlXVU5ZQlRNTEhZQkxIOVdfX1VOWENYQ1lYWENMSExI,20240531
20240518,2289890-1,CONSEJO EJECUTIVO DEL PODER JUDICIAL,INVESTIGACION,DEFINITIVA No 031-2021-LA LIBERTAD,Imponen medida disciplinaria de destitucion a Juez del Juzgado de Paz de unica Nominacion de Chiquitoy Corte Superior de Justicia de La Libertad,https://epdoc2.elperuano.pe/EpPo/DescargaINDA.asp?Referencias=NDNYQ1hDWENYQzlXVU5ZQlRNTEhZQkxIOVdfX1lCWVhYQ1lYWENMSExI,20240531
20240518,2289908-1,CONSEJO EJECUTIVO DEL PODER JUDICIAL,RESOLUCION ADMINISTRATIVA,No 000064-2024-P-CE-PJ,Modifican los articulos tercero y quinto de la Resolucion Administrativa No 000011-2024-P-CE-PJ,https://epdoc2.elperuano.pe/EpPo/DescargaINDA.asp?Referencias=NDNYQ1hDWENYQzlXVU5ZQlRNTEhZQkxIOVdfX1hDWUJZWFlYWENMSExI,20240531
20240518,2289804-1,CORTES SUPERIORES DE JUSTICIA,RESOLUCION ADMINISTRATIVA,No 000368-2024-P-CSJLI-PJ,Amplian plazo para la remision y redistribucion de expedientes dispuesta mediante Res. Adm. No 343-2024-P-CSJLI-PJ de la Corte Superior de Justicia de Lima,https://epdoc2.elperuano.pe/EpPo/DescargaINDA.asp?Referencias=NDNYQ1hDWENYQzlXVU5ZQlRNTEhZQkxIOVdfX1RNWUJYQ1lYWENMSExI,20240531
20240518,2289624-1,BANCO CENTRAL DE RESERVA,RESOLUCION,No 0025-2024-BCRP-N,Autorizan mision en el exterior a funcionario para participar en evento a realizarse en Mexico,https://epdoc2.elperuano.pe/EpPo/DescargaINDA.asp?Referencias=NDNYQ1hDWENYQzlXVU5ZQlRNTEhZQkxIOVdfX1RNTEhWQllYWENMSExI,20240531
20240518,2280204-1,INSTITUCIONES EDUCATIVAS,RESOLUCION,No 185-2024-CCO-UNAJ,Aprueban el Texto unico de Servicios No Exclusivos (TUSNE) de la Universidad Nacional de Juliaca,https://epdoc2.elperuano.pe/EpPo/DescargaINDA.asp?Referencias=NDNYQ1hDWENYQzlXVU5ZQlRNTEhZQkxIOVdfX1RNWUJMSFlCWENMSExI,20240531
20240518,2289860-1,INSTITUCIONES EDUCATIVAS,RESOLUCION,No 1720-2024-UNI,Autorizan Transferencia Financiera de la Universidad Nacional de Ingenieria a favor del Pliego 022: Ministerio Publico con cargo a la Unidad Ejecutora 012: Autoridad Nacional de Control del Ministerio Publico,https://epdoc2.elperuano.pe/EpPo/DescargaINDA.asp?Referencias=NDNYQ1hDWENYQzlXVU5ZQlRNTEhZQkxIOVdfX1lCVkJYQ1lYWENMSExI,20240531
20240518,2289800-1,JURADO NACIONAL DE ELECCIONES,RESOLUCION,No 0128-2024-JNE,Convocan a ciudadano para que asuma el cargo de regidor del Concejo Distrital de Calamarca provincia de Julcan departamento de La Libertad,https://epdoc2.elperuano.pe/EpPo/DescargaINDA.asp?Referencias=NDNYQ1hDWENYQzlXVU5ZQlRNTEhZQkxIOVdfX1lCWUJYQ1lYWENMSExI,20240531
20240518,2289621-1,MINISTERIO PUBLICO,RESOLUCION,No 1173-2024-MP-FN,Nombran fiscal adjunto provincial provisional del Distrito Fiscal de Huancavelica,https://epdoc2.elperuano.pe/EpPo/DescargaINDA.asp?Referencias=NDNYQ1hDWENYQzlXVU5ZQlRNTEhZQkxIOVdfXzlXTEhWQllYWENMSExI,20240531
20240518,2289163-1,OFICINA NACIONAL DE PROCESOS ELECTORALES,RESOLUCION JEFATURAL,No 000104-2024-JN/ONPE,Autorizan viaje de Subgerente de Asistencia Tecnica de la Gerencia de Supervision de Fondos Partidarios a Mexico en comision de servicios,https://epdoc2.elperuano.pe/EpPo/DescargaINDA.asp?Referencias=NDNYQ1hDWENYQzlXVU5ZQlRNTEhZQkxIOVdfX1M4VkI5V1lYWENMSExI,20240531
20240518,2289848-1,TRIBUNAL CONSTITUCIONAL,RESOLUCION ADMINISTRATIVA,No 085-2024-P/TC,Otorgan licencia a magistrados para que asistan a evento a realizarse en Italia,https://epdoc2.elperuano.pe/EpPo/DescargaINDA.asp?Referencias=NDNYQ1hDWENYQzlXVU5ZQlRNTEhZQkxIOVdfX1hDVE1YQ1lYWENMSExI,20240531
20240518,2287927-1,GOBIERNO REGIONAL DE LORETO,ACUERDO,No 057-2024-SO-GRL-CR,Autorizan Transferencia Financiera a favor de la Municipalidad Provincial de Maynas,https://epdoc2.elperuano.pe/EpPo/DescargaINDA.asp?Referencias=NDNYQ1hDWENYQzlXVU5ZQlRNTEhZQkxIOVdfX1dWTEhZWFdWWENMSExI,20240531
20240518,2287927-2,GOBIERNO REGIONAL DE LORETO,ACUERDO,No 058-2024-SO-GRL-CR,Autorizan Transferencia Financiera a favor de la Municipalidad Distrital de Belen,https://epdoc2.elperuano.pe/EpPo/DescargaINDA.asp?Referencias=NDNYQ1hDWENYQzlXVU5ZQlRNTEhZQkxITEhfX1dWTEhZWFdWWENMSExI,20240531
20240518,2287927-3,GOBIERNO REGIONAL DE LORETO,ACUERDO,No 059-2024-SO-GRL-CR,Autorizan Transferencia Financiera a favor de la Municipalidad Provincial de Alto Amazonas-Yurimaguas,https://epdoc2.elperuano.pe/EpPo/DescargaINDA.asp?Referencias=NDNYQ1hDWENYQzlXVU5ZQlRNTEhZQkxIUzhfX1dWTEhZWFdWWENMSExI,20240531
20240518,2287896-1,MUNICIPALIDAD DE SANTA ROSA,ORDENANZA,No 565/MDSR,Establecen el procedimiento para el Reconocimiento y Registro Municipal de las Organizaciones Sociales en el Registro unico de Organizaciones Sociales (RUOS) del distrito de Santa Rosa,https://epdoc2.elperuano.pe/EpPo/DescargaINDA.asp?Referencias=NDNYQ1hDWENYQzlXVU5ZQlRNTEhZQkxIOVdfX1ZCWVhYQ1dWWENMSExI,20240531
20240518,2288732-1,MUNICIPALIDAD PROVINCIAL DE ICA,FE DE ERRATA,R.A. No 246-2024-AMPI,FE DE ERRATA,https://epdoc2.elperuano.pe/EpPo/DescargaINDA.asp?Referencias=NDNYQ1hDWENYQzlXVU5ZQlRNTEhZQkxIOVdfX0xIUzhXVlhDWENMSExI,20240531
20240518,2289837-1,RELACIONES EXTERIORES,CONVENIO,Acuerdo por Intercambio de Notas,Acuerdo por Intercambio de Notas entre el Gobierno de la Republica del Peru y el Gobierno de la Republica Federal de Alemania sobre Cooperacion Tecnica 2022,https://epdoc2.elperuano.pe/EpPo/DescargaINDA.asp?Referencias=NDNYQ1hDWENYQzlXVU5ZQlRNTEhZQkxIOVdfX1dWUzhYQ1lYWENMSExI,20240531
20240518,2289840-1,RELACIONES EXTERIORES,CONVENIO,Entrada en vigor del Acuerdo,Entrada en vigor del Acuerdo por Intercambio de Notas entre el Gobierno de la Republica del Peru y el Gobierno de la Republica Federal de Alemania sobre Cooperacion Tecnica 2022,https://epdoc2.elperuano.pe/EpPo/DescargaINDA.asp?Referencias=NDNYQ1hDWENYQzlXVU5ZQlRNTEhZQkxIOVdfX1lCVE1YQ1lYWENMSExI,20240531
20240517,2289582-1,CONGRESO DE LA REPUBLICA,LEY,No 32027,Ley que autoriza a los trabajadores la libre disposicion del cien por ciento de la Compensacion por Tiempo de Servicios a fin de cubrir sus necesidades por causa de la actual crisis economica,https://epdoc2.elperuano.pe/EpPo/DescargaINDA.asp?Referencias=NDNXVldWV1ZXVjlXVU5ZQlRNTEhZQkxIOVdfX0xIWENVTllYWENMSExI,20240531
20240517,2289582-2,CONGRESO DE LA REPUBLICA,LEY,No 32028,Ley que modifica la Ley 26520 Ley Organica de la Defensoria del Pueblo para promover su fortalecimiento institucional,https://epdoc2.elperuano.pe/EpPo/DescargaINDA.asp?Referencias=NDNXVldWV1ZXVjlXVU5ZQlRNTEhZQkxITEhfX0xIWENVTllYWENMSExI,20240531
20240517,2289582-3,CONGRESO DE LA REPUBLICA,LEY,No 32029,Ley que modifica el Codigo Penal Decreto Legislativo 635 a fin de considerar la duplicacion del plazo de prescripcion de la accion penal en el delito de omision de asistencia familiar,https://epdoc2.elperuano.pe/EpPo/DescargaINDA.asp?Referencias=NDNXVldWV1ZXVjlXVU5ZQlRNTEhZQkxIUzhfX0xIWENVTllYWENMSExI,20240531
20240517,2289562-1,PRESIDENCIA DEL CONSEJO DE MINISTROS,RESOLUCION JEFATURAL,No 068-2024-ANIN/JEF,Aprueban el Plan Operativo Institucional (POI) Multianual 2025-2027 de la Autoridad Nacional de Infraestructura,https://epdoc2.elperuano.pe/EpPo/DescargaINDA.asp?Referencias=NDNXVldWV1ZXVjlXVU5ZQlRNTEhZQkxIOVdfX0xIVkJVTllYWENMSExI,20240531
20240517,2289583-1,PRESIDENCIA DEL CONSEJO DE MINISTROS,RESOLUCION SUPREMA,No 125-2024-PCM,Aceptan renuncia de Ministro del Interior,https://epdoc2.elperuano.pe/EpPo/DescargaINDA.asp?Referencias=NDNXVldWV1ZXVjlXVU5ZQlRNTEhZQkxIOVdfX1M4WENVTllYWENMSExI,20240531
20240517,2289583-2,PRESIDENCIA DEL CONSEJO DE MINISTROS,RESOLUCION SUPREMA,No 126-2024-PCM,Nombran Ministro del Interior,https://epdoc2.elperuano.pe/EpPo/DescargaINDA.asp?Referencias=NDNXVldWV1ZXVjlXVU5ZQlRNTEhZQkxITEhfX1M4WENVTllYWENMSExI,20240531
20240517,2289572-1,AMBIENTE,RESOLUCION,No 049-2024-SENAMHI/PREJ,Designan Directora de la Oficina de Recursos Humanos del Servicio Nacional de Meteorologia e Hidrologia del Peru - SENAMHI,https://epdoc2.elperuano.pe/EpPo/DescargaINDA.asp?Referencias=NDNXVldWV1ZXVjlXVU5ZQlRNTEhZQkxIOVdfX0xIV1ZVTllYWENMSExI,20240531
20240517,2288914-1,CULTURA,RESOLUCION DIRECTORAL,No 000086-2024-DGPA-VMPCIC/MC,Determinan la Proteccion Provisional del Sitio arqueologico Huaca Magdalena Sector A B y C ubicado en el distrito de Alto Laran provincia de Chincha departamento de Ica,https://epdoc2.elperuano.pe/EpPo/DescargaINDA.asp?Referencias=NDNXVldWV1ZXVjlXVU5ZQlRNTEhZQkxIOVdfX1RNOVdZWFhDWENMSExI,20240531
20240517,2289189-1,CULTURA,RESOLUCION MINISTERIAL,No 000211-2024-MC,Designan Directora de Programa Sectorial II de la Sub Direccion Desconcentrada de Patrimonio Cultural Industrias Culturales e Interculturalidad de la Direccion Desconcentrada de Cultura de ancash,https://epdoc2.elperuano.pe/EpPo/DescargaINDA.asp?Referencias=NDNXVldWV1ZXVjlXVU5ZQlRNTEhZQkxIOVdfX1lYWEM5V1lYWENMSExI,20240531
20240517,2289582-10,CULTURA,RESOLUCION SUPREMA,No 005-2024-MC,Designan miembro del Consejo Directivo del Instituto Nacional de Radio y Television del Peru - IRTP,https://epdoc2.elperuano.pe/EpPo/DescargaINDA.asp?Referencias=NjNXVldWV1Y5V1VOWUJUTUxIWUJMSFlCOVdfX0xIWENVTllYWENMSExI,20240531
20240517,2288837-1,DEFENSA,RESOLUCION MINISTERIAL,No 00467-2024-DE,Autorizan viaje de oficial de la Marina de Guerra del Peru al Reino Unido de Gran Bretana e Irlanda del Norte en comision de servicios,https://epdoc2.elperuano.pe/EpPo/DescargaINDA.asp?Referencias=NDNXVldWV1ZXVjlXVU5ZQlRNTEhZQkxIOVdfX1dWUzhYQ1hDWENMSExI,20240531
20240517,2289424-1,DEFENSA,RESOLUCION MINISTERIAL,No 00480-2024-DE,Autorizan viaje de oficial de la Marina de Guerra del Peru a Espana en comision de servicios,https://epdoc2.elperuano.pe/EpPo/DescargaINDA.asp?Referencias=NDNXVldWV1ZXVjlXVU5ZQlRNTEhZQkxIOVdfX1RNTEhUTVlYWENMSExI,20240531
20240517,2289308-1,DESARROLLO AGRARIO Y RIEGO,RESOLUCION,No D000118-2024-MIDAGRI-SERFOR-DE,Designan Directora de la Direccion de Politica y Regulacion de la Direccion General de Politica y Competitividad Forestal y de Fauna Silvestre del Servicio Nacional Forestal y de Fauna Silvestre - SERFOR,https://epdoc2.elperuano.pe/EpPo/DescargaINDA.asp?Referencias=NDNXVldWV1ZXVjlXVU5ZQlRNTEhZQkxIOVdfX1hDWUJTOFlYWENMSExI,20240531
20240517,2289407-1,DESARROLLO AGRARIO Y RIEGO,RESOLUCION DIRECTORAL,No 00045-2024-MIDAGRI-DVDAFIR/PSI,Designan Asesor de la Direccion Ejecutiva del Programa Subsectorial de Irrigaciones y le encargan la Jefatura de la Unidad Gerencial de Infraestructura de Riego y Drenaje,https://epdoc2.elperuano.pe/EpPo/DescargaINDA.asp?Referencias=NDNXVldWV1ZXVjlXVU5ZQlRNTEhZQkxIOVdfX1dWWUJUTVlYWENMSExI,20240531
20240517,2288933-1,DESARROLLO AGRARIO Y RIEGO,RESOLUCION DIRECTORAL,No D000016-2024-MIDAGRI-SENASA-DSA,Aprueban requisitos sanitarios para la importacion de harina de carne y hueso de especie bovina para consumo animal procedente de los Estados Unidos de America,https://epdoc2.elperuano.pe/EpPo/DescargaINDA.asp?Referencias=NDNXVldWV1ZXVjlXVU5ZQlRNTEhZQkxIOVdfX1M4UzhZWFhDWENMSExI,20240531
20240517,2288935-1,DESARROLLO AGRARIO Y RIEGO,RESOLUCION DIRECTORAL,No D000019-2024-MIDAGRI-SENASA-DSV,Autorizan el ingreso al pais de plantas de arandano de origen y procedencia de la Republica de Chile a traves del Complejo Fronterizo Santa Rosa ubicado en el departamento de Tacna bajo la responsabilidad de la empresa Family Farms Peru S.R.L.,https://epdoc2.elperuano.pe/EpPo/DescargaINDA.asp?Referencias=NDNXVldWV1ZXVjlXVU5ZQlRNTEhZQkxIOVdfX1VOUzhZWFhDWENMSExI,20240531
20240517,2289921-1,DESARROLLO AGRARIO Y RIEGO,RESOLUCION DIRECTORAL,No D000020-2024-MIDAGRI-SENASA-DSV,Aprueban el levantamiento temporal de la suspension de los requisitos fitosanitarios para la importacion de manzana fruta fresca (Malus spp.) y de fruta fresca de carozo (durazno ciruela nectarina cereza damasco y plumcot) de origen y procedencia de la Republica de Chile,https://epdoc2.elperuano.pe/EpPo/DescargaINDA.asp?Referencias=NDNXVldWV1ZXVjlXVU5ZQlRNTEhZQkxIOVdfXzlXTEhZWFlYWENMSExI,20240531
20240517,2288922-1,DESARROLLO AGRARIO Y RIEGO,RESOLUCION JEFATURAL,No D000059-2024-MIDAGRI-SENASA-JN,Aprueban el Plan de Estrategia Publicitaria para el ano 2024 del Servicio Nacional de Sanidad Agraria,https://epdoc2.elperuano.pe/EpPo/DescargaINDA.asp?Referencias=NDNXVldWV1ZXVjlXVU5ZQlRNTEhZQkxIOVdfX0xITEhZWFhDWENMSExI,20240531
20240517,2289287-1,DESARROLLO AGRARIO Y RIEGO,RESOLUCION MINISTERIAL,No 0175-2024-MIDAGRI,Aprueban el Plan Operativo Institucional Multianual 2025-2027 del Pliego 013: Ministerio de Desarrollo Agrario y Riego,https://epdoc2.elperuano.pe/EpPo/DescargaINDA.asp?Referencias=NDNXVldWV1ZXVjlXVU5ZQlRNTEhZQkxIOVdfX1dWWENMSFlYWENMSExI,20240531
20240517,2289252-1,DESARROLLO E INCLUSIoN SOCIAL,RESOLUCION,No D000063-2024-MIDIS/PNPAIS-DE,Designan Coordinador de la Unidad Territorial Loreto del Programa Nacional Plataformas de Accion para la Inclusion Social - PAIS,https://epdoc2.elperuano.pe/EpPo/DescargaINDA.asp?Referencias=NDNXVldWV1ZXVjlXVU5ZQlRNTEhZQkxIOVdfX0xIVU5MSFlYWENMSExI,20240531
20240517,2289513-1,DESARROLLO E INCLUSIoN SOCIAL,RESOLUCION,No D000047-2024-MIDIS/P65-DE,Designan Jefe de la Unidad Territorial de Cajamarca del Programa Nacional de Asistencia Solidaria Pension 65,https://epdoc2.elperuano.pe/EpPo/DescargaINDA.asp?Referencias=NDNXVldWV1ZXVjlXVU5ZQlRNTEhZQkxIOVdfX1M4OVdVTllYWENMSExI,20240531
20240517,2289582-4,ECONOMIA Y FINANZAS,DECRETO SUPREMO,No 087-2024-EF,Decreto Supremo que autoriza Transferencia de Partidas en el Presupuesto del Sector Publico para el Ano Fiscal 2024 a favor del Gobierno Regional de Piura,https://epdoc2.elperuano.pe/EpPo/DescargaINDA.asp?Referencias=NDNXVldWV1ZXVjlXVU5ZQlRNTEhZQkxIVE1fX0xIWENVTllYWENMSExI,20240531
20240517,2289582-5,ECONOMIA Y FINANZAS,DECRETO SUPREMO,No 088-2024-EF,Decreto Supremo que autoriza Transferencia de Partidas en el Presupuesto del Sector Publico para el Ano Fiscal 2024 a favor del Ministerio de Educacion,https://epdoc2.elperuano.pe/EpPo/DescargaINDA.asp?Referencias=NDNXVldWV1ZXVjlXVU5ZQlRNTEhZQkxIVU5fX0xIWENVTllYWENMSExI,20240531
20240517,2289582-6,ECONOMIA Y FINANZAS,DECRETO SUPREMO,No 089-2024-EF,Decreto Supremo que autoriza Transferencia de Partidas en el Presupuesto del Sector Publico para el Ano Fiscal 2024 a favor del Ministerio de Defensa,https://epdoc2.elperuano.pe/EpPo/DescargaINDA.asp?Referencias=NDNXVldWV1ZXVjlXVU5ZQlRNTEhZQkxIVkJfX0xIWENVTllYWENMSExI,20240531
20240517,2289582-9,ECONOMIA Y FINANZAS,RESOLUCION SUPREMA,No 019-2024-EF,Designan miembro del Directorio de la Superintendencia del Mercado de Valores en representacion del Banco Central de Reserva del Peru - BCRP,https://epdoc2.elperuano.pe/EpPo/DescargaINDA.asp?Referencias=NDNXVldWV1ZXVjlXVU5ZQlRNTEhZQkxIWVhfX0xIWENVTllYWENMSExI,20240531
20240517,2289435-1,EDUCACION,RESOLUCION DIRECTORAL,No 000092-2024-MINEDU-VMGI-PRONIED-DE,Designan Director de Sistema Administrativo III de la Oficina General de Administracion del Programa Nacional de Infraestructura Educativa,https://epdoc2.elperuano.pe/EpPo/DescargaINDA.asp?Referencias=NDNXVldWV1ZXVjlXVU5ZQlRNTEhZQkxIOVdfX1VOUzhUTVlYWENMSExI,20240531
20240517,2289215-1,EDUCACION,RESOLUCION MINISTERIAL,No 225-2024-MINEDU,Designan Directora General de la Direccion General de Infraestructura Educativa,https://epdoc2.elperuano.pe/EpPo/DescargaINDA.asp?Referencias=NDNXVldWV1ZXVjlXVU5ZQlRNTEhZQkxIOVdfX1VOOVdMSFlYWENMSExI,20240531
20240517,2289521-1,EDUCACION,RESOLUCION MINISTERIAL,No 227-2024-MINEDU,Designan Jefa de la Oficina de Comunicaciones de la Oficina General de Comunicaciones dependiente de la Secretaria General del Ministerio,https://epdoc2.elperuano.pe/EpPo/DescargaINDA.asp?Referencias=NDNXVldWV1ZXVjlXVU5ZQlRNTEhZQkxIOVdfXzlXTEhVTllYWENMSExI,20240531
20240517,2289524-1,EDUCACION,RESOLUCION MINISTERIAL,No 228-2024-MINEDU,Designan Jefa de la Oficina General de Comunicaciones dependiente de la Secretaria General del Ministerio,https://epdoc2.elperuano.pe/EpPo/DescargaINDA.asp?Referencias=NDNXVldWV1ZXVjlXVU5ZQlRNTEhZQkxIOVdfX1RNTEhVTllYWENMSExI,20240531
20240517,2289527-1,EDUCACION,RESOLUCION MINISTERIAL,No 229-2024-MINEDU,Designan Jefe de la Oficina de Prensa de la Oficina General de Comunicaciones dependiente de la Secretaria General del Ministerio,https://epdoc2.elperuano.pe/EpPo/DescargaINDA.asp?Referencias=NDNXVldWV1ZXVjlXVU5ZQlRNTEhZQkxIOVdfX1dWTEhVTllYWENMSExI,20240531
20240517,2289235-1,MUJER Y POBLACIONES VULNERABLES,RESOLUCION,No D000085-2024-CONADIS-PRE,Designan Directora I de la Unidad de Recursos Humanos de la Oficina de Administracion del Consejo Nacional para la Integracion de la Persona con Discapacidad (CONADIS),https://epdoc2.elperuano.pe/EpPo/DescargaINDA.asp?Referencias=NDNXVldWV1ZXVjlXVU5ZQlRNTEhZQkxIOVdfX1VOUzhMSFlYWENMSExI,20240531
20240517,2289245-1,MUJER Y POBLACIONES VULNERABLES,RESOLUCION,No D000086-2024-CONADIS-PRE,Designan Directora II de la Oficina de Planeamiento Presupuesto y Modernizacion del Consejo Nacional para la Integracion de la Persona con Discapacidad (CONADIS),https://epdoc2.elperuano.pe/EpPo/DescargaINDA.asp?Referencias=NDNXVldWV1ZXVjlXVU5ZQlRNTEhZQkxIOVdfX1VOVE1MSFlYWENMSExI,20240531
20240517,2289582-8,PRODUCE,DECRETO SUPREMO,No 007-2024-PRODUCE,Decreto Supremo que aprueba el Reglamento de la Ley de Etiquetado y Verificacion de los Reglamentos Tecnicos de los Productos Industriales Manufacturados aprobada por el Decreto Legislativo No 1304,https://epdoc2.elperuano.pe/EpPo/DescargaINDA.asp?Referencias=NDNXVldWV1ZXVjlXVU5ZQlRNTEhZQkxIWENfX0xIWENVTllYWENMSExI,20240531
20240517,2289570-1,PRODUCE,RESOLUCION,No 000080-2024-ITP/DE,Modifican el Tarifario de Servicios Tecnologicos del Centro de Innovacion Productiva y Transferencia Tecnologica Agroindustrial Oxapampa - CITEagroindustrial Oxapampa,https://epdoc2.elperuano.pe/EpPo/DescargaINDA.asp?Referencias=NDNXVldWV1ZXVjlXVU5ZQlRNTEhZQkxIOVdfX1lCV1ZVTllYWENMSExI,20240531
20240517,2289582-7,RELACIONES EXTERIORES,DECRETO SUPREMO,No 018-2024-RE,Decreto Supremo que modifica el Anexo B: Cuotas Internacionales para el Ano Fiscal 2024 de la Ley No 31953 Ley de Presupuesto del Sector Publico para el Ano Fiscal 2024,https://epdoc2.elperuano.pe/EpPo/DescargaINDA.asp?Referencias=NDNXVldWV1ZXVjlXVU5ZQlRNTEhZQkxIV1ZfX0xIWENVTllYWENMSExI,20240531
20240517,2289295-1,SALUD,RESOLUCION MINISTERIAL,No 337-2024/MINSA,Aprueban siete Fichas de Homologacion de Tubos orofaringeos no esteriles y la modificacion de siete Fichas de Homologacion de Tubos orofaringeos esteriles,https://epdoc2.elperuano.pe/EpPo/DescargaINDA.asp?Referencias=NDNXVldWV1ZXVjlXVU5ZQlRNTEhZQkxIOVdfX1VOWVhMSFlYWENMSExI,20240531
20240517,2289298-1,SALUD,RESOLUCION MINISTERIAL,No 339-2024/MINSA,Modifican la Directiva Administrativa No 249-MINSA/2018/DIGEMID Gestion del Sistema Integrado de Suministro Publico de Productos Farmaceuticos Dispositivos Medicos y Productos Sanitarios - SISMED,https://epdoc2.elperuano.pe/EpPo/DescargaINDA.asp?Referencias=NDNXVldWV1ZXVjlXVU5ZQlRNTEhZQkxIOVdfX1hDWVhMSFlYWENMSExI,20240531
20240517,2289301-1,SALUD,RESOLUCION MINISTERIAL,No 340-2024/MINSA,Autorizan viaje de profesionales de la Direccion General de Medicamentos Insumos y Drogas a la Republica Popular China comision de servicios,https://epdoc2.elperuano.pe/EpPo/DescargaINDA.asp?Referencias=NDNXVldWV1ZXVjlXVU5ZQlRNTEhZQkxIOVdfXzlXWUJTOFlYWENMSExI,20240531
20240517,2289307-1,SALUD,RESOLUCION MINISTERIAL,No 341-2024/MINSA,Autorizan viaje de profesionales de la Direccion General de Medicamentos Insumos y Drogas a Argentina en comision de servicios,https://epdoc2.elperuano.pe/EpPo/DescargaINDA.asp?Referencias=NDNXVldWV1ZXVjlXVU5ZQlRNTEhZQkxIOVdfX1dWWUJTOFlYWENMSExI,20240531
20240517,2289311-1,SALUD,RESOLUCION MINISTERIAL,No 342-2024/MINSA,Designan Ejecutivo Adjunto I del Centro Nacional de Abastecimiento de Recursos Estrategicos en Salud,https://epdoc2.elperuano.pe/EpPo/DescargaINDA.asp?Referencias=NDNXVldWV1ZXVjlXVU5ZQlRNTEhZQkxIOVdfXzlXOVdTOFlYWENMSExI,20240531
20240517,2289395-1,SALUD,RESOLUCION MINISTERIAL,No 343-2024/MINSA,Designan Ejecutiva Adjunta I de la Direccion General de Salud Ambiental e Inocuidad Alimentaria,https://epdoc2.elperuano.pe/EpPo/DescargaINDA.asp?Referencias=NDNXVldWV1ZXVjlXVU5ZQlRNTEhZQkxIOVdfX1VOWVhTOFlYWENMSExI,20240531
20240517,2289574-1,SALUD,RESOLUCION MINISTERIAL,No 346-2024/MINSA,Designan Secretario General del Ministerio de Salud,https://epdoc2.elperuano.pe/EpPo/DescargaINDA.asp?Referencias=NDNXVldWV1ZXVjlXVU5ZQlRNTEhZQkxIOVdfX1RNV1ZVTllYWENMSExI,20240531
20240517,2289425-1,TRABAJO Y PROMOCION DEL EMPLEO,RESOLUCION MINISTERIAL,No 083-2024-TR,Designan Coordinadora II de la Oficina General de Asesoria Juridica,https://epdoc2.elperuano.pe/EpPo/DescargaINDA.asp?Referencias=NDNXVldWV1ZXVjlXVU5ZQlRNTEhZQkxIOVdfX1VOTEhUTVlYWENMSExI,20240531
20240517,2288941-1,TRANSPORTES Y COMUNICACIONES,RESOLUCION MINISTERIAL,No 234-2024-MTC/01.02,Autorizan viaje de inspectores de la Direccion General de Aeronautica Civil a Chile en comision de servicios,https://epdoc2.elperuano.pe/EpPo/DescargaINDA.asp?Referencias=NDNXVldWV1ZXVjlXVU5ZQlRNTEhZQkxIOVdfXzlXVE1ZWFhDWENMSExI,20240531
20240517,2289090-1,TRANSPORTES Y COMUNICACIONES,RESOLUCION MINISTERIAL,No 238-2024-MTC/01.02,Dejan sin efecto la R.M. No 849-2022-MTC/01.02 que aprueba la ejecucion de la Expropiacion y el valor de la Tasacion de un (01) inmueble para la ejecucion del proyecto: Construccion del anillo vial periferico de la ciudad de Lima y Callao,https://epdoc2.elperuano.pe/EpPo/DescargaINDA.asp?Referencias=NDNXVldWV1ZXVjlXVU5ZQlRNTEhZQkxIOVdfX1lCWVhZQllYWENMSExI,20240531
20240517,2289112-1,TRANSPORTES Y COMUNICACIONES,RESOLUCION MINISTERIAL,No 239-2024-MTC/01.02,Autorizan viaje de inspector de la Direccion General de Aeronautica Civil a EE.UU. en comision de servicios,https://epdoc2.elperuano.pe/EpPo/DescargaINDA.asp?Referencias=NDNXVldWV1ZXVjlXVU5ZQlRNTEhZQkxIOVdfX0xIOVc5V1lYWENMSExI,20240531
20240517,2289230-1,TRANSPORTES Y COMUNICACIONES,RESOLUCION MINISTERIAL,No 251-2024-MTC/01.02,Disponen la publicacion del proyecto de Resolucion Ministerial que aprueba el listado de paginas web de consulta del historial de vehiculos de acuerdo a lo dispuesto en el articulo 94 C del Reglamento Nacional de Vehiculos aprobado por Decreto Supremo No 058-2003-MTC,https://epdoc2.elperuano.pe/EpPo/DescargaINDA.asp?Referencias=NDNXVldWV1ZXVjlXVU5ZQlRNTEhZQkxIOVdfX1lCUzhMSFlYWENMSExI,20240531
20240517,2289464-1,VIVIENDA  CONSTRUCCIoN Y SANEAMIENTO,RESOLUCION MINISTERIAL,No 173-2024-VIVIENDA,Autorizan Transferencia Financiera a favor de diversas Empresas Prestadoras de Servicios de Saneamiento,https://epdoc2.elperuano.pe/EpPo/DescargaINDA.asp?Referencias=NDNXVldWV1ZXVjlXVU5ZQlRNTEhZQkxIOVdfX1RNVkJUTVlYWENMSExI,20240531
20240517,2289503-1,BIBLIOTECA NACIONAL DEL PERU,RESOLUCION JEFATURAL,No 000048-2024-BNP,Aprueban el Protocolo denominado Servicio de atencion en las salas de lectura y de estudio de la Biblioteca Nacional del Peru - sede San Borja Version 3,https://epdoc2.elperuano.pe/EpPo/DescargaINDA.asp?Referencias=NDNXVldWV1ZXVjlXVU5ZQlRNTEhZQkxIOVdfX1M4WUJVTllYWENMSExI,20240531
20240517,2289595-1,AUTORIDAD NACIONAL DEL AGUA,RESOLUCION JEFATURAL,No 0199-2024-ANA,Designan Directora de la Direccion de Planificacion y Desarrollo de los Recursos Hidricos de la Autoridad Nacional del Agua,https://epdoc2.elperuano.pe/EpPo/DescargaINDA.asp?Referencias=NDNXVldWV1ZXVjlXVU5ZQlRNTEhZQkxIOVdfX1VOWVhVTllYWENMSExI,20240531
20240517,2289273-1,INSTITUTO NACIONAL DE ESTADISTICA E INFORMATICA,RESOLUCION JEFATURAL,No 127-2024-INEI,Aprueban los Factores de Reajuste que debe aplicarse a las obras de edificacion correspondiente a las seis (6) areas Geograficas para las Obras del Sector Privado producidas en el mes de abril de 2024,https://epdoc2.elperuano.pe/EpPo/DescargaINDA.asp?Referencias=NDNXVldWV1ZXVjlXVU5ZQlRNTEhZQkxIOVdfX1M4V1ZMSFlYWENMSExI,20240531
20240517,2289276-1,INSTITUTO NACIONAL DE ESTADISTICA E INFORMATICA,RESOLUCION JEFATURAL,No 126-2024-INEI,Aprueban los indices Unificados de Precios de la Construccion para las seis (6) areas Geograficas correspondientes al mes de abril de 2024,https://epdoc2.elperuano.pe/EpPo/DescargaINDA.asp?Referencias=NDNXVldWV1ZXVjlXVU5ZQlRNTEhZQkxIOVdfX1ZCV1ZMSFlYWENMSExI,20240531
20240517,2289487-1,CONSEJO EJECUTIVO DEL PODER JUDICIAL,RESOLUCION ADMINISTRATIVA,No 000158-2024-CE-PJ,Crean el Juzgado de Paz del Centro Poblado de Lanche con competencia territorial en el Centro Poblado de Lanche distrito y provincia de Cutervo departamento de Cajamarca Distrito Judicial de Lambayeque,https://epdoc2.elperuano.pe/EpPo/DescargaINDA.asp?Referencias=NDNXVldWV1ZXVjlXVU5ZQlRNTEhZQkxIOVdfX1dWWENUTVlYWENMSExI,20240531
20240517,2289496-1,CONSEJO EJECUTIVO DEL PODER JUDICIAL,RESOLUCION ADMINISTRATIVA,No 000159-2024-CE-PJ,Disponen conforme al articulo 30 del Reglamento para el Proceso de Inscripcion y Postulacion para el curso del Proyecto de Estandarizacion y Creacion del Grupo de Formador de Formadores en las Distintas Especialidades del Poder Judicial el reconocimiento y registro como Formador de Formadores del Poder Judicial a los 78 senores magistrados y magistradas que aprobaron las dos etapas del curso,https://epdoc2.elperuano.pe/EpPo/DescargaINDA.asp?Referencias=NDNXVldWV1ZXVjlXVU5ZQlRNTEhZQkxIOVdfX1ZCWVhUTVlYWENMSExI,20240531
20240517,2289504-1,CONSEJO EJECUTIVO DEL PODER JUDICIAL,RESOLUCION ADMINISTRATIVA,No 000160-2024-CE-PJ,Disponen que el acceso a la base de datos Registro unico de Identificacion de las Personas Naturales se encuentre siempre asociado a las partes o sujetos procesales intervinientes en un proceso judicial y dictan otras disposiciones,https://epdoc2.elperuano.pe/EpPo/DescargaINDA.asp?Referencias=NDNXVldWV1ZXVjlXVU5ZQlRNTEhZQkxIOVdfX1RNWUJVTllYWENMSExI,20240531
20240517,2289506-1,CONSEJO EJECUTIVO DEL PODER JUDICIAL,RESOLUCION ADMINISTRATIVA,No 000161-2024-CE-PJ,Disponen que las Cortes Superiores de Justicia del pais deben proceder a la convocatoria de los Concursos de Seleccion de Jueces Supernumerarios en su jurisdiccion  asi como culminar en breve termino los concursos iniciados o realizar nuevos concursos en los casos que se requiera,https://epdoc2.elperuano.pe/EpPo/DescargaINDA.asp?Referencias=NDNXVldWV1ZXVjlXVU5ZQlRNTEhZQkxIOVdfX1ZCWUJVTllYWENMSExI,20240531
20240517,2289531-1,CONSEJO EJECUTIVO DEL PODER JUDICIAL,RESOLUCION ADMINISTRATIVA,No 000162-2024-CE-PJ,Dejan sin efecto la Resolucion Administrativa N.o 000213-2023-CE-PJ y establecen medidas para la mejor marcha administrativa del despacho judicial,https://epdoc2.elperuano.pe/EpPo/DescargaINDA.asp?Referencias=NDNXVldWV1ZXVjlXVU5ZQlRNTEhZQkxIOVdfXzlXUzhVTllYWENMSExI,20240531
20240517,2287077-1,BANCO CENTRAL DE RESERVA,RESOLUCION,No 0024-2024-BCRP-N,Autorizan viaje de Especialista de Analisis Tactico de Inversiones Internacionales para participar en evento que se realizara en Espana,https://epdoc2.elperuano.pe/EpPo/DescargaINDA.asp?Referencias=NDNXVldWV1ZXVjlXVU5ZQlRNTEhZQkxIOVdfX1dWV1ZZQldWWENMSExI,20240531
20240517,2275567-1,INSTITUCIONES EDUCATIVAS,RESOLUCION,No 0923-2024-UNI,Otorgan duplicado de Diploma de Titulo Profesional de Ingeniero Industrial de la Universidad Nacional de Ingenieria,https://epdoc2.elperuano.pe/EpPo/DescargaINDA.asp?Referencias=NDNXVldWV1ZXVjlXVU5ZQlRNTEhZQkxIOVdfX1dWVkJVTlVOV1ZMSExI,20240531
20240517,2276644-1,INSTITUCIONES EDUCATIVAS,RESOLUCION,No 173-2024-UNAM/CO,Autorizan viaje de docente investigador de la Universidad Nacional de Moquegua a Colombia en comision de servicios,https://epdoc2.elperuano.pe/EpPo/DescargaINDA.asp?Referencias=NDNXVldWV1ZXVjlXVU5ZQlRNTEhZQkxIOVdfX1RNVE1WQlZCV1ZMSExI,20240531
20240517,2286037-1,INSTITUCIONES EDUCATIVAS,RESOLUCION,No 13043-2024-UNJBG,Autorizan Transferencia Financiera de la Universidad Nacional Jorge Basadre Grohmann a favor de la Contraloria General de la Republica,https://epdoc2.elperuano.pe/EpPo/DescargaINDA.asp?Referencias=NDNXVldWV1ZXVjlXVU5ZQlRNTEhZQkxIOVdfX1dWUzhZQlZCWENMSExI,20240531
20240517,2289195-1,INSTITUCIONES EDUCATIVAS,RESOLUCION,No 1538-2024-R-UNE,Autorizan la participacion de Rectora de la Universidad Nacional de Educacion Enrique Guzman y Valle en evento a realizarse en los EE.UU.,https://epdoc2.elperuano.pe/EpPo/DescargaINDA.asp?Referencias=NDNXVldWV1ZXVjlXVU5ZQlRNTEhZQkxIOVdfX1VOWVg5V1lYWENMSExI,20240531
20240517,2289443-1,JURADO NACIONAL DE ELECCIONES,RESOLUCION,No 0127-2024-JNE,Declaran infundada solicitud de suspension presentada en contra de regidora del Concejo Distrital de San Juan de Miraflores provincia y departamento de Lima,https://epdoc2.elperuano.pe/EpPo/DescargaINDA.asp?Referencias=NDNXVldWV1ZXVjlXVU5ZQlRNTEhZQkxIOVdfX1M4VE1UTVlYWENMSExI,20240531
20240517,2289473-1,JURADO NACIONAL DE ELECCIONES,RESOLUCION,No 0131-2024-JNE,Declaran la nulidad de todo lo actuado en procedimiento de vacancia seguido en contra de regidor del Concejo Distrital de Matara provincia y departamento de Cajamarca,https://epdoc2.elperuano.pe/EpPo/DescargaINDA.asp?Referencias=NDNXVldWV1ZXVjlXVU5ZQlRNTEhZQkxIOVdfX1M4V1ZUTVlYWENMSExI,20240531
20240517,2289483-1,JURADO NACIONAL DE ELECCIONES,RESOLUCION,No 0132-2024-JNE,Declaran la nulidad de todo lo actuado en procedimiento de vacancia seguido en contra de regidora del Concejo Distrital de Mangas provincia de Bolognesi departamento de ancash,https://epdoc2.elperuano.pe/EpPo/DescargaINDA.asp?Referencias=NDNXVldWV1ZXVjlXVU5ZQlRNTEhZQkxIOVdfX1M4WENUTVlYWENMSExI,20240531
20240517,2289494-1,JURADO NACIONAL DE ELECCIONES,RESOLUCION,No 0133-2024-JNE,Declaran nulo lo actuado hasta el acto de la notificacion del Acuerdo de Concejo No 004-2024-MDJG/A dirigido a regidor del Concejo Distrital de Jacas Grande provincia de Huamalies departamento de Huanuco en el marco del procedimiento de vacancia seguido en su contra,https://epdoc2.elperuano.pe/EpPo/DescargaINDA.asp?Referencias=NDNXVldWV1ZXVjlXVU5ZQlRNTEhZQkxIOVdfX1RNWVhUTVlYWENMSExI,20240531
20240517,2289474-1,MINISTERIO PUBLICO,RESOLUCION,No 1160-2024-MP-FN,Aceptan renuncia de fiscal adjunto provincial provisional del Distrito Fiscal de la Selva Central,https://epdoc2.elperuano.pe/EpPo/DescargaINDA.asp?Referencias=NDNXVldWV1ZXVjlXVU5ZQlRNTEhZQkxIOVdfX1RNV1ZUTVlYWENMSExI,20240531
20240517,2289475-1,MINISTERIO PUBLICO,RESOLUCION,No 1161-2024-MP-FN,Aceptan renuncia de fiscal adjunta provincial provisional del Distrito Fiscal de Lima Centro,https://epdoc2.elperuano.pe/EpPo/DescargaINDA.asp?Referencias=NDNXVldWV1ZXVjlXVU5ZQlRNTEhZQkxIOVdfX1VOV1ZUTVlYWENMSExI,20240531
20240517,2289476-1,MINISTERIO PUBLICO,RESOLUCION,No 1162-2024-MP-FN,Designan fiscal en el despacho de la Fiscalia Provincial Corporativa Especializada en Delitos de Corrupcion de Funcionarios del Distrito Fiscal de Lima Sur y dictan diversas disposiciones,https://epdoc2.elperuano.pe/EpPo/DescargaINDA.asp?Referencias=NDNXVldWV1ZXVjlXVU5ZQlRNTEhZQkxIOVdfX1ZCV1ZUTVlYWENMSExI,20240531
20240517,2289477-1,MINISTERIO PUBLICO,RESOLUCION,No 1163-2024-MP-FN,Designan fiscal en el despacho de la Decima Primera Fiscalia Provincial Penal Corporativa del Callao,https://epdoc2.elperuano.pe/EpPo/DescargaINDA.asp?Referencias=NDNXVldWV1ZXVjlXVU5ZQlRNTEhZQkxIOVdfX1dWV1ZUTVlYWENMSExI,20240531
20240517,2289478-1,MINISTERIO PUBLICO,RESOLUCION,No 1164-2024-MP-FN,Designan fiscales en el despacho de la Decima Primera Fiscalia Provincial Penal Corporativa del Callao y el 2º Despacho Provincial Penal de la Primera Fiscalia Corporativa Penal de la Victoria-San Luis,https://epdoc2.elperuano.pe/EpPo/DescargaINDA.asp?Referencias=NDNXVldWV1ZXVjlXVU5ZQlRNTEhZQkxIOVdfX1hDV1ZUTVlYWENMSExI,20240531
20240517,2289480-1,MINISTERIO PUBLICO,RESOLUCION,No 1165-2024-MP-FN,Designan fiscales en el despacho de la Octava Fiscalia Provincial Penal Corporativa del Callao y la Segunda Fiscalia Provincial Penal Corporativa de Huaraz,https://epdoc2.elperuano.pe/EpPo/DescargaINDA.asp?Referencias=NDNXVldWV1ZXVjlXVU5ZQlRNTEhZQkxIOVdfX1lCWENUTVlYWENMSExI,20240531
20240517,2289485-1,MINISTERIO PUBLICO,RESOLUCION,No 1167-2024-MP-FN,Designan fiscal provincial titular penal del Callao Distrito Fiscal del Callao,https://epdoc2.elperuano.pe/EpPo/DescargaINDA.asp?Referencias=NDNXVldWV1ZXVjlXVU5ZQlRNTEhZQkxIOVdfX1VOWENUTVlYWENMSExI,20240531
20240517,2289490-1,MINISTERIO PUBLICO,RESOLUCION,No 1168-2024-MP-FN,Nombran fiscal adjunto provincial provisional del Distrito Fiscal de Lima Centro,https://epdoc2.elperuano.pe/EpPo/DescargaINDA.asp?Referencias=NDNXVldWV1ZXVjlXVU5ZQlRNTEhZQkxIOVdfX1lCWVhUTVlYWENMSExI,20240531
20240517,2289491-1,MINISTERIO PUBLICO,RESOLUCION,No 1169-2024-MP-FN,Nombran fiscal adjunta provincial provisional del Distrito Fiscal del Cusco,https://epdoc2.elperuano.pe/EpPo/DescargaINDA.asp?Referencias=NDNXVldWV1ZXVjlXVU5ZQlRNTEhZQkxIOVdfXzlXWVhUTVlYWENMSExI,20240531
20240517,2289493-1,MINISTERIO PUBLICO,RESOLUCION,No 1170-2024-MP-FN,Nombran fiscal adjunto provincial provisional del Distrito Fiscal de Huancavelica,https://epdoc2.elperuano.pe/EpPo/DescargaINDA.asp?Referencias=NDNXVldWV1ZXVjlXVU5ZQlRNTEhZQkxIOVdfX1M4WVhUTVlYWENMSExI,20240531
20240517,2289495-1,MINISTERIO PUBLICO,RESOLUCION,No 1171-2024-MP-FN,Nombran fiscal adjunto provincial provisional transitorio del Distrito Fiscal del Cusco,https://epdoc2.elperuano.pe/EpPo/DescargaINDA.asp?Referencias=NDNXVldWV1ZXVjlXVU5ZQlRNTEhZQkxIOVdfX1VOWVhUTVlYWENMSExI,20240531
20240517,2289498-1,MINISTERIO PUBLICO,RESOLUCION,No 1172-2024-MP-FN,Nombran fiscal adjunto provincial provisional del Distrito Fiscal de Lima Centro,https://epdoc2.elperuano.pe/EpPo/DescargaINDA.asp?Referencias=NDNXVldWV1ZXVjlXVU5ZQlRNTEhZQkxIOVdfX1hDWVhUTVlYWENMSExI,20240531
20240517,2289482-1,MINISTERIO PUBLICO,Resolucion,No 1166-2024-MP-FN,Designan fiscales en el despacho de la Sexta Fiscalia Provincial Penal Corporativa del Callao y en la Oficina de Coordinacion y Enlace de las Fiscalias Especializadas en Delitos de Trafico Ilicito de Drogas,https://epdoc2.elperuano.pe/EpPo/DescargaINDA.asp?Referencias=NDNXVldWV1ZXVjlXVU5ZQlRNTEhZQkxIOVdfX0xIWENUTVlYWENMSExI,20240531
20240517,2288719-1,OFICINA NACIONAL DE PROCESOS ELECTORALES,RESOLUCION JEFATURAL,No 000103-2024-JN/ONPE,Aprueban el Plan Operativo Institucional Multianual 2025-2027 Version 00 del Pliego 032: Oficina Nacional de Procesos Electorales,https://epdoc2.elperuano.pe/EpPo/DescargaINDA.asp?Referencias=NDNXVldWV1ZXVjlXVU5ZQlRNTEhZQkxIOVdfX1lYOVdXVlhDWENMSExI,20240531
20240517,2289411-1,SUPERINTENDENCIA DE BANCA  SEGUROS Y ADMINISTRADORAS PRIVADAS DE FONDOS DE PENSIONES,RESOLUCION,No 01836-2024,Autorizan viaje de funcionarios para participar en evento a realizarse en Francia,https://epdoc2.elperuano.pe/EpPo/DescargaINDA.asp?Referencias=NDNXVldWV1ZXVjlXVU5ZQlRNTEhZQkxIOVdfXzlXOVdUTVlYWENMSExI,20240531
20240517,2288017-1,GOBIERNO REGIONAL DE JUNIN,ACUERDO,No 085-2024-GRJ/CR,Aprueban autorizacion de Transferencia Financiera en la modalidad de cofinanciamiento del proyecto Mejoramiento del servicio de apoyo al desarrollo productivo de los cultivos de palto y guanabana en 15 centros poblados del distrito de Pichanaqui Chanchamayo Junin,https://epdoc2.elperuano.pe/EpPo/DescargaINDA.asp?Referencias=NDNXVldWV1ZXVjlXVU5ZQlRNTEhZQkxIOVdfX1dWOVdZQlhDWENMSExI,20240531
20240517,2288022-1,GOBIERNO REGIONAL DE JUNIN,ACUERDO,No 108-2024-GRJ/CR,Autorizan Transferencia Financiera en la modalidad de financiamiento del proyecto Creacion de pistas y veredas de la Av. Circunvalacion Tramo Carretera Ahuac-Av. Los Heroes distrito de Chupaca Provincia de Chupaca - Junin,https://epdoc2.elperuano.pe/EpPo/DescargaINDA.asp?Referencias=NDNXVldWV1ZXVjlXVU5ZQlRNTEhZQkxIOVdfX0xITEhZQlhDWENMSExI,20240531
20240517,2282561-1,GOBIERNO REGIONAL DE PASCO,ORDENANZA,No 511-2024-G.R.P/CR,Aprueban la creacion de la Instancia Regional de Concertacion de la region Pasco para erradicar la violencia contra la mujer y los integrantes del grupo familiar,https://epdoc2.elperuano.pe/EpPo/DescargaINDA.asp?Referencias=NDNXVldWV1ZXVjlXVU5ZQlRNTEhZQkxIOVdfXzlXVkJVTkxIWENMSExI,20240531
20240517,2283437-1,GOBIERNO REGIONAL DE PASCO,ORDENANZA,No 512-2024-G.R. P/CR,Aprueban adhesion del Gobierno Regional de Pasco a la Mancomunidad Regional Amazonica,https://epdoc2.elperuano.pe/EpPo/DescargaINDA.asp?Referencias=NDNXVldWV1ZXVjlXVU5ZQlRNTEhZQkxIOVdfX1dWUzhUTVM4WENMSExI,20240531
20240517,2283893-1,MUNICIPALIDAD DE CARABAYLLO,ORDENANZA,No 497-MDC,Aprueban la Ordenanza de Regularizacion de Licencia de Edificacion Conformidad de Obra y Declaratoria de Edificacion en el Distrito de Carabayllo,https://epdoc2.elperuano.pe/EpPo/DescargaINDA.asp?Referencias=NDNXVldWV1ZXVjlXVU5ZQlRNTEhZQkxIOVdfX1M4WVhYQ1M4WENMSExI,20240531
20240517,2286320-1,MUNICIPALIDAD DE CARABAYLLO,ORDENANZA,No 498-2024/MDC,Ordenanza que autoriza la celebracion de Matrimonio Civil Comunitario 2024,https://epdoc2.elperuano.pe/EpPo/DescargaINDA.asp?Referencias=NDNXVldWV1ZXVjlXVU5ZQlRNTEhZQkxIOVdfX1lCTEhTOFZCWENMSExI,20240531
20240517,2289178-1,MUNICIPALIDAD DE CIENEGUILLA,Decretos de Alcaldia,No 009-2024-MDC,Convocan al Proceso de Eleccion de los Representantes de la Sociedad Civil ante el Consejo de Coordinacion Local Distrital (CCLD) de Cieneguilla para el periodo 2024-2026,https://epdoc2.elperuano.pe/EpPo/DescargaINDA.asp?Referencias=NDNXVldWV1ZXVjlXVU5ZQlRNTEhZQkxIOVdfX1hDV1Y5V1lYWENMSExI,20240531
20240517,2289281-1,MUNICIPALIDAD DE LA MOLINA,DECRETO DE ALCALDIA,No 001-2024/MDLM,Convocan a la Audiencia Publica de Rendicion de Cuentas 2024-I de la Municipalidad Distrital de La Molina,https://epdoc2.elperuano.pe/EpPo/DescargaINDA.asp?Referencias=NDNXVldWV1ZXVjlXVU5ZQlRNTEhZQkxIOVdfXzlXWENMSFlYWENMSExI,20240531
20240517,2289183-1,MUNICIPALIDAD DE MIRAFLORES,Decretos de Alcaldia,No 010-2024/MM,Convocan a la eleccion de cinco representantes de la Sociedad Civil del distrito de Miraflores ante el Consejo de Coordinacion Local Distrital (CCLD) para el periodo 2024 - 2026 en la modalidad presencial,https://epdoc2.elperuano.pe/EpPo/DescargaINDA.asp?Referencias=NDNXVldWV1ZXVjlXVU5ZQlRNTEhZQkxIOVdfX1M4WEM5V1lYWENMSExI,20240531
20240517,2289509-1,MUNICIPALIDAD DE SAN MARTIN DE PORRES,DECRETO DE ALCALDIA,No 06-2024/MDSMP,Convocan a la Primera Audiencia Publica de Rendicion de Cuentas correspondiente al mes de mayo 2024,https://epdoc2.elperuano.pe/EpPo/DescargaINDA.asp?Referencias=NDNXVldWV1ZXVjlXVU5ZQlRNTEhZQkxIOVdfX1lYWUJVTllYWENMSExI,20240531
20240517,2289330-1,MUNICIPALIDAD DISTRITAL DE MACHUPICCHU,ACUERDO,No 034-2024-MDM-CM,Autorizan viaje de alcalde y regidoras para asistir a evento a realizarse en la Republica Popular de China,https://epdoc2.elperuano.pe/EpPo/DescargaINDA.asp?Referencias=NDNXVldWV1ZXVjlXVU5ZQlRNTEhZQkxIOVdfX1lCUzhTOFlYWENMSExI,20240531
20240517,2287185-1,MUNICIPALIDAD DE MI PERu,ORDENANZA,No 168-MDMP,Ordenanza que aprueba la institucionalizacion del uso del blanco y rojo como colores que identifican al distrito de Mi Peru y el gentilicio miperuano,https://epdoc2.elperuano.pe/EpPo/DescargaINDA.asp?Referencias=NDNXVldWV1ZXVjlXVU5ZQlRNTEhZQkxIOVdfX1VOWEM5V1dWWENMSExI,20240531
20240517,2285594-1,MUNICIPALIDAD DE MI PERu,RESOLUCION DE ALCALDIA,No 072-2024-MDMP,Designan Ejecutor Coactivo de la Municipalidad Distrital de Mi Peru,https://epdoc2.elperuano.pe/EpPo/DescargaINDA.asp?Referencias=NDNXVldWV1ZXVjlXVU5ZQlRNTEhZQkxIOVdfX1RNWVhVTlVOWENMSExI,20240531
20240516,2289141-1,CONGRESO DE LA REPUBLICA,LEY,No 32026,Ley que modifica el Codigo Penal Decreto Legislativo 635 y el Nuevo Codigo Procesal Penal Decreto Legislativo 957 sobre los alcances de la legitima defensa,https://epdoc2.elperuano.pe/EpPo/DescargaINDA.asp?Referencias=NDNWQlZCVkJWQjlXVU5ZQlRNTEhZQkxIOVdfXzlXVE05V1lYWENMSExI,20240531
20240516,2289579-2,PRESIDENCIA DEL CONSEJO DE MINISTROS,RESOLUCION SUPREMA,No 124-2024-PCM,Otorgan licencia sin goce de haber al Ministro de Desarrollo e Inclusion Social y encargan su Despacho a la Ministra de Cultura,https://epdoc2.elperuano.pe/EpPo/DescargaINDA.asp?Referencias=NDNWQlZCVkJWQjlXVU5ZQlRNTEhZQkxITEhfX1lYV1ZVTllYWENMSExI,20240531
20240516,2289120-1,AMBIENTE,RESOLUCION,No 047-2024-SENAMHI/PREJ,Designan Asesora de Alta Direccion para la Gerencia General del Servicio Nacional de Meteorologia e Hidrologia del Peru - SENAMHI,https://epdoc2.elperuano.pe/EpPo/DescargaINDA.asp?Referencias=NDNWQlZCVkJWQjlXVU5ZQlRNTEhZQkxIOVdfX1lCTEg5V1lYWENMSExI,20240531
20240516,2288258-1,COMERCIO EXTERIOR Y TURISMO,RESOLUCION JEFATURAL,No 061-2024-CENFOTUR/J,Actualizan el Texto unico de Servicios No Exclusivos (TUSNE) del Centro de Formacion en Turismo - CENFOTUR,https://epdoc2.elperuano.pe/EpPo/DescargaINDA.asp?Referencias=NDNWQlZCVkJWQjlXVU5ZQlRNTEhZQkxIOVdfX1hDVU5MSFhDWENMSExI,20240531
20240516,2288701-1,COMERCIO EXTERIOR Y TURISMO,RESOLUCION MINISTERIAL,No 150-2024-MINCETUR,Aprueban el Plan Operativo Institucional Multianual 2025 - 2027 del Pliego 035: Ministerio de Comercio Exterior y Turismo - MINCETUR,https://epdoc2.elperuano.pe/EpPo/DescargaINDA.asp?Referencias=NDNWQlZCVkJWQjlXVU5ZQlRNTEhZQkxIOVdfXzlXWUJXVlhDWENMSExI,20240531
20240516,2288863-1,COMERCIO EXTERIOR Y TURISMO,RESOLUCION MINISTERIAL,No 151-2024-MINCETUR,Designan miembros del Comite Multisectorial para el Desarrollo del Comercio Exterior de Servicios creado por Ley No 29646,https://epdoc2.elperuano.pe/EpPo/DescargaINDA.asp?Referencias=NDNWQlZCVkJWQjlXVU5ZQlRNTEhZQkxIOVdfX1M4VkJYQ1hDWENMSExI,20240531
20240516,2288670-1,CULTURA,RESOLUCION MINISTERIAL,No 000209-2024-MC,Aprueban el Plan Operativo Institucional (POI) Multianual 2025-2027 del Pliego 003: Ministerio de Cultura,https://epdoc2.elperuano.pe/EpPo/DescargaINDA.asp?Referencias=NDNWQlZCVkJWQjlXVU5ZQlRNTEhZQkxIOVdfX1lCV1ZWQlhDWENMSExI,20240531
20240516,2288864-1,DEFENSA,RESOLUCION MINISTERIAL,No 00471-2024-DE,Autorizan viaje de personal militar FAP a los EE.UU. en mision de estudios,https://epdoc2.elperuano.pe/EpPo/DescargaINDA.asp?Referencias=NDNWQlZCVkJWQjlXVU5ZQlRNTEhZQkxIOVdfX1RNVkJYQ1hDWENMSExI,20240531
20240516,2289091-1,DEFENSA,RESOLUCION MINISTERIAL,No 00465-2024-DE,Aprueban el Cuadro para Asignacion de Personal Provisional - CAP Provisional del Comando Conjunto de las Fuerzas Armadas,https://epdoc2.elperuano.pe/EpPo/DescargaINDA.asp?Referencias=NDNWQlZCVkJWQjlXVU5ZQlRNTEhZQkxIOVdfXzlXWVhZQllYWENMSExI,20240531
20240516,2288932-1,DESARROLLO AGRARIO Y RIEGO,RESOLUCION,No D000104-2024-MIDAGRI-SERFOR-DE,Disponen la prepublicacion de la propuesta de modificacion de los Lineamientos para la elaboracion de la Declaracion de Manejo para permisos de aprovechamiento forestal en comunidades nativas y comunidades campesinas,https://epdoc2.elperuano.pe/EpPo/DescargaINDA.asp?Referencias=NDNWQlZCVkJWQjlXVU5ZQlRNTEhZQkxIOVdfX0xIUzhZWFhDWENMSExI,20240531
20240516,2289074-1,DESARROLLO AGRARIO Y RIEGO,RESOLUCION,No D000111-2024-MIDAGRI-SERFOR-DE,Designan Directora de la Direccion de Control de la Gestion del Patrimonio Forestal y de Fauna Silvestre de la Direccion General de Gestion Sostenible del Patrimonio Forestal y de Fauna Silvestre del SERFOR,https://epdoc2.elperuano.pe/EpPo/DescargaINDA.asp?Referencias=NDNWQlZCVkJWQjlXVU5ZQlRNTEhZQkxIOVdfX1RNV1ZZQllYWENMSExI,20240531
20240516,2289077-1,DESARROLLO AGRARIO Y RIEGO,RESOLUCION,No D000112-2024-MIDAGRI-SERFOR-DE,Designan Director de la Direccion de Inventario y Valoracion de la Direccion General de Informacion y Ordenamiento Forestal y de Fauna Silvestre del SERFOR,https://epdoc2.elperuano.pe/EpPo/DescargaINDA.asp?Referencias=NDNWQlZCVkJWQjlXVU5ZQlRNTEhZQkxIOVdfX1dWV1ZZQllYWENMSExI,20240531
20240516,2289084-1,DESARROLLO AGRARIO Y RIEGO,RESOLUCION,No D000113-2024-MIDAGRI-SERFOR-DE,Designan Directora de la Oficina de Servicios al Usuario y Tramite Documentario del SERFOR,https://epdoc2.elperuano.pe/EpPo/DescargaINDA.asp?Referencias=NDNWQlZCVkJWQjlXVU5ZQlRNTEhZQkxIOVdfX1RNWENZQllYWENMSExI,20240531
20240516,2289135-1,DESARROLLO AGRARIO Y RIEGO,RESOLUCION,No D000116-2024-MIDAGRI-SERFOR-DE,Designan Directora General de la Direccion General de Informacion y Ordenamiento Forestal y de Fauna Silvestre del SERFOR,https://epdoc2.elperuano.pe/EpPo/DescargaINDA.asp?Referencias=NDNWQlZCVkJWQjlXVU5ZQlRNTEhZQkxIOVdfX1VOUzg5V1lYWENMSExI,20240531
20240516,2289238-1,DESARROLLO AGRARIO Y RIEGO,RESOLUCION,No D000120-2024-MIDAGRI-SERFOR-DE,Designan Directora de la Oficina de Recursos Humanos de la Oficina General de Administracion del Servicio Nacional Forestal y de Fauna Silvestre - SERFOR,https://epdoc2.elperuano.pe/EpPo/DescargaINDA.asp?Referencias=NDNWQlZCVkJWQjlXVU5ZQlRNTEhZQkxIOVdfX1hDUzhMSFlYWENMSExI,20240531
20240516,2288795-1,DESARROLLO E INCLUSIoN SOCIAL,RESOLUCION,No 00008-2024-MIDIS/PNADP-URH,Imponen a servidor del Programa Nacional de Apoyo Directo a los Mas Pobres - JUNTOS la sancion disciplinaria de suspension sin goce de remuneraciones por dos meses,https://epdoc2.elperuano.pe/EpPo/DescargaINDA.asp?Referencias=NDNWQlZCVkJWQjlXVU5ZQlRNTEhZQkxIOVdfX1VOWVhXVlhDWENMSExI,20240531
20240516,2289579-1,ECONOMIA Y FINANZAS,DECRETO SUPREMO,No 086-2024-EF,Decreto Supremo que autoriza Transferencia de Partidas en el Presupuesto del Sector Publico para el Ano Fiscal 2024 a favor de la Oficina de Normalizacion Previsional,https://epdoc2.elperuano.pe/EpPo/DescargaINDA.asp?Referencias=NDNWQlZCVkJWQjlXVU5ZQlRNTEhZQkxIOVdfX1lYV1ZVTllYWENMSExI,20240531
20240516,2288801-1,ECONOMIA Y FINANZAS,RESOLUCION DIRECTORAL,No 007-2024-EF/51.01,Aprueban el Instructivo No 003-2024-EF/51.01 Instructivo para la Presentacion de la Informacion Financiera e Informacion Presupuestaria de las Entidades del Sector Publico durante el proceso de transicion al marco de las Normas Internacionales de Contabilidad del Sector Publico,https://epdoc2.elperuano.pe/EpPo/DescargaINDA.asp?Referencias=NDNWQlZCVkJWQjlXVU5ZQlRNTEhZQkxIOVdfXzlXWUJYQ1hDWENMSExI,20240531
20240516,2288664-1,ENERGIA Y MINAS,RESOLUCION MINISTERIAL,No 199-2024-MINEM/DM,Aprueban el Plan Operativo Institucional Multianual correspondiente al periodo 2025-2027 del Ministerio de Energia y Minas,https://epdoc2.elperuano.pe/EpPo/DescargaINDA.asp?Referencias=NDNWQlZCVkJWQjlXVU5ZQlRNTEhZQkxIOVdfX1RNVkJWQlhDWENMSExI,20240531
20240516,2288746-1,ENERGIA Y MINAS,RESOLUCION MINISTERIAL,No 200-2024-MINEM/DM,Designan Directora General de la Direccion General de Formalizacion Minera,https://epdoc2.elperuano.pe/EpPo/DescargaINDA.asp?Referencias=NDNWQlZCVkJWQjlXVU5ZQlRNTEhZQkxIOVdfX1ZCVE1XVlhDWENMSExI,20240531
20240516,2289118-1,ENERGIA Y MINAS,RESOLUCION MINISTERIAL,No 201-2024-MINEM/DM,Designan Asesor de Alta Direccion del Despacho Ministerial,https://epdoc2.elperuano.pe/EpPo/DescargaINDA.asp?Referencias=NDNWQlZCVkJWQjlXVU5ZQlRNTEhZQkxIOVdfX1hDOVc5V1lYWENMSExI,20240531
20240516,2288718-1,INTERIOR,RESOLUCION MINISTERIAL,No 0636-2024-IN,Designan Director General de la Direccion General de Inteligencia del Despacho Viceministerial de Orden Interno,https://epdoc2.elperuano.pe/EpPo/DescargaINDA.asp?Referencias=NDNWQlZCVkJWQjlXVU5ZQlRNTEhZQkxIOVdfX1hDOVdXVlhDWENMSExI,20240531
20240516,2289579-3,INTERIOR,RESOLUCION SUPREMA,No 093-2024-IN,Aceptan renuncia de Viceministro del Despacho Viceministerial de Orden Interno,https://epdoc2.elperuano.pe/EpPo/DescargaINDA.asp?Referencias=NDNWQlZCVkJWQjlXVU5ZQlRNTEhZQkxIUzhfX1lYV1ZVTllYWENMSExI,20240531
20240516,2289140-1,JUSTICIA Y DERECHOS HUMANOS,DECRETO SUPREMO,No 007-2024-JUS,Decreto Supremo que aprueba el Reglamento de la Ley de Transparencia y Acceso a la Informacion Publica,https://epdoc2.elperuano.pe/EpPo/DescargaINDA.asp?Referencias=NDNWQlZCVkJWQjlXVU5ZQlRNTEhZQkxIOVdfX1lCVE05V1lYWENMSExI,20240531
20240516,2289141-10,JUSTICIA Y DERECHOS HUMANOS,RESOLUCION SUPREMA,No 081-2024-JUS,Acceden a solicitud de extradicion activa de ciudadano peruano para ser extraditado del Reino de Espana y ser procesado en la Republica del Peru,https://epdoc2.elperuano.pe/EpPo/DescargaINDA.asp?Referencias=NjNWQlZCVkI5V1VOWUJUTUxIWUJMSFlCOVdfXzlXVE05V1lYWENMSExI,20240531
20240516,2289141-11,JUSTICIA Y DERECHOS HUMANOS,RESOLUCION SUPREMA,No 082-2024-JUS,Acceden a solicitud de extradicion activa de ciudadano peruano para ser extraditado del Reino de Espana y ser procesado en la Republica del Peru,https://epdoc2.elperuano.pe/EpPo/DescargaINDA.asp?Referencias=NjNWQlZCVkI5V1VOWUJUTUxIWUJMSDlXOVdfXzlXVE05V1lYWENMSExI,20240531
20240516,2289141-12,JUSTICIA Y DERECHOS HUMANOS,RESOLUCION SUPREMA,No 083-2024-JUS,Acceden a solicitud de extradicion activa de ciudadano venezolano para ser extraditado de la Republica de Colombia y ser procesado en la Republica del Peru,https://epdoc2.elperuano.pe/EpPo/DescargaINDA.asp?Referencias=NjNWQlZCVkI5V1VOWUJUTUxIWUJMSExIOVdfXzlXVE05V1lYWENMSExI,20240531
20240516,2289141-13,JUSTICIA Y DERECHOS HUMANOS,RESOLUCION SUPREMA,No 084-2024-JUS,Acceden a solicitud de extradicion activa de ciudadano colombiano para ser extraditado de la Republica de Colombia y ser procesado en la Republica del Peru,https://epdoc2.elperuano.pe/EpPo/DescargaINDA.asp?Referencias=NjNWQlZCVkI5V1VOWUJUTUxIWUJMSFM4OVdfXzlXVE05V1lYWENMSExI,20240531
20240516,2289141-14,JUSTICIA Y DERECHOS HUMANOS,RESOLUCION SUPREMA,No 085-2024-JUS,Acceden a solicitud de extradicion activa de ciudadano colombiano para ser extraditado de la Republica de Colombia y ser procesado en la Republica del Peru,https://epdoc2.elperuano.pe/EpPo/DescargaINDA.asp?Referencias=NjNWQlZCVkI5V1VOWUJUTUxIWUJMSFRNOVdfXzlXVE05V1lYWENMSExI,20240531
20240516,2289141-15,JUSTICIA Y DERECHOS HUMANOS,RESOLUCION SUPREMA,No 086-2024-JUS,Acceden a solicitud de extradicion activa de ciudadano colombiano para ser extraditado de la Republica de Colombia y ser procesado en la Republica del Peru,https://epdoc2.elperuano.pe/EpPo/DescargaINDA.asp?Referencias=NjNWQlZCVkI5V1VOWUJUTUxIWUJMSFVOOVdfXzlXVE05V1lYWENMSExI,20240531
20240516,2289141-16,JUSTICIA Y DERECHOS HUMANOS,RESOLUCION SUPREMA,No 087-2024-JUS,Acceden a solicitud de extradicion activa de ciudadano peruano para ser extraditado de la Republica de Chile y ser procesado en la Republica del Peru,https://epdoc2.elperuano.pe/EpPo/DescargaINDA.asp?Referencias=NjNWQlZCVkI5V1VOWUJUTUxIWUJMSFZCOVdfXzlXVE05V1lYWENMSExI,20240531
20240516,2289141-17,JUSTICIA Y DERECHOS HUMANOS,RESOLUCION SUPREMA,No 088-2024-JUS,Acceden a solicitud de extradicion activa de ciudadano chileno para ser extraditado de la Republica de Chile y cumplir su condena en la Republica del Peru,https://epdoc2.elperuano.pe/EpPo/DescargaINDA.asp?Referencias=NjNWQlZCVkI5V1VOWUJUTUxIWUJMSFdWOVdfXzlXVE05V1lYWENMSExI,20240531
20240516,2289141-18,JUSTICIA Y DERECHOS HUMANOS,RESOLUCION SUPREMA,No 089-2024-JUS,Acceden a solicitud de extradicion pasiva de ciudadano ruso para ser extraditado de la Republica del Peru y cumplir su condena en la Federacion de Rusia,https://epdoc2.elperuano.pe/EpPo/DescargaINDA.asp?Referencias=NjNWQlZCVkI5V1VOWUJUTUxIWUJMSFhDOVdfXzlXVE05V1lYWENMSExI,20240531
20240516,2289141-19,JUSTICIA Y DERECHOS HUMANOS,RESOLUCION SUPREMA,No 090-2024-JUS,Acceden a solicitud de extradicion pasiva con procedimiento simplificado de entrega de ciudadano turco y belga para ser extraditado de la Republica del Peru y ser procesado en el Reino de Belgica,https://epdoc2.elperuano.pe/EpPo/DescargaINDA.asp?Referencias=NjNWQlZCVkI5V1VOWUJUTUxIWUJMSFlYOVdfXzlXVE05V1lYWENMSExI,20240531
20240516,2289141-2,JUSTICIA Y DERECHOS HUMANOS,RESOLUCION SUPREMA,No 073-2024-JUS,Acceden a solicitud de extradicion activa de ciudadano peruano para ser extraditado de la Republica Italiana y ser procesado en la Republica del Peru,https://epdoc2.elperuano.pe/EpPo/DescargaINDA.asp?Referencias=NDNWQlZCVkJWQjlXVU5ZQlRNTEhZQkxITEhfXzlXVE05V1lYWENMSExI,20240531
20240516,2289141-20,JUSTICIA Y DERECHOS HUMANOS,RESOLUCION SUPREMA,No 091-2024-JUS,Acceden a solicitud de extradicion pasiva con procedimiento simplificado de entrega de ciudadano albanes para ser extraditado de la Republica del Peru y ser procesado en la Republica Francesa,https://epdoc2.elperuano.pe/EpPo/DescargaINDA.asp?Referencias=NjNWQlZCVkI5V1VOWUJUTUxIWUJMSFlCTEhfXzlXVE05V1lYWENMSExI,20240531
20240516,2289141-21,JUSTICIA Y DERECHOS HUMANOS,RESOLUCION SUPREMA,No 092-2024-JUS,Acceden a solicitud de extradicion pasiva de ciudadana peruana para ser extraditada de la Republica del Peru y ser procesada en los Estados Unidos de America,https://epdoc2.elperuano.pe/EpPo/DescargaINDA.asp?Referencias=NjNWQlZCVkI5V1VOWUJUTUxIWUJMSDlXTEhfXzlXVE05V1lYWENMSExI,20240531
20240516,2289141-22,JUSTICIA Y DERECHOS HUMANOS,RESOLUCION SUPREMA,No 093-2024-JUS,Acceden a solicitud de extradicion pasiva de ciudadano peruano y estadounidense para ser extraditado de la Republica del Peru y ser procesado en los Estados Unidos de America,https://epdoc2.elperuano.pe/EpPo/DescargaINDA.asp?Referencias=NjNWQlZCVkI5V1VOWUJUTUxIWUJMSExITEhfXzlXVE05V1lYWENMSExI,20240531
20240516,2289141-23,JUSTICIA Y DERECHOS HUMANOS,RESOLUCION SUPREMA,No 094-2024-JUS,Acceden a solicitud de extradicion pasiva de ciudadano ecuatoriano para ser extraditado de la Republica del Peru y cumplir su condena en la Republica de Costa Rica,https://epdoc2.elperuano.pe/EpPo/DescargaINDA.asp?Referencias=NjNWQlZCVkI5V1VOWUJUTUxIWUJMSFM4TEhfXzlXVE05V1lYWENMSExI,20240531
20240516,2289141-24,JUSTICIA Y DERECHOS HUMANOS,RESOLUCION SUPREMA,No 095-2024-JUS,Acceden a solicitud de extradicion pasiva con procedimiento simplificado de entrega de ciudadano mexicano para ser extraditado de la Republica del Peru y ser procesado en los Estados Unidos Mexicanos,https://epdoc2.elperuano.pe/EpPo/DescargaINDA.asp?Referencias=NjNWQlZCVkI5V1VOWUJUTUxIWUJMSFRNTEhfXzlXVE05V1lYWENMSExI,20240531
20240516,2289141-25,JUSTICIA Y DERECHOS HUMANOS,RESOLUCION SUPREMA,No 096-2024-JUS,Acceden a solicitud de extradicion pasiva con procedimiento simplificado de entrega de ciudadano peruano para ser extraditado de la Republica del Peru y cumplir su condena en la Republica Federativa de Brasil,https://epdoc2.elperuano.pe/EpPo/DescargaINDA.asp?Referencias=NjNWQlZCVkI5V1VOWUJUTUxIWUJMSFVOTEhfXzlXVE05V1lYWENMSExI,20240531
20240516,2289141-26,JUSTICIA Y DERECHOS HUMANOS,RESOLUCION SUPREMA,No 097-2024-JUS,Acceden a solicitud de extradicion pasiva con procedimiento simplificado de entrega de ciudadano colombiano para ser extraditado de la Republica del Peru y ser procesado en la Republica de Colombia,https://epdoc2.elperuano.pe/EpPo/DescargaINDA.asp?Referencias=NjNWQlZCVkI5V1VOWUJUTUxIWUJMSFZCTEhfXzlXVE05V1lYWENMSExI,20240531
20240516,2289141-3,JUSTICIA Y DERECHOS HUMANOS,RESOLUCION SUPREMA,No 074-2024-JUS,Acceden a solicitud de extradicion activa de ciudadano peruano para ser extraditado de la Republica Italiana y ser procesado en la Republica del Peru,https://epdoc2.elperuano.pe/EpPo/DescargaINDA.asp?Referencias=NDNWQlZCVkJWQjlXVU5ZQlRNTEhZQkxIUzhfXzlXVE05V1lYWENMSExI,20240531
20240516,2289141-4,JUSTICIA Y DERECHOS HUMANOS,RESOLUCION SUPREMA,No 075-2024-JUS,Acceden a solicitud de extradicion activa de ciudadana peruana para ser extraditada de la Republica Italiana y ser procesada en la Republica del Peru,https://epdoc2.elperuano.pe/EpPo/DescargaINDA.asp?Referencias=NDNWQlZCVkJWQjlXVU5ZQlRNTEhZQkxIVE1fXzlXVE05V1lYWENMSExI,20240531
20240516,2289141-5,JUSTICIA Y DERECHOS HUMANOS,RESOLUCION SUPREMA,No 076-2024-JUS,Acceden a solicitud de extradicion activa de ciudadano peruano para ser extraditado de la Republica Italiana y ser procesado en la Republica del Peru,https://epdoc2.elperuano.pe/EpPo/DescargaINDA.asp?Referencias=NDNWQlZCVkJWQjlXVU5ZQlRNTEhZQkxIVU5fXzlXVE05V1lYWENMSExI,20240531
20240516,2289141-6,JUSTICIA Y DERECHOS HUMANOS,RESOLUCION SUPREMA,No 077-2024-JUS,Acceden a solicitud de extradicion activa de ciudadano peruano para ser extraditado de la Republica Italiana y cumplir en la Republica del Peru la condena impuesta,https://epdoc2.elperuano.pe/EpPo/DescargaINDA.asp?Referencias=NDNWQlZCVkJWQjlXVU5ZQlRNTEhZQkxIVkJfXzlXVE05V1lYWENMSExI,20240531
20240516,2289141-7,JUSTICIA Y DERECHOS HUMANOS,RESOLUCION SUPREMA,No 078-2024-JUS,Acceden a solicitud de extradicion activa de ciudadana peruana para ser extraditada del Reino de Espana y ser procesada en la Republica del Peru,https://epdoc2.elperuano.pe/EpPo/DescargaINDA.asp?Referencias=NDNWQlZCVkJWQjlXVU5ZQlRNTEhZQkxIV1ZfXzlXVE05V1lYWENMSExI,20240531
20240516,2289141-8,JUSTICIA Y DERECHOS HUMANOS,RESOLUCION SUPREMA,No 079-2024-JUS,Acceden a solicitud de extradicion activa de ciudadano peruano para ser extraditado del Reino de Espana y ser procesado en la Republica del Peru,https://epdoc2.elperuano.pe/EpPo/DescargaINDA.asp?Referencias=NDNWQlZCVkJWQjlXVU5ZQlRNTEhZQkxIWENfXzlXVE05V1lYWENMSExI,20240531
20240516,2289141-9,JUSTICIA Y DERECHOS HUMANOS,RESOLUCION SUPREMA,No 080-2024-JUS,Acceden a solicitud de extradicion activa de ciudadano peruano para ser extraditado del Reino de Espana y ser procesado en la Republica del Peru,https://epdoc2.elperuano.pe/EpPo/DescargaINDA.asp?Referencias=NDNWQlZCVkJWQjlXVU5ZQlRNTEhZQkxIWVhfXzlXVE05V1lYWENMSExI,20240531
20240516,2288700-1,MUJER Y POBLACIONES VULNERABLES,RESOLUCION MINISTERIAL,No 186-2024-MIMP,Aprueban el Plan Operativo Institucional (POI) Multianual 2025-2027 del Pliego 039: Ministerio de la Mujer y Poblaciones Vulnerables,https://epdoc2.elperuano.pe/EpPo/DescargaINDA.asp?Referencias=NDNWQlZCVkJWQjlXVU5ZQlRNTEhZQkxIOVdfX1lCWUJXVlhDWENMSExI,20240531
20240516,2288726-1,PRODUCE,RESOLUCION MINISTERIAL,No 000204-2024-PRODUCE,Designan Directora de la Direccion de Sanciones de la Direccion General de Supervision Fiscalizacion y Sancion del Despacho Viceministerial de Pesca y Acuicultura,https://epdoc2.elperuano.pe/EpPo/DescargaINDA.asp?Referencias=NDNWQlZCVkJWQjlXVU5ZQlRNTEhZQkxIOVdfX1ZCTEhXVlhDWENMSExI,20240531
20240516,2289092-1,PRODUCE,RESOLUCION MINISTERIAL,No 000205-2024-PRODUCE,Designan Asesor II del Despacho Viceministerial de Pesca y Acuicultura,https://epdoc2.elperuano.pe/EpPo/DescargaINDA.asp?Referencias=NDNWQlZCVkJWQjlXVU5ZQlRNTEhZQkxIOVdfX0xIWVhZQllYWENMSExI,20240531
20240516,2289119-1,PRODUCE,RESOLUCION MINISTERIAL,No 000206-2024-PRODUCE,Disponen la publicacion del proyecto de Decreto Supremo que aprueba el Reglamento Tecnico sobre Bolsas de Plastico Reutilizables del referido Reglamento Tecnico y sus Anexos asi como de su Exposicion de Motivos en la sede digital del Ministerio,https://epdoc2.elperuano.pe/EpPo/DescargaINDA.asp?Referencias=NDNWQlZCVkJWQjlXVU5ZQlRNTEhZQkxIOVdfX1lYOVc5V1lYWENMSExI,20240531
20240516,2289075-1,RELACIONES EXTERIORES,RESOLUCION MINISTERIAL,No 0386-2024-RE,Autorizan viaje de funcionario diplomatico a Noruega en comision de servicios,https://epdoc2.elperuano.pe/EpPo/DescargaINDA.asp?Referencias=NDNWQlZCVkJWQjlXVU5ZQlRNTEhZQkxIOVdfX1VOV1ZZQllYWENMSExI,20240531
20240516,2289141-27,RELACIONES EXTERIORES,RESOLUCION SUPREMA,No 097-2024-RE,Dan por terminadas funciones de Representante Permanente del Peru ante la Organizacion de las Naciones Unidas para la Educacion la Ciencia y la Cultura (UNESCO) con sede en Paris Republica Francesa,https://epdoc2.elperuano.pe/EpPo/DescargaINDA.asp?Referencias=NjNWQlZCVkI5V1VOWUJUTUxIWUJMSFdWTEhfXzlXVE05V1lYWENMSExI,20240531
20240516,2289141-28,RELACIONES EXTERIORES,RESOLUCION SUPREMA,No 098-2024-RE,Dan por terminadas funciones de Consul General del Peru en Paris Republica Francesa,https://epdoc2.elperuano.pe/EpPo/DescargaINDA.asp?Referencias=NjNWQlZCVkI5V1VOWUJUTUxIWUJMSFhDTEhfXzlXVE05V1lYWENMSExI,20240531
20240516,2289141-29,RELACIONES EXTERIORES,RESOLUCION SUPREMA,No 099-2024-RE,Nombran Representante Permanente del Peru ante la Organizacion de las Naciones Unidas para la Educacion la Ciencia y la Cultura (UNESCO) con sede en Paris Republica Francesa,https://epdoc2.elperuano.pe/EpPo/DescargaINDA.asp?Referencias=NjNWQlZCVkI5V1VOWUJUTUxIWUJMSFlYTEhfXzlXVE05V1lYWENMSExI,20240531
20240516,2288714-1,SALUD,RESOLUCION,No 032-2024-PRONIS-CG,Designan Jefe de la Sub Unidad de Ejecucion de Obras de la Unidad de Obras del Programa Nacional de Inversiones en Salud,https://epdoc2.elperuano.pe/EpPo/DescargaINDA.asp?Referencias=NDNWQlZCVkJWQjlXVU5ZQlRNTEhZQkxIOVdfX1RNOVdXVlhDWENMSExI,20240531
20240516,2288711-1,SALUD,RESOLUCION MINISTERIAL,No 336-2024/MINSA,Designan Director Ejecutivo de la Oficina de Contabilidad de la Oficina General de Administracion,https://epdoc2.elperuano.pe/EpPo/DescargaINDA.asp?Referencias=NDNWQlZCVkJWQjlXVU5ZQlRNTEhZQkxIOVdfXzlXOVdXVlhDWENMSExI,20240531
20240516,2288755-1,VIVIENDA  CONSTRUCCIoN Y SANEAMIENTO,RESOLUCION DIRECTORAL,No 112-2024/VIVIENDA/VMCS/PNSR,Designan Coordinador de la Sub Unidad de Estudios de la Unidad Tecnica de Proyectos del Programa Nacional de Saneamiento Rural,https://epdoc2.elperuano.pe/EpPo/DescargaINDA.asp?Referencias=NDNWQlZCVkJWQjlXVU5ZQlRNTEhZQkxIOVdfX1VOVU5XVlhDWENMSExI,20240531
20240516,2289019-1,VIVIENDA  CONSTRUCCIoN Y SANEAMIENTO,RESOLUCION DIRECTORAL,No 094-2024-VIVIENDA/VMCS/PNSU/1.0,Designan Responsable de la Unidad de Planeamiento y Presupuesto del Programa Nacional de Saneamiento Urbano,https://epdoc2.elperuano.pe/EpPo/DescargaINDA.asp?Referencias=NDNWQlZCVkJWQjlXVU5ZQlRNTEhZQkxIOVdfX1lYOVdZQllYWENMSExI,20240531
20240516,2289121-1,VIVIENDA  CONSTRUCCIoN Y SANEAMIENTO,RESOLUCION MINISTERIAL,No 171-2024-VIVIENDA,Aprueban la Sexta convocatoria del ano 2024 para el otorgamiento del Bono de Arrendamiento de Vivienda para Emergencias en atencion a los Estados de Emergencia declarados por el Decreto Supremo No 072-2023-PCM,https://epdoc2.elperuano.pe/EpPo/DescargaINDA.asp?Referencias=NDNWQlZCVkJWQjlXVU5ZQlRNTEhZQkxIOVdfXzlXTEg5V1lYWENMSExI,20240531
20240516,2289133-1,VIVIENDA  CONSTRUCCIoN Y SANEAMIENTO,RESOLUCION MINISTERIAL,No 172-2024-VIVIENDA,Aprueban la Septima convocatoria del ano 2024 para el otorgamiento del Bono de Arrendamiento de Vivienda para Emergencias en atencion a los Estados de Emergencia declarados por el Decreto Supremo No 072-2023-PCM,https://epdoc2.elperuano.pe/EpPo/DescargaINDA.asp?Referencias=NDNWQlZCVkJWQjlXVU5ZQlRNTEhZQkxIOVdfX1M4Uzg5V1lYWENMSExI,20240531
20240516,2288661-1,ARCHIVO GENERAL DE LA NACION,RESOLUCION JEFATURAL,No 000116-2024-AGN/JEF,Designan responsable alterno de brindar informacion publica que se solicite al Archivo General de la Nacion,https://epdoc2.elperuano.pe/EpPo/DescargaINDA.asp?Referencias=NDNWQlZCVkJWQjlXVU5ZQlRNTEhZQkxIOVdfXzlXVkJWQlhDWENMSExI,20240531
20240516,2288872-1,ORGANISMO SUPERVISOR DE LA INVERSIoN EN INFRAESTRUCTURA DE TRANSPORTE DE USO PuBLICO,RESOLUCION,No 00054-2024-GG-OSITRAN,Designan Ejecutivo de la Jefatura de Tesoreria de OSITRAN,https://epdoc2.elperuano.pe/EpPo/DescargaINDA.asp?Referencias=NDNWQlZCVkJWQjlXVU5ZQlRNTEhZQkxIOVdfX0xIV1ZYQ1hDWENMSExI,20240531
20240516,2289224-1,AUTORIDAD PORTUARIA NACIONAL,RESOLUCION,No 0039-2024-APN-DIR,Delegan facultades y atribuciones en la Presidencia del Directorio Gerencia General y Oficina General de Administracion de la Autoridad Portuaria Nacional - APN durante el Ano Fiscal 2024,https://epdoc2.elperuano.pe/EpPo/DescargaINDA.asp?Referencias=NDNWQlZCVkJWQjlXVU5ZQlRNTEhZQkxIOVdfX1RNTEhMSFlYWENMSExI,20240531
20240516,2288716-1,INSTITUTO NACIONAL DE DEFENSA DE LA COMPETENCIA Y DE LA PROTECCION DE LA PROPIEDAD INTELECTUAL,RESOLUCION,No 000080-2024-GEG/INDECOPI,Designan jefe de la Oficina de Administracion y Finanzas del INDECOPI,https://epdoc2.elperuano.pe/EpPo/DescargaINDA.asp?Referencias=NDNWQlZCVkJWQjlXVU5ZQlRNTEhZQkxIOVdfX1ZCOVdXVlhDWENMSExI,20240531
20240516,2288285-1,SUPERINTENDENCIA NACIONAL DE ADUANAS Y DE ADMINISTRACIoN TRIBUTARIA,FE DE ERRATA,Res. No 000017-2024-SUNAT/700000,FE DE ERRATA,https://epdoc2.elperuano.pe/EpPo/DescargaINDA.asp?Referencias=NDNWQlZCVkJWQjlXVU5ZQlRNTEhZQkxIOVdfX1VOWENMSFhDWENMSExI,20240531
20240516,2288500-1,SUPERINTENDENCIA NACIONAL DE ADUANAS Y DE ADMINISTRACIoN TRIBUTARIA,RESOLUCION,No 000094-2024/SUNAT,Autorizan viaje de servidores para participar en evento a realizarse en Colombia,https://epdoc2.elperuano.pe/EpPo/DescargaINDA.asp?Referencias=NDNWQlZCVkJWQjlXVU5ZQlRNTEhZQkxIOVdfX1lCWUJVTlhDWENMSExI,20240531
20240516,2288565-1,SUPERINTENDENCIA NACIONAL DE LOS REGISTROS PUBLICOS,RESOLUCION,No 002-2024-SNCP/CNC,Aprueban la generacion de los Rangos del Codigo unico Catastral - CUC para los nuevos distritos creados a partir del 8 de diciembre del 2015 hasta el 31 de diciembre de 2023 y dictan otras disposiciones,https://epdoc2.elperuano.pe/EpPo/DescargaINDA.asp?Referencias=NDNWQlZCVkJWQjlXVU5ZQlRNTEhZQkxIOVdfX1VOVkJVTlhDWENMSExI,20240531
20240516,2289030-1,CONSEJO EJECUTIVO DEL PODER JUDICIAL,RESOLUCION ADMINISTRATIVA,No 000157-2024-CE-PJ,Modifican en via de regularizacion las competencias territoriales de los Modulos Penales para la Sancion de Delitos asociados a la Violencia contra las Mujeres e Integrantes del Grupo Familiar del Sistema Nacional Especializado de Justicia del Distrito Judicial de Arequipa,https://epdoc2.elperuano.pe/EpPo/DescargaINDA.asp?Referencias=NDNWQlZCVkJWQjlXVU5ZQlRNTEhZQkxIOVdfX1lCUzhZQllYWENMSExI,20240531
20240516,2288663-1,CORTES SUPERIORES DE JUSTICIA,RESOLUCION ADMINISTRATIVA,No 000362-2024-P-CSJLI-PJ,Amplian el plazo para la remision y redistribucion de expedientes dispuesta mediante Res. Adm. No 316-2024-P-CSJLI-PJ de la Corte Superior de Justicia de Lima,https://epdoc2.elperuano.pe/EpPo/DescargaINDA.asp?Referencias=NDNWQlZCVkJWQjlXVU5ZQlRNTEhZQkxIOVdfX1M4VkJWQlhDWENMSExI,20240531
20240516,2288973-1,CONTRALORIA GENERAL DE LA REPUBLICA,RESOLUCION,No 250-2024-CG,Dan por terminada designacion de Jefe del organo de Control Institucional del Banco de la Nacion,https://epdoc2.elperuano.pe/EpPo/DescargaINDA.asp?Referencias=NDNWQlZCVkJWQjlXVU5ZQlRNTEhZQkxIOVdfX1M4V1ZZWFhDWENMSExI,20240531
20240516,2288988-1,CONTRALORIA GENERAL DE LA REPUBLICA,RESOLUCION,No 251-2024-CG,Designan en el cargo de Jefe/a del organo de Control Institucional en SUNAFIL INACAL y SANIPES,https://epdoc2.elperuano.pe/EpPo/DescargaINDA.asp?Referencias=NDNWQlZCVkJWQjlXVU5ZQlRNTEhZQkxIOVdfX1hDWENZWFhDWENMSExI,20240531
20240516,2289004-1,CONTRALORIA GENERAL DE LA REPUBLICA,RESOLUCION,No 252-2024-CG,Designan Jefas de organos de Control Institucional del IPEN y del ITP,https://epdoc2.elperuano.pe/EpPo/DescargaINDA.asp?Referencias=NDNWQlZCVkJWQjlXVU5ZQlRNTEhZQkxIOVdfX1RNWUJZQllYWENMSExI,20240531
20240516,2289021-1,CONTRALORIA GENERAL DE LA REPUBLICA,RESOLUCION,No 253-2024-CG,Modifican las Normas Generales de Control Gubernamental aprobadas mediante Resolucion de Contraloria No 295-2021-CG,https://epdoc2.elperuano.pe/EpPo/DescargaINDA.asp?Referencias=NDNWQlZCVkJWQjlXVU5ZQlRNTEhZQkxIOVdfXzlXTEhZQllYWENMSExI,20240531
20240516,2289049-1,CONTRALORIA GENERAL DE LA REPUBLICA,RESOLUCION,No 254-2024-CG,Aprueban la Directiva No 008-2024-CG/FIS Auditoria Forense,https://epdoc2.elperuano.pe/EpPo/DescargaINDA.asp?Referencias=NDNWQlZCVkJWQjlXVU5ZQlRNTEhZQkxIOVdfX1lYVE1ZQllYWENMSExI,20240531
20240516,2287153-1,INSTITUCIONES EDUCATIVAS,RESOLUCION,No 187-2024-UNSCH-R,Autorizan viaje de docente de la Universidad Nacional de San Cristobal de Huamanga para realizar pasantia en Espana,https://epdoc2.elperuano.pe/EpPo/DescargaINDA.asp?Referencias=NDNWQlZCVkJWQjlXVU5ZQlRNTEhZQkxIOVdfX1M4VU45V1dWWENMSExI,20240531
20240516,2289027-1,INSTITUCIONES EDUCATIVAS,RESOLUCION,No 1537-2024-R-UNE,Otorgan viaticos y asignaciones por comision de servicios a docentes de la Universidad Nacional de Educacion Enrique Guzman y Valle por estudios de perfeccionamiento en la Universidad de Almeria - Espana,https://epdoc2.elperuano.pe/EpPo/DescargaINDA.asp?Referencias=NDNWQlZCVkJWQjlXVU5ZQlRNTEhZQkxIOVdfX1dWTEhZQllYWENMSExI,20240531
20240516,2288685-1,JURADO NACIONAL DE ELECCIONES,RESOLUCION,No 0123-2024-JNE,Convocan a ciudadana para que asuma el cargo de regidora del Concejo Provincial de Leoncio Prado departamento de Huanuco,https://epdoc2.elperuano.pe/EpPo/DescargaINDA.asp?Referencias=NDNWQlZCVkJWQjlXVU5ZQlRNTEhZQkxIOVdfX1VOWENWQlhDWENMSExI,20240531
20240516,2288690-1,JURADO NACIONAL DE ELECCIONES,RESOLUCION,No 0124-2024-JNE,Confirman acuerdo de concejo que rechazo solicitud de vacancia presentada en contra de alcalde de la Municipalidad Distrital de Jeberos provincia de Alto Amazonas departamento de Loreto,https://epdoc2.elperuano.pe/EpPo/DescargaINDA.asp?Referencias=NDNWQlZCVkJWQjlXVU5ZQlRNTEhZQkxIOVdfX1lCWVhWQlhDWENMSExI,20240531
20240516,2288692-1,JURADO NACIONAL DE ELECCIONES,RESOLUCION,No 0125-2024-JNE,Confirman la Res. No 000053-2024-DNROP/JNE que declaro infundada tacha en contra de la solicitud de inscripcion de organizacion politica en proceso de inscripcion Movimiento Ama Sua,https://epdoc2.elperuano.pe/EpPo/DescargaINDA.asp?Referencias=NDNWQlZCVkJWQjlXVU5ZQlRNTEhZQkxIOVdfX0xIWVhWQlhDWENMSExI,20240531
20240516,2288695-1,JURADO NACIONAL DE ELECCIONES,RESOLUCION,No 0126-2024-JNE,Convocan a ciudadana para que asuma el cargo de regidora del Concejo Distrital de San Antonio provincia de Mariscal Nieto departamento de Moquegua,https://epdoc2.elperuano.pe/EpPo/DescargaINDA.asp?Referencias=NDNWQlZCVkJWQjlXVU5ZQlRNTEhZQkxIOVdfX1VOWVhWQlhDWENMSExI,20240531
20240516,2288392-1,OFICINA NACIONAL DE PROCESOS ELECTORALES,RESOLUCION JEFATURAL,No 000102-2024-JN/ONPE,Autorizan viaje de Asesora I de la Jefatura de la ONPE a Puerto Rico en comision de servicios,https://epdoc2.elperuano.pe/EpPo/DescargaINDA.asp?Referencias=NDNWQlZCVkJWQjlXVU5ZQlRNTEhZQkxIOVdfX0xIWVhTOFhDWENMSExI,20240531
20240516,2289034-1,REGISTRO NACIONAL DE IDENTIFICACION Y ESTADO CIVIL,RESOLUCION JEFATURAL,No 000078-2024/JNAC/RENIEC,Aprueban las Normas de actuacion conjunta entre el Ministerio de Desarrollo e Inclusion Social - MIDIS y el Registro Nacional de Identificacion y Estado Civil - RENIEC para implementar el tramite gratuito de actualizacion del domicilio en el Documento Nacional de Identidad (DNI) de la poblacion en situacion de pobreza y pobreza extrema,https://epdoc2.elperuano.pe/EpPo/DescargaINDA.asp?Referencias=NDNWQlZCVkJWQjlXVU5ZQlRNTEhZQkxIOVdfX1RNUzhZQllYWENMSExI,20240531
20240516,2289041-1,REGISTRO NACIONAL DE IDENTIFICACION Y ESTADO CIVIL,RESOLUCION JEFATURAL,No 000079-2024/JNAC/RENIEC,Aprueban el Plan Operativo Institucional 2024 Modificado Version 1 del Registro Nacional de Identificacion y Estado Civil - RENIEC para el ano fiscal 2024,https://epdoc2.elperuano.pe/EpPo/DescargaINDA.asp?Referencias=NDNWQlZCVkJWQjlXVU5ZQlRNTEhZQkxIOVdfXzlXVE1ZQllYWENMSExI,20240531
20240516,2288268-1,GOBIERNO REGIONAL DE ICA,ORDENANZA,No 006-2024-GORE-ICA,Ordenanza Regional que Promueve la Incorporacion del Enfoque Intercultural la Atencion del Pueblo Afroperuano en Concordancia a la Politica Nacional del Pueblo Afroperuano al 2030 (PNPA) y Sanciona el Racismo y la Discriminacion etnico- Racial en la Region Ica,https://epdoc2.elperuano.pe/EpPo/DescargaINDA.asp?Referencias=NDNWQlZCVkJWQjlXVU5ZQlRNTEhZQkxIOVdfX1hDVkJMSFhDWENMSExI,20240531
20240516,2288422-1,MUNICIPALIDAD DISTRITAL DE AWAJUN,ACUERDO,No 032-2024-CM/MDA,Autorizan viaje del Alcalde y Regidora para participar en capacitacion y pasantia internacional a realizarse en Colombia,https://epdoc2.elperuano.pe/EpPo/DescargaINDA.asp?Referencias=NDNWQlZCVkJWQjlXVU5ZQlRNTEhZQkxIOVdfX0xITEhUTVhDWENMSExI,20240531
20240516,2288634-1,MUNICIPALIDAD METROPOLITANA DE LIMA,ORDENANZA,No 2620,Ordenanza que aprueba la rectificacion del plano de zonificacion del distrito de Pachacamac,https://epdoc2.elperuano.pe/EpPo/DescargaINDA.asp?Referencias=NDNWQlZCVkJWQjlXVU5ZQlRNTEhZQkxIOVdfX1RNUzhWQlhDWENMSExI,20240531
20240516,2289078-1,MUNICIPALIDAD DE COMAS,RESOLUCION,No 387-2024-GM/MDC,Encargan funciones de Ejecutor Coactivo (Tributario) de la Municipalidad Distrital de Comas,https://epdoc2.elperuano.pe/EpPo/DescargaINDA.asp?Referencias=NDNWQlZCVkJWQjlXVU5ZQlRNTEhZQkxIOVdfX1hDV1ZZQllYWENMSExI,20240531
20240516,2289218-1,MUNICIPALIDAD DE PUEBLO LIBRE,Decretos de Alcaldia,No 003-2024-MPL,Modifican el Anexo No 1 del Decreto de Alcaldia No 002-2024-MPL que regula el Cronograma General del Proceso de Formulacion del Presupuesto Participativo Basado en Resultados para el Ano Fiscal 2025,https://epdoc2.elperuano.pe/EpPo/DescargaINDA.asp?Referencias=NDNWQlZCVkJWQjlXVU5ZQlRNTEhZQkxIOVdfX1hDOVdMSFlYWENMSExI,20240531
20240516,2288105-1,MUNICIPALIDAD DEL RIMAC,Ordenanzas,No 640-MDR,Ordenanza que regula la gestion integral de residuos solidos y sus reglamentos: Reglamento de gestion y manejo de aceites vegetales y aceites lubricantes usados y Reglamento de gestion y manejo de baterias de plomo acido usadas del distrito de Rimac,https://epdoc2.elperuano.pe/EpPo/DescargaINDA.asp?Referencias=NDNWQlZCVkJWQjlXVU5ZQlRNTEhZQkxIOVdfX1VOWUI5V1hDWENMSExI,20240531
20240516,2287893-1,MUNICIPALIDAD DE SANTA ROSA,DECRETO DE ALCALDIA,No 002-2024/MDSR,Convocan a la Audiencia Publica de Rendicion de Cuentas 2024 - I,https://epdoc2.elperuano.pe/EpPo/DescargaINDA.asp?Referencias=NDNWQlZCVkJWQjlXVU5ZQlRNTEhZQkxIOVdfX1M4WVhYQ1dWWENMSExI,20240531
20240516,2288371-1,MUNICIPALIDAD DISTRITAL DE LLACANORA,ORDENANZA,No 02-2024-MDLL,Aprueban el reglamento del comercio ambulatorio en espacios publicos dentro de la jurisdiccion distrital de Llacanora,https://epdoc2.elperuano.pe/EpPo/DescargaINDA.asp?Referencias=NDNWQlZCVkJWQjlXVU5ZQlRNTEhZQkxIOVdfXzlXV1ZTOFhDWENMSExI,20240531
20240516,2288344-1,MUNICIPALIDAD DE CARMEN DE LA LEGUA REYNOSO,DECRETO DE ALCALDIA,No 004-2024-MDCLR,Convocan a las organizaciones sociales del distrito de Carmen de la Legua Reynoso al Proceso de Eleccion de los Representantes de la Sociedad Civil ante el Consejo de Coordinacion Local Distrital de Carmen de la Legua Reynoso,https://epdoc2.elperuano.pe/EpPo/DescargaINDA.asp?Referencias=NDNWQlZCVkJWQjlXVU5ZQlRNTEhZQkxIOVdfX1RNVE1TOFhDWENMSExI,20240531
20240516,2288254-1,MUNICIPALIDAD DE LA PUNTA,Ordenanzas,No 005-2024-MDLP/AL,Ordenanza que crea el Comite Multisectorial por los Derechos de las Ninas Ninos y Adolescentes (COMUDENNA) del distrito de La Punta,https://epdoc2.elperuano.pe/EpPo/DescargaINDA.asp?Referencias=NDNWQlZCVkJWQjlXVU5ZQlRNTEhZQkxIOVdfX1RNVU5MSFhDWENMSExI,20240531
20240515,2288660-1,CONGRESO DE LA REPUBLICA,LEY,No 32023,Ley que modifica la Ley 27261 Ley de Aeronautica Civil del Peru con la finalidad de ampliar la autorizacion legal para operar talleres de mantenimiento aeronautico,https://epdoc2.elperuano.pe/EpPo/DescargaINDA.asp?Referencias=NDNVTlVOVU5VTjlXVU5ZQlRNTEhZQkxIOVdfX1lCVkJWQlhDWENMSExI,20240531
20240515,2288660-2,CONGRESO DE LA REPUBLICA,LEY,No 32024,Ley que otorga a la Municipalidad Distrital de Majes excepcionalmente la facultad de vender con fines de desarrollo urbano en forma directa a favor de terceros los predios de dominio privado que le fueron transferidos mediante la Ley 28099 Ley que revierte inmueble al dominio del estado y ordena adjudicarlo en propiedad y a titulo gratuito a favor de la Municipalidad Distrital de Majes provincia de Caylloma departamento de Arequipa,https://epdoc2.elperuano.pe/EpPo/DescargaINDA.asp?Referencias=NDNVTlVOVU5VTjlXVU5ZQlRNTEhZQkxITEhfX1lCVkJWQlhDWENMSExI,20240531
20240515,2288660-3,CONGRESO DE LA REPUBLICA,LEY,No 32025,Ley que declara de interes nacional la proteccion conservacion y recuperacion de los ecosistemas de la cuenca hidrografica del rio Lurin,https://epdoc2.elperuano.pe/EpPo/DescargaINDA.asp?Referencias=NDNVTlVOVU5VTjlXVU5ZQlRNTEhZQkxIUzhfX1lCVkJWQlhDWENMSExI,20240531
20240515,2288482-1,AMBIENTE,RESOLUCION MINISTERIAL,No 155-2024-MINAM,Designan representantes del Ministerio ante el Consejo Directivo del Servicio Nacional de Certificacion Ambiental para las Inversiones Sostenibles (SENACE),https://epdoc2.elperuano.pe/EpPo/DescargaINDA.asp?Referencias=NDNVTlVOVU5VTjlXVU5ZQlRNTEhZQkxIOVdfX0xIWENUTVhDWENMSExI,20240531
20240515,2285161-1,CULTURA,RESOLUCION VICE MINISTERIAL,No 000108-2024-VMPCIC/MC,Aprueban la Directiva para la elaboracion y postulacion de propuestas de manifestaciones culturales inmateriales a las listas previstas en la Convencion para la Salvaguardia del Patrimonio Cultural Inmaterial 2003 de la Organizacion de las Naciones Unidas para la Educacion la Ciencia y la Cultura (UNESCO),https://epdoc2.elperuano.pe/EpPo/DescargaINDA.asp?Referencias=NDNVTlVOVU5VTjlXVU5ZQlRNTEhZQkxIOVdfXzlXVkI5V1VOWENMSExI,20240531
20240515,2288643-1,CULTURA,RESOLUCION VICE MINISTERIAL,No 000138-2024-VMPCIC/MC,Modifican la Resolucion Directoral Nacional No 1137/INC y dictan diversas disposiciones,https://epdoc2.elperuano.pe/EpPo/DescargaINDA.asp?Referencias=NDNVTlVOVU5VTjlXVU5ZQlRNTEhZQkxIOVdfX1M4VE1WQlhDWENMSExI,20240531
20240515,2288540-1,DESARROLLO AGRARIO Y RIEGO,RESOLUCION,No D000101-2024-MIDAGRI-SERFOR-DE,Designan Directora General de la Oficina General de Administracion del SERFOR,https://epdoc2.elperuano.pe/EpPo/DescargaINDA.asp?Referencias=NDNVTlVOVU5VTjlXVU5ZQlRNTEhZQkxIOVdfX1lCVE1VTlhDWENMSExI,20240531
20240515,2288544-1,DESARROLLO AGRARIO Y RIEGO,RESOLUCION,No D000103-2024-MIDAGRI-SERFOR-DE,Designan Directora de la Oficina de Comunicaciones del Servicio Nacional Forestal y de Fauna Silvestre - SERFOR,https://epdoc2.elperuano.pe/EpPo/DescargaINDA.asp?Referencias=NDNVTlVOVU5VTjlXVU5ZQlRNTEhZQkxIOVdfX1RNVE1VTlhDWENMSExI,20240531
20240515,2288715-1,DESARROLLO AGRARIO Y RIEGO,RESOLUCION,No D000107-2024-MIDAGRI-SERFOR-DE,Designan Directora General de la Oficina General de Planeamiento y Presupuesto del Servicio Nacional Forestal y de Fauna Silvestre - SERFOR,https://epdoc2.elperuano.pe/EpPo/DescargaINDA.asp?Referencias=NDNVTlVOVU5VTjlXVU5ZQlRNTEhZQkxIOVdfX1VOOVdXVlhDWENMSExI,20240531
20240515,2288657-1,DESARROLLO AGRARIO Y RIEGO,RESOLUCION MINISTERIAL,No 0174-2024-MIDAGRI,Designan Director Ejecutivo de la Unidad Ejecutora 036-001634: Fondo SIERRA AZUL,https://epdoc2.elperuano.pe/EpPo/DescargaINDA.asp?Referencias=NDNVTlVOVU5VTjlXVU5ZQlRNTEhZQkxIOVdfX1dWVU5WQlhDWENMSExI,20240531
20240515,2288374-1,DESARROLLO AGRARIO Y RIEGO,RESOLUCION DIRECTORAL,No 223-2024-MIDAGRI-DVDAFIR-AGRO RURAL-DE,Designan Asesora de la Direccion Ejecutiva del Programa de Desarrollo Productivo Agrario Rural — AGRO RURAL,https://epdoc2.elperuano.pe/EpPo/DescargaINDA.asp?Referencias=NDNVTlVOVU5VTjlXVU5ZQlRNTEhZQkxIOVdfX1RNV1ZTOFhDWENMSExI,20240531
20240515,2288660-4,ECONOMIA Y FINANZAS,DECRETO SUPREMO,No 081-2024-EF,Decreto Supremo que autoriza Transferencia de Partidas en el Presupuesto del Sector Publico para el Ano Fiscal 2024 a favor de diversos gobiernos locales,https://epdoc2.elperuano.pe/EpPo/DescargaINDA.asp?Referencias=NDNVTlVOVU5VTjlXVU5ZQlRNTEhZQkxIVE1fX1lCVkJWQlhDWENMSExI,20240531
20240515,2288660-5,ECONOMIA Y FINANZAS,DECRETO SUPREMO,No 082-2024-EF,Decreto Supremo que autoriza Transferencia de Partidas en el Presupuesto del Sector Publico para el Ano Fiscal 2024 a favor del Ministerio de Educacion,https://epdoc2.elperuano.pe/EpPo/DescargaINDA.asp?Referencias=NDNVTlVOVU5VTjlXVU5ZQlRNTEhZQkxIVU5fX1lCVkJWQlhDWENMSExI,20240531
20240515,2288660-6,ECONOMIA Y FINANZAS,DECRETO SUPREMO,No 083-2024-EF,Decreto Supremo que autoriza Transferencia de Partidas en el Presupuesto del Sector Publico para el Ano Fiscal 2024 a favor del Poder Judicial,https://epdoc2.elperuano.pe/EpPo/DescargaINDA.asp?Referencias=NDNVTlVOVU5VTjlXVU5ZQlRNTEhZQkxIVkJfX1lCVkJWQlhDWENMSExI,20240531
20240515,2288660-7,ECONOMIA Y FINANZAS,DECRETO SUPREMO,No 084-2024-EF,Decreto Supremo que autoriza Transferencia de Partidas en el Presupuesto del Sector Publico para el Ano Fiscal 2024 a favor de los gobiernos regionales,https://epdoc2.elperuano.pe/EpPo/DescargaINDA.asp?Referencias=NDNVTlVOVU5VTjlXVU5ZQlRNTEhZQkxIV1ZfX1lCVkJWQlhDWENMSExI,20240531
20240515,2288660-8,ECONOMIA Y FINANZAS,DECRETO SUPREMO,No 085-2024-EF,Decreto Supremo que autoriza Transferencia de Partidas en el Presupuesto del Sector Publico para el Ano Fiscal 2024 a favor del Ministerio de Vivienda Construccion y Saneamiento,https://epdoc2.elperuano.pe/EpPo/DescargaINDA.asp?Referencias=NDNVTlVOVU5VTjlXVU5ZQlRNTEhZQkxIWENfX1lCVkJWQlhDWENMSExI,20240531
20240515,2288556-1,ECONOMIA Y FINANZAS,RESOLUCION DIRECTORAL,No 006-2024-EF/51.01,Aprueban el Instructivo No 002-2024-EF/51.01 Instructivo para la elaboracion del diagnostico de brechas contables con fines de la preparacion del programa de transicion al Marco de las Normas Internacionales de Contabilidad del Sector Publico en las entidades del Sector Publico,https://epdoc2.elperuano.pe/EpPo/DescargaINDA.asp?Referencias=NDNVTlVOVU5VTjlXVU5ZQlRNTEhZQkxIOVdfX1ZCVU5VTlhDWENMSExI,20240531
20240515,2288483-1,ECONOMIA Y FINANZAS,RESOLUCION MINISTERIAL,No 160-2024-EF/41,Aprueban el Plan Operativo Institucional (POI) Multianual 2025-2027 del Ministerio de Economia y Finanzas,https://epdoc2.elperuano.pe/EpPo/DescargaINDA.asp?Referencias=NDNVTlVOVU5VTjlXVU5ZQlRNTEhZQkxIOVdfX1M4WENUTVhDWENMSExI,20240531
20240515,2288852-1,ECONOMIA Y FINANZAS,RESOLUCION MINISTERIAL,No 163-2024-EF/15,Aprueban el Listado de Gobiernos Locales sujetos a medidas correctivas establecidas en los parrafos 7.1 y 7.2 del articulo 7 del Decreto Legislativo No 1275 Decreto Legislativo que aprueba el Marco de la Responsabilidad y Transparencia Fiscal de los Gobiernos Regionales y Gobiernos Locales,https://epdoc2.elperuano.pe/EpPo/DescargaINDA.asp?Referencias=NDNVTlVOVU5VTjlXVU5ZQlRNTEhZQkxIOVdfX0xIVU5YQ1hDWENMSExI,20240531
20240515,2288660-9,EDUCACION,DECRETO SUPREMO,No 008-2024-MINEDU,Decreto Supremo que incorpora la Vigesima Octava Disposicion Complementaria Transitoria al Reglamento de la Ley No 29944 Ley de Reforma Magisterial aprobado por el Decreto Supremo No 004-2013-ED a fin de establecer disposiciones sobre la designacion excepcional en cargos directivos de institucion educativa,https://epdoc2.elperuano.pe/EpPo/DescargaINDA.asp?Referencias=NDNVTlVOVU5VTjlXVU5ZQlRNTEhZQkxIWVhfX1lCVkJWQlhDWENMSExI,20240531
20240515,2288537-1,EDUCACION,RESOLUCION DIRECTORAL,No 000089- 2024-MINEDU-VMGI-PRONIED-DE,Designan Asesor II de la Direccion Ejecutiva del Programa Nacional de Infraestructura Educativa,https://epdoc2.elperuano.pe/EpPo/DescargaINDA.asp?Referencias=NDNVTlVOVU5VTjlXVU5ZQlRNTEhZQkxIOVdfX1dWUzhVTlhDWENMSExI,20240531
20240515,2288550-1,EDUCACION,RESOLUCION DIRECTORAL,No 000090-2024-MINEDU-VMGI-PRONIED-DE,Designan Director de Sistema Administrativo III de la Oficina de Comunicaciones del Programa Nacional de Infraestructura Educativa,https://epdoc2.elperuano.pe/EpPo/DescargaINDA.asp?Referencias=NDNVTlVOVU5VTjlXVU5ZQlRNTEhZQkxIOVdfX1lCVU5VTlhDWENMSExI,20240531
20240515,2288436-1,EDUCACION,RESOLUCION MINISTERIAL,No 218-2024-MINEDU,Autorizan Transferencia Financiera del Pliego 010: M. de Educacion Unidad Ejecutora 026: Programa Educacion Basica para Todos a favor del Instituto Nacional de Estadistica e Informatica (INEI),https://epdoc2.elperuano.pe/EpPo/DescargaINDA.asp?Referencias=NDNVTlVOVU5VTjlXVU5ZQlRNTEhZQkxIOVdfX1ZCUzhUTVhDWENMSExI,20240531
20240515,2288660-11,EDUCACION,RESOLUCION SUPREMA,No 007-2024-MINEDU,Designan representante de las universidades ante el Consejo Directivo del Instituto Nacional de Investigacion en Glaciares y Ecosistemas de Montanas - INAIGEM,https://epdoc2.elperuano.pe/EpPo/DescargaINDA.asp?Referencias=NjNVTlVOVU45V1VOWUJUTUxIWUJMSDlXOVdfX1lCVkJWQlhDWENMSExI,20240531
20240515,2282461-1,ENERGIA Y MINAS,RESOLUCION MINISTERIAL,No 165-2024-MINEM/DM,Otorgan a favor de la EMPRESA DE GENERACIoN ELeCTRICA BLANCA S.A.C. concesion temporal de transmision para desarrollar estudios de factibilidad en la futura Linea de Transmision 220 kV S.E. Blanca - S.E. San Jose ubicado en el departamento de Arequipa,https://epdoc2.elperuano.pe/EpPo/DescargaINDA.asp?Referencias=NDNVTlVOVU5VTjlXVU5ZQlRNTEhZQkxIOVdfXzlXVkJUTUxIWENMSExI,20240531
20240515,2282463-1,ENERGIA Y MINAS,RESOLUCION MINISTERIAL,No 167-2024-MINEM/DM,Otorgan a favor de la Empresa de Generacion Electrica Quercus S.A.C. la modificacion de concesion temporal para desarrollar estudios de factibilidad del proyecto Linea de Transmision 500 kV S.E. Quercus - S.E. La Nina los cuales se llevaran a cabo en los distritos de Sechura y Olmos provincias de Sechura y Lambayeque departamentos de Piura y Lambayeque,https://epdoc2.elperuano.pe/EpPo/DescargaINDA.asp?Referencias=NDNVTlVOVU5VTjlXVU5ZQlRNTEhZQkxIOVdfX1M4VkJUTUxIWENMSExI,20240531
20240515,2282467-1,ENERGIA Y MINAS,RESOLUCION MINISTERIAL,No 166-2024-MINEM/DM,Otorgan a favor de la EMPRESA DE GENERACIoN ELeCTRICA ALBA S.A.C. la concesion temporal de transmision para desarrollar estudios de factibilidad en la futura Linea de Transmision 220 kV S.E. Alba - S.E. San Jose ubicada en el departamento de Arequipa,https://epdoc2.elperuano.pe/EpPo/DescargaINDA.asp?Referencias=NDNVTlVOVU5VTjlXVU5ZQlRNTEhZQkxIOVdfX1dWVkJUTUxIWENMSExI,20240531
20240515,2282652-1,ENERGIA Y MINAS,RESOLUCION MINISTERIAL,No 169-2024-MINEM/DM,Otorgan concesion temporal de transmision para desarrollar estudios de factibilidad en la futura Linea de Transmision 220 kV S.E. Zapote - S.E. Felam a favor de la empresa ZAPOTE S.A.C.,https://epdoc2.elperuano.pe/EpPo/DescargaINDA.asp?Referencias=NDNVTlVOVU5VTjlXVU5ZQlRNTEhZQkxIOVdfX0xIVU5WQkxIWENMSExI,20240531
20240515,2288913-1,JUSTICIA Y DERECHOS HUMANOS,RESOLUCION MINISTERIAL,No 0121-2024-JUS,Designan Asesor II del Despacho Viceministerial de Derechos Humanos y Acceso a la Justicia,https://epdoc2.elperuano.pe/EpPo/DescargaINDA.asp?Referencias=NDNVTlVOVU5VTjlXVU5ZQlRNTEhZQkxIOVdfX1M4OVdZWFhDWENMSExI,20240531
20240515,2288271-1,MUJER Y POBLACIONES VULNERABLES,RESOLUCION MINISTERIAL,No 180-2024-MIMP,Aprueban ampliacion del horizonte temporal del Plan Estrategico Institucional 2019 - 2026 Ampliado del Pliego 039: Ministerio de la Mujer y Poblaciones Vulnerables hasta el ano 2027 siendo su nueva denominacion Plan Estrategico Institucional 2019 - 2027 Ampliado del Pliego 039: Ministerio de la Mujer y Poblaciones Vulnerables,https://epdoc2.elperuano.pe/EpPo/DescargaINDA.asp?Referencias=NDNVTlVOVU5VTjlXVU5ZQlRNTEhZQkxIOVdfXzlXV1ZMSFhDWENMSExI,20240531
20240515,2288272-1,MUJER Y POBLACIONES VULNERABLES,RESOLUCION MINISTERIAL,No 181-2024-MIMP,Aprueban el Padron de Beneficiarios de la Subvencion Economica por Acogimiento Familiar (PB-SEAF) correspondiente al mes de marzo de 2024 y el monto total por concepto de subvencion economica,https://epdoc2.elperuano.pe/EpPo/DescargaINDA.asp?Referencias=NDNVTlVOVU5VTjlXVU5ZQlRNTEhZQkxIOVdfX0xIV1ZMSFhDWENMSExI,20240531
20240515,2288273-1,MUJER Y POBLACIONES VULNERABLES,RESOLUCION MINISTERIAL,No 183-2024-MIMP,Crean el Grupo de Trabajo para identificar intervenciones del MIMP en la zona de influencia del proyecto Terminal Portuario Multiproposito de Chancay (TPMCH),https://epdoc2.elperuano.pe/EpPo/DescargaINDA.asp?Referencias=NDNVTlVOVU5VTjlXVU5ZQlRNTEhZQkxIOVdfX1M4V1ZMSFhDWENMSExI,20240531
20240515,2288275-1,MUJER Y POBLACIONES VULNERABLES,RESOLUCION MINISTERIAL,No 184-2024-MIMP,Designan representantes del Ministerio ante la Comision Multisectorial Permanente denominada Mesa de Trabajo Intersectorial para la Gestion Migratoria,https://epdoc2.elperuano.pe/EpPo/DescargaINDA.asp?Referencias=NDNVTlVOVU5VTjlXVU5ZQlRNTEhZQkxIOVdfX1VOV1ZMSFhDWENMSExI,20240531
20240515,2288658-1,PRODUCE,DECRETO SUPREMO,No 006-2024-PRODUCE,Decreto Supremo que aprueba la Politica Nacional para la Calidad al 2030,https://epdoc2.elperuano.pe/EpPo/DescargaINDA.asp?Referencias=NDNVTlVOVU5VTjlXVU5ZQlRNTEhZQkxIOVdfX1hDVU5WQlhDWENMSExI,20240531
20240515,2288472-1,PRODUCE,RESOLUCION MINISTERIAL,No 000202-2024-PRODUCE,Aprueban Lineamientos para la implementacion de las Lineas Prioritarias de Intervencion Mype Sostenible y Mype Global,https://epdoc2.elperuano.pe/EpPo/DescargaINDA.asp?Referencias=NDNVTlVOVU5VTjlXVU5ZQlRNTEhZQkxIOVdfX0xIV1ZUTVhDWENMSExI,20240531
20240515,2288528-1,RELACIONES EXTERIORES,RESOLUCION MINISTERIAL,No 0384-2024-RE,Autorizan viaje de personal del Ministerio de Relaciones Exteriores a la Republica de la India en comision de servicios,https://epdoc2.elperuano.pe/EpPo/DescargaINDA.asp?Referencias=NDNVTlVOVU5VTjlXVU5ZQlRNTEhZQkxIOVdfX1hDTEhVTlhDWENMSExI,20240531
20240515,2288572-1,RELACIONES EXTERIORES,RESOLUCION MINISTERIAL,No 0383-2024-RE,Aprueban el Plan Estrategico Institucional (PEI) 2020-2027 ampliado del Ministerio de Relaciones Exteriores,https://epdoc2.elperuano.pe/EpPo/DescargaINDA.asp?Referencias=NDNVTlVOVU5VTjlXVU5ZQlRNTEhZQkxIOVdfX0xIV1ZVTlhDWENMSExI,20240531
20240515,2288659-3,RELACIONES EXTERIORES,RESOLUCION SUPREMA,No 092-2024-RE,Designan Directora Ejecutiva de la Agencia Peruana de Cooperacion Internacional - APCI,https://epdoc2.elperuano.pe/EpPo/DescargaINDA.asp?Referencias=NDNVTlVOVU5VTjlXVU5ZQlRNTEhZQkxIUzhfX1lYVU5WQlhDWENMSExI,20240531
20240515,2288659-4,RELACIONES EXTERIORES,RESOLUCION SUPREMA,No 093-2024-RE,Nombran Consul General del Peru en Washington D.C. Estados Unidos de America,https://epdoc2.elperuano.pe/EpPo/DescargaINDA.asp?Referencias=NDNVTlVOVU5VTjlXVU5ZQlRNTEhZQkxIVE1fX1lYVU5WQlhDWENMSExI,20240531
20240515,2288659-5,RELACIONES EXTERIORES,RESOLUCION SUPREMA,No 094-2024-RE,Nombran Consul General del Peru en Nueva York Estados Unidos de America,https://epdoc2.elperuano.pe/EpPo/DescargaINDA.asp?Referencias=NDNVTlVOVU5VTjlXVU5ZQlRNTEhZQkxIVU5fX1lYVU5WQlhDWENMSExI,20240531
20240515,2288660-10,RELACIONES EXTERIORES,RESOLUCION SUPREMA,No 095-2024-RE,Nombran Consul Honorario del Peru en Mascate Sultanato de Oman con jurisdiccion consular en todo el territorio de Oman,https://epdoc2.elperuano.pe/EpPo/DescargaINDA.asp?Referencias=NjNVTlVOVU45V1VOWUJUTUxIWUJMSFlCOVdfX1lCVkJWQlhDWENMSExI,20240531
20240515,2288596-1,SALUD,RESOLUCION MINISTERIAL,No 329-2024/MINSA,Autorizan Transferencia Financiera a favor de la Contraloria General de la Republica,https://epdoc2.elperuano.pe/EpPo/DescargaINDA.asp?Referencias=NDNVTlVOVU5VTjlXVU5ZQlRNTEhZQkxIOVdfX1ZCWVhVTlhDWENMSExI,20240531
20240515,2288602-1,SALUD,RESOLUCION MINISTERIAL,No 330-2024/MINSA,Autorizan Transferencia Financiera a favor de la Contraloria General de la Republica,https://epdoc2.elperuano.pe/EpPo/DescargaINDA.asp?Referencias=NDNVTlVOVU5VTjlXVU5ZQlRNTEhZQkxIOVdfX0xIWUJWQlhDWENMSExI,20240531
20240515,2288609-1,SALUD,RESOLUCION MINISTERIAL,No 331-2024/MINSA,Autorizan Transferencia Financiera a favor de la Organizacion Panamericana de la Salud (OPS/OMS),https://epdoc2.elperuano.pe/EpPo/DescargaINDA.asp?Referencias=NDNVTlVOVU5VTjlXVU5ZQlRNTEhZQkxIOVdfX1lYWUJWQlhDWENMSExI,20240531
20240515,2288612-1,SALUD,RESOLUCION MINISTERIAL,No 332-2024/MINSA,Autorizan Transferencia Financiera a favor de la Contraloria General de la Republica,https://epdoc2.elperuano.pe/EpPo/DescargaINDA.asp?Referencias=NDNVTlVOVU5VTjlXVU5ZQlRNTEhZQkxIOVdfX0xIOVdWQlhDWENMSExI,20240531
20240515,2288666-1,SALUD,RESOLUCION MINISTERIAL,No 334-2024/MINSA,Aprueban el Plan Operativo Institucional (POI) Multianual 2025-2027 del Pliego 011. Ministerio de Salud,https://epdoc2.elperuano.pe/EpPo/DescargaINDA.asp?Referencias=NDNVTlVOVU5VTjlXVU5ZQlRNTEhZQkxIOVdfX1ZCVkJWQlhDWENMSExI,20240531
20240515,2288546-1,TRABAJO Y PROMOCION DEL EMPLEO,RESOLUCION MINISTERIAL,No 081-2024-TR,Aprueban el Plan Operativo Institucional (POI) Multianual 2025-2027 del Ministerio de Trabajo y Promocion del Empleo (MTPE),https://epdoc2.elperuano.pe/EpPo/DescargaINDA.asp?Referencias=NDNVTlVOVU5VTjlXVU5ZQlRNTEhZQkxIOVdfX1ZCVE1VTlhDWENMSExI,20240531
20240515,2288010-1,TRANSPORTES Y COMUNICACIONES,RESOLUCION MINISTERIAL,No 232-2024-MTC/01.03,Otorgan a la empresa FIBRAMAX TEL S.A.C. Concesion unica para la prestacion de servicios publicos de telecomunicaciones en area que comprende todo el territorio de la Republica,https://epdoc2.elperuano.pe/EpPo/DescargaINDA.asp?Referencias=NDNVTlVOVU5VTjlXVU5ZQlRNTEhZQkxIOVdfX1lCOVdZQlhDWENMSExI,20240531
20240515,2288640-1,TRANSPORTES Y COMUNICACIONES,RESOLUCION MINISTERIAL,No 245-2024-MTC/01,Aprueban el Plan Operativo Institucional Multianual 2025 - 2027 del Pliego 036: Ministerio de Transportes y Comunicaciones,https://epdoc2.elperuano.pe/EpPo/DescargaINDA.asp?Referencias=NDNVTlVOVU5VTjlXVU5ZQlRNTEhZQkxIOVdfX1lCVE1WQlhDWENMSExI,20240531
20240515,2288650-1,TRANSPORTES Y COMUNICACIONES,RESOLUCION MINISTERIAL,No 246-2024-MTC/01,Autorizan Transferencia Financiera a favor de la Contraloria General de la Republica,https://epdoc2.elperuano.pe/EpPo/DescargaINDA.asp?Referencias=NDNVTlVOVU5VTjlXVU5ZQlRNTEhZQkxIOVdfX1lCVU5WQlhDWENMSExI,20240531
20240515,2288656-1,TRANSPORTES Y COMUNICACIONES,RESOLUCION MINISTERIAL,No 250-2024-MTC/01,Designan Directora de la Direccion de Disponibilidad de Predios de la Direccion General de Programas y Proyectos de Transportes,https://epdoc2.elperuano.pe/EpPo/DescargaINDA.asp?Referencias=NDNVTlVOVU5VTjlXVU5ZQlRNTEhZQkxIOVdfX1ZCVU5WQlhDWENMSExI,20240531
20240515,2288646-1,COMISION NACIONAL PARA EL DESARROLLO Y VIDA SIN DROGAS,RESOLUCION,No 000092-2024-DV-PE,Autorizan transferencia financiera a favor de la Municipalidad Distrital de Luricocha para financiar actividad,https://epdoc2.elperuano.pe/EpPo/DescargaINDA.asp?Referencias=NDNVTlVOVU5VTjlXVU5ZQlRNTEhZQkxIOVdfX1ZCVE1WQlhDWENMSExI,20240531
20240515,2288782-1,SIERRA Y SELVA EXPORTADORA,RESOLUCION,027-2024-MIDAGRI-SSE/PE,Dan por concluido encargo y designan Jefa de la Oficina de Asesoria Juridica de Sierra y Selva Exportadora,https://epdoc2.elperuano.pe/EpPo/DescargaINDA.asp?Referencias=NDNVTlVOVU5VTjlXVU5ZQlRNTEhZQkxIOVdfX0xIWENXVlhDWENMSExI,20240531
20240515,2287933-1,ORGANISMO SUPERVISOR DE INVERSION PRIVADA EN TELECOMUNICACIONES,RESOLUCION,No 00130-2024-CD/OSIPTEL,Disponen la conformacion del Tribunal de Apelaciones del Osiptel,https://epdoc2.elperuano.pe/EpPo/DescargaINDA.asp?Referencias=NDNVTlVOVU5VTjlXVU5ZQlRNTEhZQkxIOVdfX1M4UzhZWFdWWENMSExI,20240531
20240515,2288515-1,COMISIoN DE PROMOCIoN DEL PERu PARA LA EXPORTACIoN Y EL TURISMO,RESOLUCION,No 000077-2024-PROMPERU/PE,Designan Asesor de la Presidencia Ejecutiva de PROMPERu,https://epdoc2.elperuano.pe/EpPo/DescargaINDA.asp?Referencias=NDNVTlVOVU5VTjlXVU5ZQlRNTEhZQkxIOVdfX1VOOVdVTlhDWENMSExI,20240531
20240515,2288277-1,INSTITUTO GEOLoGICO MINERO Y METALuRGICO,RESOLUCION,No 0048-2024-INGEMMET/PE,Disponen la publicacion de la relacion de las concesiones mineras cuyos titulos se aprobaron en abril del 2024,https://epdoc2.elperuano.pe/EpPo/DescargaINDA.asp?Referencias=NDNVTlVOVU5VTjlXVU5ZQlRNTEhZQkxIOVdfX1dWV1ZMSFhDWENMSExI,20240531
20240515,2288005-1,INSTITUTO NACIONAL DE DEFENSA DE LA COMPETENCIA Y DE LA PROTECCION DE LA PROPIEDAD INTELECTUAL,RESOLUCION,0188-2024/SEL-INDECOPI,Declaran barrera burocratica ilegal lo dispuesto en el numeral 40.1.2 del articulo 40 del Reglamento Nacional de Administracion de Transporte aprobado mediante el Decreto Supremo 017-2009-MTC,https://epdoc2.elperuano.pe/EpPo/DescargaINDA.asp?Referencias=NDNVTlVOVU5VTjlXVU5ZQlRNTEhZQkxIOVdfX1VOWUJZQlhDWENMSExI,20240531
20240515,2288488-1,ORGANISMO SUPERVISOR DE LAS CONTRATACIONES DEL ESTADO,RESOLUCION,No D000079-2024-OSCE-PRE,Aprueban el Plan Operativo Institucional Multianual 2025 - 2027 del Organismo Supervisor de las Contrataciones del Estado - OSCE,https://epdoc2.elperuano.pe/EpPo/DescargaINDA.asp?Referencias=NDNVTlVOVU5VTjlXVU5ZQlRNTEhZQkxIOVdfX1hDWENUTVhDWENMSExI,20240531
20240515,2288583-1,ORGANISMO TeCNICO DE LA ADMINISTRACIoN DE LOS SERVICIOS DE SANEAMIENTO,RESOLUCION DIRECTORAL,No 000046-2024-OTASS-DE,Aprueban el Plan Operativo Institucional (POI) Multianual 2025-2027 del Organismo Tecnico de la Administracion de los Servicios de Saneamiento - OTASS,https://epdoc2.elperuano.pe/EpPo/DescargaINDA.asp?Referencias=NDNVTlVOVU5VTjlXVU5ZQlRNTEhZQkxIOVdfX1M4WENVTlhDWENMSExI,20240531
20240515,2289102-1,SUPERINTENDENCIA NACIONAL DE CONTROL DE SERVICIOS DE SEGURIDAD  ARMAS  MUNICIONES Y EXPLOSIVOS DE USO CIVIL,RESOLUCION,No 02291-2024-SUCAMEC,Designan Temporalmente a Jefe Zonal de la Jefatura Zonal de Cajamarca de la SUCAMEC,https://epdoc2.elperuano.pe/EpPo/DescargaINDA.asp?Referencias=NDNVTlVOVU5VTjlXVU5ZQlRNTEhZQkxIOVdfX0xIWUI5V1lYWENMSExI,20240531
20240515,2288954-1,SUPERINTENDENCIA NACIONAL DE EDUCACION SUPERIOR UNIVERSITARIA,RESOLUCION,No 00015-2024-SUNEDU-CD,Aprueban la Seccion Primera y la Seccion Segunda del Reglamento de Organizacion y Funciones de la Superintendencia Nacional de Educacion Superior Universitaria (SUNEDU),https://epdoc2.elperuano.pe/EpPo/DescargaINDA.asp?Referencias=NDNVTlVOVU5VTjlXVU5ZQlRNTEhZQkxIOVdfX1RNVU5ZWFhDWENMSExI,20240531
20240515,2288524-1,CONSEJO EJECUTIVO DEL PODER JUDICIAL,RESOLUCION ADMINISTRATIVA,No 000152-2024-CE-PJ,Aprueban el Reglamento denominado Programa de Voluntariado en el Poder Judicial - Version 001,https://epdoc2.elperuano.pe/EpPo/DescargaINDA.asp?Referencias=NDNVTlVOVU5VTjlXVU5ZQlRNTEhZQkxIOVdfX1RNTEhVTlhDWENMSExI,20240531
20240515,2288526-1,CONSEJO EJECUTIVO DEL PODER JUDICIAL,RESOLUCION ADMINISTRATIVA,No 000154-2024-CE-PJ,Aprueban la implementacion del Expediente Judicial Electronico (EJE) y la Mesa de Partes Electronica (MPE) en diversas Cortes Superiores de Justicia,https://epdoc2.elperuano.pe/EpPo/DescargaINDA.asp?Referencias=NDNVTlVOVU5VTjlXVU5ZQlRNTEhZQkxIOVdfX1ZCTEhVTlhDWENMSExI,20240531
20240515,2288527-1,CONSEJO EJECUTIVO DEL PODER JUDICIAL,RESOLUCION ADMINISTRATIVA,No 000155-2024-CE-PJ,Autorizan la realizacion del II Concurso Nacional Interuniversitario de Litigacion Oral Civil - 2024,https://epdoc2.elperuano.pe/EpPo/DescargaINDA.asp?Referencias=NDNVTlVOVU5VTjlXVU5ZQlRNTEhZQkxIOVdfX1dWTEhVTlhDWENMSExI,20240531
20240515,2288335-1,CORTES SUPERIORES DE JUSTICIA,RESOLUCION ADMINISTRATIVA,No 000355-2024-P-CSJLI-PJ,Establecen conformacion de la Novena Sala Laboral de la Corte Superior de Justicia de Lima,https://epdoc2.elperuano.pe/EpPo/DescargaINDA.asp?Referencias=NDNVTlVOVU5VTjlXVU5ZQlRNTEhZQkxIOVdfX1VOUzhTOFhDWENMSExI,20240531
20240515,2288265-1,CONTRALORIA GENERAL DE LA REPUBLICA,RESOLUCION,No 247-2024-CG,Modifican el rubro De la publicidad de los resultados de los servicios de control de la seccion IV. Normas Comunes a los Servicios de Control de las Normas Generales de Control Gubernamental,https://epdoc2.elperuano.pe/EpPo/DescargaINDA.asp?Referencias=NDNVTlVOVU5VTjlXVU5ZQlRNTEhZQkxIOVdfX1VOVkJMSFhDWENMSExI,20240531
20240515,2285253-1,INSTITUCIONES EDUCATIVAS,RESOLUCION,No 030-2024-UNIQ,Aprueban el Presupuesto Analitico de Personal (PAP) - 2024 de la Universidad Nacional Intercultural de Quillabamba,https://epdoc2.elperuano.pe/EpPo/DescargaINDA.asp?Referencias=NDNVTlVOVU5VTjlXVU5ZQlRNTEhZQkxIOVdfX1M4VU5MSFVOWENMSExI,20240531
20240515,2287165-1,INSTITUCIONES EDUCATIVAS,RESOLUCION,No 188-2024-UNSCH-R,Autorizan viaje de docente de la Universidad Nacional de San Cristobal de Huamanga para realizar pasantia en Espana,https://epdoc2.elperuano.pe/EpPo/DescargaINDA.asp?Referencias=NDNVTlVOVU5VTjlXVU5ZQlRNTEhZQkxIOVdfX1VOVkI5V1dWWENMSExI,20240531
20240515,2288008-1,INSTITUCIONES EDUCATIVAS,RESOLUCION,No 13118-2024-UNJBG,Autorizan excepcionalmente viaje de investigadores y docentes de la Universidad Nacional Jorge Basadre Grohmann a Espana en comision de servicios,https://epdoc2.elperuano.pe/EpPo/DescargaINDA.asp?Referencias=NDNVTlVOVU5VTjlXVU5ZQlRNTEhZQkxIOVdfX1hDWUJZQlhDWENMSExI,20240531
20240515,2288444-1,JURADO NACIONAL DE ELECCIONES,RESOLUCION,No 0122-2024-JNE,Confirman el Acuerdo de Concejo No 107/2023-MPL que desaprobo solicitud de vacancia presentada en contra de regidor del Concejo Provincial de Lambayeque departamento de Lambayeque,https://epdoc2.elperuano.pe/EpPo/DescargaINDA.asp?Referencias=NDNVTlVOVU5VTjlXVU5ZQlRNTEhZQkxIOVdfX1RNVE1UTVhDWENMSExI,20240531
20240515,2288124-1,OFICINA NACIONAL DE PROCESOS ELECTORALES,RESOLUCION,No 000004 -2024-GOECOR/ONPE,Aprueban lista de candidatos al proceso de eleccion de los miembros titular y suplentes del Pleno del Jurado Nacional de Elecciones a cargo de los decanos de las facultades de derecho de las universidades publicas,https://epdoc2.elperuano.pe/EpPo/DescargaINDA.asp?Referencias=NDNVTlVOVU5VTjlXVU5ZQlRNTEhZQkxIOVdfX1RNTEg5V1hDWENMSExI,20240531
20240515,2288674-1,REGISTRO NACIONAL DE IDENTIFICACION Y ESTADO CIVIL,RESOLUCION JEFATURAL,No 000077-2024/JNAC/RENIEC,Modifican el Articulo Segundo de la Resolucion Jefatural No 000003-2024/JNAC/RENIEC para incluir la delegacion en material laboral,https://epdoc2.elperuano.pe/EpPo/DescargaINDA.asp?Referencias=NDNVTlVOVU5VTjlXVU5ZQlRNTEhZQkxIOVdfX1RNV1ZWQlhDWENMSExI,20240531
20240515,2287727-1,SUPERINTENDENCIA DE BANCA  SEGUROS Y ADMINISTRADORAS PRIVADAS DE FONDOS DE PENSIONES,RESOLUCION,SBS No 01755-2024,Autorizan viaje de Superintendente Adjunto de Conducta de Mercado e Inclusion Financiera para participar en eventos a realizarse en Costa Rica,https://epdoc2.elperuano.pe/EpPo/DescargaINDA.asp?Referencias=NDNVTlVOVU5VTjlXVU5ZQlRNTEhZQkxIOVdfX1dWTEhXVldWWENMSExI,20240531
20240515,2288266-1,GOBIERNO REGIONAL DE AREQUIPA,ACUERDO,No 69-2024-GRA/CR-AREQUIPA,Rectifican errores materiales del Acuerdo Regional No 032-2024-GRA-CR-AREQUIPA,https://epdoc2.elperuano.pe/EpPo/DescargaINDA.asp?Referencias=NDNVTlVOVU5VTjlXVU5ZQlRNTEhZQkxIOVdfX1ZCVkJMSFhDWENMSExI,20240531
20240515,2281633-1,GOBIERNO REGIONAL DE MOQUEGUA,RESOLUCION DIRECTORAL,No 043-2024/DREM.M-GRM,Disponen publicar concesiones mineras cuyos titulos fueron aprobados durante los meses de noviembre del ano 2023 febrero y marzo del ano 2024 por la Direccion Regional de Energia y Minas Moquegua,https://epdoc2.elperuano.pe/EpPo/DescargaINDA.asp?Referencias=NDNVTlVOVU5VTjlXVU5ZQlRNTEhZQkxIOVdfX1M4UzhWQjlXWENMSExI,20240531
20240515,2288001-1,GOBIERNO REGIONAL DE TACNA,RESOLUCION DIRECTORAL,No 081-2024-DREM/GOB.REG.TACNA,Publican las concesiones mineras cuyos titulos fueron otorgados en coordenadas UTM de los vertices en sistema WGS84,https://epdoc2.elperuano.pe/EpPo/DescargaINDA.asp?Referencias=NDNVTlVOVU5VTjlXVU5ZQlRNTEhZQkxIOVdfXzlXWUJZQlhDWENMSExI,20240531
20240515,2251913-1,GOBIERNO REGIONAL DE TUMBES,ACUERDO,No 001-2024/GOB.REG.TUMBES-CR-CD,Aprueban el Plan de Accion de Seguridad Ciudadana - PARSC 2024-2027,https://epdoc2.elperuano.pe/EpPo/DescargaINDA.asp?Referencias=NDNVTlVOVU5VTjlXVU5ZQlRNTEhZQkxIOVdfX1M4OVdZWDlXVU5MSExI,20240531
20240515,2287709-1,MUNICIPALIDAD DE CHORRILLOS,Decretos de Alcaldia,No 000006-2024-MDCH/ALC,Convocan a la Primera Audiencia Publica Municipal de Rendicion de Cuentas de la Municipalidad Distrital de Chorrillos del ano fiscal 2024,https://epdoc2.elperuano.pe/EpPo/DescargaINDA.asp?Referencias=NDNVTlVOVU5VTjlXVU5ZQlRNTEhZQkxIOVdfX1lYWUJXVldWWENMSExI,20240531
20240515,2288431-1,MUNICIPALIDAD DE JESUS MARIA,DECRETO DE ALCALDIA,No 006-2024-MDJM,Aprueban adecuacion de procedimientos administrativos y servicio prestado en exclusividad de licencias de habilitacion urbana y licencias de edificacion contenidas en el TUPA de la Municipalidad y eliminan procedimientos administrativos,https://epdoc2.elperuano.pe/EpPo/DescargaINDA.asp?Referencias=NDNVTlVOVU5VTjlXVU5ZQlRNTEhZQkxIOVdfXzlXUzhUTVhDWENMSExI,20240531
20240515,2288750-1,MUNICIPALIDAD DE LA VICTORIA,DECRETO DE ALCALDIA,No 004-2024/MLV,Aprueban el Cronograma de actividades para la Primera Audiencia Publica de Rendicion de Cuentas de la Municipalidad de La Victoria para el ano 2024 y aprueban otras disposiciones.,https://epdoc2.elperuano.pe/EpPo/DescargaINDA.asp?Referencias=NDNVTlVOVU5VTjlXVU5ZQlRNTEhZQkxIOVdfX1lCVU5XVlhDWENMSExI,20240531
20240515,2287043-1,MUNICIPALIDAD DE LURIN,ORDENANZA,N.º 497-2024/MDL,Ordenanza Municipal que aprueba la Regularizacion de Licencias de Habilitaciones Urbanas y Edificaciones Ejecutadas parcialmente sin Licencia Municipal,https://epdoc2.elperuano.pe/EpPo/DescargaINDA.asp?Referencias=NDNVTlVOVU5VTjlXVU5ZQlRNTEhZQkxIOVdfX1M4VE1ZQldWWENMSExI,20240531
20240515,2286271-1,MUNICIPALIDAD DE PUCUSANA,Res. Alcaldia,No 057-2024-ALC/MDP,Designan Ejecutora Coactiva de la Municipalidad,https://epdoc2.elperuano.pe/EpPo/DescargaINDA.asp?Referencias=NDNVTlVOVU5VTjlXVU5ZQlRNTEhZQkxIOVdfXzlXV1ZMSFZCWENMSExI,20240531
20240515,2285614-1,MUNICIPALIDAD DE PUNTA HERMOSA,ORDENANZA,No 511-MDPH,Ordenanza que establece los horarios de ingreso y salida de las cuatrimotos y de los vehiculos que remolcan motos acuaticas a la arena en la playa Senoritas de la Urb. El Silencio,https://epdoc2.elperuano.pe/EpPo/DescargaINDA.asp?Referencias=NDNVTlVOVU5VTjlXVU5ZQlRNTEhZQkxIOVdfX1RNOVdWQlVOWENMSExI,20240531
20240515,2286821-1,MUNICIPALIDAD DE PUNTA NEGRA,Ordenanzas,No 023-2024/MDPN,Ordenanza que establece beneficios e incentivos tributarios y no tributarios en via ordinaria y coactiva en el distrito de Punta Negra,https://epdoc2.elperuano.pe/EpPo/DescargaINDA.asp?Referencias=NDNVTlVOVU5VTjlXVU5ZQlRNTEhZQkxIOVdfXzlXTEhYQ1ZCWENMSExI,20240531
20240515,2289052-1,MUNICIPALIDAD DE SAN JUAN DE LURIGANCHO,Decretos de Alcaldia,No 011-2024-MDSJL,Aprueban la modificacion del Anexo I que forma parte del Reglamento del Proceso de Presupuesto Participativo Basado en Resultados para el ano fiscal 2025 de la Municipalidad Distrital de San Juan de Lurigancho aprobado por Ordenanza No 465-MDSJL,https://epdoc2.elperuano.pe/EpPo/DescargaINDA.asp?Referencias=NDNVTlVOVU5VTjlXVU5ZQlRNTEhZQkxIOVdfX0xIVU5ZQllYWENMSExI,20240531
20240515,2287972-1,MUNICIPALIDAD DE SAN JUAN DE MIRAFLORES,DECRETO DE ALCALDIA,No 006-2024/MDSJM,Convocan la Primera Audiencia Publica de Rendicion de Cuentas del Ano Fiscal 2024 de la Municipalidad Distrital de San Juan de Miraflores,https://epdoc2.elperuano.pe/EpPo/DescargaINDA.asp?Referencias=NDNVTlVOVU5VTjlXVU5ZQlRNTEhZQkxIOVdfX0xIV1ZZWFdWWENMSExI,20240531
20240515,2288473-1,MUNICIPALIDAD DE SAN LUIS,DECRETO DE ALCALDIA,No 003-2024-MDSL/AL,Convocan a la Primera Audiencia Publica de Rendicion de Cuentas 2024 de la Municipalidad Distrital de San Luis,https://epdoc2.elperuano.pe/EpPo/DescargaINDA.asp?Referencias=NDNVTlVOVU5VTjlXVU5ZQlRNTEhZQkxIOVdfX1M4V1ZUTVhDWENMSExI,20240531
20240515,2288390-1,MUNICIPALIDAD DE SANTIAGO DE SURCO,ACUERDO,No 036-2024-ACSS,Aprueban propuesta de iniciativa legislativa: Ley que Autoriza el Uso de Pistola Electrica o de Electrochoque por parte del Personal de Serenazgo Municipal,https://epdoc2.elperuano.pe/EpPo/DescargaINDA.asp?Referencias=NDNVTlVOVU5VTjlXVU5ZQlRNTEhZQkxIOVdfX1lCWVhTOFhDWENMSExI,20240531
20240515,2272688-1,MUNICIPALIDAD DISTRITAL DE SAN ANTONIO,ORDENANZA,No 008-2024-MDSA,Ordenanza Municipal sobre clausura inmediata de los establecimientos comerciales industriales y de servicios que no cuentan con Licencia de Funcionamiento en el distrito de San Antonio,https://epdoc2.elperuano.pe/EpPo/DescargaINDA.asp?Referencias=NDNVTlVOVU5VTjlXVU5ZQlRNTEhZQkxIOVdfX1hDWENWQkxIV1ZMSExI,20240531
20240515,2273129-1,MUNICIPALIDAD DISTRITAL DE SAN ANTONIO,RESOLUCION DE ALCALDIA,No 075-2024-A/MDSA,Disponen delegacion de atribuciones facultades administrativas y resolutivas de la Alcaldia en la gerencia municipal para aprobar modificaciones presupuestarias en el nivel funcional y programatico,https://epdoc2.elperuano.pe/EpPo/DescargaINDA.asp?Referencias=NDNVTlVOVU5VTjlXVU5ZQlRNTEhZQkxIOVdfX1lYTEg5V1M4V1ZMSExI,20240531
20240514,2288059-1,CULTURA,RESOLUCION MINISTERIAL,No 000201-2024-MC,Crean el Grupo de Trabajo Sectorial de naturaleza temporal dependiente del Ministerio de Cultura denominado Grupo de Trabajo para la continuidad de pago de remuneraciones en caso de incapacidad por enfermedad,https://epdoc2.elperuano.pe/EpPo/DescargaINDA.asp?Referencias=NDNUTVRNVE1UTTlXVU5ZQlRNTEhZQkxIOVdfX1lYVU5ZQlhDWENMSExI,20240531
20240514,2288065-1,CULTURA,RESOLUCION MINISTERIAL,No 000202-2024-MC,Crean el Grupo de Trabajo Sectorial de naturaleza temporal dependiente del Ministerio de Cultura denominado Grupo de Trabajo que evalue la factibilidad tecnica y legal de la continuidad del pago de remuneraciones a servidores en caso de incurrir en incapacidad por enfermedad,https://epdoc2.elperuano.pe/EpPo/DescargaINDA.asp?Referencias=NDNUTVRNVE1UTTlXVU5ZQlRNTEhZQkxIOVdfX1VOVkJZQlhDWENMSExI,20240531
20240514,2285136-1,CULTURA,RESOLUCION VICE MINISTERIAL,No 000110-2024-VMPCIC/MC,Declaran Patrimonio Cultural de la Nacion los Decretos Supremos (1938- 1969) del ex Ministerio de Hacienda y Comercio pertenecientes al Ministerio de Economia y Finanzas,https://epdoc2.elperuano.pe/EpPo/DescargaINDA.asp?Referencias=NDNUTVRNVE1UTTlXVU5ZQlRNTEhZQkxIOVdfX1ZCUzg5V1VOWENMSExI,20240531
20240514,2285151-1,CULTURA,RESOLUCION VICE MINISTERIAL,No 000111-2024-VMPCIC/MC,Declaran Patrimonio Cultural de la Nacion la Serie Causas Civiles de la Seccion Justicia Ordinaria del Fondo Cabildo de Lima (1552-1822) que se custodia en el Archivo General de la Nacion,https://epdoc2.elperuano.pe/EpPo/DescargaINDA.asp?Referencias=NDNUTVRNVE1UTTlXVU5ZQlRNTEhZQkxIOVdfXzlXVU45V1VOWENMSExI,20240531
20240514,2285178-1,CULTURA,RESOLUCION VICE MINISTERIAL,No 000112-2024-VMPCIC/MC,Declaran Patrimonio Cultural de la Nacion al Expediente sobre las Resoluciones Supremas (1941-1969) del Ministerio de Hacienda y Comercio perteneciente al Archivo Central del Ministerio de Economia y Finanzas del Peru,https://epdoc2.elperuano.pe/EpPo/DescargaINDA.asp?Referencias=NDNUTVRNVE1UTTlXVU5ZQlRNTEhZQkxIOVdfX1hDV1Y5V1VOWENMSExI,20240531
20240514,2288188-1,DESARROLLO AGRARIO Y RIEGO,RESOLUCION,No D000098-2024-MIDAGRI-SERFOR-DE,Designan Director General de la Direccion General de Gestion Sostenible del Patrimonio Forestal y de Fauna Silvestre del SERFOR,https://epdoc2.elperuano.pe/EpPo/DescargaINDA.asp?Referencias=NDNUTVRNVE1UTTlXVU5ZQlRNTEhZQkxIOVdfX1hDWEM5V1hDWENMSExI,20240531
20240514,2288233-1,DESARROLLO AGRARIO Y RIEGO,RESOLUCION DIRECTORAL,No 220-2024-MIDAGRI-DVDAFIR-AGRO RURAL-DE,Designan Jefe de la Unidad Zonal La Libertad del Programa de Desarrollo Productivo Agrario Rural — AGRO RURAL,https://epdoc2.elperuano.pe/EpPo/DescargaINDA.asp?Referencias=NDNUTVRNVE1UTTlXVU5ZQlRNTEhZQkxIOVdfX1M4UzhMSFhDWENMSExI,20240531
20240514,2288029-1,ECONOMIA Y FINANZAS,RESOLUCION DIRECTORAL,No 0022-2024-EF/50.01,Aprueban el Ranking de cumplimiento de metas del Tramo I y Tramo II del Ano 2023 del Programa de Incentivos a la Mejora de la Gestion Municipal,https://epdoc2.elperuano.pe/EpPo/DescargaINDA.asp?Referencias=NDNUTVRNVE1UTTlXVU5ZQlRNTEhZQkxIOVdfX1lYTEhZQlhDWENMSExI,20240531
20240514,2288149-1,ECONOMIA Y FINANZAS,RESOLUCION DIRECTORAL,No 005-2024-EF/51.01,Aprueban el Instructivo No 001-2024-EF/51.01 Instructivo para la planificacion ejecucion culminacion y seguimiento de la transicion al Marco de las Normas Internacionales de Contabilidad del Sector Publico en las entidades del Sector Publico,https://epdoc2.elperuano.pe/EpPo/DescargaINDA.asp?Referencias=NDNUTVRNVE1UTTlXVU5ZQlRNTEhZQkxIOVdfX1lYVE05V1hDWENMSExI,20240531
20240514,2288240-2,ECONOMIA Y FINANZAS,RESOLUCION SUPREMA,No 016-2024-EF,Designan representante del Poder Ejecutivo ante el Directorio del Banco de la Nacion,https://epdoc2.elperuano.pe/EpPo/DescargaINDA.asp?Referencias=NDNUTVRNVE1UTTlXVU5ZQlRNTEhZQkxITEhfX1lCVE1MSFhDWENMSExI,20240531
20240514,2288240-3,ECONOMIA Y FINANZAS,RESOLUCION SUPREMA,No 017-2024-EF,Designan representante del Poder Ejecutivo ante el Directorio del Banco de la Nacion,https://epdoc2.elperuano.pe/EpPo/DescargaINDA.asp?Referencias=NDNUTVRNVE1UTTlXVU5ZQlRNTEhZQkxIUzhfX1lCVE1MSFhDWENMSExI,20240531
20240514,2288240-4,ECONOMIA Y FINANZAS,RESOLUCION SUPREMA,No 018-2024-EF,Designan Viceministro de Economia,https://epdoc2.elperuano.pe/EpPo/DescargaINDA.asp?Referencias=NDNUTVRNVE1UTTlXVU5ZQlRNTEhZQkxIVE1fX1lCVE1MSFhDWENMSExI,20240531
20240514,2287903-1,EDUCACION,RESOLUCION MINISTERIAL,No 216-2024-MINEDU,Designan Director de la Direccion de Educacion Intercultural Bilingüe,https://epdoc2.elperuano.pe/EpPo/DescargaINDA.asp?Referencias=NDNUTVRNVE1UTTlXVU5ZQlRNTEhZQkxIOVdfX1M4WUJZWFdWWENMSExI,20240531
20240514,2287945-1,ENERGIA Y MINAS,RESOLUCION DIRECTORAL,No 151-2024-MINEM/DGH,Modifican la R.D. No 129-2021-MINEM/DGH que aprueba los Lineamientos y disposiciones tecnicas necesarias para la elaboracion de los Estudios de Riesgo de Seguridad y Planes de Respuestas de Emergencia,https://epdoc2.elperuano.pe/EpPo/DescargaINDA.asp?Referencias=NDNUTVRNVE1UTTlXVU5ZQlRNTEhZQkxIOVdfX1VOVE1ZWFdWWENMSExI,20240531
20240514,2288082-1,ENERGIA Y MINAS,RESOLUCION MINISTERIAL,No 196-2024-MINEM/DM,Formalizan transferencia a titulo gratuito de bienes que conforman diversos Proyectos de Electrificacion Rural a favor de la Empresa Regional de Servicio Publico de Electricidad Electronoroeste S.A. - ELECTRONOROESTE S.A.,https://epdoc2.elperuano.pe/EpPo/DescargaINDA.asp?Referencias=NDNUTVRNVE1UTTlXVU5ZQlRNTEhZQkxIOVdfX0xIWENZQlhDWENMSExI,20240531
20240514,2288084-1,ENERGIA Y MINAS,RESOLUCION MINISTERIAL,No 197-2024-MINEM/DM,Formalizan transferencia a titulo gratuito de bienes que conforman diversos proyectos a favor de la Empresa Regional de Servicio Publico de Electricidad del Centro - ELECTROCENTRO S.A.,https://epdoc2.elperuano.pe/EpPo/DescargaINDA.asp?Referencias=NDNUTVRNVE1UTTlXVU5ZQlRNTEhZQkxIOVdfX1RNWENZQlhDWENMSExI,20240531
20240514,2288278-1,INTERIOR,RESOLUCION MINISTERIAL,No 0620-2024-IN,Crean el Grupo de Trabajo Multisectorial con el objeto de elaborar la propuesta del Plan de Adecuacion de los Sistemas de Videovigilancia en el marco del Reglamento del Decreto Legislativo No 1218 Decreto Legislativo que regula el uso de las camaras de videovigilancia y de la Ley No 30120 Ley de Apoyo a la Seguridad Ciudadana con Camaras de Videovigilancia Publicas y Privadas y dicta otras disposiciones aprobado por Decreto Supremo No 007-2020-IN,https://epdoc2.elperuano.pe/EpPo/DescargaINDA.asp?Referencias=NDNUTVRNVE1UTTlXVU5ZQlRNTEhZQkxIOVdfX1hDV1ZMSFhDWENMSExI,20240531
20240514,2288248-1,JUSTICIA Y DERECHOS HUMANOS,RESOLUCION MINISTERIAL,No 0119-2024-JUS,Designan Secretario General del Ministerio de Justicia y Derechos Humanos,https://epdoc2.elperuano.pe/EpPo/DescargaINDA.asp?Referencias=NDNUTVRNVE1UTTlXVU5ZQlRNTEhZQkxIOVdfX1hDVE1MSFhDWENMSExI,20240531
20240514,2288242-1,JUSTICIA Y DERECHOS HUMANOS,RESOLUCION SUPREMA,No 070-2024-JUS,Designan Viceministro de Justicia,https://epdoc2.elperuano.pe/EpPo/DescargaINDA.asp?Referencias=NDNUTVRNVE1UTTlXVU5ZQlRNTEhZQkxIOVdfX0xIVE1MSFhDWENMSExI,20240531
20240514,2288242-2,JUSTICIA Y DERECHOS HUMANOS,RESOLUCION SUPREMA,No 071-2024-JUS,Aceptan renuncia de Viceministro de Derechos Humanos y Acceso a la Justicia,https://epdoc2.elperuano.pe/EpPo/DescargaINDA.asp?Referencias=NDNUTVRNVE1UTTlXVU5ZQlRNTEhZQkxITEhfX0xIVE1MSFhDWENMSExI,20240531
20240514,2288242-3,JUSTICIA Y DERECHOS HUMANOS,RESOLUCION SUPREMA,No 072-2024-JUS,Designan Viceministro de Derechos Humanos y Acceso a la Justicia,https://epdoc2.elperuano.pe/EpPo/DescargaINDA.asp?Referencias=NDNUTVRNVE1UTTlXVU5ZQlRNTEhZQkxIUzhfX0xIVE1MSFhDWENMSExI,20240531
20240514,2288172-1,PRODUCE,RESOLUCION MINISTERIAL,No 000194-2024-PRODUCE,Aprueban el Plan Operativo Institucional (POI) Multianual 2025 - 2027 del Ministerio de la Produccion,https://epdoc2.elperuano.pe/EpPo/DescargaINDA.asp?Referencias=NDNUTVRNVE1UTTlXVU5ZQlRNTEhZQkxIOVdfX0xIV1Y5V1hDWENMSExI,20240531
20240514,2288175-1,PRODUCE,RESOLUCION MINISTERIAL,No 000195-2024-PRODUCE,Autorizan al Instituto del Mar del Peru - IMARPE la ejecucion de la pesca exploratoria del recurso machete en el ambito maritimo nacional,https://epdoc2.elperuano.pe/EpPo/DescargaINDA.asp?Referencias=NDNUTVRNVE1UTTlXVU5ZQlRNTEhZQkxIOVdfX1VOV1Y5V1hDWENMSExI,20240531
20240514,2288179-1,PRODUCE,RESOLUCION MINISTERIAL,No 000196-2024-PRODUCE,Establecen el Limite Maximo Total de Captura para Consumo Humano Directo (LMTC-CHD) del recurso anchoveta para el ano 2024,https://epdoc2.elperuano.pe/EpPo/DescargaINDA.asp?Referencias=NDNUTVRNVE1UTTlXVU5ZQlRNTEhZQkxIOVdfX1lYV1Y5V1hDWENMSExI,20240531
20240514,2288185-1,PRODUCE,RESOLUCION MINISTERIAL,No 000198-2024-PRODUCE,Designan Directora de la Direccion de Vigilancia y Control de la Direccion General de Supervision Fiscalizacion y Sancion,https://epdoc2.elperuano.pe/EpPo/DescargaINDA.asp?Referencias=NDNUTVRNVE1UTTlXVU5ZQlRNTEhZQkxIOVdfX1VOWEM5V1hDWENMSExI,20240531
20240514,2288130-1,RELACIONES EXTERIORES,RESOLUCION MINISTERIAL,No 0380-2024-RE,Autorizan viaje de funcionario diplomatico a la Republica de Indonesia en comision de servicios,https://epdoc2.elperuano.pe/EpPo/DescargaINDA.asp?Referencias=NDNUTVRNVE1UTTlXVU5ZQlRNTEhZQkxIOVdfX1lCUzg5V1hDWENMSExI,20240531
20240514,2288132-1,RELACIONES EXTERIORES,RESOLUCION MINISTERIAL,No 0382-2024-RE,Autorizan viaje de Asistente en Medio Ambiente y Desarrollo Sostenible de la Direccion de Medio Ambiente a la Republica de Kenia en comision de servicios,https://epdoc2.elperuano.pe/EpPo/DescargaINDA.asp?Referencias=NDNUTVRNVE1UTTlXVU5ZQlRNTEhZQkxIOVdfX0xIUzg5V1hDWENMSExI,20240531
20240514,2288240-1,SALUD,DECRETO SUPREMO,No 011-2024-SA,Autorizan al Ministerio de Salud a suscribir un Acuerdo de Estado a Estado en el marco del Proyecto Fortalecimiento de la Capacidad Resolutiva del Hospital Regional Manuel Nunez Butron Puno,https://epdoc2.elperuano.pe/EpPo/DescargaINDA.asp?Referencias=NDNUTVRNVE1UTTlXVU5ZQlRNTEhZQkxIOVdfX1lCVE1MSFhDWENMSExI,20240531
20240514,2288003-1,SALUD,RESOLUCION MINISTERIAL,No 326-2024/MINSA,Aprueban la Directiva Sanitaria que regula la intervencion quirurgica para perros y gatos en campanas masivas de esterilizacion,https://epdoc2.elperuano.pe/EpPo/DescargaINDA.asp?Referencias=NDNUTVRNVE1UTTlXVU5ZQlRNTEhZQkxIOVdfX1M4WUJZQlhDWENMSExI,20240531
20240514,2288075-1,VIVIENDA  CONSTRUCCIoN Y SANEAMIENTO,RESOLUCION MINISTERIAL,No 170-2024-VIVIENDA,Aprueban el Plan Operativo Institucional Multianual 2025-2027 del Pliego 037: Ministerio de Vivienda Construccion y Saneamiento,https://epdoc2.elperuano.pe/EpPo/DescargaINDA.asp?Referencias=NDNUTVRNVE1UTTlXVU5ZQlRNTEhZQkxIOVdfX1VOV1ZZQlhDWENMSExI,20240531
20240514,2288174-1,ORGANISMO SUPERVISOR DE LA INVERSIoN EN ENERGiA Y MINERiA,RESOLUCION,No 068-2024-OS/CD,Incorporan disposicion sobre regimen de dietas de los miembros de los organos resolutivos de Osinergmin,https://epdoc2.elperuano.pe/EpPo/DescargaINDA.asp?Referencias=NDNUTVRNVE1UTTlXVU5ZQlRNTEhZQkxIOVdfX1RNV1Y5V1hDWENMSExI,20240531
20240514,2288478-1,AUTORIDAD NACIONAL DEL SERVICIO CIVIL,RESOLUCION,No 000073-2024-SERVIR-PE,Aprueban por delegacion el Plan Operativo Institucional Multianual 2025-2027 de la Autoridad Nacional del Servicio Civil - SERVIR,https://epdoc2.elperuano.pe/EpPo/DescargaINDA.asp?Referencias=NDNUTVRNVE1UTTlXVU5ZQlRNTEhZQkxIOVdfX1hDV1ZUTVhDWENMSExI,20240531
20240514,2288511-1,INSTITUTO NACIONAL DE ESTADISTICA E INFORMATICA,RESOLUCION JEFATURAL,No 097-2024-INEI,Autorizan Transferencia Financiera a favor de la Contraloria General de la Republica,https://epdoc2.elperuano.pe/EpPo/DescargaINDA.asp?Referencias=NDNUTVRNVE1UTTlXVU5ZQlRNTEhZQkxIOVdfXzlXOVdVTlhDWENMSExI,20240531
20240514,2288516-1,INSTITUTO NACIONAL DE ESTADISTICA E INFORMATICA,RESOLUCION JEFATURAL,No 098-2024-INEI,Autorizan Transferencia Financiera a favor de la Contraloria General de la Republica,https://epdoc2.elperuano.pe/EpPo/DescargaINDA.asp?Referencias=NDNUTVRNVE1UTTlXVU5ZQlRNTEhZQkxIOVdfX1ZCOVdVTlhDWENMSExI,20240531
20240514,2288182-1,ORGANISMO TeCNICO DE LA ADMINISTRACIoN DE LOS SERVICIOS DE SANEAMIENTO,RESOLUCION DIRECTORAL,No 000045-2024-OTASS-DE,Aprueban el Plan Estrategico Institucional 2023-2027 Ampliado del Organismo Tecnico de la Administracion de los Servicios de Saneamiento,https://epdoc2.elperuano.pe/EpPo/DescargaINDA.asp?Referencias=NDNUTVRNVE1UTTlXVU5ZQlRNTEhZQkxIOVdfX0xIWEM5V1hDWENMSExI,20240531
20240514,2287929-1,CONTRALORIA GENERAL DE LA REPUBLICA,RESOLUCION,No 244-2024-CG,Designan Jefe del organo de Control Institucional de PERUPETRO S.A.,https://epdoc2.elperuano.pe/EpPo/DescargaINDA.asp?Referencias=NDNUTVRNVE1UTTlXVU5ZQlRNTEhZQkxIOVdfX1lYTEhZWFdWWENMSExI,20240531
20240514,2287935-1,CONTRALORIA GENERAL DE LA REPUBLICA,RESOLUCION,No 245-2024-CG,Dan por terminada la designacion de Jefe del organo de Control Institucional de la Corporacion Financiera de Desarrollo S.A. - COFIDE,https://epdoc2.elperuano.pe/EpPo/DescargaINDA.asp?Referencias=NDNUTVRNVE1UTTlXVU5ZQlRNTEhZQkxIOVdfX1VOUzhZWFdWWENMSExI,20240531
20240514,2287941-1,CONTRALORIA GENERAL DE LA REPUBLICA,RESOLUCION,No 246-2024-CG,Designan Jefa del organo de Control Institucional del Proyecto Especial Legado,https://epdoc2.elperuano.pe/EpPo/DescargaINDA.asp?Referencias=NDNUTVRNVE1UTTlXVU5ZQlRNTEhZQkxIOVdfXzlXVE1ZWFdWWENMSExI,20240531
20240514,2288200-1,JURADO NACIONAL DE ELECCIONES,RESOLUCION,No 0129-2024-JNE,Convocan a ciudadano para que asuma el cargo de regidor del Concejo Distrital de Huandoval provincia de Pallasca departamento de ancash,https://epdoc2.elperuano.pe/EpPo/DescargaINDA.asp?Referencias=NDNUTVRNVE1UTTlXVU5ZQlRNTEhZQkxIOVdfX1lCWUJMSFhDWENMSExI,20240531
20240514,2285445-1,MUNICIPALIDAD METROPOLITANA DE LIMA,ORDENANZA,No 2617,Ordenanza que modifica el plano de zonificacion del distrito de Lurigancho - Chosica aprobado mediante Ordenanza No 1099,https://epdoc2.elperuano.pe/EpPo/DescargaINDA.asp?Referencias=NDNUTVRNVE1UTTlXVU5ZQlRNTEhZQkxIOVdfX1VOVE1UTVVOWENMSExI,20240531
20240514,2287168-1,MUNICIPALIDAD DE BARRANCO,ORDENANZA,No 635-2024-MDB.,Ordenanza que modifica los articulos 18o y 55o de la Ordenanza No 591-2023-MDB que regula las disposiciones tecnicas y procedimientos administrativos de autorizacion para la ubicacion de elementos de publicidad exterior en el distrito de Barranco,https://epdoc2.elperuano.pe/EpPo/DescargaINDA.asp?Referencias=NDNUTVRNVE1UTTlXVU5ZQlRNTEhZQkxIOVdfX1hDVkI5V1dWWENMSExI,20240531
20240514,2288120-1,MUNICIPALIDAD DE COMAS,RESOLUCION,No 381-2024-GM/MDC,Aceptan renuncia de Ejecutor Coactivo de la Municipalidad Distrital de Comas,https://epdoc2.elperuano.pe/EpPo/DescargaINDA.asp?Referencias=NDNUTVRNVE1UTTlXVU5ZQlRNTEhZQkxIOVdfX1lCTEg5V1hDWENMSExI,20240531
20240514,2286229-1,MUNICIPALIDAD DE EL AGUSTINO,DECRETO DE ALCALDIA,No 08-2024-MDEA,Prorrogan vigencia de la Ordenanza No 740-2024-MDEA que establecio Beneficios Tributarios y No Tributarios a favor de contribuyentes del distrito de El Agustino,https://epdoc2.elperuano.pe/EpPo/DescargaINDA.asp?Referencias=NDNUTVRNVE1UTTlXVU5ZQlRNTEhZQkxIOVdfX1lYTEhMSFZCWENMSExI,20240531
20240514,2285615-1,MUNICIPALIDAD DE PUNTA NEGRA,Decretos de Alcaldia,No 001-2024/MDPN,Convocan a la Audiencia Publica de Rendicion de Cuentas de la Municipalidad Distrital de Punta Negra,https://epdoc2.elperuano.pe/EpPo/DescargaINDA.asp?Referencias=NDNUTVRNVE1UTTlXVU5ZQlRNTEhZQkxIOVdfX1VOOVdWQlVOWENMSExI,20240531
20240514,2285580-1,MUNICIPALIDAD DE SURQUILLO,Ordenanzas,No 549-2024-MDS,Ordenanza que establece beneficios para la regularizacion de edificacion conformidad de obra y declaratoria de fabrica para construcciones existentes en el distrito de Surquillo,https://epdoc2.elperuano.pe/EpPo/DescargaINDA.asp?Referencias=NDNUTVRNVE1UTTlXVU5ZQlRNTEhZQkxIOVdfX1lCWENVTlVOWENMSExI,20240531
20240514,2287918-1,MUNICIPALIDAD PROVINCIAL DEL CALLAO,RESOLUCION DE ALCALDIA,No 162-2024-ALC/MPC,Designan y acreditan Ejecutor Coactivo y Auxiliares Coactivos de la Municipalidad Provincial del Callao,https://epdoc2.elperuano.pe/EpPo/DescargaINDA.asp?Referencias=NDNUTVRNVE1UTTlXVU5ZQlRNTEhZQkxIOVdfX1hDOVdZWFdWWENMSExI,20240531
20240514,2287726-1,MUNICIPALIDAD DISTRITAL DE SAN SEBASTIAN,ACUERDO,No 031-2024-CM-MDSS,Aprueban participacion de alcaldesa y regidora en evento que se realizara en Bolivia,https://epdoc2.elperuano.pe/EpPo/DescargaINDA.asp?Referencias=NDNUTVRNVE1UTTlXVU5ZQlRNTEhZQkxIOVdfX1ZCTEhXVldWWENMSExI,20240531
20240513,2288241-1,CONGRESO DE LA REPUBLICA,LEY,No 32022,Ley que autoriza la creacion de la Facultad de Medicina Humana en la Universidad Nacional Micaela Bastidas de Apurimac (UNAMBA),https://epdoc2.elperuano.pe/EpPo/DescargaINDA.asp?Referencias=NDNTOFM4UzhTODlXVU5ZQlRNTEhZQkxIOVdfXzlXVE1MSFhDWENMSExI,20240531
20240513,2287866-1,PRESIDENCIA DEL CONSEJO DE MINISTROS,RESOLUCION MINISTERIAL,No 138-2024-PCM,Designan Subsecretaria I de la Subsecretaria de Administracion Publica de la Secretaria de Gestion Publica de la PCM,https://epdoc2.elperuano.pe/EpPo/DescargaINDA.asp?Referencias=NDNTOFM4UzhTODlXVU5ZQlRNTEhZQkxIOVdfX1ZCVkJYQ1dWWENMSExI,20240531
20240513,2287867-1,PRESIDENCIA DEL CONSEJO DE MINISTROS,RESOLUCION MINISTERIAL,No 140-2024-PCM,Designan Secretaria de la Secretaria de Coordinacion de la PCM,https://epdoc2.elperuano.pe/EpPo/DescargaINDA.asp?Referencias=NDNTOFM4UzhTODlXVU5ZQlRNTEhZQkxIOVdfX1dWVkJYQ1dWWENMSExI,20240531
20240513,2287869-1,PRESIDENCIA DEL CONSEJO DE MINISTROS,RESOLUCION MINISTERIAL,No 141-2024-PCM,Designan Secretario de la Secretaria de Gestion Social y Dialogo de la PCM,https://epdoc2.elperuano.pe/EpPo/DescargaINDA.asp?Referencias=NDNTOFM4UzhTODlXVU5ZQlRNTEhZQkxIOVdfX1lYVkJYQ1dWWENMSExI,20240531
20240513,2287870-1,PRESIDENCIA DEL CONSEJO DE MINISTROS,RESOLUCION MINISTERIAL,No 142-2024-PCM,Modifican la R.M. No 027-2024-PCM en lo referido a conformacion de la representacion empleadora para la negociacion colectiva en el nivel centralizado para el periodo 2024,https://epdoc2.elperuano.pe/EpPo/DescargaINDA.asp?Referencias=NDNTOFM4UzhTODlXVU5ZQlRNTEhZQkxIOVdfX1lCV1ZYQ1dWWENMSExI,20240531
20240513,2287871-1,PRESIDENCIA DEL CONSEJO DE MINISTROS,RESOLUCION MINISTERIAL,No 143-2024-PCM,Designan Subsecretaria I de la Subsecretaria de Promocion del Desarrollo Territorial de la Secretaria de Descentralizacion de la PCM,https://epdoc2.elperuano.pe/EpPo/DescargaINDA.asp?Referencias=NDNTOFM4UzhTODlXVU5ZQlRNTEhZQkxIOVdfXzlXV1ZYQ1dWWENMSExI,20240531
20240513,2287432-1,COMERCIO EXTERIOR Y TURISMO,RESOLUCION JEFATURAL,No 065-2024-CENFOTUR/J,Amplian lo dispuesto en la Resolucion Jefatural No 001-2024-CENFOTUR/J y delegan facultades al funcionario a cargo de la Gerencia General del Centro de Formacion en Turismo - CENFOTUR,https://epdoc2.elperuano.pe/EpPo/DescargaINDA.asp?Referencias=NDNTOFM4UzhTODlXVU5ZQlRNTEhZQkxIOVdfX0xIUzhUTVdWWENMSExI,20240531
20240513,2287888-1,CULTURA,RESOLUCION MINISTERIAL,No 000207-2024-MC,Aprueban el Protocolo para la gestion de visitas a la Llaqta o ciudad Inka de Machupicchu,https://epdoc2.elperuano.pe/EpPo/DescargaINDA.asp?Referencias=NDNTOFM4UzhTODlXVU5ZQlRNTEhZQkxIOVdfX1hDWENYQ1dWWENMSExI,20240531
20240513,2285187-1,CULTURA,RESOLUCION VICE MINISTERIAL,No 000113-2024-VMPCIC/MC,Declaran Patrimonio Cultural de la Nacion a los Conocimientos tecnicas y usos asociados a la bandurria instrumento musical de cuerda elaborado en Chara y en San Pablo distrito de San Pablo provincia de Canchis departamento de Cusco,https://epdoc2.elperuano.pe/EpPo/DescargaINDA.asp?Referencias=NDNTOFM4UzhTODlXVU5ZQlRNTEhZQkxIOVdfX1dWWEM5V1VOWENMSExI,20240531
20240513,2287887-1,DESARROLLO AGRARIO Y RIEGO,RESOLUCION MINISTERIAL,No 0172-2024-MIDAGRI,Designan Director General de la Direccion General de Desarrollo Ganadero del Viceministerio de Desarrollo de Agricultura Familiar e Infraestructura Agraria y Riego,https://epdoc2.elperuano.pe/EpPo/DescargaINDA.asp?Referencias=NDNTOFM4UzhTODlXVU5ZQlRNTEhZQkxIOVdfX1dWWENYQ1dWWENMSExI,20240531
20240513,2287249-1,DESARROLLO E INCLUSIoN SOCIAL,RESOLUCION,No 000851-2024-MIDIS/PNCM-DE,Designan Ejecutiva de Administracion de la Unidad de Administracion del Programa Nacional Cuna Mas,https://epdoc2.elperuano.pe/EpPo/DescargaINDA.asp?Referencias=NDNTOFM4UzhTODlXVU5ZQlRNTEhZQkxIOVdfX1lYVE1MSFdWWENMSExI,20240531
20240513,2287776-1,DESARROLLO E INCLUSIoN SOCIAL,RESOLUCION,No 099-2024- FONCODES/DE,Designan Asesor de la Direccion Ejecutiva del Foncodes,https://epdoc2.elperuano.pe/EpPo/DescargaINDA.asp?Referencias=NDNTOFM4UzhTODlXVU5ZQlRNTEhZQkxIOVdfX1ZCV1ZXVldWWENMSExI,20240531
20240513,2287872-1,DESARROLLO E INCLUSIoN SOCIAL,RESOLUCION,No 000944-2024-MIDIS/PNCM-DE,Designan Ejecutivo de Atencion Integral de la Unidad Tecnica de Atencion Integral del Programa Nacional Cuna Mas,https://epdoc2.elperuano.pe/EpPo/DescargaINDA.asp?Referencias=NDNTOFM4UzhTODlXVU5ZQlRNTEhZQkxIOVdfX0xIV1ZYQ1dWWENMSExI,20240531
20240513,2287873-1,DESARROLLO E INCLUSIoN SOCIAL,RESOLUCION,No 000941-2024-MIDIS/PNCM-DE,Designan Coordinadora de Gestion Comunitaria de la Unidad Tecnica de Atencion Integral del Programa Nacional Cuna Mas,https://epdoc2.elperuano.pe/EpPo/DescargaINDA.asp?Referencias=NDNTOFM4UzhTODlXVU5ZQlRNTEhZQkxIOVdfX1M4V1ZYQ1dWWENMSExI,20240531
20240513,2287874-1,DESARROLLO E INCLUSIoN SOCIAL,RESOLUCION,No 000939-2024-MIDIS/PNCM-DE,Designan Ejecutiva de Planeamiento Presupuesto y Modernizacion de la Unidad de Planeamiento Presupuesto y Modernizacion del Programa Nacional Cuna Mas,https://epdoc2.elperuano.pe/EpPo/DescargaINDA.asp?Referencias=NDNTOFM4UzhTODlXVU5ZQlRNTEhZQkxIOVdfX1RNV1ZYQ1dWWENMSExI,20240531
20240513,2287875-1,DESARROLLO E INCLUSIoN SOCIAL,RESOLUCION,No 000936-2024-MIDIS/PNCM-DE,Designan Coordinadora de la Unidad Territorial Lima Metropolitana del Programa Nacional Cuna Mas,https://epdoc2.elperuano.pe/EpPo/DescargaINDA.asp?Referencias=NDNTOFM4UzhTODlXVU5ZQlRNTEhZQkxIOVdfX1VOV1ZYQ1dWWENMSExI,20240531
20240513,2287876-1,DESARROLLO E INCLUSIoN SOCIAL,RESOLUCION,No 000922-2024-MIDIS/PNCM-DE,Designan Coordinadora de la Unidad Territorial Callao del Programa Nacional Cuna Mas,https://epdoc2.elperuano.pe/EpPo/DescargaINDA.asp?Referencias=NDNTOFM4UzhTODlXVU5ZQlRNTEhZQkxIOVdfX1ZCV1ZYQ1dWWENMSExI,20240531
20240513,2287894-1,DESARROLLO E INCLUSIoN SOCIAL,RESOLUCION,No D000371-2024-MIDIS/PNAEQW-DE,Designan Jefa de la Unidad de Comunicacion e Imagen del Programa Nacional de Alimentacion Escolar Qali Warma,https://epdoc2.elperuano.pe/EpPo/DescargaINDA.asp?Referencias=NDNTOFM4UzhTODlXVU5ZQlRNTEhZQkxIOVdfX1RNWVhYQ1dWWENMSExI,20240531
20240513,2287832-1,ECONOMIA Y FINANZAS,RESOLUCION,No 003-2024-EF/30.01,Designan representante titular y representante alterno de las Facultades de Ciencias Contables de las universidades del pais licenciadas por la Superintendencia Nacional de Educacion Superior Universitaria ante el Consejo Normativo de Contabilidad,https://epdoc2.elperuano.pe/EpPo/DescargaINDA.asp?Referencias=NDNTOFM4UzhTODlXVU5ZQlRNTEhZQkxIOVdfX0xIUzhYQ1dWWENMSExI,20240531
20240513,2287835-1,ECONOMIA Y FINANZAS,RESOLUCION DIRECTORAL,No 004-2024-EF/51.01,Aprueban la Directiva No 001-2024-EF/51.01 Directiva General para el proceso de Transicion al Marco de las Normas Internacionales de Contabilidad del Sector Publico en las entidades del Sector Publico,https://epdoc2.elperuano.pe/EpPo/DescargaINDA.asp?Referencias=NDNTOFM4UzhTODlXVU5ZQlRNTEhZQkxIOVdfX1VOUzhYQ1dWWENMSExI,20240531
20240513,2287247-1,PRODUCE,RESOLUCION DIRECTORAL,No 008-2024-INACAL/DN,Aprueban Normas Tecnicas Peruanas sobre tubos calderas y otros,https://epdoc2.elperuano.pe/EpPo/DescargaINDA.asp?Referencias=NDNTOFM4UzhTODlXVU5ZQlRNTEhZQkxIOVdfX1dWVE1MSFdWWENMSExI,20240531
20240513,2287577-1,ARCHIVO GENERAL DE LA NACION,RESOLUCION JEFATURAL,No 000113-2024-AGN/JEF,Designan asesor de la Jefatura Institucional del Archivo General de la Nacion,https://epdoc2.elperuano.pe/EpPo/DescargaINDA.asp?Referencias=NDNTOFM4UzhTODlXVU5ZQlRNTEhZQkxIOVdfX1dWV1ZVTldWWENMSExI,20240531
20240513,2287868-1,BIBLIOTECA NACIONAL DEL PERU,RESOLUCION JEFATURAL,No 000043-2024-BNP,Designan Coordinadora de Gestion Cultural Investigaciones y Ediciones de la Direccion del Acceso y Promocion de la Informacion de la Biblioteca Nacional del Peru,https://epdoc2.elperuano.pe/EpPo/DescargaINDA.asp?Referencias=NDNTOFM4UzhTODlXVU5ZQlRNTEhZQkxIOVdfX1hDVkJYQ1dWWENMSExI,20240531
20240513,2287748-1,SUPERINTENDENCIA NACIONAL DE LOS REGISTROS PUBLICOS,RESOLUCION,No 059-2024-SUNARP/SN,Aprueban el servicio gratuito de consulta de informacion especializada en materia registral denominado Biblioteca Registral Digital,https://epdoc2.elperuano.pe/EpPo/DescargaINDA.asp?Referencias=NDNTOFM4UzhTODlXVU5ZQlRNTEhZQkxIOVdfX1hDVE1XVldWWENMSExI,20240531
20240513,2287803-1,CORTES SUPERIORES DE JUSTICIA,RESOLUCION ADMINISTRATIVA,No 000316-2024-P-CSNJPE-PJ,Disponen el cumplimiento obligatorio de pautas para el agendamiento de audiencias presenciales y virtuales por parte de los jueces de todos los niveles y del personal jurisdiccional y administrativo de la Corte Superior Nacional de Justicia Penal Especializada,https://epdoc2.elperuano.pe/EpPo/DescargaINDA.asp?Referencias=NDNTOFM4UzhTODlXVU5ZQlRNTEhZQkxIOVdfX1M4WUJYQ1dWWENMSExI,20240531
20240513,2287073-1,BANCO CENTRAL DE RESERVA,RESOLUCION,No 0023-2024-BCRP-N,Autorizan viaje de Subgerente de Diseno de Politica Monetaria para participar en seminario que se realizara en Luxemburgo,https://epdoc2.elperuano.pe/EpPo/DescargaINDA.asp?Referencias=NDNTOFM4UzhTODlXVU5ZQlRNTEhZQkxIOVdfX1M4V1ZZQldWWENMSExI,20240531
20240513,2287877-1,MINISTERIO PUBLICO,RESOLUCION,No 1129-2024-MP-FN,Nombran Fiscal Adjunto Provincial Provisional del Distrito Fiscal de Ayacucho,https://epdoc2.elperuano.pe/EpPo/DescargaINDA.asp?Referencias=NDNTOFM4UzhTODlXVU5ZQlRNTEhZQkxIOVdfX1dWV1ZYQ1dWWENMSExI,20240531
20240513,2287878-1,MINISTERIO PUBLICO,RESOLUCION,No 1130-2024-MP-FN,Nombran Fiscal Adjunta Provincial Provisional Transitoria del Distrito Fiscal del Callao,https://epdoc2.elperuano.pe/EpPo/DescargaINDA.asp?Referencias=NDNTOFM4UzhTODlXVU5ZQlRNTEhZQkxIOVdfX1hDV1ZYQ1dWWENMSExI,20240531
20240513,2287879-1,MINISTERIO PUBLICO,RESOLUCION,No 1131-2024-MP-FN,Nombran Fiscal Adjunta Provincial Provisional del Distrito Fiscal de Ica,https://epdoc2.elperuano.pe/EpPo/DescargaINDA.asp?Referencias=NDNTOFM4UzhTODlXVU5ZQlRNTEhZQkxIOVdfX1lYV1ZYQ1dWWENMSExI,20240531
20240513,2287880-1,MINISTERIO PUBLICO,RESOLUCION,No 1132-2024-MP-FN,Nombran Fiscal Adjunta Provincial Provisional del Distrito Fiscal de Lima Centro,https://epdoc2.elperuano.pe/EpPo/DescargaINDA.asp?Referencias=NDNTOFM4UzhTODlXVU5ZQlRNTEhZQkxIOVdfX1lCWENYQ1dWWENMSExI,20240531
20240513,2287881-1,MINISTERIO PUBLICO,RESOLUCION,No 1133-2024-MP-FN,Nombran Fiscal Adjunta Superior Provisional del Distrito Fiscal del Cusco,https://epdoc2.elperuano.pe/EpPo/DescargaINDA.asp?Referencias=NDNTOFM4UzhTODlXVU5ZQlRNTEhZQkxIOVdfXzlXWENYQ1dWWENMSExI,20240531
20240513,2287882-1,MINISTERIO PUBLICO,RESOLUCION,No 1134-2024-MP-FN,Nombran Fiscal Superior Provisional y Fiscal Adjunta Superior Provisional del Distrito Fiscal de Lima Centro,https://epdoc2.elperuano.pe/EpPo/DescargaINDA.asp?Referencias=NDNTOFM4UzhTODlXVU5ZQlRNTEhZQkxIOVdfX0xIWENYQ1dWWENMSExI,20240531
20240513,2287883-1,MINISTERIO PUBLICO,RESOLUCION,No 1135-2024-MP-FN,Nombran Fiscal Adjunta Provincial Provisional del Distrito Fiscal de Lima Norte,https://epdoc2.elperuano.pe/EpPo/DescargaINDA.asp?Referencias=NDNTOFM4UzhTODlXVU5ZQlRNTEhZQkxIOVdfX1M4WENYQ1dWWENMSExI,20240531
20240513,2287884-1,MINISTERIO PUBLICO,RESOLUCION,No 1136-2024-MP-FN,Nombran Fiscal Adjunta Provincial Provisional del Distrito Fiscal de Apurimac,https://epdoc2.elperuano.pe/EpPo/DescargaINDA.asp?Referencias=NDNTOFM4UzhTODlXVU5ZQlRNTEhZQkxIOVdfX1RNWENYQ1dWWENMSExI,20240531
20240513,2287885-1,MINISTERIO PUBLICO,RESOLUCION,No 1138-2024-MP-FN,Aceptan renuncia de Fiscal Adjunto Provincial Provisional del Distrito Fiscal de la Selva Central,https://epdoc2.elperuano.pe/EpPo/DescargaINDA.asp?Referencias=NDNTOFM4UzhTODlXVU5ZQlRNTEhZQkxIOVdfX1VOWENYQ1dWWENMSExI,20240531
20240513,2287496-1,SUPERINTENDENCIA DE BANCA  SEGUROS Y ADMINISTRADORAS PRIVADAS DE FONDOS DE PENSIONES,RESOLUCION,SBS No 01754-2024,Norma para la prevencion del lavado de activos y del financiamiento del terrorismo aplicable a los notarios a nivel nacional y al organo Centralizado de Prevencion del lavado de activos y del financiamiento del terrorismo - OCP LA/FT,https://epdoc2.elperuano.pe/EpPo/DescargaINDA.asp?Referencias=NDNTOFM4UzhTODlXVU5ZQlRNTEhZQkxIOVdfX1ZCWVhUTVdWWENMSExI,20240531
20240512,2287419-1,CULTURA,RESOLUCION DIRECTORAL,No 000082-2024-DGPA-VMPCIC/MC,Determinan la Proteccion Provisional del sitio arqueologico Huauyaj ubicado en el distrito de Paccha provincia de Jauja departamento de Junin,https://epdoc2.elperuano.pe/EpPo/DescargaINDA.asp?Referencias=NDNMSExITEhMSDlXVU5ZQlRNTEhZQkxIOVdfX1lYOVdUTVdWWENMSExI,20240531
20240512,2287863-1,CULTURA,RESOLUCION MINISTERIAL,No 000203-2024-MC,Otorgan la distincion de Personalidad Meritoria de la Cultura,https://epdoc2.elperuano.pe/EpPo/DescargaINDA.asp?Referencias=NDNMSExITEhMSDlXVU5ZQlRNTEhZQkxIOVdfX1M4VkJYQ1dWWENMSExI,20240531
20240512,2285146-1,CULTURA,RESOLUCION VICE MINISTERIAL,No 000109-2024-VMPCIC/MC,Declaran Patrimonio Cultural de la Nacion a los Significados usos y tecnicas tradicionales relacionados al instrumento sonoro Wayllaqepa o Pututu en el departamento del Cusco,https://epdoc2.elperuano.pe/EpPo/DescargaINDA.asp?Referencias=NDNMSExITEhMSDlXVU5ZQlRNTEhZQkxIOVdfX1ZCVE05V1VOWENMSExI,20240531
20240512,2287435-1,CULTURA,RESOLUCION VICE MINISTERIAL,No 000130-2024-VMPCIC/MC,Retiran de oficio parcialmente la condicion de bien integrante del Patrimonio Cultural de la Nacion a la parcela M de la Zona Arqueologica Monumental Armatambo Morro Solar ubicada en el distrito de Chorrillos provincia y departamento de Lima,https://epdoc2.elperuano.pe/EpPo/DescargaINDA.asp?Referencias=NDNMSExITEhMSDlXVU5ZQlRNTEhZQkxIOVdfX1VOUzhUTVdWWENMSExI,20240531
20240512,2286880-1,DEFENSA,RESOLUCION MINISTERIAL,No 00439-2024-DE,Autorizan viaje de oficiales de la Fuerza Aerea del Peru a EE.UU. en comision de servicios,https://epdoc2.elperuano.pe/EpPo/DescargaINDA.asp?Referencias=NDNMSExITEhMSDlXVU5ZQlRNTEhZQkxIOVdfX1lCWENYQ1ZCWENMSExI,20240531
20240512,2287268-1,DEFENSA,RESOLUCION MINISTERIAL,No 00450-2024-DE,Autorizan viaje de Oficial de Mar de la Marina de Guerra del Peru a EE.UU. en mision de estudios,https://epdoc2.elperuano.pe/EpPo/DescargaINDA.asp?Referencias=NDNMSExITEhMSDlXVU5ZQlRNTEhZQkxIOVdfX1hDVkJMSFdWWENMSExI,20240531
20240512,2287802-1,DEFENSA,RESOLUCION MINISTERIAL,No 00457-2024-DE,Aprueban el Plan Operativo Institucional - POI Multianual 2025-2027 del Ministerio de Defensa,https://epdoc2.elperuano.pe/EpPo/DescargaINDA.asp?Referencias=NDNMSExITEhMSDlXVU5ZQlRNTEhZQkxIOVdfX0xIWUJYQ1dWWENMSExI,20240531
20240512,2287852-1,EDUCACION,RESOLUCION MINISTERIAL,No 215-2024-MINEDU,Designan Jefa de la Oficina General de Administracion,https://epdoc2.elperuano.pe/EpPo/DescargaINDA.asp?Referencias=NDNMSExITEhMSDlXVU5ZQlRNTEhZQkxIOVdfX0xIVU5YQ1dWWENMSExI,20240531
20240512,2287847-1,JUSTICIA Y DERECHOS HUMANOS,RESOLUCION MINISTERIAL,No 0116-2024-JUS,Aprueban el Plan Operativo Institucional Multianual (POIM) 2025-2027 del Ministerio de Justicia y Derechos Humanos,https://epdoc2.elperuano.pe/EpPo/DescargaINDA.asp?Referencias=NDNMSExITEhMSDlXVU5ZQlRNTEhZQkxIOVdfX1dWVE1YQ1dWWENMSExI,20240531
20240512,2287861-1,MUJER Y POBLACIONES VULNERABLES,RESOLUCION MINISTERIAL,No 179-2024-MIMP,Designan Coordinadora de la Sub Unidad de Logistica de la Unidad de Administracion del Programa Integral Nacional para el Bienestar Familiar,https://epdoc2.elperuano.pe/EpPo/DescargaINDA.asp?Referencias=NDNMSExITEhMSDlXVU5ZQlRNTEhZQkxIOVdfXzlXVkJYQ1dWWENMSExI,20240531
20240512,2287722-1,PRODUCE,RESOLUCION,No 419-2024-PRODUCE/PROINNOVATE,Aprueban otorgamiento de subvenciones a favor de beneficiarios destinadas a cofinanciar desembolsos de proyectos en el marco del Contrato de Prestamo No 5287/OC-PE Programa de Innovacion Modernizacion Tecnologica y Emprendimiento,https://epdoc2.elperuano.pe/EpPo/DescargaINDA.asp?Referencias=NDNMSExITEhMSDlXVU5ZQlRNTEhZQkxIOVdfX0xITEhXVldWWENMSExI,20240531
20240512,2287862-1,RELACIONES EXTERIORES,RESOLUCION MINISTERIAL,No 0376-2024-RE,Autorizan viaje de representante del Ministerio a Francia en comision de servicios,https://epdoc2.elperuano.pe/EpPo/DescargaINDA.asp?Referencias=NDNMSExITEhMSDlXVU5ZQlRNTEhZQkxIOVdfX0xIVkJYQ1dWWENMSExI,20240531
20240512,2286869-1,TRANSPORTES Y COMUNICACIONES,RESOLUCION DIRECTORAL,No 0223-2024-MTC/16,Aprueban Homologacion de Equipo Opacimetro para Control Oficial de los LMPs de emision de contaminantes para vehiculos automotores a favor de la empresa DIAGNOSTOOLS S.A.C.,https://epdoc2.elperuano.pe/EpPo/DescargaINDA.asp?Referencias=NDNMSExITEhMSDlXVU5ZQlRNTEhZQkxIOVdfX1lYVkJYQ1ZCWENMSExI,20240531
20240512,2287844-1,INSTITUTO NACIONAL DE RADIO Y TELEVISIoN DEL PERu,RESOLUCION,No 000038-2024-IRTP-PE,Designan Jefe de la Oficina de Asesoria Juridica del Instituto Nacional de Radio y Television del Peru,https://epdoc2.elperuano.pe/EpPo/DescargaINDA.asp?Referencias=NDNMSExITEhMSDlXVU5ZQlRNTEhZQkxIOVdfX1RNVE1YQ1dWWENMSExI,20240531
20240512,2287845-1,INSTITUTO NACIONAL DE RADIO Y TELEVISIoN DEL PERu,RESOLUCION,No 000039-2024-IRTP-PE,Designan Gerente General del Instituto Nacional de Radio y Television del Peru,https://epdoc2.elperuano.pe/EpPo/DescargaINDA.asp?Referencias=NDNMSExITEhMSDlXVU5ZQlRNTEhZQkxIOVdfX1VOVE1YQ1dWWENMSExI,20240531
20240512,2287846-1,INSTITUTO NACIONAL DE RADIO Y TELEVISIoN DEL PERu,RESOLUCION,No 000040-2024-IRTP-PE,Designan Jefe de la Oficina de Informatica y Estadistica del Instituto Nacional de Radio y Television del Peru,https://epdoc2.elperuano.pe/EpPo/DescargaINDA.asp?Referencias=NDNMSExITEhMSDlXVU5ZQlRNTEhZQkxIOVdfX1ZCVE1YQ1dWWENMSExI,20240531
20240512,2287864-1,INSTITUTO NACIONAL DE RADIO Y TELEVISIoN DEL PERu,RESOLUCION,No 000041-2024-IRTP-PE,Designan Jefe del area de Logistica en el Instituto Nacional de Radio y Television del Peru,https://epdoc2.elperuano.pe/EpPo/DescargaINDA.asp?Referencias=NDNMSExITEhMSDlXVU5ZQlRNTEhZQkxIOVdfX1RNVkJYQ1dWWENMSExI,20240531
20240512,2287697-1,SUPERINTENDENCIA NACIONAL DE BIENES ESTATALES,RESOLUCION,No 0026-2024/SBN,Designan Jefe de la Unidad de Recursos Humanos de la Oficina de Administracion y Finanzas de la Superintendencia Nacional de Bienes Estatales,https://epdoc2.elperuano.pe/EpPo/DescargaINDA.asp?Referencias=NDNMSExITEhMSDlXVU5ZQlRNTEhZQkxIOVdfX1dWWVhWQldWWENMSExI,20240531
20240512,2287848-1,SUPERINTENDENCIA NACIONAL DE CONTROL DE SERVICIOS DE SEGURIDAD  ARMAS  MUNICIONES Y EXPLOSIVOS DE USO CIVIL,RESOLUCION,No 02251-2024-SUCAMEC,Designan Intendente Regional de la Intendencia Regional III - Sur de la SUCAMEC,https://epdoc2.elperuano.pe/EpPo/DescargaINDA.asp?Referencias=NDNMSExITEhMSDlXVU5ZQlRNTEhZQkxIOVdfX1hDVE1YQ1dWWENMSExI,20240531
20240512,2287850-1,SUPERINTENDENCIA NACIONAL DE CONTROL DE SERVICIOS DE SEGURIDAD  ARMAS  MUNICIONES Y EXPLOSIVOS DE USO CIVIL,RESOLUCION,No 02250-2024-SUCAMEC,Designan Jefe Zonal de la Jefatura Zonal de Ica de la SUCAMEC,https://epdoc2.elperuano.pe/EpPo/DescargaINDA.asp?Referencias=NDNMSExITEhMSDlXVU5ZQlRNTEhZQkxIOVdfX1lCVU5YQ1dWWENMSExI,20240531
20240512,2287851-1,SUPERINTENDENCIA NACIONAL DE CONTROL DE SERVICIOS DE SEGURIDAD  ARMAS  MUNICIONES Y EXPLOSIVOS DE USO CIVIL,RESOLUCION,No 02252-2024-SUCAMEC,Designan Jefe Zonal de la Jefatura Zonal La Libertad de la SUCAMEC,https://epdoc2.elperuano.pe/EpPo/DescargaINDA.asp?Referencias=NDNMSExITEhMSDlXVU5ZQlRNTEhZQkxIOVdfXzlXVU5YQ1dWWENMSExI,20240531
20240512,2287843-1,FONDO NACIONAL DE FINANCIAMIENTO DE LA ACTIVIDAD EMPRESARIAL DEL ESTADO,RESOLUCION,No 040-2024-DE-FONAFE,Designan funcionarios responsables de entregar informacion en virtud de la ley No 27806 - Ley de Transparencia y Acceso a la Informacion Publica,https://epdoc2.elperuano.pe/EpPo/DescargaINDA.asp?Referencias=NDNMSExITEhMSDlXVU5ZQlRNTEhZQkxIOVdfX1M4VE1YQ1dWWENMSExI,20240531
20240512,2287759-1,CONSEJO EJECUTIVO DEL PODER JUDICIAL,INVESTIGACION,DEFINITIVA No 343-2019-DEL SANTA,Imponen la medida disciplinaria de destitucion a jueza de paz del Distrito de Coishco Distrito Judicial del Santa,https://epdoc2.elperuano.pe/EpPo/DescargaINDA.asp?Referencias=NDNMSExITEhMSDlXVU5ZQlRNTEhZQkxIOVdfX1lYVU5XVldWWENMSExI,20240531
20240512,2287761-1,CONSEJO EJECUTIVO DEL PODER JUDICIAL,INVESTIGACION,DEFINITIVA No 359-2018-LIMA ESTE,Imponen la medida disciplinaria de destitucion a secretaria judicial del Juzgado de Familia Transitorio de La Molina - Cieneguilla Corte Superior de Justicia de Lima Este,https://epdoc2.elperuano.pe/EpPo/DescargaINDA.asp?Referencias=NDNMSExITEhMSDlXVU5ZQlRNTEhZQkxIOVdfXzlXVkJXVldWWENMSExI,20240531
20240512,2287764-1,CONSEJO EJECUTIVO DEL PODER JUDICIAL,INVESTIGACION,DEFINITIVA No 452-2023-LA LIBERTAD,Imponen medida disciplinaria de destitucion a Secretaria Judicial del Decimo Quinto Juzgado de Familia - Sub Especialidad en Violencia contra las Mujeres y los Integrantes del Grupo Familiar - Sede Guadalupe Corte Superior de Justicia de La Libertad,https://epdoc2.elperuano.pe/EpPo/DescargaINDA.asp?Referencias=NDNMSExITEhMSDlXVU5ZQlRNTEhZQkxIOVdfX1RNVkJXVldWWENMSExI,20240531
20240512,2287766-1,CONSEJO EJECUTIVO DEL PODER JUDICIAL,INVESTIGACION,DEFINITIVA No 00485-2020-AREQUIPA,Imponen la medida disciplinaria de destitucion a Jueza del Juzgado de Paz del distrito de Congata-Uchumayo Corte Superior de Justicia de Arequipa,https://epdoc2.elperuano.pe/EpPo/DescargaINDA.asp?Referencias=NDNMSExITEhMSDlXVU5ZQlRNTEhZQkxIOVdfX1ZCVkJXVldWWENMSExI,20240531
20240512,2287754-1,CONSEJO EJECUTIVO DEL PODER JUDICIAL,RESOLUCION ADMINISTRATIVA,No 000058-2024-P-CE-PJ,Autorizan viaje de Juez titular de la Corte Suprema de Justicia de la Republica e integrante del Consejo Ejecutivo del Poder Judicial para participar en evento a realizarse en Colombia,https://epdoc2.elperuano.pe/EpPo/DescargaINDA.asp?Referencias=NDNMSExITEhMSDlXVU5ZQlRNTEhZQkxIOVdfX1RNVU5XVldWWENMSExI,20240531
20240512,2287755-1,CONSEJO EJECUTIVO DEL PODER JUDICIAL,RESOLUCION ADMINISTRATIVA,No 000059-2024-P-CE-PJ,Autorizan viaje de Juez titular de la Corte Suprema de Justicia de la Republica para participar en evento a realizarse en Colombia,https://epdoc2.elperuano.pe/EpPo/DescargaINDA.asp?Referencias=NDNMSExITEhMSDlXVU5ZQlRNTEhZQkxIOVdfX1VOVU5XVldWWENMSExI,20240531
20240512,2287756-1,CONSEJO EJECUTIVO DEL PODER JUDICIAL,RESOLUCION ADMINISTRATIVA,No 000060-2024-P-CE-PJ,Autorizan viaje de magistrados para que participen en Taller de Capacitacion en Delito Cibernetico para jueces y magistrados de America que se llevara a cabo en Chile,https://epdoc2.elperuano.pe/EpPo/DescargaINDA.asp?Referencias=NDNMSExITEhMSDlXVU5ZQlRNTEhZQkxIOVdfX1ZCVU5XVldWWENMSExI,20240531
20240512,2287305-1,CONTRALORIA GENERAL DE LA REPUBLICA,RESOLUCION,No 238-2024-CG,Designan Jefa del organo de Control Institucional de la Presidencia del Consejo de Ministros - PCM,https://epdoc2.elperuano.pe/EpPo/DescargaINDA.asp?Referencias=NDNMSExITEhMSDlXVU5ZQlRNTEhZQkxIOVdfX1VOWUJTOFdWWENMSExI,20240531
20240512,2287050-1,MUNICIPALIDAD METROPOLITANA DE LIMA,RESOLUCION,No 014-2024-GG-ICL/MML,Aprueban la modificacion del Manual de Clasificador de Cargos,https://epdoc2.elperuano.pe/EpPo/DescargaINDA.asp?Referencias=NDNMSExITEhMSDlXVU5ZQlRNTEhZQkxIOVdfX1lCVU5ZQldWWENMSExI,20240531
20240512,2287790-1,MUNICIPALIDAD METROPOLITANA DE LIMA,RESOLUCION,No 097-2024-PATPAL-FBB/GG/MML,Autorizan viaje de funcionarios del PATPAL-FBB para asistir a evento a realizarse en Colombia,https://epdoc2.elperuano.pe/EpPo/DescargaINDA.asp?Referencias=NDNMSExITEhMSDlXVU5ZQlRNTEhZQkxIOVdfX1lCWVhXVldWWENMSExI,20240531
20240512,2287443-1,MUNICIPALIDAD DE SAN LUIS,DECRETO DE ALCALDIA,No 002-2024-MDSL,Disponen el embanderamiento del distrito,https://epdoc2.elperuano.pe/EpPo/DescargaINDA.asp?Referencias=NDNMSExITEhMSDlXVU5ZQlRNTEhZQkxIOVdfX1M4VE1UTVdWWENMSExI,20240531
20240511,2287837-1,CONGRESO DE LA REPUBLICA,RESOLUCION LEGISLATIVA,No 32021,Resolucion Legislativa que autoriza el ingreso de unidades navales y de personal militar extranjero con armas de guerra al territorio de la Republica del Peru,https://epdoc2.elperuano.pe/EpPo/DescargaINDA.asp?Referencias=NDM5VzlXOVc5VzlXVU5ZQlRNTEhZQkxIOVdfX1dWUzhYQ1dWWENMSExI,20240531
20240511,2286805-1,COMERCIO EXTERIOR Y TURISMO,RESOLUCION MINISTERIAL,No 139-2024-MINCETUR,Autorizan viaje de representantes de PROMPERu para participar en evento a realizarse en EE.UU.,https://epdoc2.elperuano.pe/EpPo/DescargaINDA.asp?Referencias=NDM5VzlXOVc5VzlXVU5ZQlRNTEhZQkxIOVdfX1VOWUJYQ1ZCWENMSExI,20240531
20240511,2287250-1,COMERCIO EXTERIOR Y TURISMO,RESOLUCION MINISTERIAL,No 138-2024-MINCETUR,Modifican la R.M. No 220-2021-MINCETUR que califica a la empresa IAC PROYECTOS S.A.C. para efectos del articulo 3 del D. Leg. No 973 Decreto Legislativo que establece el Regimen Especial de Recuperacion Anticipada del Impuesto General a las Ventas por el desarrollo de proyecto de inversion,https://epdoc2.elperuano.pe/EpPo/DescargaINDA.asp?Referencias=NDM5VzlXOVc5VzlXVU5ZQlRNTEhZQkxIOVdfX1lCVU5MSFdWWENMSExI,20240531
20240511,2282042-1,CULTURA,RESOLUCION DIRECTORAL,No 000390-2024-DDC-CUS/MC,Rectifican error material contenido en la R.D. No 001439-2023-DDC-CUS/MC que determino la proteccion provisional de bien inmueble prehispanico,https://epdoc2.elperuano.pe/EpPo/DescargaINDA.asp?Referencias=NDM5VzlXOVc5VzlXVU5ZQlRNTEhZQkxIOVdfX0xIVE1ZQkxIWENMSExI,20240531
20240511,2286347-1,DEFENSA,RESOLUCION MINISTERIAL,No 00427-2024-DE,Autorizan viaje de oficial de la Fuerza Aerea del Peru a Espana en mision de estudios,https://epdoc2.elperuano.pe/EpPo/DescargaINDA.asp?Referencias=NDM5VzlXOVc5VzlXVU5ZQlRNTEhZQkxIOVdfX1dWVE1TOFZCWENMSExI,20240531
20240511,2287303-1,DEFENSA,RESOLUCION MINISTERIAL,No 00446-2024-DE,Autorizan viaje de personal de la Marina de Guerra del Peru a EE.UU. en mision de estudios,https://epdoc2.elperuano.pe/EpPo/DescargaINDA.asp?Referencias=NDM5VzlXOVc5VzlXVU5ZQlRNTEhZQkxIOVdfX1M4WUJTOFdWWENMSExI,20240531
20240511,2287798-1,DEFENSA,RESOLUCION MINISTERIAL,No 00456-2024-DE,Autorizan viaje de oficial subalterno de la Marina de Guerra del Peru a Italia en comision de servicios,https://epdoc2.elperuano.pe/EpPo/DescargaINDA.asp?Referencias=NDM5VzlXOVc5VzlXVU5ZQlRNTEhZQkxIOVdfX1hDWVhXVldWWENMSExI,20240531
20240511,2287600-1,DESARROLLO AGRARIO Y RIEGO,RESOLUCION,No D000090-2024-MIDAGRI-SERFOR-DE,Designan Asesor de la Direccion Ejecutiva del Servicio Nacional Forestal y de Fauna Silvestre - SERFOR,https://epdoc2.elperuano.pe/EpPo/DescargaINDA.asp?Referencias=NDM5VzlXOVc5VzlXVU5ZQlRNTEhZQkxIOVdfX1lCWUJWQldWWENMSExI,20240531
20240511,2287750-1,DESARROLLO AGRARIO Y RIEGO,RESOLUCION DIRECTORAL,No 00039-2024-MIDAGRI-DVDAFIR/PSI,Designan Asesor de la Direccion Ejecutiva del Programa Subsectorial de Irrigaciones - PSI y le encargan la Jefatura de la Unidad de Administracion,https://epdoc2.elperuano.pe/EpPo/DescargaINDA.asp?Referencias=NDM5VzlXOVc5VzlXVU5ZQlRNTEhZQkxIOVdfX1lCVU5XVldWWENMSExI,20240531
20240511,2287753-1,DESARROLLO AGRARIO Y RIEGO,RESOLUCION DIRECTORAL,No 00040-2024-MIDAGRI-DVDAFIR/PSI,Designan Asesor de la Direccion Ejecutiva del Programa Subsectorial de Irrigaciones - PSI,https://epdoc2.elperuano.pe/EpPo/DescargaINDA.asp?Referencias=NDM5VzlXOVc5VzlXVU5ZQlRNTEhZQkxIOVdfX1M4VU5XVldWWENMSExI,20240531
20240511,2287387-1,DESARROLLO AGRARIO Y RIEGO,RESOLUCION DIRECTORAL,No D000017-2024-MIDAGRI-SENASA-DSV,Autorizan ingreso al pais de plantas de arandano de origen y procedencia de la Republica de Chile a traves del Complejo Fronterizo Santa Rosa ubicado en el departamento de Tacna bajo la responsabilidad de la empresa Consorcio Agricola Moquegua S.A.C.,https://epdoc2.elperuano.pe/EpPo/DescargaINDA.asp?Referencias=NDM5VzlXOVc5VzlXVU5ZQlRNTEhZQkxIOVdfX1dWWENTOFdWWENMSExI,20240531
20240511,2287617-1,ECONOMIA Y FINANZAS,RESOLUCION MINISTERIAL,No 155-2024-EF/41,Modifican el Plan Operativo Institucional (POI) Anual 2024 del Ministerio de Economia y Finanzas,https://epdoc2.elperuano.pe/EpPo/DescargaINDA.asp?Referencias=NDM5VzlXOVc5VzlXVU5ZQlRNTEhZQkxIOVdfX1dWOVdWQldWWENMSExI,20240531
20240511,2285300-1,ENERGIA Y MINAS,RESOLUCION MINISTERIAL,No 175-2024-MINEM/DM,Aprueban modificacion de concesion definitiva para desarrollar la actividad de generacion de energia electrica con recursos energeticos renovables de la Central Solar Fotovoltaica Sunny otorgada a Kallpa Generacion S.A.,https://epdoc2.elperuano.pe/EpPo/DescargaINDA.asp?Referencias=NDM5VzlXOVc5VzlXVU5ZQlRNTEhZQkxIOVdfX1lCWUJTOFVOWENMSExI,20240531
20240511,2287430-1,ENERGIA Y MINAS,RESOLUCION MINISTERIAL,No 185-2024-MINEM/DM,Rectifican error material contenido en la R.M. No 095-2024-MINEM/DM que aprobo transferencia de concesion definitiva para desarrollar la actividad de transmision de energia electrica,https://epdoc2.elperuano.pe/EpPo/DescargaINDA.asp?Referencias=NDM5VzlXOVc5VzlXVU5ZQlRNTEhZQkxIOVdfX1lCUzhUTVdWWENMSExI,20240531
20240511,2287546-1,INTERIOR,RESOLUCION MINISTERIAL,No 0613-2024-IN,Designan Director de la Oficina de Estudios de la Oficina General de Infraestructura,https://epdoc2.elperuano.pe/EpPo/DescargaINDA.asp?Referencias=NDM5VzlXOVc5VzlXVU5ZQlRNTEhZQkxIOVdfX1ZCVE1VTldWWENMSExI,20240531
20240511,2287741-1,INTERIOR,RESOLUCION MINISTERIAL,No 0614-2024-IN,Autorizan viaje de personal policial a la Republica Popular China en mision de estudios,https://epdoc2.elperuano.pe/EpPo/DescargaINDA.asp?Referencias=NDM5VzlXOVc5VzlXVU5ZQlRNTEhZQkxIOVdfXzlXVE1XVldWWENMSExI,20240531
20240511,2287719-1,MUJER Y POBLACIONES VULNERABLES,RESOLUCION,No D000080-2024-CONADIS-PRE,Formalizan designacion de Gerente General del CONADIS,https://epdoc2.elperuano.pe/EpPo/DescargaINDA.asp?Referencias=NDM5VzlXOVc5VzlXVU5ZQlRNTEhZQkxIOVdfX1lYOVdXVldWWENMSExI,20240531
20240511,2287730-1,PRODUCE,RESOLUCION,No 000078-2024-ITP/DE,Designan Director de la Direccion de Investigacion Desarrollo Innovacion y Transferencia Tecnologica del Instituto Tecnologico de la Produccion,https://epdoc2.elperuano.pe/EpPo/DescargaINDA.asp?Referencias=NDM5VzlXOVc5VzlXVU5ZQlRNTEhZQkxIOVdfX1lCUzhXVldWWENMSExI,20240531
20240511,2287809-1,PRODUCE,RESOLUCION,No 000076-2024-ITP/DE,Designan Asesora II de la Direccion Ejecutiva del Instituto Tecnologico de la Produccion (ITP),https://epdoc2.elperuano.pe/EpPo/DescargaINDA.asp?Referencias=NDM5VzlXOVc5VzlXVU5ZQlRNTEhZQkxIOVdfX1lYWUJYQ1dWWENMSExI,20240531
20240511,2287762-1,PRODUCE,RESOLUCION MINISTERIAL,No 00192-2024-PRODUCE,Aprueban ampliacion del Plan Estrategico Institucional (PEI) 2020 - 2026 del Ministerio de la Produccion hasta el ano 2027  quedando denominado como Plan Estrategico Institucional (PEI) 2020 - 2027 del Ministerio de la Produccion,https://epdoc2.elperuano.pe/EpPo/DescargaINDA.asp?Referencias=NDM5VzlXOVc5VzlXVU5ZQlRNTEhZQkxIOVdfX0xIVkJXVldWWENMSExI,20240531
20240511,2287842-1,RELACIONES EXTERIORES,DECRETO SUPREMO,No 017-2024-RE,Decreto Supremo que ratifica el Acuerdo por Intercambio de Notas entre el Gobierno de la Republica del Peru y el Gobierno de la Republica Federal de Alemania sobre Cooperacion Tecnica 2022,https://epdoc2.elperuano.pe/EpPo/DescargaINDA.asp?Referencias=NDM5VzlXOVc5VzlXVU5ZQlRNTEhZQkxIOVdfX0xIVE1YQ1dWWENMSExI,20240531
20240511,2287774-1,RELACIONES EXTERIORES,RESOLUCION MINISTERIAL,No 0373-2024-RE,Autorizan viaje de servidor a la Confederacion Suiza en comision de servicios,https://epdoc2.elperuano.pe/EpPo/DescargaINDA.asp?Referencias=NDM5VzlXOVc5VzlXVU5ZQlRNTEhZQkxIOVdfX1RNV1ZXVldWWENMSExI,20240531
20240511,2287837-2,RELACIONES EXTERIORES,RESOLUCION SUPREMA,No 090-2024-RE,Dan por terminadas funciones de Embajador Extraordinario y Plenipotenciario del Peru en el Reino de Marruecos ante la Republica de Senegal y la Republica Islamica de Mauritania,https://epdoc2.elperuano.pe/EpPo/DescargaINDA.asp?Referencias=NDM5VzlXOVc5VzlXVU5ZQlRNTEhZQkxITEhfX1dWUzhYQ1dWWENMSExI,20240531
20240511,2287842-2,RELACIONES EXTERIORES,RESOLUCION SUPREMA,No 091-2024-RE,Delegan facultades para suscribir el Tratado de Asistencia Judicial en Materia Penal entre la Republica del Peru y la Republica de Costa Rica,https://epdoc2.elperuano.pe/EpPo/DescargaINDA.asp?Referencias=NDM5VzlXOVc5VzlXVU5ZQlRNTEhZQkxITEhfX0xIVE1YQ1dWWENMSExI,20240531
20240511,2287603-1,SALUD,RESOLUCION MINISTERIAL,No 321-2024/MINSA,Designan Director Ejecutivo de la Oficina de Innovacion y Desarrollo Tecnologico de la Oficina General de Tecnologias de la Informacion del Ministerio,https://epdoc2.elperuano.pe/EpPo/DescargaINDA.asp?Referencias=NDM5VzlXOVc5VzlXVU5ZQlRNTEhZQkxIOVdfX1M4WUJWQldWWENMSExI,20240531
20240511,2287837-3,TRANSPORTES Y COMUNICACIONES,RESOLUCION SUPREMA,No 009-2024-MTC,Designan miembro del Consejo Directivo de la Autoridad de Transporte Urbano para Lima y Callao,https://epdoc2.elperuano.pe/EpPo/DescargaINDA.asp?Referencias=NDM5VzlXOVc5VzlXVU5ZQlRNTEhZQkxIUzhfX1dWUzhYQ1dWWENMSExI,20240531
20240511,2287838-1,VIVIENDA  CONSTRUCCIoN Y SANEAMIENTO,RESOLUCION MINISTERIAL,No 169-2024-VIVIENDA,Designan Director de la Oficina de Evaluacion del Impacto de la Oficina General de Monitoreo y Evaluacion del Impacto del Ministerio,https://epdoc2.elperuano.pe/EpPo/DescargaINDA.asp?Referencias=NDM5VzlXOVc5VzlXVU5ZQlRNTEhZQkxIOVdfX1hDUzhYQ1dWWENMSExI,20240531
20240511,2287742-1,CENTRO NACIONAL DE PLANEAMIENTO ESTRATeGICO,RESOLUCION,No 00042-2024/CEPLAN/PCD,Aprueban el Plan Operativo Institucional (POI) Multianual 2025 - 2027 del Centro Nacional de Planeamiento Estrategico - CEPLAN,https://epdoc2.elperuano.pe/EpPo/DescargaINDA.asp?Referencias=NDM5VzlXOVc5VzlXVU5ZQlRNTEhZQkxIOVdfX0xIVE1XVldWWENMSExI,20240531
20240511,2287784-1,COMISIoN DE PROMOCIoN DEL PERu PARA LA EXPORTACIoN Y EL TURISMO,RESOLUCION,No 000075-2024-PROMPERU/PE,Designan Jefe de la Oficina de Recursos Humanos de PROMPERu,https://epdoc2.elperuano.pe/EpPo/DescargaINDA.asp?Referencias=NDM5VzlXOVc5VzlXVU5ZQlRNTEhZQkxIOVdfX1RNWENXVldWWENMSExI,20240531
20240511,2287428-1,PROCURADURiA GENERAL DEL ESTADO,RESOLUCION,No D000312-2024-JUS/PGE-PG,Designan procurador publico del Poder Judicial,https://epdoc2.elperuano.pe/EpPo/DescargaINDA.asp?Referencias=NDM5VzlXOVc5VzlXVU5ZQlRNTEhZQkxIOVdfX1hDTEhUTVdWWENMSExI,20240531
20240511,2287629-1,SERVICIO NACIONAL DE CERTIFICACIoN AMBIENTAL PARA LAS INVERSIONES SOSTENIBLES,RESOLUCION,No 00038-2024-SENACE/PE,Modifican el Reglamento para la inscripcion y contratacion de profesionales en la nomina de especialistas del Servicio Nacional de Certificacion Ambiental para las Inversiones Sostenibles - Senace,https://epdoc2.elperuano.pe/EpPo/DescargaINDA.asp?Referencias=NDM5VzlXOVc5VzlXVU5ZQlRNTEhZQkxIOVdfX1lYTEhWQldWWENMSExI,20240531
20240511,2287669-1,SERVICIO NACIONAL DE CERTIFICACIoN AMBIENTAL PARA LAS INVERSIONES SOSTENIBLES,RESOLUCION,No 00039-2024-SENACE/PE,Designan Asesora de la Presidencia Ejecutiva del Servicio Nacional de Certificacion Ambiental para las Inversiones Sostenibles,https://epdoc2.elperuano.pe/EpPo/DescargaINDA.asp?Referencias=NDM5VzlXOVc5VzlXVU5ZQlRNTEhZQkxIOVdfX1lYVkJWQldWWENMSExI,20240531
20240511,2287743-1,CONSEJO EJECUTIVO DEL PODER JUDICIAL,INVESTIGACION,DEFINITIVA No 254-2021-AREQUIPA,Imponen medida disciplinaria de destitucion a Jueza de Paz del Juzgado de Yura de la Corte Superior de Justicia de Arequipa,https://epdoc2.elperuano.pe/EpPo/DescargaINDA.asp?Referencias=NDM5VzlXOVc5VzlXVU5ZQlRNTEhZQkxIOVdfX1M4VE1XVldWWENMSExI,20240531
20240511,2287744-1,CONSEJO EJECUTIVO DEL PODER JUDICIAL,INVESTIGACION,DEFINITIVA No 505-2020-AREQUIPA,Imponen medida disciplinaria de destitucion a secretario judicial del Juzgado de Paz Letrado de Camana Corte Superior de Justicia de Arequipa,https://epdoc2.elperuano.pe/EpPo/DescargaINDA.asp?Referencias=NDM5VzlXOVc5VzlXVU5ZQlRNTEhZQkxIOVdfX1RNVE1XVldWWENMSExI,20240531
20240511,2287749-1,CONSEJO EJECUTIVO DEL PODER JUDICIAL,INVESTIGACION,DEFINITIVA No 2818-2021-AREQUIPA,Imponen medida disciplinaria de destitucion a Juez del Juzgado de Paz del Anexo de Bombon provincia de Islay Corte Superior de Justicia de Arequipa,https://epdoc2.elperuano.pe/EpPo/DescargaINDA.asp?Referencias=NDM5VzlXOVc5VzlXVU5ZQlRNTEhZQkxIOVdfX1lYVE1XVldWWENMSExI,20240531
20240511,2287735-1,CONSEJO EJECUTIVO DEL PODER JUDICIAL,RESOLUCION ADMINISTRATIVA,No 000057-2024-P-CE-PJ,Cesan por limite de edad a Jueza Superior titular de la Corte Superior de Justicia de Lima Norte,https://epdoc2.elperuano.pe/EpPo/DescargaINDA.asp?Referencias=NDM5VzlXOVc5VzlXVU5ZQlRNTEhZQkxIOVdfX1VOUzhXVldWWENMSExI,20240531
20240511,2287738-1,CONSEJO EJECUTIVO DEL PODER JUDICIAL,RESOLUCION ADMINISTRATIVA,No 000053-2024-P-CE-PJ,Autorizan viaje de magistrados de la Corte Suprema de Justicia de la Republica para que participen de manera presencial en el Modulo II Inmersion en el Sistema Penal Acusatorio para Juzgadores que se realizara en Puerto Rico,https://epdoc2.elperuano.pe/EpPo/DescargaINDA.asp?Referencias=NDM5VzlXOVc5VzlXVU5ZQlRNTEhZQkxIOVdfX1hDUzhXVldWWENMSExI,20240531
20240511,2287438-1,CONTRALORIA GENERAL DE LA REPUBLICA,RESOLUCION,No 243-2024-CG,Formalizan la incorporacion a la Contraloria General de la Republica de organos de Control Institucional de la Autoridad Nacional de Infraestructura y del Proyecto Especial Legado,https://epdoc2.elperuano.pe/EpPo/DescargaINDA.asp?Referencias=NDM5VzlXOVc5VzlXVU5ZQlRNTEhZQkxIOVdfX1hDUzhUTVdWWENMSExI,20240531
20240511,2287599-1,CONTRALORIA GENERAL DE LA REPUBLICA,RESOLUCION,No 237-2024-CG,Aprueban el Codigo de etica y Conducta de la Contraloria General de la Republica,https://epdoc2.elperuano.pe/EpPo/DescargaINDA.asp?Referencias=NDM5VzlXOVc5VzlXVU5ZQlRNTEhZQkxIOVdfX1lYWVhVTldWWENMSExI,20240531
20240511,2287294-1,INSTITUCIONES EDUCATIVAS,RESOLUCION,No 402-2024-R,Otorgan subvencion a docente de la Universidad Nacional Pedro Ruiz Gallo para participar en pasantia a realizarse en Argentina,https://epdoc2.elperuano.pe/EpPo/DescargaINDA.asp?Referencias=NDM5VzlXOVc5VzlXVU5ZQlRNTEhZQkxIOVdfX1RNWVhMSFdWWENMSExI,20240531
20240511,2287531-1,MINISTERIO PUBLICO,RESOLUCION,No 1128-2024-MP-FN,Cesan por limite de edad a fiscal provincial provisional del Distrito Fiscal de Ica designada en el despacho de la Segunda Fiscalia Provincial Penal Corporativa de Parcona,https://epdoc2.elperuano.pe/EpPo/DescargaINDA.asp?Referencias=NDM5VzlXOVc5VzlXVU5ZQlRNTEhZQkxIOVdfXzlXUzhVTldWWENMSExI,20240531
20240511,2287395-1,OFICINA NACIONAL DE PROCESOS ELECTORALES,RESOLUCION JEFATURAL,No 000099-2024-JN/ONPE,Autorizan viaje de Sub Gerente de Asesoria Administrativa de la Gerencia de Asesoria Juridica a la Republica Dominicana en comision de servicios,https://epdoc2.elperuano.pe/EpPo/DescargaINDA.asp?Referencias=NDM5VzlXOVc5VzlXVU5ZQlRNTEhZQkxIOVdfX1VOWVhTOFdWWENMSExI,20240531
20240511,2282164-1,GOBIERNO REGIONAL DE PASCO,RESOLUCION,No 171-2024-G.R.P./GOB,Amplian delegacion de facultades al Gerente General Regional del Gobierno Regional Pasco para aprobar modificaciones presupuestarias en el nivel funcional y programatico,https://epdoc2.elperuano.pe/EpPo/DescargaINDA.asp?Referencias=NDM5VzlXOVc5VzlXVU5ZQlRNTEhZQkxIOVdfX1RNVkI5V0xIWENMSExI,20240531
20240511,2287242-1,GOBIERNO REGIONAL DE SAN MARTIN,ORDENANZA,No 006-2024-GRSM/CR,Aprueban la creacion del Sistema de Gobernanza Turistica Regional de San Martin - SISGOTUR San Martin,https://epdoc2.elperuano.pe/EpPo/DescargaINDA.asp?Referencias=NDM5VzlXOVc5VzlXVU5ZQlRNTEhZQkxIOVdfX0xIVE1MSFdWWENMSExI,20240531
20240511,2287335-1,GOBIERNO REGIONAL DE SAN MARTIN,ORDENANZA,No 007-2024-GRSM/CR,Ordenanza Regional que aprueba la reactivacion del Consejo Regional de Salud San Martin Instancia de Coordinacion Interinstitucional del Sistema Nacional de Salud,https://epdoc2.elperuano.pe/EpPo/DescargaINDA.asp?Referencias=NDM5VzlXOVc5VzlXVU5ZQlRNTEhZQkxIOVdfX1VOUzhTOFdWWENMSExI,20240531
20240511,2286416-1,MUNICIPALIDAD DEL RIMAC,Ordenanzas,No 642-MDR,Aprueban el Procedimiento del Sorteo para los Vecinos Puntuales de la Municipalidad Distrital del Rimac (SORTEO 2024),https://epdoc2.elperuano.pe/EpPo/DescargaINDA.asp?Referencias=NDM5VzlXOVc5VzlXVU5ZQlRNTEhZQkxIOVdfX1ZCOVdUTVZCWENMSExI,20240531
20240511,2278135-1,MUNICIPALIDAD DISTRITAL DE CHALLABAMBA,ORDENANZA,No 002-2024-MDCH/CM,Ordenanza Municipal que crea el Centro Integral de Atencion al Adulto Mayor en la Municipalidad Distrital de Challabamba,https://epdoc2.elperuano.pe/EpPo/DescargaINDA.asp?Referencias=NDM5VzlXOVc5VzlXVU5ZQlRNTEhZQkxIOVdfX1VOUzg5V1hDV1ZMSExI,20240531
20240511,2287296-1,MUNICIPALIDAD DE CARMEN DE LA LEGUA REYNOSO,DECRETO DE ALCALDIA,No 003-2024-MDCLR,Convocan a la Audiencia Publica de Rendicion de Cuentas de la Municipalidad Distrital de Carmen de La Legua - Reynoso,https://epdoc2.elperuano.pe/EpPo/DescargaINDA.asp?Referencias=NDM5VzlXOVc5VzlXVU5ZQlRNTEhZQkxIOVdfX1ZCWVhMSFdWWENMSExI,20240531
20240511,2287417-1,RELACIONES EXTERIORES,CONVENIO,Convenio Peru USA,Acuerdo entre el Gobierno de la Republica del Peru y el Gobierno de los Estados Unidos de America para la Implementacion del Convenio para Combatir el Uso Indebido y la Produccion y el Trafico Ilicitos de Drogas entre la Republica del Peru y los Estados Unidos de America suscrito en Lima el 23 de julio de 1996 y acerca de la Interceptacion Aerea y la Asistencia Conexa de los Estados Unidos de America,https://epdoc2.elperuano.pe/EpPo/DescargaINDA.asp?Referencias=NDM5VzlXOVc5VzlXVU5ZQlRNTEhZQkxIOVdfX1dWOVdUTVdWWENMSExI,20240531
20240511,2287418-1,RELACIONES EXTERIORES,CONVENIO,Entrada en vigor Acuerdo Peru USA,Entrada en vigor del Acuerdo entre el Gobierno de la Republica del Peru y el Gobierno de los Estados Unidos de America para la Implementacion del Convenio para Combatir el Uso Indebido y la Produccion y el Trafico Ilicitos de Drogas entre la Republica del Peru y los Estados Unidos de America suscrito en Lima el 23 de julio de 1996 y acerca de la Interceptacion Aerea y la Asistencia Conexa de los Estados Unidos de America,https://epdoc2.elperuano.pe/EpPo/DescargaINDA.asp?Referencias=NDM5VzlXOVc5VzlXVU5ZQlRNTEhZQkxIOVdfX1hDOVdUTVdWWENMSExI,20240531
20240510,2287279-1,CONGRESO DE LA REPUBLICA,LEY,No 32017,Ley que modifica el Decreto Legislativo 1297 Decreto Legislativo para la proteccion de ninas ninos y adolescentes sin cuidados parentales o en riesgo de perderlos a fin de establecer nuevos plazos para los procedimientos por riesgo desproteccion familiar y adopcion,https://epdoc2.elperuano.pe/EpPo/DescargaINDA.asp?Referencias=NDNZQllCWUJZQjlXVU5ZQlRNTEhZQkxIOVdfX1lYV1ZMSFdWWENMSExI,20240531
20240510,2287279-2,CONGRESO DE LA REPUBLICA,LEY,No 32018,Ley que establece nuevo plazo en el numeral 1 de la disposicion complementaria final centesima decima octava de la Ley 31953 Ley de Presupuesto del Sector Publico para el Ano Fiscal 2024,https://epdoc2.elperuano.pe/EpPo/DescargaINDA.asp?Referencias=NDNZQllCWUJZQjlXVU5ZQlRNTEhZQkxITEhfX1lYV1ZMSFdWWENMSExI,20240531
20240510,2287399-1,CONGRESO DE LA REPUBLICA,LEY,No 32019,Ley que fortalece y promueve el saneamiento fisico - legal de la propiedad estatal,https://epdoc2.elperuano.pe/EpPo/DescargaINDA.asp?Referencias=NDNZQllCWUJZQjlXVU5ZQlRNTEhZQkxIOVdfX1lYWVhTOFdWWENMSExI,20240531
20240510,2287745-1,CONGRESO DE LA REPUBLICA,LEY,No 32020,Ley que crea la Universidad Nacional Tecnologica de Chincha en la provincia de Chincha en el departamento de Ica,https://epdoc2.elperuano.pe/EpPo/DescargaINDA.asp?Referencias=NDNZQllCWUJZQjlXVU5ZQlRNTEhZQkxIOVdfX1VOVE1XVldWWENMSExI,20240531
20240510,2287041-1,CONGRESO DE LA REPUBLICA,RESOLUCION LEGISLATIVA,No 019-2023-2024-CR,Resolucion Legislativa del Congreso por la cual se archiva la acusacion contra la ex Congresista Rosario Paredes Eyzaguirre por la presunta comision del delito de Concusion,https://epdoc2.elperuano.pe/EpPo/DescargaINDA.asp?Referencias=NDNZQllCWUJZQjlXVU5ZQlRNTEhZQkxIOVdfXzlXVE1ZQldWWENMSExI,20240531
20240510,2287284-1,PRESIDENCIA DEL CONSEJO DE MINISTROS,RESOLUCION,No 005-2024-PCM/SGTD,Aprueban el Programa Articulador de Economia Digital en el marco de la Politica Nacional de Transformacion Digital y crean canal digital,https://epdoc2.elperuano.pe/EpPo/DescargaINDA.asp?Referencias=NDNZQllCWUJZQjlXVU5ZQlRNTEhZQkxIOVdfX1RNWENMSFdWWENMSExI,20240531
20240510,2287285-1,PRESIDENCIA DEL CONSEJO DE MINISTROS,RESOLUCION,No 006-2024-PCM/SGTD,Aprueban el Programa Canasta Basica Digital 2024-2026,https://epdoc2.elperuano.pe/EpPo/DescargaINDA.asp?Referencias=NDNZQllCWUJZQjlXVU5ZQlRNTEhZQkxIOVdfX1VOWENMSFdWWENMSExI,20240531
20240510,2287275-1,PRESIDENCIA DEL CONSEJO DE MINISTROS,RESOLUCION JEFATURAL,No 067-2024-ANIN/JEF,Designan Director de la Direccion de Gestion Predial de la Autoridad Nacional de Infraestructura,https://epdoc2.elperuano.pe/EpPo/DescargaINDA.asp?Referencias=NDNZQllCWUJZQjlXVU5ZQlRNTEhZQkxIOVdfX1VOV1ZMSFdWWENMSExI,20240531
20240510,2282043-1,CULTURA,RESOLUCION DIRECTORAL,No 001920-2023-DDC-CUS/MC,Determinan la proteccion provisional de bien inmueble prehispanico denominado Paisaje Arqueologico Camino Prehispanico: Tramo Ollantaytambo - Lares - Valle Lacco Seccion Huacahuasi-Tambohuaylla Segmento 1 Huacahuasi-Queunahuayco y Sitio Asociado Monte Punku 1 ubicado en el distrito de Lares provincia de Calca y departamento de Cusco,https://epdoc2.elperuano.pe/EpPo/DescargaINDA.asp?Referencias=NDNZQllCWUJZQjlXVU5ZQlRNTEhZQkxIOVdfX1M4VE1ZQkxIWENMSExI,20240531
20240510,2287318-1,CULTURA,RESOLUCION MINISTERIAL,No 000197-2024-MC,Rectifican la R.M. No 000149-2024-MC mediante la cual se otorga la distincion de Personalidad Meritoria de la Cultura,https://epdoc2.elperuano.pe/EpPo/DescargaINDA.asp?Referencias=NDNZQllCWUJZQjlXVU5ZQlRNTEhZQkxIOVdfX1hDOVdTOFdWWENMSExI,20240531
20240510,2287409-1,CULTURA,RESOLUCION MINISTERIAL,No 000152-2024-MC,Otorgan distincion de Personalidad Meritoria de la Cultura,https://epdoc2.elperuano.pe/EpPo/DescargaINDA.asp?Referencias=NDNZQllCWUJZQjlXVU5ZQlRNTEhZQkxIOVdfX1lYWUJUTVdWWENMSExI,20240531
20240510,2285125-1,CULTURA,RESOLUCION VICE MINISTERIAL,No 000106-2024-VMPCIC/MC,Declaran Patrimonio Cultural de la Nacion a cuarenta y ocho unidades hemerograficas correspondientes a El Sol del Peru (1822) y La Abeja Republicana (04.08-05.12.1822) contenidas en dos volumenes facticios respectivamente pertenecientes a la Biblioteca Nacional del Peru,https://epdoc2.elperuano.pe/EpPo/DescargaINDA.asp?Referencias=NDNZQllCWUJZQjlXVU5ZQlRNTEhZQkxIOVdfX1VOTEg5V1VOWENMSExI,20240531
20240510,2287326-1,DEFENSA,RESOLUCION JEFATURAL,No 00055-2024-CENEPRED/J,Designan Especialista en Logistica de la Oficina de Administracion del Centro Nacional de Estimacion Prevencion y Reduccion del Riesgo de Desastres,https://epdoc2.elperuano.pe/EpPo/DescargaINDA.asp?Referencias=NDNZQllCWUJZQjlXVU5ZQlRNTEhZQkxIOVdfX1ZCTEhTOFdWWENMSExI,20240531
20240510,2286335-1,DEFENSA,RESOLUCION MINISTERIAL,No 00434-2024-DE,Autorizan viaje de personal militar para participar en el 2o Campeonato Mundial de Media Maraton Militar a realizarse en la Republica de Bosnia y Herzegovina,https://epdoc2.elperuano.pe/EpPo/DescargaINDA.asp?Referencias=NDNZQllCWUJZQjlXVU5ZQlRNTEhZQkxIOVdfX1VOUzhTOFZCWENMSExI,20240531
20240510,2287252-1,DEFENSA,RESOLUCION MINISTERIAL,No 00451-2024-DE,Modifican la R.M. No 00051-2024-DE que autorizo viaje de oficial EP a Panama en comision de servicios,https://epdoc2.elperuano.pe/EpPo/DescargaINDA.asp?Referencias=NDNZQllCWUJZQjlXVU5ZQlRNTEhZQkxIOVdfX0xIVU5MSFdWWENMSExI,20240531
20240510,2287287-1,DEFENSA,RESOLUCION MINISTERIAL,No 00448-2024-DE,Autorizan viaje de oficiales de la Fuerza Aerea del Peru a Canada en comision de servicios,https://epdoc2.elperuano.pe/EpPo/DescargaINDA.asp?Referencias=NDNZQllCWUJZQjlXVU5ZQlRNTEhZQkxIOVdfX1dWWENMSFdWWENMSExI,20240531
20240510,2287345-1,DEFENSA,RESOLUCION MINISTERIAL,No 00444-2024-DE,Autorizan viaje de oficial de la Fuerza Aerea del Peru a Espana en mision de estudios,https://epdoc2.elperuano.pe/EpPo/DescargaINDA.asp?Referencias=NDNZQllCWUJZQjlXVU5ZQlRNTEhZQkxIOVdfX1VOVE1TOFdWWENMSExI,20240531
20240510,2287329-1,DESARROLLO AGRARIO Y RIEGO,RESOLUCION,No D000088-2024-MIDAGRI-SERFOR-DE,Designan Gerente General de la Gerencia General del Servicio Nacional Forestal y de Fauna Silvestre - SERFOR,https://epdoc2.elperuano.pe/EpPo/DescargaINDA.asp?Referencias=NDNZQllCWUJZQjlXVU5ZQlRNTEhZQkxIOVdfX1lYTEhTOFdWWENMSExI,20240531
20240510,2287030-1,DESARROLLO AGRARIO Y RIEGO,RESOLUCION DIRECTORAL,No 00034-2024-MIDAGRI-DVDAFIR/PSI,Designan Asesora de la Direccion Ejecutiva del Programa Subsectorial de Irrigaciones - PSI y le encargan la Jefatura de la Unidad de Asesoria Juridica,https://epdoc2.elperuano.pe/EpPo/DescargaINDA.asp?Referencias=NDNZQllCWUJZQjlXVU5ZQlRNTEhZQkxIOVdfX1lCUzhZQldWWENMSExI,20240531
20240510,2287255-1,DESARROLLO AGRARIO Y RIEGO,RESOLUCION MINISTERIAL,No 0167-2024-MIDAGRI,Aprueban el documento denominado Medidas complementarias para la ejecucion de las inversiones en infraestructura hidraulica del Sector Agrario y de Riego en el marco de la unica Disposicion Complementaria Final del Decreto de Urgencia No 003-2024,https://epdoc2.elperuano.pe/EpPo/DescargaINDA.asp?Referencias=NDNZQllCWUJZQjlXVU5ZQlRNTEhZQkxIOVdfX1VOVU5MSFdWWENMSExI,20240531
20240510,2287273-1,DESARROLLO AGRARIO Y RIEGO,RESOLUCION MINISTERIAL,No 0168-2024-MIDAGRI,Aprueban Fichas de Homologacion de mallas ganaderas de alambre galvanizado,https://epdoc2.elperuano.pe/EpPo/DescargaINDA.asp?Referencias=NDNZQllCWUJZQjlXVU5ZQlRNTEhZQkxIOVdfX1M4V1ZMSFdWWENMSExI,20240531
20240510,2287277-1,DESARROLLO AGRARIO Y RIEGO,RESOLUCION MINISTERIAL,No 0169-2024-MIDAGRI,Designan Asesora de Alta Direccion del Despacho Viceministerial de Desarrollo de Agricultura Familiar e Infraestructura Agraria y Riego,https://epdoc2.elperuano.pe/EpPo/DescargaINDA.asp?Referencias=NDNZQllCWUJZQjlXVU5ZQlRNTEhZQkxIOVdfX1dWV1ZMSFdWWENMSExI,20240531
20240510,2287279-3,ECONOMIA Y FINANZAS,DECRETO SUPREMO,No 078-2024-EF,Decreto Supremo que autoriza una Transferencia de Partidas en el Presupuesto del Sector Publico para el Ano Fiscal 2024 a favor del Ministerio de Desarrollo e Inclusion Social,https://epdoc2.elperuano.pe/EpPo/DescargaINDA.asp?Referencias=NDNZQllCWUJZQjlXVU5ZQlRNTEhZQkxIUzhfX1lYV1ZMSFdWWENMSExI,20240531
20240510,2287279-4,ECONOMIA Y FINANZAS,DECRETO SUPREMO,No 079-2024-EF,Decreto Supremo que autoriza la Transferencia de Partidas en el Presupuesto del Sector Publico para el Ano Fiscal 2024 a favor del Ministerio de Cultura,https://epdoc2.elperuano.pe/EpPo/DescargaINDA.asp?Referencias=NDNZQllCWUJZQjlXVU5ZQlRNTEhZQkxIVE1fX1lYV1ZMSFdWWENMSExI,20240531
20240510,2287279-5,ECONOMIA Y FINANZAS,DECRETO SUPREMO,No 080-2024-EF,Decreto Supremo que autoriza una Transferencia de Partidas en el Presupuesto del Sector Publico para el Ano Fiscal 2024 a favor de la Municipalidad Provincial de Callao,https://epdoc2.elperuano.pe/EpPo/DescargaINDA.asp?Referencias=NDNZQllCWUJZQjlXVU5ZQlRNTEhZQkxIVU5fX1lYV1ZMSFdWWENMSExI,20240531
20240510,2287338-1,EDUCACION,RESOLUCION MINISTERIAL,No 207-2024-MINEDU,Designan Directora de la Direccion de Relaciones Intergubernamentales de la Direccion General de Gestion Descentralizada,https://epdoc2.elperuano.pe/EpPo/DescargaINDA.asp?Referencias=NDNZQllCWUJZQjlXVU5ZQlRNTEhZQkxIOVdfX1hDUzhTOFdWWENMSExI,20240531
20240510,2287399-2,INTERIOR,RESOLUCION SUPREMA,No 085-2024-IN,Dan por concluida designacion de Prefecta Regional de Cajamarca,https://epdoc2.elperuano.pe/EpPo/DescargaINDA.asp?Referencias=NDNZQllCWUJZQjlXVU5ZQlRNTEhZQkxITEhfX1lYWVhTOFdWWENMSExI,20240531
20240510,2287350-1,JUSTICIA Y DERECHOS HUMANOS,RESOLUCION MINISTERIAL,No 0112-2024-JUS,Autorizan viaje de vocal de la Primera Sala del Tribunal de Transparencia y Acceso a la Informacion a Brasil en comision de servicios,https://epdoc2.elperuano.pe/EpPo/DescargaINDA.asp?Referencias=NDNZQllCWUJZQjlXVU5ZQlRNTEhZQkxIOVdfX1lCVU5TOFdWWENMSExI,20240531
20240510,2287293-1,PRODUCE,RESOLUCION MINISTERIAL,No 000190-2024-PRODUCE,Designan Director General de la Direccion General de Supervision Fiscalizacion y Sancion del Despacho Viceministerial de Pesca y Acuicultura,https://epdoc2.elperuano.pe/EpPo/DescargaINDA.asp?Referencias=NDNZQllCWUJZQjlXVU5ZQlRNTEhZQkxIOVdfX1M4WVhMSFdWWENMSExI,20240531
20240510,2287398-3,RELACIONES EXTERIORES,DECRETO SUPREMO,No 015-2024-RE,Decreto Supremo que exonera del requisito de visa temporal a los titulares de pasaporte diplomatico oficial o de servicio de la Republica de Irlanda,https://epdoc2.elperuano.pe/EpPo/DescargaINDA.asp?Referencias=NDNZQllCWUJZQjlXVU5ZQlRNTEhZQkxIUzhfX1hDWVhTOFdWWENMSExI,20240531
20240510,2287398-4,RELACIONES EXTERIORES,DECRETO SUPREMO,No 016-2024-RE,Decreto Supremo que autoriza a la Superintendencia Nacional de Servicios de Saneamiento - SUNASS el pago de una cuota internacional no contemplada en el Anexo B: Cuotas Internacionales para el Ano Fiscal 2024 de la Ley No 31953 Ley de Presupuesto del Sector Publico para el Ano Fiscal 2024,https://epdoc2.elperuano.pe/EpPo/DescargaINDA.asp?Referencias=NDNZQllCWUJZQjlXVU5ZQlRNTEhZQkxIVE1fX1hDWVhTOFdWWENMSExI,20240531
20240510,2286641-1,RELACIONES EXTERIORES,RESOLUCION MINISTERIAL,No 0363-2024-RE,Autorizan viaje de funcionario diplomatico a Ecuador en comision de servicios,https://epdoc2.elperuano.pe/EpPo/DescargaINDA.asp?Referencias=NDNZQllCWUJZQjlXVU5ZQlRNTEhZQkxIOVdfXzlXVE1WQlZCWENMSExI,20240531
20240510,2286730-1,RELACIONES EXTERIORES,RESOLUCION MINISTERIAL,No 0366-2024-RE,Autorizan viaje de funcionaria diplomatica a la Confederacion Suiza en comision de servicios,https://epdoc2.elperuano.pe/EpPo/DescargaINDA.asp?Referencias=NDNZQllCWUJZQjlXVU5ZQlRNTEhZQkxIOVdfX1lCUzhXVlZCWENMSExI,20240531
20240510,2287398-6,RELACIONES EXTERIORES,RESOLUCION SUPREMA,No 088-2024-RE,Nombran al Embajador Extraordinario y Plenipotenciario del Peru en la Republica de Finlandia para que se desempene simultaneamente como Embajador Extraordinario y Plenipotenciario del Peru ante la Republica de Estonia,https://epdoc2.elperuano.pe/EpPo/DescargaINDA.asp?Referencias=NDNZQllCWUJZQjlXVU5ZQlRNTEhZQkxIVkJfX1hDWVhTOFdWWENMSExI,20240531
20240510,2287398-7,RELACIONES EXTERIORES,RESOLUCION SUPREMA,No 089-2024-RE,Dan por terminadas funciones de Embajadora Extraordinaria y Plenipotenciaria del Peru en el Reino de los Paises Bajos y como Representante Permanente del Peru ante la Organizacion para la Prohibicion de las Armas Quimicas (OPAQ) Representante ante la Conferencia de Estados Parte y ante el Consejo Ejecutivo de la Organizacion para la Prohibicion de las Armas Quimicas (OPAQ),https://epdoc2.elperuano.pe/EpPo/DescargaINDA.asp?Referencias=NDNZQllCWUJZQjlXVU5ZQlRNTEhZQkxIV1ZfX1hDWVhTOFdWWENMSExI,20240531
20240510,2287398-1,SALUD,DECRETO SUPREMO,No 009-2024-SA,Decreto Supremo que modifica el Decreto Supremo No 023-2021-SA que aprueba la actualizacion del Plan Esencial de Aseguramiento en Salud - PEAS,https://epdoc2.elperuano.pe/EpPo/DescargaINDA.asp?Referencias=NDNZQllCWUJZQjlXVU5ZQlRNTEhZQkxIOVdfX1hDWVhTOFdWWENMSExI,20240531
20240510,2287398-2,SALUD,DECRETO SUPREMO,No 010-2024-SA,Decreto Supremo que aprueba el Reglamento de la Ley No 31006 Ley que establece la tercera semana de octubre de cada ano como la Semana Nacional de Lucha Contra el Cancer,https://epdoc2.elperuano.pe/EpPo/DescargaINDA.asp?Referencias=NDNZQllCWUJZQjlXVU5ZQlRNTEhZQkxITEhfX1hDWVhTOFdWWENMSExI,20240531
20240510,2287152-1,SALUD,RESOLUCION MINISTERIAL,No 312-2024/MINSA,Aprueban Ficha de Homologacion de Centrifuga no refrigerada digital para 24 tubos o mas con rotor de angulo fijo para tubos de fondo conico de 15 ml,https://epdoc2.elperuano.pe/EpPo/DescargaINDA.asp?Referencias=NDNZQllCWUJZQjlXVU5ZQlRNTEhZQkxIOVdfX0xIVU45V1dWWENMSExI,20240531
20240510,2287155-1,SALUD,RESOLUCION MINISTERIAL,No 313-2024/MINSA,Aprueban la Guia Tecnica para el Tamizaje y Atencion de la Nina o del Nino de 3 a 11 anos y de Adolescentes con Errores de Refraccion,https://epdoc2.elperuano.pe/EpPo/DescargaINDA.asp?Referencias=NDNZQllCWUJZQjlXVU5ZQlRNTEhZQkxIOVdfX1VOVU45V1dWWENMSExI,20240531
20240510,2287161-1,SALUD,RESOLUCION MINISTERIAL,No 314-2024/MINSA,Disponen la publicacion del proyecto de Reglamento de la Ley No 31881 Ley que promueve brindar informacion de los alimentos que no contienen gluten,https://epdoc2.elperuano.pe/EpPo/DescargaINDA.asp?Referencias=NDNZQllCWUJZQjlXVU5ZQlRNTEhZQkxIOVdfXzlXVkI5V1dWWENMSExI,20240531
20240510,2287354-1,SALUD,RESOLUCION MINISTERIAL,No 315-2024/MINSA,Autorizan viaje de profesionales de la Direccion General de Medicamentos Insumos y Drogas a la Republica Popular China en comision de servicios,https://epdoc2.elperuano.pe/EpPo/DescargaINDA.asp?Referencias=NDNZQllCWUJZQjlXVU5ZQlRNTEhZQkxIOVdfX1RNVU5TOFdWWENMSExI,20240531
20240510,2287358-1,SALUD,RESOLUCION MINISTERIAL,No 316-2024/MINSA,Autorizan viaje de profesionales de la Direccion General de Medicamentos Insumos y Drogas a Colombia en comision de servicios,https://epdoc2.elperuano.pe/EpPo/DescargaINDA.asp?Referencias=NDNZQllCWUJZQjlXVU5ZQlRNTEhZQkxIOVdfX1hDVU5TOFdWWENMSExI,20240531
20240510,2287360-1,SALUD,RESOLUCION MINISTERIAL,No 317-2024/MINSA,Aprueban el Documento Tecnico: Plan de Gobierno Digital del Ministerio de Salud UE 001: Administracion Central MINSA 2024-2026,https://epdoc2.elperuano.pe/EpPo/DescargaINDA.asp?Referencias=NDNZQllCWUJZQjlXVU5ZQlRNTEhZQkxIOVdfX1lCVkJTOFdWWENMSExI,20240531
20240510,2287364-1,SALUD,RESOLUCION MINISTERIAL,No 318-2024/MINSA,Autorizan viaje de profesionales de la Direccion General de Medicamentos Insumos y Drogas a Brasil en comision de servicios,https://epdoc2.elperuano.pe/EpPo/DescargaINDA.asp?Referencias=NDNZQllCWUJZQjlXVU5ZQlRNTEhZQkxIOVdfX1RNVkJTOFdWWENMSExI,20240531
20240510,2287398-5,SALUD,RESOLUCION SUPREMA,No 003-2024-SA,Designan miembro del Consejo Directivo del Instituto Nacional de Calidad - INACAL en representacion del Ministerio de Salud,https://epdoc2.elperuano.pe/EpPo/DescargaINDA.asp?Referencias=NDNZQllCWUJZQjlXVU5ZQlRNTEhZQkxIVU5fX1hDWVhTOFdWWENMSExI,20240531
20240510,2287279-7,TRABAJO Y PROMOCION DEL EMPLEO,RESOLUCION SUPREMA,No 012-2024-TR,Designan Viceministra de Trabajo,https://epdoc2.elperuano.pe/EpPo/DescargaINDA.asp?Referencias=NDNZQllCWUJZQjlXVU5ZQlRNTEhZQkxIV1ZfX1lYV1ZMSFdWWENMSExI,20240531
20240510,2286879-1,TRANSPORTES Y COMUNICACIONES,RESOLUCION DIRECTORAL,No 014-2024-MTC/18,Aprueban el Manual para la elaboracion de planes regionales y provinciales en seguridad vial,https://epdoc2.elperuano.pe/EpPo/DescargaINDA.asp?Referencias=NDNZQllCWUJZQjlXVU5ZQlRNTEhZQkxIOVdfX1lYV1ZYQ1ZCWENMSExI,20240531
20240510,2287201-1,TRANSPORTES Y COMUNICACIONES,RESOLUCION DIRECTORAL,No 338-2024-MTC/20,Designan Asesor de Direccion Ejecutiva del Programa denominado Proyecto Especial de Infraestructura de Transporte Nacional - PROViAS NACIONAL,https://epdoc2.elperuano.pe/EpPo/DescargaINDA.asp?Referencias=NDNZQllCWUJZQjlXVU5ZQlRNTEhZQkxIOVdfXzlXWUJMSFdWWENMSExI,20240531
20240510,2286994-1,TRANSPORTES Y COMUNICACIONES,RESOLUCION VICE MINISTERIAL,No 0060-2024-MTC/03,Modifican la Resolucion Viceministerial No 173-2004-MTC/03 que aprueba los Planes de Canalizacion y Asignacion de Frecuencias del Servicio de Radiodifusion por Television en UHF para distintas localidades del departamento de La Libertad,https://epdoc2.elperuano.pe/EpPo/DescargaINDA.asp?Referencias=NDNZQllCWUJZQjlXVU5ZQlRNTEhZQkxIOVdfX1RNWVhZWFZCWENMSExI,20240531
20240510,2287002-1,TRANSPORTES Y COMUNICACIONES,RESOLUCION VICE MINISTERIAL,No 0062-2024-MTC/03,Modifican la Resolucion Viceministerial No 187-2004-MTC/03 que aprueba los Planes de Canalizacion y Asignacion de Frecuencias del Servicio de Radiodifusion por Television en UHF para distintas localidades del departamento de Puno,https://epdoc2.elperuano.pe/EpPo/DescargaINDA.asp?Referencias=NDNZQllCWUJZQjlXVU5ZQlRNTEhZQkxIOVdfX0xIWUJZQldWWENMSExI,20240531
20240510,2287008-1,TRANSPORTES Y COMUNICACIONES,RESOLUCION VICE MINISTERIAL,No 0059-2024-MTC/03,Modifican la Resolucion Viceministerial No 116-2004-MTC/03 que aprueba los Planes de Canalizacion y Asignacion de Frecuencias del Servicio de Radiodifusion Sonora en Frecuencia Modulada (FM) de las localidades del departamento de Piura,https://epdoc2.elperuano.pe/EpPo/DescargaINDA.asp?Referencias=NDNZQllCWUJZQjlXVU5ZQlRNTEhZQkxIOVdfX1hDWUJZQldWWENMSExI,20240531
20240510,2287301-1,COMISION NACIONAL PARA EL DESARROLLO Y VIDA SIN DROGAS,RESOLUCION,No 000087-2024-DV-PE,Autorizan transferencia financiera a favor de la Municipalidad Distrital de Santa Rosa para la ejecucion de actividad en el marco del Programa Presupuestal Prevencion y Tratamiento del Consumo de Drogas,https://epdoc2.elperuano.pe/EpPo/DescargaINDA.asp?Referencias=NDNZQllCWUJZQjlXVU5ZQlRNTEhZQkxIOVdfXzlXWUJTOFdWWENMSExI,20240531
20240510,2287349-1,COMISION NACIONAL PARA EL DESARROLLO Y VIDA SIN DROGAS,RESOLUCION,No 000088-2024-DV-PE,Autorizan transferencia financiera a favor de la Municipalidad Distrital de Chaca para la ejecucion de actividad en el marco del Programa Presupuestal Prevencion y Tratamiento del Consumo de Drogas,https://epdoc2.elperuano.pe/EpPo/DescargaINDA.asp?Referencias=NDNZQllCWUJZQjlXVU5ZQlRNTEhZQkxIOVdfX1lYVE1TOFdWWENMSExI,20240531
20240510,2287347-1,CONSEJO EJECUTIVO DEL PODER JUDICIAL,RESOLUCION ADMINISTRATIVA,No 000151-2024-CE-PJ,Precisan entrada en vigencia de la Unidad Modelo de Flagrancia Tipo I del Distrito Judicial de Lambayeque,https://epdoc2.elperuano.pe/EpPo/DescargaINDA.asp?Referencias=NDNZQllCWUJZQjlXVU5ZQlRNTEhZQkxIOVdfX1dWVE1TOFdWWENMSExI,20240531
20240510,2287351-1,CONSEJO EJECUTIVO DEL PODER JUDICIAL,RESOLUCION ADMINISTRATIVA,No 000153-2024-CE-PJ,Disponen que la Primera Audiencia Publica Descentralizada de la Primera Sala de Derecho Constitucional y Social Transitoria de la Corte Suprema de Justicia de la Republica que se llevara a cabo en el Distrito Judicial de Huaura se realizara el 11 de junio de 2024,https://epdoc2.elperuano.pe/EpPo/DescargaINDA.asp?Referencias=NDNZQllCWUJZQjlXVU5ZQlRNTEhZQkxIOVdfXzlXVU5TOFdWWENMSExI,20240531
20240510,2282937-1,ACADEMIA DE LA MAGISTRATURA,RESOLUCION,No 000002-2024-D-AMAG/CD-P,Designan Funcionario Responsable Alterno o Suplente de brindar la Informacion solicitada a la Academia de la Magistratura en virtud del TUO de la Ley No 27806,https://epdoc2.elperuano.pe/EpPo/DescargaINDA.asp?Referencias=NDNZQllCWUJZQjlXVU5ZQlRNTEhZQkxIOVdfX1dWUzhZWExIWENMSExI,20240531
20240510,2285389-1,BANCO CENTRAL DE RESERVA,RESOLUCION,No 0018-2024-BCRP-N,Autorizan mision en el exterior a Especialista en Estadisticas de Balanza de Pagos de la Gerencia de Informacion y Analisis Economico para participar en evento a realizarse en Mexico,https://epdoc2.elperuano.pe/EpPo/DescargaINDA.asp?Referencias=NDNZQllCWUJZQjlXVU5ZQlRNTEhZQkxIOVdfX1lYWENTOFVOWENMSExI,20240531
20240510,2287336-1,JURADO NACIONAL DE ELECCIONES,RESOLUCION,No 0120-2024-JNE,Aprueban el cronograma electoral para el tramite de solicitudes para la Consulta Popular de Revocatoria 2025 correspondiente al periodo de gobierno regional y municipal 2023-2026,https://epdoc2.elperuano.pe/EpPo/DescargaINDA.asp?Referencias=NDNZQllCWUJZQjlXVU5ZQlRNTEhZQkxIOVdfX1ZCUzhTOFdWWENMSExI,20240531
20240510,2287295-1,MINISTERIO PUBLICO,RESOLUCION,No 1118-2024-MP-FN,Nombran fiscal provincial provisional del Distrito Fiscal de la Selva Central,https://epdoc2.elperuano.pe/EpPo/DescargaINDA.asp?Referencias=NDNZQllCWUJZQjlXVU5ZQlRNTEhZQkxIOVdfX1VOWVhMSFdWWENMSExI,20240531
20240510,2287298-1,MINISTERIO PUBLICO,RESOLUCION,No 1119-2024-MP-FN,Nombran fiscal adjunta superior provisional del Distrito Fiscal de Ayacucho,https://epdoc2.elperuano.pe/EpPo/DescargaINDA.asp?Referencias=NDNZQllCWUJZQjlXVU5ZQlRNTEhZQkxIOVdfX1hDWVhMSFdWWENMSExI,20240531
20240510,2284411-1,SUPERINTENDENCIA DE BANCA  SEGUROS Y ADMINISTRADORAS PRIVADAS DE FONDOS DE PENSIONES,RESOLUCION,SBS No 01585-2024,Autorizan a Protecta S.A. Compania de Seguros la modificacion parcial de su estatuto social,https://epdoc2.elperuano.pe/EpPo/DescargaINDA.asp?Referencias=NDNZQllCWUJZQjlXVU5ZQlRNTEhZQkxIOVdfXzlXOVdUTVRNWENMSExI,20240531
20240510,2287025-1,TRIBUNAL CONSTITUCIONAL,RESOLUCION,No 009-2024-SG/TC,Aprueban Presupuesto Analitico de Personal - PAP correspondiente al ano fiscal 2024 del Tribunal Constitucional,https://epdoc2.elperuano.pe/EpPo/DescargaINDA.asp?Referencias=NDNZQllCWUJZQjlXVU5ZQlRNTEhZQkxIOVdfX1VOTEhZQldWWENMSExI,20240531
20240510,2275791-1,GOBIERNO REGIONAL DE JUNIN,ORDENANZA,No 394-2024-GRJ/CR,Ordenanza Regional que conforma el Grupo Tecnico Regional de Cambio Climatico,https://epdoc2.elperuano.pe/EpPo/DescargaINDA.asp?Referencias=NDNZQllCWUJZQjlXVU5ZQlRNTEhZQkxIOVdfXzlXWVhXVlVOV1ZMSExI,20240531
20240510,2275796-1,GOBIERNO REGIONAL DE JUNIN,ORDENANZA,No 395-2024-GRJ/CR,Ordenanza Regional que aprueba el inicio del Proceso de formulacion del Plan de Desarrollo Regional Concertado - PDRC del Departamento de Junin con un horizonte al 2035,https://epdoc2.elperuano.pe/EpPo/DescargaINDA.asp?Referencias=NDNZQllCWUJZQjlXVU5ZQlRNTEhZQkxIOVdfX1ZCWVhXVlVOV1ZMSExI,20240531
20240510,2275801-1,GOBIERNO REGIONAL DE JUNIN,ORDENANZA,No 396-2024-GRJ/CR,Ordenanza Regional que aprueba la creacion y conformacion de la Comision Multisectorial Permanente para la Gobernanza Turistica de la Region Junin (CMPGT-RJ),https://epdoc2.elperuano.pe/EpPo/DescargaINDA.asp?Referencias=NDNZQllCWUJZQjlXVU5ZQlRNTEhZQkxIOVdfXzlXWUJYQ1VOV1ZMSExI,20240531
20240510,2287156-1,GOBIERNO REGIONAL DE LA LIBERTAD,ORDENANZA,No 000003-2024-GRLL-CR,Declaran de interes regional la creacion del Parque Paleolitico Paijan / Cupisnique en la region La Libertad,https://epdoc2.elperuano.pe/EpPo/DescargaINDA.asp?Referencias=NDNZQllCWUJZQjlXVU5ZQlRNTEhZQkxIOVdfX1ZCVU45V1dWWENMSExI,20240531
20240510,2287163-1,GOBIERNO REGIONAL DE LA LIBERTAD,ORDENANZA,No 000002-2024-GRLL-CR,Aprueban Institucionalizar el Himno a la region La Libertad,https://epdoc2.elperuano.pe/EpPo/DescargaINDA.asp?Referencias=NDNZQllCWUJZQjlXVU5ZQlRNTEhZQkxIOVdfX1M4VkI5V1dWWENMSExI,20240531
20240510,2265870-1,GOBIERNO REGIONAL DE MOQUEGUA,ACUERDO,No 047-2024-CR/GRM,Aprueban la modificacion del presupuesto institucional del Pliego Gobierno Regional de Moquegua correspondiente a la fuente de financiamiento de Recursos Determinados,https://epdoc2.elperuano.pe/EpPo/DescargaINDA.asp?Referencias=NDNZQllCWUJZQjlXVU5ZQlRNTEhZQkxIOVdfX1lCV1ZYQ1VOVkJMSExI,20240531
20240510,2265869-1,GOBIERNO REGIONAL DE MOQUEGUA,RESOLUCION,No 066-2024-GR/MOQ,Aprueban Reduccion en el Presupuesto Institucional del Gobierno Regional de Moquegua correspondiente a la fuente de financiamiento de Recursos Determinados,https://epdoc2.elperuano.pe/EpPo/DescargaINDA.asp?Referencias=NDNZQllCWUJZQjlXVU5ZQlRNTEhZQkxIOVdfX1lYVkJYQ1VOVkJMSExI,20240531
20240510,2286720-1,GOBIERNO REGIONAL DE TACNA,ACUERDO,No 034-2024-CR/GOB.REG.TACNA,Ratifican remuneracion mensual del Gobernador Regional de Tacna,https://epdoc2.elperuano.pe/EpPo/DescargaINDA.asp?Referencias=NDNZQllCWUJZQjlXVU5ZQlRNTEhZQkxIOVdfX1lCTEhXVlZCWENMSExI,20240531
20240510,2286726-1,GOBIERNO REGIONAL DE TACNA,ACUERDO,No 035-2024-CR/GOB.REG.TACNA,Ratifican dieta mensual de los Consejeros Regionales del Consejo Regional de Tacna,https://epdoc2.elperuano.pe/EpPo/DescargaINDA.asp?Referencias=NDNZQllCWUJZQjlXVU5ZQlRNTEhZQkxIOVdfX1ZCTEhXVlZCWENMSExI,20240531
20240510,2286729-1,GOBIERNO REGIONAL DE TACNA,ACUERDO,No 036-2024-CR/GOB.REG.TACNA,Fijan remuneracion mensual de la Vicegobernadora Regional del Gobierno Regional de Tacna,https://epdoc2.elperuano.pe/EpPo/DescargaINDA.asp?Referencias=NDNZQllCWUJZQjlXVU5ZQlRNTEhZQkxIOVdfX1lYTEhXVlZCWENMSExI,20240531
20240510,2286816-1,MUNICIPALIDAD DE CIENEGUILLA,DECRETO DE ALCALDIA,No 008-2024-MDC,Convocan a participar en la Primera Audiencia Publica de Rendicion de Cuentas del Ano Fiscal 2024 de la Municipalidad Distrital de Cieneguilla,https://epdoc2.elperuano.pe/EpPo/DescargaINDA.asp?Referencias=NDNZQllCWUJZQjlXVU5ZQlRNTEhZQkxIOVdfX1ZCOVdYQ1ZCWENMSExI,20240531
20240510,2286666-1,MUNICIPALIDAD DE LURIN,ACUERDO,No 038-2024/MDL,Aprueban propuesta de iniciativa legislativa denominada Ley que declara de interes y necesidad publica la ampliacion de la infraestructura y funcionamiento de la Linea 1 del Metro de Lima hasta el distrito de Lurin,https://epdoc2.elperuano.pe/EpPo/DescargaINDA.asp?Referencias=NDNZQllCWUJZQjlXVU5ZQlRNTEhZQkxIOVdfX1ZCVkJWQlZCWENMSExI,20240531
20240510,2287226-1,MUNICIPALIDAD DE SAN BORJA,DECRETO DE ALCALDIA,No 006-2024-MSB-A,Convocan a la Primera Audiencia Publica de Rendicion de Cuentas de la Municipalidad de San Borja ejercicio 2024,https://epdoc2.elperuano.pe/EpPo/DescargaINDA.asp?Referencias=NDNZQllCWUJZQjlXVU5ZQlRNTEhZQkxIOVdfX1ZCTEhMSFdWWENMSExI,20240531
20240510,2286653-1,MUNICIPALIDAD DE SAN ISIDRO,ORDENANZA,No 595-MSI,Ordenanza que aprueba el Cuadro para Asignacion de Personal Provisional - CAP Provisional de la Municipalidad de San Isidro,https://epdoc2.elperuano.pe/EpPo/DescargaINDA.asp?Referencias=NDNZQllCWUJZQjlXVU5ZQlRNTEhZQkxIOVdfX1M4VU5WQlZCWENMSExI,20240531
20240510,2286807-1,MUNICIPALIDAD DE SAN ISIDRO,ORDENANZA,No 596-MSI,Ordenanza que aprueba el Plan de Accion Distrital de Seguridad Ciudadana de San Isidro 2024 - 2027,https://epdoc2.elperuano.pe/EpPo/DescargaINDA.asp?Referencias=NDNZQllCWUJZQjlXVU5ZQlRNTEhZQkxIOVdfX1dWWUJYQ1ZCWENMSExI,20240531
20240510,2287725-1,MUNICIPALIDAD DE SAN JUAN DE LURIGANCHO,Decretos de Alcaldia,No 010-2024-MDSJL,Aclaran que desde el 1 de mayo de 2024 son eficaces las disposiciones de los Decretos de Alcaldia Nos. 006-2024-MDSJL y 007-2024-MDSJL,https://epdoc2.elperuano.pe/EpPo/DescargaINDA.asp?Referencias=NDNZQllCWUJZQjlXVU5ZQlRNTEhZQkxIOVdfX1VOTEhXVldWWENMSExI,20240531
20240510,2287729-1,MUNICIPALIDAD DE SAN JUAN DE LURIGANCHO,Ordenanzas,No 473-MDSJL,Ordenanza que modifica el Reglamento de Organizacion y Funciones de la Municipalidad Distrital de San Juan de Lurigancho aprobado por Ordenanza No 459-MDSJL,https://epdoc2.elperuano.pe/EpPo/DescargaINDA.asp?Referencias=NDNZQllCWUJZQjlXVU5ZQlRNTEhZQkxIOVdfX1lYTEhXVldWWENMSExI,20240531
20240510,2287732-1,MUNICIPALIDAD DE SAN JUAN DE LURIGANCHO,Ordenanzas,No 474-MDSJL,Ordenanza que modifica el Reglamento de Organizacion y Funciones de la Municipalidad Distrital de San Juan de Lurigancho aprobado por Ordenanza No 459-MDSJL,https://epdoc2.elperuano.pe/EpPo/DescargaINDA.asp?Referencias=NDNZQllCWUJZQjlXVU5ZQlRNTEhZQkxIOVdfX0xIUzhXVldWWENMSExI,20240531
20240510,2287737-1,MUNICIPALIDAD DE SAN JUAN DE LURIGANCHO,Ordenanzas,No 475-MDSJL,Ordenanza que regula la administracion y funcionamiento del mercado municipal del distrito de San Juan de Lurigancho,https://epdoc2.elperuano.pe/EpPo/DescargaINDA.asp?Referencias=NDNZQllCWUJZQjlXVU5ZQlRNTEhZQkxIOVdfX1dWUzhXVldWWENMSExI,20240531
20240510,2287095-1,MUNICIPALIDAD DE SANTIAGO DE SURCO,DECRETO DE ALCALDIA,No 011-024-MSS,Establecen disposiciones para la realizacion del Matrimonio Civil Comunitario 2024,https://epdoc2.elperuano.pe/EpPo/DescargaINDA.asp?Referencias=NDNZQllCWUJZQjlXVU5ZQlRNTEhZQkxIOVdfX1VOWVhZQldWWENMSExI,20240531
20240510,2284853-1,MUNICIPALIDAD PROVINCIAL DE ICA,RESOLUCION DE ALCALDIA,No 246-2024-AMPI,Designan miembros del Comite de Promocion de la Inversion Privada de la Municipalidad Provincial de Ica,https://epdoc2.elperuano.pe/EpPo/DescargaINDA.asp?Referencias=NDNZQllCWUJZQjlXVU5ZQlRNTEhZQkxIOVdfX1M4VU5YQ1RNWENMSExI,20240531
20240509,2287018-1,CONGRESO DE LA REPUBLICA,LEY,No 32016,Ley que modifica la Ley 29344 Ley Marco de Aseguramiento Universal en Salud para incorporar al Seguro Integral de Salud (SIS) a los peruanos residentes en el exterior,https://epdoc2.elperuano.pe/EpPo/DescargaINDA.asp?Referencias=NDNZWFlYWVhZWFlCVU5ZQlRNTEhZQkxIOVdfX1hDOVdZQldWWENMSExI,20240531
20240509,2287016-1,PRESIDENCIA DEL CONSEJO DE MINISTROS,RESOLUCION MINISTERIAL,No 136-2024-PCM,Designan Subsecretaria I de la Subsecretaria de Politica y Regulacion Digital de la Secretaria de Gobierno y Transformacion Digital,https://epdoc2.elperuano.pe/EpPo/DescargaINDA.asp?Referencias=NDNZWFlYWVhZWFlCVU5ZQlRNTEhZQkxIOVdfX1ZCOVdZQldWWENMSExI,20240531
20240509,2287020-1,PRESIDENCIA DEL CONSEJO DE MINISTROS,RESOLUCION SUPREMA,No 121-2024-PCM,Autorizan viaje del Presidente del Consejo de Ministros a Costa Rica y encargan su Despacho al Ministro de Defensa,https://epdoc2.elperuano.pe/EpPo/DescargaINDA.asp?Referencias=NDNZWFlYWVhZWFlCVU5ZQlRNTEhZQkxIOVdfX1lCTEhZQldWWENMSExI,20240531
20240509,2287021-1,PRESIDENCIA DEL CONSEJO DE MINISTROS,RESOLUCION SUPREMA,No 122-2024-PCM,Aceptan renuncia de Asesor Tecnico del Gabinete Tecnico de la Presidencia de la Republica,https://epdoc2.elperuano.pe/EpPo/DescargaINDA.asp?Referencias=NDNZWFlYWVhZWFlCVU5ZQlRNTEhZQkxIOVdfXzlXTEhZQldWWENMSExI,20240531
20240509,2287324-1,PRESIDENCIA DEL CONSEJO DE MINISTROS,RESOLUCION SUPREMA,No 123-2024-PCM,Autorizan viaje del Ministro de Justicia y Derechos Humanos a Costa Rica y encargan su Despacho al Ministro de Trabajo y Promocion del Empleo,https://epdoc2.elperuano.pe/EpPo/DescargaINDA.asp?Referencias=NDNZWFlYWVhZWFlCVU5ZQlRNTEhZQkxIOVdfX1RNTEhTOFdWWENMSExI,20240531
20240509,2286941-1,AMBIENTE,RESOLUCION MINISTERIAL,No 151-2024-MINAM,Resuelven publicar los objetivos actividades responsables y plazos relacionados al Plan Multisectorial de la Zona Marino Costera para la implementacion de medidas interinstitucionales para la atencion de la problematica generada asi como el seguimiento de las acciones de rehabilitacion y recuperacion ambiental de la zona marino costera afectada por el derrame de hidrocarburos,https://epdoc2.elperuano.pe/EpPo/DescargaINDA.asp?Referencias=NDNZWFlYWVhZWFlCVU5ZQlRNTEhZQkxIOVdfXzlXVE1ZWFZCWENMSExI,20240531
20240509,2286861-1,COMERCIO EXTERIOR Y TURISMO,RESOLUCION JEFATURAL,No 066-2024-CENFOTUR/J,Designan Gerente General del CENFOTUR,https://epdoc2.elperuano.pe/EpPo/DescargaINDA.asp?Referencias=NDNZWFlYWVhZWFlCVU5ZQlRNTEhZQkxIOVdfXzlXVkJYQ1ZCWENMSExI,20240531
20240509,2286858-1,COMERCIO EXTERIOR Y TURISMO,RESOLUCION MINISTERIAL,No 132-2024-MINCETUR,Aprueban a la empresa JM REAL STATE INVESTMENT S.A.C. para acogerse al Regimen Especial de Recuperacion Anticipada del Impuesto General a las Ventas por el desarrollo del proyecto denominado Tierra Viva Miraflores Balboa,https://epdoc2.elperuano.pe/EpPo/DescargaINDA.asp?Referencias=NDNZWFlYWVhZWFlCVU5ZQlRNTEhZQkxIOVdfX1hDVU5YQ1ZCWENMSExI,20240531
20240509,2285107-1,CULTURA,RESOLUCION VICE MINISTERIAL,No 000089-2024-VMPCIC/MC,Declaran Patrimonio Cultural de la Nacion a cuatro bienes culturales muebles pertenecientes al Ministerio de Cultura,https://epdoc2.elperuano.pe/EpPo/DescargaINDA.asp?Referencias=NDNZWFlYWVhZWFlCVU5ZQlRNTEhZQkxIOVdfX1dWWUI5V1VOWENMSExI,20240531
20240509,2285112-1,CULTURA,RESOLUCION VICE MINISTERIAL,No 000103-2024-VMPCIC/MC,Declaran Patrimonio Cultural de la Nacion a ciento cincuenta bienes culturales muebles propiedad del Ministerio de Cultura,https://epdoc2.elperuano.pe/EpPo/DescargaINDA.asp?Referencias=NDNZWFlYWVhZWFlCVU5ZQlRNTEhZQkxIOVdfX0xIOVc5V1VOWENMSExI,20240531
20240509,2286298-1,DEFENSA,RESOLUCION MINISTERIAL,No 00431-2024-DE,Autorizan viaje de oficiales de la Marina de Guerra del Peru a Ecuador en comision de servicios,https://epdoc2.elperuano.pe/EpPo/DescargaINDA.asp?Referencias=NDNZWFlYWVhZWFlCVU5ZQlRNTEhZQkxIOVdfX1hDWVhMSFZCWENMSExI,20240531
20240509,2286863-1,DEFENSA,RESOLUCION MINISTERIAL,No 00437-2024-DE,Autorizan viaje de oficiales de la Marina de Guerra del Peru a Tanzania en comision de servicios,https://epdoc2.elperuano.pe/EpPo/DescargaINDA.asp?Referencias=NDNZWFlYWVhZWFlCVU5ZQlRNTEhZQkxIOVdfX1M4VkJYQ1ZCWENMSExI,20240531
20240509,2287368-1,DESARROLLO AGRARIO Y RIEGO,RESOLUCION DIRECTORAL,No D000018-2024-MIDAGRI-SENASA-DSV,Autorizan el ingreso al pais de veinticinco mil (25000) plantas de arandano (Vaccinium corymbosum) de origen y procedencia de la Republica de Chile a traves del Complejo Fronterizo Santa Rosa ubicado en el departamento de Tacna,https://epdoc2.elperuano.pe/EpPo/DescargaINDA.asp?Referencias=NDNZWFlYWVhZWFlCVU5ZQlRNTEhZQkxIOVdfX1hDVkJTOFdWWENMSExI,20240531
20240509,2286788-1,DESARROLLO AGRARIO Y RIEGO,RESOLUCION MINISTERIAL,No 0159-2024-MIDAGRI,Designan Director Ejecutivo del Proyecto Especial Binacional Lago Titicaca - PEBLT,https://epdoc2.elperuano.pe/EpPo/DescargaINDA.asp?Referencias=NDNZWFlYWVhZWFlCVU5ZQlRNTEhZQkxIOVdfX1hDWENXVlZCWENMSExI,20240531
20240509,2286823-1,DESARROLLO AGRARIO Y RIEGO,RESOLUCION MINISTERIAL,No 0164-2024-MIDAGRI,Designan Directora General de la Direccion General de Saneamiento de la Propiedad Agraria y Catastro Rural,https://epdoc2.elperuano.pe/EpPo/DescargaINDA.asp?Referencias=NDNZWFlYWVhZWFlCVU5ZQlRNTEhZQkxIOVdfX1M4TEhYQ1ZCWENMSExI,20240531
20240509,2285456-1,ENERGIA Y MINAS,RESOLUCION MINISTERIAL,No 184-2024-MINEM/DM,Aprueban modificacion de concesion definitiva para desarrollar la actividad de transmision de energia electrica en la Linea de Transmision en 220 kV S.E. Sunny - S.E. San Jose otorgada a Kallpa Generacion S.A.,https://epdoc2.elperuano.pe/EpPo/DescargaINDA.asp?Referencias=NDNZWFlYWVhZWFlCVU5ZQlRNTEhZQkxIOVdfX1ZCVU5UTVVOWENMSExI,20240531
20240509,2286587-1,INTERIOR,RESOLUCION MINISTERIAL,No 0606-2024-IN,Designan representante del Ministerio del Interior ante el Consejo Directivo del Programa Nacional de Bienes Incautados - PRONABI,https://epdoc2.elperuano.pe/EpPo/DescargaINDA.asp?Referencias=NDNZWFlYWVhZWFlCVU5ZQlRNTEhZQkxIOVdfX1dWWENVTlZCWENMSExI,20240531
20240509,2286716-1,MUJER Y POBLACIONES VULNERABLES,RESOLUCION MINISTERIAL,No 176-2024-MIMP,Derogan la R.M. No 726-2002-MIMDES y modifican la Directiva No 008-2017-MIMP Criterios y Procedimientos Tecnicos y Operativos para la Evaluacion de Ninos Ninas y Adolescentes Declaracion de Aptitud de Solicitantes y Adopciones Prioritarias aprobada por R.M. No 185-2017-MIMP,https://epdoc2.elperuano.pe/EpPo/DescargaINDA.asp?Referencias=NDNZWFlYWVhZWFlCVU5ZQlRNTEhZQkxIOVdfX1ZCOVdXVlZCWENMSExI,20240531
20240509,2286955-1,MUJER Y POBLACIONES VULNERABLES,RESOLUCION MINISTERIAL,No 177-2024-MIMP,Autorizan distribucion de recursos financieros a favor de la Sociedad de Beneficencia de Sullana,https://epdoc2.elperuano.pe/EpPo/DescargaINDA.asp?Referencias=NDNZWFlYWVhZWFlCVU5ZQlRNTEhZQkxIOVdfX1VOVU5ZWFZCWENMSExI,20240531
20240509,2286996-1,PRODUCE,RESOLUCION MINISTERIAL,No 000187-2024-PRODUCE,Autorizan la actividad extractiva del recurso concha de abanico Argopecten purpuratus para abastecer a las concesiones acuicolas y dictan diversas disposiciones,https://epdoc2.elperuano.pe/EpPo/DescargaINDA.asp?Referencias=NDNZWFlYWVhZWFlCVU5ZQlRNTEhZQkxIOVdfX1ZCWVhZWFZCWENMSExI,20240531
20240509,2287000-1,PRODUCE,RESOLUCION MINISTERIAL,No 000188-2024-PRODUCE,Autorizan Transferencia Financiera a favor del Nucleo Ejecutor de Compras para el Sector Productivo de Cuero y Calzado,https://epdoc2.elperuano.pe/EpPo/DescargaINDA.asp?Referencias=NDNZWFlYWVhZWFlCVU5ZQlRNTEhZQkxIOVdfX1lCWUJZQldWWENMSExI,20240531
20240509,2286642-1,RELACIONES EXTERIORES,RESOLUCION MINISTERIAL,No 0365-2024-RE,Designan Agregado a la Embajada del Peru en la Republica de Costa Rica,https://epdoc2.elperuano.pe/EpPo/DescargaINDA.asp?Referencias=NDNZWFlYWVhZWFlCVU5ZQlRNTEhZQkxIOVdfX0xIVE1WQlZCWENMSExI,20240531
20240509,2286959-1,TRANSPORTES Y COMUNICACIONES,RESOLUCION DIRECTORAL,No 336-2024-MTC/20,Designan Subdirector de la Subdireccion de Conservacion de la Direccion de Gestion Vial del Proyecto Especial de Infraestructura de Transporte Nacional - PROViAS NACIONAL,https://epdoc2.elperuano.pe/EpPo/DescargaINDA.asp?Referencias=NDNZWFlYWVhZWFlCVU5ZQlRNTEhZQkxIOVdfX1lYVU5ZWFZCWENMSExI,20240531
20240509,2286971-1,TRANSPORTES Y COMUNICACIONES,RESOLUCION DIRECTORAL,No 337-2024-MTC/20,Designan Director de la Direccion de Gestion Vial del Proyecto Especial de Infraestructura de Transporte Nacional - PROViAS NACIONAL,https://epdoc2.elperuano.pe/EpPo/DescargaINDA.asp?Referencias=NDNZWFlYWVhZWFlCVU5ZQlRNTEhZQkxIOVdfXzlXV1ZZWFZCWENMSExI,20240531
20240509,2286980-1,TRANSPORTES Y COMUNICACIONES,RESOLUCION DIRECTORAL,No 339-2024-MTC/20,Designan Jefe de la Unidad Zonal XVII - Puno del Programa denominado Proyecto Especial de Infraestructura de Transporte Nacional - PROViAS NACIONAL,https://epdoc2.elperuano.pe/EpPo/DescargaINDA.asp?Referencias=NDNZWFlYWVhZWFlCVU5ZQlRNTEhZQkxIOVdfX1lCWENZWFZCWENMSExI,20240531
20240509,2286485-1,TRANSPORTES Y COMUNICACIONES,RESOLUCION MINISTERIAL,No 223-2024-MTC/01.03,Otorgan a la empresa GRUPO CUMBASINO Y SERVICIOS E.I.R.L. Concesion unica para la prestacion de servicios publicos de telecomunicaciones en area que comprende todo el territorio de la Republica,https://epdoc2.elperuano.pe/EpPo/DescargaINDA.asp?Referencias=NDNZWFlYWVhZWFlCVU5ZQlRNTEhZQkxIOVdfX1VOWENUTVZCWENMSExI,20240531
20240509,2286493-1,TRANSPORTES Y COMUNICACIONES,RESOLUCION MINISTERIAL,No 224-2024-MTC/01.03,Dejan sin efecto la R.M. No 1579-2023-MTC/01.03 que aprueba ejecucion de expropiacion de area afectada de inmueble para la ejecucion del proyecto: Red Dorsal Nacional de Fibra optica: Cobertura Universal Norte Cobertura Universal Sur y Cobertura Universal Centro y dictan otras disposiciones,https://epdoc2.elperuano.pe/EpPo/DescargaINDA.asp?Referencias=NDNZWFlYWVhZWFlCVU5ZQlRNTEhZQkxIOVdfX1M4WVhUTVZCWENMSExI,20240531
20240509,2286780-1,TRANSPORTES Y COMUNICACIONES,RESOLUCION MINISTERIAL,No 133-2024-MTC/01,Aprueban el Plan Anual de Transferencia de Competencias Sectoriales a los Gobiernos Regionales y Locales del Ano 2024 - Sectores Transportes y Comunicaciones del Ministerio de Transportes y Comunicaciones,https://epdoc2.elperuano.pe/EpPo/DescargaINDA.asp?Referencias=NDNZWFlYWVhZWFlCVU5ZQlRNTEhZQkxIOVdfX1lCWENXVlZCWENMSExI,20240531
20240509,2286814-1,TRANSPORTES Y COMUNICACIONES,RESOLUCION MINISTERIAL,No 230-2024-MTC/01.02,Modifican el Articulo 3 de la R.M. No 0036- 2020-MTC/01.02 que establece consideraciones para la no aplicacion del Informe Tecnico Sustentatorio,https://epdoc2.elperuano.pe/EpPo/DescargaINDA.asp?Referencias=NDNZWFlYWVhZWFlCVU5ZQlRNTEhZQkxIOVdfX1RNOVdYQ1ZCWENMSExI,20240531
20240509,2286497-1,TRANSPORTES Y COMUNICACIONES,RESOLUCION VICE MINISTERIAL,No 0058-2024-MTC/03,Modifican la R.VM. No 205-2004-MTC/03 que aprueba los Planes de Canalizacion y Asignacion de Frecuencias del Servicio de Radiodifusion por Television en UHF para distintas localidades del departamento de Amazonas,https://epdoc2.elperuano.pe/EpPo/DescargaINDA.asp?Referencias=NDNZWFlYWVhZWFlCVU5ZQlRNTEhZQkxIOVdfX1dWWVhUTVZCWENMSExI,20240531
20240509,2286775-1,VIVIENDA  CONSTRUCCIoN Y SANEAMIENTO,RESOLUCION DIRECTORAL,No 106-2024/VIVIENDA/VMCS/PNSR,Designan Jefe de Unidad de la Unidad de Asesoria Legal del Programa Nacional de Saneamiento Rural,https://epdoc2.elperuano.pe/EpPo/DescargaINDA.asp?Referencias=NDNZWFlYWVhZWFlCVU5ZQlRNTEhZQkxIOVdfX1VOV1ZXVlZCWENMSExI,20240531
20240509,2286818-1,COMISION NACIONAL PARA EL DESARROLLO Y VIDA SIN DROGAS,RESOLUCION,No 000082-2024-DV-PE,Autorizan transferencia financiera a favor de la Municipalidad Provincial de Tacna para la ejecucion de actividad en el marco del Programa Presupuestal Prevencion y Tratamiento del Consumo de Drogas,https://epdoc2.elperuano.pe/EpPo/DescargaINDA.asp?Referencias=NDNZWFlYWVhZWFlCVU5ZQlRNTEhZQkxIOVdfX1hDOVdYQ1ZCWENMSExI,20240531
20240509,2286827-1,COMISION NACIONAL PARA EL DESARROLLO Y VIDA SIN DROGAS,RESOLUCION,No 000084-2024-DV-PE,Autoriza transferencia financiera a favor de la Municipalidad Provincial de Huamanga para la ejecucion de actividad en el marco del Programa Presupuestal Prevencion y Tratamiento del Consumo de Drogas,https://epdoc2.elperuano.pe/EpPo/DescargaINDA.asp?Referencias=NDNZWFlYWVhZWFlCVU5ZQlRNTEhZQkxIOVdfX1dWTEhYQ1ZCWENMSExI,20240531
20240509,2286845-1,COMISION NACIONAL PARA EL DESARROLLO Y VIDA SIN DROGAS,RESOLUCION,No 000085-2024-DV-PE,Autorizan transferencia financiera a favor de la Municipalidad Distrital de San Juan Bautista para la ejecucion de actividad en el marco del Programa Presupuestal Prevencion y Tratamiento del Consumo de Drogas,https://epdoc2.elperuano.pe/EpPo/DescargaINDA.asp?Referencias=NDNZWFlYWVhZWFlCVU5ZQlRNTEhZQkxIOVdfX1VOVE1YQ1ZCWENMSExI,20240531
20240509,2287017-1,DESPACHO PRESIDENCIAL,RESOLUCION,No 000021-2024-DP/SG,Designan Secretario de Comunicacion Estrategica y Prensa de la Secretaria de Comunicacion Estrategica y Prensa del Despacho Presidencial,https://epdoc2.elperuano.pe/EpPo/DescargaINDA.asp?Referencias=NDNZWFlYWVhZWFlCVU5ZQlRNTEhZQkxIOVdfX1dWOVdZQldWWENMSExI,20240531
20240509,2286747-1,INSTITUTO PERUANO DEL DEPORTE,RESOLUCION,No 038-2024-IPD/P,Designan presidente del Consejo Regional del Deporte de San Martin,https://epdoc2.elperuano.pe/EpPo/DescargaINDA.asp?Referencias=NDNZWFlYWVhZWFlCVU5ZQlRNTEhZQkxIOVdfX1dWVE1XVlZCWENMSExI,20240531
20240509,2287009-1,SEGURO INTEGRAL DE SALUD,RESOLUCION JEFATURAL,No 000059-2024-SIS/J,Aprueban Transferencia Financiera de la Unidad Ejecutora 002 - 1423 Fondo Intangible Solidario de Salud - FISSAL favor de unidades ejecutoras para el financiamiento de prestaciones de salud,https://epdoc2.elperuano.pe/EpPo/DescargaINDA.asp?Referencias=NDNZWFlYWVhZWFlCVU5ZQlRNTEhZQkxIOVdfX1lYWUJZQldWWENMSExI,20240531
20240509,2286809-1,AUTORIDAD DE TRANSPORTE URBANO PARA LIMA Y CALLAO,RESOLUCION,No 103-2024-ATU/PE,Autorizan transferencia financiera de la ATU a favor de las municipalidades distritales de la provincia de Lima con las cuales se celebraron convenios de cooperacion interinstitucional para la fiscalizacion del servicio publico de transporte terrestre de personas,https://epdoc2.elperuano.pe/EpPo/DescargaINDA.asp?Referencias=NDNZWFlYWVhZWFlCVU5ZQlRNTEhZQkxIOVdfX1lYWUJYQ1ZCWENMSExI,20240531
20240509,2286853-1,COMISIoN DE PROMOCIoN DEL PERu PARA LA EXPORTACIoN Y EL TURISMO,RESOLUCION,No 000069-2024-PROMPERU/PE,Designan Gerente General de la Comision de Promocion del Peru para la Exportacion y el Turismo - PROMPERu,https://epdoc2.elperuano.pe/EpPo/DescargaINDA.asp?Referencias=NDNZWFlYWVhZWFlCVU5ZQlRNTEhZQkxIOVdfX1M4VU5YQ1ZCWENMSExI,20240531
20240509,2286973-1,CONSEJO EJECUTIVO DEL PODER JUDICIAL,RESOLUCION ADMINISTRATIVA,No 000146-2024-CE-PJ,Implementan el Modulo Corporativo Civil de Litigacion Oral en la Corte Superior de Justicia de la Selva Central,https://epdoc2.elperuano.pe/EpPo/DescargaINDA.asp?Referencias=NDNZWFlYWVhZWFlCVU5ZQlRNTEhZQkxIOVdfX1M4V1ZZWFZCWENMSExI,20240531
20240509,2286976-1,CONSEJO EJECUTIVO DEL PODER JUDICIAL,RESOLUCION ADMINISTRATIVA,No 000147-2024-CE-PJ,Designan al Centro de Investigaciones Judiciales como Secretaria Permanente de los Congresos Nacionales de Jueces del Poder Judicial,https://epdoc2.elperuano.pe/EpPo/DescargaINDA.asp?Referencias=NDNZWFlYWVhZWFlCVU5ZQlRNTEhZQkxIOVdfX1ZCV1ZZWFZCWENMSExI,20240531
20240509,2286981-1,CONSEJO EJECUTIVO DEL PODER JUDICIAL,RESOLUCION ADMINISTRATIVA,No 000149-2024-CE-PJ,Aprueban el Plan de Implementacion del Modelo de Despacho Judicial Corporativo en los Juzgados de Trabajo que tramitan la subespecialidad del Proceso Contencioso Administrativo Laboral y Previsional en la Corte Superior de Justicia de Cajamarca correspondiente al ano 2024,https://epdoc2.elperuano.pe/EpPo/DescargaINDA.asp?Referencias=NDNZWFlYWVhZWFlCVU5ZQlRNTEhZQkxIOVdfXzlXWENZWFZCWENMSExI,20240531
20240509,2286983-1,CONSEJO EJECUTIVO DEL PODER JUDICIAL,RESOLUCION ADMINISTRATIVA,No 000150-2024-CE-PJ,Modifican las fechas de realizacion del XIII Festival Nacional de Danzas Folkloricas del Poder Judicial 2024 y de los XX Juegos Nacionales Judiciales Version 2024,https://epdoc2.elperuano.pe/EpPo/DescargaINDA.asp?Referencias=NDNZWFlYWVhZWFlCVU5ZQlRNTEhZQkxIOVdfX1M4WENZWFZCWENMSExI,20240531
20240509,2286499-1,CORTES SUPERIORES DE JUSTICIA,RESOLUCION ADMINISTRATIVA,No 000535-2023-P-CSJPPV-PJ,Declaran que el Distrito Judicial de Puente Piedra-Ventanilla cuenta con un Sistema Nacional Especializado de Justicia para la proteccion y sancion de la violencia contra las mujeres e integrantes del grupo familiar y esta vigente la Ley No 30364,https://epdoc2.elperuano.pe/EpPo/DescargaINDA.asp?Referencias=NDNZWFlYWVhZWFlCVU5ZQlRNTEhZQkxIOVdfX1lYWVhUTVZCWENMSExI,20240531
20240509,2286505-1,CORTES SUPERIORES DE JUSTICIA,RESOLUCION ADMINISTRATIVA,No 000537-2023-P-CSJPPV-PJ,Restringen competencias notariales de juzgados de paz urbano del Distrito de Puente Piedra,https://epdoc2.elperuano.pe/EpPo/DescargaINDA.asp?Referencias=NDNZWFlYWVhZWFlCVU5ZQlRNTEhZQkxIOVdfX1VOWUJVTlZCWENMSExI,20240531
20240509,2286522-1,CORTES SUPERIORES DE JUSTICIA,RESOLUCION ADMINISTRATIVA,No 000360-2024-P-CSJPPV-PJ,Incorporan la funcion de integridad institucional en la Corte Superior de Justicia de Puente Piedra - Ventanilla con la denominacion Unidad Funcional de Integridad al interior de la Presidencia de este Distrito Judicial para el ano judicial 2024,https://epdoc2.elperuano.pe/EpPo/DescargaINDA.asp?Referencias=NDNZWFlYWVhZWFlCVU5ZQlRNTEhZQkxIOVdfX0xITEhVTlZCWENMSExI,20240531
20240509,2286616-1,CORTES SUPERIORES DE JUSTICIA,RESOLUCION ADMINISTRATIVA,No 000368-2024-P-CSJPPV-PJ,Oficializan Acuerdo que aprobo la propuesta de conformacion de la Unidad Descentralizada de Calificacion e Investigacion Preliminar Unidad Descentralizada de Procedimiento Administrativo Disciplinario Unidad Descentralizada de Sancion y Apelacion y Unidad Descentralizada de Prevencion Supervision e Inspeccion asi como los magistrados y magistradas contralores para el ano 2024 de la Jefatura de la Autoridad Nacional de Control del Poder Judicial del Distrito Judicial de Puente Piedra - Ventanilla,https://epdoc2.elperuano.pe/EpPo/DescargaINDA.asp?Referencias=NDNZWFlYWVhZWFlCVU5ZQlRNTEhZQkxIOVdfX1ZCOVdWQlZCWENMSExI,20240531
20240509,2276643-1,INSTITUCIONES EDUCATIVAS,RESOLUCION,No 172-2024-UNAM/CO,Autorizan viaje de docente investigador de la Universidad Nacional de Moquegua a Francia en comision de servicios,https://epdoc2.elperuano.pe/EpPo/DescargaINDA.asp?Referencias=NDNZWFlYWVhZWFlCVU5ZQlRNTEhZQkxIOVdfX1M4VE1WQlZCV1ZMSExI,20240531
20240509,2281246-1,INSTITUCIONES EDUCATIVAS,RESOLUCION,No 13003-2024-UNJBG,Autorizan viaje de personal administrativo de la Universidad Nacional Jorge Basadre Grohmann a Bolivia en comision de servicios,https://epdoc2.elperuano.pe/EpPo/DescargaINDA.asp?Referencias=NDNZWFlYWVhZWFlCVU5ZQlRNTEhZQkxIOVdfX1ZCVE1MSDlXWENMSExI,20240531
20240509,2285597-1,INSTITUCIONES EDUCATIVAS,RESOLUCION,No 1635-2024-UNI,Otorgan el duplicado de Diploma de Grado Academico de Bachiller en Ciencias con mencion en Ingenieria Quimica en favor de egresada de la Universidad Nacional de Ingenieria,https://epdoc2.elperuano.pe/EpPo/DescargaINDA.asp?Referencias=NDNZWFlYWVhZWFlCVU5ZQlRNTEhZQkxIOVdfX1dWWVhVTlVOWENMSExI,20240531
20240509,2286934-1,JURADO NACIONAL DE ELECCIONES,RESOLUCION,No 0118-2024-JNE,Declaran nulo lo actuado hasta la citacion dirigida a regidora del Concejo Distrital de Ticllos provincia de Bolognesi departamento de ancash para que asista a la sesion extraordinaria de concejo en la que se evaluo la vacancia seguida en su contra,https://epdoc2.elperuano.pe/EpPo/DescargaINDA.asp?Referencias=NDNZWFlYWVhZWFlCVU5ZQlRNTEhZQkxIOVdfX1RNUzhZWFZCWENMSExI,20240531
20240509,2286938-1,JURADO NACIONAL DE ELECCIONES,RESOLUCION,No 0119-2024-JNE,Declaran nulo lo actuado hasta la citacion dirigida a regidoras del Concejo Distrital de Huallanca provincia de Bolognesi departamento de ancash para que asistan a la sesion extraordinaria de concejo en la que se evaluo la solicitud de vacancia seguida en su contra,https://epdoc2.elperuano.pe/EpPo/DescargaINDA.asp?Referencias=NDNZWFlYWVhZWFlCVU5ZQlRNTEhZQkxIOVdfX1hDUzhZWFZCWENMSExI,20240531
20240509,2287173-1,MINISTERIO PUBLICO,RESOLUCION,No 020-2024-MP-FN-JFS,Aprueban el Reglamento de Sesiones Actas y Tramites de la Junta de Fiscales Supremos,https://epdoc2.elperuano.pe/EpPo/DescargaINDA.asp?Referencias=NDNZWFlYWVhZWFlCVU5ZQlRNTEhZQkxIOVdfX1M4V1Y5V1dWWENMSExI,20240531
20240509,2286332-1,OFICINA NACIONAL DE PROCESOS ELECTORALES,RESOLUCION JEFATURAL,No 000098-2024-JN/ONPE,Fijan fecha de presentacion de la Informacion Financiera Anual correspondiente al ejercicio anual 2023 que efectuaran las organizaciones politicas,https://epdoc2.elperuano.pe/EpPo/DescargaINDA.asp?Referencias=NDNZWFlYWVhZWFlCVU5ZQlRNTEhZQkxIOVdfX0xIUzhTOFZCWENMSExI,20240531
20240509,2284891-1,GOBIERNO REGIONAL DE AREQUIPA,ORDENANZA,No 513-2024-AREQUIPA,Ordenanza que aprueba el Reglamento para el Registro de Inscripcion y Eleccion de los Representantes de la Sociedad Civil ante el Consejo de Coordinacion Regional (CCR) del Gobierno Regional de Arequipa,https://epdoc2.elperuano.pe/EpPo/DescargaINDA.asp?Referencias=NDNZWFlYWVhZWFlCVU5ZQlRNTEhZQkxIOVdfXzlXWVhYQ1RNWENMSExI,20240531
20240509,2286535-1,GOBIERNO REGIONAL DE CAJAMARCA,ORDENANZA,No D1-2024-GR.CAJ/CR,Reconocen a la Plataforma Multiactor del Cafe de Cajamarca como un espacio de gobernanza de esta cadena de valor en el territorio del departamento de Cajamarca,https://epdoc2.elperuano.pe/EpPo/DescargaINDA.asp?Referencias=NDNZWFlYWVhZWFlCVU5ZQlRNTEhZQkxIOVdfX1VOUzhVTlZCWENMSExI,20240531
20240509,2260694-1,GOBIERNO REGIONAL DE LIMA,ORDENANZA,No 002-2024-CR/GRL,Declaran de interes regional la actualizacion de la Estrategia Regional del Cambio Climatico de la Region Lima 2024 - 2030,https://epdoc2.elperuano.pe/EpPo/DescargaINDA.asp?Referencias=NDNZWFlYWVhZWFlCVU5ZQlRNTEhZQkxIOVdfX1RNWVhWQllCVkJMSExI,20240531
20240509,2286438-1,MUNICIPALIDAD DE COMAS,DECRETO DE ALCALDIA,No 005-2024-AL/MDC,Convocan a los delegados de las Organizaciones de la Sociedad Civil de la jurisdiccion del distrito de Comas para que participen en el proceso eleccionario de los Representantes de la Sociedad Civil ante el Consejo de Coordinacion Local Distrital (CCLD) periodo 2024 - 2026,https://epdoc2.elperuano.pe/EpPo/DescargaINDA.asp?Referencias=NDNZWFlYWVhZWFlCVU5ZQlRNTEhZQkxIOVdfX1hDUzhUTVZCWENMSExI,20240531
20240509,2285797-1,MUNICIPALIDAD DE EL AGUSTINO,ORDENANZA,No 745-2024-MDEA,Ordenanza que modifica el inciso r) del articulo 4o de la Ordenanza No668-MDEA,https://epdoc2.elperuano.pe/EpPo/DescargaINDA.asp?Referencias=NDNZWFlYWVhZWFlCVU5ZQlRNTEhZQkxIOVdfX1dWWVhXVlVOWENMSExI,20240531
20240509,2285802-1,MUNICIPALIDAD DE EL AGUSTINO,ORDENANZA,No 746-2024-MDEA,Ordenanza Municipal que aprueba las secciones viales normativas de las calles de la Cooperativa La Primavera y la Asociacion de Vivienda Los Jardines de San Jose del distrito de El Agustino provincia y departamento de Lima,https://epdoc2.elperuano.pe/EpPo/DescargaINDA.asp?Referencias=NDNZWFlYWVhZWFlCVU5ZQlRNTEhZQkxIOVdfX0xIWUJYQ1VOWENMSExI,20240531
20240509,2285812-1,MUNICIPALIDAD DE EL AGUSTINO,ORDENANZA,No 747-2024-MDEA,Ordenanza Municipal que aprueba las secciones viales normativas de las calles internas del Pueblo Joven de Villa Hermosa entre las Avenidas Rio Santa Primero de Mayo Cesar Vallejo y Jiron Chepen de Centro Poblado El Agustino del distrito de El Agustino provincia y departamento de Lima,https://epdoc2.elperuano.pe/EpPo/DescargaINDA.asp?Referencias=NDNZWFlYWVhZWFlCVU5ZQlRNTEhZQkxIOVdfX0xIOVdYQ1VOWENMSExI,20240531
20240509,2286819-1,MUNICIPALIDAD DE LOS OLIVOS,ORDENANZA,No 584/CDLO,Aprueban la Ordenanza que regula el procedimiento de visacion de planos para tramites de prescripcion adquisitiva titulo supletorio y/o rectificacion de area y/o linderos,https://epdoc2.elperuano.pe/EpPo/DescargaINDA.asp?Referencias=NDNZWFlYWVhZWFlCVU5ZQlRNTEhZQkxIOVdfX1lYOVdYQ1ZCWENMSExI,20240531
20240509,2286826-1,MUNICIPALIDAD DE LOS OLIVOS,ORDENANZA,No 586/CDLO,Aprueban Ordenanza que regula el procedimiento y celebracion del matrimonio civil en la Municipalidad Distrital de Los Olivos,https://epdoc2.elperuano.pe/EpPo/DescargaINDA.asp?Referencias=NDNZWFlYWVhZWFlCVU5ZQlRNTEhZQkxIOVdfX1ZCTEhYQ1ZCWENMSExI,20240531
20240509,2286838-1,MUNICIPALIDAD DE LOS OLIVOS,ORDENANZA,No 587/CDLO,Aprueban Ordenanza que regula los Criterios Administrativos para la Acreditacion del Comite Electoral,https://epdoc2.elperuano.pe/EpPo/DescargaINDA.asp?Referencias=NDNZWFlYWVhZWFlCVU5ZQlRNTEhZQkxIOVdfX1hDUzhYQ1ZCWENMSExI,20240531
20240509,2286841-1,MUNICIPALIDAD DE LOS OLIVOS,ORDENANZA,No 588/CDLO,Aprueban Ordenanza que modifica la Ordenanza No 573-2023-CDLO Ordenanza que regula las disposiciones tecnicas y procedimientos administrativos de autorizacion para la ubicacion de elementos de publicidad exterior en Los Olivos,https://epdoc2.elperuano.pe/EpPo/DescargaINDA.asp?Referencias=NDNZWFlYWVhZWFlCVU5ZQlRNTEhZQkxIOVdfXzlXVE1YQ1ZCWENMSExI,20240531
20240509,2286848-1,MUNICIPALIDAD DE LOS OLIVOS,ORDENANZA,No 589/CDLO,Modifican la Ordenanza No 435-CDLO que aprueba el Reglamento de cumplimiento y aplicacion de la Ley No 30407 - Ley de Proteccion y Bienestar Animal en el distrito de Los Olivos,https://epdoc2.elperuano.pe/EpPo/DescargaINDA.asp?Referencias=NDNZWFlYWVhZWFlCVU5ZQlRNTEhZQkxIOVdfX1hDVE1YQ1ZCWENMSExI,20240531
20240509,2286852-1,MUNICIPALIDAD DE LOS OLIVOS,ORDENANZA,No 590/CDLO,Aprueban Ordenanza para la aplicacion del reconocimiento de la deduccion de 50 UIT sobre la base imponible del impuesto predial para pensionistas y para adultos mayores (no pensionistas) en el distrito de Los Olivos,https://epdoc2.elperuano.pe/EpPo/DescargaINDA.asp?Referencias=NDNZWFlYWVhZWFlCVU5ZQlRNTEhZQkxIOVdfX0xIVU5YQ1ZCWENMSExI,20240531
20240509,2286859-1,MUNICIPALIDAD DE LOS OLIVOS,ORDENANZA,No 585/CDLO,Modifican la Ordenanza que aprueba el Reglamento del Servicio de Transporte Publico Especial de Pasajeros y Carga en Vehiculos Menores en el distrito de Los Olivos,https://epdoc2.elperuano.pe/EpPo/DescargaINDA.asp?Referencias=NDNZWFlYWVhZWFlCVU5ZQlRNTEhZQkxIOVdfX1lYVU5YQ1ZCWENMSExI,20240531
20240509,2286862-1,MUNICIPALIDAD DE LOS OLIVOS,ORDENANZA,No 593/CDLO,Aprueban Ordenanza que regula la presentacion de Declaraciones Juradas de Impuesto Predial en el distrito de Los Olivos,https://epdoc2.elperuano.pe/EpPo/DescargaINDA.asp?Referencias=NDNZWFlYWVhZWFlCVU5ZQlRNTEhZQkxIOVdfX0xIVkJYQ1ZCWENMSExI,20240531
20240509,2286876-1,MUNICIPALIDAD DE LOS OLIVOS,ORDENANZA,No 591/CDLO,Aprueban la Ordenanza que establece el procedimiento para la devolucion compensacion y transferencia de pagos indebidos y/o en exceso de deudas tributarias en el distrito de Los Olivos,https://epdoc2.elperuano.pe/EpPo/DescargaINDA.asp?Referencias=NDNZWFlYWVhZWFlCVU5ZQlRNTEhZQkxIOVdfX1ZCV1ZYQ1ZCWENMSExI,20240531
20240509,2286881-1,MUNICIPALIDAD DE LOS OLIVOS,ORDENANZA,No 592/CDLO,Aprueban la Ordenanza que regula la emision de constancias de registro de contribuyente y la de no adeudo de la Municipalidad Distrital de Los Olivos,https://epdoc2.elperuano.pe/EpPo/DescargaINDA.asp?Referencias=NDNZWFlYWVhZWFlCVU5ZQlRNTEhZQkxIOVdfXzlXWENYQ1ZCWENMSExI,20240531
20240509,2286593-1,MUNICIPALIDAD DE LURIGANCHO CHOSICA,ACUERDO,No 030-2024/MDL,Aprueban convocatoria de la Primera Audiencia Publica de Rendicion de Cuentas de la Municipalidad Distrital de Lurigancho,https://epdoc2.elperuano.pe/EpPo/DescargaINDA.asp?Referencias=NDNZWFlYWVhZWFlCVU5ZQlRNTEhZQkxIOVdfX1M4WVhVTlZCWENMSExI,20240531
20240509,2286595-1,MUNICIPALIDAD DE LURIGANCHO CHOSICA,DECRETO DE ALCALDIA,No 003-2024-MDL,Aprueban el Reglamento para el Pago de Deuda Tributaria y no Tributaria con Obras Bienes y/o Servicios en la Municipalidad Distrital de Lurigancho,https://epdoc2.elperuano.pe/EpPo/DescargaINDA.asp?Referencias=NDNZWFlYWVhZWFlCVU5ZQlRNTEhZQkxIOVdfX1VOWVhVTlZCWENMSExI,20240531
20240509,2285234-1,MUNICIPALIDAD DE MAGDALENA DEL MAR,ORDENANZA,No 223-2024-MDMM,Ordenanza que aprueba el Programa para la Prevencion Integral contra la Violencia Escolar denominado «Escuela Segura»,https://epdoc2.elperuano.pe/EpPo/DescargaINDA.asp?Referencias=NDNZWFlYWVhZWFlCVU5ZQlRNTEhZQkxIOVdfX1RNUzhMSFVOWENMSExI,20240531
20240509,2285237-1,MUNICIPALIDAD DE MAGDALENA DEL MAR,ORDENANZA,No 224-2024-MDMM,Derogan la Ordenanza No046-2019-MDMM que aprobo el Reglamento Interno de los Servidores Civiles de la Municipalidad de Magdalena del Mar,https://epdoc2.elperuano.pe/EpPo/DescargaINDA.asp?Referencias=NDNZWFlYWVhZWFlCVU5ZQlRNTEhZQkxIOVdfX1dWUzhMSFVOWENMSExI,20240531
20240509,2286290-1,MUNICIPALIDAD DE MIRAFLORES,Ordenanzas,No 642/MM,Ordenanza que establece disposiciones a propietarios o poseedores de bienes muebles que alteren limiten o restrinjan el uso y disfrute del espacio publico y/o afecten el entorno urbano en el distrito de Miraflores,https://epdoc2.elperuano.pe/EpPo/DescargaINDA.asp?Referencias=NDNZWFlYWVhZWFlCVU5ZQlRNTEhZQkxIOVdfX1lCWVhMSFZCWENMSExI,20240531
20240509,2286604-1,MUNICIPALIDAD DE PUEBLO LIBRE,Res. Alcaldia,No 084-2024-MPL,Designan Ejecutor Coactivo de la Subgerencia de Recaudacion y Ejecutoria Coactiva de la Municipalidad,https://epdoc2.elperuano.pe/EpPo/DescargaINDA.asp?Referencias=NDNZWFlYWVhZWFlCVU5ZQlRNTEhZQkxIOVdfX1RNWUJWQlZCWENMSExI,20240531
20240509,2286586-1,MUNICIPALIDAD DE SAN ISIDRO,DECRETO DE ALCALDIA,No 04-2024-ALC/MSI,Convocan a la Primera Audiencia Publica de Rendicion de Cuentas 2024 del distrito de San Isidro,https://epdoc2.elperuano.pe/EpPo/DescargaINDA.asp?Referencias=NDNZWFlYWVhZWFlCVU5ZQlRNTEhZQkxIOVdfX1ZCWENVTlZCWENMSExI,20240531
20240509,2287022-1,MUNICIPALIDAD DE SAN JUAN DE LURIGANCHO,Fe de Erratas,D.A. No 008-2024-MDSJL,.,https://epdoc2.elperuano.pe/EpPo/DescargaINDA.asp?Referencias=NDNZWFlYWVhZWFlCVU5ZQlRNTEhZQkxIOVdfX0xITEhZQldWWENMSExI,20240531
20240509,2286226-1,MUNICIPALIDAD DE VILLA EL SALVADOR,DECRETO DE ALCALDIA,No 04-2024-ALC/MVES,Convocan a la Primera Audiencia Publica 2024 de la Municipalidad Distrital de Villa El Salvador,https://epdoc2.elperuano.pe/EpPo/DescargaINDA.asp?Referencias=NDNZWFlYWVhZWFlCVU5ZQlRNTEhZQkxIOVdfX1ZCTEhMSFZCWENMSExI,20240531
20240508,2287019-1,PRESIDENCIA DEL CONSEJO DE MINISTROS,DECRETO SUPREMO,No 050-2024-PCM,Decreto Supremo que declara el Estado de Emergencia en varios distritos de la provincia de Quispicanchi del departamento de Cusco por impacto de danos ante la ocurrencia de movimiento sismico,https://epdoc2.elperuano.pe/EpPo/DescargaINDA.asp?Referencias=NDNYQ1hDWENYQ1lCVU5ZQlRNTEhZQkxIOVdfX1lYOVdZQldWWENMSExI,20240531
20240508,2286573-3,CULTURA,RESOLUCION SUPREMA,No 004-2024-MC,Aceptan renuncia y encargan funciones de Viceministra de Interculturalidad,https://epdoc2.elperuano.pe/EpPo/DescargaINDA.asp?Referencias=NDNYQ1hDWENYQ1lCVU5ZQlRNTEhZQkxIUzhfX1M4V1ZVTlZCWENMSExI,20240531
20240508,2286219-1,CULTURA,RESOLUCION VICE MINISTERIAL,No 000123-2024-VMPCIC/MC,Modifican tipologia de bien cultural de inmueble ubicado en el distrito de Barranco provincia y departamento de Lima de tal manera que corresponda su declaracion como inmueble de valor monumental integrante del Patrimonio Cultural de la Nacion,https://epdoc2.elperuano.pe/EpPo/DescargaINDA.asp?Referencias=NDNYQ1hDWENYQ1lCVU5ZQlRNTEhZQkxIOVdfX1lYOVdMSFZCWENMSExI,20240531
20240508,2286420-1,CULTURA,RESOLUCION VICE MINISTERIAL,No 000125-2024-VMPCIC/MC,Declaran Patrimonio Cultural de la Nacion al Primer tomo de expedientes de naturalizacion del Departamento de Nacionalizacion Extranjeria e Inmigracion (Lima 1940-1941) custodiado por el Archivo Central de la Superintendencia Nacional de Migraciones,https://epdoc2.elperuano.pe/EpPo/DescargaINDA.asp?Referencias=NDNYQ1hDWENYQ1lCVU5ZQlRNTEhZQkxIOVdfX1lCTEhUTVZCWENMSExI,20240531
20240508,2286261-1,DEFENSA,RESOLUCION MINISTERIAL,No 00430-2024-DE,Autorizan viaje de personal militar a Panama en comision de servicios,https://epdoc2.elperuano.pe/EpPo/DescargaINDA.asp?Referencias=NDNYQ1hDWENYQ1lCVU5ZQlRNTEhZQkxIOVdfXzlXVkJMSFZCWENMSExI,20240531
20240508,2286573-2,DESARROLLO AGRARIO Y RIEGO,RESOLUCION SUPREMA,No 011-2024-MIDAGRI,Designan temporalmente Directora Ejecutiva del Servicio Nacional Forestal y de Fauna Silvestre - SERFOR,https://epdoc2.elperuano.pe/EpPo/DescargaINDA.asp?Referencias=NDNYQ1hDWENYQ1lCVU5ZQlRNTEhZQkxITEhfX1M4V1ZVTlZCWENMSExI,20240531
20240508,2286392-1,DESARROLLO E INCLUSIoN SOCIAL,FE DE ERRATA,Res. No D000358-2024-MIDIS/PNAEQW-DE,FE DE ERRATA,https://epdoc2.elperuano.pe/EpPo/DescargaINDA.asp?Referencias=NDNYQ1hDWENYQ1lCVU5ZQlRNTEhZQkxIOVdfX0xIWVhTOFZCWENMSExI,20240531
20240508,2286484-1,DESARROLLO E INCLUSIoN SOCIAL,RESOLUCION,No D000062-2024-MIDIS/PNPDS-DE,Designan Jefe de la Unidad de Acompanamiento del Programa Nacional de entrega de la pension no contributiva a personas con discapacidad severa en situacion de pobreza - CONTIGO,https://epdoc2.elperuano.pe/EpPo/DescargaINDA.asp?Referencias=NDNYQ1hDWENYQ1lCVU5ZQlRNTEhZQkxIOVdfX1RNWENUTVZCWENMSExI,20240531
20240508,2286224-1,ECONOMIA Y FINANZAS,RESOLUCION MINISTERIAL,No 152-2024-EF/43,Aprueban contratacion de estudio de abogados para que brinde asesoria juridica al Estado peruano,https://epdoc2.elperuano.pe/EpPo/DescargaINDA.asp?Referencias=NDNYQ1hDWENYQ1lCVU5ZQlRNTEhZQkxIOVdfX1RNTEhMSFZCWENMSExI,20240531
20240508,2286231-1,ECONOMIA Y FINANZAS,RESOLUCION MINISTERIAL,No 153-2024-EF/43,Aprueban contratacion de estudio de abogados para brindar asesoria juridica al Estado peruano,https://epdoc2.elperuano.pe/EpPo/DescargaINDA.asp?Referencias=NDNYQ1hDWENYQ1lCVU5ZQlRNTEhZQkxIOVdfXzlXUzhMSFZCWENMSExI,20240531
20240508,2286330-1,ECONOMIA Y FINANZAS,RESOLUCION VICE MINISTERIAL,No 009-2024-EF/15.01,Fijan indices de correccion monetaria para efectos de determinar el costo computable de los inmuebles enajenados por personas naturales sucesiones indivisas o sociedades conyugales que optaron por tributar como tales,https://epdoc2.elperuano.pe/EpPo/DescargaINDA.asp?Referencias=NDNYQ1hDWENYQ1lCVU5ZQlRNTEhZQkxIOVdfX1lCUzhTOFZCWENMSExI,20240531
20240508,2286695-1,EDUCACION,RESOLUCION MINISTERIAL,No 201-2024-MINEDU,Designan Director de la Casa de la Literatura,https://epdoc2.elperuano.pe/EpPo/DescargaINDA.asp?Referencias=NDNYQ1hDWENYQ1lCVU5ZQlRNTEhZQkxIOVdfX1VOWVhWQlZCWENMSExI,20240531
20240508,2286722-1,EDUCACION,RESOLUCION MINISTERIAL,No 203-2024-MINEDU,Designan Jefe de la Oficina General de Transparencia etica Publica y Anticorrupcion,https://epdoc2.elperuano.pe/EpPo/DescargaINDA.asp?Referencias=NDNYQ1hDWENYQ1lCVU5ZQlRNTEhZQkxIOVdfX0xITEhXVlZCWENMSExI,20240531
20240508,2286728-1,EDUCACION,RESOLUCION MINISTERIAL,No 204-2024-MINEDU,Designan Directora de la Direccion de Educacion Primaria de la Direccion General de Educacion Basica Regular,https://epdoc2.elperuano.pe/EpPo/DescargaINDA.asp?Referencias=NDNYQ1hDWENYQ1lCVU5ZQlRNTEhZQkxIOVdfX1hDTEhXVlZCWENMSExI,20240531
20240508,2286737-1,EDUCACION,RESOLUCION MINISTERIAL,No 205-2024-MINEDU,Designan Director de la Direccion General de Educacion Basica Alternativa Intercultural Bilingüe y de Servicios Educativos en el ambito Rural,https://epdoc2.elperuano.pe/EpPo/DescargaINDA.asp?Referencias=NDNYQ1hDWENYQ1lCVU5ZQlRNTEhZQkxIOVdfX1dWUzhXVlZCWENMSExI,20240531
20240508,2279177-1,ENERGIA Y MINAS,RESOLUCION MINISTERIAL,No 148-2024-MINEM/DM,Establecen el derecho de Servidumbre de Electroducto con caracter permanente a favor de concesion definitiva de generacion de energia electrica de la que es titular la empresa LUZ DEL SUR S.A.A. ubicada en el departamento de Lima,https://epdoc2.elperuano.pe/EpPo/DescargaINDA.asp?Referencias=NDNYQ1hDWENYQ1lCVU5ZQlRNTEhZQkxIOVdfX1dWV1Y5V1lYV1ZMSExI,20240531
20240508,2279336-1,ENERGIA Y MINAS,RESOLUCION MINISTERIAL,No 149-2024-MINEM/DM,Establecen servidumbre de transito con caracter permanente a favor de concesion definitiva de generacion de energia electrica con recursos energeticos renovables de la que es titular la empresa GR CORTARRAMA S.A.C. en el distrito de Mollendo provincia de Islay y departamento de Arequipa,https://epdoc2.elperuano.pe/EpPo/DescargaINDA.asp?Referencias=NDNYQ1hDWENYQ1lCVU5ZQlRNTEhZQkxIOVdfX1ZCUzhTOFlYV1ZMSExI,20240531
20240508,2286518-1,ENERGIA Y MINAS,RESOLUCION MINISTERIAL,No 190-2024-MINEM/DM,Autorizan transferencia financiera de recursos a favor del Gobierno Regional de Cajamarca,https://epdoc2.elperuano.pe/EpPo/DescargaINDA.asp?Referencias=NDNYQ1hDWENYQ1lCVU5ZQlRNTEhZQkxIOVdfX1hDOVdVTlZCWENMSExI,20240531
20240508,2286521-1,ENERGIA Y MINAS,RESOLUCION MINISTERIAL,No 191-2024-MINEM/DM,Autorizan transferencia financiera de recursos a favor del Gobierno Regional de Piura,https://epdoc2.elperuano.pe/EpPo/DescargaINDA.asp?Referencias=NDNYQ1hDWENYQ1lCVU5ZQlRNTEhZQkxIOVdfXzlXTEhVTlZCWENMSExI,20240531
20240508,2286523-1,ENERGIA Y MINAS,RESOLUCION MINISTERIAL,No 192-2024-MINEM/DM,Autorizan transferencia financiera de recursos a favor del Gobierno Regional de Huanuco,https://epdoc2.elperuano.pe/EpPo/DescargaINDA.asp?Referencias=NDNYQ1hDWENYQ1lCVU5ZQlRNTEhZQkxIOVdfX1M4TEhVTlZCWENMSExI,20240531
20240508,2286947-1,INTERIOR,RESOLUCION MINISTERIAL,No 0608-2024-IN,Disponen la publicacion del proyecto de Decreto Supremo que modifica el Reglamento del Decreto Legislativo No 1174 aprobado con Decreto Supremo No 002-2015-IN y de su exposicion de motivos,https://epdoc2.elperuano.pe/EpPo/DescargaINDA.asp?Referencias=NDNYQ1hDWENYQ1lCVU5ZQlRNTEhZQkxIOVdfX1dWVE1ZWFZCWENMSExI,20240531
20240508,2285902-1,RELACIONES EXTERIORES,RESOLUCION MINISTERIAL,No 0353-2024-RE,Nombran Director de la Oficina Desconcentrada del Ministerio de Relaciones Exteriores en la ciudad de Trujillo departamento de La Libertad,https://epdoc2.elperuano.pe/EpPo/DescargaINDA.asp?Referencias=NDNYQ1hDWENYQ1lCVU5ZQlRNTEhZQkxIOVdfX0xIWUJZWFVOWENMSExI,20240531
20240508,2286098-1,RELACIONES EXTERIORES,RESOLUCION MINISTERIAL,No 0358-2024-RE,Autorizan a la APCI el gasto para el desplazamiento de beneficiarios extranjeros que recibiran asistencia tecnica y capacitacion en el marco de la ejecucion de actividad a realizarse en el Peru,https://epdoc2.elperuano.pe/EpPo/DescargaINDA.asp?Referencias=NDNYQ1hDWENYQ1lCVU5ZQlRNTEhZQkxIOVdfX1hDWVhZQlZCWENMSExI,20240531
20240508,2286573-1,RELACIONES EXTERIORES,RESOLUCION SUPREMA,No 087-2024-RE,Aceptan renuncia y dan por terminadas las funciones de Embajador Extraordinario y Plenipotenciario del Peru en el Reino de Espana en el Principado de Andorra y como Representante Permanente del Peru ante la Organizacion Mundial del Turismo,https://epdoc2.elperuano.pe/EpPo/DescargaINDA.asp?Referencias=NDNYQ1hDWENYQ1lCVU5ZQlRNTEhZQkxIOVdfX1M4V1ZVTlZCWENMSExI,20240531
20240508,2286572-1,TRANSPORTES Y COMUNICACIONES,RESOLUCION MINISTERIAL,No 226-2024-MTC/01,Designan Directora de la Oficina de Abastecimiento de la Oficina General de Administracion del Ministerio,https://epdoc2.elperuano.pe/EpPo/DescargaINDA.asp?Referencias=NDNYQ1hDWENYQ1lCVU5ZQlRNTEhZQkxIOVdfX0xIV1ZVTlZCWENMSExI,20240531
20240508,2286572-2,TRANSPORTES Y COMUNICACIONES,RESOLUCION MINISTERIAL,No 227-2024-MTC/01,Designan Directora de la Oficina de Modernizacion de la Oficina General de Planeamiento y Presupuesto del Ministerio,https://epdoc2.elperuano.pe/EpPo/DescargaINDA.asp?Referencias=NDNYQ1hDWENYQ1lCVU5ZQlRNTEhZQkxITEhfX0xIV1ZVTlZCWENMSExI,20240531
20240508,2286572-3,TRANSPORTES Y COMUNICACIONES,RESOLUCION MINISTERIAL,No 229-2024-MTC/01,Designan Director de la Direccion de Gestion en Infraestructura y Servicios de Transportes de la Direccion General de Programas y Proyectos de Transportes del Ministerio,https://epdoc2.elperuano.pe/EpPo/DescargaINDA.asp?Referencias=NDNYQ1hDWENYQ1lCVU5ZQlRNTEhZQkxIUzhfX0xIV1ZVTlZCWENMSExI,20240531
20240508,2286470-1,BIBLIOTECA NACIONAL DEL PERU,RESOLUCION JEFATURAL,No 000041-2024-BNP,Modifican el Reglamento de los Servicios Bibliotecarios de la Biblioteca Nacional del Peru sede San Borja,https://epdoc2.elperuano.pe/EpPo/DescargaINDA.asp?Referencias=NDNYQ1hDWENYQ1lCVU5ZQlRNTEhZQkxIOVdfX1lCV1ZUTVZCWENMSExI,20240531
20240508,2286591-1,AUTORIDAD NACIONAL DEL AGUA,RESOLUCION JEFATURAL,No 0190-2024-ANA,Designan Director de la Direccion de Calidad y Evaluacion de Recursos Hidricos de la Autoridad Nacional del Agua,https://epdoc2.elperuano.pe/EpPo/DescargaINDA.asp?Referencias=NDNYQ1hDWENYQ1lCVU5ZQlRNTEhZQkxIOVdfXzlXWVhVTlZCWENMSExI,20240531
20240508,2286362-1,INSTITUTO NACIONAL DE DEFENSA DE LA COMPETENCIA Y DE LA PROTECCION DE LA PROPIEDAD INTELECTUAL,RESOLUCION,No 000070-2024-GEG/INDECOPI,Designan Asesor de la Presidencia Ejecutiva del INDECOPI,https://epdoc2.elperuano.pe/EpPo/DescargaINDA.asp?Referencias=NDNYQ1hDWENYQ1lCVU5ZQlRNTEhZQkxIOVdfX0xIVkJTOFZCWENMSExI,20240531
20240508,2286504-1,ORGANISMO TeCNICO DE LA ADMINISTRACIoN DE LOS SERVICIOS DE SANEAMIENTO,RESOLUCION DIRECTORAL,No 000043-2024-OTASS-DE,Autorizan montos maximos a incorporarse por cada Empresa Prestadora de Servicio de Saneamiento (EPS) en su presupuesto institucional,https://epdoc2.elperuano.pe/EpPo/DescargaINDA.asp?Referencias=NDNYQ1hDWENYQ1lCVU5ZQlRNTEhZQkxIOVdfX1RNWUJVTlZCWENMSExI,20240531
20240508,2286008-1,SUPERINTENDENCIA NACIONAL DE ADUANAS Y DE ADMINISTRACIoN TRIBUTARIA,RESOLUCION,No 000017-2024-SUNAT/700000,Amplian la aplicacion de la facultad discrecional en la administracion de sanciones por infracciones relacionadas a libros y registros vinculados a asuntos tributarios llevados de manera electronica dispuesta en la Resolucion de Superintendencia Nacional Adjunta de Tributos Internos No 000039-2023-SUNAT/700000 y ampliatoria,https://epdoc2.elperuano.pe/EpPo/DescargaINDA.asp?Referencias=NDNYQ1hDWENYQ1lCVU5ZQlRNTEhZQkxIOVdfX1hDWUJZQlZCWENMSExI,20240531
20240508,2285745-1,SUPERINTENDENCIA NACIONAL DE CONTROL DE SERVICIOS DE SEGURIDAD  ARMAS  MUNICIONES Y EXPLOSIVOS DE USO CIVIL,RESOLUCION,No 02011-2024-SUCAMEC,Modifican delegacion de facultades y atribuciones en materia administrativa a favor de funcionarios de la SUCAMEC efectuada mediante Res. No 055-2024-SUCAMEC,https://epdoc2.elperuano.pe/EpPo/DescargaINDA.asp?Referencias=NDNYQ1hDWENYQ1lCVU5ZQlRNTEhZQkxIOVdfX1VOVE1XVlVOWENMSExI,20240531
20240508,2286449-1,CONSEJO EJECUTIVO DEL PODER JUDICIAL,RESOLUCION ADMINISTRATIVA,No 000055-2024-P-CE-PJ,Dejan sin efecto la Resolucion Administrativa No 000052-2024-P-CE-PJ que autorizo el I Congreso Internacional Gestion Administrativa eficiente para una mejor administracion de justicia debiendose proponer otras fechas,https://epdoc2.elperuano.pe/EpPo/DescargaINDA.asp?Referencias=NDNYQ1hDWENYQ1lCVU5ZQlRNTEhZQkxIOVdfX1lYVE1UTVZCWENMSExI,20240531
20240508,2286486-1,CONTRALORIA GENERAL DE LA REPUBLICA,RESOLUCION,No 231-2024-CG,Designan Jefe del organo de Control Institucional del Ministerio de la Produccion,https://epdoc2.elperuano.pe/EpPo/DescargaINDA.asp?Referencias=NDNYQ1hDWENYQ1lCVU5ZQlRNTEhZQkxIOVdfX1ZCWENUTVZCWENMSExI,20240531
20240508,2286490-1,CONTRALORIA GENERAL DE LA REPUBLICA,RESOLUCION,No 232-2024-CG,Designan en el cargo de Jefe/a del organo de Control Institucional de cuatro entidades bajo el ambito de la Subgerencia de Control del Sector Salud de la Gerencia de Control de Servicios Publicos Basicos,https://epdoc2.elperuano.pe/EpPo/DescargaINDA.asp?Referencias=NDNYQ1hDWENYQ1lCVU5ZQlRNTEhZQkxIOVdfX1lCWVhUTVZCWENMSExI,20240531
20240508,2286494-1,CONTRALORIA GENERAL DE LA REPUBLICA,RESOLUCION,No 233-2024-CG,Designan Jefe del organo de Control Institucional del Proyecto Especial de Infraestructura de Transporte Nacional - PROVIAS NACIONAL,https://epdoc2.elperuano.pe/EpPo/DescargaINDA.asp?Referencias=NDNYQ1hDWENYQ1lCVU5ZQlRNTEhZQkxIOVdfX1RNWVhUTVZCWENMSExI,20240531
20240508,2286501-1,CONTRALORIA GENERAL DE LA REPUBLICA,RESOLUCION,No 235-2024-CG,Designan Jefe del organo de Control Institucional de la Municipalidad Provincial de Castilla,https://epdoc2.elperuano.pe/EpPo/DescargaINDA.asp?Referencias=NDNYQ1hDWENYQ1lCVU5ZQlRNTEhZQkxIOVdfXzlXWUJVTlZCWENMSExI,20240531
20240508,2286516-1,CONTRALORIA GENERAL DE LA REPUBLICA,RESOLUCION,No 234-2024-CG,Designan en el cargo de Jefe/a del organo de Control Institucional de diversas entidades bajo el ambito de la Gerencia Regional de Control de Cusco,https://epdoc2.elperuano.pe/EpPo/DescargaINDA.asp?Referencias=NDNYQ1hDWENYQ1lCVU5ZQlRNTEhZQkxIOVdfX1ZCOVdVTlZCWENMSExI,20240531
20240508,2285590-1,INSTITUCIONES EDUCATIVAS,RESOLUCION,No 1634-2024-UNI,Otorgan duplicado de Diploma de Grado Academico de Bachiller en Ciencias con mencion en Ingenieria Civil en favor de egresado de la Universidad Nacional de Ingenieria,https://epdoc2.elperuano.pe/EpPo/DescargaINDA.asp?Referencias=NDNYQ1hDWENYQ1lCVU5ZQlRNTEhZQkxIOVdfX1lCWVhVTlVOWENMSExI,20240531
20240508,2286428-1,MINISTERIO PUBLICO,RESOLUCION,No 1102-2024-MP-FN,Disponen que el distrito de Guadalupito provincia de Viru departamento de La Libertad que en la actualidad forma parte del Distrito Fiscal de La Libertad se incorpore dentro de la competencia territorial del Distrito Fiscal del Santa  y dictan otras disposiciones,https://epdoc2.elperuano.pe/EpPo/DescargaINDA.asp?Referencias=NDNYQ1hDWENYQ1lCVU5ZQlRNTEhZQkxIOVdfX1hDTEhUTVZCWENMSExI,20240531
20240508,2286430-1,MINISTERIO PUBLICO,RESOLUCION,No 1103-2024-MP-FN,Dan por concluido el nombramiento de fiscal adjunto provincial provisional del Distrito Fiscal de Tacna,https://epdoc2.elperuano.pe/EpPo/DescargaINDA.asp?Referencias=NDNYQ1hDWENYQ1lCVU5ZQlRNTEhZQkxIOVdfX1lCUzhUTVZCWENMSExI,20240531
20240508,2286432-1,MINISTERIO PUBLICO,RESOLUCION,No 1104-2024-MP-FN,Nombran fiscal provincial provisional del Distrito Fiscal de Lima Norte,https://epdoc2.elperuano.pe/EpPo/DescargaINDA.asp?Referencias=NDNYQ1hDWENYQ1lCVU5ZQlRNTEhZQkxIOVdfX0xIUzhUTVZCWENMSExI,20240531
20240508,2286475-1,MUNICIPALIDAD DE COMAS,ORDENANZA,No 696/MDC,Aprueban la creacion del Consejo Local de Fomento Artesanal del distrito de Comas - COLOFAR COMAS y su Reglamento Interno,https://epdoc2.elperuano.pe/EpPo/DescargaINDA.asp?Referencias=NDNYQ1hDWENYQ1lCVU5ZQlRNTEhZQkxIOVdfX1VOV1ZUTVZCWENMSExI,20240531
20240508,2285870-1,MUNICIPALIDAD DE LA MOLINA,RESOLUCION,No 291-2024-MDLM-GM,Designan Ejecutor Coactivo y Auxiliar Coactivo de la Subgerencia de Recaudacion y Ejecutoria Coactiva de la Municipalidad,https://epdoc2.elperuano.pe/EpPo/DescargaINDA.asp?Referencias=NDNYQ1hDWENYQ1lCVU5ZQlRNTEhZQkxIOVdfX1lCV1ZYQ1VOWENMSExI,20240531
20240508,2286857-1,MUNICIPALIDAD DE LA VICTORIA,Res. Alcaldia,No 105-2024/MLV,Conforman el Comite Especial de Promocion de la Inversion Privada en Bienes Servicios e Infraestructura Publica en el distrito de La Victoria - CEPIP,https://epdoc2.elperuano.pe/EpPo/DescargaINDA.asp?Referencias=NDNYQ1hDWENYQ1lCVU5ZQlRNTEhZQkxIOVdfX1dWVU5YQ1ZCWENMSExI,20240531
20240508,2286249-1,MUNICIPALIDAD DE LOS OLIVOS,FE DE ERRATA,Ord. No 582/CDLO,FE DE ERRATA,https://epdoc2.elperuano.pe/EpPo/DescargaINDA.asp?Referencias=NDNYQ1hDWENYQ1lCVU5ZQlRNTEhZQkxIOVdfX1lYVE1MSFZCWENMSExI,20240531
20240508,2285896-1,MUNICIPALIDAD DE MIRAFLORES,Ordenanzas,No 640/MM,Ordenanza que aprueba el Reglamento de conformacion instalacion funcionamiento y eleccion de representantes de la sociedad civil ante el Consejo de Coordinacion Local Distrital de Miraflores,https://epdoc2.elperuano.pe/EpPo/DescargaINDA.asp?Referencias=NDNYQ1hDWENYQ1lCVU5ZQlRNTEhZQkxIOVdfX1ZCWVhYQ1VOWENMSExI,20240531
20240508,2284167-1,MUNICIPALIDAD DE SAN MIGUEL,ORDENANZA,No 495/MDSM,Ordenanza que aprueba incentivos tributarios en el distrito de San Miguel por el pago del Impuesto Predial 2024 y la presentacion de la actualizacion de la declaracion tributaria,https://epdoc2.elperuano.pe/EpPo/DescargaINDA.asp?Referencias=NDNYQ1hDWENYQ1lCVU5ZQlRNTEhZQkxIOVdfX1dWVkI5V1RNWENMSExI,20240531
20240507,2286099-1,DESARROLLO AGRARIO Y RIEGO,RESOLUCION DIRECTORAL,No D000024-2024-MIDAGRI-SENASA-DIAIA,Aprueban ampliacion del periodo de adecuacion otorgado a organismos de certificacion con autorizacion vigente a fin que se adecuen a las condiciones y requisitos establecidos en el Reglamento de Certificacion y Fiscalizacion de la Produccion Organica,https://epdoc2.elperuano.pe/EpPo/DescargaINDA.asp?Referencias=NDNXVldWV1ZXVllCVU5ZQlRNTEhZQkxIOVdfX1lYWVhZQlZCWENMSExI,20240531
20240507,2285957-1,DESARROLLO AGRARIO Y RIEGO,RESOLUCION MINISTERIAL,No 0152-2024-MIDAGRI,Modifican la R.M. No 0001-2024-MIDAGRI mediante la cual se delega facultades a diversos funcionarios del Ministerio de Desarrollo Agrario y Riego - MIDAGRI para el Ano Fiscal 2024,https://epdoc2.elperuano.pe/EpPo/DescargaINDA.asp?Referencias=NDNXVldWV1ZXVllCVU5ZQlRNTEhZQkxIOVdfX1dWVU5ZWFVOWENMSExI,20240531
20240507,2285966-1,DESARROLLO AGRARIO Y RIEGO,RESOLUCION MINISTERIAL,No 0153-2024-MIDAGRI,Designan Asesora de Alta Direccion del Despacho Viceministerial de Politicas y Supervision del Desarrollo Agrario,https://epdoc2.elperuano.pe/EpPo/DescargaINDA.asp?Referencias=NDNXVldWV1ZXVllCVU5ZQlRNTEhZQkxIOVdfX1ZCVkJZWFVOWENMSExI,20240531
20240507,2285969-1,DESARROLLO AGRARIO Y RIEGO,RESOLUCION MINISTERIAL,No 0155-2024-MIDAGRI,Designan Director de la Oficina de Planeamiento de la Oficina General de Planeamiento y Presupuesto del Ministerio,https://epdoc2.elperuano.pe/EpPo/DescargaINDA.asp?Referencias=NDNXVldWV1ZXVllCVU5ZQlRNTEhZQkxIOVdfX1lYVkJZWFVOWENMSExI,20240531
20240507,2285971-1,DESARROLLO AGRARIO Y RIEGO,RESOLUCION MINISTERIAL,No 0157-2024-MIDAGRI,Designan Directora de la Direccion de Normatividad de Infraestructura Hidraulica y Riego de la Direccion General de Infraestructura Hidraulica y Riego,https://epdoc2.elperuano.pe/EpPo/DescargaINDA.asp?Referencias=NDNXVldWV1ZXVllCVU5ZQlRNTEhZQkxIOVdfXzlXV1ZZWFVOWENMSExI,20240531
20240507,2286114-1,DESARROLLO E INCLUSIoN SOCIAL,RESOLUCION MINISTERIAL,No D000073-2024-MIDIS,Designan Jefe de Gabinete de Asesores del Despacho Ministerial,https://epdoc2.elperuano.pe/EpPo/DescargaINDA.asp?Referencias=NDNXVldWV1ZXVllCVU5ZQlRNTEhZQkxIOVdfX1RNOVc5V1ZCWENMSExI,20240531
20240507,2285304-1,ENERGIA Y MINAS,RESOLUCION MINISTERIAL,No 177-2024-MINEM/DM,Otorgan autorizacion a favor de la Empresa Regional de Servicio Publico de Electricidad Electro Norte Medio S.A. para desarrollar la actividad de generacion de energia electrica en instalaciones de la Central Termica de Emergencia Chao 17.88 MW ubicada en el departamento de La Libertad,https://epdoc2.elperuano.pe/EpPo/DescargaINDA.asp?Referencias=NDNXVldWV1ZXVllCVU5ZQlRNTEhZQkxIOVdfX1RNWUJTOFVOWENMSExI,20240531
20240507,2286145-1,INTERIOR,RESOLUCION SUPREMA,No 083-2024-IN,Dan por concluida la designacion de Intendente Nacional de la Intendencia Nacional de Bomberos del Peru,https://epdoc2.elperuano.pe/EpPo/DescargaINDA.asp?Referencias=NDNXVldWV1ZXVllCVU5ZQlRNTEhZQkxIOVdfX1VOVE05V1ZCWENMSExI,20240531
20240507,2286145-2,INTERIOR,RESOLUCION SUPREMA,No 084-2024-IN,Designan Intendente Nacional de la Intendencia Nacional de Bomberos del Peru,https://epdoc2.elperuano.pe/EpPo/DescargaINDA.asp?Referencias=NDNXVldWV1ZXVllCVU5ZQlRNTEhZQkxITEhfX1VOVE05V1ZCWENMSExI,20240531
20240507,2285979-1,JUSTICIA Y DERECHOS HUMANOS,RESOLUCION MINISTERIAL,No 0108-2024-JUS,Aprueban el Protocolo para la Ejecucion de la Vigilancia Electronica Personal en el marco del Decreto Legislativo No 1322 y sus modificatorias,https://epdoc2.elperuano.pe/EpPo/DescargaINDA.asp?Referencias=NDNXVldWV1ZXVllCVU5ZQlRNTEhZQkxIOVdfX1lYV1ZZWFVOWENMSExI,20240531
20240507,2286151-1,JUSTICIA Y DERECHOS HUMANOS,RESOLUCION MINISTERIAL,No 0109-2024-JUS,Autorizan viaje de Procurador General del Estado a Chile en comision de servicios,https://epdoc2.elperuano.pe/EpPo/DescargaINDA.asp?Referencias=NDNXVldWV1ZXVllCVU5ZQlRNTEhZQkxIOVdfXzlXVU45V1ZCWENMSExI,20240531
20240507,2286441-1,JUSTICIA Y DERECHOS HUMANOS,RESOLUCION SUPREMA,No 069-2024-JUS,Aceptan renuncia y encargan el puesto de Viceministro de Justicia,https://epdoc2.elperuano.pe/EpPo/DescargaINDA.asp?Referencias=NDNXVldWV1ZXVllCVU5ZQlRNTEhZQkxIOVdfXzlXVE1UTVZCWENMSExI,20240531
20240507,2285722-1,PRODUCE,RESOLUCION JEFATURAL,No 000025-2024-FONDEPES/J,Designan Jefe de la Oficina General de Asesoria Juridica del FONDEPES,https://epdoc2.elperuano.pe/EpPo/DescargaINDA.asp?Referencias=NDNXVldWV1ZXVllCVU5ZQlRNTEhZQkxIOVdfX0xITEhXVlVOWENMSExI,20240531
20240507,2286073-1,PRODUCE,RESOLUCION MINISTERIAL,No 000184-2024-PRODUCE,Aprueban los Alcances de las IOARR a desarrollar bajo la modalidad de Nucleos Ejecutores del Sector Produccion,https://epdoc2.elperuano.pe/EpPo/DescargaINDA.asp?Referencias=NDNXVldWV1ZXVllCVU5ZQlRNTEhZQkxIOVdfX1M4V1ZZQlZCWENMSExI,20240531
20240507,2286092-1,PRODUCE,RESOLUCION MINISTERIAL,No 000186-2024-PRODUCE,Designan Director de la Oficina de Seguridad y Defensa Nacional de la Secretaria General del Ministerio,https://epdoc2.elperuano.pe/EpPo/DescargaINDA.asp?Referencias=NDNXVldWV1ZXVllCVU5ZQlRNTEhZQkxIOVdfX0xIWVhZQlZCWENMSExI,20240531
20240507,2285894-1,RELACIONES EXTERIORES,RESOLUCION MINISTERIAL,No 0351-2024-RE,Autorizan viaje de Viceministro de Relaciones Exteriores a EE.UU. en comision de servicios,https://epdoc2.elperuano.pe/EpPo/DescargaINDA.asp?Referencias=NDNXVldWV1ZXVllCVU5ZQlRNTEhZQkxIOVdfX1RNWVhYQ1VOWENMSExI,20240531
20240507,2285901-1,RELACIONES EXTERIORES,RESOLUCION MINISTERIAL,No 0352-2024-RE,Autorizan viaje de funcionarios diplomaticos a EE.UU. en comision de servicios,https://epdoc2.elperuano.pe/EpPo/DescargaINDA.asp?Referencias=NDNXVldWV1ZXVllCVU5ZQlRNTEhZQkxIOVdfXzlXWUJZWFVOWENMSExI,20240531
20240507,2286145-3,TRANSPORTES Y COMUNICACIONES,RESOLUCION SUPREMA,No 008-2024-MTC,Designan miembro del Consejo Directivo de la Superintendencia de Transporte Terrestre de Personas Carga y Mercancias - SUTRAN,https://epdoc2.elperuano.pe/EpPo/DescargaINDA.asp?Referencias=NDNXVldWV1ZXVllCVU5ZQlRNTEhZQkxIUzhfX1VOVE05V1ZCWENMSExI,20240531
20240507,2286116-1,VIVIENDA  CONSTRUCCIoN Y SANEAMIENTO,RESOLUCION DIRECTORAL,No 096-2024/VIVIENDA/VMCS/PNSR,Designan Asesor de Direccion Ejecutiva del Programa Nacional de Saneamiento Rural,https://epdoc2.elperuano.pe/EpPo/DescargaINDA.asp?Referencias=NDNXVldWV1ZXVllCVU5ZQlRNTEhZQkxIOVdfX1ZCOVc5V1ZCWENMSExI,20240531
20240507,2286141-1,VIVIENDA  CONSTRUCCIoN Y SANEAMIENTO,RESOLUCION MINISTERIAL,No 162-2024-VIVIENDA,Designan Asesora II del Despacho Viceministerial de Construccion y Saneamiento,https://epdoc2.elperuano.pe/EpPo/DescargaINDA.asp?Referencias=NDNXVldWV1ZXVllCVU5ZQlRNTEhZQkxIOVdfXzlXVE05V1ZCWENMSExI,20240531
20240507,2286409-1,INTENDENCIA NACIONAL DE BOMBEROS DEL PERU,RESOLUCION,No 033-2024-INBP,Dan por concluida designacion de Gerente General de la Intendencia Nacional de Bomberos del Peru,https://epdoc2.elperuano.pe/EpPo/DescargaINDA.asp?Referencias=NDNXVldWV1ZXVllCVU5ZQlRNTEhZQkxIOVdfX1lYWUJUTVZCWENMSExI,20240531
20240507,2285925-1,ORGANISMO SUPERVISOR DE LA INVERSIoN EN ENERGiA Y MINERiA,RESOLUCION,No 024-2024-OS/GRT,Aprueban costos administrativos y operativos del FISE de las Distribuidoras Electricas en sus actividades vinculadas con el descuento en la compra del balon de gas al mes de febrero de 2024,https://epdoc2.elperuano.pe/EpPo/DescargaINDA.asp?Referencias=NDNXVldWV1ZXVllCVU5ZQlRNTEhZQkxIOVdfX1VOTEhZWFVOWENMSExI,20240531
20240507,2286022-1,AUTORIDAD NACIONAL DEL AGUA,RESOLUCION JEFATURAL,No 0188-2024-ANA,Designan Subdirector de la Unidad de Recursos Humanos de la Oficina de Administracion de la Autoridad Nacional del Agua,https://epdoc2.elperuano.pe/EpPo/DescargaINDA.asp?Referencias=NDNXVldWV1ZXVllCVU5ZQlRNTEhZQkxIOVdfX0xITEhZQlZCWENMSExI,20240531
20240507,2285980-1,CONSEJO SUPERIOR DEL SISTEMA NACIONAL DE EVALUACION  ACREDITACION Y CERTIFICACION DE LA CALIDAD EDUCATIVA,RESOLUCION,No 000041-2024-SINEACE/COSUSINEACE-P,Designan Jefe de la Oficina de Recursos Humanos del Sistema Nacional de Evaluacion Acreditacion y Certificacion de la Calidad Educativa - Sineace,https://epdoc2.elperuano.pe/EpPo/DescargaINDA.asp?Referencias=NDNXVldWV1ZXVllCVU5ZQlRNTEhZQkxIOVdfX1lCWENZWFVOWENMSExI,20240531
20240507,2286387-1,SUPERINTENDENCIA NACIONAL DE FISCALIZACIoN LABORAL,RESOLUCION,No 0000105-2024-SUNAFIL,Aprueban la Directiva No 002-2024-SUNAFIL/DINI denominada Directiva de fiscalizacion sobre el cumplimiento de la cuota de empleo para personas con discapacidad aplicable a los empleadores del Sector Privado,https://epdoc2.elperuano.pe/EpPo/DescargaINDA.asp?Referencias=NDNXVldWV1ZXVllCVU5ZQlRNTEhZQkxIOVdfX1dWWENTOFZCWENMSExI,20240531
20240507,2286245-1,SUPERINTENDENCIA NACIONAL DE MIGRACIONES,RESOLUCION,No 000100-2024-MIGRACIONES,Aprueban plazos con los que la persona nacional debe tramitar la atencion del Procedimiento Administrativo de expedicion del pasaporte electronico ordinario emitido por MIGRACIONES para casos de urgencia y los canales de atencion,https://epdoc2.elperuano.pe/EpPo/DescargaINDA.asp?Referencias=NDNXVldWV1ZXVllCVU5ZQlRNTEhZQkxIOVdfX1VOVE1MSFZCWENMSExI,20240531
20240507,2286228-1,INSTITUCIONES EDUCATIVAS,RESOLUCION,No 192-2024-UNSCH-R,Autorizan viaje de Rector de la Universidad Nacional de San Cristobal de Huamanga a Espana en comision de servicios,https://epdoc2.elperuano.pe/EpPo/DescargaINDA.asp?Referencias=NDNXVldWV1ZXVllCVU5ZQlRNTEhZQkxIOVdfX1hDTEhMSFZCWENMSExI,20240531
20240507,2286048-1,MINISTERIO PUBLICO,RESOLUCION,No 1092-2024-MP-FN,Designan fiscal superior titular penal de Huaura Distrito Fiscal de Huaura,https://epdoc2.elperuano.pe/EpPo/DescargaINDA.asp?Referencias=NDNXVldWV1ZXVllCVU5ZQlRNTEhZQkxIOVdfX1hDVE1ZQlZCWENMSExI,20240531
20240507,2286051-1,MINISTERIO PUBLICO,RESOLUCION,No 1093-2024-MP-FN,Nombran fiscal adjunta provincial provisional del Distrito Fiscal de Lima Centro,https://epdoc2.elperuano.pe/EpPo/DescargaINDA.asp?Referencias=NDNXVldWV1ZXVllCVU5ZQlRNTEhZQkxIOVdfXzlXVU5ZQlZCWENMSExI,20240531
20240507,2286183-1,REGISTRO NACIONAL DE IDENTIFICACION Y ESTADO CIVIL,RESOLUCION JEFATURAL,No 000072-2024/JNAC/RENIEC,Designan Sub Director de Operaciones Registrales de la Direccion de Servicios Registrales del RENIEC,https://epdoc2.elperuano.pe/EpPo/DescargaINDA.asp?Referencias=NDNXVldWV1ZXVllCVU5ZQlRNTEhZQkxIOVdfX1M4WEM5V1ZCWENMSExI,20240531
20240507,2285079-1,MUNICIPALIDAD METROPOLITANA DE LIMA,ORDENANZA,No 2619,Ordenanza que modifica el plano de zonificacion del distrito de Santa Anita aprobado por Ordenanza No 2359,https://epdoc2.elperuano.pe/EpPo/DescargaINDA.asp?Referencias=NDNXVldWV1ZXVllCVU5ZQlRNTEhZQkxIOVdfX1lYV1ZZQlVOWENMSExI,20240531
20240507,2283421-1,MUNICIPALIDAD DE EL AGUSTINO,RESOLUCION DE ALCALDIA,No 062 -2024-MDEA,Designan Ejecutora Coactiva de la Municipalidad,https://epdoc2.elperuano.pe/EpPo/DescargaINDA.asp?Referencias=NDNXVldWV1ZXVllCVU5ZQlRNTEhZQkxIOVdfXzlXTEhUTVM4WENMSExI,20240531
20240507,2283425-1,MUNICIPALIDAD DE EL AGUSTINO,RESOLUCION DE ALCALDIA,No 063-2024-MDEA,Designan Auxiliar Coactivo de la Municipalidad,https://epdoc2.elperuano.pe/EpPo/DescargaINDA.asp?Referencias=NDNXVldWV1ZXVllCVU5ZQlRNTEhZQkxIOVdfX1VOTEhUTVM4WENMSExI,20240531
20240507,2284977-1,MUNICIPALIDAD DE PUCUSANA,ORDENANZA,No 358-2024/MDP,Ordenanza que aprueba la regularizacion de edificaciones sin licencia de edificacion en el distrito de Pucusana,https://epdoc2.elperuano.pe/EpPo/DescargaINDA.asp?Referencias=NDNXVldWV1ZXVllCVU5ZQlRNTEhZQkxIOVdfX1dWV1ZZWFRNWENMSExI,20240531
20240507,2284958-1,MUNICIPALIDAD DE PUCUSANA,Ordenanzas,No 357-2024/MDP,Ordenanza que aprueba la celebracion del Matrimonio Civil Comunitario 2024 en el distrito de Pucusana,https://epdoc2.elperuano.pe/EpPo/DescargaINDA.asp?Referencias=NDNXVldWV1ZXVllCVU5ZQlRNTEhZQkxIOVdfX1hDVU5ZWFRNWENMSExI,20240531
20240507,2285067-1,MUNICIPALIDAD DE PUNTA HERMOSA,DECRETO DE ALCALDIA,No 003-2024-MDPH,Convocan a la realizacion de la Primera Audiencia Publica de Rendicion de Cuentas de la Municipalidad Distrital de Punta Hermosa,https://epdoc2.elperuano.pe/EpPo/DescargaINDA.asp?Referencias=NDNXVldWV1ZXVllCVU5ZQlRNTEhZQkxIOVdfX1dWVkJZQlVOWENMSExI,20240531
20240507,2285453-1,MUNICIPALIDAD DE SAN BORJA,DECRETO DE ALCALDIA,No 005-2024-MSB-A,Aprueban documentos denominados Politica de Integridad y Lucha contra la Corrupcion de la Municipalidad Distrital de San Borja Codigo de etica de la Municipalidad Distrital de San Borja y Directiva de Atencion de Denuncias por presuntos Actos de Corrupcion presentadas ante la Municipalidad Distrital de San Borja,https://epdoc2.elperuano.pe/EpPo/DescargaINDA.asp?Referencias=NDNXVldWV1ZXVllCVU5ZQlRNTEhZQkxIOVdfX1M4VU5UTVVOWENMSExI,20240531
20240507,2285623-1,MUNICIPALIDAD DE SAN JUAN DE LURIGANCHO,Ordenanzas,No 471-MDSJL,Ordenanza que regula el comercio ambulatorio en los espacios publicos del distrito de San Juan de Lurigancho,https://epdoc2.elperuano.pe/EpPo/DescargaINDA.asp?Referencias=NDNXVldWV1ZXVllCVU5ZQlRNTEhZQkxIOVdfX1M4TEhWQlVOWENMSExI,20240531
20240507,2284840-1,MUNICIPALIDAD DE SURQUILLO,RESOLUCION DE ALCALDIA,No 65-2024-MDS,Aprueban la conformacion del Equipo Tecnico del Presupuesto Participativo Basado en Resultados para el Ano Fiscal 2025 del distrito de Surquillo,https://epdoc2.elperuano.pe/EpPo/DescargaINDA.asp?Referencias=NDNXVldWV1ZXVllCVU5ZQlRNTEhZQkxIOVdfX1lCVE1YQ1RNWENMSExI,20240531
20240507,2285871-1,MUNICIPALIDAD DISTRITAL DE MACHUPICCHU,ACUERDO,No 038-2024-MDM-CM,Aprueban y autorizan viaje del Alcalde para participar en evento a realizarse en Argentina,https://epdoc2.elperuano.pe/EpPo/DescargaINDA.asp?Referencias=NDNXVldWV1ZXVllCVU5ZQlRNTEhZQkxIOVdfXzlXV1ZYQ1VOWENMSExI,20240531
20240506,2285721-1,PRESIDENCIA DEL CONSEJO DE MINISTROS,RESOLUCION JEFATURAL,No 003-2024-OEDI-JEF,Aprueban el Manual de Clasificador de Cargos del Organismo de Estudios y Diseno de Proyectos de Inversion,https://epdoc2.elperuano.pe/EpPo/DescargaINDA.asp?Referencias=NDNWQlZCVkJWQllCVU5ZQlRNTEhZQkxIOVdfXzlXTEhXVlVOWENMSExI,20240531
20240506,2285558-1,COMERCIO EXTERIOR Y TURISMO,RESOLUCION MINISTERIAL,No 129-2024-MINCETUR,Formalizan el inicio del proceso de actualizacion de la Politica Nacional en Turismo y dictan otras disposiciones,https://epdoc2.elperuano.pe/EpPo/DescargaINDA.asp?Referencias=NDNWQlZCVkJWQllCVU5ZQlRNTEhZQkxIOVdfX1hDVU5VTlVOWENMSExI,20240531
20240506,2285563-1,COMERCIO EXTERIOR Y TURISMO,RESOLUCION MINISTERIAL,No 130-2024-MINCETUR,Designan Directora General de la Oficina General de Asesoria Juridica del Ministerio,https://epdoc2.elperuano.pe/EpPo/DescargaINDA.asp?Referencias=NDNWQlZCVkJWQllCVU5ZQlRNTEhZQkxIOVdfX1M4VkJVTlVOWENMSExI,20240531
20240506,2284946-1,COMERCIO EXTERIOR Y TURISMO,RESOLUCION VICE MINISTERIAL,No 0018-2024-MINCETUR/VMT,Otorgan el reconocimiento como Pueblo con Encanto al Pueblo de Cascas ubicado en el distrito Cascas provincia de Gran Chimu en el departamento de La Libertad,https://epdoc2.elperuano.pe/EpPo/DescargaINDA.asp?Referencias=NDNWQlZCVkJWQllCVU5ZQlRNTEhZQkxIOVdfX1ZCVE1ZWFRNWENMSExI,20240531
20240506,2285845-1,DESARROLLO AGRARIO Y RIEGO,RESOLUCION MINISTERIAL,No 0151-2024-MIDAGRI,Modifican la R.M. No 0537-2022-MIDAGRI que encargo al Programa Subsectorial de Irrigaciones - PSI el Proyecto Chavimochic Tercera Etapa,https://epdoc2.elperuano.pe/EpPo/DescargaINDA.asp?Referencias=NDNWQlZCVkJWQllCVU5ZQlRNTEhZQkxIOVdfX1VOVE1YQ1VOWENMSExI,20240531
20240506,2285716-1,DESARROLLO E INCLUSIoN SOCIAL,RESOLUCION,No D000358-2024-MIDIS/PNAEQW-DE,Designan Jefa de la Unidad de Asesoria Juridica del Programa Nacional de Alimentacion Escolar Qali Warma,https://epdoc2.elperuano.pe/EpPo/DescargaINDA.asp?Referencias=NDNWQlZCVkJWQllCVU5ZQlRNTEhZQkxIOVdfX1ZCOVdXVlVOWENMSExI,20240531
20240506,2285718-1,ECONOMIA Y FINANZAS,RESOLUCION MINISTERIAL,No 148-2024-EF/43,Aprueban la contratacion del estudio Foley Hoag LLP seleccionado por la Comision Especial en el marco de la Ley No 28933 Ley que establece el Sistema de Coordinacion y Respuesta del Estado en Controversias Internacionales de Inversion,https://epdoc2.elperuano.pe/EpPo/DescargaINDA.asp?Referencias=NDNWQlZCVkJWQllCVU5ZQlRNTEhZQkxIOVdfX1hDOVdXVlVOWENMSExI,20240531
20240506,2285720-1,ECONOMIA Y FINANZAS,RESOLUCION MINISTERIAL,No 150-2024-EF/49,Designan Directora de la Direccion de Programacion y Seguimiento Presupuestal de la Direccion General de Presupuesto Publico del Ministerio,https://epdoc2.elperuano.pe/EpPo/DescargaINDA.asp?Referencias=NDNWQlZCVkJWQllCVU5ZQlRNTEhZQkxIOVdfX1lCTEhXVlVOWENMSExI,20240531
20240506,2285454-1,RELACIONES EXTERIORES,RESOLUCION MINISTERIAL,No 0344-2024-RE,Designan Agregada a la Embajada del Peru en el Reino de Belgica,https://epdoc2.elperuano.pe/EpPo/DescargaINDA.asp?Referencias=NDNWQlZCVkJWQllCVU5ZQlRNTEhZQkxIOVdfX1RNVU5UTVVOWENMSExI,20240531
20240506,2285876-1,RELACIONES EXTERIORES,RESOLUCION MINISTERIAL,No 0349-2024-RE,Autorizan viaje de funcionaria diplomatica a Paraguay en comision de servicios,https://epdoc2.elperuano.pe/EpPo/DescargaINDA.asp?Referencias=NDNWQlZCVkJWQllCVU5ZQlRNTEhZQkxIOVdfX1ZCV1ZYQ1VOWENMSExI,20240531
20240506,2285882-1,RELACIONES EXTERIORES,RESOLUCION MINISTERIAL,No 0350-2024-RE,Autorizan viaje de Asesora del Despacho Ministerial a los EE.UU. en comision de servicios,https://epdoc2.elperuano.pe/EpPo/DescargaINDA.asp?Referencias=NDNWQlZCVkJWQllCVU5ZQlRNTEhZQkxIOVdfX0xIWENYQ1VOWENMSExI,20240531
20240506,2285757-1,TRABAJO Y PROMOCION DEL EMPLEO,RESOLUCION MINISTERIAL,No 075-2024-TR,Designan Jefa de Oficina General de la Oficina General de Asesoria Juridica del Ministerio,https://epdoc2.elperuano.pe/EpPo/DescargaINDA.asp?Referencias=NDNWQlZCVkJWQllCVU5ZQlRNTEhZQkxIOVdfX1dWVU5XVlVOWENMSExI,20240531
20240506,2285243-1,VIVIENDA  CONSTRUCCIoN Y SANEAMIENTO,RESOLUCION MINISTERIAL,No 155-2024-VIVIENDA,Designan Director General de la Oficina General de Gestion de Recursos Humanos,https://epdoc2.elperuano.pe/EpPo/DescargaINDA.asp?Referencias=NDNWQlZCVkJWQllCVU5ZQlRNTEhZQkxIOVdfX1M4VE1MSFVOWENMSExI,20240531
20240506,2285717-1,VIVIENDA  CONSTRUCCIoN Y SANEAMIENTO,RESOLUCION MINISTERIAL,No 161-2024-VIVIENDA,Designan Directora Ejecutiva del Programa Nacional de Saneamiento Urbano,https://epdoc2.elperuano.pe/EpPo/DescargaINDA.asp?Referencias=NDNWQlZCVkJWQllCVU5ZQlRNTEhZQkxIOVdfX1dWOVdXVlVOWENMSExI,20240531
20240506,2285328-1,ORGANISMO SUPERVISOR DE INVERSION PRIVADA EN TELECOMUNICACIONES,RESOLUCION,No 00123-2024-CD/OSIPTEL,Modifican disposiciones relacionadas al servicio de larga distancia,https://epdoc2.elperuano.pe/EpPo/DescargaINDA.asp?Referencias=NDNWQlZCVkJWQllCVU5ZQlRNTEhZQkxIOVdfX1hDTEhTOFVOWENMSExI,20240531
20240506,2285680-1,ORGANISMO SUPERVISOR DE INVERSION PRIVADA EN TELECOMUNICACIONES,RESOLUCION,No 00125-2024-CD/OSIPTEL,Determinan valores de cargos de interconexion diferenciados correspondientes al cargo de acceso a los telefonos publicos urbanos de Telefonica del Peru S.A.A. y al cargo por originacion y/o terminacion de llamadas en la red del servicio publico movil,https://epdoc2.elperuano.pe/EpPo/DescargaINDA.asp?Referencias=NDNWQlZCVkJWQllCVU5ZQlRNTEhZQkxIOVdfX1lCWENWQlVOWENMSExI,20240531
20240506,2285715-1,AUTORIDAD DE TRANSPORTE URBANO PARA LIMA Y CALLAO,RESOLUCION,No 095 -2024-ATU/PE,Designan Asesora I de la Gerencia General de la Autoridad de Transporte Urbano para Lima y Callao - ATU,https://epdoc2.elperuano.pe/EpPo/DescargaINDA.asp?Referencias=NDNWQlZCVkJWQllCVU5ZQlRNTEhZQkxIOVdfX1VOOVdXVlVOWENMSExI,20240531
20240506,2285665-1,INSTITUTO NACIONAL DE DEFENSA DE LA COMPETENCIA Y DE LA PROTECCION DE LA PROPIEDAD INTELECTUAL,RESOLUCION,No 000069-2024-GEG/INDECOPI,Designan Jefa de la Oficina de Asesoria Juridica del INDECOPI,https://epdoc2.elperuano.pe/EpPo/DescargaINDA.asp?Referencias=NDNWQlZCVkJWQllCVU5ZQlRNTEhZQkxIOVdfX1VOVkJWQlVOWENMSExI,20240531
20240506,2285251-1,INSTITUTO NACIONAL DE INVESTIGACION EN GLACIARES Y ECOSISTEMAS DE MONTAnA,RESOLUCION,No 017-2024-INAIGEM/PE,Aprueban modificacion del Presupuesto Institucional del Pliego 056 - Instituto Nacional de Investigacion en Glaciares y Ecosistemas de Montana - INAIGEM,https://epdoc2.elperuano.pe/EpPo/DescargaINDA.asp?Referencias=NDNWQlZCVkJWQllCVU5ZQlRNTEhZQkxIOVdfXzlXVU5MSFVOWENMSExI,20240531
20240506,2285719-1,ORGANISMO DE EVALUACION Y FISCALIZACION AMBIENTAL,RESOLUCION,No 00074-2024-OEFA/PCD,Designan Jefe de la Oficina de Administracion del Organismo de Evaluacion y Fiscalizacion Ambiental - OEFA,https://epdoc2.elperuano.pe/EpPo/DescargaINDA.asp?Referencias=NDNWQlZCVkJWQllCVU5ZQlRNTEhZQkxIOVdfX1lYOVdXVlVOWENMSExI,20240531
20240506,2285656-1,CORTES SUPERIORES DE JUSTICIA,RESOLUCION ADMINISTRATIVA,No 000310-2024-P-CSNJPE-PJ,Integran texto a la Res. Adm. No 000306-2024-P-CSNJPE-PJ,https://epdoc2.elperuano.pe/EpPo/DescargaINDA.asp?Referencias=NDNWQlZCVkJWQllCVU5ZQlRNTEhZQkxIOVdfX1ZCVU5WQlVOWENMSExI,20240531
20240506,2249952-1,INSTITUCIONES EDUCATIVAS,RESOLUCION,No 684-2023-UNU-R,Autorizan adicional de transferencia financiera para control gubernamental de la Universidad Nacional de Ucayali a favor de la Contraloria General de la Republica y del Ministerio Publico - Autoridad Nacional de Control,https://epdoc2.elperuano.pe/EpPo/DescargaINDA.asp?Referencias=NDNWQlZCVkJWQllCVU5ZQlRNTEhZQkxIOVdfX0xIVU5ZWFlYVE1MSExI,20240531
20240506,2284971-1,INSTITUCIONES EDUCATIVAS,RESOLUCION,No 009-2024-UNAJMA/R,Autorizan transferencia financiera de la Universidad Nacional Jose Maria Arguedas - UNAJMA a favor de la Contraloria General de la Republica,https://epdoc2.elperuano.pe/EpPo/DescargaINDA.asp?Referencias=NDNWQlZCVkJWQllCVU5ZQlRNTEhZQkxIOVdfXzlXV1ZZWFRNWENMSExI,20240531
20240506,2284402-1,GOBIERNO REGIONAL DE AMAZONAS,ACUERDO,No 034-2024-GRA/CR-SE,Autorizan la Reduccion de Marco Presupuestal de la Fuente de Financiamiento Donaciones y Transferencias y Recursos Directamente Recaudados,https://epdoc2.elperuano.pe/EpPo/DescargaINDA.asp?Referencias=NDNWQlZCVkJWQllCVU5ZQlRNTEhZQkxIOVdfX0xIWUJUTVRNWENMSExI,20240531
20240506,2285252-1,MUNICIPALIDAD DE CIENEGUILLA,Ordenanzas,No 381-2024-MDC,Ordenanza que otorga beneficios tributarios para el pago del Impuesto Predial Arbitrios Municipales y Multas Tributarias en el distrito de Cieneguilla,https://epdoc2.elperuano.pe/EpPo/DescargaINDA.asp?Referencias=NDNWQlZCVkJWQllCVU5ZQlRNTEhZQkxIOVdfX0xIVU5MSFVOWENMSExI,20240531
20240505,2285711-1,AMBIENTE,RESOLUCION,No 043-2024-SENAMHI/PREJ,Designan Director de la Unidad de Contabilidad de la Oficina de Administracion del SENAMHI,https://epdoc2.elperuano.pe/EpPo/DescargaINDA.asp?Referencias=NDNVTlVOVU5VTllCVU5ZQlRNTEhZQkxIOVdfXzlXOVdXVlVOWENMSExI,20240531
20240505,2285551-1,COMERCIO EXTERIOR Y TURISMO,RESOLUCION MINISTERIAL,No 128-2024-MINCETUR,Autorizan viaje de representantes del Ministerio para que participen en mision tecnica a realizarse en Chile,https://epdoc2.elperuano.pe/EpPo/DescargaINDA.asp?Referencias=NDNVTlVOVU5VTllCVU5ZQlRNTEhZQkxIOVdfXzlXVU5VTlVOWENMSExI,20240531
20240505,2285691-1,COMERCIO EXTERIOR Y TURISMO,RESOLUCION MINISTERIAL,No 133-2024-MINCETUR,Autorizan viaje de representantes del Ministerio para que participen en mision tecnica a realizarse en Chile,https://epdoc2.elperuano.pe/EpPo/DescargaINDA.asp?Referencias=NDNVTlVOVU5VTllCVU5ZQlRNTEhZQkxIOVdfXzlXWVhWQlVOWENMSExI,20240531
20240505,2285592-1,DEFENSA,RESOLUCION MINISTERIAL,Nª 00417-2024-DE,Autorizan viaje de oficial del Ejercito del Peru a los EE.UU. en mision de estudios,https://epdoc2.elperuano.pe/EpPo/DescargaINDA.asp?Referencias=NDNVTlVOVU5VTllCVU5ZQlRNTEhZQkxIOVdfX0xIWVhVTlVOWENMSExI,20240531
20240505,2285596-1,DEFENSA,RESOLUCION MINISTERIAL,Nª 00419-2024-DE,Autorizan viaje de personal militar a los Estados Unidos de America en mision de estudios,https://epdoc2.elperuano.pe/EpPo/DescargaINDA.asp?Referencias=NDNVTlVOVU5VTllCVU5ZQlRNTEhZQkxIOVdfX1ZCWVhVTlVOWENMSExI,20240531
20240505,2285698-1,DEFENSA,RESOLUCION MINISTERIAL,No 00423-2024-DE,Autorizan viaje de funcionarios del Ministerio a EE.UU. en comision de servicios,https://epdoc2.elperuano.pe/EpPo/DescargaINDA.asp?Referencias=NDNVTlVOVU5VTllCVU5ZQlRNTEhZQkxIOVdfX1hDWVhWQlVOWENMSExI,20240531
20240505,2285710-1,ECONOMIA Y FINANZAS,RESOLUCION MINISTERIAL,No 146-2024-EF/43,Aprueban la contratacion del estudio Baker Botts LLP seleccionado por la Comision Especial en el marco de la Ley No 28933 Ley que establece el Sistema de Coordinacion y Respuesta del Estado en Controversias Internacionales de Inversion,https://epdoc2.elperuano.pe/EpPo/DescargaINDA.asp?Referencias=NDNVTlVOVU5VTllCVU5ZQlRNTEhZQkxIOVdfX1lCOVdXVlVOWENMSExI,20240531
20240505,2285712-1,ECONOMIA Y FINANZAS,RESOLUCION MINISTERIAL,No 147-2024-EF/43,Aprueban la contratacion del estudio Baker Botts LLP seleccionado por la Comision Especial en el marco de la Ley No 28933 Ley que establece el Sistema de Coordinacion y Respuesta del Estado en Controversias Internacionales de Inversion,https://epdoc2.elperuano.pe/EpPo/DescargaINDA.asp?Referencias=NDNVTlVOVU5VTllCVU5ZQlRNTEhZQkxIOVdfX0xIOVdXVlVOWENMSExI,20240531
20240505,2285707-1,INTERIOR,RESOLUCION MINISTERIAL,No 0591-2024-IN,Autorizan viaje de oficial de la Policia Nacional del Peru a EE.UU. en comision de servicios,https://epdoc2.elperuano.pe/EpPo/DescargaINDA.asp?Referencias=NDNVTlVOVU5VTllCVU5ZQlRNTEhZQkxIOVdfX1dWWUJXVlVOWENMSExI,20240531
20240505,2285652-1,PRODUCE,RESOLUCION,No 408-2024-PRODUCE/PROINNOVATE,Aprueban el otorgamiento de subvenciones a favor de beneficiarios con cargo al Presupuesto Institucional 2024 del Programa Nacional de Innovacion para la Competitividad y Productividad,https://epdoc2.elperuano.pe/EpPo/DescargaINDA.asp?Referencias=NDNVTlVOVU5VTllCVU5ZQlRNTEhZQkxIOVdfX0xIVU5WQlVOWENMSExI,20240531
20240505,2285699-1,RELACIONES EXTERIORES,RESOLUCION MINISTERIAL,No 0346-2024-RE,Autorizan viaje de funcionario diplomatico a Guatemala en comision de servicios,https://epdoc2.elperuano.pe/EpPo/DescargaINDA.asp?Referencias=NDNVTlVOVU5VTllCVU5ZQlRNTEhZQkxIOVdfX1lYWVhWQlVOWENMSExI,20240531
20240505,2285701-1,RELACIONES EXTERIORES,RESOLUCION MINISTERIAL,No 0347-2024-RE,Autorizan viaje de funcionario diplomatico a EE.UU. en comision de servicios,https://epdoc2.elperuano.pe/EpPo/DescargaINDA.asp?Referencias=NDNVTlVOVU5VTllCVU5ZQlRNTEhZQkxIOVdfXzlXWUJXVlVOWENMSExI,20240531
20240505,2285694-1,SALUD,RESOLUCION MINISTERIAL,No 304-2024/MINSA,Autorizan viaje de profesionales de la Direccion General de Medicamentos Insumos y Drogas a la India en comision de servicios,https://epdoc2.elperuano.pe/EpPo/DescargaINDA.asp?Referencias=NDNVTlVOVU5VTllCVU5ZQlRNTEhZQkxIOVdfX1RNWVhWQlVOWENMSExI,20240531
20240505,2285702-1,VIVIENDA  CONSTRUCCIoN Y SANEAMIENTO,RESOLUCION MINISTERIAL,No 157-2024-VIVIENDA,Designan representante del Ministerio de Vivienda Construccion y Saneamiento-SBN ante el Consejo Directivo del Proyecto Especial Chinecas,https://epdoc2.elperuano.pe/EpPo/DescargaINDA.asp?Referencias=NDNVTlVOVU5VTllCVU5ZQlRNTEhZQkxIOVdfX0xIWUJXVlVOWENMSExI,20240531
20240505,2285704-1,VIVIENDA  CONSTRUCCIoN Y SANEAMIENTO,RESOLUCION MINISTERIAL,No 158-2024-VIVIENDA,Aprueban quinta convocatoria del ano 2024 para el otorgamiento de veintinueve Bonos de Arrendamiento de Vivienda para Emergencias dirigida a igual numero de potenciales beneficiarios constituidos por los damnificados con viviendas colapsadas o inhabitables ante intensas precipitaciones pluviales ubicadas en el distrito de Yurimaguas de la provincia de Alto Amazonas del departamento de Loreto,https://epdoc2.elperuano.pe/EpPo/DescargaINDA.asp?Referencias=NDNVTlVOVU5VTllCVU5ZQlRNTEhZQkxIOVdfX1RNWUJXVlVOWENMSExI,20240531
20240505,2285689-1,SIERRA Y SELVA EXPORTADORA,RESOLUCION,No 024-2024-MIDAGRI-SSE/PE,Designan Asesor I de la Presidencia Ejecutiva de Sierra y Selva Exportadora,https://epdoc2.elperuano.pe/EpPo/DescargaINDA.asp?Referencias=NDNVTlVOVU5VTllCVU5ZQlRNTEhZQkxIOVdfX1lYWENWQlVOWENMSExI,20240531
20240505,2285690-1,SIERRA Y SELVA EXPORTADORA,RESOLUCION,No 023-2024-MIDAGRI-SSE/PE,Aprueban transferencia a favor de la Contraloria General de la Republica,https://epdoc2.elperuano.pe/EpPo/DescargaINDA.asp?Referencias=NDNVTlVOVU5VTllCVU5ZQlRNTEhZQkxIOVdfX1lCWVhWQlVOWENMSExI,20240531
20240505,2285693-1,AUTORIDAD DE TRANSPORTE URBANO PARA LIMA Y CALLAO,RESOLUCION,No 094-2024-ATU/PE,Designan Asesora I de la Gerencia General de la Autoridad de Transporte Urbano para Lima y Callao - ATU,https://epdoc2.elperuano.pe/EpPo/DescargaINDA.asp?Referencias=NDNVTlVOVU5VTllCVU5ZQlRNTEhZQkxIOVdfX1M4WVhWQlVOWENMSExI,20240531
20240505,2285695-1,AUTORIDAD DE TRANSPORTE URBANO PARA LIMA Y CALLAO,RESOLUCION,No 096-2024-ATU/PE,Designan Asesor II de la Presidencia Ejecutiva de la Autoridad de Transporte Urbano para Lima y Callao - ATU,https://epdoc2.elperuano.pe/EpPo/DescargaINDA.asp?Referencias=NDNVTlVOVU5VTllCVU5ZQlRNTEhZQkxIOVdfX1VOWVhWQlVOWENMSExI,20240531
20240505,2285696-1,AUTORIDAD DE TRANSPORTE URBANO PARA LIMA Y CALLAO,RESOLUCION,No 099-2024-ATU/PE,Designan Subdirectora de la Subdireccion de Servicios de Transporte Regular de la Direccion de Operaciones de la Autoridad de Transporte Urbano para Lima y Callao - ATU,https://epdoc2.elperuano.pe/EpPo/DescargaINDA.asp?Referencias=NDNVTlVOVU5VTllCVU5ZQlRNTEhZQkxIOVdfX1ZCWVhWQlVOWENMSExI,20240531
20240505,2285692-1,ORGANISMO NACIONAL DE SANIDAD PESQUERA,RESOLUCION,No 075-2024-SANIPES/PE,Designan Jefa de la Unidad de Atencion al Ciudadano y Gestion Documental del Organismo Nacional de Sanidad Pesquera - SANIPES,https://epdoc2.elperuano.pe/EpPo/DescargaINDA.asp?Referencias=NDNVTlVOVU5VTllCVU5ZQlRNTEhZQkxIOVdfX0xIWVhWQlVOWENMSExI,20240531
20240505,2285539-1,CONSEJO EJECUTIVO DEL PODER JUDICIAL,INVESTIGACION,DEFINITIVA No 2186-2022-SAN MARTiN,Imponen la medida disciplinaria de destitucion a secretario judicial del Juzgado Mixto en adicion Juzgado Penal Unipersonal de la Provincia de El Dorado Corte Superior de Justicia de San Martin,https://epdoc2.elperuano.pe/EpPo/DescargaINDA.asp?Referencias=NDNVTlVOVU5VTllCVU5ZQlRNTEhZQkxIOVdfX1lYUzhVTlVOWENMSExI,20240531
20240505,2285542-1,CONSEJO EJECUTIVO DEL PODER JUDICIAL,INVESTIGACION,DEFINITIVA No 330-2022-CAJAMARCA,Imponen la medida disciplinaria de destitucion a Juez de Paz de unica Nominacion de Choctapata Rojaspampa de la provincia de Chota Corte Superior de Justicia de Cajamarca,https://epdoc2.elperuano.pe/EpPo/DescargaINDA.asp?Referencias=NDNVTlVOVU5VTllCVU5ZQlRNTEhZQkxIOVdfX0xIVE1VTlVOWENMSExI,20240531
20240505,2285543-1,CONSEJO EJECUTIVO DEL PODER JUDICIAL,INVESTIGACION,DEFINITIVA No 1242-2021-LIMA NORTE,Imponen la medida disciplinaria de destitucion a secretario judicial del Segundo Juzgado de Trabajo Transitorio de Independencia Distrito Judicial de Lima Norte,https://epdoc2.elperuano.pe/EpPo/DescargaINDA.asp?Referencias=NDNVTlVOVU5VTllCVU5ZQlRNTEhZQkxIOVdfX1M4VE1VTlVOWENMSExI,20240531
20240505,2285524-1,CONTRALORIA GENERAL DE LA REPUBLICA,RESOLUCION,No 225-2024-CG,Dan por terminada la designacion de Jefa del organo de Control Institucional de la Municipalidad Distrital de La Molina,https://epdoc2.elperuano.pe/EpPo/DescargaINDA.asp?Referencias=NDNVTlVOVU5VTllCVU5ZQlRNTEhZQkxIOVdfX1RNTEhVTlVOWENMSExI,20240531
20240505,2285555-1,CONTRALORIA GENERAL DE LA REPUBLICA,RESOLUCION,No 227-2024-CG,Designan Jefa del organo de Control Institucional de la Zona Registral No VI - Sede Pucallpa - Ucayali,https://epdoc2.elperuano.pe/EpPo/DescargaINDA.asp?Referencias=NDNVTlVOVU5VTllCVU5ZQlRNTEhZQkxIOVdfX1VOVU5VTlVOWENMSExI,20240531
20240505,2285566-1,CONTRALORIA GENERAL DE LA REPUBLICA,RESOLUCION,No 228-2024-CG,Designan Jefe del organo de Control Institucional de la Municipalidad Provincial de Bolivar,https://epdoc2.elperuano.pe/EpPo/DescargaINDA.asp?Referencias=NDNVTlVOVU5VTllCVU5ZQlRNTEhZQkxIOVdfX1ZCVkJVTlVOWENMSExI,20240531
20240505,2285575-1,CONTRALORIA GENERAL DE LA REPUBLICA,RESOLUCION,No 229-2024-CG,Disponen dar cumplimiento a mandato judicial y designan Jefe del organo de Control Institucional de la Municipalidad Distrital de Cieneguilla,https://epdoc2.elperuano.pe/EpPo/DescargaINDA.asp?Referencias=NDNVTlVOVU5VTllCVU5ZQlRNTEhZQkxIOVdfX1VOV1ZVTlVOWENMSExI,20240531
20240505,2281077-1,GOBIERNO REGIONAL DE HUANUCO,ACUERDO,No 029-2024-GRH-CR,Aprueban modificacion del presupuesto institucional del Gobierno Regional Huanuco,https://epdoc2.elperuano.pe/EpPo/DescargaINDA.asp?Referencias=NDNVTlVOVU5VTllCVU5ZQlRNTEhZQkxIOVdfX1dWV1ZZQjlXWENMSExI,20240531
20240505,2277393-1,GOBIERNO REGIONAL DE PASCO,ORDENANZA,No 507-2023-G.R.PASCO/CR,Prohiben los incendios forestales de bosques primarios secundarios y zonas destinados para uso agricola en todo el ambito de la jurisdiccion de la Region Pasco,https://epdoc2.elperuano.pe/EpPo/DescargaINDA.asp?Referencias=NDNVTlVOVU5VTllCVU5ZQlRNTEhZQkxIOVdfX1M4WVhTOFdWV1ZMSExI,20240531
20240505,2277395-1,GOBIERNO REGIONAL DE PASCO,ORDENANZA,No 510-2024-G.R.P/CR,Aprueban el Plan de Accion Regional de Seguridad Ciudadana Pasco 2024 - 2027,https://epdoc2.elperuano.pe/EpPo/DescargaINDA.asp?Referencias=NDNVTlVOVU5VTllCVU5ZQlRNTEhZQkxIOVdfX1VOWVhTOFdWV1ZMSExI,20240531
20240505,2284726-1,MUNICIPALIDAD METROPOLITANA DE LIMA,ORDENANZA,No 2618,Ordenanza que modifica el Plano de Zonificacion del distrito de San Borja aprobado por Ordenanza No 1063,https://epdoc2.elperuano.pe/EpPo/DescargaINDA.asp?Referencias=NDNVTlVOVU5VTllCVU5ZQlRNTEhZQkxIOVdfX1ZCTEhXVlRNWENMSExI,20240531
20240505,2285705-1,MUNICIPALIDAD DE ATE,DECRETO DE ALCALDIA,No 0005,Aprueban Cronograma de la Primera Audiencia Publica de Rendicion de Cuentas del ano fiscal 2024,https://epdoc2.elperuano.pe/EpPo/DescargaINDA.asp?Referencias=NDNVTlVOVU5VTllCVU5ZQlRNTEhZQkxIOVdfX1VOWUJXVlVOWENMSExI,20240531
20240505,2285516-1,MUNICIPALIDAD DE ATE,ORDENANZA,No 612-MDA,Ordenanza que establece amnistia en el pago de deudas tributarias y no tributarias en el distrito de Ate,https://epdoc2.elperuano.pe/EpPo/DescargaINDA.asp?Referencias=NDNVTlVOVU5VTllCVU5ZQlRNTEhZQkxIOVdfX1ZCOVdVTlVOWENMSExI,20240531
20240505,2285428-1,MUNICIPALIDAD DE MIRAFLORES,ORDENANZA,No 639/MM,Modifican la Ordenanza No 442/MM Ordenanza que crea el Consejo Distrital de la Juventud de Miraflores,https://epdoc2.elperuano.pe/EpPo/DescargaINDA.asp?Referencias=NDNVTlVOVU5VTllCVU5ZQlRNTEhZQkxIOVdfX1hDTEhUTVVOWENMSExI,20240531
20240505,2285628-1,MUNICIPALIDAD DE SAN JUAN DE LURIGANCHO,Ordenanzas,No 470-MDSJL,Ordenanza que aprueba el establecimiento de medidas correctivas a propietarios poseedores o tenedores de aquellos bienes muebles que obstaculicen dificulten y/o interrumpan el uso de espacios publicos en el distrito de San Juan de Lurigancho,https://epdoc2.elperuano.pe/EpPo/DescargaINDA.asp?Referencias=NDNVTlVOVU5VTllCVU5ZQlRNTEhZQkxIOVdfX1hDTEhWQlVOWENMSExI,20240531
20240505,2285635-1,MUNICIPALIDAD DE SAN JUAN DE LURIGANCHO,Ordenanzas,No 469-MDSJL,Ordenanza que crea el Comite Distrital Multisectorial de Accion Contra la Trata de Personas y Trafico Ilicito de Migrantes en agravio de ninos ninas y adolescentes en el distrito de San Juan de Lurigancho,https://epdoc2.elperuano.pe/EpPo/DescargaINDA.asp?Referencias=NDNVTlVOVU5VTllCVU5ZQlRNTEhZQkxIOVdfX1VOUzhWQlVOWENMSExI,20240531
20240505,2285219-1,MUNICIPALIDAD DE SANTIAGO DE SURCO,ACUERDO,No 034-2024-ACSS,Aprueban se otorgue la nomenclatura de Parque Luis Justino Manrique Pizarro como un homenaje y reconocimiento a todos los miembros del cuerpo de Serenazgo de la Municipalidad de Santiago de Surco a un Parque del distrito,https://epdoc2.elperuano.pe/EpPo/DescargaINDA.asp?Referencias=NDNVTlVOVU5VTllCVU5ZQlRNTEhZQkxIOVdfX1lYOVdMSFVOWENMSExI,20240531
20240505,2284906-1,MUNICIPALIDAD DE VENTANILLA,DECRETO DE ALCALDIA,No 005-2024/MDV-ALC,Convocan a la Primera Audiencia Publica del Distrito de Ventanilla para el ano 2024,https://epdoc2.elperuano.pe/EpPo/DescargaINDA.asp?Referencias=NDNVTlVOVU5VTllCVU5ZQlRNTEhZQkxIOVdfX1ZCWUJZWFRNWENMSExI,20240531
20240505,2284886-1,MUNICIPALIDAD DE VENTANILLA,ORDENANZA,No 05-2024/MDV,Ordenanza Municipal que establece beneficios para la regularizacion de deudas tributarias y no tributarias,https://epdoc2.elperuano.pe/EpPo/DescargaINDA.asp?Referencias=NDNVTlVOVU5VTllCVU5ZQlRNTEhZQkxIOVdfX1ZCWENYQ1RNWENMSExI,20240531
20240504,2285684-1,CONGRESO DE LA REPUBLICA,RESOLUCION LEGISLATIVA,No 32015,Resolucion Legislativa que autoriza el ingreso de una unidad naval y de personal militar extranjero con armas de guerra al territorio de la Republica del Peru,https://epdoc2.elperuano.pe/EpPo/DescargaINDA.asp?Referencias=NDNUTVRNVE1UTVlCVU5ZQlRNTEhZQkxIOVdfX1RNWENWQlVOWENMSExI,20240531
20240504,2285688-1,PRESIDENCIA DEL CONSEJO DE MINISTROS,RESOLUCION MINISTERIAL,No 134-2024-PCM,Modifican el articulo 11 de la Resolucion Ministerial No 302-2023-PCM que crea el Grupo de Trabajo Multisectorial de naturaleza temporal denominado Mesa Tecnica para el fortalecimiento del Fondo de Compensacion Municipal-FONCOMUN,https://epdoc2.elperuano.pe/EpPo/DescargaINDA.asp?Referencias=NDNUTVRNVE1UTVlCVU5ZQlRNTEhZQkxIOVdfX1hDWENWQlVOWENMSExI,20240531
20240504,2285687-2,PRESIDENCIA DEL CONSEJO DE MINISTROS,RESOLUCION SUPREMA,No 120-2024-PCM,Autorizan viaje del Ministro de Justicia y Derechos Humanos a Guatemala y encargan su Despacho al Ministro de Trabajo y Promocion del Empleo,https://epdoc2.elperuano.pe/EpPo/DescargaINDA.asp?Referencias=NDNUTVRNVE1UTVlCVU5ZQlRNTEhZQkxITEhfX1dWWENWQlVOWENMSExI,20240531
20240504,2284370-1,COMERCIO EXTERIOR Y TURISMO,RESOLUCION MINISTERIAL,No 123-2024-MINCETUR,Autorizan viaje de representantes del Ministerio para que participen en evento a realizarse en el Brasil,https://epdoc2.elperuano.pe/EpPo/DescargaINDA.asp?Referencias=NDNUTVRNVE1UTVlCVU5ZQlRNTEhZQkxIOVdfX1lCV1ZTOFRNWENMSExI,20240531
20240504,2285068-1,COMERCIO EXTERIOR Y TURISMO,RESOLUCION MINISTERIAL,No 125-2024-MINCETUR,Aprueban los Valores para la aplicacion de la Metodologia para el calculo de la sancion de multa aplicable a los prestadores de servicios turisticos dentro del procedimiento administrativo sancionador y disposiciones complementarias y los Valores para la aplicacion de la Metodologia para el calculo de la sancion de suspension aplicable a los prestadores de servicios turisticos dentro del procedimiento administrativo sancionador y disposiciones complementarias,https://epdoc2.elperuano.pe/EpPo/DescargaINDA.asp?Referencias=NDNUTVRNVE1UTVlCVU5ZQlRNTEhZQkxIOVdfX1hDVkJZQlVOWENMSExI,20240531
20240504,2285105-1,CULTURA,RESOLUCION VICE MINISTERIAL,No 000088-2024-VMPCIC/MC,Declaran Patrimonio Cultural de la Nacion a bien cultural mueble perteneciente a ciudadano,https://epdoc2.elperuano.pe/EpPo/DescargaINDA.asp?Referencias=NDNUTVRNVE1UTVlCVU5ZQlRNTEhZQkxIOVdfX1VOWUI5V1VOWENMSExI,20240531
20240504,2285522-1,DEFENSA,RESOLUCION MINISTERIAL,No 00420-2024-DE,Autorizan viaje de oficiales de la Fuerza Aerea del Peru a EE.UU. en comision de servicios,https://epdoc2.elperuano.pe/EpPo/DescargaINDA.asp?Referencias=NDNUTVRNVE1UTVlCVU5ZQlRNTEhZQkxIOVdfX0xITEhVTlVOWENMSExI,20240531
20240504,2285685-3,DESARROLLO AGRARIO Y RIEGO,DECRETO SUPREMO,No 004-2024-MIDAGRI,Decreto Supremo que aprueba el Reglamento del Fondo de Garantia para el Campo y del Seguro Agrario,https://epdoc2.elperuano.pe/EpPo/DescargaINDA.asp?Referencias=NDNUTVRNVE1UTVlCVU5ZQlRNTEhZQkxIUzhfX1VOWENWQlVOWENMSExI,20240531
20240504,2285074-1,DESARROLLO AGRARIO Y RIEGO,RESOLUCION DIRECTORAL,No D000016-2024-MIDAGRI-SENASA-DSV,Establecen requisitos fitosanitarios de cumplimiento obligatorio para la importacion de semillas de cannabis de origen y procedencia de la Republica de Serbia,https://epdoc2.elperuano.pe/EpPo/DescargaINDA.asp?Referencias=NDNUTVRNVE1UTVlCVU5ZQlRNTEhZQkxIOVdfX1RNV1ZZQlVOWENMSExI,20240531
20240504,2285310-1,DESARROLLO E INCLUSIoN SOCIAL,RESOLUCION,No D000347-2024-MIDIS/PNAEQW-DE,Designan Jefe de la Unidad de Planeamiento Presupuesto y Modernizacion del Programa Nacional de Alimentacion Escolar Qali Warma,https://epdoc2.elperuano.pe/EpPo/DescargaINDA.asp?Referencias=NDNUTVRNVE1UTVlCVU5ZQlRNTEhZQkxIOVdfX1lCOVdTOFVOWENMSExI,20240531
20240504,2285687-1,ECONOMIA Y FINANZAS,DECRETO SUPREMO,No 077-2024-EF,Decreto Supremo que autoriza Transferencia de Partidas en el Presupuesto del Sector Publico para el Ano Fiscal 2024 a favor de los Gobiernos Locales,https://epdoc2.elperuano.pe/EpPo/DescargaINDA.asp?Referencias=NDNUTVRNVE1UTVlCVU5ZQlRNTEhZQkxIOVdfX1dWWENWQlVOWENMSExI,20240531
20240504,2285685-1,EDUCACION,DECRETO SUPREMO,No 007-2024-MINEDU,Decreto Supremo que modifica el Reglamento de Creacion y Funcionamiento de Secciones de Facultad o Secciones de Escuelas Profesionales de las universidades publicas licenciadas aprobado por Decreto Supremo No 012-2022-MINEDU,https://epdoc2.elperuano.pe/EpPo/DescargaINDA.asp?Referencias=NDNUTVRNVE1UTVlCVU5ZQlRNTEhZQkxIOVdfX1VOWENWQlVOWENMSExI,20240531
20240504,2285421-1,ENERGIA Y MINAS,RESOLUCION MINISTERIAL,No 186-2024-MINEM/DM,Designan Asesora de Alta Direccion del Despacho Ministerial,https://epdoc2.elperuano.pe/EpPo/DescargaINDA.asp?Referencias=NDNUTVRNVE1UTVlCVU5ZQlRNTEhZQkxIOVdfXzlXTEhUTVVOWENMSExI,20240531
20240504,2285709-1,ENERGIA Y MINAS,RESOLUCION MINISTERIAL,No 189-2024-MINEM/DM,Designan Director General de la Direccion General de Hidrocarburos,https://epdoc2.elperuano.pe/EpPo/DescargaINDA.asp?Referencias=NDNUTVRNVE1UTVlCVU5ZQlRNTEhZQkxIOVdfX1lYWUJXVlVOWENMSExI,20240531
20240504,2285703-1,INTERIOR,RESOLUCION MINISTERIAL,No 0592-2024-IN,Autorizan viaje de oficial de la Policia Nacional del Peru a Ecuador en comision de servicios,https://epdoc2.elperuano.pe/EpPo/DescargaINDA.asp?Referencias=NDNUTVRNVE1UTVlCVU5ZQlRNTEhZQkxIOVdfX1M4WUJXVlVOWENMSExI,20240531
20240504,2285706-1,INTERIOR,RESOLUCION MINISTERIAL,No 0593-2024-IN,Autorizan viaje de funcionarios del Ministerio a EE. UU. en comision de servicios,https://epdoc2.elperuano.pe/EpPo/DescargaINDA.asp?Referencias=NDNUTVRNVE1UTVlCVU5ZQlRNTEhZQkxIOVdfX1ZCWUJXVlVOWENMSExI,20240531
20240504,2285708-1,JUSTICIA Y DERECHOS HUMANOS,RESOLUCION MINISTERIAL,No 0106-2024-JUS,Crean el Grupo de Trabajo sectorial de naturaleza temporal dependiente del Ministerio de Justicia y Derechos Humanos para la elaboracion de propuestas que coadyuven a la reestructuracion y fortalecimiento del Programa Nacional de Centros Juveniles,https://epdoc2.elperuano.pe/EpPo/DescargaINDA.asp?Referencias=NDNUTVRNVE1UTVlCVU5ZQlRNTEhZQkxIOVdfX1hDWUJXVlVOWENMSExI,20240531
20240504,2285714-1,JUSTICIA Y DERECHOS HUMANOS,RESOLUCION MINISTERIAL,No 0107-2024-JUS,Designan Directora de Sistema Administrativo II Jefa de la Oficina de Administracion Documentaria y Archivo de la Oficina General de Administracion,https://epdoc2.elperuano.pe/EpPo/DescargaINDA.asp?Referencias=NDNUTVRNVE1UTVlCVU5ZQlRNTEhZQkxIOVdfX1RNOVdXVlVOWENMSExI,20240531
20240504,2285684-2,JUSTICIA Y DERECHOS HUMANOS,RESOLUCION SUPREMA,No 068-2024-JUS,Designan Procurador General del Estado,https://epdoc2.elperuano.pe/EpPo/DescargaINDA.asp?Referencias=NDNUTVRNVE1UTVlCVU5ZQlRNTEhZQkxITEhfX1RNWENWQlVOWENMSExI,20240531
20240504,2285685-2,PRODUCE,DECRETO SUPREMO,No 005-2024-PRODUCE,Decreto Supremo que modifica diversos articulos y el Anexo 1 de la Norma Sanitaria de Moluscos Bivalvos Vivos aprobada por Decreto Supremo No 07-2004-PRODUCE,https://epdoc2.elperuano.pe/EpPo/DescargaINDA.asp?Referencias=NDNUTVRNVE1UTVlCVU5ZQlRNTEhZQkxITEhfX1VOWENWQlVOWENMSExI,20240531
20240504,2285373-1,PRODUCE,RESOLUCION,No 041-2024-IMARPE/DEC,Oficializan aprobacion del Plan Estrategico Institucional (PEI) 2020-2027 del Pliego IMARPE (ampliacion de temporalidad),https://epdoc2.elperuano.pe/EpPo/DescargaINDA.asp?Referencias=NDNUTVRNVE1UTVlCVU5ZQlRNTEhZQkxIOVdfX1M4V1ZTOFVOWENMSExI,20240531
20240504,2285649-1,PRODUCE,RESOLUCION MINISTERIAL,No 00182-2024-PRODUCE,Autorizan viaje de servidora del Programa Nacional de Desarrollo Tecnologico e Innovacion - PROINNOVATE a Argentina en comision de servicios,https://epdoc2.elperuano.pe/EpPo/DescargaINDA.asp?Referencias=NDNUTVRNVE1UTVlCVU5ZQlRNTEhZQkxIOVdfX1lYVE1WQlVOWENMSExI,20240531
20240504,2285586-1,RELACIONES EXTERIORES,RESOLUCION MINISTERIAL,No 0345-2024-RE,Autorizan viaje de funcionaria diplomatica a la Republica Federal de Alemania en comision de servicios,https://epdoc2.elperuano.pe/EpPo/DescargaINDA.asp?Referencias=NDNUTVRNVE1UTVlCVU5ZQlRNTEhZQkxIOVdfX1ZCWENVTlVOWENMSExI,20240531
20240504,2285220-1,SALUD,RESOLUCION,No 28-2024-PRONIS-CG,Designan jefe de la Unidad de Obras del Programa Nacional de Inversiones en Salud - PRONIS,https://epdoc2.elperuano.pe/EpPo/DescargaINDA.asp?Referencias=NDNUTVRNVE1UTVlCVU5ZQlRNTEhZQkxIOVdfX1lCTEhMSFVOWENMSExI,20240531
20240504,2285601-1,SALUD,RESOLUCION MINISTERIAL,No 301-2024/MINSA,Designan Asesor de la Secretaria General del Ministerio de Salud,https://epdoc2.elperuano.pe/EpPo/DescargaINDA.asp?Referencias=NDNUTVRNVE1UTVlCVU5ZQlRNTEhZQkxIOVdfXzlXWUJWQlVOWENMSExI,20240531
20240504,2285659-1,SALUD,RESOLUCION MINISTERIAL,No 302-2024/MINSA,Incorporan Ficha denominada: Repelente en gel en el Anexo No 5 Fichas tecnicas de preparados farmaceuticos estandarizados de la Norma Tecnica de Salud para la Elaboracion de Preparados Farmaceuticos,https://epdoc2.elperuano.pe/EpPo/DescargaINDA.asp?Referencias=NDNUTVRNVE1UTVlCVU5ZQlRNTEhZQkxIOVdfX1lYVU5WQlVOWENMSExI,20240531
20240504,2285559-1,TRABAJO Y PROMOCION DEL EMPLEO,RESOLUCION MINISTERIAL,No 076-2024-TR,Aprueban otorgamiento de subvenciones a favor de la Caja de Proteccion y Asistencia Social de la Ley No 10674 y de la Caja de Proteccion y Asistencia de los Trabajadores Lustradores de Calzado del Peru,https://epdoc2.elperuano.pe/EpPo/DescargaINDA.asp?Referencias=NDNUTVRNVE1UTVlCVU5ZQlRNTEhZQkxIOVdfX1lYVU5VTlVOWENMSExI,20240531
20240504,2284955-1,TRANSPORTES Y COMUNICACIONES,RESOLUCION MINISTERIAL,No 217-2024-MTC/01.02,Aprueban ejecucion de expropiacion de area afectada de inmueble para la ejecucion de la obra: Rehabilitacion y Mejoramiento de la carretera Huallanca - Caraz,https://epdoc2.elperuano.pe/EpPo/DescargaINDA.asp?Referencias=NDNUTVRNVE1UTVlCVU5ZQlRNTEhZQkxIOVdfX1VOVU5ZWFRNWENMSExI,20240531
20240504,2284961-1,TRANSPORTES Y COMUNICACIONES,RESOLUCION MINISTERIAL,No 218-2024-MTC/01.03,Otorgan a la empresa INVERSIONES EN ENERGIA Y CONSTRUCCION SOLARLED EMPRESA INDIVIDUAL DE RESPONSABILIDAD LIMITADA Concesion unica para la prestacion de servicios publicos de telecomunicaciones en area que comprende todo el territorio de la Republica,https://epdoc2.elperuano.pe/EpPo/DescargaINDA.asp?Referencias=NDNUTVRNVE1UTVlCVU5ZQlRNTEhZQkxIOVdfXzlXVkJZWFRNWENMSExI,20240531
20240504,2285511-1,VIVIENDA  CONSTRUCCIoN Y SANEAMIENTO,RESOLUCION DIRECTORAL,No 098-2024/VIVIENDA/VMCS/PNSR,Designan Jefe de Unidad de la Unidad de Planeamiento y Presupuesto del Programa Nacional de Saneamiento Rural,https://epdoc2.elperuano.pe/EpPo/DescargaINDA.asp?Referencias=NDNUTVRNVE1UTVlCVU5ZQlRNTEhZQkxIOVdfXzlXOVdVTlVOWENMSExI,20240531
20240504,2285642-1,VIVIENDA  CONSTRUCCIoN Y SANEAMIENTO,RESOLUCION MINISTERIAL,No 156-2024-VIVIENDA,Designan Asesor I del Despacho Viceministerial de Construccion y Saneamiento,https://epdoc2.elperuano.pe/EpPo/DescargaINDA.asp?Referencias=NDNUTVRNVE1UTVlCVU5ZQlRNTEhZQkxIOVdfX0xIVE1WQlVOWENMSExI,20240531
20240504,2285582-1,INSTITUTO PERUANO DE ENERGIA NUCLEAR,RESOLUCION,No D000025-2024-IPEN-PRES,Autorizan Transferencia Financiera a favor de la Contraloria General de la Republica,https://epdoc2.elperuano.pe/EpPo/DescargaINDA.asp?Referencias=NDNUTVRNVE1UTVlCVU5ZQlRNTEhZQkxIOVdfX0xIWENVTlVOWENMSExI,20240531
20240504,2285129-1,ORGANISMO SUPERVISOR DE LA INVERSIoN EN INFRAESTRUCTURA DE TRANSPORTE DE USO PuBLICO,RESOLUCION,No 0024-2024-PD-OSITRAN,Aprueban el Plan Operativo Institucional (POI) Multianual 2025 - 2027 del Organismo Supervisor de la Inversion en Infraestructura de Transporte de Uso Publico - OSITRAN,https://epdoc2.elperuano.pe/EpPo/DescargaINDA.asp?Referencias=NDNUTVRNVE1UTVlCVU5ZQlRNTEhZQkxIOVdfX1lYTEg5V1VOWENMSExI,20240531
20240504,2284476-1,ORGANISMO SUPERVISOR DE INVERSION PRIVADA EN TELECOMUNICACIONES,RESOLUCION,No 00149-2024-GG/OSIPTEL,Aprueban modificaciones de los contratos tipo para los servicios publicos de telecomunicaciones en idioma espanol y lenguas originarias quechua aimara ashaninka y shipibo-konibo,https://epdoc2.elperuano.pe/EpPo/DescargaINDA.asp?Referencias=NDNUTVRNVE1UTVlCVU5ZQlRNTEhZQkxIOVdfX1ZCV1ZUTVRNWENMSExI,20240531
20240504,2284985-1,SUPERINTENDENCIA NACIONAL DE SERVICIOS DE SANEAMIENTO,RESOLUCION,No 022-2024-SUNASS-CD,Disponen la difusion del proyecto de resolucion de Consejo Directivo mediante el cual se aprobaria la modificacion del Reglamento General de Tarifas de los Servicios de Saneamiento brindados por Empresas Prestadoras aprobado por la Resolucion de Consejo Directivo N.º 028-2021-SUNASS-CD y el Reglamento de Calidad de la Prestacion de los Servicios de Saneamiento aprobado por la Resolucion de Consejo Directivo N.º 011-2007-SUNASS-CD su informe y su correspondiente exposicion de motivos,https://epdoc2.elperuano.pe/EpPo/DescargaINDA.asp?Referencias=NDNUTVRNVE1UTVlCVU5ZQlRNTEhZQkxIOVdfX1VOWENZWFRNWENMSExI,20240531
20240504,2284998-1,SUPERINTENDENCIA NACIONAL DE SERVICIOS DE SANEAMIENTO,RESOLUCION,No 023-2024-SUNASS-CD,Modifican el Reglamento General de Fiscalizacion y Sancion aprobado por Resolucion de Consejo Directivo No003-2007-SUNASS-CD,https://epdoc2.elperuano.pe/EpPo/DescargaINDA.asp?Referencias=NDNUTVRNVE1UTVlCVU5ZQlRNTEhZQkxIOVdfX1hDWVhZWFRNWENMSExI,20240531
20240504,2285006-1,SUPERINTENDENCIA NACIONAL DE SERVICIOS DE SANEAMIENTO,RESOLUCION,No 00021-2024-SUNASS-CD,Disponen difusion del proyecto de resolucion de Consejo Directivo mediante el cual se aprobaria la modificacion del Reglamento General de Tarifas de los Servicios de Saneamiento brindados por Empresas Prestadoras aprobado por Resolucion de Consejo Directivo No 028-2021-SUNASS-CD y del Reglamento General de Fiscalizacion y Sancion aprobado por Resolucion de Consejo Directivo No 003-2007-SUNASS-CD y su correspondiente exposicion de motivos,https://epdoc2.elperuano.pe/EpPo/DescargaINDA.asp?Referencias=NDNUTVRNVE1UTVlCVU5ZQlRNTEhZQkxIOVdfX1ZCWUJZQlVOWENMSExI,20240531
20240504,2285227-1,AUTORIDAD DE TRANSPORTE URBANO PARA LIMA Y CALLAO,RESOLUCION,No 092-2024-ATU/PE,Designan Jefe de la Unidad de Planeamiento y Organizacion de la Oficina de Planeamiento y Presupuesto de la ATU,https://epdoc2.elperuano.pe/EpPo/DescargaINDA.asp?Referencias=NDNUTVRNVE1UTVlCVU5ZQlRNTEhZQkxIOVdfX1dWTEhMSFVOWENMSExI,20240531
20240504,2285263-1,ORGANISMO DE EVALUACION Y FISCALIZACION AMBIENTAL,RESOLUCION,No 00003-2024-OEFA/CD,Amplian plazo para la aprobacion de los Planes Anuales de Evaluacion y Fiscalizacion Ambiental (Planefa) a cargo de las Entidades de Fiscalizacion Ambiental (EFA) correspondientes al ano 2025,https://epdoc2.elperuano.pe/EpPo/DescargaINDA.asp?Referencias=NDNUTVRNVE1UTVlCVU5ZQlRNTEhZQkxIOVdfX1M4VkJMSFVOWENMSExI,20240531
20240504,2285238-1,FONDO NACIONAL DE FINANCIAMIENTO DE LA ACTIVIDAD EMPRESARIAL DEL ESTADO,ACUERDO,No 001-2024/005-FONAFE,Acuerdo adoptado sobre Directores de Empresas en las que FONAFE participa como accionista,https://epdoc2.elperuano.pe/EpPo/DescargaINDA.asp?Referencias=NDNUTVRNVE1UTVlCVU5ZQlRNTEhZQkxIOVdfX1hDUzhMSFVOWENMSExI,20240531
20240504,2285553-1,CONSEJO EJECUTIVO DEL PODER JUDICIAL,RESOLUCION ADMINISTRATIVA,No 000054-2024-P-CE-PJ,Cesan por limite de edad a Jueza de Paz Letrado titular de Parinacochas del Distrito Judicial de Ayacucho,https://epdoc2.elperuano.pe/EpPo/DescargaINDA.asp?Referencias=NDNUTVRNVE1UTVlCVU5ZQlRNTEhZQkxIOVdfX1M4VU5VTlVOWENMSExI,20240531
20240504,2285557-1,CONSEJO EJECUTIVO DEL PODER JUDICIAL,RESOLUCION ADMINISTRATIVA,No 000145-2024-CE-PJ,Establecen que las presidencias de las Cortes Superiores de Justicia del pais dispongan que las oficinas administrativas de estadistica y/o informatica realicen las acciones necesarias para la sistematizacion consolidacion y analisis de la informacion recabada sobre la carga procesal de los juzgados de paz de su jurisdiccion siguiendo la ruta definida por la ONAJUP,https://epdoc2.elperuano.pe/EpPo/DescargaINDA.asp?Referencias=NDNUTVRNVE1UTVlCVU5ZQlRNTEhZQkxIOVdfX1dWVU5VTlVOWENMSExI,20240531
20240504,2276928-1,INSTITUCIONES EDUCATIVAS,RESOLUCION,No 208-2024-UNAM/CO,Modifican el Reglamento de Organizacion y Funciones (ROF) de la Universidad Nacional de Moquegua,https://epdoc2.elperuano.pe/EpPo/DescargaINDA.asp?Referencias=NDNUTVRNVE1UTVlCVU5ZQlRNTEhZQkxIOVdfX1hDTEhZWFZCV1ZMSExI,20240531
20240504,2283032-1,INSTITUCIONES EDUCATIVAS,RESOLUCION,No 0991-2024-R-UNA,Autorizan viaje de Director de la Escuela de Posgrado de la Universidad Nacional del Altiplano de Puno a Espana en comision de servicios,https://epdoc2.elperuano.pe/EpPo/DescargaINDA.asp?Referencias=NDNUTVRNVE1UTVlCVU5ZQlRNTEhZQkxIOVdfX0xIUzhZQlM4WENMSExI,20240531
20240504,2285275-1,JURADO NACIONAL DE ELECCIONES,RESOLUCION,No 0117-2024-JNE,Declaran nulo lo actuado hasta la citacion dirigida a regidora del Concejo Distrital de Pomalca provincia de Chiclayo departamento de Lambayeque,https://epdoc2.elperuano.pe/EpPo/DescargaINDA.asp?Referencias=NDNUTVRNVE1UTVlCVU5ZQlRNTEhZQkxIOVdfX1VOV1ZMSFVOWENMSExI,20240531
20240504,2285545-1,MINISTERIO PUBLICO,RESOLUCION,No 1087-2024-MP-FN,Designan fiscales en los Distritos Fiscales de Lima Sur y Huaura,https://epdoc2.elperuano.pe/EpPo/DescargaINDA.asp?Referencias=NDNUTVRNVE1UTVlCVU5ZQlRNTEhZQkxIOVdfX1VOVE1VTlVOWENMSExI,20240531
20240504,2285547-1,MINISTERIO PUBLICO,RESOLUCION,No 1088-2024-MP-FN,Nombran fiscal provincial provisional del Distrito Fiscal de Lima Norte,https://epdoc2.elperuano.pe/EpPo/DescargaINDA.asp?Referencias=NDNUTVRNVE1UTVlCVU5ZQlRNTEhZQkxIOVdfX1dWVE1VTlVOWENMSExI,20240531
20240504,2285548-1,MINISTERIO PUBLICO,RESOLUCION,No 1089-2024-MP-FN,Designan fiscal provincial titular penal (corporativa) de Canete Distrito Fiscal de Canete,https://epdoc2.elperuano.pe/EpPo/DescargaINDA.asp?Referencias=NDNUTVRNVE1UTVlCVU5ZQlRNTEhZQkxIOVdfX1hDVE1VTlVOWENMSExI,20240531
20240504,2285625-1,MINISTERIO PUBLICO,RESOLUCION,No 1090-2024-MP-FN,Designan fiscales en el Distrito Fiscal de Lima Centro,https://epdoc2.elperuano.pe/EpPo/DescargaINDA.asp?Referencias=NDNUTVRNVE1UTVlCVU5ZQlRNTEhZQkxIOVdfX1VOTEhWQlVOWENMSExI,20240531
20240504,2285626-1,MINISTERIO PUBLICO,RESOLUCION,No 1091-2024-MP-FN,Nombran fiscal adjunto provincial provisional transitorio del Distrito Fiscal de Lima Norte,https://epdoc2.elperuano.pe/EpPo/DescargaINDA.asp?Referencias=NDNUTVRNVE1UTVlCVU5ZQlRNTEhZQkxIOVdfX1ZCTEhWQlVOWENMSExI,20240531
20240504,2284935-1,GOBIERNO REGIONAL DE AREQUIPA,ORDENANZA,No 515-2024-AREQUIPA,Ordenanza Regional que aprueba la Politica Regional de Seguridad Publica al 2030 de la Region Arequipa,https://epdoc2.elperuano.pe/EpPo/DescargaINDA.asp?Referencias=NDNUTVRNVE1UTVlCVU5ZQlRNTEhZQkxIOVdfX1VOUzhZWFRNWENMSExI,20240531
20240504,2284892-1,GOBIERNO REGIONAL DEL CUSCO,ORDENANZA,No 244-2023-CR/GRC,Aprueban la Actualizacion del Plan Maestro del area de Conservacion Regional Choquequirao ACR - Choquequirao 2024 - 2028,https://epdoc2.elperuano.pe/EpPo/DescargaINDA.asp?Referencias=NDNUTVRNVE1UTVlCVU5ZQlRNTEhZQkxIOVdfX0xIWVhYQ1RNWENMSExI,20240531
20240504,2283913-1,MUNICIPALIDAD DE EL AGUSTINO,ORDENANZA,No 744-2024-MDEA,Ordenanza que adecua la creacion del Servicio de Serenazgo de la Municipalidad Distrital de El Agustino a la Ley No31297 Ley del Servicio de Serenazgo Municipal y su Reglamento aprobado por Decreto Supremo No 009-2022-IN,https://epdoc2.elperuano.pe/EpPo/DescargaINDA.asp?Referencias=NDNUTVRNVE1UTVlCVU5ZQlRNTEhZQkxIOVdfX1M4OVdZWFM4WENMSExI,20240531
20240504,2284786-1,MUNICIPALIDAD DE JESUS MARIA,ORDENANZA,No 715-MDJM,Ordenanza que aprueba el Cuadro para Asignacion de Personal Provisional (CAP Provisional) de la Municipalidad Distrital de Jesus Maria,https://epdoc2.elperuano.pe/EpPo/DescargaINDA.asp?Referencias=NDNUTVRNVE1UTVlCVU5ZQlRNTEhZQkxIOVdfX1ZCWENXVlRNWENMSExI,20240531
20240504,2285591-1,MUNICIPALIDAD DE LA VICTORIA,Resolucion,No 000143-2024-GM/MLV,Aprueban el Reglamento de Supervision Ambiental de la Municipalidad Distrital de La Victoria,https://epdoc2.elperuano.pe/EpPo/DescargaINDA.asp?Referencias=NDNUTVRNVE1UTVlCVU5ZQlRNTEhZQkxIOVdfXzlXWVhVTlVOWENMSExI,20240531
20240504,2279766-1,MUNICIPALIDAD DE SAN MIGUEL,DECRETO DE ALCALDIA,No 004-2024/MDSM,Convocan a la I Audiencia Publica de la Municipalidad Distrital de San Miguel,https://epdoc2.elperuano.pe/EpPo/DescargaINDA.asp?Referencias=NDNUTVRNVE1UTVlCVU5ZQlRNTEhZQkxIOVdfX1ZCVkJXVllYV1ZMSExI,20240531
20240504,2280609-1,MUNICIPALIDAD DE SAN MIGUEL,ORDENANZA,No 494/MDSM,Ordenanza que crea el Sistema de Informacion Ambiental - SIAL para el distrito de San Miguel,https://epdoc2.elperuano.pe/EpPo/DescargaINDA.asp?Referencias=NDNUTVRNVE1UTVlCVU5ZQlRNTEhZQkxIOVdfX1lYWUJWQllCWENMSExI,20240531
20240504,2284850-1,MUNICIPALIDAD PROVINCIAL DEL CALLAO,ORDENANZA,No 015-2024/MPC,Aprueban desafectacion de uso de dominio publico a dominio privado del Estado de las vias de circulacion denominadas Calle Mexico Guatemala Moquegua y una calle sin nombre ubicadas a la altura de las cuadras 4 y 5 de la Av. Dos de mayo Distrito del Callao Provincia Constitucional del Callao,https://epdoc2.elperuano.pe/EpPo/DescargaINDA.asp?Referencias=NDNUTVRNVE1UTVlCVU5ZQlRNTEhZQkxIOVdfX1lCVU5YQ1RNWENMSExI,20240531
20240504,2284973-1,SUPERINTENDENCIA NACIONAL DE SERVICIOS DE SANEAMIENTO,RESOLUCION,No 00018-2024-SUNASS-CD,Proyecto de resolucion que aprueba la formula tarifaria estructura tarifaria metas de gestion los porcentajes a ser transferidos al fondo de inversiones y reservas correspondientes y los costos maximos de las unidades de medida de las actividades requeridas para determinar los precios de los servicios colaterales aplicables por EPS Aguas del Altiplano S.A. durante el periodo regulatorio 2025-2029,https://epdoc2.elperuano.pe/EpPo/DescargaINDA.asp?Referencias=NDNUTVRNVE1UTVlCVU5ZQlRNTEhZQkxIOVdfX1M4V1ZZWFRNWENMSExI,20240531
20240504,2284976-1,SUPERINTENDENCIA NACIONAL DE SERVICIOS DE SANEAMIENTO,RESOLUCION,No 00019-2024-SUNASS-CD,Proyecto de resolucion que aprueba la formula tarifaria estructura tarifaria metas de gestion los porcentajes a ser transferidos al fondo de inversiones y reservas correspondientes y los costos maximos de las unidades de medida de las actividades requeridas para determinar los precios de los servicios colaterales aplicables por EPS SIERRA CENTRAL S.A. durante el periodo regulatorio 2025-2029,https://epdoc2.elperuano.pe/EpPo/DescargaINDA.asp?Referencias=NDNUTVRNVE1UTVlCVU5ZQlRNTEhZQkxIOVdfX1ZCV1ZZWFRNWENMSExI,20240531
20240504,2284978-1,SUPERINTENDENCIA NACIONAL DE SERVICIOS DE SANEAMIENTO,RESOLUCION,No 00020-2024-SUNASS-CD,Proyecto de resolucion que aprueba la formula tarifaria estructura tarifaria metas de gestion los porcentajes a ser transferidos al fondo de inversiones y reservas correspondientes y los costos maximos de las unidades de medida de las actividades requeridas para determinar los precios de los servicios colaterales aplicables por EPS EMAPA CAnETE S.A. durante el periodo regulatorio 2025-2027,https://epdoc2.elperuano.pe/EpPo/DescargaINDA.asp?Referencias=NDNUTVRNVE1UTVlCVU5ZQlRNTEhZQkxIOVdfX1hDV1ZZWFRNWENMSExI,20240531
20240503,2285204-1,CONGRESO DE LA REPUBLICA,LEY,No 32013,Ley que declara de interes nacional la creacion del Parque Cientifico Tecnologico del departamento de San Martin,https://epdoc2.elperuano.pe/EpPo/DescargaINDA.asp?Referencias=NDNTOFM4UzhTOFlCVU5ZQlRNTEhZQkxIOVdfX1RNWUJMSFVOWENMSExI,20240531
20240503,2285683-1,CONGRESO DE LA REPUBLICA,RESOLUCION LEGISLATIVA,No 32014,Resolucion Legislativa que autoriza el ingreso de una unidad naval y de personal militar extranjero con armas de guerra al territorio de la Republica del Peru,https://epdoc2.elperuano.pe/EpPo/DescargaINDA.asp?Referencias=NDNTOFM4UzhTOFlCVU5ZQlRNTEhZQkxIOVdfX1M4WENWQlVOWENMSExI,20240531
20240503,2285205-2,AMBIENTE,DECRETO SUPREMO,No 004-2024-MINAM,Decreto Supremo que modifica el Reglamento de la Ley No 27446 Ley del Sistema Nacional de Evaluacion de Impacto Ambiental aprobado por Decreto Supremo No 019-2009-MINAM,https://epdoc2.elperuano.pe/EpPo/DescargaINDA.asp?Referencias=NDNTOFM4UzhTOFlCVU5ZQlRNTEhZQkxITEhfX1VOWUJMSFVOWENMSExI,20240531
20240503,2285095-1,AMBIENTE,RESOLUCION MINISTERIAL,No 143-2024-MINAM,Designan Asesora de Recursos Naturales del Viceministerio de Desarrollo Estrategico de los Recursos Naturales,https://epdoc2.elperuano.pe/EpPo/DescargaINDA.asp?Referencias=NDNTOFM4UzhTOFlCVU5ZQlRNTEhZQkxIOVdfX1VOWVhZQlVOWENMSExI,20240531
20240503,2285205-4,CULTURA,RESOLUCION SUPREMA,No 003-2024-MC,Aceptan renuncia de miembro del Consejo Directivo del Instituto Nacional de Radio y Television del Peru - IRTP,https://epdoc2.elperuano.pe/EpPo/DescargaINDA.asp?Referencias=NDNTOFM4UzhTOFlCVU5ZQlRNTEhZQkxIVE1fX1VOWUJMSFVOWENMSExI,20240531
20240503,2285094-1,CULTURA,RESOLUCION VICE MINISTERIAL,No 000087-2024-VMPCIC/MC,Declaran Patrimonio Cultural de la Nacion a dieciocho bienes muebles arqueologicos provenientes de la repatriacion de Suiza,https://epdoc2.elperuano.pe/EpPo/DescargaINDA.asp?Referencias=NDNTOFM4UzhTOFlCVU5ZQlRNTEhZQkxIOVdfX1RNWVhZQlVOWENMSExI,20240531
20240503,2285165-1,DEFENSA,RESOLUCION JEFATURAL,No 00054-2024-CENEPRED/J,Designan Director de la Direccion de Fortalecimiento y Asistencia Tecnica del CENEPRED,https://epdoc2.elperuano.pe/EpPo/DescargaINDA.asp?Referencias=NDNTOFM4UzhTOFlCVU5ZQlRNTEhZQkxIOVdfX1VOVkI5V1VOWENMSExI,20240531
20240503,2285204-4,DEFENSA,RESOLUCION SUPREMA,No 036-2024-DE,Modifican el articulo 1 de la R.S. No 006-2024-DE modificado por R.S. No 016-2024-DE con el objeto de reasignar empleo a General de Brigada del Ejercito del Peru,https://epdoc2.elperuano.pe/EpPo/DescargaINDA.asp?Referencias=NDNTOFM4UzhTOFlCVU5ZQlRNTEhZQkxIVE1fX1RNWUJMSFVOWENMSExI,20240531
20240503,2285113-1,DESARROLLO AGRARIO Y RIEGO,RESOLUCION DIRECTORAL,No 192 -2024-MIDAGRI-DVDAFIR-AGRO RURAL-DE,Designan Jefa de la Unidad Zonal Tumbes del Programa de Desarrollo Productivo Agrario Rural — AGRO RURAL,https://epdoc2.elperuano.pe/EpPo/DescargaINDA.asp?Referencias=NDNTOFM4UzhTOFlCVU5ZQlRNTEhZQkxIOVdfX1M4OVc5V1VOWENMSExI,20240531
20240503,2285307-1,DESARROLLO AGRARIO Y RIEGO,RESOLUCION MINISTERIAL,No 0147-2024-MIDAGRI,Designan Asesora de Alta Direccion de la Secretaria General del Ministerio,https://epdoc2.elperuano.pe/EpPo/DescargaINDA.asp?Referencias=NDNTOFM4UzhTOFlCVU5ZQlRNTEhZQkxIOVdfX1dWWUJTOFVOWENMSExI,20240531
20240503,2285204-2,ECONOMIA Y FINANZAS,DECRETO SUPREMO,No 075-2024-EF,Decreto Supremo que modifica la Operacion de Endeudamiento aprobada por el numeral 1.2 del articulo 1 del Decreto Supremo No 320-2018-EF,https://epdoc2.elperuano.pe/EpPo/DescargaINDA.asp?Referencias=NDNTOFM4UzhTOFlCVU5ZQlRNTEhZQkxITEhfX1RNWUJMSFVOWENMSExI,20240531
20240503,2285683-3,ECONOMIA Y FINANZAS,DECRETO SUPREMO,No 076-2024-EF,Decreto Supremo que autoriza Credito Suplementario en el Presupuesto del Sector Publico para el Ano Fiscal 2024 a favor del Ministerio de Comercio Exterior y Turismo y de la Comision de Promocion del Peru para la Exportacion y el Turismo (PROMPERu),https://epdoc2.elperuano.pe/EpPo/DescargaINDA.asp?Referencias=NDNTOFM4UzhTOFlCVU5ZQlRNTEhZQkxIUzhfX1M4WENWQlVOWENMSExI,20240531
20240503,2285201-1,ECONOMIA Y FINANZAS,RESOLUCION MINISTERIAL,No 145-2024-EF/49,Designan Directora de la Direccion de Gestion de Personal Activo de la Direccion General de Gestion Fiscal de los Recursos Humanos,https://epdoc2.elperuano.pe/EpPo/DescargaINDA.asp?Referencias=NDNTOFM4UzhTOFlCVU5ZQlRNTEhZQkxIOVdfXzlXWUJMSFVOWENMSExI,20240531
20240503,2285257-1,EDUCACION,RESOLUCION VICE MINISTERIAL,No 049-2024-MINEDU,Modifican Norma que regula el Concurso Publico de Ingreso a la Carrera Publica - 2024 y que determina la relacion de postulantes habilitados para la Contratacion Docente 2025-2026 en Instituciones Educativas Publicas de Educacion Basica aprobada por R.VM. No 037-2024-MINEDU,https://epdoc2.elperuano.pe/EpPo/DescargaINDA.asp?Referencias=NDNTOFM4UzhTOFlCVU5ZQlRNTEhZQkxIOVdfX1dWVU5MSFVOWENMSExI,20240531
20240503,2283948-1,ENERGIA Y MINAS,RESOLUCION MINISTERIAL,No 174-2024-MINEM/DM,Aprueban modificacion de concesion definitiva para desarrollar la actividad de generacion de energia electrica con recursos energeticos renovables para el proyecto Central Termica Agrolmos otorgada a favor de AGROLMOS S.A.,https://epdoc2.elperuano.pe/EpPo/DescargaINDA.asp?Referencias=NDNTOFM4UzhTOFlCVU5ZQlRNTEhZQkxIOVdfX1hDVE1ZWFM4WENMSExI,20240531
20240503,2285000-1,ENERGIA Y MINAS,RESOLUCION MINISTERIAL,No 179-2024-MINEM/DM,Designan Jefa de la Oficina de Abastecimiento y Servicios de la Oficina General de Administracion,https://epdoc2.elperuano.pe/EpPo/DescargaINDA.asp?Referencias=NDNTOFM4UzhTOFlCVU5ZQlRNTEhZQkxIOVdfX1lCWUJZQlVOWENMSExI,20240531
20240503,2285070-1,ENERGIA Y MINAS,RESOLUCION MINISTERIAL,No 176-2024-MINEM/DM,Declaran la caducidad de la Concesion del Sistema de Distribucion de Gas Natural por Red de Ductos del departamento de Tumbes otorgada a la empresa Gas Natural de Tumbes S.A.C.,https://epdoc2.elperuano.pe/EpPo/DescargaINDA.asp?Referencias=NDNTOFM4UzhTOFlCVU5ZQlRNTEhZQkxIOVdfX1lCV1ZZQlVOWENMSExI,20240531
20240503,2285088-1,ENERGIA Y MINAS,RESOLUCION MINISTERIAL,No 180-2024-MINEM/DM,Autorizan transferencia financiera de recursos a favor del Gobierno Regional de Pasco,https://epdoc2.elperuano.pe/EpPo/DescargaINDA.asp?Referencias=NDNTOFM4UzhTOFlCVU5ZQlRNTEhZQkxIOVdfX1hDWENZQlVOWENMSExI,20240531
20240503,2285090-1,ENERGIA Y MINAS,RESOLUCION MINISTERIAL,No 182-2024-MINEM/DM,Autorizan transferencia financiera de recursos a favor del Gobierno Regional de Huancavelica,https://epdoc2.elperuano.pe/EpPo/DescargaINDA.asp?Referencias=NDNTOFM4UzhTOFlCVU5ZQlRNTEhZQkxIOVdfX1lCWVhZQlVOWENMSExI,20240531
20240503,2285138-1,ENERGIA Y MINAS,RESOLUCION MINISTERIAL,No 181-2024-MINEM/DM,Autorizan transferencia financiera de recursos a favor del Gobierno Regional de La Libertad,https://epdoc2.elperuano.pe/EpPo/DescargaINDA.asp?Referencias=NDNTOFM4UzhTOFlCVU5ZQlRNTEhZQkxIOVdfX1hDUzg5V1VOWENMSExI,20240531
20240503,2284890-1,INTERIOR,RESOLUCION MINISTERIAL,No 0584-2024-IN,Aprueban el Plan Operativo Institucional (POI) Multianual 2025-2027 del Ministerio del Interior,https://epdoc2.elperuano.pe/EpPo/DescargaINDA.asp?Referencias=NDNTOFM4UzhTOFlCVU5ZQlRNTEhZQkxIOVdfX1lCWVhYQ1RNWENMSExI,20240531
20240503,2285194-1,INTERIOR,RESOLUCION MINISTERIAL,No 0588-2024-IN,Designan Director General de la Oficina General de Tecnologias de la Informacion y Comunicaciones del Ministerio,https://epdoc2.elperuano.pe/EpPo/DescargaINDA.asp?Referencias=NDNTOFM4UzhTOFlCVU5ZQlRNTEhZQkxIOVdfX1RNWVg5V1VOWENMSExI,20240531
20240503,2285205-3,JUSTICIA Y DERECHOS HUMANOS,RESOLUCION SUPREMA,No 066-2024-JUS,Reconocen para todos los efectos civiles a Obispo de la Diocesis de Chiclayo como Administrador Apostolico sede vacante de la Prelatura de Chuquibambilla,https://epdoc2.elperuano.pe/EpPo/DescargaINDA.asp?Referencias=NDNTOFM4UzhTOFlCVU5ZQlRNTEhZQkxIUzhfX1VOWUJMSFVOWENMSExI,20240531
20240503,2285204-3,MUJER Y POBLACIONES VULNERABLES,DECRETO SUPREMO,No 001-2024-MIMP,Decreto Supremo que crea el Programa Nacional de Servicios Especializados para Personas Adultas Mayores - Gratitud y aprueba la fusion por absorcion de la Unidad de Servicios de Proteccion de Personas Adultas Mayores del Programa Integral Nacional para el Bienestar Familiar - INABIF al Programa Nacional Gratitud,https://epdoc2.elperuano.pe/EpPo/DescargaINDA.asp?Referencias=NDNTOFM4UzhTOFlCVU5ZQlRNTEhZQkxIUzhfX1RNWUJMSFVOWENMSExI,20240531
20240503,2285176-1,MUJER Y POBLACIONES VULNERABLES,RESOLUCION,No D000076-2024-CONADIS-PRE,Designan Directora II de la Direccion de Promocion y Desarrollo de las Personas con Discapacidad del CONADIS,https://epdoc2.elperuano.pe/EpPo/DescargaINDA.asp?Referencias=NDNTOFM4UzhTOFlCVU5ZQlRNTEhZQkxIOVdfX1ZCV1Y5V1VOWENMSExI,20240531
20240503,2285199-1,MUJER Y POBLACIONES VULNERABLES,RESOLUCION MINISTERIAL,No 171-2024-MIMP,Designan Directora General de la Direccion General de la Familia y la Comunidad,https://epdoc2.elperuano.pe/EpPo/DescargaINDA.asp?Referencias=NDNTOFM4UzhTOFlCVU5ZQlRNTEhZQkxIOVdfX1lYWVg5V1VOWENMSExI,20240531
20240503,2285206-1,PRODUCE,RESOLUCION,No 000071-2024-ITP/DE,Designan Director de la Direccion de Operaciones del Instituto Tecnologico de la Produccion,https://epdoc2.elperuano.pe/EpPo/DescargaINDA.asp?Referencias=NDNTOFM4UzhTOFlCVU5ZQlRNTEhZQkxIOVdfX1ZCWUJMSFVOWENMSExI,20240531
20240503,2285212-1,PRODUCE,RESOLUCION,No 000072-2024-ITP/DE,Designan Director de la Direccion de Seguimiento y Evaluacion del Instituto Tecnologico de la Produccion,https://epdoc2.elperuano.pe/EpPo/DescargaINDA.asp?Referencias=NDNTOFM4UzhTOFlCVU5ZQlRNTEhZQkxIOVdfX0xIOVdMSFVOWENMSExI,20240531
20240503,2285065-1,PRODUCE,RESOLUCION MINISTERIAL,No 000180-2024-PRODUCE,Designan Asesor II del Despacho Ministerial,https://epdoc2.elperuano.pe/EpPo/DescargaINDA.asp?Referencias=NDNTOFM4UzhTOFlCVU5ZQlRNTEhZQkxIOVdfX1VOVkJZQlVOWENMSExI,20240531
20240503,2285276-1,PRODUCE,RESOLUCION MINISTERIAL,No 000181-2024-PRODUCE,Autorizan viaje de servidor del Instituto del Mar del Peru - IMARPE a la Republica de Corea en comision de servicios,https://epdoc2.elperuano.pe/EpPo/DescargaINDA.asp?Referencias=NDNTOFM4UzhTOFlCVU5ZQlRNTEhZQkxIOVdfX1ZCV1ZMSFVOWENMSExI,20240531
20240503,2285683-2,RELACIONES EXTERIORES,DECRETO SUPREMO,No 014-2024-RE,Decreto Supremo que ratifica el Acuerdo entre el Gobierno de la Republica del Peru y el Gobierno de los Estados Unidos de America para la Implementacion del Convenio para Combatir el Uso Indebido y la Produccion y el Trafico Ilicitos de Drogas entre la Republica del Peru y los Estados Unidos de America suscrito en Lima el 23 de julio de 1996 y acerca de la Interceptacion Aerea y la Asistencia Conexa de los Estados Unidos de America,https://epdoc2.elperuano.pe/EpPo/DescargaINDA.asp?Referencias=NDNTOFM4UzhTOFlCVU5ZQlRNTEhZQkxITEhfX1M4WENWQlVOWENMSExI,20240531
20240503,2284911-1,SALUD,RESOLUCION MINISTERIAL,No 299-2024/MINSA,Aprueban el Documento Tecnico: Definiciones Operacionales y Criterios de Programacion del Programa Presupuestal 0002: Salud Materno Neonatal,https://epdoc2.elperuano.pe/EpPo/DescargaINDA.asp?Referencias=NDNTOFM4UzhTOFlCVU5ZQlRNTEhZQkxIOVdfXzlXOVdZWFRNWENMSExI,20240531
20240503,2285205-1,VIVIENDA  CONSTRUCCIoN Y SANEAMIENTO,DECRETO SUPREMO,No 006-2024-VIVIENDA,Decreto Supremo que declara en reorganizacion el Organismo Tecnico de la Administracion de los Servicios de Saneamiento el Programa Nacional de Saneamiento Urbano el Programa Nacional de Saneamiento Rural y el Programa Agua Segura para Lima y Callao,https://epdoc2.elperuano.pe/EpPo/DescargaINDA.asp?Referencias=NDNTOFM4UzhTOFlCVU5ZQlRNTEhZQkxIOVdfX1VOWUJMSFVOWENMSExI,20240531
20240503,2284965-1,SEGURO INTEGRAL DE SALUD,RESOLUCION JEFATURAL,No 021-2024-SIS-FISSAL/J,Designan responsables de la atencion de solicitudes de Acceso a la Informacion Publica y de la conduccion y actualizacion del Portal del FISSAL,https://epdoc2.elperuano.pe/EpPo/DescargaINDA.asp?Referencias=NDNTOFM4UzhTOFlCVU5ZQlRNTEhZQkxIOVdfX1VOVkJZWFRNWENMSExI,20240531
20240503,2285233-1,AUTORIDAD NACIONAL DEL AGUA,RESOLUCION JEFATURAL,No 0180-2024-ANA,Designan Asesor de la Jefatura de la Autoridad Nacional del Agua,https://epdoc2.elperuano.pe/EpPo/DescargaINDA.asp?Referencias=NDNTOFM4UzhTOFlCVU5ZQlRNTEhZQkxIOVdfX1M4UzhMSFVOWENMSExI,20240531
20240503,2285525-1,AUTORIDAD NACIONAL DEL AGUA,RESOLUCION JEFATURAL,No 0182-2024-ANA,Designan Asesora de la Gerencia General de la Autoridad Nacional del Agua,https://epdoc2.elperuano.pe/EpPo/DescargaINDA.asp?Referencias=NDNTOFM4UzhTOFlCVU5ZQlRNTEhZQkxIOVdfX1VOTEhVTlVOWENMSExI,20240531
20240503,2285005-1,CENTRO NACIONAL DE PLANEAMIENTO ESTRATeGICO,RESOLUCION,No 00039-2024/CEPLAN/PCD,Modifican la Directiva General de Planeamiento Estrategico del Sistema Nacional de Planeamiento Estrategico - Sinaplan,https://epdoc2.elperuano.pe/EpPo/DescargaINDA.asp?Referencias=NDNTOFM4UzhTOFlCVU5ZQlRNTEhZQkxIOVdfX1VOWUJZQlVOWENMSExI,20240531
20240503,2284938-1,COMISIoN DE PROMOCIoN DEL PERu PARA LA EXPORTACIoN Y EL TURISMO,RESOLUCION,No 000043-2024-PROMPERU/GG,Aprueban la ficha del Servicio No 2 - version 07: Participacion en Ruedas de Negocios de la Carta de Servicios de PROMPERu y los precios de venta por el derecho de participacion en ruedas de negocios,https://epdoc2.elperuano.pe/EpPo/DescargaINDA.asp?Referencias=NDNTOFM4UzhTOFlCVU5ZQlRNTEhZQkxIOVdfX1hDUzhZWFRNWENMSExI,20240531
20240503,2285166-1,COMISIoN DE PROMOCIoN DEL PERu PARA LA EXPORTACIoN Y EL TURISMO,RESOLUCION,No 063-2024-PROMPERU/PE,Designan Director de la Direccion de Promocion del Turismo de la Comision de Promocion del Peru para la Exportacion y el Turismo - PROMPERu,https://epdoc2.elperuano.pe/EpPo/DescargaINDA.asp?Referencias=NDNTOFM4UzhTOFlCVU5ZQlRNTEhZQkxIOVdfX1ZCVkI5V1VOWENMSExI,20240531
20240503,2285120-1,INSTITUTO NACIONAL DE ESTADISTICA E INFORMATICA,RESOLUCION JEFATURAL,No 116-2024-INEI,Aprueban indices Unificados de Precios de la Construccion para las seis (6) areas Geograficas correspondientes al mes de abril de 2024,https://epdoc2.elperuano.pe/EpPo/DescargaINDA.asp?Referencias=NDNTOFM4UzhTOFlCVU5ZQlRNTEhZQkxIOVdfX1lCTEg5V1VOWENMSExI,20240531
20240503,2285198-1,SUPERINTENDENCIA DEL MERCADO DE VALORES,RESOLUCION,No 005-2024-SMV/01,Autorizan difusion del proyecto de modificacion del literal j) del Anexo B de las Normas comunes a las entidades que requieren autorizacion de organizacion y funcionamiento de la SMV,https://epdoc2.elperuano.pe/EpPo/DescargaINDA.asp?Referencias=NDNTOFM4UzhTOFlCVU5ZQlRNTEhZQkxIOVdfX1hDWVg5V1VOWENMSExI,20240531
20240503,2285057-1,SUPERINTENDENCIA NACIONAL DE MIGRACIONES,RESOLUCION,No 000097-2024-MIGRACIONES,Autorizan la reduccion del Presupuesto Institucional para el Ano Fiscal 2024 de la Unidad Ejecutora 001-1520 Superintendencia Nacional de Migraciones Pliego 073,https://epdoc2.elperuano.pe/EpPo/DescargaINDA.asp?Referencias=NDNTOFM4UzhTOFlCVU5ZQlRNTEhZQkxIOVdfX1dWVU5ZQlVOWENMSExI,20240531
20240503,2285078-1,SUPERINTENDENCIA NACIONAL DE MIGRACIONES,RESOLUCION,No 000099-2024-MIGRACIONES,Designan Jefe de Unidad II de la Unidad de Gestion Documental de la Gerencia General de MIGRACIONES,https://epdoc2.elperuano.pe/EpPo/DescargaINDA.asp?Referencias=NDNTOFM4UzhTOFlCVU5ZQlRNTEhZQkxIOVdfX1hDV1ZZQlVOWENMSExI,20240531
20240503,2285111-1,CONSEJO EJECUTIVO DEL PODER JUDICIAL,RESOLUCION ADMINISTRATIVA,No 000137-2024-CE-PJ,Designan Secretario Tecnico de la Comision Organizadora del XIII Congreso Nacional de Jueces del Poder Judicial e incorporan participacion de funcionarios de apoyo a la comision organizadora,https://epdoc2.elperuano.pe/EpPo/DescargaINDA.asp?Referencias=NDNTOFM4UzhTOFlCVU5ZQlRNTEhZQkxIOVdfXzlXOVc5V1VOWENMSExI,20240531
20240503,2285115-1,CONSEJO EJECUTIVO DEL PODER JUDICIAL,RESOLUCION ADMINISTRATIVA,No 000138-2024-CE-PJ,Disponen convertir diversos juzgados mixtos permanentes a juzgados civiles permanentes en diversos distritos judiciales,https://epdoc2.elperuano.pe/EpPo/DescargaINDA.asp?Referencias=NDNTOFM4UzhTOFlCVU5ZQlRNTEhZQkxIOVdfX1VOOVc5V1VOWENMSExI,20240531
20240503,2285119-1,CONSEJO EJECUTIVO DEL PODER JUDICIAL,RESOLUCION ADMINISTRATIVA,No 000139-2024-CE-PJ,Disponen medidas administrativas en diversas Cortes Superiores de Justicia y dictan otras disposiciones,https://epdoc2.elperuano.pe/EpPo/DescargaINDA.asp?Referencias=NDNTOFM4UzhTOFlCVU5ZQlRNTEhZQkxIOVdfX1lYOVc5V1VOWENMSExI,20240531
20240503,2285126-1,CONSEJO EJECUTIVO DEL PODER JUDICIAL,RESOLUCION ADMINISTRATIVA,No 000140-2024-CE-PJ,Disponen medidas administrativas en diversas Cortes Superiores de Justicia,https://epdoc2.elperuano.pe/EpPo/DescargaINDA.asp?Referencias=NDNTOFM4UzhTOFlCVU5ZQlRNTEhZQkxIOVdfX1ZCTEg5V1VOWENMSExI,20240531
20240503,2285130-1,CONSEJO EJECUTIVO DEL PODER JUDICIAL,RESOLUCION ADMINISTRATIVA,No 000141-2024-CE-PJ,Disponen medidas administrativas en diversas Cortes Superiores de Justicia y dictan otras disposiciones,https://epdoc2.elperuano.pe/EpPo/DescargaINDA.asp?Referencias=NDNTOFM4UzhTOFlCVU5ZQlRNTEhZQkxIOVdfX1lCUzg5V1VOWENMSExI,20240531
20240503,2285132-1,CONSEJO EJECUTIVO DEL PODER JUDICIAL,RESOLUCION ADMINISTRATIVA,No 000142-2024-CE-PJ,Disponen que el XIII Congreso Nacional de Jueces del Poder Judicial que se llevara a cabo en la ciudad de Huanuco se realizara el 22 y 23 de agosto de 2024,https://epdoc2.elperuano.pe/EpPo/DescargaINDA.asp?Referencias=NDNTOFM4UzhTOFlCVU5ZQlRNTEhZQkxIOVdfX0xIUzg5V1VOWENMSExI,20240531
20240503,2285134-1,CONSEJO EJECUTIVO DEL PODER JUDICIAL,RESOLUCION ADMINISTRATIVA,No 000143-2024-CE-PJ,Prorrogan el funcionamiento de diversos Juzgados Penales Colegiados Transitorios para el apoyo en la descarga procesal en las Cortes Superiores de Justicia de Puente Piedra-Ventanilla y Lima Norte y dictan otras disposiciones,https://epdoc2.elperuano.pe/EpPo/DescargaINDA.asp?Referencias=NDNTOFM4UzhTOFlCVU5ZQlRNTEhZQkxIOVdfX1RNUzg5V1VOWENMSExI,20240531
20240503,2284846-1,CORTES SUPERIORES DE JUSTICIA,RESOLUCION ADMINISTRATIVA,No 000325-2024-P-CSJLI-PJ,Autorizan la realizacion de la I Jornada Extraordinaria de Descarga Procesal Sabatina en la Corte Superior de Justicia de Lima,https://epdoc2.elperuano.pe/EpPo/DescargaINDA.asp?Referencias=NDNTOFM4UzhTOFlCVU5ZQlRNTEhZQkxIOVdfX1ZCVE1YQ1RNWENMSExI,20240531
20240503,2285069-1,CORTES SUPERIORES DE JUSTICIA,RESOLUCION ADMINISTRATIVA,No 000306-2024-P-CSNJPE-PJ,Conforman la Segunda Sala Penal Superior Nacional Liquidadora Transitoria y Tercera Sala Penal de Apelaciones Nacional de la Corte Superior Nacional de Justicia Penal Especializada,https://epdoc2.elperuano.pe/EpPo/DescargaINDA.asp?Referencias=NDNTOFM4UzhTOFlCVU5ZQlRNTEhZQkxIOVdfX1lYVkJZQlVOWENMSExI,20240531
20240503,2285080-1,CORTES SUPERIORES DE JUSTICIA,RESOLUCION ADMINISTRATIVA,No 000309-2024-P-CSNJPE-PJ,Reconforman la Sala Penal Especial de la Corte Superior Nacional de Justicia Penal Especializada y dictan diversas disposiciones,https://epdoc2.elperuano.pe/EpPo/DescargaINDA.asp?Referencias=NDNTOFM4UzhTOFlCVU5ZQlRNTEhZQkxIOVdfX1lCWENZQlVOWENMSExI,20240531
20240503,2284980-1,BANCO CENTRAL DE RESERVA,CIRCULAR,No 0013-2024-BCRP,indice de reajuste diario a que se refiere el articulo 240º de la Ley General del Sistema Financiero y del Sistema de Seguros y Organica de la Superintendencia de Banca Seguros y AFP correspondiente al mes de mayo,https://epdoc2.elperuano.pe/EpPo/DescargaINDA.asp?Referencias=NDNTOFM4UzhTOFlCVU5ZQlRNTEhZQkxIOVdfX1lCWENZWFRNWENMSExI,20240531
20240503,2285651-1,CONTRALORIA GENERAL DE LA REPUBLICA,RESOLUCION,No 230-2024-CG,Dan por terminada designacion de Jefe del organo de Control Institucional del Ministerio de Defensa,https://epdoc2.elperuano.pe/EpPo/DescargaINDA.asp?Referencias=NDNTOFM4UzhTOFlCVU5ZQlRNTEhZQkxIOVdfXzlXVU5WQlVOWENMSExI,20240531
20240503,2284592-1,DEFENSORIA DEL PUEBLO,RESOLUCION,No 010-2024/DP,Designan Funcionaria Responsable del Portal de Transparencia Estandar de la Defensoria del Pueblo,https://epdoc2.elperuano.pe/EpPo/DescargaINDA.asp?Referencias=NDNTOFM4UzhTOFlCVU5ZQlRNTEhZQkxIOVdfX0xIWVhVTlRNWENMSExI,20240531
20240503,2284883-1,DEFENSORIA DEL PUEBLO,RESOLUCION,No 011-2024/DP,Autorizan viaje del Defensor del Pueblo para participar en eventos que se llevaran a cabo en las ciudades de Ginebra - Suiza y La Haya - Paises Bajos,https://epdoc2.elperuano.pe/EpPo/DescargaINDA.asp?Referencias=NDNTOFM4UzhTOFlCVU5ZQlRNTEhZQkxIOVdfX1M4WENYQ1RNWENMSExI,20240531
20240503,2284605-1,FUERO MILITAR POLICIAL,RESOLUCION ADMINISTRATIVA,No 060-2024-FMP/P,Designan Representante Titular y ratifican Representante Alterno del Fuero Militar Policial ante el Grupo de Trabajo encargado de coadyuvar en la elaboracion de la defensa y estrategia juridica del Estado ante los organos supranacionales Comision y Corte Interamericana de Derechos Humanos en los casos relativos a personas procesadas y condenadas por el delito de terrorismo,https://epdoc2.elperuano.pe/EpPo/DescargaINDA.asp?Referencias=NDNTOFM4UzhTOFlCVU5ZQlRNTEhZQkxIOVdfX1VOWUJWQlRNWENMSExI,20240531
20240503,2284608-1,FUERO MILITAR POLICIAL,RESOLUCION ADMINISTRATIVA,No 055-2024-FMP/DE/SG,Incorporan facultad en el articulo 4o de la Resolucion Administrativa No 018-2024-FMP/DE dentro de las facultades o atribuciones delegadas al Director de Administracion y Finanzas del Fuero Militar Policial,https://epdoc2.elperuano.pe/EpPo/DescargaINDA.asp?Referencias=NDNTOFM4UzhTOFlCVU5ZQlRNTEhZQkxIOVdfX1hDWUJWQlRNWENMSExI,20240531
20240503,2284849-1,REGISTRO NACIONAL DE IDENTIFICACION Y ESTADO CIVIL,RESOLUCION,No 000046-2024/SGEN/RENIEC,Aprueban el Presupuesto Analitico de Personal - PAP del Registro Nacional de Identificacion y Estado Civil - RENIEC correspondiente al Ano Fiscal 2024,https://epdoc2.elperuano.pe/EpPo/DescargaINDA.asp?Referencias=NDNTOFM4UzhTOFlCVU5ZQlRNTEhZQkxIOVdfX1lYVE1YQ1RNWENMSExI,20240531
20240503,2284943-1,SUPERINTENDENCIA DE BANCA  SEGUROS Y ADMINISTRADORAS PRIVADAS DE FONDOS DE PENSIONES,RESOLUCION,SBS No 01623-2024,Aprueban el Procedimiento Operativo para el retiro extraordinario y facultativo de fondos en el Sistema Privado de Pensiones establecido en la Ley No 32002 y dictan otras disposiciones,https://epdoc2.elperuano.pe/EpPo/DescargaINDA.asp?Referencias=NDNTOFM4UzhTOFlCVU5ZQlRNTEhZQkxIOVdfX1M4VE1ZWFRNWENMSExI,20240531
20240503,2284322-1,MUNICIPALIDAD DE BARRANCO,DECRETO DE ALCALDIA,No 009-2024-MDB.,Convocan a la I Audiencia Publica de Rendicion de Cuentas 2024 del distrito de Barranco,https://epdoc2.elperuano.pe/EpPo/DescargaINDA.asp?Referencias=NDNTOFM4UzhTOFlCVU5ZQlRNTEhZQkxIOVdfX0xITEhTOFRNWENMSExI,20240531
20240503,2283901-1,MUNICIPALIDAD DE BARRANCO,ORDENANZA,No 634-2024-MDB,Ordenanza denominada Regularizate Barranco 2024 que incentiva la regularizacion y pago de las deudas generadas por fiscalizacion tributaria o por la presentacion de declaracion jurada voluntaria,https://epdoc2.elperuano.pe/EpPo/DescargaINDA.asp?Referencias=NDNTOFM4UzhTOFlCVU5ZQlRNTEhZQkxIOVdfXzlXWUJZWFM4WENMSExI,20240531
20240503,2285585-1,MUNICIPALIDAD DE SAN JUAN DE LURIGANCHO,Decretos de Alcaldia,No 006-2024-MDSJL,Prorrogan plazo de vigencia de la Ordenanza No 453-MDSJL respecto al vencimiento de la primera y segunda cuota de arbitrios municipales del ejercicio 2024 y de la Ordenanza No 457-MDSJL que regula el beneficio del Pronto Pago para el ano 2024 e Incentivos Tributarios en el distrito de San Juan de Lurigancho,https://epdoc2.elperuano.pe/EpPo/DescargaINDA.asp?Referencias=NDNTOFM4UzhTOFlCVU5ZQlRNTEhZQkxIOVdfX1VOWENVTlVOWENMSExI,20240531
20240503,2285589-1,MUNICIPALIDAD DE SAN JUAN DE LURIGANCHO,Decretos de Alcaldia,No 007-2024-MDSJL,Prorrogan vigencia de la Ordenanza No 461-MDSJL respecto al vencimiento del pago al contado o de la primera cuota trimestral del Impuesto Predial 2024 y la obligacion de presentar la declaracion jurada anual del Impuesto Predial 2024,https://epdoc2.elperuano.pe/EpPo/DescargaINDA.asp?Referencias=NDNTOFM4UzhTOFlCVU5ZQlRNTEhZQkxIOVdfX1lYWENVTlVOWENMSExI,20240531
20240503,2285600-1,MUNICIPALIDAD DE SAN JUAN DE LURIGANCHO,Decretos de Alcaldia,No 008-2024-MDSJL,Convocan a la Primera Audiencia Publica de Rendicion de Cuentas del ano 2024 de la Municipalidad de San Juan de Lurigancho,https://epdoc2.elperuano.pe/EpPo/DescargaINDA.asp?Referencias=NDNTOFM4UzhTOFlCVU5ZQlRNTEhZQkxIOVdfX1lCWUJWQlVOWENMSExI,20240531
20240503,2285612-1,MUNICIPALIDAD DE SAN JUAN DE LURIGANCHO,Decretos de Alcaldia,No 009-2024-MDSJL,Disponen la realizacion de Primer Matrimonio Civil Comunitario 2024,https://epdoc2.elperuano.pe/EpPo/DescargaINDA.asp?Referencias=NDNTOFM4UzhTOFlCVU5ZQlRNTEhZQkxIOVdfX0xIOVdWQlVOWENMSExI,20240531
20240503,2284423-1,MUNICIPALIDAD DE SAN JUAN DE MIRAFLORES,ORDENANZA,No 515/MDSJM,Ordenanza que establece incentivos tributarios para los contribuyentes del distrito de San Juan de Miraflores respecto a los arbitrios municipales 2024 de diversos predios,https://epdoc2.elperuano.pe/EpPo/DescargaINDA.asp?Referencias=NDNTOFM4UzhTOFlCVU5ZQlRNTEhZQkxIOVdfX1M4TEhUTVRNWENMSExI,20240531
20240503,2284854-1,MUNICIPALIDAD DE SAN JUAN DE MIRAFLORES,ORDENANZA,No 514/MDSJM,Ordenanza que establece incentivos tributarios en el distrito de San Juan de Miraflores,https://epdoc2.elperuano.pe/EpPo/DescargaINDA.asp?Referencias=NDNTOFM4UzhTOFlCVU5ZQlRNTEhZQkxIOVdfX1RNVU5YQ1RNWENMSExI,20240531
20240503,2284839-1,MUNICIPALIDAD DE SANTA ROSA,ACUERDO,No 020-2024-MDSR,Autorizan viaje de alcalde a los EE.UU. en comision de servicios,https://epdoc2.elperuano.pe/EpPo/DescargaINDA.asp?Referencias=NDNTOFM4UzhTOFlCVU5ZQlRNTEhZQkxIOVdfX1lYUzhYQ1RNWENMSExI,20240531
20240502,2284829-1,PRESIDENCIA DEL CONSEJO DE MINISTROS,RESOLUCION JEFATURAL,No 062-2024-ANIN/JEF,Designan Director de la Direccion de Estudios y Obras y Ejecutiva de la Subdireccion de Estudios de Inversion de la Direccion de Intervenciones Multisectoriales y de Emergencia de la Autoridad Nacional de Infraestructura,https://epdoc2.elperuano.pe/EpPo/DescargaINDA.asp?Referencias=NDNMSExITEhMSFlCVU5ZQlRNTEhZQkxIOVdfX1lYTEhYQ1RNWENMSExI,20240531
20240502,2284820-1,PRESIDENCIA DEL CONSEJO DE MINISTROS,RESOLUCION MINISTERIAL,No 132-2024-PCM,Disponen la publicacion del proyecto de Reglamento de la Ley No 31814 Ley que promueve el uso de la inteligencia artificial en favor del desarrollo economico y social del pais del Decreto Supremo que lo aprueba y de su respectiva Exposicion de Motivos,https://epdoc2.elperuano.pe/EpPo/DescargaINDA.asp?Referencias=NDNMSExITEhMSFlCVU5ZQlRNTEhZQkxIOVdfX1lCTEhYQ1RNWENMSExI,20240531
20240502,2284821-1,PRESIDENCIA DEL CONSEJO DE MINISTROS,RESOLUCION MINISTERIAL,No 133-2024-PCM,Designan Asesora de Alta Direccion del Despacho Viceministerial de Gobernanza Territorial,https://epdoc2.elperuano.pe/EpPo/DescargaINDA.asp?Referencias=NDNMSExITEhMSFlCVU5ZQlRNTEhZQkxIOVdfXzlXTEhYQ1RNWENMSExI,20240531
20240502,2285203-1,PRESIDENCIA DEL CONSEJO DE MINISTROS,RESOLUCION SUPREMA,No 119-2024-PCM,Proponen al Congreso de la Republica la designacion de Contralor General de la Republica,https://epdoc2.elperuano.pe/EpPo/DescargaINDA.asp?Referencias=NDNMSExITEhMSFlCVU5ZQlRNTEhZQkxIOVdfX1M4WUJMSFVOWENMSExI,20240531
20240502,2284632-1,DEFENSA,RESOLUCION MINISTERIAL,No 00402-2024-DE,Autorizan viaje de personal del Ministerio a Brasil en comision de servicios,https://epdoc2.elperuano.pe/EpPo/DescargaINDA.asp?Referencias=NDNMSExITEhMSFlCVU5ZQlRNTEhZQkxIOVdfX0xIUzhWQlRNWENMSExI,20240531
20240502,2284639-1,DEFENSA,RESOLUCION MINISTERIAL,No 00403-2024-DE,Autorizan viaje de Oficial de Mar de la Marina de Guerra del Peru a Argentina en mision de estudios,https://epdoc2.elperuano.pe/EpPo/DescargaINDA.asp?Referencias=NDNMSExITEhMSFlCVU5ZQlRNTEhZQkxIOVdfX1lYUzhWQlRNWENMSExI,20240531
20240502,2284665-1,DEFENSA,RESOLUCION MINISTERIAL,No 00406-2024-DE,Aprueban el Texto unico de Servicios No Exclusivos - TUSNE del Instituto de Educacion Superior Tecnologico Publico de las Fuerzas Armadas - IESTPFFAA,https://epdoc2.elperuano.pe/EpPo/DescargaINDA.asp?Referencias=NDNMSExITEhMSFlCVU5ZQlRNTEhZQkxIOVdfX1VOVkJWQlRNWENMSExI,20240531
20240502,2284819-1,DEFENSA,RESOLUCION MINISTERIAL,No 00413-2024-DE,Autorizan viaje de personal militar del Ejercito del Peru a Brasil en comision de servicios,https://epdoc2.elperuano.pe/EpPo/DescargaINDA.asp?Referencias=NDNMSExITEhMSFlCVU5ZQlRNTEhZQkxIOVdfX1lYOVdYQ1RNWENMSExI,20240531
20240502,2284845-1,DEFENSA,RESOLUCION MINISTERIAL,No 00414-2024-DE,Autorizan viaje de personal militar y civil a la Republica Popular de Bangladesh en comision de servicios,https://epdoc2.elperuano.pe/EpPo/DescargaINDA.asp?Referencias=NDNMSExITEhMSFlCVU5ZQlRNTEhZQkxIOVdfX1VOVE1YQ1RNWENMSExI,20240531
20240502,2284802-1,DESARROLLO AGRARIO Y RIEGO,RESOLUCION DIRECTORAL,No 190-2024-MIDAGRI-DVDAFIR-AGRO RURAL-DE,Designan Jefe de la Unidad Zonal Lambayeque del Programa de Desarrollo Productivo Agrario Rural — AGRO RURAL,https://epdoc2.elperuano.pe/EpPo/DescargaINDA.asp?Referencias=NDNMSExITEhMSFlCVU5ZQlRNTEhZQkxIOVdfX0xIWUJYQ1RNWENMSExI,20240531
20240502,2284823-1,DESARROLLO AGRARIO Y RIEGO,RESOLUCION MINISTERIAL,No 0145-2024-MIDAGRI,Designan Directora de la Oficina de Administracion de Recursos Humanos,https://epdoc2.elperuano.pe/EpPo/DescargaINDA.asp?Referencias=NDNMSExITEhMSFlCVU5ZQlRNTEhZQkxIOVdfX1M4TEhYQ1RNWENMSExI,20240531
20240502,2284825-1,DESARROLLO AGRARIO Y RIEGO,RESOLUCION MINISTERIAL,No 0146-2024-MIDAGRI,Designan Asesor de Alta Direccion del Despacho Viceministerial de Politicas y Supervision del Desarrollo Agrario,https://epdoc2.elperuano.pe/EpPo/DescargaINDA.asp?Referencias=NDNMSExITEhMSFlCVU5ZQlRNTEhZQkxIOVdfX1VOTEhYQ1RNWENMSExI,20240531
20240502,2284953-1,DESARROLLO E INCLUSIoN SOCIAL,RESOLUCION,No D000344-2024-MIDIS/PNAEQW-DE,Aprueban la Norma Tecnica del Proceso de Compras del Modelo de Cogestion para la Prestacion del Servicio Alimentario del Programa Nacional de Alimentacion Escolar Qali Warma,https://epdoc2.elperuano.pe/EpPo/DescargaINDA.asp?Referencias=NDNMSExITEhMSFlCVU5ZQlRNTEhZQkxIOVdfX1M4VU5ZWFRNWENMSExI,20240531
20240502,2284828-1,EDUCACION,RESOLUCION MINISTERIAL,No 197-2024-MINEDU,Designan Director Ejecutivo del Programa Nacional de Infraestructura Educativa - PRONIED,https://epdoc2.elperuano.pe/EpPo/DescargaINDA.asp?Referencias=NDNMSExITEhMSFlCVU5ZQlRNTEhZQkxIOVdfX1hDTEhYQ1RNWENMSExI,20240531
20240502,2284833-1,MUJER Y POBLACIONES VULNERABLES,RESOLUCION MINISTERIAL,No 167-2024-MIMP,Designan Directora II de la Unidad de Asesoria Juridica del Programa Nacional para la Prevencion y Erradicacion de la Violencia contra las Mujeres e Integrantes del Grupo Familiar - AURORA,https://epdoc2.elperuano.pe/EpPo/DescargaINDA.asp?Referencias=NDNMSExITEhMSFlCVU5ZQlRNTEhZQkxIOVdfX1M4UzhYQ1RNWENMSExI,20240531
20240502,2284834-1,MUJER Y POBLACIONES VULNERABLES,RESOLUCION MINISTERIAL,No 169-2024-MIMP,Designan Directora II de la Unidad de Servicios de Proteccion de Ninos Ninas y Adolescentes del Programa Integral Nacional para el Bienestar Familiar - INABIF,https://epdoc2.elperuano.pe/EpPo/DescargaINDA.asp?Referencias=NDNMSExITEhMSFlCVU5ZQlRNTEhZQkxIOVdfX1RNUzhYQ1RNWENMSExI,20240531
20240502,2284817-1,PRODUCE,RESOLUCION MINISTERIAL,No 000165-2024-PRODUCE,Designan Directora de la Oficina de Atencion y Orientacion al Ciudadano,https://epdoc2.elperuano.pe/EpPo/DescargaINDA.asp?Referencias=NDNMSExITEhMSFlCVU5ZQlRNTEhZQkxIOVdfX1dWOVdYQ1RNWENMSExI,20240531
20240502,2284688-1,TRABAJO Y PROMOCION DEL EMPLEO,RESOLUCION MINISTERIAL,No 000073-2024-TR,Designan Jefe de la Oficina de Seguridad y Defensa Nacional del Ministerio,https://epdoc2.elperuano.pe/EpPo/DescargaINDA.asp?Referencias=NDNMSExITEhMSFlCVU5ZQlRNTEhZQkxIOVdfX1hDWENWQlRNWENMSExI,20240531
20240502,2284641-1,TRANSPORTES Y COMUNICACIONES,RESOLUCION MINISTERIAL,No 213-2024-MTC/01.03,Otorgan a la empresa MEGA FIBER PERU E.I.R.L. Concesion unica para la prestacion de servicios publicos de telecomunicaciones en area que comprende todo el territorio de la Republica,https://epdoc2.elperuano.pe/EpPo/DescargaINDA.asp?Referencias=NDNMSExITEhMSFlCVU5ZQlRNTEhZQkxIOVdfXzlXVE1WQlRNWENMSExI,20240531
20240502,2284666-1,TRANSPORTES Y COMUNICACIONES,RESOLUCION MINISTERIAL,No 216-2024-MTC/01.02,Autorizan viaje de inspector de la Direccion General de Aeronautica Civil a Canada en comision de servicios,https://epdoc2.elperuano.pe/EpPo/DescargaINDA.asp?Referencias=NDNMSExITEhMSFlCVU5ZQlRNTEhZQkxIOVdfX1ZCVkJWQlRNWENMSExI,20240531
20240502,2284822-1,VIVIENDA  CONSTRUCCIoN Y SANEAMIENTO,RESOLUCION MINISTERIAL,No 151-2024-VIVIENDA,Aprueban el Plan Estrategico Institucional (PEI) 2024-2030 del Ministerio de Vivienda Construccion y Saneamiento,https://epdoc2.elperuano.pe/EpPo/DescargaINDA.asp?Referencias=NDNMSExITEhMSFlCVU5ZQlRNTEhZQkxIOVdfX0xITEhYQ1RNWENMSExI,20240531
20240502,2282256-1,SUPERINTENDENCIA NACIONAL DE BIENES ESTATALES,RESOLUCION,No 0372-2024/SBN-DGPE-SDDI,Declaran la desafectacion de predio ubicado en el distrito de Zorritos provincia de Contralmirante Villar departamento de Tumbes y aprueban su venta directa,https://epdoc2.elperuano.pe/EpPo/DescargaINDA.asp?Referencias=NDNMSExITEhMSFlCVU5ZQlRNTEhZQkxIOVdfX1ZCVU5MSExIWENMSExI,20240531
20240502,2284826-1,AUTORIDAD DE TRANSPORTE URBANO PARA LIMA Y CALLAO,RESOLUCION,No 089-2024-ATU/PE,Designan Asesor II de la Presidencia Ejecutiva de la ATU,https://epdoc2.elperuano.pe/EpPo/DescargaINDA.asp?Referencias=NDNMSExITEhMSFlCVU5ZQlRNTEhZQkxIOVdfX1ZCTEhYQ1RNWENMSExI,20240531
20240502,2284441-1,INSTITUTO NACIONAL DE DEFENSA DE LA COMPETENCIA Y DE LA PROTECCION DE LA PROPIEDAD INTELECTUAL,RESOLUCION,No 000065-2024-GEG/INDECOPI,Designan Asesora de la Presidencia Ejecutiva del INDECOPI,https://epdoc2.elperuano.pe/EpPo/DescargaINDA.asp?Referencias=NDNMSExITEhMSFlCVU5ZQlRNTEhZQkxIOVdfXzlXVE1UTVRNWENMSExI,20240531
20240502,2284655-1,INSTITUTO NACIONAL DE DEFENSA DE LA COMPETENCIA Y DE LA PROTECCION DE LA PROPIEDAD INTELECTUAL,RESOLUCION,No 000060-2024-PRE/INDECOPI,Formalizan Acuerdo en donde se aprueba la designacion por un periodo adicional de Miembro de la Comision adscrita de la Oficina Regional del INDECOPI de Puno,https://epdoc2.elperuano.pe/EpPo/DescargaINDA.asp?Referencias=NDNMSExITEhMSFlCVU5ZQlRNTEhZQkxIOVdfX1VOVU5WQlRNWENMSExI,20240531
20240502,2284658-1,INSTITUTO NACIONAL DE DEFENSA DE LA COMPETENCIA Y DE LA PROTECCION DE LA PROPIEDAD INTELECTUAL,RESOLUCION,No 000061-2024-PRE/INDECOPI,Formalizan Acuerdo en donde se aprueba la designacion por un periodo adicional de miembro de la Comision adscrita de la Oficina Regional del Indecopi de La Libertad,https://epdoc2.elperuano.pe/EpPo/DescargaINDA.asp?Referencias=NDNMSExITEhMSFlCVU5ZQlRNTEhZQkxIOVdfX1hDVU5WQlRNWENMSExI,20240531
20240502,2284659-1,INSTITUTO NACIONAL DE DEFENSA DE LA COMPETENCIA Y DE LA PROTECCION DE LA PROPIEDAD INTELECTUAL,RESOLUCION,No 000062-2024-PRE/INDECOPI,Formalizan Acuerdo en donde se aprueba la designacion por un periodo adicional de miembro de la Comision adscrita de la Oficina Regional del Indecopi de Loreto,https://epdoc2.elperuano.pe/EpPo/DescargaINDA.asp?Referencias=NDNMSExITEhMSFlCVU5ZQlRNTEhZQkxIOVdfX1lYVU5WQlRNWENMSExI,20240531
20240502,2284660-1,INSTITUTO NACIONAL DE DEFENSA DE LA COMPETENCIA Y DE LA PROTECCION DE LA PROPIEDAD INTELECTUAL,RESOLUCION,No 000063-2024-PRE/INDECOPI,Formalizan Acuerdo en donde se aprueba la designacion por un periodo adicional de miembro de la Comision adscrita de la Oficina Regional del Indecopi de Ancash - sede Chimbote,https://epdoc2.elperuano.pe/EpPo/DescargaINDA.asp?Referencias=NDNMSExITEhMSFlCVU5ZQlRNTEhZQkxIOVdfX1lCVkJWQlRNWENMSExI,20240531
20240502,2284664-1,INSTITUTO NACIONAL DE DEFENSA DE LA COMPETENCIA Y DE LA PROTECCION DE LA PROPIEDAD INTELECTUAL,RESOLUCION,No 000064-2024-PRE/INDECOPI,Formalizan Acuerdo en donde se aprueba la designacion por un periodo adicional de miembro de la Comision adscrita de la Oficina Regional del Indecopi de Ancash - sede Chimbote,https://epdoc2.elperuano.pe/EpPo/DescargaINDA.asp?Referencias=NDNMSExITEhMSFlCVU5ZQlRNTEhZQkxIOVdfX1RNVkJWQlRNWENMSExI,20240531
20240502,2284667-1,INSTITUTO NACIONAL DE DEFENSA DE LA COMPETENCIA Y DE LA PROTECCION DE LA PROPIEDAD INTELECTUAL,RESOLUCION,No 000065-2024-PRE/INDECOPI,Formalizan Acuerdo en donde se aprueba la designacion de miembro de la Comision adscrita de la Oficina Regional del Indecopi de Piura,https://epdoc2.elperuano.pe/EpPo/DescargaINDA.asp?Referencias=NDNMSExITEhMSFlCVU5ZQlRNTEhZQkxIOVdfX1dWVkJWQlRNWENMSExI,20240531
20240502,2284669-1,INSTITUTO NACIONAL DE DEFENSA DE LA COMPETENCIA Y DE LA PROTECCION DE LA PROPIEDAD INTELECTUAL,RESOLUCION,No 000066-2024-PRE/INDECOPI,Formalizan Acuerdo en donde se aprueba la designacion de miembro de la Comision adscrita de la Oficina Regional del Indecopi de Ica,https://epdoc2.elperuano.pe/EpPo/DescargaINDA.asp?Referencias=NDNMSExITEhMSFlCVU5ZQlRNTEhZQkxIOVdfX1lYVkJWQlRNWENMSExI,20240531
20240502,2284672-1,INSTITUTO NACIONAL DE DEFENSA DE LA COMPETENCIA Y DE LA PROTECCION DE LA PROPIEDAD INTELECTUAL,RESOLUCION,No 000067-2024-PRE/INDECOPI,Formalizan Acuerdo en donde se aprueba la designacion de miembro de la Comision adscrita de la Oficina Regional del Indecopi de La Libertad,https://epdoc2.elperuano.pe/EpPo/DescargaINDA.asp?Referencias=NDNMSExITEhMSFlCVU5ZQlRNTEhZQkxIOVdfX0xIV1ZWQlRNWENMSExI,20240531
20240502,2284674-1,INSTITUTO NACIONAL DE DEFENSA DE LA COMPETENCIA Y DE LA PROTECCION DE LA PROPIEDAD INTELECTUAL,RESOLUCION,No 000068-2024-PRE/INDECOPI,Formalizan Acuerdo en donde se aprueba la designacion de miembro de la Comision adscrita de la Oficina Regional del Indecopi de Tacna,https://epdoc2.elperuano.pe/EpPo/DescargaINDA.asp?Referencias=NDNMSExITEhMSFlCVU5ZQlRNTEhZQkxIOVdfX1RNV1ZWQlRNWENMSExI,20240531
20240502,2284676-1,INSTITUTO NACIONAL DE DEFENSA DE LA COMPETENCIA Y DE LA PROTECCION DE LA PROPIEDAD INTELECTUAL,RESOLUCION,No 000069-2024-PRE/INDECOPI,Formalizan Acuerdo en donde se aprueba la designacion de miembro de la Comision adscrita de la Oficina Regional del Indecopi de Lambayeque,https://epdoc2.elperuano.pe/EpPo/DescargaINDA.asp?Referencias=NDNMSExITEhMSFlCVU5ZQlRNTEhZQkxIOVdfX1ZCV1ZWQlRNWENMSExI,20240531
20240502,2284677-1,INSTITUTO NACIONAL DE DEFENSA DE LA COMPETENCIA Y DE LA PROTECCION DE LA PROPIEDAD INTELECTUAL,RESOLUCION,No 000070-2024-PRE/INDECOPI,Formalizan Acuerdo en donde se aprueba la designacion por un periodo adicional de miembro de la Comision adscrita de la Oficina Regional del Indecopi de Cusco,https://epdoc2.elperuano.pe/EpPo/DescargaINDA.asp?Referencias=NDNMSExITEhMSFlCVU5ZQlRNTEhZQkxIOVdfX1dWV1ZWQlRNWENMSExI,20240531
20240502,2284681-1,INSTITUTO NACIONAL DE DEFENSA DE LA COMPETENCIA Y DE LA PROTECCION DE LA PROPIEDAD INTELECTUAL,RESOLUCION,No 000071-2024-PRE/INDECOPI,Formalizan Acuerdo en donde se aprueba la designacion de miembro de la Comision adscrita de la Oficina Regional del Indecopi de Cajamarca,https://epdoc2.elperuano.pe/EpPo/DescargaINDA.asp?Referencias=NDNMSExITEhMSFlCVU5ZQlRNTEhZQkxIOVdfXzlXWENWQlRNWENMSExI,20240531
20240502,2284682-1,INSTITUTO NACIONAL DE DEFENSA DE LA COMPETENCIA Y DE LA PROTECCION DE LA PROPIEDAD INTELECTUAL,RESOLUCION,No 000072-2024-PRE/INDECOPI,Formalizan Acuerdo en donde se aprueba la designacion por un periodo adicional de miembro de la Comision adscrita de la Oficina Regional del Indecopi de Arequipa,https://epdoc2.elperuano.pe/EpPo/DescargaINDA.asp?Referencias=NDNMSExITEhMSFlCVU5ZQlRNTEhZQkxIOVdfX0xIWENWQlRNWENMSExI,20240531
20240502,2284683-1,INSTITUTO NACIONAL DE DEFENSA DE LA COMPETENCIA Y DE LA PROTECCION DE LA PROPIEDAD INTELECTUAL,RESOLUCION,No 000073-2024-PRE/INDECOPI,Formalizan Acuerdo donde se aprueba la designacion de miembro de la Comision adscrita de la Oficina Regional del Instituto Nacional de Defensa de la Competencia y de la Proteccion de la Propiedad Intelectual - INDECOPI de Lambayeque,https://epdoc2.elperuano.pe/EpPo/DescargaINDA.asp?Referencias=NDNMSExITEhMSFlCVU5ZQlRNTEhZQkxIOVdfX1M4WENWQlRNWENMSExI,20240531
20240502,2284684-1,INSTITUTO NACIONAL DE DEFENSA DE LA COMPETENCIA Y DE LA PROTECCION DE LA PROPIEDAD INTELECTUAL,RESOLUCION,No 000074-2024-PRE/INDECOPI,Formalizan Acuerdo donde se aprueba la designacion por un periodo adicional de miembro de la Comision adscrita de la Oficina Regional del Instituto Nacional de Defensa de la Competencia y de la Proteccion de la Propiedad Intelectual - INDECOPI de La Libertad,https://epdoc2.elperuano.pe/EpPo/DescargaINDA.asp?Referencias=NDNMSExITEhMSFlCVU5ZQlRNTEhZQkxIOVdfX1RNWENWQlRNWENMSExI,20240531
20240502,2284824-1,ORGANISMO DE EVALUACION Y FISCALIZACION AMBIENTAL,RESOLUCION,No 00073-2024-OEFA/PCD,Designan Ejecutivo de la Unidad de Abastecimiento de la Oficina de Administracion del OEFA,https://epdoc2.elperuano.pe/EpPo/DescargaINDA.asp?Referencias=NDNMSExITEhMSFlCVU5ZQlRNTEhZQkxIOVdfX1RNTEhYQ1RNWENMSExI,20240531
20240502,2284801-1,ORGANISMO TeCNICO DE LA ADMINISTRACIoN DE LOS SERVICIOS DE SANEAMIENTO,RESOLUCION DIRECTORAL,No 000042-2024-OTASS-DE,Designan Gerente Comercial de la Entidad Prestadora de Servicios de Saneamiento Grau Sociedad Anonima - EPS GRAU S.A.,https://epdoc2.elperuano.pe/EpPo/DescargaINDA.asp?Referencias=NDNMSExITEhMSFlCVU5ZQlRNTEhZQkxIOVdfXzlXWUJYQ1RNWENMSExI,20240531
20240502,2284795-1,PROCURADURiA GENERAL DEL ESTADO,RESOLUCION,No D000287-2024-JUS/PGE-PG,Designan directora de la Direccion de Valoracion y Pericias de la Procuraduria General del Estado,https://epdoc2.elperuano.pe/EpPo/DescargaINDA.asp?Referencias=NDNMSExITEhMSFlCVU5ZQlRNTEhZQkxIOVdfX1VOWVhXVlRNWENMSExI,20240531
20240502,2284696-1,SUPERINTENDENCIA NACIONAL DE ADUANAS Y DE ADMINISTRACIoN TRIBUTARIA,RESOLUCION,No 000090-2024/SUNAT,Designan Supervisor 1 de la Division de Atencion a Usuarios de la Gerencia de Operaciones y Soporte a Usuarios de la Intendencia Nacional de Sistemas de Informacion,https://epdoc2.elperuano.pe/EpPo/DescargaINDA.asp?Referencias=NDNMSExITEhMSFlCVU5ZQlRNTEhZQkxIOVdfX1ZCWVhWQlRNWENMSExI,20240531
20240502,2284637-1,CORTES SUPERIORES DE JUSTICIA,RESOLUCION JEFATURAL,No 117-2024-J-ODANC-CSJLE/PJ,Aprueban el Cronograma de Visitas Judiciales Ordinarias correspondientes a los meses de mayo junio julio agosto setiembre octubre noviembre y diciembre del ano judicial 2024 a los organos Jurisdiccionales de la Corte Superior de Justicia de Lima Este,https://epdoc2.elperuano.pe/EpPo/DescargaINDA.asp?Referencias=NDNMSExITEhMSFlCVU5ZQlRNTEhZQkxIOVdfX1dWUzhWQlRNWENMSExI,20240531
20240502,2284865-1,CONTRALORIA GENERAL DE LA REPUBLICA,RESOLUCION,No 218-2024-CG,Autorizan la reduccion del Presupuesto Institucional de la Contraloria General para el Ano Fiscal 2024,https://epdoc2.elperuano.pe/EpPo/DescargaINDA.asp?Referencias=NDNMSExITEhMSFlCVU5ZQlRNTEhZQkxIOVdfX1VOVkJYQ1RNWENMSExI,20240531
20240502,2280246-1,INSTITUCIONES EDUCATIVAS,RESOLUCION,No 108-2024-UNAH,Modifican la Resolucion de Comision Organizadora No 070-2024-UNAH de la Universidad Nacional Autonoma de Huanta que autorizo subvencion economica a favor de la Universidad de Cambridge Reino Unido,https://epdoc2.elperuano.pe/EpPo/DescargaINDA.asp?Referencias=NDNMSExITEhMSFlCVU5ZQlRNTEhZQkxIOVdfX1ZCVE1MSFlCWENMSExI,20240531
20240502,2284264-1,INSTITUCIONES EDUCATIVAS,RESOLUCION,No 051-2024-UNSCH-R,Autorizan transferencia financiera de la Universidad Nacional de San Cristobal de Huamanga a favor de la Contraloria General de la Republica,https://epdoc2.elperuano.pe/EpPo/DescargaINDA.asp?Referencias=NDNMSExITEhMSFlCVU5ZQlRNTEhZQkxIOVdfX1RNVkJMSFRNWENMSExI,20240531
20240502,2284568-1,SUPERINTENDENCIA DE BANCA  SEGUROS Y ADMINISTRADORAS PRIVADAS DE FONDOS DE PENSIONES,RESOLUCION,SBS No 01613-2024,Amplian plazo para la remision del plan de adecuacion a que se refiere el articulo sexto de la Resolucion SBS No 04345-2023,https://epdoc2.elperuano.pe/EpPo/DescargaINDA.asp?Referencias=NDNMSExITEhMSFlCVU5ZQlRNTEhZQkxIOVdfX1hDVkJVTlRNWENMSExI,20240531
20240502,2284436-1,GOBIERNO REGIONAL DE AREQUIPA,ORDENANZA,No 514-2024-AREQUIPA,Ordenanza que aprueba el Reglamento del Presupuesto Participativo Basado en Resultados del Gobierno Regional de Arequipa para el periodo 2025-2027,https://epdoc2.elperuano.pe/EpPo/DescargaINDA.asp?Referencias=NDNMSExITEhMSFlCVU5ZQlRNTEhZQkxIOVdfX1ZCUzhUTVRNWENMSExI,20240531
20240502,2284832-1,GOBIERNO REGIONAL DE LAMBAYEQUE,DECRETO,No 000004-2024-GR.LAMB/GR [515345587 - 11],Convocan a la Primera Audiencia Publica Regional de Rendicion de Cuentas del ano 2024 y dictan diversas disposiciones,https://epdoc2.elperuano.pe/EpPo/DescargaINDA.asp?Referencias=NDNMSExITEhMSFlCVU5ZQlRNTEhZQkxIOVdfX0xIUzhYQ1RNWENMSExI,20240531
20240502,2254740-1,GOBIERNO REGIONAL DE LIMA,ORDENANZA,No 46,Aprueban como prioridad publica regional la ordenanza regional que prioriza la implementacion de la politica nacional de desarrollo e inclusion social sus estrategias y objetivos priorizados en la region Lima,https://epdoc2.elperuano.pe/EpPo/DescargaINDA.asp?Referencias=NDNMSExITEhMSFlCVU5ZQlRNTEhZQkxIOVdfX1lCVE1XVlRNVU5MSExI,20240531
20240502,2273562-1,GOBIERNO REGIONAL DE UCAYALI,ORDENANZA,No 002-2024-GRU-CR,Aprueban ordenanza regional que promueve la incorporacion del enfoque intercultural  el uso preservacion desarrollo recuperacion fomento y difusion de las lenguas indigenas u originarias asi como la promocion de la diversidad cultural para la prevencion y sancion del racismo y la discriminacion etnico-racial en la region Ucayali,https://epdoc2.elperuano.pe/EpPo/DescargaINDA.asp?Referencias=NDNMSExITEhMSFlCVU5ZQlRNTEhZQkxIOVdfX0xIVkJVTlM4V1ZMSExI,20240531
20240502,2284606-1,MUNICIPALIDAD METROPOLITANA DE LIMA,DECRETO DE ALCALDIA,No 007,Aprueban eliminacion e incorporacion de servicios no exclusivos del Circuito Magico del Agua del Parque de la Reserva y del Parque de la Exposicion en el TUSNE de la Municipalidad Metropolitana de Lima,https://epdoc2.elperuano.pe/EpPo/DescargaINDA.asp?Referencias=NDNMSExITEhMSFlCVU5ZQlRNTEhZQkxIOVdfX1ZCWUJWQlRNWENMSExI,20240531
20240502,2284609-1,MUNICIPALIDAD METROPOLITANA DE LIMA,DECRETO DE ALCALDIA,No 008,Aprueban el Texto unico Ordenado y el cuadro resumen de las modificaciones del Reglamento de Organizacion y Funciones de la Municipalidad Metropolitana de Lima,https://epdoc2.elperuano.pe/EpPo/DescargaINDA.asp?Referencias=NDNMSExITEhMSFlCVU5ZQlRNTEhZQkxIOVdfX1lYWUJWQlRNWENMSExI,20240531
20240501,2284814-1,PRESIDENCIA DEL CONSEJO DE MINISTROS,DECRETO SUPREMO,No 046-2024-PCM,Decreto Supremo que prorroga el Estado de Emergencia en el distrito de Mollepata de la provincia de Anta del departamento de Cusco por impacto de danos a consecuencia de intensas precipitaciones pluviales,https://epdoc2.elperuano.pe/EpPo/DescargaINDA.asp?Referencias=NDM5VzlXOVc5V1lCVU5ZQlRNTEhZQkxIOVdfX1RNOVdYQ1RNWENMSExI,20240531
20240501,2284814-2,PRESIDENCIA DEL CONSEJO DE MINISTROS,DECRETO SUPREMO,No 047-2024-PCM,Decreto Supremo que prorroga el Estado de Emergencia declarado en el Corredor Vial Sur Apurimac-Cusco-Arequipa,https://epdoc2.elperuano.pe/EpPo/DescargaINDA.asp?Referencias=NDM5VzlXOVc5V1lCVU5ZQlRNTEhZQkxITEhfX1RNOVdYQ1RNWENMSExI,20240531
20240501,2284814-3,PRESIDENCIA DEL CONSEJO DE MINISTROS,DECRETO SUPREMO,No 048-2024-PCM,Decreto Supremo que prorroga el Estado de Emergencia declarado en la provincia de Zarumilla del departamento de Tumbes,https://epdoc2.elperuano.pe/EpPo/DescargaINDA.asp?Referencias=NDM5VzlXOVc5V1lCVU5ZQlRNTEhZQkxIUzhfX1RNOVdYQ1RNWENMSExI,20240531
20240501,2284815-1,PRESIDENCIA DEL CONSEJO DE MINISTROS,DECRETO SUPREMO,No 049-2024-PCM,Decreto Supremo que declara el Estado de Emergencia en el distrito de Ayna de la provincia de La Mar y en el distrito de Santa Ana de Huaycahuacho de la provincia de Lucanas del departamento de Ayacucho  y en los distritos de Padre Marquez Contamana y Pampa Hermosa de la provincia de Ucayali del departamento de Loreto por impacto de danos a consecuencia de intensas precipitaciones pluviales,https://epdoc2.elperuano.pe/EpPo/DescargaINDA.asp?Referencias=NDM5VzlXOVc5V1lCVU5ZQlRNTEhZQkxIOVdfX1VOOVdYQ1RNWENMSExI,20240531
20240501,2284563-1,PRESIDENCIA DEL CONSEJO DE MINISTROS,RESOLUCION,No 003-2024-PCM/SGTD,Aprueban los Objetivos y Lineamientos del Programa Ninas Digitales Peru,https://epdoc2.elperuano.pe/EpPo/DescargaINDA.asp?Referencias=NDM5VzlXOVc5V1lCVU5ZQlRNTEhZQkxIOVdfX1M4VkJVTlRNWENMSExI,20240531
20240501,2284565-1,PRESIDENCIA DEL CONSEJO DE MINISTROS,RESOLUCION,No 004-2024-PCM/SGTD,Crean la Red Nacional de Laboratorios de Innovacion Digital y aprueban Lineamientos para la adhesion de Laboratorios a la Red Nacional de Laboratorios de Innovacion Digital,https://epdoc2.elperuano.pe/EpPo/DescargaINDA.asp?Referencias=NDM5VzlXOVc5V1lCVU5ZQlRNTEhZQkxIOVdfX1VOVkJVTlRNWENMSExI,20240531
20240501,2284789-1,PRESIDENCIA DEL CONSEJO DE MINISTROS,RESOLUCION JEFATURAL,No 002-2024-OEDI-JEF,Aprueban el Texto Integrado del Reglamento de Organizacion y Funciones del Organismo de Estudios y Diseno de Proyectos de Inversion,https://epdoc2.elperuano.pe/EpPo/DescargaINDA.asp?Referencias=NDM5VzlXOVc5V1lCVU5ZQlRNTEhZQkxIOVdfX1lYWENXVlRNWENMSExI,20240531
20240501,2284304-1,AMBIENTE,RESOLUCION MINISTERIAL,No 140-2024-MINAM,Declaran en emergencia la gestion y manejo de los residuos solidos en el distrito de Calca provincia de Calca departamento de Cusco,https://epdoc2.elperuano.pe/EpPo/DescargaINDA.asp?Referencias=NDM5VzlXOVc5V1lCVU5ZQlRNTEhZQkxIOVdfX1RNWUJTOFRNWENMSExI,20240531
20240501,2284309-1,AMBIENTE,RESOLUCION MINISTERIAL,No 141-2024-MINAM,Designan Asesora de Recursos Naturales del Viceministerio de Desarrollo Estrategico de los Recursos Naturales,https://epdoc2.elperuano.pe/EpPo/DescargaINDA.asp?Referencias=NDM5VzlXOVc5V1lCVU5ZQlRNTEhZQkxIOVdfX1lYWUJTOFRNWENMSExI,20240531
20240501,2284004-1,COMERCIO EXTERIOR Y TURISMO,RESOLUCION MINISTERIAL,No 117-2024-MINCETUR,Designan Asesor I del Gabinete de Asesores del Despacho Ministerial,https://epdoc2.elperuano.pe/EpPo/DescargaINDA.asp?Referencias=NDM5VzlXOVc5V1lCVU5ZQlRNTEhZQkxIOVdfX1RNWUJZQlRNWENMSExI,20240531
20240501,2284126-1,COMERCIO EXTERIOR Y TURISMO,RESOLUCION MINISTERIAL,No 118-2024-MINCETUR,Autorizan transferencia financiera a favor de Unidad Ejecutora 002-1698: Contraloria General - Gestion de Proyectos y Fortalecimiento de Capacidades del Pliego 019: Contraloria General con cargo a recursos de la Unidad Ejecutora No 004-1201:MINCETUR - Plan COPESCO Nacional del Pliego 035: Ministerio de Comercio Exterior y Turismo,https://epdoc2.elperuano.pe/EpPo/DescargaINDA.asp?Referencias=NDM5VzlXOVc5V1lCVU5ZQlRNTEhZQkxIOVdfX1ZCTEg5V1RNWENMSExI,20240531
20240501,2284642-1,DEFENSA,RESOLUCION JEFATURAL,No 00046-2024-CENEPRED/J,Designan Director de la Direccion de Gestion de Procesos - DGP del Centro Nacional de Estimacion Prevencion y Reduccion del Riesgo de Desastres - CENEPRED,https://epdoc2.elperuano.pe/EpPo/DescargaINDA.asp?Referencias=NDM5VzlXOVc5V1lCVU5ZQlRNTEhZQkxIOVdfX0xIVE1WQlRNWENMSExI,20240531
20240501,2284648-1,DEFENSA,RESOLUCION JEFATURAL,No 00047-2024-CENEPRED/J,Designan Director de la Direccion de Monitoreo Seguimiento y Evaluacion - DIMSE del Centro Nacional de Estimacion Prevencion y Reduccion del Riesgo de Desastres - CENEPRED,https://epdoc2.elperuano.pe/EpPo/DescargaINDA.asp?Referencias=NDM5VzlXOVc5V1lCVU5ZQlRNTEhZQkxIOVdfX1hDVE1WQlRNWENMSExI,20240531
20240501,2284671-1,DEFENSA,RESOLUCION JEFATURAL,No 00048-2024-CENEPRED/J,Designan Jefa de la Oficina de Asesoria Juridica del Centro Nacional de Estimacion Prevencion y Reduccion del Riesgo de Desastres - CENEPRED,https://epdoc2.elperuano.pe/EpPo/DescargaINDA.asp?Referencias=NDM5VzlXOVc5V1lCVU5ZQlRNTEhZQkxIOVdfXzlXV1ZWQlRNWENMSExI,20240531
20240501,2284836-1,DEFENSA,RESOLUCION JEFATURAL,No 00052-2024-CENEPRED/J,Designan Jefe de la Oficina de Planeamiento y Presupuesto del Centro Nacional de Estimacion Prevencion y Reduccion del Riesgo de Desastres - CENEPRED,https://epdoc2.elperuano.pe/EpPo/DescargaINDA.asp?Referencias=NDM5VzlXOVc5V1lCVU5ZQlRNTEhZQkxIOVdfX1ZCUzhYQ1RNWENMSExI,20240531
20240501,2284836-2,DEFENSA,RESOLUCION JEFATURAL,No 00051-2024-CENEPRED/J,Designan Jefa de la Oficina de Administracion del Centro Nacional de Estimacion Prevencion y Reduccion del Riesgo de Desastres - CENEPRED,https://epdoc2.elperuano.pe/EpPo/DescargaINDA.asp?Referencias=NDM5VzlXOVc5V1lCVU5ZQlRNTEhZQkxITEhfX1ZCUzhYQ1RNWENMSExI,20240531
20240501,2284102-1,DEFENSA,RESOLUCION MINISTERIAL,No 00393-2024-DE,Autorizan viaje de Oficial de Mar de la Marina de Guerra del Peru a los Estados Unidos de America en mision de estudios,https://epdoc2.elperuano.pe/EpPo/DescargaINDA.asp?Referencias=NDM5VzlXOVc5V1lCVU5ZQlRNTEhZQkxIOVdfX0xIWUI5V1RNWENMSExI,20240531
20240501,2284618-1,DEFENSA,RESOLUCION MINISTERIAL,No 00400-2024-DE,Designan Asesor II del Despacho Viceministerial de Politicas para la Defensa,https://epdoc2.elperuano.pe/EpPo/DescargaINDA.asp?Referencias=NDM5VzlXOVc5V1lCVU5ZQlRNTEhZQkxIOVdfX1hDOVdWQlRNWENMSExI,20240531
20240501,2284622-1,DEFENSA,RESOLUCION MINISTERIAL,No 00398-2024-DE,Designan Asesor II del Despacho Viceministerial de Politicas para la Defensa,https://epdoc2.elperuano.pe/EpPo/DescargaINDA.asp?Referencias=NDM5VzlXOVc5V1lCVU5ZQlRNTEhZQkxIOVdfX0xITEhWQlRNWENMSExI,20240531
20240501,2284711-1,DEFENSA,RESOLUCION MINISTERIAL,No 00409-2024-DE,Modifican la Lista de Priorizacion de inversiones del Ministerio de Defensa aprobada por Resolucion Ministerial No 1111-2023-DE,https://epdoc2.elperuano.pe/EpPo/DescargaINDA.asp?Referencias=NDM5VzlXOVc5V1lCVU5ZQlRNTEhZQkxIOVdfXzlXOVdXVlRNWENMSExI,20240531
20240501,2284635-1,DESARROLLO E INCLUSIoN SOCIAL,RESOLUCION,No D000343-2024-MIDIS/PNAEQW-DE,Designan Jefa de la Unidad de Gestion de Contrataciones y Transferencia de Recursos del Programa Nacional de Alimentacion Escolar Qali Warma,https://epdoc2.elperuano.pe/EpPo/DescargaINDA.asp?Referencias=NDM5VzlXOVc5V1lCVU5ZQlRNTEhZQkxIOVdfX1VOUzhWQlRNWENMSExI,20240531
20240501,2284814-4,ECONOMIA Y FINANZAS,DECRETO SUPREMO,No 071-2024-EF,Decreto Supremo que autoriza Transferencia de Partidas en el Presupuesto del Sector Publico para el Ano Fiscal 2024 a favor de la Reserva de Contingencia,https://epdoc2.elperuano.pe/EpPo/DescargaINDA.asp?Referencias=NDM5VzlXOVc5V1lCVU5ZQlRNTEhZQkxIVE1fX1RNOVdYQ1RNWENMSExI,20240531
20240501,2284814-5,ECONOMIA Y FINANZAS,DECRETO SUPREMO,No 072-2024-EF,Decreto Supremo que aprueba las compras corporativas obligatorias para la adquisicion de consumibles utiles de oficina y materiales de aseo y limpieza a traves de los Catalogos Electronicos de Acuerdo Marco y dicta otras disposiciones,https://epdoc2.elperuano.pe/EpPo/DescargaINDA.asp?Referencias=NDM5VzlXOVc5V1lCVU5ZQlRNTEhZQkxIVU5fX1RNOVdYQ1RNWENMSExI,20240531
20240501,2284814-6,ECONOMIA Y FINANZAS,DECRETO SUPREMO,No 073-2024-EF,Decreto Supremo que aprueba la ampliacion de la Garantia del Gobierno Nacional al Programa Impulso Empresarial MYPE - IMPULSO MYPERU,https://epdoc2.elperuano.pe/EpPo/DescargaINDA.asp?Referencias=NDM5VzlXOVc5V1lCVU5ZQlRNTEhZQkxIVkJfX1RNOVdYQ1RNWENMSExI,20240531
20240501,2284814-7,ECONOMIA Y FINANZAS,DECRETO SUPREMO,No 074-2024-EF,Decreto Supremo que establece los objetos a homologar por los Ministerios en el Ano Fiscal 2024 y dicta disposiciones para su implementacion,https://epdoc2.elperuano.pe/EpPo/DescargaINDA.asp?Referencias=NDM5VzlXOVc5V1lCVU5ZQlRNTEhZQkxIV1ZfX1RNOVdYQ1RNWENMSExI,20240531
20240501,2284613-1,ECONOMIA Y FINANZAS,RESOLUCION MINISTERIAL,No 142-2024-EF/41,Aprueban el Plan Estrategico Institucional 2024-2030 del Ministerio de Economia y Finanzas,https://epdoc2.elperuano.pe/EpPo/DescargaINDA.asp?Referencias=NDM5VzlXOVc5V1lCVU5ZQlRNTEhZQkxIOVdfX1M4OVdWQlRNWENMSExI,20240531
20240501,2284616-1,ECONOMIA Y FINANZAS,RESOLUCION MINISTERIAL,No 143-2024-EF/43,Aprueban contratacion del Estudio Baker Botts LLP seleccionado por la Comision Especial en el marco de la Ley No 28933 Ley que establece el Sistema de Coordinacion y Respuesta del Estado en Controversias Internacionales de Inversion,https://epdoc2.elperuano.pe/EpPo/DescargaINDA.asp?Referencias=NDM5VzlXOVc5V1lCVU5ZQlRNTEhZQkxIOVdfX1ZCOVdWQlRNWENMSExI,20240531
20240501,2284788-1,EDUCACION,RESOLUCION MINISTERIAL,No 190-2024-MINEDU,Designan Secretaria General del Ministerio,https://epdoc2.elperuano.pe/EpPo/DescargaINDA.asp?Referencias=NDM5VzlXOVc5V1lCVU5ZQlRNTEhZQkxIOVdfX1hDWENXVlRNWENMSExI,20240531
20240501,2284793-1,EDUCACION,RESOLUCION MINISTERIAL,No 189-2024-MINEDU,Designan Jefa de la Oficina de Relaciones Interinstitucionales de la Oficina General de Comunicaciones dependiente de la Secretaria General del Ministerio,https://epdoc2.elperuano.pe/EpPo/DescargaINDA.asp?Referencias=NDM5VzlXOVc5V1lCVU5ZQlRNTEhZQkxIOVdfX1M4WVhXVlRNWENMSExI,20240531
20240501,2284799-1,EDUCACION,RESOLUCION MINISTERIAL,No 191-2024-MINEDU,Designan Directora de la Direccion de Servicios de Educacion Tecnico-Productiva y Superior Tecnologica y Artistica,https://epdoc2.elperuano.pe/EpPo/DescargaINDA.asp?Referencias=NDM5VzlXOVc5V1lCVU5ZQlRNTEhZQkxIOVdfX1lYWVhXVlRNWENMSExI,20240531
20240501,2284803-1,EDUCACION,RESOLUCION MINISTERIAL,No 193-2024-MINEDU,Designan Secretario Nacional de la Juventud del Ministerio de Educacion,https://epdoc2.elperuano.pe/EpPo/DescargaINDA.asp?Referencias=NDM5VzlXOVc5V1lCVU5ZQlRNTEhZQkxIOVdfX1M4WUJYQ1RNWENMSExI,20240531
20240501,2278852-1,ENERGIA Y MINAS,RESOLUCION MINISTERIAL,No 513-2023-MINEM/DM,Establecen derecho de servidumbre de electroducto y transito a favor de concesion de la que es titular ATN S.A. para la Linea de Transmision en 220 kV S.E. Rubi - S.E. Montalvo ubicada en el departamento de Moquegua,https://epdoc2.elperuano.pe/EpPo/DescargaINDA.asp?Referencias=NDM5VzlXOVc5V1lCVU5ZQlRNTEhZQkxIOVdfX0xIVU5YQ1hDV1ZMSExI,20240531
20240501,2284355-1,INTERIOR,RESOLUCION MINISTERIAL,No 0576-2024-IN,Designan Asesor II del Despacho Ministerial,https://epdoc2.elperuano.pe/EpPo/DescargaINDA.asp?Referencias=NDM5VzlXOVc5V1lCVU5ZQlRNTEhZQkxIOVdfX1VOVU5TOFRNWENMSExI,20240531
20240501,2284757-1,JUSTICIA Y DERECHOS HUMANOS,RESOLUCION,No 90-2024-JUS/PRONACEJ,Designan administrador I del Centro Juvenil de Diagnostico y Rehabilitacion Marcavalle - Cusco del Programa Nacional de Centros Juveniles,https://epdoc2.elperuano.pe/EpPo/DescargaINDA.asp?Referencias=NDM5VzlXOVc5V1lCVU5ZQlRNTEhZQkxIOVdfX1dWVU5XVlRNWENMSExI,20240531
20240501,2284827-1,JUSTICIA Y DERECHOS HUMANOS,RESOLUCION MINISTERIAL,No 0103-2024-JUS,Disponen la publicacion del proyecto de Codigo Procesal del Trabajo y el proyecto de Exposicion de Motivos que lo sustenta,https://epdoc2.elperuano.pe/EpPo/DescargaINDA.asp?Referencias=NDM5VzlXOVc5V1lCVU5ZQlRNTEhZQkxIOVdfX1dWTEhYQ1RNWENMSExI,20240531
20240501,2284540-1,PRODUCE,RESOLUCION,No 000063-2024-ITP/DE,Modifican la Resolucion Ejecutiva No 0087-2023-ITP/DE que aprueba el Tarifario de Servicios Tecnologicos del Centro de Innovacion Productiva y Transferencia Tecnologica Pesquero Amazonico Pucallpa - CITEpesquero amazonico Pucallpa,https://epdoc2.elperuano.pe/EpPo/DescargaINDA.asp?Referencias=NDM5VzlXOVc5V1lCVU5ZQlRNTEhZQkxIOVdfX1lCVE1VTlRNWENMSExI,20240531
20240501,2284554-1,PRODUCE,RESOLUCION,No 000066-2024-ITP/DE,Aprueban el Tarifario de Servicios Tecnologicos de la Unidad Tecnica Cajamarca - UT Cajamarca del Centro de Innovacion Productiva y Transferencia Tecnologica de la Madera - CITEmadera,https://epdoc2.elperuano.pe/EpPo/DescargaINDA.asp?Referencias=NDM5VzlXOVc5V1lCVU5ZQlRNTEhZQkxIOVdfX1RNVU5VTlRNWENMSExI,20240531
20240501,2284562-1,PRODUCE,RESOLUCION,No 000065-2024-ITP/DE,Aprueban el Tarifario de Servicios Tecnologicos de la Unidad Tecnica Agroindustrial Ambo - UT Agroindustrial Ambo del Centro de Innovacion Productiva y Transferencia Tecnologica Agroindustrial Huallaga - CITEagroindustrial Huallaga,https://epdoc2.elperuano.pe/EpPo/DescargaINDA.asp?Referencias=NDM5VzlXOVc5V1lCVU5ZQlRNTEhZQkxIOVdfX0xIVkJVTlRNWENMSExI,20240531
20240501,2284663-1,PRODUCE,RESOLUCION,No 038-2024-IMARPE/DEC,Aprueban la reduccion del marco presupuestal del Presupuesto Institucional para el Ano Fiscal 2024 del Pliego 240: Instituto del Mar del Peru - IMARPE,https://epdoc2.elperuano.pe/EpPo/DescargaINDA.asp?Referencias=NDM5VzlXOVc5V1lCVU5ZQlRNTEhZQkxIOVdfX1M4VkJWQlRNWENMSExI,20240531
20240501,2284777-1,PRODUCE,RESOLUCION,No 000069-2024-ITP/DE,Designan Asesora II de la Secretaria General del Instituto tecnologico de la Produccion,https://epdoc2.elperuano.pe/EpPo/DescargaINDA.asp?Referencias=NDM5VzlXOVc5V1lCVU5ZQlRNTEhZQkxIOVdfX1dWV1ZXVlRNWENMSExI,20240531
20240501,2284620-1,PRODUCE,RESOLUCION MINISTERIAL,No 000161-2024-PRODUCE,Designan Director General de la Direccion General de Politicas y Analisis Regulatorio,https://epdoc2.elperuano.pe/EpPo/DescargaINDA.asp?Referencias=NDM5VzlXOVc5V1lCVU5ZQlRNTEhZQkxIOVdfX1lCTEhWQlRNWENMSExI,20240531
20240501,2284623-1,PRODUCE,RESOLUCION MINISTERIAL,No 000162-2024-PRODUCE,Designan Asesor II del Despacho Ministerial,https://epdoc2.elperuano.pe/EpPo/DescargaINDA.asp?Referencias=NDM5VzlXOVc5V1lCVU5ZQlRNTEhZQkxIOVdfX1M4TEhWQlRNWENMSExI,20240531
20240501,2284625-1,PRODUCE,RESOLUCION MINISTERIAL,No 000163-2024-PRODUCE,Designan representante del Ministro/a de la Produccion ante el Consejo Directivo del Programa Nacional de Desarrollo Tecnologico e Innovacion - PROINNOVATE,https://epdoc2.elperuano.pe/EpPo/DescargaINDA.asp?Referencias=NDM5VzlXOVc5V1lCVU5ZQlRNTEhZQkxIOVdfX1VOTEhWQlRNWENMSExI,20240531
20240501,2284629-1,PRODUCE,RESOLUCION MINISTERIAL,No 000164-2024-PRODUCE,Designan Directora de la Oficina de Planeamiento y Modernizacion de la Oficina General de Planeamiento Presupuesto y Modernizacion,https://epdoc2.elperuano.pe/EpPo/DescargaINDA.asp?Referencias=NDM5VzlXOVc5V1lCVU5ZQlRNTEhZQkxIOVdfX1lYTEhWQlRNWENMSExI,20240531
20240501,2284633-1,PRODUCE,RESOLUCION MINISTERIAL,No 000167-2024-PRODUCE,Designan Director de la Oficina de Tesoreria de la Oficina General de Administracion del Ministerio,https://epdoc2.elperuano.pe/EpPo/DescargaINDA.asp?Referencias=NDM5VzlXOVc5V1lCVU5ZQlRNTEhZQkxIOVdfX1M4UzhWQlRNWENMSExI,20240531
20240501,2284634-1,PRODUCE,RESOLUCION MINISTERIAL,No 000169-2024-PRODUCE,Designan Director de la Oficina de Contabilidad de la Oficina General de Administracion del Ministerio,https://epdoc2.elperuano.pe/EpPo/DescargaINDA.asp?Referencias=NDM5VzlXOVc5V1lCVU5ZQlRNTEhZQkxIOVdfX1RNUzhWQlRNWENMSExI,20240531
20240501,2284694-1,PRODUCE,RESOLUCION MINISTERIAL,No 000174-2024-PRODUCE,Designan Director de la Oficina de Abastecimiento de la Oficina General de Administracion del Ministerio,https://epdoc2.elperuano.pe/EpPo/DescargaINDA.asp?Referencias=NDM5VzlXOVc5V1lCVU5ZQlRNTEhZQkxIOVdfX1RNWVhWQlRNWENMSExI,20240531
20240501,2284775-1,PRODUCE,RESOLUCION MINISTERIAL,No 000177-2024-PRODUCE,Designan Director de la Oficina de Programacion Multianual de Inversiones de la Oficina General de Planeamiento Presupuesto y Modernizacion del Ministerio,https://epdoc2.elperuano.pe/EpPo/DescargaINDA.asp?Referencias=NDM5VzlXOVc5V1lCVU5ZQlRNTEhZQkxIOVdfX1VOV1ZXVlRNWENMSExI,20240531
20240501,2284779-1,PRODUCE,RESOLUCION MINISTERIAL,No 000178-2024-PRODUCE,Designan Asesor II de la Secretaria General del Ministerio,https://epdoc2.elperuano.pe/EpPo/DescargaINDA.asp?Referencias=NDM5VzlXOVc5V1lCVU5ZQlRNTEhZQkxIOVdfX1lYV1ZXVlRNWENMSExI,20240531
20240501,2284816-1,PRODUCE,RESOLUCION MINISTERIAL,No 000179-2024-PRODUCE,Modifican la Resolucion Ministerial No 000026-2024-PRODUCE que establece limite de captura del recurso bonito para el ano 2024,https://epdoc2.elperuano.pe/EpPo/DescargaINDA.asp?Referencias=NDM5VzlXOVc5V1lCVU5ZQlRNTEhZQkxIOVdfX1ZCOVdYQ1RNWENMSExI,20240531
20240501,2284814-8,SALUD,DECRETO SUPREMO,No 008-2024-SA,Decreto Supremo que aprueba el Reglamento de la Ley No 31348 Ley que propone el enriquecimiento del arroz en el Peru,https://epdoc2.elperuano.pe/EpPo/DescargaINDA.asp?Referencias=NDM5VzlXOVc5V1lCVU5ZQlRNTEhZQkxIWENfX1RNOVdYQ1RNWENMSExI,20240531
20240501,2284837-1,TRABAJO Y PROMOCION DEL EMPLEO,RESOLUCION SUPREMA,No 002-2024-TR,Otorgan la Condecoracion de la Orden del Trabajo en el Grado de Gran Oficial,https://epdoc2.elperuano.pe/EpPo/DescargaINDA.asp?Referencias=NDM5VzlXOVc5V1lCVU5ZQlRNTEhZQkxIOVdfX1dWUzhYQ1RNWENMSExI,20240531
20240501,2284837-10,TRABAJO Y PROMOCION DEL EMPLEO,RESOLUCION SUPREMA,No 011-2024-TR,Otorgan la Condecoracion de la Orden del Trabajo en el Grado de Comendador,https://epdoc2.elperuano.pe/EpPo/DescargaINDA.asp?Referencias=NjM5VzlXOVdZQlVOWUJUTUxIWUJMSFlCOVdfX1dWUzhYQ1RNWENMSExI,20240531
20240501,2284837-2,TRABAJO Y PROMOCION DEL EMPLEO,RESOLUCION SUPREMA,No 003-2024-TR,Otorgan la Condecoracion de la Orden del Trabajo promoviendo al Grado de Gran Oficial,https://epdoc2.elperuano.pe/EpPo/DescargaINDA.asp?Referencias=NDM5VzlXOVc5V1lCVU5ZQlRNTEhZQkxITEhfX1dWUzhYQ1RNWENMSExI,20240531
20240501,2284837-3,TRABAJO Y PROMOCION DEL EMPLEO,RESOLUCION SUPREMA,No 004-2024-TR,Otorgan la Condecoracion de la Orden del Trabajo en el Grado de Comendador,https://epdoc2.elperuano.pe/EpPo/DescargaINDA.asp?Referencias=NDM5VzlXOVc5V1lCVU5ZQlRNTEhZQkxIUzhfX1dWUzhYQ1RNWENMSExI,20240531
20240501,2284837-4,TRABAJO Y PROMOCION DEL EMPLEO,RESOLUCION SUPREMA,No 005-2024-TR,Otorgan la Condecoracion de la Orden del Trabajo promoviendo al Grado de Gran Cruz,https://epdoc2.elperuano.pe/EpPo/DescargaINDA.asp?Referencias=NDM5VzlXOVc5V1lCVU5ZQlRNTEhZQkxIVE1fX1dWUzhYQ1RNWENMSExI,20240531
20240501,2284837-5,TRABAJO Y PROMOCION DEL EMPLEO,RESOLUCION SUPREMA,No 006-2024-TR,Otorgan la Condecoracion de la Orden del Trabajo promoviendo al Grado de Comendador,https://epdoc2.elperuano.pe/EpPo/DescargaINDA.asp?Referencias=NDM5VzlXOVc5V1lCVU5ZQlRNTEhZQkxIVU5fX1dWUzhYQ1RNWENMSExI,20240531
20240501,2284837-6,TRABAJO Y PROMOCION DEL EMPLEO,RESOLUCION SUPREMA,No 007-2024-TR,Otorgan la Condecoracion de la Orden del Trabajo en el Grado de Gran Oficial a la CaMARA PERUANA DE LA CONSTRUCCIoN,https://epdoc2.elperuano.pe/EpPo/DescargaINDA.asp?Referencias=NDM5VzlXOVc5V1lCVU5ZQlRNTEhZQkxIVkJfX1dWUzhYQ1RNWENMSExI,20240531
20240501,2284837-7,TRABAJO Y PROMOCION DEL EMPLEO,RESOLUCION SUPREMA,No 008-2024-TR,Otorgan la Condecoracion de la Orden del Trabajo promoviendo al Grado de Gran Oficial,https://epdoc2.elperuano.pe/EpPo/DescargaINDA.asp?Referencias=NDM5VzlXOVc5V1lCVU5ZQlRNTEhZQkxIV1ZfX1dWUzhYQ1RNWENMSExI,20240531
20240501,2284837-8,TRABAJO Y PROMOCION DEL EMPLEO,RESOLUCION SUPREMA,No 009-2024-TR,Otorgan la Condecoracion de la Orden del Trabajo de manera postuma y en el Grado de Gran Cruz,https://epdoc2.elperuano.pe/EpPo/DescargaINDA.asp?Referencias=NDM5VzlXOVc5V1lCVU5ZQlRNTEhZQkxIWENfX1dWUzhYQ1RNWENMSExI,20240531
20240501,2284837-9,TRABAJO Y PROMOCION DEL EMPLEO,RESOLUCION SUPREMA,No 010-2024-TR,Otorgan la Condecoracion de la Orden del Trabajo en el Grado de Oficial,https://epdoc2.elperuano.pe/EpPo/DescargaINDA.asp?Referencias=NDM5VzlXOVc5V1lCVU5ZQlRNTEhZQkxIWVhfX1dWUzhYQ1RNWENMSExI,20240531
20240501,2283495-1,TRANSPORTES Y COMUNICACIONES,RESOLUCION DIRECTORAL,No 0227-2024-MTC/17.03,Autorizan a la empresa Centro de Inspeccion Kallpa Sociedad Comercial de Responsabilidad Limitada para operar como Centro de Inspeccion Tecnica Vehicular Fijo en local ubicado en el distrito de Independencia provincia y departamento de Lima,https://epdoc2.elperuano.pe/EpPo/DescargaINDA.asp?Referencias=NDM5VzlXOVc5V1lCVU5ZQlRNTEhZQkxIOVdfX1VOWVhUTVM4WENMSExI,20240531
20240501,2284072-1,TRANSPORTES Y COMUNICACIONES,RESOLUCION MINISTERIAL,No 205-2024-MTC/01.03,Otorgan a la empresa MULTISERVICIOS INTERPERU E.I.R.L. Concesion unica para la prestacion de servicios publicos de telecomunicaciones en area que comprende todo el territorio de la Republica,https://epdoc2.elperuano.pe/EpPo/DescargaINDA.asp?Referencias=NDM5VzlXOVc5V1lCVU5ZQlRNTEhZQkxIOVdfX0xIV1ZZQlRNWENMSExI,20240531
20240501,2284097-1,TRANSPORTES Y COMUNICACIONES,RESOLUCION MINISTERIAL,No 206-2024-MTC/01.02,Aprueban ejecucion de expropiacion de inmueble afectado por el proyecto: Construccion del anillo vial periferico de la ciudad de Lima y Callao y el valor de tasacion,https://epdoc2.elperuano.pe/EpPo/DescargaINDA.asp?Referencias=NDM5VzlXOVc5V1lCVU5ZQlRNTEhZQkxIOVdfX1dWWVhZQlRNWENMSExI,20240531
20240501,2284118-1,TRANSPORTES Y COMUNICACIONES,RESOLUCION MINISTERIAL,No 207-2024-MTC/01.02,Aprueban ejecucion de expropiacion del area afectada del inmueble para la ejecucion de la obra: Construccion de Puentes por Reemplazo en Ancash y Junin OBRA 1 (Puente S/N Puente S/N Puente Yungar Puente S/N Puente S/N Puente S/N Puente S/N Puente S/N) y el valor de tasacion,https://epdoc2.elperuano.pe/EpPo/DescargaINDA.asp?Referencias=NDM5VzlXOVc5V1lCVU5ZQlRNTEhZQkxIOVdfX1hDOVc5V1RNWENMSExI,20240531
20240501,2283951-1,TRANSPORTES Y COMUNICACIONES,RESOLUCION VICE MINISTERIAL,No 0050-2024-MTC/03,Modifican la R.VM. No 178-2004-MTC/03 que aprobo los Planes de Canalizacion y Asignacion de Frecuencias del Servicio de Radiodifusion por Television en UHF para distintas localidades del departamento de Cusco,https://epdoc2.elperuano.pe/EpPo/DescargaINDA.asp?Referencias=NDM5VzlXOVc5V1lCVU5ZQlRNTEhZQkxIOVdfXzlXVU5ZWFM4WENMSExI,20240531
20240501,2284040-1,TRANSPORTES Y COMUNICACIONES,RESOLUCION VICE MINISTERIAL,No 0051-2024-MTC/03,Modifican la R.VM. No 331-2005-MTC/03 que aprueba Planes de Canalizacion y Asignacion de Frecuencias del Servicio de Radiodifusion por Television en VHF para distintas localidades del departamento de Ancash,https://epdoc2.elperuano.pe/EpPo/DescargaINDA.asp?Referencias=NDM5VzlXOVc5V1lCVU5ZQlRNTEhZQkxIOVdfX1lCVE1ZQlRNWENMSExI,20240531
20240501,2284783-1,VIVIENDA  CONSTRUCCIoN Y SANEAMIENTO,RESOLUCION DIRECTORAL,No 022-2024-VIVIENDA-VMCS-PASLC,Designan Director de la Unidad de Asesoria Legal del Programa Agua Segura para Lima y Callao,https://epdoc2.elperuano.pe/EpPo/DescargaINDA.asp?Referencias=NDM5VzlXOVc5V1lCVU5ZQlRNTEhZQkxIOVdfX1M4WENXVlRNWENMSExI,20240531
20240501,2284646-1,VIVIENDA  CONSTRUCCIoN Y SANEAMIENTO,RESOLUCION MINISTERIAL,No 150-2024-VIVIENDA,Designan Directora de la Oficina de Planeamiento y Modernizacion de la Oficina General de Planeamiento y Presupuesto del Ministerio,https://epdoc2.elperuano.pe/EpPo/DescargaINDA.asp?Referencias=NDM5VzlXOVc5V1lCVU5ZQlRNTEhZQkxIOVdfX1ZCVE1WQlRNWENMSExI,20240531
20240501,2284647-1,INSTITUTO NACIONAL DE DEFENSA CIVIL,RESOLUCION JEFATURAL,No 000055-2024-INDECI/JEF INDECI,Designan Jefe de la Oficina General de Administracion del Instituto Nacional de Defensa Civil - INDECI,https://epdoc2.elperuano.pe/EpPo/DescargaINDA.asp?Referencias=NDM5VzlXOVc5V1lCVU5ZQlRNTEhZQkxIOVdfX1dWVE1WQlRNWENMSExI,20240531
20240501,2284573-1,INSTITUTO NACIONAL DE RADIO Y TELEVISIoN DEL PERu,RESOLUCION,No 000033-2024-IRTP-PE,Autorizan la reduccion del marco presupuestal en el Presupuesto Institucional del Pliego 116: Instituto Nacional de Radio y Television del Peru - IRTP,https://epdoc2.elperuano.pe/EpPo/DescargaINDA.asp?Referencias=NDM5VzlXOVc5V1lCVU5ZQlRNTEhZQkxIOVdfX1M4V1ZVTlRNWENMSExI,20240531
20240501,2284644-1,AUTORIDAD NACIONAL DEL AGUA,RESOLUCION JEFATURAL,No 0172-224-ANA,Otorgan a favor del Proyecto Especial Binacional Puyango Tumbes la reserva de recursos hidricos del rio Puyango - Tumbes en la seccion denominada Linda Chara ubicada en el departamento de Tumbes,https://epdoc2.elperuano.pe/EpPo/DescargaINDA.asp?Referencias=NDM5VzlXOVc5V1lCVU5ZQlRNTEhZQkxIOVdfX1RNVE1WQlRNWENMSExI,20240531
20240501,2284708-1,INSTITUTO NACIONAL DE ESTADISTICA E INFORMATICA,RESOLUCION JEFATURAL,No 114-2024-INEI,Aprueban indice de Precios al Consumidor a Nivel Nacional y el indice de Precios al Consumidor de Lima Metropolitana correspondientes al mes de abril 2024,https://epdoc2.elperuano.pe/EpPo/DescargaINDA.asp?Referencias=NDM5VzlXOVc5V1lCVU5ZQlRNTEhZQkxIOVdfX1hDWUJXVlRNWENMSExI,20240531
20240501,2284709-1,INSTITUTO NACIONAL DE ESTADISTICA E INFORMATICA,RESOLUCION JEFATURAL,No 115-2024-INEI,Aprueban indice de Precios al Por Mayor a Nivel Nacional correspondiente al mes de abril de 2024,https://epdoc2.elperuano.pe/EpPo/DescargaINDA.asp?Referencias=NDM5VzlXOVc5V1lCVU5ZQlRNTEhZQkxIOVdfX1lYWUJXVlRNWENMSExI,20240531
20240501,2284734-1,ORGANISMO NACIONAL DE SANIDAD PESQUERA,RESOLUCION,No 065-2024-SANIPES/PE,Designan Jefa de la Oficina de Administracion del Organismo Nacional de Sanidad Pesquera - SANIPES,https://epdoc2.elperuano.pe/EpPo/DescargaINDA.asp?Referencias=NDM5VzlXOVc5V1lCVU5ZQlRNTEhZQkxIOVdfX1RNUzhXVlRNWENMSExI,20240531
20240501,2284791-1,ORGANISMO NACIONAL DE SANIDAD PESQUERA,RESOLUCION,No 071-2024-SANIPES/PE,Designan Jefe de la Unidad de Cooperacion Tecnica de la Oficina de Planeamiento Presupuesto y Modernizacion del Organismo Nacional de Sanidad Pesquera - SANIPES,https://epdoc2.elperuano.pe/EpPo/DescargaINDA.asp?Referencias=NDM5VzlXOVc5V1lCVU5ZQlRNTEhZQkxIOVdfXzlXWVhXVlRNWENMSExI,20240531
20240501,2284794-1,ORGANISMO NACIONAL DE SANIDAD PESQUERA,RESOLUCION,No 073-2024-SANIPES/PE,Designan Jefa de la Unidad de Presupuesto e Inversion Publica de la Oficina de Planeamiento Presupuesto y Modernizacion del Organismo Nacional de Sanidad Pesquera (SANIPES),https://epdoc2.elperuano.pe/EpPo/DescargaINDA.asp?Referencias=NDM5VzlXOVc5V1lCVU5ZQlRNTEhZQkxIOVdfX1RNWVhXVlRNWENMSExI,20240531
20240501,2284796-1,ORGANISMO NACIONAL DE SANIDAD PESQUERA,RESOLUCION,No 067-2024-SANIPES/PE,Designan Jefe de la Oficina de Asesoria Juridica del Organismo Nacional de Sanidad Pesquera - SANIPES,https://epdoc2.elperuano.pe/EpPo/DescargaINDA.asp?Referencias=NDM5VzlXOVc5V1lCVU5ZQlRNTEhZQkxIOVdfX1ZCWVhXVlRNWENMSExI,20240531
20240501,2284132-1,SUPERINTENDENCIA NACIONAL DE ADUANAS Y DE ADMINISTRACIoN TRIBUTARIA,RESOLUCION,No 000088-2024/SUNAT,Designan a las personas que asumiran los cargos de confianza de las unidades de organizacion dependientes de la Superintendencia Nacional Adjunta de Tributos Internos,https://epdoc2.elperuano.pe/EpPo/DescargaINDA.asp?Referencias=NDM5VzlXOVc5V1lCVU5ZQlRNTEhZQkxIOVdfX0xIUzg5V1RNWENMSExI,20240531
20240501,2284792-1,CORTES SUPERIORES DE JUSTICIA,RESOLUCION ADMINISTRATIVA,No 000324-2024-P-CSJLI-PJ,Reasignan y designan magistados en diferentes organos jurisdiccionales de la Corte Superior de Justicia de Lima,https://epdoc2.elperuano.pe/EpPo/DescargaINDA.asp?Referencias=NDM5VzlXOVc5V1lCVU5ZQlRNTEhZQkxIOVdfX0xIWVhXVlRNWENMSExI,20240531
20240501,2278241-1,INSTITUCIONES EDUCATIVAS,RESOLUCION,No 2220-2023-UNI,Otorgan duplicado de Diploma de Grado Academico de Bachiller en Ciencias con Mencion en Ingenieria Industrial a egresado de la Universidad Nacional de Ingenieria,https://epdoc2.elperuano.pe/EpPo/DescargaINDA.asp?Referencias=NDM5VzlXOVc5V1lCVU5ZQlRNTEhZQkxIOVdfXzlXVE1MSFhDV1ZMSExI,20240531
20240501,2284012-1,OFICINA NACIONAL DE PROCESOS ELECTORALES,RESOLUCION,No 000026-2024-SG/ONPE,Aprueban modificacion del Manual de Clasificador de Cargos de la Oficina Nacional de Procesos Electorales,https://epdoc2.elperuano.pe/EpPo/DescargaINDA.asp?Referencias=NDM5VzlXOVc5V1lCVU5ZQlRNTEhZQkxIOVdfX0xIOVdZQlRNWENMSExI,20240531
20240501,2283911-1,GOBIERNO REGIONAL DE AREQUIPA,ORDENANZA,No 506-AREQUIPA,Ordenanza Regional que declara de interes publico regional reconocimiento y promocion de la Lengua de Senas Peruana como lengua de las personas con discapacidad auditiva o personas sordas aprobandose normas para alcanzar los objetivos propuestos por la Ley No 29535,https://epdoc2.elperuano.pe/EpPo/DescargaINDA.asp?Referencias=NDM5VzlXOVc5V1lCVU5ZQlRNTEhZQkxIOVdfXzlXOVdZWFM4WENMSExI,20240531
20240501,2284193-1,GOBIERNO REGIONAL DE AREQUIPA,ORDENANZA,No 511-2023-AREQUIPA,Aprueban modificacion de la Ordenanza Regional No 480 referida a la creacion del Comite de Gestion del Geoparque Colca y Volcanes de Andagua (CGCVA),https://epdoc2.elperuano.pe/EpPo/DescargaINDA.asp?Referencias=NDM5VzlXOVc5V1lCVU5ZQlRNTEhZQkxIOVdfX1M4WVg5V1RNWENMSExI,20240531
20240501,2284375-1,GOBIERNO REGIONAL DE LAMBAYEQUE,ACUERDO,No 000171-2024-GR.LAMB/CR [215238474 - 36],Aprueban modificacion del Presupuesto Institucional de Unidades Ejecutoras del Pliego 452 Gobierno Regional del Departamento de Lambayeque,https://epdoc2.elperuano.pe/EpPo/DescargaINDA.asp?Referencias=NDM5VzlXOVc5V1lCVU5ZQlRNTEhZQkxIOVdfX1VOV1ZTOFRNWENMSExI,20240531
20240501,2284380-1,GOBIERNO REGIONAL DE LAMBAYEQUE,ACUERDO,No 000172-2024-GR.LAMB/CR [215229079 - 46],Aprueban modificacion del Presupuesto Institucional de Unidades Ejecutoras del Pliego 452 Gobierno Regional del Departamento de Lambayeque,https://epdoc2.elperuano.pe/EpPo/DescargaINDA.asp?Referencias=NDM5VzlXOVc5V1lCVU5ZQlRNTEhZQkxIOVdfX1lCWENTOFRNWENMSExI,20240531
20240501,2284246-1,MUNICIPALIDAD METROPOLITANA DE LIMA,ACUERDO,No 167,Aprueban con cargo al presupuesto institucional del Pliego 465: Municipalidad Metropolitana de Lima - Gobierno Regional Metropolitano de Lima la transferencia financiera a favor del Pliego 019: Contraloria General de la Republica,https://epdoc2.elperuano.pe/EpPo/DescargaINDA.asp?Referencias=NDM5VzlXOVc5V1lCVU5ZQlRNTEhZQkxIOVdfX1ZCVE1MSFRNWENMSExI,20240531
20240501,2284252-1,MUNICIPALIDAD METROPOLITANA DE LIMA,ORDENANZA,No 2615,Derogan la Ordenanza No 2129 que aprueba el Reglamento de Organizacion y Funciones (ROF) y Estructura Organica del Patronato del Parque de las Leyendas Felipe Benavides Barreda,https://epdoc2.elperuano.pe/EpPo/DescargaINDA.asp?Referencias=NDM5VzlXOVc5V1lCVU5ZQlRNTEhZQkxIOVdfX0xIVU5MSFRNWENMSExI,20240531
20240501,2284700-1,MUNICIPALIDAD DE PUEBLO LIBRE,Decretos de Alcaldia,No 002-2024-MPL,Convocan al Proceso del Presupuesto Participativo Basado en Resultados para el Ano Fiscal 2025 de la Municipalidad de Pueblo Libre,https://epdoc2.elperuano.pe/EpPo/DescargaINDA.asp?Referencias=NDM5VzlXOVc5V1lCVU5ZQlRNTEhZQkxIOVdfX1lCWUJXVlRNWENMSExI,20240531
20240501,2284281-1,MUNICIPALIDAD DE SAN BORJA,ORDENANZA,No 713-MSB,Modifican el Articulo Segundo de la Ordenanza No 637-MSB que modifica el Reglamento de Edificaciones y Normas Complementarias de la Zonificacion del Distrito de San Borja,https://epdoc2.elperuano.pe/EpPo/DescargaINDA.asp?Referencias=NDM5VzlXOVc5V1lCVU5ZQlRNTEhZQkxIOVdfXzlXWENMSFRNWENMSExI,20240531
20240501,2283309-1,MUNICIPALIDAD DE SANTA ANITA,RESOLUCION DE ALCALDIA,No 00043-2024/MDSA,Designan Ejecutor Coactivo de la Municipalidad Distrital de Santa Anita,https://epdoc2.elperuano.pe/EpPo/DescargaINDA.asp?Referencias=NDM5VzlXOVc5V1lCVU5ZQlRNTEhZQkxIOVdfX1lYWUJTOFM4WENMSExI,20240531
