FECHA_PUBLICACION,OP,ENTIDAD,DISPOSITIVO,NUMERO,SUMILLA,LINK,FECHA_CORTE
20241130,2349661-1,CONGRESO DE LA REPUBLICA,LEY,N° 32174,Ley que declara el 7 de diciembre de cada año Día Nacional de la Danza del Wititi,https://busquedas.elperuano.pe/dispositivo/NL/2349661-1,20241130
20241130,2349661-2,CONGRESO DE LA REPUBLICA,LEY,N° 32175,Ley que crea la Universidad Nacional Intercultural Aimara de Ilave en el distrito de Ilave de la provincia de El Collao del departamento de Puno,https://busquedas.elperuano.pe/dispositivo/NL/2349661-2,20241130
20241130,2349662-1,CONGRESO DE LA REPUBLICA,LEY,N° 32176,Ley de fortalecimiento e implementación de las boticas públicas FARMAMINSA a nivel nacional,https://busquedas.elperuano.pe/dispositivo/NL/2349662-1,20241130
20241130,2349661-3,PRESIDENCIA DEL CONSEJO DE MINISTROS,DECRETO SUPREMO,N° 133-2024-PCM,Decreto Supremo que prorroga el Estado de Emergencia en algunos distritos y centros poblados de provincias pertenecientes a los departamentos de Ayacucho Huancavelica Junín y Cusco,https://busquedas.elperuano.pe/dispositivo/NL/2349661-3,20241130
20241130,2349579-1,PRESIDENCIA DEL CONSEJO DE MINISTROS,RESOLUCION,N° 005-2024-PCM-SGP,Aprueban actualización de la Norma Técnica N° 01-2020-PCM/SGP/SSAP que establece modelos de organización para municipalidades,https://busquedas.elperuano.pe/dispositivo/NL/2349579-1,20241130
20241130,2349583-1,PRESIDENCIA DEL CONSEJO DE MINISTROS,RESOLUCION,N° 006-2024-PCM-SGP,Suspenden la aplicación la Directiva que regula la verificación posterior aleatoria de los documentos técnico normativo de gestión organizacional aprobada por la Res. N° 00011-2021-PCM/SGP,https://busquedas.elperuano.pe/dispositivo/NL/2349583-1,20241130
20241130,2349618-1,PRESIDENCIA DEL CONSEJO DE MINISTROS,RESOLUCION MINISTERIAL,N° 340-2024-PCM,Derogan la Resolución Ministerial N° 186-2015-PCM que aprueba el Manual para Mejorar la Atención a la Ciudadanía y la Resolución Ministerial N° 066-2019-PCM,https://busquedas.elperuano.pe/dispositivo/NL/2349618-1,20241130
20241130,2349621-1,PRESIDENCIA DEL CONSEJO DE MINISTROS,RESOLUCION MINISTERIAL,N° 341-2024-PCM,Derogan la R.M. N° 268-2013-PCM que crea el Registro Unificado de Comisiones Multisectoriales y aprueban la Directiva Nº 001-2013-PCM/SC Lineamientos sobre las Comisiones Multisectoriales del Poder Ejecutivo y su Anexo,https://busquedas.elperuano.pe/dispositivo/NL/2349621-1,20241130
20241130,2349690-1,PRESIDENCIA DEL CONSEJO DE MINISTROS,RESOLUCION SUPREMA,N° 248-2024-PCM,Autorizan viaje del Ministro de Justicia y Derechos Humanos al Reino de los Países Bajos y encargan su Despacho al Ministro de Trabajo y Promoción del Empleo,https://busquedas.elperuano.pe/dispositivo/NL/2349690-1,20241130
20241130,2349649-1,AMBIENTE,RESOLUCION MINISTERIAL,N° 00420-2024-MINAM,Disponen la publicación del proyecto de Resolución Ministerial que aprueba las Fichas Técnicas Ambientales para proyectos de inversión de residuos sólidos consistentes en: i) Ficha Técnica Ambiental (FTA) para proyectos de residuos sólidos no sujetos al SEIA de menor complejidad; y ii) Ficha Técnica Ambiental (FTA) para proyectos de residuos sólidos no sujetos al SEIA de mayor complejidad,https://busquedas.elperuano.pe/dispositivo/NL/2349649-1,20241130
20241130,2349525-1,COMERCIO EXTERIOR Y TURISMO,RESOLUCION MINISTERIAL,N° 364-2024-MINCETUR,Autorizan viaje de representantes de PROMPERÚ para participar en evento a realizarse en Chile,https://busquedas.elperuano.pe/dispositivo/NL/2349525-1,20241130
20241130,2349518-1,COMERCIO EXTERIOR Y TURISMO,RESOLUCION MINISTERIAL,N° 362-2024-MINCETUR,Autorizan viaje de representantes del Ministerio para participar en reuniones a realizarse en la Confederación Suiza,https://busquedas.elperuano.pe/dispositivo/NL/2349518-1,20241130
20241130,2349522-1,COMERCIO EXTERIOR Y TURISMO,RESOLUCION MINISTERIAL,N° 363-2024-MINCETUR,Autorizan viaje de representante de PROMPERÚ para participar en evento a realizarse en Argentina,https://busquedas.elperuano.pe/dispositivo/NL/2349522-1,20241130
20241130,2349682-1,CULTURA,RESOLUCION MINISTERIAL,N° 000436-2024-MC,Designan Director de Sistema Administrativo III de la Oficina de Abastecimiento de la Oficina General de Administración del Ministerio de Cultura,https://busquedas.elperuano.pe/dispositivo/NL/2349682-1,20241130
20241130,2349641-1,DEFENSA,RESOLUCION MINISTERIAL,N° 01683-2024-DE,Autorizan viaje de Director General y del Secretario General del Centro de Altos Estudios Nacionales - Escuela de Posgrado a la República Popular China en misión de estudios,https://busquedas.elperuano.pe/dispositivo/NL/2349641-1,20241130
20241130,2349661-6,DEFENSA,RESOLUCION SUPREMA,N° 171-2024-DE,Designan a Técnico 1ro EP para desempeñarse en el cargo de Secretario en apoyo a las actividades administrativas y protocolares de la Delegación del Perú ante la Junta Interamericana de Defensa Organización de los Estados Americanos (JID - OEA) en EE.UU.,https://busquedas.elperuano.pe/dispositivo/NL/2349661-6,20241130
20241130,2349501-1,ECONOMIA Y FINANZAS,RESOLUCION,N° 051-2024-CF/ST,Asignan funciones adicionales a servidora como responsable de entregar la información de acceso público en el Consejo Fiscal,https://busquedas.elperuano.pe/dispositivo/NL/2349501-1,20241130
20241130,2349235-1,ECONOMIA Y FINANZAS,RESOLUCION,N° 027-2024-CF/ST,Aprueban el Manual de Perfiles de Puestos – MPP del Consejo Fiscal,https://busquedas.elperuano.pe/dispositivo/NL/2349235-1,20241130
20241130,2349483-1,ECONOMIA Y FINANZAS,RESOLUCION DIRECTORAL,N° 0038-2024-EF/50.01,Aprueban resultados finales del cumplimiento de las metas del Tramo I del año 2024 del Programa de Incentivos a la Mejora de la Gestión Municipal,https://busquedas.elperuano.pe/dispositivo/NL/2349483-1,20241130
20241130,2349589-1,ECONOMIA Y FINANZAS,RESOLUCION MINISTERIAL,N° 381-2024-EF/52,Resolución Ministerial que aprueba el Documento denominado Estrategia de Gestión Integral de Activos y Pasivos 2025 – 2028,https://busquedas.elperuano.pe/dispositivo/NL/2349589-1,20241130
20241130,2349475-1,EDUCACION,RESOLUCION DIRECTORAL,N° 00048-2024-PEIP-EB,Designan Director del Sistema Administrativo III de la Oficina de Tecnologías de Información del Proyecto Especial de Inversión Pública Escuelas Bicentenario,https://busquedas.elperuano.pe/dispositivo/NL/2349475-1,20241130
20241130,2347512-1,ENERGIA Y MINAS,RESOLUCION MINISTERIAL,N° 437-2024-MINEM/DM,Otorgan concesión temporal a KALLPA GENERACIÓN S.A. para estudios de factibilidad de generación de energía eléctrica en el proyecto CSF Pampa Salinas I que se llevarán a cabo en el departamento de Moquegua,https://busquedas.elperuano.pe/dispositivo/NL/2347512-1,20241130
20241130,2347522-1,ENERGIA Y MINAS,RESOLUCION MINISTERIAL,N° 436-2024-MINEM/DM,Otorgan concesión temporal a KALLPA GENERACIÓN S.A. para estudios de factibilidad de generación de energía eléctrica en el proyecto CSF Pampa Salinas II que se llevarán a cabo en el departamento de Moquegua,https://busquedas.elperuano.pe/dispositivo/NL/2347522-1,20241130
20241130,2349679-1,INTERIOR,RESOLUCION MINISTERIAL,N° 1480-2024-IN,Autorizan viaje de personal policial a España en comisión de servicios,https://busquedas.elperuano.pe/dispositivo/NL/2349679-1,20241130
20241130,2349653-1,JUSTICIA,DECRETO SUPREMO,N° 016-2024-JUS,Decreto Supremo que aprueba el Reglamento de la Ley N° 29733 Ley de Protección de Datos Personales,https://epdoc2.elperuano.pe/EpPo/VistaNLSE.asp?Referencias=MjM0OTY1My0xMjAyNDExMzA=,20241130
20241130,2349658-1,MUJER Y POBLACIONES VULNERABLES,RESOLUCION,N° 099-2024-MIMP/SG,Aprueban modificación del Manual de Clasificador de Cargos de la Unidad Ejecutora 001: Administración Nivel Central del Ministerio de la Mujer y Poblaciones Vulnerables,https://busquedas.elperuano.pe/dispositivo/NL/2349658-1,20241130
20241130,2349659-1,MUJER Y POBLACIONES VULNERABLES,RESOLUCION MINISTERIAL,N° 358-2024-MIMP,Autorizan viaje de Viceministra de la Mujer a Chile en comisión de servicios,https://busquedas.elperuano.pe/dispositivo/NL/2349659-1,20241130
20241130,2349660-1,MUJER Y POBLACIONES VULNERABLES,RESOLUCION MINISTERIAL,N° 359-2024-MIMP,Otorgan el Reconocimiento Nacional de Buenas Prácticas de Voluntariado Edición 2024 en cada una de las categorías a diversas organizaciones,https://busquedas.elperuano.pe/dispositivo/NL/2349660-1,20241130
20241130,2349577-1,PRODUCE,RESOLUCION,N° 899-2024-PRODUCE/PROINNOVATE,Aprueban otorgamiento de subvenciones a favor de beneficiarios con cargo al Programa Nacional de Innovación para la Competitividad y Productividad,https://busquedas.elperuano.pe/dispositivo/NL/2349577-1,20241130
20241130,2349602-1,PRODUCE,RESOLUCION MINISTERIAL,N° 000471-2024-PRODUCE,Autorizan la actividad extractiva del recurso concha de abanico Argopecten purpuratus para abastecer a las concesiones acuícolas y dictan diversas disposiciones,https://busquedas.elperuano.pe/dispositivo/NL/2349602-1,20241130
20241130,2349604-1,PRODUCE,RESOLUCION MINISTERIAL,N° 000470-2024-PRODUCE,Modifican el Anexo Programa para facilitar el Equipamiento de embarcaciones con capacidad de bodega menor o igual a 10 metros cúbicos con el correspondiente Equipo de Seguimiento Satelital o similar en el marco de la Sexta Disposición Complementaria Transitoria del Reglamento de Ordenamiento Pesquero del Recurso Anchoveta para Consumo Humano Directo aprobado por Decreto Supremo Nº 005-2017-PRODUCE de la R.M. Nº 000439-2024-PRODUCE,https://busquedas.elperuano.pe/dispositivo/NL/2349604-1,20241130
20241130,2349574-1,RELACIONES EXTERIORES,RESOLUCION MINISTERIAL,N° 0912-2024-RE,Autorizan viaje de funcionario diplomático a Uruguay en comisión de servicios,https://busquedas.elperuano.pe/dispositivo/NL/2349574-1,20241130
20241130,2349683-1,RELACIONES EXTERIORES,RESOLUCION MINISTERIAL,N° 0919-2024-RE,Autorizan viaje de funcionaria diplomática a la Confederación Suiza en comisión de servicios,https://busquedas.elperuano.pe/dispositivo/NL/2349683-1,20241130
20241130,2348893-1,RELACIONES EXTERIORES,RESOLUCION MINISTERIAL,N° 0892-2024-RE,Dan término a nombramiento de Primer Secretario en el Servicio Diplomático de la República como Director de la Oficina Desconcentrada del Ministerio de Relaciones Exteriores en la ciudad de Chachapoyas departamento de Amazonas,https://busquedas.elperuano.pe/dispositivo/NL/2348893-1,20241130
20241130,2349661-4,RELACIONES EXTERIORES,RESOLUCION SUPREMA,N° 212-2024-RE,Dan término a nombramiento de Embajadora en el Servicio Diplomático de la República como Gobernadora Común ante el Fondo Común de Productos Básicos (FCPB),https://busquedas.elperuano.pe/dispositivo/NL/2349661-4,20241130
20241130,2349661-5,RELACIONES EXTERIORES,RESOLUCION SUPREMA,N° 213-2024-RE,Dan por terminadas funciones de Cónsul General del Perú en Caracas República Bolivariana de Venezuela,https://busquedas.elperuano.pe/dispositivo/NL/2349661-5,20241130
20241130,2349655-1,SALUD,RESOLUCION MINISTERIAL,N° 835-2024/MINSA,Autorizan viaje de profesionales de la Dirección General de Medicamentos Insumos y Drogas a la República Argentina en comisión de servicios,https://busquedas.elperuano.pe/dispositivo/NL/2349655-1,20241130
20241130,2349656-1,SALUD,RESOLUCION MINISTERIAL,N° 836-2024/MINSA,Designan Jefa de Equipo II de la Oficina General de Tecnologías de la Información,https://busquedas.elperuano.pe/dispositivo/NL/2349656-1,20241130
20241130,2349657-1,SALUD,RESOLUCION MINISTERIAL,N° 837-2024/MINSA,Aprueban lista complementaria de productos biológicos utilizados como antivenenos para el tratamiento de accidentes por animales ponzoñosos al Petitorio Nacional Único de Medicamentos Esenciales del Sector Salud,https://busquedas.elperuano.pe/dispositivo/NL/2349657-1,20241130
20241130,2349640-1,"VIVIENDA, CONSTRUCCIÓN Y SANEAMIENTO",RESOLUCION MINISTERIAL,N° 442-2024-VIVIENDA,Modifican la R.M. N° 020-2023-VIVIENDA que delegó facultades y atribuciones en diversos funcionarios del Ministerio,https://busquedas.elperuano.pe/dispositivo/NL/2349640-1,20241130
20241130,2349477-1,"VIVIENDA, CONSTRUCCIÓN Y SANEAMIENTO",RESOLUCION MINISTERIAL,N° 441-2024-VIVIENDA,Autorizan Transferencias Financieras a favor del Servicio de Agua Potable y Alcantarillado de La Libertad S.A. y de la Empresa Municipal de Servicios de Agua Potable y Alcantarillado de Huánuco S.A.,https://busquedas.elperuano.pe/dispositivo/NL/2349477-1,20241130
20241130,2349277-1,"VIVIENDA, CONSTRUCCIÓN Y SANEAMIENTO",RESOLUCION MINISTERIAL,N° 440-2024-VIVIENDA,Aprueban Cuadragésima sexta convocatoria del año 2024 para el otorgamiento del Bono de Arrendamiento de Vivienda para Emergencias dirigida a potenciales beneficiarios constituidos por damnificados con viviendas colapsadas o inhabitables ante intensas precipitaciones pluviales en el marco de diversos Estados de Emergencia,https://busquedas.elperuano.pe/dispositivo/NL/2349277-1,20241130
20241130,2349193-1,"VIVIENDA, CONSTRUCCIÓN Y SANEAMIENTO",RESOLUCION MINISTERIAL,N° 439-2024-VIVIENDA,Aprueban Cuadragésima quinta convocatoria del año 2024 para el otorgamiento del Bono de Arrendamiento de Vivienda para Emergencias en atención a los Decretos Supremos N°s 097-2024-PCM y 099-2024-PCM,https://busquedas.elperuano.pe/dispositivo/NL/2349193-1,20241130
20241130,2349668-1,"VIVIENDA, CONSTRUCCIÓN Y SANEAMIENTO",RESOLUCION MINISTERIAL,N° 446-2024-VIVIENDA,Autorizan Transferencia Financiera a favor de la Entidad Prestadora de Servicio de Saneamiento Grau S.A. y a favor de la Empresa Municipal de Servicios de Abastecimiento de Agua Potable y Alcantarillado Abancay S.A.,https://busquedas.elperuano.pe/dispositivo/NL/2349668-1,20241130
20241130,2349669-1,"VIVIENDA, CONSTRUCCIÓN Y SANEAMIENTO",RESOLUCION MINISTERIAL,N° 444-2024-VIVIENDA,Aprueban como empresa calificada para efecto del artículo 3 del Decreto Legislativo N° 973 a la empresa MARINA CITY CENTER S.A.C. por el desarrollo del proyecto denominado Marina City Center,https://busquedas.elperuano.pe/dispositivo/NL/2349669-1,20241130
20241130,2349460-1,COMISION NACIONAL PARA EL DESARROLLO Y VIDA SIN DROGAS,RESOLUCION,N° 000204-2024-DV-PE,Autorizan transferencia financiera a favor del Ministerio Público en el marco del Programa Presupuestal Gestión Integrada y Efectiva del Control de Oferta de Drogas en el Perú,https://busquedas.elperuano.pe/dispositivo/NL/2349460-1,20241130
20241130,2349523-1,SEGURO INTEGRAL DE SALUD,RESOLUCION JEFATURAL,N° 000177-2024-SIS/J,Aprueban la Directiva N° 05-2024-SIS/GREP – V.01. Directiva que establece el procedimiento de evaluación y reembolso de las prestaciones de salud brindadas a los asegurados del Seguro Integral de Salud – SIS en condición de emergencia médica y/o quirúrgica en IPRESS de ESSALUD de Sanidades de la PNP o las FFAA y sus anexos,https://busquedas.elperuano.pe/dispositivo/NL/2349523-1,20241130
20241130,2349526-1,SEGURO INTEGRAL DE SALUD,RESOLUCION JEFATURAL,N° 000178-2024-SIS/J,Aprueban la Directiva N° 002-2024-SIS/GREP-V.02 Directiva para el registro de la información de las prestaciones otorgadas a los asegurados del Seguro Integral de Salud (SIS) en el Formato Único de Atención (FUA) y sus anexos,https://busquedas.elperuano.pe/dispositivo/NL/2349526-1,20241130
20241130,2348913-1,ORGANISMO SUPERVISOR DE LA INVERSIÓN EN INFRAESTRUCTURA DE TRANSPORTE DE USO PÚBLICO,RESOLUCION,N° 0076-2024-PD-OSITRAN,Disponen publicación de propuesta de modificación del Reglamento de Atención de Reclamos y Solución de Controversias del Ositrán,https://busquedas.elperuano.pe/dispositivo/NL/2348913-1,20241130
20241130,2349544-1,AUTORIDAD DE TRANSPORTE URBANO PARA LIMA Y CALLAO,RESOLUCION,N° 267-2024-ATU/PE,Designan Gerente General de la ATU,https://busquedas.elperuano.pe/dispositivo/NL/2349544-1,20241130
20241130,2349551-1,AUTORIDAD DE TRANSPORTE URBANO PARA LIMA Y CALLAO,RESOLUCION,N° 268-2024-ATU/PE,Designan Jefe de la Oficina de Asesoría Jurídica de la ATU,https://busquedas.elperuano.pe/dispositivo/NL/2349551-1,20241130
20241130,2349349-1,AUTORIDAD DE TRANSPORTE URBANO PARA LIMA Y CALLAO,RESOLUCION,N° 263-2024-ATU/PE,Disponen la publicación en la sede digital de la ATU del Proyecto de Resolución de Presidencia Ejecutiva que modifica el Reglamento que regula la prestación del Servicio Público de Transporte Especial en la modalidad de Taxi en Lima y Callao,https://busquedas.elperuano.pe/dispositivo/NL/2349349-1,20241130
20241130,2349368-1,AUTORIDAD DE TRANSPORTE URBANO PARA LIMA Y CALLAO,RESOLUCION,N° 264-2024-ATU/PE,Autorizan transferencia financiera a favor de diversas municipalidades distritales de la provincia de Lima y la Provincia Constitucional del Callao,https://busquedas.elperuano.pe/dispositivo/NL/2349368-1,20241130
20241130,2349209-1,AUTORIDAD NACIONAL DEL AGUA,RESOLUCION JEFATURAL,N° 0459-2024-ANA,Aprueban el Plan de Prevención y Reducción del Riesgo de Desastres de la Autoridad Nacional del Agua 2025-2030,https://busquedas.elperuano.pe/dispositivo/NL/2349209-1,20241130
20241130,2348761-1,INSTITUTO DE INVESTIGACIONES DE LA AMAZONIA PERUANA,RESOLUCION,N° 0089-2024-IIAP-PE,Autorizan transferencia financiera a favor de la Contraloría General de la República,https://busquedas.elperuano.pe/dispositivo/NL/2348761-1,20241130
20241130,2349130-1,INSTITUTO NACIONAL DE DEFENSA DE LA COMPETENCIA Y DE LA PROTECCION DE LA PROPIEDAD INTELECTUAL,RESOLUCION,N° 0593-2024/SEL-INDECOPI,Declaran barreras burocráticas ilegales diversas disposiciones contenidas en el Procedimiento administrativo con Código PA1335C3E7 denominado Autorización y/o Renovación de permiso para prestar servicio de transporte público de personas en la provincia de Trujillo del TUPA de la Municipalidad Provincial de Trujillo aprobado mediante Ordenanza Municipal 001-2022-MTP,https://busquedas.elperuano.pe/dispositivo/NL/2349130-1,20241130
20241130,2349458-1,SERVICIO NACIONAL DE AREAS NATURALES PROTEGIDAS POR EL ESTADO,RESOLUCION,N° 000235-2024-SERNANP/J-SGD,Autorizan Transferencia Financiera a favor del Ministerio del Interior que a su vez realizará coordinaciones con la Dirección de Aviación Policial,https://busquedas.elperuano.pe/dispositivo/NL/2349458-1,20241130
20241130,2348850-1,SUPERINTENDENCIA DEL MERCADO DE VALORES,RESOLUCION,N° 011-2024-SMV/01,Autorizan difusión del proyecto de Disposiciones para la determinación de los procedimientos administrativos sancionadores a cargo de la Superintendencia del Mercado de Valores (SMV) como de alta complejidad,https://busquedas.elperuano.pe/dispositivo/NL/2348850-1,20241130
20241130,2349413-1,SUPERINTENDENCIA NACIONAL DE ADUANAS Y DE ADMINISTRACIÓN TRIBUTARIA,RESOLUCION,N° 000267-2024/SUNAT,Modifican la Res. N° 210-2004/SUNAT para regular la inscripción en el Registro Único de Contribuyentes de los sujetos no domiciliados que sean contribuyentes del Impuesto a los Juegos a Distancia y a las Apuestas Deportivas a Distancia y agentes de percepción del Impuesto Selectivo al Consumo,https://busquedas.elperuano.pe/dispositivo/NL/2349413-1,20241130
20241130,2348710-1,SUPERINTENDENCIA NACIONAL DE LOS REGISTROS PUBLICOS,RESOLUCION,N° 00261-2024-SUNARP/GG,Aprueban modificación del Manual de Clasificador de Cargos de la Superintendencia Nacional de los Registros Públicos,https://busquedas.elperuano.pe/dispositivo/NL/2348710-1,20241130
20241130,2349576-1,CONSEJO EJECUTIVO DEL PODER JUDICIAL,RESOLUCION ADMINISTRATIVA,N° 000412-2024-CE-PJ,Prorrogan funcionamiento de órganos jurisdiccionales transitorios de diversos Distritos Judiciales y dictan otras disposiciones,https://busquedas.elperuano.pe/dispositivo/NL/2349576-1,20241130
20241130,2349563-1,CONSEJO EJECUTIVO DEL PODER JUDICIAL,RESOLUCION ADMINISTRATIVA,N° 000407-2024-CE-PJ,Aprueban la Directiva N° 007-2024-CE-PJ denominada Creación y funcionamiento de equipos técnicos comisiones programas programas presupuestales y/o grupos de trabajo en el Poder Judicial Versión 002,https://busquedas.elperuano.pe/dispositivo/NL/2349563-1,20241130
20241130,2349568-1,CONSEJO EJECUTIVO DEL PODER JUDICIAL,RESOLUCION ADMINISTRATIVA,N° 000408-2024-CE-PJ,Aprueban el Plan de Actividades del Equipo de Trabajo de Organización de Cuadros de Méritos y de Antigüedad para el año 2025 y el Cronograma de Actividades del Proceso de Valoración de Méritos de Jueces y Juezas titulares del Poder Judicial a nivel nacional correspondiente al año 2024,https://busquedas.elperuano.pe/dispositivo/NL/2349568-1,20241130
20241130,2347991-1,ACADEMIA DE LA MAGISTRATURA,RESOLUCION,N° 000017-2024-D-AMAG/CD,Aceptan renuncia de Vicepresidente y miembro del Consejo Directivo de la Academia de la Magistratura,https://busquedas.elperuano.pe/dispositivo/NL/2347991-1,20241130
20241130,2349648-1,CONTRALORIA GENERAL DE LA REPUBLICA,RESOLUCION,N° 707-2024-CG,Designan Jefa del Órgano de Control Institucional del Instituto Peruano del Deporte – IPD,https://busquedas.elperuano.pe/dispositivo/NL/2349648-1,20241130
20241130,2349495-1,INSTITUCIONES EDUCATIVAS,RESOLUCION,N° 079-2024-UNDC-CO/P,Autorizan la reducción del Presupuesto Institucional del Pliego 547: Universidad Nacional de Cañete en aplicación a lo dispuesto por el artículo 11° del Decreto de Urgencia Nº 006-2024,https://busquedas.elperuano.pe/dispositivo/NL/2349495-1,20241130
20241130,2348521-1,INSTITUCIONES EDUCATIVAS,RESOLUCION,N° 1030-2024-UNF/CO,Autorizan viaje de Vicepresidenta de Investigación de la Universidad Nacional de Frontera a México en comisión de servicios,https://busquedas.elperuano.pe/dispositivo/NL/2348521-1,20241130
20241130,2349528-1,MINISTERIO PUBLICO,RESOLUCION,N° 070-2024-MP-FN-JFS,Aceptan renuncia de fiscal adjunta provincial titular especializada en delitos de corrupción de funcionarios (supraprovincial corporativo) con competencia nacional,https://busquedas.elperuano.pe/dispositivo/NL/2349528-1,20241130
20241130,2349528-2,MINISTERIO PUBLICO,RESOLUCION,N° 2739 -2024-MP-FN,Nombran fiscal adjunta provincial provisional del Distrito Fiscal de Lima Centro,https://busquedas.elperuano.pe/dispositivo/NL/2349528-2,20241130
20241130,2349528-3,MINISTERIO PUBLICO,RESOLUCION,N° 2740-2024-MP-FN,Dan por concluida designación de fiscal adjunta provincial titular especializada en delitos de corrupción de funcionarios (supraprovincial - corporativa) con competencia nacional; en el despacho de la Fiscalía Supraprovincial Corporativa Especializada en Delitos de Corrupción de Funcionarios,https://busquedas.elperuano.pe/dispositivo/NL/2349528-3,20241130
20241130,2349528-4,MINISTERIO PUBLICO,RESOLUCION,N° 2741-2024-MP-FN,Nombran fiscal superior provisional del Distrito Fiscal de Lima Centro,https://busquedas.elperuano.pe/dispositivo/NL/2349528-4,20241130
20241130,2349492-1,MINISTERIO PUBLICO,RESOLUCION,N° 059-2024-MP-FN-JFS,Aceptan renuncia de fiscal provincial titular Mixto de Tambo Grande del Distrito Fiscal de Piura,https://busquedas.elperuano.pe/dispositivo/NL/2349492-1,20241130
20241130,2349492-10,MINISTERIO PUBLICO,RESOLUCION,N° 2726-2024-MP-FN,Aceptan renuncia de fiscal provincial provisional del Distrito Fiscal de Cusco,https://busquedas.elperuano.pe/dispositivo/NL/2349492-10,20241130
20241130,2349492-11,MINISTERIO PUBLICO,RESOLUCION,N° 2727 -2024-MP-FN,Aceptan renuncia de fiscal provincial provisional transitoria del Distrito Fiscal de La Libertad,https://busquedas.elperuano.pe/dispositivo/NL/2349492-11,20241130
20241130,2349492-12,MINISTERIO PUBLICO,RESOLUCION,N° 2728-2024-MP-FN,Dan por concluida designación de fiscal provincial titular mixto de Tambo Grande Distrito Fiscal de Piura,https://busquedas.elperuano.pe/dispositivo/NL/2349492-12,20241130
20241130,2349492-13,MINISTERIO PUBLICO,RESOLUCION,N° 2729-2024-MP-FN,Nombran fiscal adjunto provincial provisional del Distrito Fiscal de Lima Centro,https://busquedas.elperuano.pe/dispositivo/NL/2349492-13,20241130
20241130,2349492-14,MINISTERIO PUBLICO,RESOLUCION,N° 2730-2024-MP-FN,Aceptan renuncia de fiscal provincial provisional del Distrito Fiscal de Piura,https://busquedas.elperuano.pe/dispositivo/NL/2349492-14,20241130
20241130,2349492-2,MINISTERIO PUBLICO,RESOLUCION,N° 061-2024-MP-FN-JFS,Aceptan renuncia de fiscal adjunto provincial titular especializado contra la criminalidad organizada (corporativo) de Piura del Distrito Fiscal de Piura,https://busquedas.elperuano.pe/dispositivo/NL/2349492-2,20241130
20241130,2349492-3,MINISTERIO PUBLICO,RESOLUCION,N° 065-2024-MP-FN-JFS,Aceptan renuncia de fiscal provincial penal titular (Corporativo) de Ica del Distrito Fiscal de Ica,https://busquedas.elperuano.pe/dispositivo/NL/2349492-3,20241130
20241130,2349492-4,MINISTERIO PUBLICO,RESOLUCION,N° 068-2024-MP-FN-JFS,Aceptan renuncia de fiscal adjunto provincial penal titular (corporativo) de Cusco del Distrito Fiscal de Cusco,https://busquedas.elperuano.pe/dispositivo/NL/2349492-4,20241130
20241130,2349492-5,MINISTERIO PUBLICO,RESOLUCION,N° 069-2024-MP-FN-JFS,Aceptan renuncia de fiscal adjunta provincial penal titular de Villa el Salvador del Distrito Fiscal de Lima Sur,https://busquedas.elperuano.pe/dispositivo/NL/2349492-5,20241130
20241130,2349492-6,MINISTERIO PUBLICO,RESOLUCION,N° 2722-2024-MP-FN,Aceptan renuncia de fiscal provincial provisional transitoria del Distrito Fiscal de Lima Sur,https://busquedas.elperuano.pe/dispositivo/NL/2349492-6,20241130
20241130,2349492-7,MINISTERIO PUBLICO,RESOLUCION,N° 2723-2024-MP-FN,Nombran fiscal adjunta provincial provisional del Distrito Fiscal de Cusco,https://busquedas.elperuano.pe/dispositivo/NL/2349492-7,20241130
20241130,2349492-8,MINISTERIO PUBLICO,RESOLUCION,N° 2724-2024-MP-FN,Nombran fiscal provincial provisional del Distrito Fiscal de Lima Noroeste,https://busquedas.elperuano.pe/dispositivo/NL/2349492-8,20241130
20241130,2349492-9,MINISTERIO PUBLICO,RESOLUCION,N° 2725-2024-MP-FN,Dan por concluida designación de fiscal provincial titular penal (corporativa) de Ica Distrito Fiscal de Ica en el despacho de la Segunda Fiscalía Provincial Penal Corporativa de Ica,https://busquedas.elperuano.pe/dispositivo/NL/2349492-9,20241130
20241130,2349494-1,REGISTRO NACIONAL DE IDENTIFICACION Y ESTADO CIVIL,RESOLUCION JEFATURAL,N° 000182-2024/JNAC/RENIEC,Autorizan viaje de servidores del RENIEC a Argentina y Chile en comisión de servicios,https://busquedas.elperuano.pe/dispositivo/NL/2349494-1,20241130
20241130,2349297-1,"SUPERINTENDENCIA DE BANCA, SEGUROS Y ADMINISTRADORAS PRIVADAS DE FONDOS DE PENSIONES",RESOLUCION,SBS N° 04087-2024,Autorizan viaje de funcionarios para participar en evento que se realizará en Brasil,https://busquedas.elperuano.pe/dispositivo/NL/2349297-1,20241130
20241130,2348939-1,"SUPERINTENDENCIA DE BANCA, SEGUROS Y ADMINISTRADORAS PRIVADAS DE FONDOS DE PENSIONES",RESOLUCION,SBS N° 04062-2024,Declaran el sometimiento a régimen de intervención de la Cooperativa de Ahorro y Crédito Credysolución,https://busquedas.elperuano.pe/dispositivo/NL/2348939-1,20241130
20241130,2349538-1,TRIBUNAL CONSTITUCIONAL,RESOLUCION ADMINISTRATIVA,N° 206-2024-P/TC,Otorgan licencia con goce de haber a magistrado para que asista a actividades académicas a realizarse en España,https://busquedas.elperuano.pe/dispositivo/NL/2349538-1,20241130
20241130,2348724-1,GOBIERNO REGIONAL DE PIURA,ORDENANZA,N° 509-2024/GRP-CR,Ordenanza Regional que declara de interés regional el Desarrollo Turístico de El Salar de Negritos ubicado en el distrito de La Brea provincia de Talara,https://busquedas.elperuano.pe/dispositivo/NL/2348724-1,20241130
20241130,2349559-1,MUNICIPALIDAD DE ATE,Decretos de Alcaldía,N° 012,Prorrogan vigencia de la Ordenanza Nº 622-MDA que establece la amnistía total en el distrito de Ate,https://epdoc2.elperuano.pe/EpPo/VistaDE.asp?Referencias=MjM0OTU1OS0xMjAyNDExMzA=,20241130
20241130,2348278-1,MUNICIPALIDAD DE BARRANCO,Ordenanzas,N° 644-2024-MDB y Acuerdo N° 414,Ordenanza que establece la vigencia de los Costos y Tasas de los Arbitrios Municipales de Barrido de Calles Recolección de Residuos Sólidos Parques y Jardines Públicos y Serenazgo aprobados para el ejercicio 2024 con el reajuste del Índice de Precios al Consumidor para el ejercicio 2025,https://epdoc2.elperuano.pe/EpPo/VistaDE.asp?Referencias=MjM0ODI3OC0xMjAyNDExMzA=,20241130
20241130,2348038-1,MUNICIPALIDAD DE BREÑA,Decretos de Alcaldía,N° 009-2024/MDB,Prorrogan vigencia de la Ordenanza N° 611-MDB que estableció beneficios tributarios a favor de los contribuyentes del distrito de Breña,https://epdoc2.elperuano.pe/EpPo/VistaDE.asp?Referencias=MjM0ODAzOC0xMjAyNDExMzA=,20241130
20241130,2348180-1,MUNICIPALIDAD DE CHORRILLOS,Ordenanzas,N° 500-MDCH,Ordenanza que establece Incentivos Tributarios por Actualización Predial y Beneficios para el Pago de Deudas Tributarias Vencidas a los Contribuyentes del Distrito de Chorrillos,https://epdoc2.elperuano.pe/EpPo/VistaDE.asp?Referencias=MjM0ODE4MC0xMjAyNDExMzA=,20241130
20241130,2349082-1,MUNICIPALIDAD DE INDEPENDENCIA,Decretos de Alcaldía,N° D000014-2024-AL-MDI,Prorrogan vencimiento para acogerse a beneficio establecido en la Ordenanza N° D000485-2024-AL-MDI para la cancelación de obligaciones no tributarias por concepto de multas administrativas en el distrito de Independencia,https://epdoc2.elperuano.pe/EpPo/VistaDE.asp?Referencias=MjM0OTA4Mi0xMjAyNDExMzA=,20241130
20241130,2349555-1,MUNICIPALIDAD DE JESUS MARIA,ORDENANZA,N° 732-MDJM,Ordenanza de incentivos tributarios por actualización voluntaria de predios que otorga beneficios tributarios para aquellos contribuyentes que actualicen voluntariamente las modificaciones de sus predios y/o hayan pasado por un proceso de fiscalización tributaria en el distrito de Jesús María,https://busquedas.elperuano.pe/dispositivo/NL/2349555-1,20241130
20241130,2347775-1,MUNICIPALIDAD DE MAGDALENA DEL MAR,ORDENANZA,N° 248-2024-MDMM,Regulan la Gestión y Manejo Integral de Residuos Sólidos de la Municipalidad Distrital de Magdalena del Mar,https://busquedas.elperuano.pe/dispositivo/NL/2347775-1,20241130
20241130,2348692-1,MUNICIPALIDAD DE SAN ISIDRO,ORDENANZA,N° 606-MSI y Acuerdo N° 426,Ordenanza que aprueba el régimen tributario de los arbitrios correspondientes a los servicios de Barrido de Calles Recolección de Residuos Sólidos Parques y Jardines y Seguridad Ciudadana del ejercicio 2025,https://epdoc2.elperuano.pe/EpPo/VistaNLSE.asp?Referencias=MjM0ODY5Mi0xMjAyNDExMzA=,20241130
20241130,2347973-1,MUNICIPALIDAD DE SAN JUAN DE MIRAFLORES,ORDENANZA,N° 533/MDSJM,Reglamento de Conformación Instalación Funcionamiento y Elección de Representantes de la Sociedad Civil ante el Consejo de Coordinación Local Distrital (CCLD),https://epdoc2.elperuano.pe/EpPo/VistaNLSE.asp?Referencias=MjM0Nzk3My0xMjAyNDExMzA=,20241130
20241130,2349088-1,MUNICIPALIDAD DE SAN LUIS,DECRETO DE ALCALDIA,N° 013-2024-MDSL,Prorrogan vigencia de la Ordenanza N° 366-MDSL/C,https://busquedas.elperuano.pe/dispositivo/NL/2349088-1,20241130
20241130,2349094-1,MUNICIPALIDAD DE SAN LUIS,DECRETO DE ALCALDIA,N° 014-2024-MDSL,Prorrogan vigencia de la Ordenanza N° 367-MDSL/C que establece beneficios para el pago de multas administrativas en la jurisdicción del distrito de San Luis,https://busquedas.elperuano.pe/dispositivo/NL/2349094-1,20241130
20241130,2348353-1,MUNICIPALIDAD DE SAN MIGUEL,ORDENANZA,N° 508/MDSM,Prorrogan plazo de vigencia de la Ordenanza N° 507/MDSM que aprobó diversos beneficios tributarios a favor de contribuyentes del distrito,https://busquedas.elperuano.pe/dispositivo/NL/2348353-1,20241130
20241130,2348201-1,MUNICIPALIDAD DE SANTA ANITA,DECRETO DE ALCALDIA,N° 00009-2024/MDSA,Prorrogan la Ordenanza N° 357/MDSA que establece beneficios de Régimen de Saneamiento Tributario y Regularización de Deudas Administrativas en el Distrito de Santa Anita,https://busquedas.elperuano.pe/dispositivo/NL/2348201-1,20241130
20241130,2348653-1,MUNICIPALIDAD DE VILLA EL SALVADOR,DECRETO DE ALCALDIA,N° 014-2024-ALC/MVES,Prorrogan vigencia de la Ordenanza N° 510-MVES Ordenanza Juntos por más Obras que establece beneficios tributarios y no tributarios a favor de los contribuyentes y/o administrados del distrito,https://busquedas.elperuano.pe/dispositivo/NL/2348653-1,20241130
20241130,2343657-1,MUNICIPALIDAD PROVINCIAL DE GENERAL SANCHEZ CERRO,ORDENANZA,N° 14-2024-A/MPGSCO,Regulan el procedimiento para licencia conformidad de obra y declaratoria de edificación de construcciones,https://busquedas.elperuano.pe/dispositivo/NL/2343657-1,20241130
20241130,2349024-1,MUNICIPALIDAD DISTRITAL DE MAZAMARI,ACUERDO,N° 215-2024-CM/MDM,Autorizan viaje de Regidora de la Municipalidad Distrital de Mazamari para participar en pasantía a realizarse en Colombia,https://busquedas.elperuano.pe/dispositivo/NL/2349024-1,20241130
20241130,2348784-1,MUNICIPALIDAD DISTRITAL DE MAZAMARI,ACUERDO,N° 214-2024-CM/MDM,Autorizan viaje de alcalde y regidora de la Municipalidad Distrital de Mazamari para participar en pasantía a realizarse en Costa Rica,https://busquedas.elperuano.pe/dispositivo/NL/2348784-1,20241130
20241130,2346517-1,MUNICIPALIDAD DISTRITAL DE REQUE,ORDENANZA,N° 19-2024-CM/MDR,Ordenanza que regula el régimen de pago de deudas tributarias en especie con bienes inmuebles,https://busquedas.elperuano.pe/dispositivo/NL/2346517-1,20241130
20241130,2347361-1,MUNICIPALIDAD DE LA PERLA,Decretos de Alcaldía,N° 08-2024-MDLP,Prorrogan vigencia de la Ordenanza Municipal N° 10-2024-MDLP que estableció amnistía en el pago de deudas tributarias y no tributarias en el distrito de La Perla,https://epdoc2.elperuano.pe/EpPo/VistaDE.asp?Referencias=MjM0NzM2MS0xMjAyNDExMzA=,20241130
20241130,2347364-1,MUNICIPALIDAD DE LA PERLA,Decretos de Alcaldía,N° 07-2024-MDLP,Convocan a Elecciones del Consejo Directivo de la Junta de Delegados Vecinales Comunales para el periodo 2024-2025 y aprueban cronograma electoral,https://epdoc2.elperuano.pe/EpPo/VistaDE.asp?Referencias=MjM0NzM2NC0xMjAyNDExMzA=,20241130
20241130,2348838-1,RELACIONES EXTERIORES,CONVENIO,Acuerdo Cambio Climático Peru Corea,Acuerdo de Cooperación sobre Cambio Climático entre la República del Perú y la República de Corea,https://busquedas.elperuano.pe/dispositivo/NL/2348838-1,20241130
20241130,2348841-1,RELACIONES EXTERIORES,CONVENIO,Entrada en vigor Acuerdo Cambio Climático Perú Corea,Entrada en vigor del Acuerdo de Cooperación sobre Cambio Climático entre la República del Perú y la República de Corea,https://busquedas.elperuano.pe/dispositivo/NL/2348841-1,20241130
20241129,2349157-1,PRESIDENCIA DEL CONSEJO DE MINISTROS,DECRETO SUPREMO,N° 132-2024-PCM,Decreto Supremo que prorroga el Estado de Emergencia declarado en el Corredor Vial Sur Apurímac-Cusco-Arequipa,https://busquedas.elperuano.pe/dispositivo/NL/2349157-1,20241130
20241129,2348721-1,PRESIDENCIA DEL CONSEJO DE MINISTROS,RESOLUCION,N° 009-2024-PCM/SGSD,Modifican el Artículo 10 de la Res. Nº 014-2021-PCM/SGSD mediante la cual se conformó la Mesa de Diálogo para abordar la problemática de la cuenca del río Coralaque departamento de Moquegua a cargo de la Secretaría de Gestión Social y Diálogo de la Presidencia del Consejo de Ministros,https://busquedas.elperuano.pe/dispositivo/NL/2348721-1,20241130
20241129,2348722-1,PRESIDENCIA DEL CONSEJO DE MINISTROS,RESOLUCION,N° 010-2024-PCM/SGSD,Modifican el artículo 10 de la Resolución de Secretaría de Gestión Social y Diálogo Nº 003-2021-PCM/SGSD,https://busquedas.elperuano.pe/dispositivo/NL/2348722-1,20241130
20241129,2348776-1,PRESIDENCIA DEL CONSEJO DE MINISTROS,RESOLUCION MINISTERIAL,N° 332-2024-PCM,Modifican la R.M. N° 293-2021-PCM a fin de ampliar periodo de vigencia de Grupo de Trabajo de naturaleza temporal denominado Mesa Técnica de Diálogo de Alto Nivel en el distrito de Aquia provincia de Bolognesi departamento de Áncash,https://busquedas.elperuano.pe/dispositivo/NL/2348776-1,20241130
20241129,2348777-1,PRESIDENCIA DEL CONSEJO DE MINISTROS,RESOLUCION MINISTERIAL,N° 333-2024-PCM,Autorizan viaje de servidora del CONCYTEC a Francia en comisión de servicios,https://busquedas.elperuano.pe/dispositivo/NL/2348777-1,20241130
20241129,2349036-1,PRESIDENCIA DEL CONSEJO DE MINISTROS,RESOLUCION MINISTERIAL,N° 335-2024-PCM,Autorizan viaje de Jefe de Gabinete de Asesores del Despacho de la Presidencia del Consejo de Ministros para participar en evento a realizarse en la República Francesa,https://busquedas.elperuano.pe/dispositivo/NL/2349036-1,20241130
20241129,2349157-4,PRESIDENCIA DEL CONSEJO DE MINISTROS,RESOLUCION SUPREMA,N° 247-2024-PCM,Encargan funciones de Jefe del Instituto Nacional de Estadística e Informática - INEI,https://busquedas.elperuano.pe/dispositivo/NL/2349157-4,20241130
20241129,2348206-1,CULTURA,RESOLUCION DIRECTORAL,N° 000178-2024-DGPA-VMPCIC/MC,Determinan la Protección Provisional del Paisaje Arqueológico Cerro Coronado sector A ubicado en el distrito de Ocucaje provincia de Ica departamento de Ica,https://busquedas.elperuano.pe/dispositivo/NL/2348206-1,20241130
20241129,2348209-1,CULTURA,RESOLUCION DIRECTORAL,N° 000181-2024-DGPA-VMPCIC/MC,Determinan la Protección Provisional del Sitio Arqueológico Huaca Quiñonez ubicado en el distrito de Oyotún provincia de Chiclayo departamento de Lambayeque,https://busquedas.elperuano.pe/dispositivo/NL/2348209-1,20241130
20241129,2348475-1,CULTURA,RESOLUCION DIRECTORAL,N° 000202-2024-DGPA-VMPCIC/MC,Determinan la Protección Provisional de los sitios y paisajes arqueológicos de Nazca Sector Parcela 3 ubicado en el distrito y provincia de Nazca departamento de Ica,https://busquedas.elperuano.pe/dispositivo/NL/2348475-1,20241130
20241129,2348486-1,CULTURA,RESOLUCION DIRECTORAL,N° 000204-2024-DGPA-VMPCIC/MC,Determinan Protección Provisional del Sitio Arqueológico Yaulis ubicado en el distrito del Carmen provincia de Churcampa departamento de Huancavelica,https://busquedas.elperuano.pe/dispositivo/NL/2348486-1,20241130
20241129,2348645-1,CULTURA,RESOLUCION DIRECTORAL,N° 000205-2024-DGPA-VMPCIC/MC,Determinan la Protección Provisional del Sitio Arqueológico Solano Ucro ubicado en el distrito de Molino provincia de Pachitea departamento de Huánuco,https://busquedas.elperuano.pe/dispositivo/NL/2348645-1,20241130
20241129,2343888-1,CULTURA,RESOLUCION DIRECTORAL,N° 000205-2024-UE005/MC,Aprueban el Manual de Clasificador de Cargos del Proyecto Especial Naylamp Lambayeque. Unidad Ejecutora 005 Naylamp Lambayeque,https://busquedas.elperuano.pe/dispositivo/NL/2343888-1,20241130
20241129,2349446-1,CULTURA,RESOLUCION MINISTERIAL,N° 000433-2024-MC,Otorgan distinción de Personalidad Meritoria de la Cultura,https://busquedas.elperuano.pe/dispositivo/NL/2349446-1,20241130
20241129,2349058-1,CULTURA,RESOLUCION MINISTERIAL,N° 000432-2024-MC,Designan Asesora II del Despacho Viceministerial de Patrimonio Cultural e Industrias Culturales,https://busquedas.elperuano.pe/dispositivo/NL/2349058-1,20241130
20241129,2349148-1,DEFENSA,RESOLUCION MINISTERIAL,N° 01676-2024-DE,Autorizan viaje de personal de la Agencia Espacial del Perú – CONIDA a la República Federal de Alemania en comisión de servicios,https://busquedas.elperuano.pe/dispositivo/NL/2349148-1,20241130
20241129,2349150-1,DESARROLLO AGRARIO Y RIEGO,RESOLUCION DIRECTORAL,N° 360-2024-MIDAGRI-DVDAFIR-AGRO RURAL-DE,Designan Asesor de la Dirección Ejecutiva del Programa de Desarrollo Productivo Agrario Rural — AGRO RURAL,https://busquedas.elperuano.pe/dispositivo/NL/2349150-1,20241130
20241129,2349147-1,DESARROLLO AGRARIO Y RIEGO,RESOLUCION DIRECTORAL,N° 359-2024-MIDAGRI-DVDAFIR-AGRO RURAL-DE,Designan Jefe de la Unidad de Asesoría Jurídica del Programa de Desarrollo Productivo Agrario Rural — AGRO RURAL,https://busquedas.elperuano.pe/dispositivo/NL/2349147-1,20241130
20241129,2349006-1,DESARROLLO AGRARIO Y RIEGO,RESOLUCION MINISTERIAL,N° 0388-2024-MIDAGRI,Disponen la publicación del proyecto de Decreto Supremo que aprueba la modificación del Reglamento de Gestión Ambiental del Sector Agrario y de Riego aprobado por Decreto Supremo N° 006-2024-MIDAGRI,https://busquedas.elperuano.pe/dispositivo/NL/2349006-1,20241130
20241129,2349155-1,DESARROLLO E INCLUSIÓN SOCIAL,RESOLUCION MINISTERIAL,N° D000183-2024-MIDIS,Designan Directora Ejecutiva del Programa Nacional de Alimentación Escolar Qali Warma,https://busquedas.elperuano.pe/dispositivo/NL/2349155-1,20241130
20241129,2349157-2,ECONOMIA Y FINANZAS,DECRETO SUPREMO,N° 240-2024-EF,Decreto Supremo que autoriza Transferencia de Partidas en el Presupuesto del Sector Público para el Año Fiscal 2024 a favor de la Reserva de Contingencia y de diversos Gobiernos Regionales y Gobiernos Locales,https://busquedas.elperuano.pe/dispositivo/NL/2349157-2,20241130
20241129,2349157-3,ECONOMIA Y FINANZAS,DECRETO SUPREMO,N° 241-2024-EF,Decreto Supremo que autoriza Transferencia de Partidas en el Presupuesto del Sector Público para el Año Fiscal 2024 a favor de la Municipalidad Provincial de Piura,https://busquedas.elperuano.pe/dispositivo/NL/2349157-3,20241130
20241129,2349161-1,ECONOMIA Y FINANZAS,DECRETO SUPREMO,N° 242-2024-EF,Decreto Supremo que autoriza Transferencia de Partidas en el Presupuesto del Sector Público para el Año Fiscal 2024 a favor de la Superintendencia Nacional de Educación Superior Universitaria,https://busquedas.elperuano.pe/dispositivo/NL/2349161-1,20241130
20241129,2349161-2,ECONOMIA Y FINANZAS,DECRETO SUPREMO,N° 243-2024-EF,Decreto Supremo que autoriza Transferencia de Partidas en el Presupuesto del Sector Público para el Año Fiscal 2024 a favor del Ministerio de Salud y de los Gobiernos Regionales,https://busquedas.elperuano.pe/dispositivo/NL/2349161-2,20241130
20241129,2349161-3,ECONOMIA Y FINANZAS,DECRETO SUPREMO,N° 244-2024-EF,Decreto Supremo que dicta disposiciones reglamentarias para el otorgamiento del aguinaldo por Navidad en el Año Fiscal 2024,https://busquedas.elperuano.pe/dispositivo/NL/2349161-3,20241130
20241129,2349161-4,ECONOMIA Y FINANZAS,RESOLUCION SUPREMA,N° 035-2024-EF,Designan Viceministro de Hacienda,https://busquedas.elperuano.pe/dispositivo/NL/2349161-4,20241130
20241129,2348754-1,EDUCACION,RESOLUCION MINISTERIAL,N° 604-2024-MINEDU,Designan Coordinador de Equipo del Despacho Ministerial,https://busquedas.elperuano.pe/dispositivo/NL/2348754-1,20241130
20241129,2349038-1,ENERGIA Y MINAS,RESOLUCION DIRECTORAL,N° 0668-2024-MINEM/DGM,Nombran Comisión Evaluadora que efectuará la calificación de los interesados que se han presentado a la convocatoria efectuada por la Dirección General de Minería del Ministerio de Energía y Minas para el periodo 2025 y 2026,https://busquedas.elperuano.pe/dispositivo/NL/2349038-1,20241130
20241129,2349026-1,ENERGIA Y MINAS,RESOLUCION MINISTERIAL,N° 451-2024-MINEM/DM,Aprueban lista de bienes y servicios cuya adquisición otorgará el derecho a la devolución del Impuesto General a las Ventas e Impuesto de Promoción Municipal a favor de la empresa PALAMINA S.A.C. durante la fase de exploración del proyecto minero Usicayos,https://busquedas.elperuano.pe/dispositivo/NL/2349026-1,20241130
20241129,2349018-1,INTERIOR,RESOLUCION MINISTERIAL,N° 1468-2024-IN,Autorizan Transferencia Financiera a favor de la Contraloría General de la República,https://busquedas.elperuano.pe/dispositivo/NL/2349018-1,20241130
20241129,2349162-1,PRODUCE,RESOLUCION MINISTERIAL,N° 00468-2024-PRODUCE,Autorizan viaje de servidores del CITEforestal Maynas del Instituto Tecnológico de la Producción a Brasil en comisión de servicios,https://busquedas.elperuano.pe/dispositivo/NL/2349162-1,20241130
20241129,2349159-1,PRODUCE,RESOLUCION MINISTERIAL,N° 00469-2024-PRODUCE,Autorizan al Instituto del Mar del Perú - IMARPE la ejecución de la prospección pesquera para el recurso bonito con la participación de embarcaciones pesqueras artesanales con red de cerco en el área marítima comprendida entre las localidades de Ático y Morro Sama,https://busquedas.elperuano.pe/dispositivo/NL/2349159-1,20241130
20241129,2349151-1,SALUD,RESOLUCION MINISTERIAL,N° 826-2024-MINSA,Aprueban la NTS N° 215-MINSA-DGIESP-2024 Norma Técnica de Salud: Seguridad y Salud en el Trabajo del Sistema de Salud,https://busquedas.elperuano.pe/dispositivo/NL/2349151-1,20241130
20241129,2347961-1,TRANSPORTES Y COMUNICACIONES,RESOLUCION DIRECTORAL,N° 0672-2024-MTC/17.03,Autorizan a la empresa CERTIFICADORA MRS S.A.C. como Entidad Certificadora de Conversión a Gas Natural Vehicular – GNV de ámbito nacional,https://busquedas.elperuano.pe/dispositivo/NL/2347961-1,20241130
20241129,2349145-1,SEGURO INTEGRAL DE SALUD,RESOLUCION JEFATURAL,N° 000176-2024-SIS/J,Aprueban Transferencia Financiera del Fondo Intangible Solidario de Salud – FISSAL a favor de unidades ejecutoras para el financiamiento de prestaciones de salud y administrativas,https://busquedas.elperuano.pe/dispositivo/NL/2349145-1,20241130
20241129,2348681-1,ORGANISMO SUPERVISOR DE LA INVERSIÓN EN ENERGÍA Y MINERÍA,RESOLUCION,N° 194-2024-OS/CD,Fijan Margen de Reserva Rotante para la Regulación Primaria de Frecuencia del Sistema Eléctrico Interconectado Nacional para el periodo de avenida y para el periodo de estiaje del año 2025,https://busquedas.elperuano.pe/dispositivo/NL/2348681-1,20241130
20241129,2348682-1,ORGANISMO SUPERVISOR DE LA INVERSIÓN EN ENERGÍA Y MINERÍA,RESOLUCION,N° 195-2024-OS/CD,Resolución de Consejo Directivo que aprueba el Precio Medio del Gas y el Costo Medio de Transporte para el Periodo de Aplicación de diciembre 2024 a febrero 2025 de la Concesión de Distribución de Gas Natural por Red de Ductos en Lima y Callao,https://busquedas.elperuano.pe/dispositivo/NL/2348682-1,20241130
20241129,2348683-1,ORGANISMO SUPERVISOR DE LA INVERSIÓN EN ENERGÍA Y MINERÍA,RESOLUCION,N° 196-2024-OS/CD,Resolución de Consejo Directivo mediante la cual se dispone la actualización de la Demanda Anual Proyectada y se aprueba el Precio Medio del Gas y el Costo Medio de Transporte para el Periodo de Aplicación de diciembre 2024 a febrero 2025 para la Concesión del Sistema de Distribución de Gas Natural por Red de Ductos en el departamento de Ica,https://busquedas.elperuano.pe/dispositivo/NL/2348683-1,20241130
20241129,2348684-1,ORGANISMO SUPERVISOR DE LA INVERSIÓN EN ENERGÍA Y MINERÍA,RESOLUCION,N° 197-2024-OS/CD,Resolución de Consejo Directivo que establece el plazo aplicable a la publicación de la resolución que fija las Tarifas de Distribución de Gas Natural por Red de Ductos de la Concesión Norte para el periodo 2025-2028,https://busquedas.elperuano.pe/dispositivo/NL/2348684-1,20241130
20241129,2348961-1,AUTORIDAD NACIONAL DEL AGUA,RESOLUCION JEFATURAL,N° 0457-2024-ANA,Prorrogan reserva de recursos hídricos para el Proyecto Especial Regional Pasto Grande del Gobierno Regional de Moquegua,https://busquedas.elperuano.pe/dispositivo/NL/2348961-1,20241130
20241129,2348815-1,"CONSEJO NACIONAL DE CIENCIA, TECNOLOGÍA E INNOVACIÓN TECNOLÓGICA",RESOLUCION,N° 149-2024-CONCYTEC-P,Aprueban transferencias financieras a entidades públicas y el otorgamiento de subvenciones a personas jurídicas privadas,https://busquedas.elperuano.pe/dispositivo/NL/2348815-1,20241130
20241129,2348107-1,INSTITUTO GEOLÓGICO MINERO Y METALÚRGICO,RESOLUCION,N° 0172-2024-INGEMMET/PE,Asignan montos que por Derecho de Vigencia y Penalidad correspondan al mes de octubre de 2024,https://busquedas.elperuano.pe/dispositivo/NL/2348107-1,20241130
20241129,2348455-1,SUPERINTENDENCIA NACIONAL DE ADUANAS Y DE ADMINISTRACIÓN TRIBUTARIA,RESOLUCION,N° 000026-2024-SUNAT/300000,Resolución de Superintendencia Nacional Adjunta de Aduanas que aprueba la facultad discrecional para no sancionar infracciones previstas en la Ley General de Aduanas relacionadas al inicio de las operaciones del terminal Portuario Multipropósito de Chancay,https://busquedas.elperuano.pe/dispositivo/NL/2348455-1,20241130
20241129,2349025-1,CONSEJO EJECUTIVO DEL PODER JUDICIAL,RESOLUCION ADMINISTRATIVA,N° 000411-2024-CE-PJ,Disponen medidas complementarias para la elección de presidente de Corte Superior para el periodo 2025-2026,https://busquedas.elperuano.pe/dispositivo/NL/2349025-1,20241130
20241129,2349042-1,CONSEJO EJECUTIVO DEL PODER JUDICIAL,RESOLUCION ADMINISTRATIVA,N° 000410-2024-CE-PJ,Amplían disposiciones establecidas en la Res. Adm. N° 000251-2024-CE-PJ a fin que las Procuradurías Públicas del Ministerio Público del Sector Interior de la Especializada en Materia Hacendaria; y la Procuraduría General del Estado sean notificadas exclusivamente a través de sus casillas electrónicas,https://busquedas.elperuano.pe/dispositivo/NL/2349042-1,20241130
20241129,2346948-1,BANCO CENTRAL DE RESERVA,RESOLUCION,N° 0062-2024-BCRP-N,Autorizan viaje de funcionarios para participar en evento que se realizará en Colombia,https://busquedas.elperuano.pe/dispositivo/NL/2346948-1,20241130
20241129,2349097-1,CONTRALORIA GENERAL DE LA REPUBLICA,RESOLUCION,N° 701-2024-CG,Modifican el Plan Operativo Institucional Modificado 2024 de la Contraloría General de la República del Perú conforme al Plan Operativo Institucional 2024 de la Contraloría General de la República del Perú (Modificado),https://busquedas.elperuano.pe/dispositivo/NL/2349097-1,20241130
20241129,2349108-1,CONTRALORIA GENERAL DE LA REPUBLICA,RESOLUCION,N° 702-2024-CG,Dan por terminada la designación de Jefa del Órgano de Control Institucional del Programa Nacional de Inversiones en Salud (ex PARSALUD),https://busquedas.elperuano.pe/dispositivo/NL/2349108-1,20241130
20241129,2349113-1,CONTRALORIA GENERAL DE LA REPUBLICA,RESOLUCION,N° 703-2024-CG,Dan por terminada la designación de Jefe del Órgano de Control Institucional de la Agencia de Promoción de la Inversión Privada – PROINVERSIÓN,https://busquedas.elperuano.pe/dispositivo/NL/2349113-1,20241130
20241129,2349122-1,CONTRALORIA GENERAL DE LA REPUBLICA,RESOLUCION,N° 704-2024-CG,Designan Jefe del Órgano de Control Institucional de la Procuraduría General del Estado,https://busquedas.elperuano.pe/dispositivo/NL/2349122-1,20241130
20241129,2349126-1,CONTRALORIA GENERAL DE LA REPUBLICA,RESOLUCION,N° 705-2024-CG,Dan por terminada la designación de Jefe del Órgano de Control Institucional de la Universidad Nacional de San Cristóbal de Huamanga,https://busquedas.elperuano.pe/dispositivo/NL/2349126-1,20241130
20241129,2349136-1,CONTRALORIA GENERAL DE LA REPUBLICA,RESOLUCION,N° 706-2024-CG,Dan por terminada la designación de Jefe del Órgano de Control Institucional del Gobierno Regional Piura,https://busquedas.elperuano.pe/dispositivo/NL/2349136-1,20241130
20241129,2347738-1,INSTITUCIONES EDUCATIVAS,RESOLUCION,N° 763-2024-UNASAM,Otorgan subvención económica a docente de la Universidad Nacional Santiago Antúnez de Mayolo para realizar pasantía en Brasil,https://busquedas.elperuano.pe/dispositivo/NL/2347738-1,20241130
20241129,2348695-1,INSTITUCIONES EDUCATIVAS,RESOLUCION,N° 3363-2024-R-UNE,Autorizan participación de Rectora de la Universidad Nacional de Educación Enrique Guzmán y Valle en diversas reuniones a realizarse en EE.UU.,https://busquedas.elperuano.pe/dispositivo/NL/2348695-1,20241130
20241129,2343583-1,INSTITUCIONES EDUCATIVAS,RESOLUCION,N° 302-2024-UNF/PCO,Autorizan Transferencia Financiera de la Universidad Nacional de Frontera a favor de la Contraloría General de la República,https://busquedas.elperuano.pe/dispositivo/NL/2343583-1,20241130
20241129,2349149-1,REGISTRO NACIONAL DE IDENTIFICACION Y ESTADO CIVIL,RESOLUCION,N° 000140-2024/SGEN/RENIEC,Disponen apertura del Registro de Inscripción de Extranjeros Residentes en el Perú a fin que los extranjeros puedan ejercer su derecho de sufragio en las Elecciones Municipales Complementarias 2025 en los distritos de Pion y Ninabamba departamento de Cajamarca,https://busquedas.elperuano.pe/dispositivo/NL/2349149-1,20241130
20241129,2348283-1,"SUPERINTENDENCIA DE BANCA, SEGUROS Y ADMINISTRADORAS PRIVADAS DE FONDOS DE PENSIONES",RESOLUCION,SBS N° 04051-2024,Autorizan viaje de funcionarios para participar en eventos a realizarse en Francia,https://busquedas.elperuano.pe/dispositivo/NL/2348283-1,20241130
20241129,2348500-1,MUNICIPALIDAD METROPOLITANA DE LIMA,DECRETO DE ALCALDIA,N° 019,Modifican el Texto Único de Servicios No Exclusivos – TUSNE de la Municipalidad Metropolitana de Lima,https://busquedas.elperuano.pe/dispositivo/NL/2348500-1,20241130
20241129,2348532-1,MUNICIPALIDAD METROPOLITANA DE LIMA,RESOLUCION DE ALCALDIA,N° 440,Aprueban el Plan de Preparación de la Provincia de Lima 2024 – 2026,https://busquedas.elperuano.pe/dispositivo/NL/2348532-1,20241130
20241129,2347752-1,MUNICIPALIDAD DE CHORRILLOS,Acuerdo,N° 000059-2024-MDCH/ALC,Autorizan viaje de alcalde a Bélgica en comisión de servicios,https://epdoc2.elperuano.pe/EpPo/VistaDE.asp?Referencias=MjM0Nzc1Mi0xMjAyNDExMjk=,20241130
20241129,2348497-1,MUNICIPALIDAD DE CIENEGUILLA,ORDENANZA,N° 389-2024-MDC,Ordenanza que promueve la realización de ferias de productos agrícolas y pecuarios con buenas prácticas en espacios públicos,https://busquedas.elperuano.pe/dispositivo/NL/2348497-1,20241130
20241129,2348951-1,MUNICIPALIDAD DE COMAS,DECRETO DE ALCALDIA,N° 015-2024-AL/MDC,Prorrogan vigencia de la Ordenanza Municipal N° 707/MDC que otorga incentivos tributarios con carácter excepcional a los contribuyentes del distrito de Comas que cumplan con realizar el pago total del impuesto predial del ejercicio fiscal 2024,https://busquedas.elperuano.pe/dispositivo/NL/2348951-1,20241130
20241129,2348977-1,MUNICIPALIDAD DE COMAS,DECRETO DE ALCALDIA,N° 016-2024-AL/MDC,Prorrogan vigencia de la Ordenanza Municipal N° 706/MDC que establece Beneficios para el pago de Multas Administrativas en el distrito de Comas,https://busquedas.elperuano.pe/dispositivo/NL/2348977-1,20241130
20241129,2347729-1,MUNICIPALIDAD DE INDEPENDENCIA,Ordenanzas,N° D000488-2024-AL-MDI,Ordenanza que otorga incentivos para la regularización de las obligaciones tributarias para los contribuyentes de la Municipalidad Distrital de Independencia,https://epdoc2.elperuano.pe/EpPo/VistaDE.asp?Referencias=MjM0NzcyOS0xMjAyNDExMjk=,20241130
20241129,2348757-1,MUNICIPALIDAD DE JESUS MARIA,DECRETO DE ALCALDIA,N° 017-2024-MDJM,Prorrogan plazo de vigencia de la Ordenanza N° 730-MDJM Ordenanza que establece incentivos tributarios en el distrito de Jesús María,https://busquedas.elperuano.pe/dispositivo/NL/2348757-1,20241130
20241129,2349189-1,MUNICIPALIDAD DE JESUS MARIA,ORDENANZA,N° 731-MDJM,Ordenanza que regula la ejecución de obras instalación mantenimiento reubicación y retiro de la infraestructura para la prestación de servicios públicos del distrito de Jesús María y acciones de fiscalización y control de la infraestructura en las áreas de dominio público administradas por la Municipalidad Metropolitana de Lima,https://busquedas.elperuano.pe/dispositivo/NL/2349189-1,20241130
20241129,2348758-1,MUNICIPALIDAD DE JESUS MARIA,RESOLUCION DE ALCALDIA,N° 146-2024-MDJM-AL,Designan Ejecutor Coactivo y Auxiliares Coactivos de la Subgerencia de Recaudación Tributaria y Ejecutoría Coactiva de la Municipalidad Distrital de Jesús María,https://busquedas.elperuano.pe/dispositivo/NL/2348758-1,20241130
20241129,2348812-1,MUNICIPALIDAD DE MIRAFLORES,Decretos de Alcaldía,N° 021-2024/MM,Aprueban el Reglamento del Sorteo Anual del Programa de Incentivos Vecino Puntual Miraflorino – VPM 2024,https://epdoc2.elperuano.pe/EpPo/VistaDE.asp?Referencias=MjM0ODgxMi0xMjAyNDExMjk=,20241130
20241129,2349592-1,MUNICIPALIDAD DE MIRAFLORES,Decretos de Alcaldía,N° 022-2024/MM,Prorrogan fecha de vencimiento de la Cuarta Cuota del impuesto predial y arbitrios municipales 2024,https://epdoc2.elperuano.pe/EpPo/VistaDE.asp?Referencias=MjM0OTU5Mi0xMjAyNDExMjk=,20241130
20241129,2346129-1,MUNICIPALIDAD DE PUNTA HERMOSA,ORDENANZA,N° 535-MDPH,Ordenanza que aprueba el Cuadro para Asignación de Personal Provisional (CAP PROVISIONAL) de la Municipalidad Distrital de Punta Hermosa,https://busquedas.elperuano.pe/dispositivo/NL/2346129-1,20241130
20241129,2348979-1,MUNICIPALIDAD DE SAN MARTIN DE PORRES,DECRETO DE ALCALDIA,N° 014-2024/MDSMP,Prorrogan vigencia de la Ordenanza N° 575/MDSMP que establece Incentivos Tributarios y No Tributarios en el distrito de San Martin de Porres,https://busquedas.elperuano.pe/dispositivo/NL/2348979-1,20241130
20241129,2338727-1,MUNICIPALIDAD DE SANTA ROSA,ORDENANZA,N° 576-2024/MDSR,Ordenanza que prorroga para el Ejercicio Fiscal 2025 el Derecho de Emisión Mecanizada de Actualización de Valores Determinación del Tributo y Distribución a Domicilio de la Declaración Jurada y Liquidación del Impuesto Predial y Arbitrios Municipales fijados en la Ordenanza N°541-2022/MDSR,https://busquedas.elperuano.pe/dispositivo/NL/2338727-1,20241130
20241129,2348232-1,MUNICIPALIDAD DE SANTIAGO DE SURCO,DECRETO DE ALCALDIA,N° 023-2024-MSS,Prorrogan vigencia de la Ordenanza Nº 710-MSS que aprueba el Régimen de Saneamiento Tributario Especial,https://busquedas.elperuano.pe/dispositivo/NL/2348232-1,20241130
20241129,2349144-1,MUNICIPALIDAD DE PACHACAMAC,ORDENANZA,N° 350-2024-MDP/C,Ordenanza que crea el Programa Municipal de Promoción del Empleo en el distrito de Pachacámac – PACHAMBEAR,https://busquedas.elperuano.pe/dispositivo/NL/2349144-1,20241130
20241129,2346154-1,MUNICIPALIDAD PROVINCIAL DE SATIPO,ACUERDO,N° 311–2024-CM/MPS,Autorizan viaje de regidor para participar en pasantía que se realizará en Costa Rica,https://busquedas.elperuano.pe/dispositivo/NL/2346154-1,20241130
20241129,2347734-1,RELACIONES EXTERIORES,CONVENIO,Acuerdo Servicios Aéreos República del Perú y República de Corea,Acuerdo entre el Gobierno de la República del Perú y el Gobierno de la República de Corea sobre Servicios Aéreos entre sus Territorios y más allá de ellos,https://busquedas.elperuano.pe/dispositivo/NL/2347734-1,20241130
20241129,2347735-1,RELACIONES EXTERIORES,CONVENIO,Entrada en vigor,Entrada en vigor del Acuerdo entre el Gobierno de la República del Perú y el Gobierno de la República de Corea sobre Servicios Aéreos entre sus Territorios y más allá de ellos,https://busquedas.elperuano.pe/dispositivo/NL/2347735-1,20241130
20241128,2348678-1,PRESIDENCIA DEL CONSEJO DE MINISTROS,DECRETO SUPREMO,N° 130-2024-PCM,Decreto Supremo que declara el Estado de Emergencia en varios distritos de algunas provincias del departamento de San Martín por impacto de daños a consecuencia de intensas precipitaciones pluviales,https://busquedas.elperuano.pe/dispositivo/NL/2348678-1,20241130
20241128,2348678-2,PRESIDENCIA DEL CONSEJO DE MINISTROS,DECRETO SUPREMO,N° 131-2024-PCM,Decreto Supremo que prorroga el Estado de Emergencia en varios distritos de la provincia de Islay del departamento de Arequipa y de la provincia de General Sánchez Cerro del departamento de Moquegua por peligro inminente ante contaminación hídrica,https://busquedas.elperuano.pe/dispositivo/NL/2348678-2,20241130
20241128,2348674-1,AMBIENTE,DECRETO SUPREMO,N° 013-2024-MINAM,Decreto Supremo que aprueba el Procedimiento Único del Proceso de Certificación Ambiental del Servicio Nacional de Certificación Ambiental para las Inversiones Sostenibles - SENACE,https://epdoc2.elperuano.pe/EpPo/VistaNLSE.asp?Referencias=MjM0ODY3NC0xMjAyNDExMjg=,20241130
20241128,2347767-1,CULTURA,RESOLUCION DIRECTORAL,N° 000199-2024-DGPA-VMPCIC/MC,Determinan la Protección Provisional del Paisaje Arqueológico Geoglifos de Montesierpe – Cerro Viruela Sector I ubicado en el distrito de Humay provincia de Pisco departamento de Ica,https://busquedas.elperuano.pe/dispositivo/NL/2347767-1,20241130
20241128,2347776-1,CULTURA,RESOLUCION DIRECTORAL,N° 000200-2024-DGPA-VMPCIC/MC,Determinan la Protección Provisional del Sitio Arqueológico Montesierpe -Cerro Viruela 2 ubicado en el distrito de Humay provincia de Pisco departamento de Ica,https://busquedas.elperuano.pe/dispositivo/NL/2347776-1,20241130
20241128,2347781-1,CULTURA,RESOLUCION DIRECTORAL,N° 000198-2024-DGPA-VMPCIC/MC,Determinan la Protección Provisional del Sitio arqueológico Viña Vieja ubicado en el distrito de El Carmen provincia de Chincha departamento de Ica,https://busquedas.elperuano.pe/dispositivo/NL/2347781-1,20241130
20241128,2347792-1,CULTURA,RESOLUCION DIRECTORAL,N° 000201-2024-DGPA-VMPCIC/MC,Determinan la Protección Provisional del Paisaje Arqueológico Suytu Lliwa ubicado en el distrito de Vischongo provincia de Vilcas Huamán departamento de Ayacucho,https://busquedas.elperuano.pe/dispositivo/NL/2347792-1,20241130
20241128,2348640-1,DEFENSA,RESOLUCION MINISTERIAL,N° 01671-2024-DE,Autorizan viaje de personal militar y civil FAP para participar en la Trigésima Primera Expedición Científica del Perú a la Antártida – ANTAR XXXI a realizarse en la Isla Rey Jorge Antártida,https://busquedas.elperuano.pe/dispositivo/NL/2348640-1,20241130
20241128,2348658-1,DEFENSA,RESOLUCION MINISTERIAL,N° 01670-2024-DE,Autorizan viaje de personal de la Fuerza Aérea del Perú a Canadá en comisión de servicios,https://busquedas.elperuano.pe/dispositivo/NL/2348658-1,20241130
20241128,2348584-1,DESARROLLO AGRARIO Y RIEGO,RESOLUCION,N° D000281-2024-MIDAGRI-SERFOR-DE,Designan Director de la Oficina de Presupuesto de la Oficina General de Planeamiento y Presupuesto del Servicio Nacional Forestal y de Fauna Silvestre - SERFOR,https://busquedas.elperuano.pe/dispositivo/NL/2348584-1,20241130
20241128,2348591-1,DESARROLLO AGRARIO Y RIEGO,RESOLUCION,N° D000283-2024-MIDAGRI-SERFOR-DE,Designan Director General de la Oficina General de Asesoría Jurídica del Servicio Nacional Forestal y de Fauna Silvestre - SERFOR,https://busquedas.elperuano.pe/dispositivo/NL/2348591-1,20241130
20241128,2348387-1,DESARROLLO AGRARIO Y RIEGO,RESOLUCION ADMINISTRATIVA,N° D000140-2024-MIDAGRI-SERFOR-ATFFS-APURIMAC,Aprueban Calendario Regional de Caza Deportiva de Especies de Fauna Silvestre No Amenazadas para el ámbito de competencia de la Administración Técnica Forestal y de Fauna Silvestre Apurímac fuera de las Áreas Naturales Protegidas por el Estado,https://busquedas.elperuano.pe/dispositivo/NL/2348387-1,20241130
20241128,2348659-1,DESARROLLO E INCLUSIÓN SOCIAL,RESOLUCION,N° D000124-2024-MIDIS/PNPAIS-DE,Designan Ejecutivo (a) de la Unidad de Comunicación e Imagen del Programa Nacional Plataformas de Acción para la Inclusión Social – PAIS,https://busquedas.elperuano.pe/dispositivo/NL/2348659-1,20241130
20241128,2349156-1,ECONOMIA Y FINANZAS,DECRETO SUPREMO,N° 239-2024-EF,Decreto Supremo que fija el nuevo monto de la Remuneración Íntegra Mensual Superior (RIMS) de los docentes de los Institutos y Escuelas de Educación Superior de la Carrera Pública Docente y la remuneración mensual de los docentes contratados en el marco de la Ley N° 30512 de la remuneración de los docentes de los Institutos de Educación Superior Tecnológica del Ministerio de Defensa de los docentes del Centro de Formación en Turismo del Ministerio de Comercio Exterior y Turismo de los docentes nombrados y contratados de las Escuelas Superiores de Formación Artística (ESFA) de los docentes nombrados y contratados de las ex-ESFA ahora Universidad Nacional de Música Universidad Nacional Daniel Alomía Robles y Universidad Nacional de Arte Diego Quispe Tito del Cusco y autoriza una Transferencia de Partidas en el Presupuesto del Sector Público para el Año Fiscal 2024,https://busquedas.elperuano.pe/dispositivo/NL/2349156-1,20241130
20241128,2348322-1,ECONOMIA Y FINANZAS,RESOLUCION DIRECTORAL,N° 0037-2024-EF/50.01,Aprueban resultados finales del cumplimiento de los indicadores del Tramo I comprendidos en la medición del mes de septiembre del Incentivo Presupuestario para el Sector Salud (IP Salud) del año 2024,https://busquedas.elperuano.pe/dispositivo/NL/2348322-1,20241130
20241128,2348598-1,ECONOMIA Y FINANZAS,RESOLUCION MINISTERIAL,N° 378-2024-EF/43,Autorizan viaje de Director de la Dirección de Mercado de Seguros y Previsional Privado a la República Francesa en comisión de servicios,https://busquedas.elperuano.pe/dispositivo/NL/2348598-1,20241130
20241128,2348430-1,ECONOMIA Y FINANZAS,RESOLUCION VICE MINISTERIAL,N° 022-2024-EF/15.01,Aprueban los precios de referencia y los derechos variables adicionales a que se refiere el Decreto Supremo N° 115-2001-EF,https://busquedas.elperuano.pe/dispositivo/NL/2348430-1,20241130
20241128,2348360-1,EDUCACION,RESOLUCION DIRECTORAL,N° 152-2024-MINEDU/VMGI-PRONABEC,Designan Directora de la Unidad de Contabilidad y Control Previo de la Oficina de Administración y Finanzas del Programa Nacional de Becas y Crédito Educativo – PRONABEC,https://busquedas.elperuano.pe/dispositivo/NL/2348360-1,20241130
20241128,2348751-1,EDUCACION,RESOLUCION MINISTERIAL,N° 606-2024-MINEDU,Declaran el día 28 de noviembre de cada año escolar como el Día de la Educación Intercultural Bilingüe a nivel nacional y disponen su incorporación en el Calendario Cívico Escolar,https://busquedas.elperuano.pe/dispositivo/NL/2348751-1,20241130
20241128,2348363-1,EDUCACION,RESOLUCION VICE MINISTERIAL,N° 139-2024-MINEDU,Modifican el Clasificador de Cargos de la Carrera Pública Magisterial y el perfil de cargo de Subdirector de Institución Educativa,https://busquedas.elperuano.pe/dispositivo/NL/2348363-1,20241130
20241128,2347072-1,ENERGIA Y MINAS,RESOLUCION MINISTERIAL,N° 429-2024-MINEM/DM,Aprueban primera modificación de concesión definitiva para desarrollar la actividad de transmisión de energía eléctrica del proyecto Línea de Transmisión en 220 kV S.E. Capiri – S.E. Ttio – S.E. Limacpunco – S.E. Onocora solicitada por Electro Araza S.A.C.,https://busquedas.elperuano.pe/dispositivo/NL/2347072-1,20241130
20241128,2348357-1,ENERGIA Y MINAS,RESOLUCION MINISTERIAL,N° 449-2024-MINEM/DM,Autorizan transferencia financiera a favor de la Municipalidad Distrital de Chamaca provincia de Chumbivilcas departamento de Cusco,https://busquedas.elperuano.pe/dispositivo/NL/2348357-1,20241130
20241128,2349160-1,INTERIOR,RESOLUCION MINISTERIAL,N° 1469-2024-IN,Aprueban vacantes para Oficiales Superiores de Armas y de Servicios en el proceso de ascenso por concurso de Oficiales de Armas y de Servicios de la Policía Nacional del Perú del año 2024 – Promoción 2025,https://busquedas.elperuano.pe/dispositivo/NL/2349160-1,20241130
20241128,2348676-2,JUSTICIA Y DERECHOS HUMANOS,DECRETO SUPREMO,N° 015-2024-JUS,Decreto Supremo que crea la Comisión Multisectorial Permanente para la Interoperabilidad y Gobernanza de Datos para el Sistema de Justicia,https://busquedas.elperuano.pe/dispositivo/NL/2348676-2,20241130
20241128,2348678-3,JUSTICIA Y DERECHOS HUMANOS,RESOLUCION SUPREMA,N° 336-2024-JUS,Acceden a solicitud de extradición activa de ciudadano peruano para ser extraditado de la República Italiana y ser procesado en la República del Perú,https://busquedas.elperuano.pe/dispositivo/NL/2348678-3,20241130
20241128,2348678-4,JUSTICIA Y DERECHOS HUMANOS,RESOLUCION SUPREMA,N° 337-2024-JUS,Acceden a solicitud de extradición activa de ciudadano británico para ser extraditado de la República Italiana y ser procesado en la República del Perú,https://busquedas.elperuano.pe/dispositivo/NL/2348678-4,20241130
20241128,2348678-5,JUSTICIA Y DERECHOS HUMANOS,RESOLUCION SUPREMA,N° 338-2024-JUS,Acceden a solicitud de extradición activa de ciudadana peruana para ser extraditada del Reino de España y ser procesada en la República del Perú,https://busquedas.elperuano.pe/dispositivo/NL/2348678-5,20241130
20241128,2348678-6,JUSTICIA Y DERECHOS HUMANOS,RESOLUCION SUPREMA,N° 339-2024-JUS,Acceden a solicitud de extradición activa de ciudadano español para ser extraditado del Reino de España y ser procesado en la República del Perú,https://busquedas.elperuano.pe/dispositivo/NL/2348678-6,20241130
20241128,2348678-7,JUSTICIA Y DERECHOS HUMANOS,RESOLUCION SUPREMA,N° 340-2024-JUS,Acceden a solicitud de extradición activa de ciudadano peruano para ser extraditado del Reino de España y ser procesado en la República del Perú,https://busquedas.elperuano.pe/dispositivo/NL/2348678-7,20241130
20241128,2348678-8,JUSTICIA Y DERECHOS HUMANOS,RESOLUCION SUPREMA,N° 341-2024-JUS,Acceden a solicitud de extradición activa de ciudadano colombiano para ser extraditado de la República de Colombia y ser procesado en la República del Perú,https://busquedas.elperuano.pe/dispositivo/NL/2348678-8,20241130
20241128,2348429-1,MUJER Y POBLACIONES VULNERABLES,RESOLUCION MINISTERIAL,N° 356-2024-MIMP,Aprueban el Plan Operativo Institucional (POI) Anual 2024 Actualizado Versión 2 del Pliego 039: Ministerio de la Mujer y Poblaciones Vulnerables,https://busquedas.elperuano.pe/dispositivo/NL/2348429-1,20241130
20241128,2348676-1,RELACIONES EXTERIORES,DECRETO SUPREMO,N° 057-2024-RE,Decreto Supremo que modifica el Anexo B: Cuotas Internacionales para el Año Fiscal 2024 y autoriza el pago de cuota internacional no contemplada en el Anexo B: Cuotas Internacionales para el Año Fiscal 2024 de la Ley N° 31953 Ley de Presupuesto del Sector Público para el Año Fiscal 2024,https://busquedas.elperuano.pe/dispositivo/NL/2348676-1,20241130
20241128,2349154-1,TRABAJO Y PROMOCION DEL EMPLEO,RESOLUCION MINISTERIAL,N° 000191-2024-TR,Aprueban transferencia financiera del Programa de Empleo Temporal Llamkasun Perú a favor de organismos ejecutores del sector público,https://busquedas.elperuano.pe/dispositivo/NL/2349154-1,20241130
20241128,2348079-1,TRANSPORTES Y COMUNICACIONES,RESOLUCION,N° 127-2024-MTC/04,Aprueban modificación del Plan de Estrategia Publicitaria (PEP) 2024 del Ministerio de Transportes y Comunicaciones,https://busquedas.elperuano.pe/dispositivo/NL/2348079-1,20241130
20241128,2348024-1,TRANSPORTES Y COMUNICACIONES,RESOLUCION DIRECTORAL,N° 0676-2024-MTC/17.03,Autorizan a la empresa CENTRO DE I.T.V. TICHY E.I.R.L. para operar como centro de inspección técnica vehicular fijo – CITV Fijo en local ubicado en el distrito de Ninacaca provincia y departamento de Pasco,https://busquedas.elperuano.pe/dispositivo/NL/2348024-1,20241130
20241128,2348153-1,TRANSPORTES Y COMUNICACIONES,RESOLUCION MINISTERIAL,N° 687-2024-MTC/01.03,Otorgan a la empresa SATELCEL S.A.C. Concesión Única para la prestación de servicios públicos de telecomunicaciones en área que comprende todo el territorio de la República,https://busquedas.elperuano.pe/dispositivo/NL/2348153-1,20241130
20241128,2348166-1,TRANSPORTES Y COMUNICACIONES,RESOLUCION MINISTERIAL,N° 688-2024-MTC/01.03,Otorgan a la empresa SYSTEM CAJAMARCA E.I.R.L. Concesión Única para la prestación de servicios públicos de telecomunicaciones en área que comprende todo el territorio de la República,https://busquedas.elperuano.pe/dispositivo/NL/2348166-1,20241130
20241128,2348677-1,TRANSPORTES Y COMUNICACIONES,RESOLUCION MINISTERIAL,N° 689-2024-MTC/01.02,Autorizan viaje de inspector de la Dirección General de Aeronáutica Civil a Chile en comisión de servicios,https://busquedas.elperuano.pe/dispositivo/NL/2348677-1,20241130
20241128,2348675-1,"VIVIENDA, CONSTRUCCIÓN Y SANEAMIENTO",FE DE ERRATA,D.S. N° 009-2024-VIVIENDA,FE DE ERRATA,https://busquedas.elperuano.pe/dispositivo/NL/2348675-1,20241130
20241128,2348037-1,CENTRAL DE COMPRAS PÚBLICAS,RESOLUCION JEFATURAL,N° 000200-2024-PERÚ COMPRAS-JEFATURA,Aprueban modificación de una Ficha Técnica correspondiente al rubro Productos Farmacéuticos incluidos anticonceptivos y vacunas del Listado de Bienes y Servicios Comunes - LBSC,https://busquedas.elperuano.pe/dispositivo/NL/2348037-1,20241130
20241128,2348041-1,CENTRAL DE COMPRAS PÚBLICAS,RESOLUCION JEFATURAL,N° 000201-2024-PERÚ COMPRAS-JEFATURA,Aprueban cuatro Fichas Técnicas del rubro Combustibles aditivos para combustibles lubricantes y materiales anticorrosivos disponiendo su inclusión en el Listado de Bienes y Servicios Comunes - LBSC y dictan otras disposiciones,https://busquedas.elperuano.pe/dispositivo/NL/2348041-1,20241130
20241128,2348582-1,ORGANISMO SUPERVISOR DE LA INVERSIÓN EN ENERGÍA Y MINERÍA,RESOLUCION,N° 044-2024-OS/GRT,Resolución que fija la Banda de Precios y los Márgenes Comerciales aplicables al Diésel B5 destinado al uso vehicular,https://busquedas.elperuano.pe/dispositivo/NL/2348582-1,20241130
20241128,2348490-1,CONSEJO EJECUTIVO DEL PODER JUDICIAL,RESOLUCION ADMINISTRATIVA,N° 000409-2024-CE-PJ,Prorrogan funcionamiento de órganos jurisdiccionales transitorios de descarga procesal de diversas Cortes Superiores de Justicia y dictan otras disposiciones,https://busquedas.elperuano.pe/dispositivo/NL/2348490-1,20241130
20241128,2347561-1,CONSEJO EJECUTIVO DEL PODER JUDICIAL,RESOLUCION ADMINISTRATIVA,N° 000143-2024-P-CE-PJ,Cesan por límite de edad a Juez Superior titular de la Corte Superior de Justicia de Arequipa,https://busquedas.elperuano.pe/dispositivo/NL/2347561-1,20241130
20241128,2344462-1,INSTITUCIONES EDUCATIVAS,RESOLUCION,N° 955-2024-UNF/CO,Autorizan viaje de profesional de la Universidad Nacional de Frontera a Brasil en comisión de servicios,https://busquedas.elperuano.pe/dispositivo/NL/2344462-1,20241130
20241128,2347727-1,INSTITUCIONES EDUCATIVAS,RESOLUCION,N° 1012-2024-UNACH/CO,Autorizan viaje de personal docente y administrativo de la Universidad Nacional Autónoma de Chota en el marco de la ejecución de proyecto de la Agencia Ejecutiva Europea de la Educación y Cultura del Programa ERASMUS-EDU-2022-CBHE,https://busquedas.elperuano.pe/dispositivo/NL/2347727-1,20241130
20241128,2348222-1,INSTITUCIONES EDUCATIVAS,RESOLUCION,N° 520-2024-UNADQTC/PCO,Aprueban el Reglamento de Organización y Funciones de la Universidad Nacional de Arte Diego Quispe Tito del Cusco,https://busquedas.elperuano.pe/dispositivo/NL/2348222-1,20241130
20241128,2348461-1,MINISTERIO PUBLICO,RESOLUCION,N° 2710-2024-MP-FN,Designan a fiscal como coordinadora de la Fiscalía Superior Penal Nacional y Fiscalías Penales Supraprovinciales Especializadas en Delitos de Terrorismo y delitos conexos y del Equipo Especial de Fiscales para casos con víctimas durante las protestas sociales,https://busquedas.elperuano.pe/dispositivo/NL/2348461-1,20241130
20241128,2348463-1,REGISTRO NACIONAL DE IDENTIFICACION Y ESTADO CIVIL,RESOLUCION JEFATURAL,N° 000179-2024/JNAC/RENIEC,Autorizan incorporación del acervo documentario registral de Nacimiento Matrimonio y Defunción; así como sus títulos archivados e información sistematizada en formato electrónico si la tuviera de la Oficina de Registro del Estado Civil de la Municipalidad de Centro Poblado Anexo 22 Pampa Canto Grande distrito de San Antonio provincia de Huarochirí departamento de Lima,https://busquedas.elperuano.pe/dispositivo/NL/2348463-1,20241130
20241128,2347726-1,GOBIERNO REGIONAL DE CAJAMARCA,RESOLUCION,N° D1-2024-GR.CAJ-GRDE-STPAD,Disponen iniciar procedimiento administrativo disciplinario contra el Director de la Dirección Regional de Agricultura periodo del 01 de diciembre de 2020 al 13 de julio de 2022 por la presunta comisión de la falta prevista en el literal d) del artículo 85° de la Ley N° 30057 Ley del Servicio Civil,https://busquedas.elperuano.pe/dispositivo/NL/2347726-1,20241130
20241128,2348152-1,GOBIERNO REGIONAL DE SAN MARTIN,RESOLUCION DIRECTORAL,N° 134-2024-GRSM/DREM,Aprueban otorgamiento de concesión definitiva de generación con Recursos Energéticos Renovables para desarrollar generación de energía eléctrica en la Central Térmica con Biogás INDUPALSA que estará ubicada en el departamento de San Martín,https://busquedas.elperuano.pe/dispositivo/NL/2348152-1,20241130
20241128,2347277-1,MUNICIPALIDAD DE ANCON,ORDENANZA,N° 526-2024/MDA,Aprueban disposición para la declaración de deuda tributaria de cobranza dudosa o de recuperación de deuda tributaria onerosa,https://busquedas.elperuano.pe/dispositivo/NL/2347277-1,20241130
20241128,2345817-1,MUNICIPALIDAD DE PUNTA NEGRA,Ordenanzas,N° 030-2024/MDPN,Ordenanza que aprueba amnistía tributaria y no tributaria en via ordinaria y coactiva en el distrito de Punta Negra,https://epdoc2.elperuano.pe/EpPo/VistaDE.asp?Referencias=MjM0NTgxNy0xMjAyNDExMjg=,20241130
20241128,2345979-1,MUNICIPALIDAD DE PUNTA NEGRA,Ordenanzas,N° 031-2024/MDPN,Ordenanza que aprueba el Programa de Incentivos de Vecino Preferente Punta Negrino – VPPN,https://epdoc2.elperuano.pe/EpPo/VistaDE.asp?Referencias=MjM0NTk3OS0xMjAyNDExMjg=,20241130
20241128,2346196-1,MUNICIPALIDAD DE SAN JUAN DE MIRAFLORES,ORDENANZA,N° 534/MDSJM,Ordenanza que prorroga para el año 2025 el monto de emisión mecanizada de actualización de valores determinación de tributos y su distribución a domicilio del impuesto predial y arbitrios municipales en el distrito de San Juan de Miraflores,https://busquedas.elperuano.pe/dispositivo/NL/2346196-1,20241130
20241128,2347861-1,MUNICIPALIDAD DE PACHACAMAC,DECRETO DE ALCALDIA,N° 015-2024-MDP/A,Modifican horario de inicio de la Etapa Final del Primer Concurso de Danzas Festipacha 2024,https://busquedas.elperuano.pe/dispositivo/NL/2347861-1,20241130
20241128,2347865-1,MUNICIPALIDAD DE PACHACAMAC,DECRETO DE ALCALDIA,N° 016-2024-MDP/A,Prorrogan vigencia de la Ordenanza Municipal N° 347-2024-MDP/C,https://busquedas.elperuano.pe/dispositivo/NL/2347865-1,20241130
20241128,2345232-2,MUNICIPALIDAD PROVINCIAL DE ICA,ACUERDO,N° 139-2024-MPI,Autorizan viaje del alcalde para participar en evento a realizarse en el Reino de Arabia Saudita,https://busquedas.elperuano.pe/dispositivo/NL/2345232-2,20241130
20241128,2345232-1,MUNICIPALIDAD PROVINCIAL DE ICA,ORDENANZA,N° 033-2024-MPI,Autorizan inscripción del Saneamiento Físico Legal para la Inmatriculación como Primera Inscripción de Dominio de Terreno Ubicado en el cercado de Ica en donde se encuentra ubicada la Plaza de Armas de Ica a favor de la Municipalidad,https://busquedas.elperuano.pe/dispositivo/NL/2345232-1,20241130
20241128,2347943-1,MUNICIPALIDAD DISTRITAL DE SANTA EULALIA,ACUERDO,N° 064-2024-MDSE-,Autorizan viaje del alcalde para participar en evento a realizarse en EE.UU.,https://busquedas.elperuano.pe/dispositivo/NL/2347943-1,20241130
20241128,2348167-1,RELACIONES EXTERIORES,CONVENIO,Acuerdo Comisión Binacional,Reglamento de la Comisión Binacional para la Gestión Integrada de los Recursos Hídricos de las Cuencas Hidrográficas Transfronterizas entre la República del Perú y la República del Ecuador,https://busquedas.elperuano.pe/dispositivo/NL/2348167-1,20241130
20241128,2348168-1,RELACIONES EXTERIORES,CONVENIO,Entrada en vigor Acuerdo Comisión Binacional,Entrada en vigor del Reglamento de la Comisión Binacional para la Gestión Integrada de los Recursos Hídricos de las Cuencas Hidrográficas Transfronterizas entre la República del Perú y la República del Ecuador,https://busquedas.elperuano.pe/dispositivo/NL/2348168-1,20241130
20241127,2348175-1,CONGRESO DE LA REPUBLICA,LEY,N° 32173,Ley que autoriza al Ministerio del Interior para revisar los casos de vulneración de derechos del personal de la Sanidad de la Policía Nacional del Perú,https://busquedas.elperuano.pe/dispositivo/NL/2348175-1,20241130
20241127,2348651-1,PRESIDENCIA DEL CONSEJO DE MINISTROS,RESOLUCION MINISTERIAL,N° 331-2024-PCM,Designan Director Ejecutivo del Proyecto Especial Legado de la Presidencia del Consejo de Ministros,https://busquedas.elperuano.pe/dispositivo/NL/2348651-1,20241130
20241127,2348679-1,PRESIDENCIA DEL CONSEJO DE MINISTROS,RESOLUCION SUPREMA,N° 246-2024-PCM,Aceptan renuncia de Ministro de Energía y Minas,https://busquedas.elperuano.pe/dispositivo/NL/2348679-1,20241130
20241127,2348175-4,AMBIENTE,DECRETO SUPREMO,N° 012-2024-MINAM,Decreto Supremo que aprueba la Política Nacional: Estrategia Nacional ante el Cambio Climático al 2050,https://busquedas.elperuano.pe/dispositivo/NL/2348175-4,20241130
20241127,2347736-1,AMBIENTE,RESOLUCION MINISTERIAL,N° 00416-2024-MINAM,Designan Asesora de Gestión Ambiental del Viceministerio de Gestión Ambiental,https://busquedas.elperuano.pe/dispositivo/NL/2347736-1,20241130
20241127,2348175-8,AMBIENTE,RESOLUCION SUPREMA,N° 019-2024-MINAM,Designan miembro del Consejo Directivo del Organismo de Evaluación y Fiscalización Ambiental (OEFA),https://busquedas.elperuano.pe/dispositivo/NL/2348175-8,20241130
20241127,2348632-1,CULTURA,RESOLUCION MINISTERIAL,N° 000431-2024-MC,Disponen la publicación del proyecto de Ley que modifica los artículos 226 227 228 229 y 230 del Código Penal e incorpora el artículo 226-A relacionados a los delitos contra el patrimonio cultural y paleontológico; asimismo incorpora el numeral 8 en el artículo 195,https://busquedas.elperuano.pe/dispositivo/NL/2348632-1,20241130
20241127,2347247-1,CULTURA,RESOLUCION VICE MINISTERIAL,N° 000332-2024-VMPCIC/MC,Declaran Patrimonio Cultural de la Nación al Auquis danza Awki danza o Baile viejo de las provincias de Pasco y Daniel Alcides Carrión en el departamento de Pasco,https://busquedas.elperuano.pe/dispositivo/NL/2347247-1,20241130
20241127,2347264-1,CULTURA,RESOLUCION VICE MINISTERIAL,N° 000333-2024-VMPCIC/MC,Declaran Patrimonio Cultural de la Nación a la expresión cultural Chakachutay del distrito de Ccatcca provincia de Quispicanchis departamento de Cusco,https://busquedas.elperuano.pe/dispositivo/NL/2347264-1,20241130
20241127,2347244-1,CULTURA,RESOLUCION VICE MINISTERIAL,N° 000331-2024-VMPCIC/MC,Declaran monumento integrante del Patrimonio Cultural de la Nación al Mercado Central San Pedro Antiguo Mercado Frisancho ubicado entre las calles Tupac Amaru Ccasparu Ghoring y Plaza San Pedro distrito provincia y departamento de Cusco,https://busquedas.elperuano.pe/dispositivo/NL/2347244-1,20241130
20241127,2348173-1,DEFENSA,RESOLUCION MINISTERIAL,N° 01665-2024-DE,Autorizan viaje de Director de Movilización de la Dirección General de Política y Estrategia a Chile en comisión de servicios,https://busquedas.elperuano.pe/dispositivo/NL/2348173-1,20241130
20241127,2348095-1,DESARROLLO AGRARIO Y RIEGO,RESOLUCION,N° D000277-2024-MIDAGRI-SERFOR-DE,Designan Director General de la Dirección General de Gestión Sostenible del Patrimonio Forestal y de Fauna Silvestre del SERFOR y dictan otras disposiciones,https://busquedas.elperuano.pe/dispositivo/NL/2348095-1,20241130
20241127,2348100-1,DESARROLLO AGRARIO Y RIEGO,RESOLUCION,N° D000279-2024-MIDAGRI-SERFOR-DE,Designan Director de la Dirección de Control de la Gestión del Patrimonio Forestal y de Fauna Silvestre de la Dirección General de Gestión Sostenible del Patrimonio Forestal y de Fauna Silvestre del SERFOR,https://busquedas.elperuano.pe/dispositivo/NL/2348100-1,20241130
20241127,2348175-2,ECONOMIA Y FINANZAS,DECRETO SUPREMO,N° 237-2024-EF,Decreto Supremo que autoriza Transferencia de Partidas en el Presupuesto del Sector Público para el Año Fiscal 2024 a favor de diversos Gobiernos Regionales,https://busquedas.elperuano.pe/dispositivo/NL/2348175-2,20241130
20241127,2348175-3,ECONOMIA Y FINANZAS,DECRETO SUPREMO,N° 238-2024-EF,Decreto Supremo que autoriza Transferencia de Partidas en el Presupuesto del Sector Público para el Año Fiscal 2024 a favor de diversos Gobiernos Regionales,https://busquedas.elperuano.pe/dispositivo/NL/2348175-3,20241130
20241127,2347859-1,ECONOMIA Y FINANZAS,RESOLUCION MINISTERIAL,N° 373-2024-EF/43,Autorizan viaje de Viceministro de Economía a Francia en comisión de servicios,https://busquedas.elperuano.pe/dispositivo/NL/2347859-1,20241130
20241127,2347863-1,ECONOMIA Y FINANZAS,RESOLUCION MINISTERIAL,N° 374-2024-EF/49,Designan Directora de la Dirección de Adquisiciones de la Dirección General de Abastecimiento,https://busquedas.elperuano.pe/dispositivo/NL/2347863-1,20241130
20241127,2348121-1,EDUCACION,RESOLUCION VICE MINISTERIAL,N° 140-2024-MINEDU,Aprueban la Norma Técnica denominada Disposiciones que regulan las acciones de personal docente en los Institutos y Escuelas de Educación Superior Tecnológica y Pedagógica Públicos en el marco de la Ley N° 30512 y su reglamento,https://busquedas.elperuano.pe/dispositivo/NL/2348121-1,20241130
20241127,2348126-1,EDUCACION,RESOLUCION VICE MINISTERIAL,N° 141-2024-MINEDU,Aprueban la Norma Técnica denominada Disposiciones que regulan el nombramiento extraordinario de los docentes contratados en los Institutos y Escuelas de Educación Superior Tecnológicos Artísticos de Folklore de Música y Pedagógicos Públicos,https://busquedas.elperuano.pe/dispositivo/NL/2348126-1,20241130
20241127,2348144-1,ENERGIA Y MINAS,RESOLUCION MINISTERIAL,N° 446-2024-MINEM/DM,Aprueban los Lineamientos para el proceso de acompañamiento en la remediación ambiental,https://busquedas.elperuano.pe/dispositivo/NL/2348144-1,20241130
20241127,2347882-1,ENERGIA Y MINAS,RESOLUCION MINISTERIAL,N° 442-2024-MINEM/DM,Aprueban incorporación de tres (03) procedimientos administrativos a la relación de procedimientos administrativos y servicios prestados a exclusividad a cargo de las Direcciones Regionales o del órgano que haga sus veces para ejercer las funciones transferidas del Sector Energía y Minas aprobado con Resolución Ministerial N° 330-2020-MINEM/DM; y dictan otras disposiciones,https://busquedas.elperuano.pe/dispositivo/NL/2347882-1,20241130
20241127,2347884-1,ENERGIA Y MINAS,RESOLUCION MINISTERIAL,N° 444-2024-MINEM/DM,Autorizan publicación del proyecto de Resolución Directoral que modifica el sub numeral 6.2.2 del numeral 6.2 del Título Sexto de la Resolución Directoral N° 014-2005-EM-DGE Norma Técnica para la Coordinación de la Operación en Tiempo Real de los Sistemas Interconectados así como de su Exposición de Motivos,https://busquedas.elperuano.pe/dispositivo/NL/2347884-1,20241130
20241127,2348175-6,INTERIOR,RESOLUCION SUPREMA,N° 194-2024-IN,Designan temporalmente a funcionario para que desempeñe las funciones de Superintendente Nacional de la Superintendencia Nacional de Migraciones - MIGRACIONES,https://busquedas.elperuano.pe/dispositivo/NL/2348175-6,20241130
20241127,2348043-1,JUSTICIA Y DERECHOS HUMANOS,RESOLUCION,N° 232-2024-JUS/PRONACEJ,Designan administrador I del Centro Juvenil de Diagnóstico y Rehabilitación de Pucallpa del Programa Nacional de Centros Juveniles,https://busquedas.elperuano.pe/dispositivo/NL/2348043-1,20241130
20241127,2348101-1,JUSTICIA Y DERECHOS HUMANOS,RESOLUCION MINISTERIAL,N° 0298-2024-JUS,Aprueban Ficha de Homologación denominada Servicio de Vigilancia Electrónica Personal Penitenciaria (SVEPP),https://busquedas.elperuano.pe/dispositivo/NL/2348101-1,20241130
20241127,2348175-5,PRODUCE,DECRETO SUPREMO,N° 017-2024-PRODUCE,Decreto Supremo que modifica el Reglamento de Ordenamiento Pesquero del Recurso Merluza aprobado mediante Decreto Supremo N° 016-2003-PRODUCE,https://busquedas.elperuano.pe/dispositivo/NL/2348175-5,20241130
20241127,2348074-1,PRODUCE,RESOLUCION,N° 032-2024-IMARPE/PE,Autorizan transferencia financiera a favor de Servicios Industriales de la Marina S.A - SIMA PERÚ S.A.,https://busquedas.elperuano.pe/dispositivo/NL/2348074-1,20241130
20241127,2347895-1,PRODUCE,RESOLUCION,N° 000200-2024-ITP/DE,Modifican el contenido del Anexo Nº 3 denominado Lista de Servicios Adicionales (no incluidos en Tarifarios) aprobado mediante la Resolución Ejecutiva Nº 047-2021-ITP/DE,https://busquedas.elperuano.pe/dispositivo/NL/2347895-1,20241130
20241127,2347875-1,PRODUCE,RESOLUCION MINISTERIAL,N° 000465-2024-PRODUCE,Aprueban a BRADKEN PERU S.A.C. como empresa calificada para el Régimen Especial de Recuperación Anticipada del IGV según el D.Leg. N° 973 para el desarrollo del proyecto Bradken Chilca y dictan otras disposiciones,https://busquedas.elperuano.pe/dispositivo/NL/2347875-1,20241130
20241127,2347722-1,PRODUCE,RESOLUCION MINISTERIAL,N° 000464-2024-PRODUCE,Designan Asesor II de la Secretaría General del Ministerio,https://busquedas.elperuano.pe/dispositivo/NL/2347722-1,20241130
20241127,2347968-1,SALUD,RESOLUCION MINISTERIAL,N° 819-2024/MINSA,Autorizan Transferencia Financiera a favor de la Organización Panamericana de la Salud (OPS/OMS) para la adquisición de medicamento,https://busquedas.elperuano.pe/dispositivo/NL/2347968-1,20241130
20241127,2347970-1,SALUD,RESOLUCION MINISTERIAL,N° 820-2024/MINSA,Aprueban Documento Técnico para la evaluación de costo – efectividad de tecnologías sanitarias,https://busquedas.elperuano.pe/dispositivo/NL/2347970-1,20241130
20241127,2347984-1,SALUD,RESOLUCION MINISTERIAL,N° 818-2024/MINSA,Autorizan viaje de profesionales de la Dirección General de Medicamentos Insumos y Drogas a la República Popular China en comisión de servicios,https://busquedas.elperuano.pe/dispositivo/NL/2347984-1,20241130
20241127,2348111-1,SALUD,RESOLUCION MINISTERIAL,N° 825-2024/MINSA,Autorizan viaje de Director General de la Oficina General de Cooperación Técnica Internacional a Francia en comisión de servicios,https://busquedas.elperuano.pe/dispositivo/NL/2348111-1,20241130
20241127,2348118-1,TRABAJO Y PROMOCION DEL EMPLEO,RESOLUCION MINISTERIAL,N° 190-2024-TR,Modifican el Reglamento de Organización y Funciones (ROF) del Ministerio de Trabajo y Promoción del Empleo,https://busquedas.elperuano.pe/dispositivo/NL/2348118-1,20241130
20241127,2347481-1,TRANSPORTES Y COMUNICACIONES,RESOLUCION DIRECTORAL,N° 3228-2024-MTC/28,Declaran que las autorizaciones para radiodifusión sonora en FM y OM en diversas localidades de los departamentos de Áncash y Madre de Dios serán otorgadas mediante Concurso Público,https://busquedas.elperuano.pe/dispositivo/NL/2347481-1,20241130
20241127,2347328-1,TRANSPORTES Y COMUNICACIONES,RESOLUCION MINISTERIAL,N° 680-2024-MTC/01.02,Aprueban ejecución de expropiación de áreas afectadas de inmuebles para la ejecución de la obra: Rehabilitación y Mejoramiento de la Carretera Patahuasi – Yauri – Sicuani Tramo: Negromayo – Yauri – San Genaro y los valores de las tasaciones,https://busquedas.elperuano.pe/dispositivo/NL/2347328-1,20241130
20241127,2347385-1,TRANSPORTES Y COMUNICACIONES,RESOLUCION MINISTERIAL,N° 681-2024-MTC/01.02,Aprueban ejecución de expropiación de área afectada de bienes inmuebles para la ejecución de la obra: Aeropuerto Cadete FAP Guillermo del Castillo Paredes ubicado en el departamento de San Martín y el valor de tasación,https://busquedas.elperuano.pe/dispositivo/NL/2347385-1,20241130
20241127,2347403-1,TRANSPORTES Y COMUNICACIONES,RESOLUCION MINISTERIAL,N° 682-2024-MTC/01.02,Aprueban ejecución de expropiación de área afectada de bienes inmuebles para la ejecución de la obra: Aeropuerto Cadete FAP Guillermo del Castillo Paredes ubicado en el departamento de San Martín y el valor de tasación,https://busquedas.elperuano.pe/dispositivo/NL/2347403-1,20241130
20241127,2347603-1,TRANSPORTES Y COMUNICACIONES,RESOLUCION MINISTERIAL,N° 686-2024-MTC/01.03,Aprueban ejecución de Expropiación de área afectada de un (1) inmueble para la ejecución del proyecto: Red Dorsal Nacional de Fibra Óptica: Cobertura Universal Norte Cobertura Universal Sur y Cobertura Universal Centro,https://busquedas.elperuano.pe/dispositivo/NL/2347603-1,20241130
20241127,2347303-1,TRANSPORTES Y COMUNICACIONES,RESOLUCION MINISTERIAL,N° 679-2024-MTC/01.02,Aprueban ejecución de expropiación de área afectada de inmueble para la ejecución de la obra: Tramos viales del eje multimodal del Amazonas Norte del Plan de acción para la integración de infraestructura regional sudamericana - IIRSA y el valor de tasación,https://busquedas.elperuano.pe/dispositivo/NL/2347303-1,20241130
20241127,2348175-7,TRANSPORTES Y COMUNICACIONES,RESOLUCION SUPREMA,N° 016-2024-MTC,Designan miembro del Consejo Directivo de la Autoridad de Transporte Urbano para Lima y Callao (ATU) conforme a la propuesta del Ministerio de Vivienda Construcción y Saneamiento,https://busquedas.elperuano.pe/dispositivo/NL/2348175-7,20241130
20241127,2347440-1,TRANSPORTES Y COMUNICACIONES,RESOLUCION VICE MINISTERIAL,N° 0142-2024-MTC/03,Modifican la R.VM. N° 209-2004-MTC/03 que aprueba Planes de Canalización y Asignación de Frecuencias del Servicio de Radiodifusión por Televisión en UHF para distintas localidades del departamento de Cajamarca,https://busquedas.elperuano.pe/dispositivo/NL/2347440-1,20241130
20241127,2348054-1,"VIVIENDA, CONSTRUCCIÓN Y SANEAMIENTO",RESOLUCION MINISTERIAL,N° 436-2024-VIVIENDA,Aprueban la cuarta convocatoria del Programa Techo Propio para el año 2024 para el otorgamiento del Bono Familiar Habitacional en la modalidad de Construcción de Viviendas en Sitio Propio,https://busquedas.elperuano.pe/dispositivo/NL/2348054-1,20241130
20241127,2348668-1,BIBLIOTECA NACIONAL DEL PERU,RESOLUCION JEFATURAL,N° 000193-2024-BNP,Designan Asesora II de la Gerencia General de la Biblioteca Nacional del Perú,https://busquedas.elperuano.pe/dispositivo/NL/2348668-1,20241130
20241127,2348047-1,CENTRAL DE COMPRAS PÚBLICAS,RESOLUCION JEFATURAL,N° 000202-2024-PERÚ COMPRAS-JEFATURA,Designan directora de la Dirección de Estandarización y Sistematización de la Central de Compras Públicas - PERÚ COMPRAS,https://busquedas.elperuano.pe/dispositivo/NL/2348047-1,20241130
20241127,2348169-1,INSTITUTO GEOLÓGICO MINERO Y METALÚRGICO,RESOLUCION,N° 0173-2024-INGEMMET/PE,Designan Director de la Oficina de Administración del Instituto Geológico Minero y Metalúrgico – INGEMMET,https://busquedas.elperuano.pe/dispositivo/NL/2348169-1,20241130
20241127,2347631-1,INSTITUTO NACIONAL DE DEFENSA DE LA COMPETENCIA Y DE LA PROTECCION DE LA PROPIEDAD INTELECTUAL,RESOLUCION,N° 000157-2024-PRE/INDECOPI,Formalizan designación de Miembro de la Comisión adscrita a la Oficina Regional del INDECOPI en Cusco,https://busquedas.elperuano.pe/dispositivo/NL/2347631-1,20241130
20241127,2347633-1,INSTITUTO NACIONAL DE DEFENSA DE LA COMPETENCIA Y DE LA PROTECCION DE LA PROPIEDAD INTELECTUAL,RESOLUCION,N° 000158-2024-PRE/INDECOPI,Formalizan designación de Miembro de la Comisión adscrita a la Oficina Regional del INDECOPI en Piura por un período adicional de cinco años,https://busquedas.elperuano.pe/dispositivo/NL/2347633-1,20241130
20241127,2347639-1,INSTITUTO NACIONAL DE DEFENSA DE LA COMPETENCIA Y DE LA PROTECCION DE LA PROPIEDAD INTELECTUAL,RESOLUCION,N° 000159-2024-PRE/INDECOPI,Formalizan designación de Miembro de la Comisión de Fiscalización de la Competencia Desleal del INDECOPI,https://busquedas.elperuano.pe/dispositivo/NL/2347639-1,20241130
20241127,2348172-1,PROCURADURÍA GENERAL DEL ESTADO,RESOLUCION,N° D000799-2024-JUS/PGE-PG,Designan jefe de la Unidad de Sanción de la Oficina de Control Funcional de la Procuraduría General del Estado,https://busquedas.elperuano.pe/dispositivo/NL/2348172-1,20241130
20241127,2348211-1,SUPERINTENDENCIA NACIONAL DE ADUANAS Y DE ADMINISTRACIÓN TRIBUTARIA,RESOLUCION,N° 000266-2024/SUNAT,Designan Gerente de Administración y Finanzas de la Intendencia Nacional de Ejecución de Inversiones,https://busquedas.elperuano.pe/dispositivo/NL/2348211-1,20241130
20241127,2347669-1,SUPERINTENDENCIA NACIONAL DE MIGRACIONES,RESOLUCION,N° 000200-2024-MIGRACIONES,Aprueban actualización de la Directiva Gestión de la Nacionalidad Peruana con código M03.DGTFM.DI.001 versión 02,https://busquedas.elperuano.pe/dispositivo/NL/2347669-1,20241130
20241127,2348057-1,CONSEJO EJECUTIVO DEL PODER JUDICIAL,RESOLUCION ADMINISTRATIVA,N° 000402-2024-CE-PJ,Prorrogan el funcionamiento de órganos jurisdiccionales transitorios de descarga procesal de diversas Cortes Superiores de Justicia y dictan otras disposiciones,https://busquedas.elperuano.pe/dispositivo/NL/2348057-1,20241130
20241127,2348059-1,CONSEJO EJECUTIVO DEL PODER JUDICIAL,RESOLUCION ADMINISTRATIVA,N° 000404-2024-CE-PJ,Disponen medidas administrativas en diversas Cortes Superiores de Justicia y dictan otras disposiciones,https://busquedas.elperuano.pe/dispositivo/NL/2348059-1,20241130
20241127,2345245-1,INSTITUCIONES EDUCATIVAS,RESOLUCION,N° 3154-2024-R-UNA,Conceden licencia a docente de la Universidad Nacional del Altiplano - Puno para participar en evento a realizarse en México,https://busquedas.elperuano.pe/dispositivo/NL/2345245-1,20241130
20241127,2322965-1,INSTITUCIONES EDUCATIVAS,RESOLUCION,N° R-991-2024-UNSAAC,Aprueban el Cuadro para Asignación de Personal Provisional de la Universidad Nacional de San Antonio Abad del Cusco,https://busquedas.elperuano.pe/dispositivo/NL/2322965-1,20241130
20241127,2323062-1,INSTITUCIONES EDUCATIVAS,RESOLUCION,N° R-1408-2024-UNSAAC,Modifican la tercera disposición de la Resolución N° R-991-2024-UNSAAC que aprueba el CAP Provisional de la Universidad Nacional de San Antonio Abad del Cusco,https://busquedas.elperuano.pe/dispositivo/NL/2323062-1,20241130
20241127,2328446-1,INSTITUCIONES EDUCATIVAS,RESOLUCION,N° 2588-2024-R-UNA,Autorizan viaje de docentes de la Universidad Nacional del Altiplano de Puno a Guatemala en comisión de servicios,https://busquedas.elperuano.pe/dispositivo/NL/2328446-1,20241130
20241127,2333304-1,INSTITUCIONES EDUCATIVAS,RESOLUCION,N° R-1240-2024-UNSAAC.,Conceden licencia con goce de haber a profesora auxiliar del Departamento Académico de Biología de la Facultad de Ciencias Biológicas de la Universidad Nacional de San Antonio Abad del Cusco quien participarà en evento académico a realizarse en Colombia,https://busquedas.elperuano.pe/dispositivo/NL/2333304-1,20241130
20241127,2336402-1,INSTITUCIONES EDUCATIVAS,RESOLUCION,N° CU-513-2024-UNSAAC,Conceden licencia a docente de la Universidad Nacional de San Antonio Abad del Cusco para participar en pasantía que se realizará en España,https://busquedas.elperuano.pe/dispositivo/NL/2336402-1,20241130
20241127,2347964-1,INSTITUCIONES EDUCATIVAS,RESOLUCION,N° 14192-2024-UNJBG,Autorizan otorgamiento de viáticos por comisión de servicios a favor de Rector de la Universidad Nacional Jorge Basadre Grohmann para participar en eventos a realizarse en Chile,https://busquedas.elperuano.pe/dispositivo/NL/2347964-1,20241130
20241127,2347996-1,MINISTERIO PUBLICO,RESOLUCION,N° 2702-2024-MP-FN,Nombran fiscales adjuntas provinciales provisionales del Distrito Fiscal de Lima Centro,https://busquedas.elperuano.pe/dispositivo/NL/2347996-1,20241130
20241127,2347996-2,MINISTERIO PUBLICO,RESOLUCION,N° 2703-2024-MP-FN,Nombran fiscal adjunta provincial provisional del Distrito Fiscal de Lima Centro,https://busquedas.elperuano.pe/dispositivo/NL/2347996-2,20241130
20241127,2347996-3,MINISTERIO PUBLICO,RESOLUCION,N° 2704-2024-MP-FN,Nombran fiscales provinciales provisionales del Distrito Fiscal de Lima Centro,https://busquedas.elperuano.pe/dispositivo/NL/2347996-3,20241130
20241127,2347996-4,MINISTERIO PUBLICO,RESOLUCION,N° 2705-2024-MP-FN,Nombran fiscal suprema provisional designándola en el despacho de la Primera Fiscalía Suprema Transitoria Especializada en Delitos Cometidos por Funcionarios Públicos y dictan otras disposiciones,https://busquedas.elperuano.pe/dispositivo/NL/2347996-4,20241130
20241127,2348032-1,MINISTERIO PUBLICO,RESOLUCION,N° 2706-2024-MP-FN,Nombran fiscal adjunto superior provisional del Distrito Fiscal de Lima Centro,https://busquedas.elperuano.pe/dispositivo/NL/2348032-1,20241130
20241127,2348032-2,MINISTERIO PUBLICO,RESOLUCION,N° 2707-2024-MP-FN,Dejan sin efecto la Resolución de la Fiscalía de la Nación N° 2341-2024-MP-FN,https://busquedas.elperuano.pe/dispositivo/NL/2348032-2,20241130
20241127,2348163-1,REGISTRO NACIONAL DE IDENTIFICACION Y ESTADO CIVIL,RESOLUCION JEFATURAL,N° 000178-2024/JNAC/RENIEC,Designan Asesor de la Jefatura Nacional Director de Registros de Identificación y Jefa de la Unidad de Gestión de Personal de la Oficina de Potencial Humano del RENIEC,https://busquedas.elperuano.pe/dispositivo/NL/2348163-1,20241130
20241127,2347749-1,"SUPERINTENDENCIA DE BANCA, SEGUROS Y ADMINISTRADORAS PRIVADAS DE FONDOS DE PENSIONES",RESOLUCION,SBS N° 04027-2024,Autorizan difusión en consulta pública del proyecto normativo que modifica el literal a) del párrafo 1.1 del artículo 1 y los literales a) y b) del párrafo 5.2 del artículo 5 del Reglamento de Cuentas Básicas aprobado mediante Resolución SBS N° 2891-2018 y sus normas modificatorias así como el literal a) del artículo 5 el segundo párrafo del artículo 7 y el tercer párrafo del artículo 8 del Reglamento de Operaciones con Dinero Electrónico aprobado mediante Resolución SBS N° 6283-2013 y sus normas modificatorias,https://busquedas.elperuano.pe/dispositivo/NL/2347749-1,20241130
20241127,2347324-1,"SUPERINTENDENCIA DE BANCA, SEGUROS Y ADMINISTRADORAS PRIVADAS DE FONDOS DE PENSIONES",RESOLUCION,SBS N° 03997-2024,Declaran el sometimiento a régimen de intervención de la Cooperativa de Ahorro y Crédito Credi Chancay,https://busquedas.elperuano.pe/dispositivo/NL/2347324-1,20241130
20241127,2346860-1,GOBIERNO REGIONAL DE JUNIN,RESOLUCION DIRECTORAL,N° 0000094-2024/GRJ/GRDE/DREM/DR,Otorgan Concesión Definitiva para el Desarrollo de Actividades de Distribución Eléctrica II a favor de la Empresa de Distribución y Comercialización de Electricidad San Ramón S.A. (EDELSA) en el distrito de Pangoa provincia de Satipo y departamento de Junín,https://busquedas.elperuano.pe/dispositivo/NL/2346860-1,20241130
20241127,2347549-1,MUNICIPALIDAD METROPOLITANA DE LIMA,ACUERDO,N° 424,Acuerdo de Concejo que acepta la donación de una pintura acrílico sobre lienzo,https://busquedas.elperuano.pe/dispositivo/NL/2347549-1,20241130
20241127,2347555-1,MUNICIPALIDAD METROPOLITANA DE LIMA,ACUERDO,N° 436,Autorizan viaje de funcionario de la Subgerencia de Gestión de Contratos con Participación Privada a la ciudad de Washington DC – Estados Unidos de América para audiencia de arbitraje internacional,https://busquedas.elperuano.pe/dispositivo/NL/2347555-1,20241130
20241127,2347557-1,MUNICIPALIDAD METROPOLITANA DE LIMA,ACUERDO,N° 437,Autorizan viaje de funcionarios de la Procuraduría Pública Municipal a la ciudad de Washington DC – Estados Unidos de América para audiencia de arbitraje internacional,https://busquedas.elperuano.pe/dispositivo/NL/2347557-1,20241130
20241127,2347245-1,MUNICIPALIDAD DE ANCON,ORDENANZA,N° 525-2024/MDA,Otorgan beneficios tributarios y no tributarios a favor de contribuyentes,https://busquedas.elperuano.pe/dispositivo/NL/2347245-1,20241130
20241127,2342763-1,MUNICIPALIDAD DE CARABAYLLO,DECRETO DE ALCALDIA,N° 12-2024/MDC,Prorrogan vigencia de la Ordenanza Nº 497-MDC de Regularización de Licencia de Edificación Conformidad de Obra y Declaratoria de Edificación en el distrito de Carabayllo,https://busquedas.elperuano.pe/dispositivo/NL/2342763-1,20241130
20241127,2346466-1,MUNICIPALIDAD DE LURIN,ORDENANZA,N° 511-2024/MDL,Ordenanza Municipal que declara de interés prioritario el fortalecimiento de la Identidad Distrital de Lurín,https://busquedas.elperuano.pe/dispositivo/NL/2346466-1,20241130
20241127,2344890-1,MUNICIPALIDAD DE SANTA ROSA,ORDENANZA,N° 574/MDSR,Ordenanza que aprueba el Reglamento del Beneficio de Regularización de Edificaciones Sin Licencia y la Conformidad de Obra y Declaratoria de Edificación,https://busquedas.elperuano.pe/dispositivo/NL/2344890-1,20241130
20241126,2348176-1,PRESIDENCIA DEL CONSEJO DE MINISTROS,DECRETO SUPREMO,N° 129-2024-PCM,Decreto Supremo que prorroga el Estado de Emergencia declarado en los distritos de Ate Ancón Carabayllo Comas Independencia Los Olivos Lurigancho - Chosica Puente Piedra Rímac San Martín de Porres San Juan de Lurigancho Santa Rosa y Villa El Salvador de la provincia de Lima del departamento de Lima y en el distrito de Ventanilla de la Provincia Constitucional del Callao,https://busquedas.elperuano.pe/dispositivo/NL/2348176-1,20241130
20241126,2348174-1,PRESIDENCIA DEL CONSEJO DE MINISTROS,RECTIFICACION,R.J. N° 00131-2024-ANIN-JEF,.,https://busquedas.elperuano.pe/dispositivo/NL/2348174-1,20241130
20241126,2347716-1,PRESIDENCIA DEL CONSEJO DE MINISTROS,RESOLUCION MINISTERIAL,N° 321-2024-PCM,Autorizan viaje de Secretaria de la Secretaría de Descentralización para participar en evento a realizarse en la República Francesa,https://busquedas.elperuano.pe/dispositivo/NL/2347716-1,20241130
20241126,2347717-2,PRESIDENCIA DEL CONSEJO DE MINISTROS,RESOLUCION SUPREMA,N° 245-2024-PCM,Autorizan viaje del Presidente del Consejo de Ministros a la República Francesa y encargan su Despacho al Ministro de Relaciones Exteriores,https://busquedas.elperuano.pe/dispositivo/NL/2347717-2,20241130
20241126,2347614-1,AMBIENTE,RESOLUCION MINISTERIAL,N° 00414-2024-MINAM,Declaran en Emergencia Ambiental área geográfica y aprueban Plan de Acción Inmediato y a Corto Plazo para su atención,https://busquedas.elperuano.pe/dispositivo/NL/2347614-1,20241130
20241126,2348165-1,CULTURA,RESOLUCION MINISTERIAL,N° 000429-2024-MC,Modifican el numeral 1.68 del Anexo 1 Ingreso a bienes Inmuebles prehispánicos museos e instituciones museales a cargo del Ministerio de Cultura del Tarifario Único de Servicios No Exclusivos brindados por el Ministerio de Cultura para el Ejercicio Fiscal 2024,https://busquedas.elperuano.pe/dispositivo/NL/2348165-1,20241130
20241126,2347673-1,DEFENSA,RESOLUCION MINISTERIAL,N° 01661-2024-DE,Aprueban criterios de priorización del Sector Defensa actualizados para el Programa Multianual de Inversiones (PMI) 2026 - 2028,https://busquedas.elperuano.pe/dispositivo/NL/2347673-1,20241130
20241126,2347559-1,DESARROLLO AGRARIO Y RIEGO,RESOLUCION,N° 353-2024-MIDAGRI-DVDAFIR-AGRO RURAL-DE,Designan Jefe de la Unidad de Gestión de Recursos Humanos del Programa de Desarrollo Productivo Agrario Rural — AGRO RURAL,https://busquedas.elperuano.pe/dispositivo/NL/2347559-1,20241130
20241126,2347509-1,DESARROLLO E INCLUSIÓN SOCIAL,RESOLUCION,N° 002253-2024-MIDIS/PNCM-DE,Designan Coordinador de Servicios del Programa de la Unidad Técnica de Atención Integral del Programa Nacional Cuna Más,https://busquedas.elperuano.pe/dispositivo/NL/2347509-1,20241130
20241126,2347465-1,ECONOMIA Y FINANZAS,RESOLUCION MINISTERIAL,N° 371-2024-EF/50,Resolución Ministerial que aprueba los índices de distribución de la regalía minera correspondientes al mes de octubre del año 2024,https://busquedas.elperuano.pe/dispositivo/NL/2347465-1,20241130
20241126,2347466-1,ECONOMIA Y FINANZAS,RESOLUCION MINISTERIAL,N° 372-2024-EF/10,Designan representante del Ministerio de Economía y Finanzas ante la Comisión Ad Hoc creada con la Ley N° 29625 Ley de devolución de dinero del FONAVI a los trabajadores que contribuyeron al mismo,https://busquedas.elperuano.pe/dispositivo/NL/2347466-1,20241130
20241126,2347636-1,ENERGIA Y MINAS,RESOLUCION MINISTERIAL,N° 438-2024-MINEM/DM,Disponen la publicación del proyecto de Decreto Supremo que modifica el Anexo 1 del Reglamento para la Protección Ambiental en las Actividades de Hidrocarburos respecto a la Clasificación Anticipada de Estudios Ambientales para la Actividad de Petroquímica,https://busquedas.elperuano.pe/dispositivo/NL/2347636-1,20241130
20241126,2347506-1,ENERGIA Y MINAS,RESOLUCION MINISTERIAL,N° 435-2024-MINEM/DM,Disponen publicación del proyecto de Decreto Supremo que modifica el artículo 42-A del Reglamento para la Protección Ambiental en las Actividades de Hidrocarburos aprobado por Decreto Supremo N° 039-2014-EM e incorpora el Anexo N° 5 y su Exposición de Motivos,https://busquedas.elperuano.pe/dispositivo/NL/2347506-1,20241130
20241126,2347607-1,ENERGIA Y MINAS,RESOLUCION MINISTERIAL,N° 432-2024-MINEM/DM,Aprueban a GR VALE S.A.C. como empresa calificada para el Régimen Especial de Recuperación Anticipada del IGV según el D.Leg. N° 973 para el desarrollo del proyecto Central Solar Fotovoltaica Lupi,https://busquedas.elperuano.pe/dispositivo/NL/2347607-1,20241130
20241126,2347718-1,JUSTICIA Y DERECHOS HUMANOS,DECRETO SUPREMO,N° 014-2024-JUS,Decreto Supremo que declara en emergencia el Sistema Nacional Penitenciario y el Instituto Nacional Penitenciario y establece la elaboración de la Estrategia Sectorial de Emergencia Penitenciaria,https://busquedas.elperuano.pe/dispositivo/NL/2347718-1,20241130
20241126,2347719-1,PRODUCE,RESOLUCION MINISTERIAL,N° 000462-2024-PRODUCE,Modifican la R.M. N° 00002-2024-PRODUCE que delegó facultades y atribuciones a diversos funcionarios del Ministerio sus programas nacionales y organismos públicos adscritos durante el Año Fiscal 2024,https://busquedas.elperuano.pe/dispositivo/NL/2347719-1,20241130
20241126,2347721-1,PRODUCE,RESOLUCION MINISTERIAL,N° 000463-2024-PRODUCE,Autorizan viaje de servidores del CITEacuícola pesquero Ahuashiyacu del Instituto Tecnológico de la Producción - ITP a Colombia en comisión de servicios,https://busquedas.elperuano.pe/dispositivo/NL/2347721-1,20241130
20241126,2347649-1,RELACIONES EXTERIORES,RESOLUCION MINISTERIAL,N° 0877-2024-RE,Autorizan viaje de comisionados a la ciudad de Punta Arenas República de Chile así como al continente Antártico en comisión de servicios,https://busquedas.elperuano.pe/dispositivo/NL/2347649-1,20241130
20241126,2347410-1,SALUD,RESOLUCION MINISTERIAL,N° 816-2024/MINSA,Aprueban Criterios de Priorización del Sector Salud,https://busquedas.elperuano.pe/dispositivo/NL/2347410-1,20241130
20241126,2347415-1,TRANSPORTES Y COMUNICACIONES,RESOLUCION MINISTERIAL,N° 683-2024-MTC/01.02,Autorizan viaje de inspector de la Dirección General de Aeronáutica Civil a los Estados Unidos de América en comisión de servicios,https://busquedas.elperuano.pe/dispositivo/NL/2347415-1,20241130
20241126,2347715-1,"VIVIENDA, CONSTRUCCIÓN Y SANEAMIENTO",RESOLUCION MINISTERIAL,N° 435-2024-VIVIENDA,Disponen la publicación del proyecto de Resolución Ministerial que modifica la Resolución Ministerial N° 036-2017-VIVIENDA a efectos de aprobar la Ficha Técnica Ambiental (FTA) para los proyectos de inversión del Sector Saneamiento ubicados en Áreas Naturales Protegidas (ANP) Zonas de Amortiguamiento (ZA) y/o Áreas de Conservación Regional (ACR) no comprendidos en el Sistema Nacional de Evaluación del Impacto Ambiental,https://busquedas.elperuano.pe/dispositivo/NL/2347715-1,20241130
20241126,2347691-1,ORGANISMO SUPERVISOR DE INVERSION PRIVADA EN TELECOMUNICACIONES,RESOLUCION,N° 00080-2024-PE/OSIPTEL,Designan Director de la Oficina de Planeamiento Presupuesto y Modernización y Director de la Oficina de Administración y Finanzas del OSIPTEL,https://busquedas.elperuano.pe/dispositivo/NL/2347691-1,20241130
20241126,2347626-1,AUTORIDAD NACIONAL DEL AGUA,RESOLUCION JEFATURAL,N° 0456-2024-ANA,Designan Subdirector de la Unidad de Recursos Humanos de la Oficina de Administración de la Autoridad Nacional del Agua,https://busquedas.elperuano.pe/dispositivo/NL/2347626-1,20241130
20241126,2347585-1,INSTITUTO NACIONAL DE DEFENSA DE LA COMPETENCIA Y DE LA PROTECCION DE LA PROPIEDAD INTELECTUAL,RESOLUCION,N° 0628-2024/SEL-INDECOPI,Declaran barreras burocráticas ilegales diversas disposiciones del Reglamento del Decreto Legislativo de Migraciones y del Texto Único de Procedimientos Administrativos de la Superintendencia Nacional de Migraciones,https://busquedas.elperuano.pe/dispositivo/NL/2347585-1,20241130
20241126,2347505-1,CONSEJO EJECUTIVO DEL PODER JUDICIAL,RESOLUCION ADMINISTRATIVA,N° 000396-2024-CE-PJ,Disponen implementación del Expediente Judicial Electrónico (EJE) y la Mesa de Partes Electrónica (MPE) para la especialidad Civil – subespecialidad Comercial en diversos órganos jurisdiccionales de la Corte Superior de Justicia de Arequipa,https://busquedas.elperuano.pe/dispositivo/NL/2347505-1,20241130
20241126,2347510-1,CONSEJO EJECUTIVO DEL PODER JUDICIAL,RESOLUCION ADMINISTRATIVA,N° 000397-2024-CE-PJ,Disponen implementación del Expediente Judicial Electrónico (EJE) y la Mesa de Partes Electrónica (MPE) para la especialidad Laboral - subespecialidad Contencioso Administrativo Laboral y Previsional en diversos órganos jurisdiccionales de la Corte Superior de Justicia de Lima Norte,https://busquedas.elperuano.pe/dispositivo/NL/2347510-1,20241130
20241126,2347511-1,CONSEJO EJECUTIVO DEL PODER JUDICIAL,RESOLUCION ADMINISTRATIVA,N° 000398-2024-CE-PJ,Disponen implementación del Expediente Judicial Electrónico (EJE) y la Mesa de Partes Electrónica (MPE) para la especialidad Laboral - subespecialidad Contencioso Administrativo Laboral y Previsional en diversos órganos jurisdiccionales de la Corte Superior de Justicia de Piura,https://busquedas.elperuano.pe/dispositivo/NL/2347511-1,20241130
20241126,2347526-1,CONSEJO EJECUTIVO DEL PODER JUDICIAL,RESOLUCION ADMINISTRATIVA,N° 000399-2024-CE-PJ,Disponen ampliación de la implementación del Expediente Judicial Electrónico (EJE) y la Mesa de Partes Electrónica (MPE) para la especialidad Laboral – Nueva Ley Procesal del Trabajo (NLPT) en diversos órganos jurisdiccionales de la Corte Superior de Justicia de Cañete,https://busquedas.elperuano.pe/dispositivo/NL/2347526-1,20241130
20241126,2347529-1,CONSEJO EJECUTIVO DEL PODER JUDICIAL,RESOLUCION ADMINISTRATIVA,N° 000400-2024-CE-PJ,Disponen elección presencial del presidente de Corte Superior para el periodo 2025-2026 el 5 de diciembre de 2024 con votación secreta,https://busquedas.elperuano.pe/dispositivo/NL/2347529-1,20241130
20241126,2347553-1,CONSEJO EJECUTIVO DEL PODER JUDICIAL,RESOLUCION ADMINISTRATIVA,N° 000401-2024-CE-PJ,Declaran fundada solicitud presentada por Jueza Especializada en lo Penal titular de la Provincia de Coronel Portillo Distrito Judicial de Ucayali y prorrogan su destaque en el 20º Juzgado Penal Liquidador del Distrito Judicial de Lima,https://busquedas.elperuano.pe/dispositivo/NL/2347553-1,20241130
20241126,2347680-1,CONSEJO EJECUTIVO DEL PODER JUDICIAL,RESOLUCION ADMINISTRATIVA,N° 000144-2024-P-CE-PJ,Declaran Duelo Judicial laborable en la Capital de la República el 26 de noviembre por fallecimiento de Juez Supremo titular cesante y ex Presidente del Poder Judicial,https://busquedas.elperuano.pe/dispositivo/NL/2347680-1,20241130
20241126,2332596-1,INSTITUCIONES EDUCATIVAS,RESOLUCION,N° CU-492-2024-UNSAAC,Conceden licencia con goce de haber a favor del decano de la Facultad de Ciencias de la Salud y docente ordinario de la Universidad Nacional de San Antonio Abad del Cusco con la finalidad de realizar pasantía en España,https://busquedas.elperuano.pe/dispositivo/NL/2332596-1,20241130
20241126,2336400-1,INSTITUCIONES EDUCATIVAS,RESOLUCION,N° CU-512-2024-UNSAAC,Conceden licencia a docente de la Universidad Nacional de San Antonio Abad del Cusco para participar en evento que se realizará en los EE.UU.,https://busquedas.elperuano.pe/dispositivo/NL/2336400-1,20241130
20241126,2347709-1,MINISTERIO PUBLICO,RESOLUCION,N° 2699-2024-MP-FN,Designan gerente general del Ministerio Público,https://busquedas.elperuano.pe/dispositivo/NL/2347709-1,20241130
20241126,2347588-1,MINISTERIO PUBLICO,RESOLUCION,N° 2691-2024-MP-FN,Designan fiscales en diversos despachos y nombran fiscales en el Distrito Fiscal de Lima Centro,https://busquedas.elperuano.pe/dispositivo/NL/2347588-1,20241130
20241126,2346765-1,"SUPERINTENDENCIA DE BANCA, SEGUROS Y ADMINISTRADORAS PRIVADAS DE FONDOS DE PENSIONES",RESOLUCION,SBS N° 03993-2024,Sustituyen el Reporte N° 11 denominado Activos Transferidos al Fondo de Seguro de Depósitos del Capítulo V Información Complementaria del Manual de Contabilidad para las Empresas del Sistema Financiero,https://busquedas.elperuano.pe/dispositivo/NL/2346765-1,20241130
20241126,2345672-1,GOBIERNO REGIONAL DE AREQUIPA,ACUERDO,N° 221-2024-GRA/CR-AREQUIPA,Autorizan transferencia financiera a favor del Ministerio de Vivienda Construcción y Saneamiento y del Fondo Mi Vivienda,https://busquedas.elperuano.pe/dispositivo/NL/2345672-1,20241130
20241126,2346785-1,GOBIERNO REGIONAL DE AREQUIPA,ORDENANZA,N° 525-AREQUIPA,Ordenanza Regional para prevenir la violencia de género a través de la protección de los derechos de las niñas y mujeres en su diversidad que brindan servicios labores y actividades de cuidado,https://busquedas.elperuano.pe/dispositivo/NL/2346785-1,20241130
20241126,2347250-1,GOBIERNO REGIONAL DE PIURA,ACUERDO,N° 2353-2024/GRP-CR,Autorizan Transferencias Financieras a favor de la Autoridad Nacional de Infraestructura (ANIN),https://busquedas.elperuano.pe/dispositivo/NL/2347250-1,20241130
20241126,2347966-1,MUNICIPALIDAD DE LOS OLIVOS,ACUERDO,N° 046-2024/CDLO,Autorizan viaje de alcalde para asistir a evento de la Fundación INCLUSOCIAL que se realizará en Colombia,https://busquedas.elperuano.pe/dispositivo/NL/2347966-1,20241130
20241126,2346372-1,MUNICIPALIDAD DE LURIN,ORDENANZA,N° 509-2024/MDL,Ordenanza Municipal que aprueba el programa Beca – Beneficio Estudiantil por Calidad Académica en favor de los alumnos de las Instituciones Educativas Públicas de las cinco (5) zonas del distrito de Lurín y aprueba su Reglamento,https://busquedas.elperuano.pe/dispositivo/NL/2346372-1,20241130
20241126,2346458-1,MUNICIPALIDAD DE LURIN,ORDENANZA,N° 508-2024/MDL,Ordenanza Municipal que aprueba el Reglamento que regula el proceso de elección de los representantes de la sociedad civil ante el Consejo de Coordinación Local Distrital de Lurín,https://busquedas.elperuano.pe/dispositivo/NL/2346458-1,20241130
20241126,2343565-1,MUNICIPALIDAD DISTRITAL DE AMARILIS,ACUERDO,N° 285-2024-MDA/CM,Autorizan viaje de alcalde a Colombia en comisión de servicios,https://busquedas.elperuano.pe/dispositivo/NL/2343565-1,20241130
20241125,2347232-1,DEFENSA,RESOLUCION MINISTERIAL,N° 01656-2024-DE,Autorizan viaje de oficiales y personal naval de la Marina de Guerra del Perú a Brasil y Colombia en comisión de servicios,https://busquedas.elperuano.pe/dispositivo/NL/2347232-1,20241130
20241125,2347233-1,DEFENSA,RESOLUCION MINISTERIAL,N° 01658-2024-DE,Autorizan viaje de personal del Ministerio de Defensa a Brasil en comisión de servicio,https://busquedas.elperuano.pe/dispositivo/NL/2347233-1,20241130
20241125,2347523-1,DESARROLLO AGRARIO Y RIEGO,RESOLUCION,N° D000274-2024-MIDAGRI-SERFOR-DE,Designan Director de la Dirección de Gestión Sostenible del Patrimonio Forestal del SERFOR,https://busquedas.elperuano.pe/dispositivo/NL/2347523-1,20241130
20241125,2347234-1,DESARROLLO E INCLUSIÓN SOCIAL,RESOLUCION,N° 000206-2024-FONCODES-DE,Designan Jefe de la Unidad de Tecnologías de la Información del FONCODES,https://busquedas.elperuano.pe/dispositivo/NL/2347234-1,20241130
20241125,2347235-1,DESARROLLO E INCLUSIÓN SOCIAL,RESOLUCION MINISTERIAL,N° D000178-2024-MIDIS,Aprueban la Directiva N° 010-2024-MIDIS denominada Directiva que regula la operatividad del Sistema de Focalización de Hogares (SISFOH),https://busquedas.elperuano.pe/dispositivo/NL/2347235-1,20241130
20241125,2347197-1,DESARROLLO E INCLUSIÓN SOCIAL,RESOLUCION MINISTERIAL,N° D000176-2024-MIDIS,Designan Directora de la Dirección de Articulación de las Prestaciones Sociales,https://busquedas.elperuano.pe/dispositivo/NL/2347197-1,20241130
20241125,2347198-1,DESARROLLO E INCLUSIÓN SOCIAL,RESOLUCION MINISTERIAL,N° D000177-2024-MIDIS,Designan Directora de la Dirección de Articulación Territorial y Fortalecimiento de Capacidades de la Dirección General de Implementación de Políticas y Articulación Territorial,https://busquedas.elperuano.pe/dispositivo/NL/2347198-1,20241130
20241125,2346867-1,DESARROLLO E INCLUSIÓN SOCIAL,RESOLUCION MINISTERIAL,N° D000171-2024-MIDIS,Designan Jefe de la Oficina de Abastecimiento de la Oficina General de Administración,https://busquedas.elperuano.pe/dispositivo/NL/2346867-1,20241130
20241125,2346871-1,DESARROLLO E INCLUSIÓN SOCIAL,RESOLUCION MINISTERIAL,N° D000174-2024-MIDIS,Aprueban los siete criterios de priorización del Sector Desarrollo e Inclusión Social para su aplicación en la fase de programación multianual de inversiones correspondiente al periodo 2026-2028 de los tres niveles de gobierno,https://busquedas.elperuano.pe/dispositivo/NL/2346871-1,20241130
20241125,2347419-1,ECONOMIA Y FINANZAS,RESOLUCION MINISTERIAL,N° 370-2024-EF/41,Actualizan los Criterios de Priorización del Sector Economía y Finanzas,https://busquedas.elperuano.pe/dispositivo/NL/2347419-1,20241130
20241125,2347539-1,ENERGIA Y MINAS,RESOLUCION MINISTERIAL,N° 439-2024-MINEM/DM,Disponen la publicación del proyecto de Decreto Supremo que aprueba el Reglamento de Generación Distribuida conectada a Sistemas de Utilización de los Usuarios del Servicio Público de Electricidad,https://busquedas.elperuano.pe/dispositivo/NL/2347539-1,20241130
20241125,2347300-1,INTERIOR,RESOLUCION MINISTERIAL,N° 1443-2024-IN,Designan Director de la Oficina de Control Patrimonial de la Oficina General de Administración y Finanzas,https://busquedas.elperuano.pe/dispositivo/NL/2347300-1,20241130
20241125,2347576-1,TRANSPORTES Y COMUNICACIONES,RESOLUCION MINISTERIAL,N° 685-2024-MTC/01,Apueban los Criterios de Priorización del Sector Transportes y Comunicaciones de aplicación en los tres niveles de gobierno en el marco del Sistema Nacional de Programación Multianual y Gestión de Inversiones,https://busquedas.elperuano.pe/dispositivo/NL/2347576-1,20241130
20241125,2347638-1,"VIVIENDA, CONSTRUCCIÓN Y SANEAMIENTO",RESOLUCION MINISTERIAL,N° 434-2024-VIVIENDA,Amplían plazo de vigencia del Grupo de Trabajo para la modificación de la Norma Técnica IS.010 Instalaciones sanitarias para edificaciones del Reglamento Nacional de Edificaciones creado por Resolución Ministerial N° 269-2024-VIVIENDA,https://busquedas.elperuano.pe/dispositivo/NL/2347638-1,20241130
20241125,2347166-1,CENTRAL DE COMPRAS PÚBLICAS,RESOLUCION JEFATURAL,N° 000196-2024-PERÚ COMPRAS-JEFATURA,Designan Director de la Dirección de Análisis de Mercado de la Central de Compras Públicas - PERÚ COMPRAS,https://busquedas.elperuano.pe/dispositivo/NL/2347166-1,20241130
20241125,2347237-1,SUPERINTENDENCIA NACIONAL DE BIENES ESTATALES,RESOLUCION,N° 0066-2024/SBN,Modifican los Lineamientos N° LIN-001-2021/SBN denominados Lineamientos para la Determinación de la Zona de Dominio Restringido aprobados con Resolución N° 0059-2021/SBN,https://busquedas.elperuano.pe/dispositivo/NL/2347237-1,20241130
20241125,2346655-1,ORGANISMO SUPERVISOR DE LA INVERSIÓN EN ENERGÍA Y MINERÍA,RESOLUCION,N° 190-2024-OS/CD,Resolución que dispone la publicación del nuevo Procedimiento Técnico del COES N° 31 Cálculo de los Costos Variables de las Unidades de Generación y modifica el Glosario de Abreviaturas y Definiciones Utilizadas en los Procedimientos Técnicos del COES,https://epdoc2.elperuano.pe/EpPo/VistaNLSE.asp?Referencias=MjM0NjY1NS0xMjAyNDExMjU=,20241130
20241125,2347236-1,ORGANISMO TÉCNICO DE LA ADMINISTRACIÓN DE LOS SERVICIOS DE SANEAMIENTO,ACUERDO,N° 20-2024-CONSEJO DIRECTIVO,Acuerdos adoptados sobre designación de Gerentes de Empresas Prestadoras de Servicios de Agua Potable y Saneamiento - EPS,https://busquedas.elperuano.pe/dispositivo/NL/2347236-1,20241130
20241125,2345383-1,CONSEJO EJECUTIVO DEL PODER JUDICIAL,RESOLUCION ADMINISTRATIVA,N° 000386-2024-CE-PJ,Prorrogan por el término de tres meses el funcionamiento de la Sala Civil Transitoria de la Corte Suprema de Justicia de la República,https://busquedas.elperuano.pe/dispositivo/NL/2345383-1,20241130
20241125,2347706-1,MINISTERIO PUBLICO,RESOLUCION,N° 2698-2024-MP-FN,Aceptan renuncia de gerente general del Ministerio Público,https://busquedas.elperuano.pe/dispositivo/NL/2347706-1,20241130
20241125,2347589-1,MINISTERIO PUBLICO,RESOLUCION,N° 2692-2024-MP-FN,Nombran fiscal adjunto provincial provisional del Distrito Fiscal de Lima Centro,https://busquedas.elperuano.pe/dispositivo/NL/2347589-1,20241130
20241125,2347238-1,REGISTRO NACIONAL DE IDENTIFICACION Y ESTADO CIVIL,RESOLUCION JEFATURAL,N° 000175-2024/JNAC/RENIEC,Autorizan viaje de servidores del RENIEC a Chile en comisión de servicios,https://busquedas.elperuano.pe/dispositivo/NL/2347238-1,20241130
20241125,2346302-1,"SUPERINTENDENCIA DE BANCA, SEGUROS Y ADMINISTRADORAS PRIVADAS DE FONDOS DE PENSIONES",RESOLUCION,SBS N° 03960-2024,Autorizan viaje de funcionario para participar en evento a realizarse en la República del Paraguay,https://busquedas.elperuano.pe/dispositivo/NL/2346302-1,20241130
20241125,2346610-1,"SUPERINTENDENCIA DE BANCA, SEGUROS Y ADMINISTRADORAS PRIVADAS DE FONDOS DE PENSIONES",RESOLUCION,SBS N° 03986-2024,Sustituyen el Reporte N° 25-A denominado Detalle de Transferencias de Cartera Crediticia (directa e indirecta) Realizadas Durante el Trimestre del Capítulo V Información Complementaria del Manual de Contabilidad para las Empresas del Sistema Financiero,https://busquedas.elperuano.pe/dispositivo/NL/2346610-1,20241130
20241125,2346897-1,"SUPERINTENDENCIA DE BANCA, SEGUROS Y ADMINISTRADORAS PRIVADAS DE FONDOS DE PENSIONES",RESOLUCION,SBS N° 04001-2024,Autorizan viaje de funcionarios para participar en evento que se realizará en Paraguay,https://busquedas.elperuano.pe/dispositivo/NL/2346897-1,20241130
20241125,2347033-1,"SUPERINTENDENCIA DE BANCA, SEGUROS Y ADMINISTRADORAS PRIVADAS DE FONDOS DE PENSIONES",RESOLUCION,N° 04000-2024,Aprueban bases y anexos del Concurso Público Nº 002-2024 para la selección de la persona natural a la que se le encargará la conducción del proceso liquidatorio de la Cooperativa de Ahorro y Crédito Credicoop Arequipa en Liquidación,https://busquedas.elperuano.pe/dispositivo/NL/2347033-1,20241130
20241125,2346576-1,MUNICIPALIDAD DE LA MOLINA,ORDENANZA,N° 454/MDLM y Acuerdo N° 416,Ordenanza que prorroga para el Ejercicio 2025 el régimen tributario de los arbitrios municipales de limpieza pública (barrido de calles y recolección de residuos sólidos) parques y jardines públicos y serenazgo aprobados para el Ejercicio 2024,https://epdoc2.elperuano.pe/EpPo/VistaNLSE.asp?Referencias=MjM0NjU3Ni0xMjAyNDExMjU=,20241130
20241125,2346568-1,MUNICIPALIDAD DISTRITAL DE LA HUACA,RESOLUCION DE ALCALDIA,N° 0154-2024-MDLH-A,Encargan el despacho de alcaldía de la Municipalidad Distrital de la Huaca a Regidora para ejercer funciones políticas a partir del 28 29 y 30 de noviembre de 2024 teniendo que viajar a la Ciudad de Macara - Loja - Ecuador para participar en evento,https://busquedas.elperuano.pe/dispositivo/NL/2346568-1,20241130
20241124,2347218-1,PRESIDENCIA DEL CONSEJO DE MINISTROS,RESOLUCION JEFATURAL,N° 00131-2024-ANIN-JEF,Modifican la Resolución Jefatural N° 004-2024-ANIN-JEFATURA que delega facultades en diversos funcionarios de la Autoridad Nacional de Infraestructura durante el año fiscal 2024,https://busquedas.elperuano.pe/dispositivo/NL/2347218-1,20241130
20241124,2347224-1,PRESIDENCIA DEL CONSEJO DE MINISTROS,RESOLUCION JEFATURAL,N° 00130-2024-ANIN-JEF,Aprueban ejecución de expropiación de área afectada de inmueble por la ejecución del Proyecto: Mejoramiento y ampliación del servicio de protección ante inundaciones y movimiento de masas en la quebrada Huaycoloro Distrito de San Antonio - Provincia de Huarochirí - Departamento de Lima con CUI 2525796,https://busquedas.elperuano.pe/dispositivo/NL/2347224-1,20241130
20241124,2347209-1,PRESIDENCIA DEL CONSEJO DE MINISTROS,RESOLUCION MINISTERIAL,N° 318-2024-PCM,Autorizan viaje de funcionario de OSINERGMIN para participar en eventos a realizarse en la República Francesa y en el Reino Unido de Gran Bretaña e Irlanda del Norte,https://busquedas.elperuano.pe/dispositivo/NL/2347209-1,20241130
20241124,2347220-1,CULTURA,RESOLUCION DIRECTORAL,N° 000195-2024-DGPA-VMPCIC/MC,Determinan la Protección Provisional del Paisaje Arqueológico Qhapaq Ñan tramo Acostambo – Churcampa sector Uchuytucu ubicado en el distrito de Paucarbamba provincia de Churcampa departamento de Huancavelica,https://busquedas.elperuano.pe/dispositivo/NL/2347220-1,20241130
20241124,2346896-1,CULTURA,RESOLUCION DIRECTORAL,N° 000193-2024-DGPA-VMPCIC/MC,Determinan la Protección Provisional del Sitio arqueológico Huaca Ortiz ubicado en el distrito de Sunampe provincia de Chincha departamento de Ica,https://busquedas.elperuano.pe/dispositivo/NL/2346896-1,20241130
20241124,2346907-1,CULTURA,RESOLUCION DIRECTORAL,N° 000194-2024-DGPA-VMPCIC/MC,Prorrogan plazo de determinación de la protección provisional del sitio arqueológico Uchaa Wanka sector 1 y 2 ubicado en el distrito de Ahuac provincia de Chupaca y departamento de Junín,https://busquedas.elperuano.pe/dispositivo/NL/2346907-1,20241130
20241124,2347084-1,CULTURA,RESOLUCION DIRECTORAL,N° 000197-2024-DGPA-VMPCIC/MC,Determinan la Protección Provisional del Sitio Arqueológico Cerro La Gruta ubicado en el distrito de Oyotún provincia de Chiclayo departamento de Lambayeque,https://busquedas.elperuano.pe/dispositivo/NL/2347084-1,20241130
20241124,2347043-1,DEFENSA,RESOLUCION MINISTERIAL,N° 01647-2024-DE,Autorizan viaje de oficial de la Marina de Guerra del Perú al Reino Unido de Gran Bretaña e Irlanda del Norte en comisión de servicios,https://busquedas.elperuano.pe/dispositivo/NL/2347043-1,20241130
20241124,2347182-1,DEFENSA,RESOLUCION MINISTERIAL,N° 01652-2024-DE,Autorizan viaje de oficial FAP a Honduras en misión de estudios,https://busquedas.elperuano.pe/dispositivo/NL/2347182-1,20241130
20241124,2347214-1,DEFENSA,RESOLUCION MINISTERIAL,N° 01655-2024-DE,Autorizan viaje de Sub Director de Gestión Operativa de la Dirección de Respuesta del INDECI a Chile en comisión de servicios,https://busquedas.elperuano.pe/dispositivo/NL/2347214-1,20241130
20241124,2346151-1,DEFENSA,RESOLUCION MINISTERIAL,N° 01634-2024-DE,Autorizan viaje de personal militar FAP a Canadá en comisión de servicios,https://busquedas.elperuano.pe/dispositivo/NL/2346151-1,20241130
20241124,2347216-1,EDUCACION,RESOLUCION MINISTERIAL,N° 594-2024-MINEDU,Designan Jefe de la Unidad de Infraestructura Tecnológica de la Oficina de Tecnologías de la Información y Comunicación dependiente de la Secretaría de Planificación Estratégica del Ministerio,https://busquedas.elperuano.pe/dispositivo/NL/2347216-1,20241130
20241124,2347217-1,EDUCACION,RESOLUCION MINISTERIAL,N° 596-2024-MINEDU,Modifican y aprueban la versión actualizada de la Norma Técnica denominada Disposiciones para la implementación de las intervenciones y acciones pedagógicas del Ministerio de Educación en los Gobiernos Regionales Gobiernos Locales y Lima Metropolitana en el Año Fiscal 2024,https://busquedas.elperuano.pe/dispositivo/NL/2347217-1,20241130
20241124,2347222-1,EDUCACION,RESOLUCION MINISTERIAL,N° 599-2024-MINEDU,Designan Director de la Dirección Regional de Educación de Lima Metropolitana,https://busquedas.elperuano.pe/dispositivo/NL/2347222-1,20241130
20241124,2347223-1,EDUCACION,RESOLUCION MINISTERIAL,N° 600-2024-MINEDU,Modifican denominación y los Criterios de Priorización de Inversiones del Sector Educación aprobados por Resolución Ministerial N° 640-2023-MINEDU,https://busquedas.elperuano.pe/dispositivo/NL/2347223-1,20241130
20241124,2347226-1,EDUCACION,RESOLUCION MINISTERIAL,N° 598-2024-MINEDU,Autorizan viaje de Presidente del Instituto Peruano del Deporte para participar en evento a realizarse en España,https://busquedas.elperuano.pe/dispositivo/NL/2347226-1,20241130
20241124,2347229-1,INTERIOR,RESOLUCION MINISTERIAL,N° 1453 2024-IN,Autorizan viaje de personal policial a Argentina en comisión de servicios,https://busquedas.elperuano.pe/dispositivo/NL/2347229-1,20241130
20241124,2347230-1,INTERIOR,RESOLUCION MINISTERIAL,N° 1452-2024-IN,Aprueban los Criterios de Priorización de Inversiones del Sector Interior de aplicación en los tres niveles de gobierno en el marco del Sistema Nacional de Programación Multianual y Gestión de Inversiones,https://busquedas.elperuano.pe/dispositivo/NL/2347230-1,20241130
20241124,2347157-1,INTERIOR,RESOLUCION MINISTERIAL,N° 1437-2024-IN,Designan Director de la Oficina de Tesorería de la Oficina General de Administración y Finanzas,https://busquedas.elperuano.pe/dispositivo/NL/2347157-1,20241130
20241124,2347192-1,INTERIOR,RESOLUCION MINISTERIAL,N° 1441-2024-IN,Designan Director de la Oficina de Contabilidad de la Oficina General de Administración y Finanzas,https://busquedas.elperuano.pe/dispositivo/NL/2347192-1,20241130
20241124,2347227-1,JUSTICIA Y DERECHOS HUMANOS,RESOLUCION MINISTERIAL,N° 0291-2024-JUS,Autorizan viaje de Procuradora General del Estado y de Director de Aplicación Jurídico Procesal de la Procuraduría General del Estado a Paraguay en comisión de servicios,https://busquedas.elperuano.pe/dispositivo/NL/2347227-1,20241130
20241124,2347228-1,JUSTICIA Y DERECHOS HUMANOS,RESOLUCION MINISTERIAL,N° 0292-2024-JUS,Modifican el décimo considerando de la Resolución Ministerial N° 0275-2024-JUS mediante la cual se autorizó Transferencia Financiera a favor del Poder Judicial,https://busquedas.elperuano.pe/dispositivo/NL/2347228-1,20241130
20241124,2347213-1,PRODUCE,RESOLUCION,N° 890-2024-PRODUCE/PROINNOVATE,Aprueban otorgamiento de subvenciones a favor de beneficiarios destinadas a cofinanciar desembolsos de proyectos en el marco del Contrato de Préstamo N° 5287/OC-PE Programa de Innovación Modernización Tecnológica y Emprendimiento y del Fondo MIPYME Emprendedor,https://busquedas.elperuano.pe/dispositivo/NL/2347213-1,20241130
20241124,2347225-1,SALUD,RESOLUCION MINISTERIAL,N° 815-2024/MINSA,Designan Jefa de Equipo II de la Dirección de Fortalecimiento de Capacidades del Personal de la Salud de la Dirección General de Personal de la Salud,https://busquedas.elperuano.pe/dispositivo/NL/2347225-1,20241130
20241124,2347196-1,TRANSPORTES Y COMUNICACIONES,RESOLUCION MINISTERIAL,N° 678-2024-MTC/01.02,Aprueban ejecución de la expropiación de área afectada de bienes inmuebles para la ejecución de la obra: Aeropuerto Cadete FAP Guillermo del Castillo Paredes en el distrito de Tarapoto provincia y departamento de San Martín y su valor de tasación,https://busquedas.elperuano.pe/dispositivo/NL/2347196-1,20241130
20241124,2346719-1,ARCHIVO GENERAL DE LA NACION,RESOLUCION JEFATURAL,N° 000328-2024-AGN/JEF,Designan responsables titular y alterno de brindar información pública en el marco del TUO de la Ley de Transparencia y Acceso a la Información Pública y su Reglamento,https://busquedas.elperuano.pe/dispositivo/NL/2346719-1,20241130
20241124,2347231-1,ORGANISMO DE FORMALIZACIÓN DE LA PROPIEDAD INFORMAL,RESOLUCION DIRECTORAL,N° D000166-2024-COFOPRI-DE,Designan a Director de la Oficina de Administración como responsable de la Unidad Ejecutora de Inversiones del Organismo de Formalización de la Propiedad Informal – COFOPRI,https://busquedas.elperuano.pe/dispositivo/NL/2347231-1,20241130
20241124,2347109-1,ORGANISMO SUPERVISOR DE LA INVERSIÓN EN INFRAESTRUCTURA DE TRANSPORTE DE USO PÚBLICO,RESOLUCION,N° 0074 -2024-PD-OSITRAN,Declaran improcedente solicitud de interpretación de cláusulas del Contrato de Concesión del Tramo 2: Inambari - Iñapari del Proyecto Corredor Vial Interoceánico Sur Perú - Brasil formulada por la empresa Concesionaria Interoceánica Sur Tramo 2 S.A.,https://busquedas.elperuano.pe/dispositivo/NL/2347109-1,20241130
20241124,2347039-1,ORGANISMO TÉCNICO DE LA ADMINISTRACIÓN DE LOS SERVICIOS DE SANEAMIENTO,RESOLUCION,N° 000025-2024-OTASS-CD,Aprueban Lineamiento Seguimiento a la intervención asistencia técnica y revisión de la liquidación de las transferencias financieras que realiza el Organismo Técnico de la Administración de los Servicios de Saneamiento a favor de las Empresas Prestadoras de Servicios de Agua Potable y Saneamiento Públicas de accionariado municipal Versión 1,https://busquedas.elperuano.pe/dispositivo/NL/2347039-1,20241130
20241124,2347204-1,SUPERINTENDENCIA NACIONAL DE ADUANAS Y DE ADMINISTRACIÓN TRIBUTARIA,RESOLUCION,N° 000258-2024/SUNAT,Designan Gerente Jurídico Administrativo y Gerente Jurídico Laboral y Civil y de Defensa de Servidores,https://busquedas.elperuano.pe/dispositivo/NL/2347204-1,20241130
20241124,2347221-1,SUPERINTENDENCIA NACIONAL DE ADUANAS Y DE ADMINISTRACIÓN TRIBUTARIA,RESOLUCION,N° 000195-2024-SUNAT/800000,Aceptan renuncias dejan sin efecto designación y designan en cargos de confianza de la SUNAT,https://busquedas.elperuano.pe/dispositivo/NL/2347221-1,20241130
20241124,2347105-1,CONSEJO EJECUTIVO DEL PODER JUDICIAL,INVESTIGACION,N° 2013-2019-CAÑETE,Imponen medida disciplinaria de destitución a secretario judicial del Segundo Juzgado de Familia del Distrito Judicial de Cañete y apoyo administrativo de Mesa de Partes del Centro de Distribución General del local judicial de Benavides Distrito Judicial Cañete,https://busquedas.elperuano.pe/dispositivo/NL/2347105-1,20241130
20241124,2347108-1,CONSEJO EJECUTIVO DEL PODER JUDICIAL,INVESTIGACION,N° 1758-2019-LAMBAYEQUE,Imponen medida disciplinaria de destitución a servidor judicial por su desempeño como asistente judicial del Juzgado de Paz Letrado del distrito de Huarango Distrito Judicial de Lambayeque,https://busquedas.elperuano.pe/dispositivo/NL/2347108-1,20241130
20241124,2346933-1,BANCO CENTRAL DE RESERVA,RESOLUCION,N° 0061-2024-BCRP-N,Autorizan viaje de Gerente General del BCRP para participar en evento que se realizará en Colombia,https://busquedas.elperuano.pe/dispositivo/NL/2346933-1,20241130
20241124,2346749-1,INSTITUCIONES EDUCATIVAS,RESOLUCION,N° 0694-2024/UNTUMBES-R.,Autorizan viaje de docentes de la Universidad Nacional de Tumbes para realizar visita técnico-académica en universidad de Brasil,https://busquedas.elperuano.pe/dispositivo/NL/2346749-1,20241130
20241124,2347211-1,INSTITUCIONES EDUCATIVAS,RESOLUCION,N° 843-R-2024,Manual de Clasificador de Cargos de la Universidad Nacional de Piura,https://epdoc2.elperuano.pe/EpPo/VistaNLSE.asp?Referencias=MjM0NzIxMS0xMjAyNDExMjQ=,20241130
20241124,2346616-1,INSTITUCIONES EDUCATIVAS,RESOLUCION,N° 0688-2024/UNTUMBES-R,Autorizan viaje de docente de la Universidad Nacional de Tumbes a Brasil para realizar visita de carácter académico,https://busquedas.elperuano.pe/dispositivo/NL/2346616-1,20241130
20241124,2337366-1,GOBIERNO REGIONAL DEL CUSCO,ORDENANZA,N° 251-2024-CR/GRC,Modifican el Artículo 143° del Texto Integrado del Reglamento de Organización y Funciones del Gobierno Regional de Cusco aprobado por Ordenanza Regional N° 214-2022-CR/GR CUSCO,https://busquedas.elperuano.pe/dispositivo/NL/2337366-1,20241130
20241124,2343099-1,MUNICIPALIDAD DE CHACLACAYO,ORDENANZA,N° 510-2024-MDCH,Ordenanza que prorroga para el ejercicio fiscal 2025 la vigencia de los montos del Derecho de Emisión Mecanizada de Actualización de Valores de la Declaración Jurada y Liquidación del Impuesto Predial Arbitrios Municipales y distribución fijados mediante Ordenanza Nº 499-2023-MDCH,https://busquedas.elperuano.pe/dispositivo/NL/2343099-1,20241130
20241124,2347185-1,MUNICIPALIDAD DE JESUS MARIA,DECRETO DE ALCALDIA,N° 016-2024-MDJM,Prorrogan vigencia de la Ordenanza Nº 700-2023-MDJM Ordenanza que promueve la regularización de edificaciones ejecutadas sin licencia municipal en el distrito de Jesús María,https://busquedas.elperuano.pe/dispositivo/NL/2347185-1,20241130
20241124,2346736-1,MUNICIPALIDAD DE LINCE,ACUERDO,N° 038-2024-MDL,Autorizan viaje de alcaldesa para asistir a evento que se realizará en Colombia,https://busquedas.elperuano.pe/dispositivo/NL/2346736-1,20241130
20241124,2346870-1,MUNICIPALIDAD DE LINCE,ORDENANZA,N° 522-2024-MDL,Ordenanza que prorroga para el ejercicio 2025 la vigencia de la Ordenanza N° 478-2022-MDL que aprobó el costo por derecho de Emisión Mecanizada del Impuesto Predial y Arbitrios Municipales en el distrito de Lince para el ejercicio 2023,https://busquedas.elperuano.pe/dispositivo/NL/2346870-1,20241130
20241124,2331775-1,MUNICIPALIDAD DE MI PERÚ,ORDENANZA,N° 175-MDMP,Ordenanza que modifica la Ordenanza 145-MDMP de las secciones viales de las calles y/o pasajes y diseño geométrico del Asentamiento Humano Chavinillo,https://busquedas.elperuano.pe/dispositivo/NL/2331775-1,20241130
20241123,2347206-1,PRESIDENCIA DEL CONSEJO DE MINISTROS,DECRETO SUPREMO,N° 128-2024-PCM,Decreto Supremo que convoca a Elecciones Municipales Complementarias 2025 en el distrito de Pion de la provincia de Chota y en el distrito de Ninabamba de la provincia de Santa Cruz del departamento de Cajamarca,https://busquedas.elperuano.pe/dispositivo/NL/2347206-1,20241130
20241123,2347168-1,PRESIDENCIA DEL CONSEJO DE MINISTROS,RESOLUCION JEFATURAL,N° 00129-2024-ANIN-JEF,Aprueban Criterios de Priorización de las inversiones públicas e intervenciones para su inclusión en la Cartera de Inversiones Estratégicas Territoriales (CIET) a cargo de la Autoridad Nacional de Infraestructura en el marco del Decreto Legislativo N° 1659,https://busquedas.elperuano.pe/dispositivo/NL/2347168-1,20241130
20241123,2346417-1,PRESIDENCIA DEL CONSEJO DE MINISTROS,RESOLUCION JEFATURAL,N° 00128-2024-ANIN-JEF,Aprueban ejecución de expropiación del área afectada de inmueble por la ejecución del Proyecto Mejoramiento y ampliación del servicio de protección ante inundaciones y movimiento de masas en la quebrada Huaycoloro Distrito de San Antonio - Provincia de Huarochirí - Departamento de Limar,https://busquedas.elperuano.pe/dispositivo/NL/2346417-1,20241130
20241123,2346875-1,PRESIDENCIA DEL CONSEJO DE MINISTROS,RESOLUCION MINISTERIAL,N° 316-2024-PCM,Autorizan transferencia financiera de recursos a favor del Programa de las Naciones Unidas para el Desarrollo (PNUD),https://busquedas.elperuano.pe/dispositivo/NL/2346875-1,20241130
20241123,2346877-1,PRESIDENCIA DEL CONSEJO DE MINISTROS,RESOLUCION MINISTERIAL,N° 317-2024-PCM,Autorizan viaje de Viceministro de Gobernanza Territorial para participar en evento que se realizará en la República Francesa,https://busquedas.elperuano.pe/dispositivo/NL/2346877-1,20241130
20241123,2347206-2,PRESIDENCIA DEL CONSEJO DE MINISTROS,RESOLUCION SUPREMA,N° 243-2024-PCM,Autorizan al Instituto Nacional de Defensa Civil a efectuar en representación del Estado Peruano donación de bienes de ayuda humanitaria a favor del Gobierno de la República del Ecuador para atender a los damnificados a consecuencia de los incendios forestales,https://busquedas.elperuano.pe/dispositivo/NL/2347206-2,20241130
20241123,2347207-4,PRESIDENCIA DEL CONSEJO DE MINISTROS,RESOLUCION SUPREMA,N° 244-2024-PCM,Autorizan viaje del Ministro de Desarrollo Agrario y Riego a Austria y encargan su Despacho al Ministro de la Producción,https://busquedas.elperuano.pe/dispositivo/NL/2347207-4,20241130
20241123,2346700-1,AMBIENTE,RESOLUCION MINISTERIAL,N° 00411-2024-MINAM,Aprueban el Documento metodológico sobre la medición de las emisiones reducciones y remociones de Gases de Efecto Invernadero en los bosques del bioma amazónico,https://busquedas.elperuano.pe/dispositivo/NL/2346700-1,20241130
20241123,2347142-1,COMERCIO EXTERIOR Y TURISMO,RESOLUCION MINISTERIAL,N° 354-2024-MINCETUR,Aprueban la Quinta Adenda al Contrato de Fideicomiso de Administración del Fondo de Apoyo Empresarial a las MYPE del Sector Turismo (FAE-TURISMO),https://busquedas.elperuano.pe/dispositivo/NL/2347142-1,20241130
20241123,2347219-1,CULTURA,RESOLUCION MINISTERIAL,N° 000425-2024-MC,Designan Directora de Programa Sectorial III de la Dirección de Patrimonio Histórico Inmueble de la Dirección General de Patrimonio Cultural,https://busquedas.elperuano.pe/dispositivo/NL/2347219-1,20241130
20241123,2346120-1,DEFENSA,RESOLUCION MINISTERIAL,N° 01637-2024-DE,Autorizan viaje de oficiales de la Fuerza Aérea del Perú a Chile en misión de estudios,https://busquedas.elperuano.pe/dispositivo/NL/2346120-1,20241130
20241123,2347047-1,DEFENSA,RESOLUCION MINISTERIAL,N° 01645-2024-DE,Autorizan viaje de Director del Centro de Entrenamiento y Capacitación para Operaciones de Paz (CECOPAZ – Perú) a Chile en comisión de servicios,https://busquedas.elperuano.pe/dispositivo/NL/2347047-1,20241130
20241123,2347207-5,DEFENSA,RESOLUCION SUPREMA,N° 169-2024-DE,Modifican la Resolución Suprema N° 006-2024-DE con el objeto de reasignar empleo a Generales de Brigada del Ejército del Perú,https://busquedas.elperuano.pe/dispositivo/NL/2347207-5,20241130
20241123,2347205-1,DESARROLLO AGRARIO Y RIEGO,RESOLUCION DIRECTORAL,N° 348-2024-MIDAGRI-DVDAFIR-AGRO RURAL-DE,Designan Jefe de la Sub Unidad de Infraestructura de Riego Menor de la Unidad de Infraestructura Rural del Programa de Desarrollo Productivo Agrario Rural — AGRO RURAL,https://busquedas.elperuano.pe/dispositivo/NL/2347205-1,20241130
20241123,2347210-1,DESARROLLO AGRARIO Y RIEGO,RESOLUCION DIRECTORAL,N° 349-2024-MIDAGRI-DVDAFIR-AGRO RURAL-DE,Designan Jefe de la Sub Unidad de Riego Tecnificado de la Unidad de Infraestructura Rural del Programa de Desarrollo Productivo Agrario Rural — AGRO RURAL,https://busquedas.elperuano.pe/dispositivo/NL/2347210-1,20241130
20241123,2347053-1,DESARROLLO E INCLUSIÓN SOCIAL,RESOLUCION,N° 000279-2024-MIDIS/PNADP-DE,Designan Coordinador de Unidad Territorial – Jefe de Unidad Territorial Amazonas Bagua del Programa Nacional de Apoyo Directo a los Más Pobres JUNTOS,https://busquedas.elperuano.pe/dispositivo/NL/2347053-1,20241130
20241123,2347207-1,ECONOMIA Y FINANZAS,DECRETO SUPREMO,N° 235-2024-EF,Decreto Supremo que Autoriza Transferencias de Partidas en el Presupuesto del Sector Público para el Año Fiscal 2024 a favor de la Reserva de Contingencia y de diversos gobiernos locales,https://busquedas.elperuano.pe/dispositivo/NL/2347207-1,20241130
20241123,2347207-2,ECONOMIA Y FINANZAS,DECRETO SUPREMO,N° 236-2024-EF,Decreto Supremo que otorga seguridades y garantías del Estado Peruano en respaldo de las declaraciones seguridades y obligaciones contenidas en los Contratos de Concesión de los proyectos L.T. 500 kV Chilca CTM-Carabayllo - Tercer Circuito (Componente 1.1. del Proyecto Vinculante Enlace 500 kV Chilca CTM-Carabayllo Ampliación de Transformación y Reactor Núcleo de aire SE Chilca CTM) Nueva Subestación Bicentenario 500/220 kV ampliaciones y subestaciones asociadas Reconfiguración Enlace 220 kV Chavarría - Santa Rosa - Carapongo líneas ampliaciones y subestaciones asociadas (Proyecto ITC) Nueva Subestación Muyurina 220 KV Nueva Subestación Ayacucho LT 220 kV Muyurina - Ayacucho ampliaciones y subestaciones asociadas y Ampliación de Capacidad de Suministro del Sistema Eléctrico Ica (Proyecto ITC),https://busquedas.elperuano.pe/dispositivo/NL/2347207-2,20241130
20241123,2346845-1,EDUCACION,RESOLUCION MINISTERIAL,N° 589-2024-MINEDU,Aprueban el Plan de Actuación de Atención Educativa en Zonas de Frontera,https://busquedas.elperuano.pe/dispositivo/NL/2346845-1,20241130
20241123,2347207-7,EDUCACION,RESOLUCION SUPREMA,N° 015-2024-MINEDU,Aceptan renuncia de representante del Ministerio de Educación ante el Consejo de Administración del Fondo Nacional de Desarrollo de la Educación Peruana - FONDEP,https://busquedas.elperuano.pe/dispositivo/NL/2347207-7,20241130
20241123,2347207-3,ENERGIA Y MINAS,DECRETO SUPREMO,N° 022-2024-EM,Prórroga de la suspensión de la admisión de petitorios mineros en el área del río Nanay ubicada en el distrito de Alto Nanay provincia de Maynas departamento de Loreto,https://busquedas.elperuano.pe/dispositivo/NL/2347207-3,20241130
20241123,2346864-1,ENERGIA Y MINAS,RESOLUCION MINISTERIAL,N° 431-2024-MINEM/DM,Disponen la publicación en el portal institucional del Ministerio del proyecto de Resolución Ministerial que aprueba las Especificaciones Técnicas y Estándares tecnológicos y de desempeño de los Sistemas de Medición Inteligente (SMI) y de su Exposición de Motivos,https://busquedas.elperuano.pe/dispositivo/NL/2346864-1,20241130
20241123,2347069-1,INTERIOR,RESOLUCION MINISTERIAL,N° 1439-2024-IN,Designan Directora de la Oficina de Cooperación y Relaciones Internacionales,https://busquedas.elperuano.pe/dispositivo/NL/2347069-1,20241130
20241123,2346920-1,INTERIOR,RESOLUCION MINISTERIAL,N° 1444-2024-IN,Autorizan viaje de personal policial a España en comisión de servicios,https://busquedas.elperuano.pe/dispositivo/NL/2346920-1,20241130
20241123,2346940-1,INTERIOR,RESOLUCION MINISTERIAL,N° 1445-2024-IN,Autorizan viaje de personal policial a la República Argentina en comisión de servicios,https://busquedas.elperuano.pe/dispositivo/NL/2346940-1,20241130
20241123,2347143-1,SALUD,FE DE ERRATA,R.M. N° 807-2024/MINSA,FE DE ERRATA,https://busquedas.elperuano.pe/dispositivo/NL/2347143-1,20241130
20241123,2347049-1,SALUD,RESOLUCION MINISTERIAL,N° 808-2024/MINSA,Autorizan viaje de profesionales de la Dirección General de Medicamentos Insumos y Drogas a México en comisión de servicios,https://busquedas.elperuano.pe/dispositivo/NL/2347049-1,20241130
20241123,2347203-1,SALUD,RESOLUCION MINISTERIAL,N° 812-2024/MINSA,Autorizan viaje de Jefe de Gabinete del Despacho Ministerial a Francia en comisión de servicios,https://busquedas.elperuano.pe/dispositivo/NL/2347203-1,20241130
20241123,2347175-1,SALUD,RESOLUCION MINISTERIAL,N° 810-2024/MINSA,Modifican el Documento Técnico: Manual de Buenas Prácticas de Oficina Farmacéutica,https://busquedas.elperuano.pe/dispositivo/NL/2347175-1,20241130
20241123,2347215-1,SALUD,RESOLUCION MINISTERIAL,N° 809-2024/MINSA,Declaran en reorganización administrativa a la Dirección General de Salud Ambiental e Inocuidad Alimentaria - DIGESA,https://busquedas.elperuano.pe/dispositivo/NL/2347215-1,20241130
20241123,2347193-1,TRABAJO Y PROMOCION DEL EMPLEO,RESOLUCION MINISTERIAL,N° 187-2024-TR,Designan Jefa de la Oficina General de Estadística y Tecnologías de la Información y Comunicaciones,https://busquedas.elperuano.pe/dispositivo/NL/2347193-1,20241130
20241123,2346670-1,TRANSPORTES Y COMUNICACIONES,RESOLUCION MINISTERIAL,N° 676-2024-MTC/01.02,Aprueban ejecución de expropiación de área afectada de bienes inmuebles para ejecución de la obra: Aeropuerto Cadete FAP Guillermo del Castillo Paredes ubicado en el distrito de Tarapoto provincia y departamento de San Martín y el valor de tasación,https://busquedas.elperuano.pe/dispositivo/NL/2346670-1,20241130
20241123,2346677-1,TRANSPORTES Y COMUNICACIONES,RESOLUCION MINISTERIAL,N° 677-2024-MTC/01.02,Aprueban ejecución de expropiación de área afectada de bienes inmuebles para la ejecución de la obra: Aeropuerto Cadete FAP Guillermo del Castillo Paredes ubicado en el distrito de Tarapoto provincia y departamento de San Martín,https://busquedas.elperuano.pe/dispositivo/NL/2346677-1,20241130
20241123,2346432-1,TRANSPORTES Y COMUNICACIONES,RESOLUCION MINISTERIAL,N° 675-2024-MTC/01.02,Aprueban ejecución de expropiación de área afectada de bienes inmuebles para la ejecución de la obra: Aeropuerto Cadete FAP Guillermo del Castillo Paredes ubicado en el distrito de Tarapoto provincia y departamento de San Martín,https://busquedas.elperuano.pe/dispositivo/NL/2346432-1,20241130
20241123,2347207-6,TRANSPORTES Y COMUNICACIONES,RESOLUCION SUPREMA,N° 015-2024-MTC,Designan miembro del Directorio de la Autoridad Portuaria Nacional en representación del Ministerio de la Producción,https://busquedas.elperuano.pe/dispositivo/NL/2347207-6,20241130
20241123,2347208-1,DESPACHO PRESIDENCIAL,RESOLUCION,N° 000008-2024-DP/SGDP,Autorizan transferencia financiera del Despacho Presidencial a favor de la Unidad Ejecutora Gestión de Proyectos y Fortalecimiento de Capacidades de la Contraloría General de la República,https://busquedas.elperuano.pe/dispositivo/NL/2347208-1,20241130
20241123,2346607-1,ORGANISMO SUPERVISOR DE LA INVERSIÓN EN ENERGÍA Y MINERÍA,RESOLUCION,N° 192-2024-OS/CD,Resolución que aprueba las Altas y Bajas de las instalaciones de distribución eléctrica del periodo comprendido entre el 1 de enero de 2023 y el 31 de diciembre de 2023 y los metrados correspondientes a diversas empresas,https://busquedas.elperuano.pe/dispositivo/NL/2346607-1,20241130
20241123,2346608-1,ORGANISMO SUPERVISOR DE LA INVERSIÓN EN ENERGÍA Y MINERÍA,RESOLUCION,N° 193-2024-OS/CD,Resolución sobre solicitud de compensación por el uso de la red distribución a pagar a Electrocentro por parte de Egepsa y Edelsa y de la incorporación de estas compensaciones en la tarifa que se traslada al usuario final,https://busquedas.elperuano.pe/dispositivo/NL/2346608-1,20241130
20241123,2346611-1,ORGANISMO SUPERVISOR DE LA INVERSIÓN EN ENERGÍA Y MINERÍA,RESOLUCION,N° 191-2024-OS/CD,Resolución de Consejo Directivo que aprueba el Costo Medio Anual reajustado por el Factor de Ajuste por Competencia de los proyectos reasignados por el MINEM correspondiente a la segunda convocatoria del segundo proceso de reasignación en el marco del Decreto Supremo N° 018-2021-EM,https://busquedas.elperuano.pe/dispositivo/NL/2346611-1,20241130
20241123,2346903-1,AUTORIDAD DE TRANSPORTE URBANO PARA LIMA Y CALLAO,RESOLUCION,N° 254-2024-ATU/PE,Aprueban ejecución de la expropiación de área de inmueble afectado por la ejecución del proyecto Línea 3 Red Básica del Metro de Lima provincia de Lima departamento de Lima y su valor de tasación,https://busquedas.elperuano.pe/dispositivo/NL/2346903-1,20241130
20241123,2346890-1,SUPERINTENDENCIA NACIONAL DE MIGRACIONES,RESOLUCION,N° 000201-2024-MIGRACIONES,Crean el Puesto de Control Fronterizo Tinicachi en el departamento de Puno y modifican el cuadro de delimitación territorial de los órganos desconcentrados de MIGRACIONES,https://busquedas.elperuano.pe/dispositivo/NL/2346890-1,20241130
20241123,2347098-1,CONSEJO EJECUTIVO DEL PODER JUDICIAL,RESOLUCION ADMINISTRATIVA,N° 000387-2024-CE-PJ,Aprueban el Manual de Clasificador de Cargos del Poder Judicial – Versión N.° 003,https://busquedas.elperuano.pe/dispositivo/NL/2347098-1,20241130
20241123,2347103-1,CONSEJO EJECUTIVO DEL PODER JUDICIAL,RESOLUCION ADMINISTRATIVA,N° 000395-2024-CE-PJ,Declaran fundada en parte solicitud presentada por Juez de Paz Letrado (Civil) titular de la Corte Superior de Justicia de Piura y prorrogan por última vez su destaque por seis meses en el 7° Juzgado de Paz Letrado – Laboral de la Corte Superior de Justicia de Lima,https://busquedas.elperuano.pe/dispositivo/NL/2347103-1,20241130
20241123,2346930-1,CONTRALORIA GENERAL DE LA REPUBLICA,RESOLUCION,N° 697-2024-CG,Dan por terminada designación de Jefe del Órgano de Control Institucional del Organismo Supervisor de Inversión Privada en Telecomunicaciones – OSIPTEL,https://busquedas.elperuano.pe/dispositivo/NL/2346930-1,20241130
20241123,2346934-1,CONTRALORIA GENERAL DE LA REPUBLICA,RESOLUCION,N° 698-2024-CG,Designan Jefe del Órgano de Control Institucional de la Universidad Nacional de Educación Enrique Guzmán y Valle - La Cantuta,https://busquedas.elperuano.pe/dispositivo/NL/2346934-1,20241130
20241123,2346625-1,INSTITUCIONES EDUCATIVAS,RESOLUCION,N° 1369-2024,Autorizan viaje de docente de la Universidad Nacional de San Agustín de Arequipa para participar en capacitación a realizarse en Argentina,https://busquedas.elperuano.pe/dispositivo/NL/2346625-1,20241130
20241123,2346361-1,OFICINA NACIONAL DE PROCESOS ELECTORALES,RESOLUCION JEFATURAL,N° 000192-2024-JN/ONPE,Aprueban el Plan Operativo Institucional (POI) Anual 2024 actualizado versión 04 de la Oficina Nacional de Procesos Electorales - ONPE,https://busquedas.elperuano.pe/dispositivo/NL/2346361-1,20241130
20241123,2346816-1,GOBIERNO REGIONAL DE HUANUCO,ORDENANZA,N° 032-2024-GRH-CR,Ordenanza Regional que declara y reconoce de interés y necesidad social la atención de las prioridades sanitarias regionales,https://busquedas.elperuano.pe/dispositivo/NL/2346816-1,20241130
20241123,2336351-1,GOBIERNO REGIONAL DE LIMA,ORDENANZA,N° 007-2024-CR/GRL,Ordenanza Regional que aprueba La Protección del Patrimonio Vitivinícola y Producción Artesanal del Pisco y Vino en la Región Lima,https://busquedas.elperuano.pe/dispositivo/NL/2336351-1,20241130
20241123,2336995-1,GOBIERNO REGIONAL DE LIMA,ORDENANZA,N° 009-2024-CR/GRL,Ordenanza Regional que declara de interés y prioridad regional la funcionabilidad e implementación del Padrón de Productores Agrarios PPA en la Región Lima,https://busquedas.elperuano.pe/dispositivo/NL/2336995-1,20241130
20241123,2303180-1,GOBIERNO REGIONAL DE MOQUEGUA,RESOLUCION DIRECTORAL,N° 059-2024/DREM.M-GRM,Autorizan a la Compañía Minera Buenaventura S.A.A. para desarrollar la actividad de Generación Termoeléctrica para el Proyecto Explotación San Gabriel ubicado en el distrito de Ichuña provincia General Sanchez Cerro departamento de Moquegua,https://busquedas.elperuano.pe/dispositivo/NL/2303180-1,20241130
20241123,2346096-1,MUNICIPALIDAD DE CHORRILLOS,Acuerdo,N° 000057-2024-MDCH/ALC,Autorizan viaje del alcalde a Colombia para participar en la Ceremonia de entrega del Premio Alcalde Solidario e Incluyente de Latinoamérica 2024,https://epdoc2.elperuano.pe/EpPo/VistaDE.asp?Referencias=MjM0NjA5Ni0xMjAyNDExMjM=,20241130
20241123,2346982-1,MUNICIPALIDAD DE LA VICTORIA,DECRETO DE ALCALDIA,N° 010-2024/MLV,Prorrogan vigencia de la Ordenanza N° 426/MLV que estableció el Régimen de Gradualidad de Multas Tributarias para los Contribuyentes del distrito de La Victoria,https://busquedas.elperuano.pe/dispositivo/NL/2346982-1,20241130
20241123,2347035-1,MUNICIPALIDAD DE LA VICTORIA,DECRETO DE ALCALDIA,N° 011-2024/MLV,Prorrogan vigencia de la Ordenanza N° 425/MLV que aprobó el sinceramiento de deudas tributarias para contribuyentes del distrito,https://busquedas.elperuano.pe/dispositivo/NL/2347035-1,20241130
20241123,2346531-1,MUNICIPALIDAD DE LA VICTORIA,Decretos de Alcaldía,N° 009-2024/MLV,Prorrogan vigencia de la Ordenanza N° 447/MLV que promueve el pago de tributos anuales vencidos y por vencer del ejercicio 2024 para contribuyentes del distrito de La Victoria,https://epdoc2.elperuano.pe/EpPo/VistaDE.asp?Referencias=MjM0NjUzMS0xMjAyNDExMjM=,20241130
20241123,2346297-1,MUNICIPALIDAD CP DE SANTA MARIA DE HUACHIPA,FE DE ERRATA,Ordenanza N° 005-2024/MCPSMH,FE DE ERRATA,https://busquedas.elperuano.pe/dispositivo/NL/2346297-1,20241130
20241123,2346696-1,MUNICIPALIDAD PROVINCIAL DEL CALLAO,ORDENANZA,N° 026-2024/MPC,Ordenanza Municipal que aprueba beneficios extraordinarios en el Cercado del Callao Cumple con tu Callao,https://busquedas.elperuano.pe/dispositivo/NL/2346696-1,20241130
20241123,2346698-1,MUNICIPALIDAD PROVINCIAL DEL CALLAO,ORDENANZA,N° 027-2024/MPC,Aprueban Programa de beneficios de reducción de deudas por multas y sanciones administrativas derivadas de infracciones al Reglamento Nacional de Tránsito y Reglamento del Servicio de Transporte Público Especial de Pasajeros en Vehículos Motorizados y No Motorizados impuestas en la Provincia Constitucional del Callao así como la deuda por concepto de tasa de guardianía por internamiento en el Depósito Municipal de Vehículos,https://busquedas.elperuano.pe/dispositivo/NL/2346698-1,20241130
20241123,2347089-1,MUNICIPALIDAD PROVINCIAL DE SECHURA,ORDENANZA,N° 018-2024-MPS,Ordenanza Municipal Descuentos por el Pago del Impuesto Predial y Arbitrios Municipales 2024,https://busquedas.elperuano.pe/dispositivo/NL/2347089-1,20241130
20241122,2346692-1,PRESIDENCIA DEL CONSEJO DE MINISTROS,DECRETO SUPREMO,N° 126-2024-PCM,Decreto Supremo que prorroga el Estado de Emergencia declarado en los distritos de Tambopata Inambari Las Piedras y Laberinto de la provincia de Tambopata y en los distritos de Madre de Dios y Huepetuhe de la provincia de Manu del departamento de Madre de Dios,https://busquedas.elperuano.pe/dispositivo/NL/2346692-1,20241130
20241122,2346692-2,PRESIDENCIA DEL CONSEJO DE MINISTROS,DECRETO SUPREMO,N° 127-2024-PCM,Decreto Supremo que modifica el Reglamento de la Ley N° 31419 Ley que establece disposiciones para garantizar la idoneidad en el acceso y ejercicio de la función pública de funcionarios y directivos de libre designación y remoción y otras disposiciones aprobado mediante Decreto Supremo N° 053-2022-PCM,https://busquedas.elperuano.pe/dispositivo/NL/2346692-2,20241130
20241122,2346692-6,COMERCIO EXTERIOR Y TURISMO,DECRETO SUPREMO,N° 003-2024-MINCETUR,Decreto Supremo que declara de interés nacional la organización y realización de la Septuagésima Reunión de la Comisión Regional para las Américas de la ONU Turismo así como las actividades y eventos conexos que tendrán lugar en la ciudad de Lima República del Perú durante el año 2025,https://busquedas.elperuano.pe/dispositivo/NL/2346692-6,20241130
20241122,2346692-12,COMERCIO EXTERIOR Y TURISMO,RESOLUCION SUPREMA,N° 002-2024-MINCETUR,Ratifican miembro del Consejo Directivo del Instituto Nacional de Calidad - INACAL en representación del Ministerio de Comercio Exterior y Turismo,https://busquedas.elperuano.pe/dispositivo/NL/2346692-12,20241130
20241122,2346225-1,CULTURA,RESOLUCION DIRECTORAL,N° 000191-2024-DGPA-VMPCIC/MC,Determinan la Protección Provisional del Paisaje Arqueológico Líneas y Geoglifos de Nazca Sector Pampa Pajonal A y B ubicado en el distrito de Vista Alegre provincia de Nazca departamento de Ica,https://busquedas.elperuano.pe/dispositivo/NL/2346225-1,20241130
20241122,2346701-1,CULTURA,RESOLUCION MINISTERIAL,N° 000422-2024-MC,Designan Director de Sistema Administrativo IV de la Oficina General de Estadística y Tecnologías de la Información y Comunicaciones,https://busquedas.elperuano.pe/dispositivo/NL/2346701-1,20241130
20241122,2346403-1,DEFENSA,RESOLUCION DIRECTORAL,N° 836-2024 MGP/DICAPI,Disponen la publicación del proyecto de resolución directoral que aprueba los Lineamientos para el registro de matrícula de embarcaciones especiales no tripuladas o semi-autónomas de un arqueo bruto inferior y hasta a 6.48,https://busquedas.elperuano.pe/dispositivo/NL/2346403-1,20241130
20241122,2346276-1,DEFENSA,RESOLUCION MINISTERIAL,N° 01644-2024-DE,Autorizan viaje de oficial de la Fuerza Aérea del Perú a Colombia en comisión de servicios,https://busquedas.elperuano.pe/dispositivo/NL/2346276-1,20241130
20241122,2346282-1,DEFENSA,RESOLUCION MINISTERIAL,N° 01643-2024-DE,Autorizan viaje de personal militar FAP a EE.UU. en comisión de servicios,https://busquedas.elperuano.pe/dispositivo/NL/2346282-1,20241130
20241122,2346133-1,DEFENSA,RESOLUCION MINISTERIAL,N° 01636-2024-DE,Autorizan viaje de personal militar de la Fuerza Aérea del Perú a Colombia en misión de estudios,https://busquedas.elperuano.pe/dispositivo/NL/2346133-1,20241130
20241122,2346693-1,DESARROLLO AGRARIO Y RIEGO,RESOLUCION SUPREMA,N° 018-2024-MIDAGRI,Designan provisionalmente Director Ejecutivo del Servicio Nacional Forestal y de Fauna Silvestre - SERFOR,https://busquedas.elperuano.pe/dispositivo/NL/2346693-1,20241130
20241122,2346218-1,DESARROLLO AGRARIO Y RIEGO,RESOLUCION DIRECTORAL,N° D000040-2024-MIDAGRI-SENASA-DSV,Autorizan el ingreso al país de plantas de arándano de origen y procedencia de Chile a través del Complejo Fronterizo Santa Rosa ubicado en el departamento de Tacna,https://busquedas.elperuano.pe/dispositivo/NL/2346218-1,20241130
20241122,2346239-1,DESARROLLO AGRARIO Y RIEGO,RESOLUCION DIRECTORAL,N° D000041-2024-MIDAGRI-SENASA-DSV,Declaran inaplicables requisitos generales establecidos en el artículo 2 de la R.D. Nº 342-2002-AG-SENASA-DGSV y establecen requisitos fitosanitarios de cumplimiento obligatorio para la importación de granos de trigo de origen y procedencia de Canadá a partir de marzo de 2025,https://busquedas.elperuano.pe/dispositivo/NL/2346239-1,20241130
20241122,2346242-1,DESARROLLO AGRARIO Y RIEGO,RESOLUCION DIRECTORAL,N° D000042-2024-MIDAGRI-SENASA-DSV,Autorizan el ingreso al país de plantas de arándano de origen y procedencia de Chile a través del Complejo Fronterizo Santa Rosa ubicado en el departamento de Tacna,https://busquedas.elperuano.pe/dispositivo/NL/2346242-1,20241130
20241122,2346244-1,DESARROLLO AGRARIO Y RIEGO,RESOLUCION DIRECTORAL,N° D000043-2024-MIDAGRI-SENASA-DSV,Autorizan el ingreso al país de plantas de arándano de origen y procedencia de Chile a través del Complejo Fronterizo Santa Rosa ubicado en el departamento de Tacna,https://busquedas.elperuano.pe/dispositivo/NL/2346244-1,20241130
20241122,2346482-1,DESARROLLO AGRARIO Y RIEGO,RESOLUCION MINISTERIAL,N° 0382-2024-MIDAGRI,Designan Asesora de Alta Dirección del Despacho Ministerial,https://busquedas.elperuano.pe/dispositivo/NL/2346482-1,20241130
20241122,2346612-1,DESARROLLO AGRARIO Y RIEGO,RESOLUCION MINISTERIAL,N° 0383-2024-MIDAGRI,Aprueban Lineamiento para el Seguimiento Evaluación Gestión de la Evidencia y del Conocimiento del Sector Agrario y de Riego Versión 01,https://busquedas.elperuano.pe/dispositivo/NL/2346612-1,20241130
20241122,2346602-1,DESARROLLO E INCLUSIÓN SOCIAL,RESOLUCION,N° 000205-2024-MIDIS/FONCODES/DE,Designan Jefe de la Unidad Territorial Iquitos del FONCODES,https://busquedas.elperuano.pe/dispositivo/NL/2346602-1,20241130
20241122,2346692-5,ECONOMIA Y FINANZAS,DECRETO SUPREMO,N° 234-2024-EF,Decreto Supremo que autoriza el incremento de límite de gastos establecido en el artículo 5 del Decreto de Urgencia N° 006-2024 Decreto de Urgencia que establece medidas extraordinarias en materia económica y financiera para la sostenibilidad fiscal el equilibrio presupuestario y la eficiencia del gasto público en diversos pliegos del Gobierno Nacional,https://busquedas.elperuano.pe/dispositivo/NL/2346692-5,20241130
20241122,2346842-1,EDUCACION,RESOLUCION VICE MINISTERIAL,N° 136-2024-MINEDU,Constituyen Comisión Organizadora de la Universidad Nacional de Carabaya,https://busquedas.elperuano.pe/dispositivo/NL/2346842-1,20241130
20241122,2347116-1,EDUCACION,RESOLUCION VICE MINISTERIAL,N° 137-2024-MINEDU,Reconforman la Comisión Organizadora de la Universidad Nacional Intercultural de Quillabamba,https://busquedas.elperuano.pe/dispositivo/NL/2347116-1,20241130
20241122,2346692-7,ENERGIA Y MINAS,DECRETO SUPREMO,N° 021-2024-EM,Prórroga de la suspensión de la admisión de petitorios mineros en el área de la Montaña de Siete Colores,https://busquedas.elperuano.pe/dispositivo/NL/2346692-7,20241130
20241122,2346274-1,INTERIOR,RESOLUCION DIRECTORAL,N° 323-2024-IN-VOI-DGIN,Designan Subprefectos(as) Distritales en diversas regiones,https://busquedas.elperuano.pe/dispositivo/NL/2346274-1,20241130
20241122,2346675-1,JUSTICIA Y DERECHOS HUMANOS,RESOLUCION MINISTERIAL,N° 0289-2024-JUS,Designan Directora General del Centro de Estudios en Justicia y Derechos Humanos,https://busquedas.elperuano.pe/dispositivo/NL/2346675-1,20241130
20241122,2346692-8,MUJER Y POBLACIONES VULNERABLES,DECRETO SUPREMO,N° 008-2024-MIMP,Decreto Supremo que aprueba la Estrategia Multisectorial para la prevención de la violencia sexual que afecta a niñas niños y adolescentes Prevenir para Proteger,https://busquedas.elperuano.pe/dispositivo/NL/2346692-8,20241130
20241122,2346490-1,MUJER Y POBLACIONES VULNERABLES,RESOLUCION MINISTERIAL,N° 352-2024-MIMP,Aprueban el Padrón de Beneficiarios de la Subvención Económica por Acogimiento Familiar (PB-SEAF) correspondiente al mes de octubre de 2024 y el monto total por concepto de subvención económica,https://busquedas.elperuano.pe/dispositivo/NL/2346490-1,20241130
20241122,2346439-1,PRODUCE,RESOLUCION MINISTERIAL,N° 00458-2024-PRODUCE,Autorizan viaje de servidores del Instituto del Mar del Perú para que participen en la Trigésimo Primera Expedición Científica del Perú a la Antártida (ANTAR XXXI),https://busquedas.elperuano.pe/dispositivo/NL/2346439-1,20241130
20241122,2346692-3,RELACIONES EXTERIORES,DECRETO SUPREMO,N° 056-2024-RE,Decreto Supremo que ratifica el Reglamento de la Comisión Binacional para la Gestión Integrada de los Recursos Hídricos de las Cuencas Hidrográficas Transfronterizas entre la República del Perú y la República del Ecuador,https://busquedas.elperuano.pe/dispositivo/NL/2346692-3,20241130
20241122,2346692-11,RELACIONES EXTERIORES,RESOLUCION SUPREMA,N° 211-2024-RE,Delegan facultades para suscribir el Segundo Protocolo Adicional al Convenio sobre la Ciberdelincuencia relativo a la Cooperación Reforzada y la Divulgación de Pruebas Electrónicas,https://busquedas.elperuano.pe/dispositivo/NL/2346692-11,20241130
20241122,2346288-1,SALUD,RESOLUCION MINISTERIAL,N° 805-2024/MINSA,Autorizan viaje de profesionales de la Dirección General de Medicamentos Insumos y Drogas a Argentina en comisión de servicios,https://busquedas.elperuano.pe/dispositivo/NL/2346288-1,20241130
20241122,2346292-1,SALUD,RESOLUCION MINISTERIAL,N° 806-2024/MINSA,Autorizan viaje de profesionales de la Dirección General de Medicamentos Insumos y Drogas a Colombia en comisión de servicios,https://busquedas.elperuano.pe/dispositivo/NL/2346292-1,20241130
20241122,2346571-1,TRABAJO Y PROMOCION DEL EMPLEO,RESOLUCION DIRECTORAL,N° 000039-2024-MTPE/3/24.2,Aprueban el Manual de Clasificador de Cargos del Programa Nacional de Empleo Jóvenes Productivos,https://busquedas.elperuano.pe/dispositivo/NL/2346571-1,20241130
20241122,2346456-1,TRABAJO Y PROMOCION DEL EMPLEO,RESOLUCION MINISTERIAL,N° 180-2024-TR,Aprueban transferencia financiera del Programa de Empleo Temporal Llamkasun Perú a favor de organismo ejecutor del sector público,https://busquedas.elperuano.pe/dispositivo/NL/2346456-1,20241130
20241122,2346500-1,TRABAJO Y PROMOCION DEL EMPLEO,RESOLUCION MINISTERIAL,N° 181-2024-TR,Aprueban el documento normativo denominado Lineamientos para la gobernanza rectoría y gestión articulada de servicios del Sector Trabajo y Promoción del Empleo,https://busquedas.elperuano.pe/dispositivo/NL/2346500-1,20241130
20241122,2346509-1,TRABAJO Y PROMOCION DEL EMPLEO,RESOLUCION MINISTERIAL,N° 185-2024-TR,Autorizan viaje de representante del Ministerio a Colombia en comisión de servicios,https://busquedas.elperuano.pe/dispositivo/NL/2346509-1,20241130
20241122,2346692-4,TRANSPORTES Y COMUNICACIONES,DECRETO SUPREMO,N° 020-2024-MTC,Decreto Supremo que aprueba la Sección Primera del Reglamento de Organización y Funciones de la Autoridad Portuaria Nacional,https://busquedas.elperuano.pe/dispositivo/NL/2346692-4,20241130
20241122,2345761-1,TRANSPORTES Y COMUNICACIONES,RESOLUCION MINISTERIAL,N° 662-2024-MTC/01.03,Aprueban ejecución de Expropiación de área afectada de un (1) inmueble para la ejecución del proyecto: Red Dorsal Nacional de Fibra Óptica: Cobertura Universal Norte Cobertura Universal Sur y Cobertura Universal Centro,https://busquedas.elperuano.pe/dispositivo/NL/2345761-1,20241130
20241122,2345806-1,SUPERINTENDENCIA NACIONAL DE BIENES ESTATALES,RESOLUCION,N° 0064-2024/SBN,Aprueban la Política Antisoborno de la Superintendencia Nacional de Bienes Estatales,https://busquedas.elperuano.pe/dispositivo/NL/2345806-1,20241130
20241122,2346336-1,AUTORIDAD DE TRANSPORTE URBANO PARA LIMA Y CALLAO,RESOLUCION,N° 253-2024-ATU/PE,Autorizan transferencia financiera a favor de las municipalidades distritales de la provincia de Lima y la Provincia Constitucional del Callao con las cuales se celebraron convenios de cooperación interinstitucional para la fiscalización del servicio público de transporte terrestre de personas,https://busquedas.elperuano.pe/dispositivo/NL/2346336-1,20241130
20241122,2347085-1,AUTORIDAD PORTUARIA NACIONAL,RESOLUCION,N° 0093-2024-APN-DIR,Aprueban montos de cartas fianzas o pólizas de caución que deben presentar las agencias marítimas fluviales lacustres además de las empresas o cooperativas de estiba y desestiba para el periodo 2025,https://busquedas.elperuano.pe/dispositivo/NL/2347085-1,20241130
20241122,2346554-1,INSTITUTO NACIONAL DE DEFENSA DE LA COMPETENCIA Y DE LA PROTECCION DE LA PROPIEDAD INTELECTUAL,RESOLUCION,N° 000154-2024-PRE/INDECOPI,Formalizan designación de Jefe del Órgano Resolutivo de Procedimientos Sumarísimos de Protección al Consumidor de la Sede Lima Norte del INDECOPI,https://busquedas.elperuano.pe/dispositivo/NL/2346554-1,20241130
20241122,2345828-1,INSTITUTO NACIONAL DE DEFENSA DE LA COMPETENCIA Y DE LA PROTECCION DE LA PROPIEDAD INTELECTUAL,RESOLUCION,N° 000152-2024-PRE/INDECOPI,Formalizan designación de Secretario Técnico de la Sala Especializada en Defensa de la Competencia del INDECOPI,https://busquedas.elperuano.pe/dispositivo/NL/2345828-1,20241130
20241122,2345756-1,SUPERINTENDENCIA NACIONAL DE ADUANAS Y DE ADMINISTRACIÓN TRIBUTARIA,RESOLUCION,N° 000253-2024/SUNAT,Autorizan viaje de servidor de la SUNAT para participar en eventos a realizarse en Paraguay,https://busquedas.elperuano.pe/dispositivo/NL/2345756-1,20241130
20241122,2347123-1,SUPERINTENDENCIA NACIONAL DE EDUCACION SUPERIOR UNIVERSITARIA,RESOLUCION,N° 0033-2024-SUNEDU-CD,Aprueban modificación del Manual Perfiles de Puestos de la Superintendencia Nacional de Educación Superior Universitaria – SUNEDU,https://busquedas.elperuano.pe/dispositivo/NL/2347123-1,20241130
20241122,2346574-1,SUPERINTENDENCIA NACIONAL DE LOS REGISTROS PUBLICOS,RESOLUCION,N° 00178-2024-SUNARP/SN,Modifican denominación del Reglamento de Inscripciones de los Registros de Buques de Embarcaciones Pesqueras y de Naves por la de Reglamento de Inscripciones del Registro de Naves y Embarcaciones; y modifican el Reglamento aprobado por Resolución del Superintendente Adjunto de los Registros Públicos N° 022-2012-SUNARP-SA,https://busquedas.elperuano.pe/dispositivo/NL/2346574-1,20241130
20241122,2346580-1,SUPERINTENDENCIA NACIONAL DE LOS REGISTROS PUBLICOS,RESOLUCION,N° 00179-2024-SUNARP/SN,Incorporan la presentación electrónica de la solicitud de reserva de preferencia registral de nombre denominación o razón social en el Registro de Personas Jurídicas suscrita con la firma electrónica del interesado mediante el Sistema de Intermediación Digital de la Sunarp SID-Sunarp a nivel nacional,https://busquedas.elperuano.pe/dispositivo/NL/2346580-1,20241130
20241122,2333088-1,BANCO CENTRAL DE RESERVA,RESOLUCION,N° 0049-2024-BCRP-N,Autorizan misión en el exterior de funcionario para participar en evento a realizarse en México,https://busquedas.elperuano.pe/dispositivo/NL/2333088-1,20241130
20241122,2346385-1,CONTRALORIA GENERAL DE LA REPUBLICA,RESOLUCION,N° 694-2024-CG,Dan por terminada designación de Jefa del Órgano de Control Institucional de la Universidad Nacional de Piura,https://busquedas.elperuano.pe/dispositivo/NL/2346385-1,20241130
20241122,2345759-1,INSTITUCIONES EDUCATIVAS,RESOLUCION,N° 90-2024-CU-UNAMBA,Autorizan viaje de Rector y Vicerrector de Investigación de la Universidad Nacional Micaela Bastidas de Apurímac a Chile en comisión de servicios,https://busquedas.elperuano.pe/dispositivo/NL/2345759-1,20241130
20241122,2346539-1,MINISTERIO PUBLICO,RESOLUCION,N° 2670-2024-MP-FN,Aceptan renuncia de fiscal adjunto provincial provisional del Distrito Fiscal de Lima Centro,https://busquedas.elperuano.pe/dispositivo/NL/2346539-1,20241130
20241122,2345237-1,"SUPERINTENDENCIA DE BANCA, SEGUROS Y ADMINISTRADORAS PRIVADAS DE FONDOS DE PENSIONES",RESOLUCION,SBS N° 03916-2024,Autorizan viaje de funcionario para participar en eventos a realizarse en la República de Sudáfrica,https://busquedas.elperuano.pe/dispositivo/NL/2345237-1,20241130
20241122,2346014-1,GOBIERNO REGIONAL DE CAJAMARCA,ACUERDO,N° D106-2024-GR.CAJ/CR,Aprueban autorización de viaje del Gobernador Regional de Cajamarca y del Sub Gerente de Planeamiento y Cooperación Técnica Internacional para participar en evento a realizarse en Brasil,https://busquedas.elperuano.pe/dispositivo/NL/2346014-1,20241130
20241122,2345863-1,GOBIERNO REGIONAL DEL CALLAO,RESOLUCION,N° 000120,Designan Funcionario Responsable de Entregar la Información que se requiera del Gobierno Regional del Callao en virtud al Texto Único Ordenado de la Ley N° 27806,https://busquedas.elperuano.pe/dispositivo/NL/2345863-1,20241130
20241122,2345552-1,GOBIERNO REGIONAL DE LA LIBERTAD,RESOLUCION,N° 000827-2024-GRLL-GGR-GREMH,Disponen publicación de la relación de concesiones mineras cuyos títulos fueron aprobados en agosto setiembre y octubre del año 2024,https://busquedas.elperuano.pe/dispositivo/NL/2345552-1,20241130
20241122,2347000-1,MUNICIPALIDAD DE BARRANCO,Decretos de Alcaldía,N° 018-2024-MDB.,Prorrogan vigencia de la Ordenanza N.º 645-2024-MDB que aprobó beneficio tributario de descuentos,https://epdoc2.elperuano.pe/EpPo/VistaDE.asp?Referencias=MjM0NzAwMC0xMjAyNDExMjI=,20241130
20241122,2346389-1,MUNICIPALIDAD DE COMAS,DECRETO DE ALCALDIA,N° 014-2024-AL/MDC,Prorrogan vigencia de la Ordenanza Municipal N°697/MDC Ordenanza que regula el procedimiento administrativo de visación de planos de trazado y lotización para viabilizar la dotación de servicios básicos a posesiones informales ubicadas en el distrito de Comas,https://busquedas.elperuano.pe/dispositivo/NL/2346389-1,20241130
20241122,2346680-1,MUNICIPALIDAD DE LURIGANCHO CHOSICA,ACUERDO,N° 092-2024/MDL,Autorizan viajes de alcalde y regidores a EE.UU. Argentina y a la ciudad del Cusco en comisión de servicios,https://busquedas.elperuano.pe/dispositivo/NL/2346680-1,20241130
20241122,2344742-1,MUNICIPALIDAD DE SURQUILLO,Acuerdo,N° 45-2024-MDS,Declaran desfavorable solicitud de Cambio de Zonificación de Industria Elemental y Complementaria a Comercio Zonal para predio ubicado en el distrito,https://epdoc2.elperuano.pe/EpPo/VistaDE.asp?Referencias=MjM0NDc0Mi0xMjAyNDExMjI=,20241130
20241122,2346534-1,MUNICIPALIDAD DE PACHACAMAC,ORDENANZA,N° 349-2024-MDP/C,Ordenanza que aprueba como prioridad municipal el desarrollo sostenible del Destino Turístico Pachacámac y el fortalecimiento integral de sus 05 (cinco) productos turísticos,https://busquedas.elperuano.pe/dispositivo/NL/2346534-1,20241130
20241122,2345900-1,MUNICIPALIDAD PROVINCIAL DE SATIPO,ACUERDO,N° 310–2024-CM/MPS,Autorizan viaje de regidor y funcionario de la Municipalidad Provincial de Satipo para participar en pasantía tecnológica que se realizará en Colombia,https://busquedas.elperuano.pe/dispositivo/NL/2345900-1,20241130
20241122,2342944-1,MUNICIPALIDAD PROVINCIAL DEL SANTA,RESOLUCION DE ALCALDIA,N° 1148-2023-A/MPS,Designan funcionario responsable de entregar la información de acceso público de la Municipalidad Provincial del Santa,https://busquedas.elperuano.pe/dispositivo/NL/2342944-1,20241130
20241122,2342945-1,MUNICIPALIDAD PROVINCIAL DEL SANTA,RESOLUCION DE ALCALDIA,N° 0631-2024-A/MPS,Designan funcionario responsable de la elaboración y actualización del Portal de Transparencia de la Municipalidad Provincial del Santa,https://busquedas.elperuano.pe/dispositivo/NL/2342945-1,20241130
20241121,2346262-1,CONGRESO DE LA REPUBLICA,LEY,N° 32166,Ley que modifica la Ley 26859 Ley Orgánica de Elecciones con el fin de ampliar los locales de votación y el horario de la jornada electoral así como de promover el sufragio del personal activo de las Fuerzas Armadas y de la Policía Nacional del Perú,https://busquedas.elperuano.pe/dispositivo/NL/2346262-1,20241130
20241121,2346262-2,CONGRESO DE LA REPUBLICA,LEY,N° 32167,Ley que modifica la Ley 31335 Ley de perfeccionamiento de la asociatividad de los productores agrarios en cooperativas agrarias a fin de precisar el plazo de inscripción en el Registro Nacional de Cooperativas Agrarias,https://busquedas.elperuano.pe/dispositivo/NL/2346262-2,20241130
20241121,2346262-3,CONGRESO DE LA REPUBLICA,LEY,N° 32168,Ley que modifica la Ley 29446 Ley que declara la ejecución prioritaria del Proyecto Especial Chinecas incorporando acciones de señalización y delimitación física de los terrenos que lo integran,https://busquedas.elperuano.pe/dispositivo/NL/2346262-3,20241130
20241121,2346262-4,CONGRESO DE LA REPUBLICA,LEY,N° 32169,Ley que modifica el Código Penal Decreto Legislativo 635 a fin de salvaguardar la indemnidad sexual de los menores de edad y agilizar los procesos en casos de violación sexual,https://busquedas.elperuano.pe/dispositivo/NL/2346262-4,20241130
20241121,2346678-1,CONGRESO DE LA REPUBLICA,LEY,N° 32170,Ley que modifica el Decreto Legislativo 1147 Decreto Legislativo que regula el fortalecimiento de las Fuerzas Armadas en las competencias de la Autoridad Marítima Nacional - Dirección General de Capitanías y Guardacostas a fin de establecer el procedimiento del uso de la fuerza,https://busquedas.elperuano.pe/dispositivo/NL/2346678-1,20241130
20241121,2346678-2,CONGRESO DE LA REPUBLICA,LEY,N° 32171,Ley que autoriza excepcionalmente el nombramiento de los docentes contratados en las universidades públicas para la categoría de profesor auxiliar y profesor asociado,https://busquedas.elperuano.pe/dispositivo/NL/2346678-2,20241130
20241121,2346678-3,CONGRESO DE LA REPUBLICA,LEY,N° 32172,Ley que establece medidas presupuestarias para asegurar el otorgamiento del subsidio económico dispuesto mediante el Decreto de Urgencia 021-2022 Decreto de Urgencia que establece medidas para promover el servicio de transporte público terrestre de mercancías y el servicio de transporte regular de personas y dicta otras medidas,https://busquedas.elperuano.pe/dispositivo/NL/2346678-3,20241130
20241121,2345977-1,PRESIDENCIA DEL CONSEJO DE MINISTROS,RESOLUCION MINISTERIAL,N° 311-2024-PCM,Designan Subsecretario I de la Subsecretaría de Administración Pública de la Secretaría de Gestión Pública de la PCM,https://busquedas.elperuano.pe/dispositivo/NL/2345977-1,20241130
20241121,2346037-1,PRESIDENCIA DEL CONSEJO DE MINISTROS,RESOLUCION MINISTERIAL,N° 313-2024-PCM,Autorizan transferencia financiera de recursos a favor del Programa de las Naciones Unidas para el Desarrollo (PNUD) para la ejecución del Proyecto PNUD 00099416 – ID 000102705 Gestión Territorial del Desarrollo,https://busquedas.elperuano.pe/dispositivo/NL/2346037-1,20241130
20241121,2346104-1,DEFENSA,RESOLUCION MINISTERIAL,N° 01639-2024-DE,Autorizan viaje de personal militar del Ejército del Perú a Brasil en misión de estudios,https://busquedas.elperuano.pe/dispositivo/NL/2346104-1,20241130
20241121,2346110-1,DEFENSA,RESOLUCION MINISTERIAL,N° 01638-2024-DE,Autorizan viaje de personal militar y civil para participar en visita de verificación técnica y operativa a la Compañía de Ingeniería Perú desplegada en la Misión Multidimensional Integrada de Estabilización de las Naciones Unidas en la República Centroafricana (MINUSCA),https://busquedas.elperuano.pe/dispositivo/NL/2346110-1,20241130
20241121,2345513-1,DEFENSA,RESOLUCION MINISTERIAL,N° 01629-2024-DE,Autorizan viaje de personal militar FAP a EE.UU. en comisión de servicios,https://busquedas.elperuano.pe/dispositivo/NL/2345513-1,20241130
20241121,2346160-1,DEFENSA,RESOLUCION MINISTERIAL,N° 01633-2024-DE,Autorizan viaje de oficial de la Marina de Guerra del Perú a Argentina en misión de estudios,https://busquedas.elperuano.pe/dispositivo/NL/2346160-1,20241130
20241121,2346143-1,DEFENSA,RESOLUCION MINISTERIAL,N° 01635-2024-DE,Autorizan viaje de oficial de la Marina de Guerra del Perú a los EE.UU. en comisión de servicios,https://busquedas.elperuano.pe/dispositivo/NL/2346143-1,20241130
20241121,2345789-1,DESARROLLO E INCLUSIÓN SOCIAL,RESOLUCION,N° D00002-2024-OFIS-PE,Aprueban el Texto Integrado del Reglamento de Organización y Funciones del Organismo de Focalización e Información Social (OFIS),https://busquedas.elperuano.pe/dispositivo/NL/2345789-1,20241130
20241121,2346245-1,DESARROLLO E INCLUSIÓN SOCIAL,RESOLUCION MINISTERIAL,N° D000169-2024-MIDIS,Conforman el Comité de Seguimiento de Inversiones del Ministerio de Desarrollo e Inclusión Social y aprueban su reglamento,https://busquedas.elperuano.pe/dispositivo/NL/2346245-1,20241130
20241121,2346163-1,EDUCACION,RESOLUCION VICE MINISTERIAL,N° 135-2024-MINEDU,Aprueban Disposiciones para la implementación progresiva de la conversión de plazas eventuales de profesores de Educación Física a plazas orgánicas para el Año Fiscal 2024 en el marco de lo establecido en la Ley N° 30432,https://busquedas.elperuano.pe/dispositivo/NL/2346163-1,20241130
20241121,2345819-1,INTERIOR,RESOLUCION MINISTERIAL,N° 1426-2024-IN,Designan Director de la Dirección de Prevención y Gestión de Conflictos Sociales de la Dirección General de Orden Público del Despacho Viceministerial de Orden Interno,https://busquedas.elperuano.pe/dispositivo/NL/2345819-1,20241130
20241121,2346678-4,JUSTICIA Y DERECHOS HUMANOS,RESOLUCION SUPREMA,N° 335-2024-JUS,Acceden a solicitud de extradición activa de ciudadana peruana para ser extraditada del Reino de España y ser procesada en la República del Perú,https://busquedas.elperuano.pe/dispositivo/NL/2346678-4,20241130
20241121,2346449-1,PRODUCE,RESOLUCION MINISTERIAL,N° 00459-2024-PRODUCE,Autorizan viaje de Asesora de la Presidencia Ejecutiva de SANIPES a la Confederación Suiza en comisión de servicios,https://busquedas.elperuano.pe/dispositivo/NL/2346449-1,20241130
20241121,2346165-1,PRODUCE,RESOLUCION MINISTERIAL,N° 00453-2024-PRODUCE,Autorizan al Instituto del Mar del Perú - IMARPE la ejecución de la Operación EUREKA para el recurso jurel con la participación de embarcaciones pesqueras artesanales en el área marítima comprendida entre las localidades de Lomas y Morro Sama,https://busquedas.elperuano.pe/dispositivo/NL/2346165-1,20241130
20241121,2346180-1,PRODUCE,RESOLUCION MINISTERIAL,N° 00454-2024-PRODUCE,Disponen publicar listado de recursos hidrobiológicos plenamente explotados,https://busquedas.elperuano.pe/dispositivo/NL/2346180-1,20241130
20241121,2346199-1,PRODUCE,RESOLUCION MINISTERIAL,N° 00455-2024-PRODUCE,Autorizan viaje de servidores para que participen en evento que se realizará en Francia,https://busquedas.elperuano.pe/dispositivo/NL/2346199-1,20241130
20241121,2346397-1,SALUD,RESOLUCION MINISTERIAL,N° 807-2024/MINSA,Aprueban el Documento Técnico: Lineamientos para la vacunación contra el dengue durante la ejecución del Plan Piloto 2024 - 2025,https://busquedas.elperuano.pe/dispositivo/NL/2346397-1,20241130
20241121,2346226-1,TRABAJO Y PROMOCION DEL EMPLEO,FE DE ERRATA,R.M. N° 179-2024-TR,FE DE ERRATA,https://busquedas.elperuano.pe/dispositivo/NL/2346226-1,20241130
20241121,2346262-5,TRABAJO Y PROMOCION DEL EMPLEO,RESOLUCION SUPREMA,N° 016-2024-TR,Formalizan aceptación de renuncia al cargo de Vocal Alterna de la Primera Sala del Tribunal de Fiscalización Laboral de la Superintendencia Nacional de Fiscalización Laboral - SUNAFIL ante el Consejo Directivo de la SUNAFIL; y declaran la vacancia del cargo,https://busquedas.elperuano.pe/dispositivo/NL/2346262-5,20241130
20241121,2345758-1,"VIVIENDA, CONSTRUCCIÓN Y SANEAMIENTO",RESOLUCION MINISTERIAL,N° 431-2024-VIVIENDA,Modifican el artículo 21 de la Norma Técnica CE.040 Drenaje Pluvial del Reglamento Nacional de Edificaciones,https://busquedas.elperuano.pe/dispositivo/NL/2345758-1,20241130
20241121,2346329-1,BIBLIOTECA NACIONAL DEL PERU,RESOLUCION JEFATURAL,N° 000190-2024-BNP,Designan Coordinador de Logística y Control Patrimonial de la Oficina de Administración,https://busquedas.elperuano.pe/dispositivo/NL/2346329-1,20241130
20241121,2345784-1,ORGANISMO DE SUPERVISION DE LOS RECURSOS FORESTALES Y DE FAUNA SILVESTRE,RESOLUCION,N° 00058-2024-OSINFOR/01.1,Designan Asesor de Jefatura del Organismo de Supervisión de los Recursos Forestales y de Fauna Silvestre – OSINFOR,https://busquedas.elperuano.pe/dispositivo/NL/2345784-1,20241130
20241121,2345787-1,ORGANISMO SUPERVISOR DE LA INVERSIÓN EN ENERGÍA Y MINERÍA,RESOLUCION,N° 189-2024-OS/CD,Disponen medida transitoria de excepción de la obligación de inscripción en el Registro de Hidrocarburos como Consumidor Directo con Instalaciones Estratégicas a favor de la Marina de Guerra del Perú,https://busquedas.elperuano.pe/dispositivo/NL/2345787-1,20241130
20241121,2345763-1,ORGANISMO SUPERVISOR DE LA INVERSIÓN EN ENERGÍA Y MINERÍA,RESOLUCION,N° 188-2024-OS/CD,Resolución de Consejo Directivo que aprueba la Directiva de acceso en línea a la información sobre el estado de requerimientos de usuarios en el Servicio Público de Electricidad,https://busquedas.elperuano.pe/dispositivo/NL/2345763-1,20241130
20241121,2345469-1,ORGANISMO SUPERVISOR DE INVERSION PRIVADA EN TELECOMUNICACIONES,RESOLUCION,N° 00407-2024-GG/OSIPTEL,Aprueban modificación del Manual de Clasificación de Cargos del Organismo Supervisor de la Inversión Privada en Telecomunicaciones,https://busquedas.elperuano.pe/dispositivo/NL/2345469-1,20241130
20241121,2346149-1,AGENCIA DE PROMOCIÓN DE LA INVERSIÓN PRIVADA,RESOLUCION,N° 108-2024,Designan Profesional V – Especialista Técnico V de la Dirección Ejecutiva de PROINVERSIÓN,https://busquedas.elperuano.pe/dispositivo/NL/2346149-1,20241130
20241121,2346051-1,AUTORIDAD DE TRANSPORTE URBANO PARA LIMA Y CALLAO,RESOLUCION,N° 251-2024-ATU/PE,Designan Jefe de la Oficina de Planeamiento y Presupuesto de la ATU,https://busquedas.elperuano.pe/dispositivo/NL/2346051-1,20241130
20241121,2346269-1,AUTORIDAD DE TRANSPORTE URBANO PARA LIMA Y CALLAO,RESOLUCION,N° 252-2024-ATU/PE,Designan Asesora I de la Gerencia General de la ATU,https://busquedas.elperuano.pe/dispositivo/NL/2346269-1,20241130
20241121,2345726-1,INSTITUTO NACIONAL DE DEFENSA DE LA COMPETENCIA Y DE LA PROTECCION DE LA PROPIEDAD INTELECTUAL,RESOLUCION,N° 0062-2024/CEB-INDECOPI,Declaran barreras burocráticas ilegales diversas medidas contenidas en la Ordenanza N° 684-2023-MSS de la Municipalidad Distrital de Santiago de Surco sobre prestación de servicios públicos de telecomunicaciones,https://busquedas.elperuano.pe/dispositivo/NL/2345726-1,20241130
20241121,2345436-1,SUPERINTENDENCIA NACIONAL DE ADUANAS Y DE ADMINISTRACIÓN TRIBUTARIA,RESOLUCION,N° 000191-2024-SUNAT/800000,Designan Fedatarios Administrativos Titulares de la Intendencia Lima,https://busquedas.elperuano.pe/dispositivo/NL/2345436-1,20241130
20241121,2346251-1,SUPERINTENDENCIA NACIONAL DE ADUANAS Y DE ADMINISTRACIÓN TRIBUTARIA,RESOLUCION,N° 000254-2024/SUNAT,Designan Director Ejecutivo de la Unidad Ejecutora Mejoramiento del Sistema de Información de la SUNAT – MSI,https://busquedas.elperuano.pe/dispositivo/NL/2346251-1,20241130
20241121,2346249-1,SUPERINTENDENCIA NACIONAL DE FISCALIZACIÓN LABORAL,RESOLUCION,N° 258-2024-SUNAFIL,Aprueban la Directiva para la fiscalización de la normativa sobre la protección de la maternidad y paternidad en el trabajo,https://busquedas.elperuano.pe/dispositivo/NL/2346249-1,20241130
20241121,2345845-1,SUPERINTENDENCIA NACIONAL DE LOS REGISTROS PUBLICOS,RESOLUCION JEFATURAL,N° 00615-2024-SUNARP/ZRIX/JEF,Nombran Martilleros Públicos a Nivel Nacional,https://busquedas.elperuano.pe/dispositivo/NL/2345845-1,20241130
20241121,2346111-1,CONSEJO EJECUTIVO DEL PODER JUDICIAL,RESOLUCION ADMINISTRATIVA,N° 000393-2024-CE-PJ,Implementan el Módulo Corporativo Civil de Litigación Oral en la Corte Superior de Justicia de Ucayali,https://busquedas.elperuano.pe/dispositivo/NL/2346111-1,20241130
20241121,2346123-1,CONSEJO EJECUTIVO DEL PODER JUDICIAL,RESOLUCION ADMINISTRATIVA,N° 000394-2024-CE-PJ,Designan Jueza Provisional del Juzgado Transitorio Especializado en Extinción de Dominio de la Corte Superior de Justicia de Puno,https://busquedas.elperuano.pe/dispositivo/NL/2346123-1,20241130
20241121,2346095-1,CONSEJO EJECUTIVO DEL PODER JUDICIAL,RESOLUCION ADMINISTRATIVA,N° 000392-2024-CE-PJ,Disponen medidas administrativas en las Cortes Superiores de Justicia de Cajamarca y Lambayeque y dictan otras disposiciones,https://busquedas.elperuano.pe/dispositivo/NL/2346095-1,20241130
20241121,2345248-1,INSTITUCIONES EDUCATIVAS,RESOLUCION,N° 3155-2024-R-UNA,Conceden licencia a docentes de la Universidad Nacional del Altiplano - Puno para participar en evento a realizarse en España,https://busquedas.elperuano.pe/dispositivo/NL/2345248-1,20241130
20241121,2345748-1,INSTITUCIONES EDUCATIVAS,RESOLUCION,N° 942-2024-R,Autorizan viaje de decana de la Facultad de Medicina Veterinaria y docente de la Universidad Nacional Pedro Ruiz Gallo a Uruguay en comisión de servicios,https://busquedas.elperuano.pe/dispositivo/NL/2345748-1,20241130
20241121,2343332-1,INSTITUCIONES EDUCATIVAS,RESOLUCION,N° 1040-2024-UNAB,Autorizan licencia a favor de docente de la Universidad Nacional de Barranca para realizar pasantía en Colombia,https://busquedas.elperuano.pe/dispositivo/NL/2343332-1,20241130
20241121,2345208-1,INSTITUCIONES EDUCATIVAS,RESOLUCION,N° 1283-2024-CU-UNH,Autorizan viaje a México de docentes ganadores del Programa de Movilidad Académica y de Investigación para Docentes de la Universidad Nacional de Huancavelica - 2024,https://busquedas.elperuano.pe/dispositivo/NL/2345208-1,20241130
20241121,2345790-1,JURADO NACIONAL DE ELECCIONES,RESOLUCION,N° 0386-2024-JNE,Convocan a ciudadana para que asuma el cargo de regidora del Concejo Distrital de Santa Cruz provincia de Huaylas departamento de Áncash,https://busquedas.elperuano.pe/dispositivo/NL/2345790-1,20241130
20241121,2346112-1,JURADO NACIONAL DE ELECCIONES,RESOLUCION,N° 0356-2024-JNE,Declaran nulo lo actuado hasta la citación dirigida a regidor del Concejo Distrital de San Silvestre de Cochán provincia de San Miguel departamento de Cajamarca para que asista a la sesión extraordinaria de concejo en la que se evaluó la solicitud de vacancia seguida en su contra; y dictan otras disposiciones,https://busquedas.elperuano.pe/dispositivo/NL/2346112-1,20241130
20241121,2346116-1,JURADO NACIONAL DE ELECCIONES,RESOLUCION,N° 0355-2024-JNE,Declaran nulo lo actuado a partir del acto de notificación del Acuerdo de Concejo Nº 005-2024-MDMB dirigido a regidor del Concejo Distrital de Mariscal Benavides provincia de Rodríguez de Mendoza departamento de Amazonas; y dictan otras disposiciones,https://busquedas.elperuano.pe/dispositivo/NL/2346116-1,20241130
20241121,2346067-1,JURADO NACIONAL DE ELECCIONES,RESOLUCION,N° 0379-2024-JNE,Declaran nulo el Acuerdo de Concejo Nº 09-Sesión Extraordinaria N° 12-2024-MDB que declaró improcedente pedido de vacancia formulado en contra de regidor del Concejo Distrital de Bernal provincia de Sechura departamento de Piura,https://busquedas.elperuano.pe/dispositivo/NL/2346067-1,20241130
20241121,2346070-1,JURADO NACIONAL DE ELECCIONES,RESOLUCION,N° 0380-2024-JNE,Confirman el Acuerdo de Concejo Nº 040-2024-MDSJ/C que declaró improcedente solicitud de vacancia presentada en contra de regidora del Concejo Distrital de San Jerónimo provincia y departamento de Cusco,https://busquedas.elperuano.pe/dispositivo/NL/2346070-1,20241130
20241121,2346073-1,JURADO NACIONAL DE ELECCIONES,RESOLUCION,N° 0381-2024-JNE,Confirman el Acuerdo de Concejo Nº 037-2024/MDIE-A que declaró improcedente solicitud de vacancia presentada en contra de alcalde de la Municipalidad Distrital de Ignacio Escudero provincia de Sullana departamento de Piura en extremo relacionado a contratación; y dictan otras disposiciones,https://busquedas.elperuano.pe/dispositivo/NL/2346073-1,20241130
20241121,2345853-1,JURADO NACIONAL DE ELECCIONES,RESOLUCION,N° 0388-2024-JNE,Declaran nulo el Acuerdo Municipal Nº 03-2024-MPC que declaró infundada solicitud de vacancia formulada en contra de regidor del Concejo Provincial de Cusco departamento de Cusco,https://busquedas.elperuano.pe/dispositivo/NL/2345853-1,20241130
20241121,2346021-1,JURADO NACIONAL DE ELECCIONES,RESOLUCION,N° 0365-2024-JNE,Declaran fundado recurso de apelación interpuesto por regidora del Concejo Provincial de Huánuco departamento de Huánuco; en consecuencia revocan el Acuerdo de Concejo Nº 001-2024-MPHCO/E que aprobó su vacancia; y reformándolo declaran infundada solicitud de vacancia presentada en su contra,https://busquedas.elperuano.pe/dispositivo/NL/2346021-1,20241130
20241121,2346022-1,JURADO NACIONAL DE ELECCIONES,RESOLUCION,N° 0383-2024-JNE,Declaran nulo el Acuerdo de Concejo Nº 057-2024-MDCH que declaró infundada solicitud de vacancia presentada en contra de alcalde de la Municipalidad Distrital de Chaccho provincia de Antonio Raimondi departamento de Áncash,https://busquedas.elperuano.pe/dispositivo/NL/2346022-1,20241130
20241121,2346023-1,JURADO NACIONAL DE ELECCIONES,RESOLUCION,N° 0382-2024-JNE,Declaran fundado recurso de apelación interpuesto por regidor del Concejo Distrital de San Jerónimo de Tunán provincia de Huancayo departamento de Junín; revocan el Acuerdo de Concejo Municipal Nº 038-2024-MDSJT/CM y reformándolo declaran infundada solicitud de vacancia presentada en su contra,https://busquedas.elperuano.pe/dispositivo/NL/2346023-1,20241130
20241121,2346025-1,JURADO NACIONAL DE ELECCIONES,RESOLUCION,N° 0384-2024-JNE,Declaran infundado recurso de apelación y confirman la Resolución Nº 000287-2024-DNROP/JNE emitida por la Dirección Nacional de Registro de Organizaciones Políticas del Jurado Nacional de Elecciones,https://busquedas.elperuano.pe/dispositivo/NL/2346025-1,20241130
20241121,2346028-1,JURADO NACIONAL DE ELECCIONES,RESOLUCION,N° 0374-2024-JNE,Declaran nulo lo actuado hasta la citación dirigida a alcaldesa del Concejo Distrital de Quinocay provincia de Yauyos departamento de Lima para que asista a la sesión extraordinaria de concejo en la que se evaluó la suspensión en su cargo; y dictan otras disposiciones,https://busquedas.elperuano.pe/dispositivo/NL/2346028-1,20241130
20241121,2346020-1,MINISTERIO PUBLICO,RESOLUCION,N° 2658-2024-MP-FN,Nombran fiscal provincial provisional del Distrito Fiscal de Lima Centro,https://busquedas.elperuano.pe/dispositivo/NL/2346020-1,20241130
20241121,2346020-2,MINISTERIO PUBLICO,RESOLUCION,N° 2659-2024-MP-FN,Designan fiscal adjunto provincial titular penal corporativo de Huaraz Distrito Fiscal de Áncash,https://busquedas.elperuano.pe/dispositivo/NL/2346020-2,20241130
20241121,2346020-3,MINISTERIO PUBLICO,RESOLUCION,N° 2660-2024-MP-FN,Nombran fiscal adjunta provincial provisional del Distrito Fiscal de Lima Centro,https://busquedas.elperuano.pe/dispositivo/NL/2346020-3,20241130
20241121,2346232-1,MINISTERIO PUBLICO,RESOLUCION,N° 2664-2024-MP-FN,Designan fiscal como coordinadora de la Oficina de Coordinación y Asistencia en Justicia Intercultural del Ministerio Público – OCAJIMP,https://busquedas.elperuano.pe/dispositivo/NL/2346232-1,20241130
20241121,2346172-1,MINISTERIO PUBLICO,RESOLUCION,N° 2661-2024-MP-FN,Dan por concluidos nombramientos y destaques de fiscales del Distrito Fiscal de Lima Centro,https://busquedas.elperuano.pe/dispositivo/NL/2346172-1,20241130
20241121,2346172-2,MINISTERIO PUBLICO,RESOLUCION,N° 2662-2024-MP-FN,Nombran fiscales adjuntos provinciales provisionales del Distrito Fiscal de Lima Centro,https://busquedas.elperuano.pe/dispositivo/NL/2346172-2,20241130
20241121,2346172-3,MINISTERIO PUBLICO,RESOLUCION,N° 2655-2024-MP-FN,Designan y nombran fiscales en el Distrito Fiscal de Lima Centro,https://busquedas.elperuano.pe/dispositivo/NL/2346172-3,20241130
20241121,2346172-4,MINISTERIO PUBLICO,RESOLUCION,N° 2663-2024-MP-FN,Designan nombran y destacan fiscales en el Distrito Fiscal de Lima Centro,https://busquedas.elperuano.pe/dispositivo/NL/2346172-4,20241130
20241121,2346172-5,MINISTERIO PUBLICO,RESOLUCION,N° 2665-2024-MP-FN,Disponen que el ejercicio del cargo de presidente de la Junta de Fiscales Superiores del Distrito Fiscal constituya una labor adicional al desempeño de la función fiscal en el despacho fiscal que se encuentre designado u otro que se le asigne,https://busquedas.elperuano.pe/dispositivo/NL/2346172-5,20241130
20241121,2346172-6,MINISTERIO PUBLICO,RESOLUCION,N° 2666-2024-MP-FN,Nombran fiscales en el Distrito Fiscal de Lima Centro y dictan diversas disposiciones,https://busquedas.elperuano.pe/dispositivo/NL/2346172-6,20241130
20241121,2345781-1,TRIBUNAL CONSTITUCIONAL,RESOLUCION ADMINISTRATIVA,N° 199-2024-P/TC,Otorgan licencia a magistrados para que asistan a eventos a realizarse en Italia,https://busquedas.elperuano.pe/dispositivo/NL/2345781-1,20241130
20241121,2346253-1,GOBIERNO REGIONAL DE ANCASH,ORDENANZA,N° 007-2024-GRA/CR,Aprueban el Plan de Desarrollo Regional Concertado de Áncash 2024-2034,https://busquedas.elperuano.pe/dispositivo/NL/2346253-1,20241130
20241121,2346064-1,GOBIERNO REGIONAL DE LAMBAYEQUE,RESOLUCION,N° 000171-2024-GR. LAMB/GEEM [515584401 - 1],Disponen publicar concesiones mineras cuyos títulos fueron otorgados por la Gerencia Ejecutiva de Energía y Minas del Gobierno Regional de Lambayeque durante el mes de octubre del 2024,https://busquedas.elperuano.pe/dispositivo/NL/2346064-1,20241130
20241121,2345183-1,GOBIERNO REGIONAL DE PIURA,ORDENANZA,N° 510-2024/GRP-CR,Ordenanza Regional que declara de interés regional el control y erradicación de la mosca de la fruta en la Región Piura,https://busquedas.elperuano.pe/dispositivo/NL/2345183-1,20241130
20241121,2343445-1,MUNICIPALIDAD DE BARRANCO,Ordenanzas,N° 642-2024-MDB,Ordenanza Municipal que aprueba el Plan de Desarrollo Turístico Local (PDTL) 2024-2029 del distrito de Barranco,https://epdoc2.elperuano.pe/EpPo/VistaDE.asp?Referencias=MjM0MzQ0NS0xMjAyNDExMjE=,20241130
20241121,2345648-1,MUNICIPALIDAD DE SAN JUAN DE LURIGANCHO,Ordenanzas,N° 491-MDSJL,Ordenanza que prorroga para el ejercicio fiscal 2025 la vigencia de la Ordenanza Nº 455-MDSJL que estableció el monto por derecho de emisión mecanizada deactualización de valores determinación del impuesto predial y arbitrios municipales 2024 y su distribución a domicilio fiscal en el distrito de San Juan de Lurigancho,https://epdoc2.elperuano.pe/EpPo/VistaDE.asp?Referencias=MjM0NTY0OC0xMjAyNDExMjE=,20241130
20241121,2345651-1,MUNICIPALIDAD DE SAN JUAN DE LURIGANCHO,Ordenanzas,N° 490-MDSJL,Ordenanza que previene prohíbe y sanciona el acoso sexual callejero ejercido contra las personas que se encuentran en espacios públicos y/o transiten por establecimientos comerciales y/o frente a obras en edificación en especial contra mujeres niñas niños y adolescentes en la jurisdicción del distrito de San Juan de Lurigancho,https://epdoc2.elperuano.pe/EpPo/VistaDE.asp?Referencias=MjM0NTY1MS0xMjAyNDExMjE=,20241130
20241121,2345199-1,MUNICIPALIDAD DE SURQUILLO,Ordenanzas,N° 554-2024-MDS,Ordenanza que declara de interés público la promoción de la participación del sector privado en el mejoramiento de los bienes municipales servicios públicos locales e infraestructura pública en el distrito de Surquillo y aprueba el Reglamento para la tramitación y evaluación de proyectos de inversión mediante fórmulas de colaboración público privada,https://epdoc2.elperuano.pe/EpPo/VistaDE.asp?Referencias=MjM0NTE5OS0xMjAyNDExMjE=,20241130
20241121,2346078-1,MUNICIPALIDAD PROVINCIAL DEL CALLAO,DECRETO DE ALCALDIA,N° 021-2024-ALC/MPC,Aprueban la versión actualizada del Manual de Operaciones del Órgano Desconcentrado del Sistema de Servicios a la Ciudad y Protección del Medio Ambiente,https://busquedas.elperuano.pe/dispositivo/NL/2346078-1,20241130
20241121,2345220-1,RELACIONES EXTERIORES,CONVENIO,Perú - USA donacion helicópteros,Acuerdo entre el Gobierno de los Estados Unidos de América y el Gobierno de la República del Perú para la Donación de Nueve Helicópteros UH-60 (Black Hawk) y Equipo de Apoyo,https://busquedas.elperuano.pe/dispositivo/NL/2345220-1,20241130
20241121,2345225-1,RELACIONES EXTERIORES,CONVENIO,Perú - USA donacion helicópteros,Entrada en vigor del Acuerdo entre el Gobierno de los Estados Unidos de América y el Gobierno de la República del Perú para la Donación de Nueve Helicópteros UH-60 (Black Hawk) y Equipo de Apoyo,https://busquedas.elperuano.pe/dispositivo/NL/2345225-1,20241130
20241120,2346035-1,PRESIDENCIA DEL CONSEJO DE MINISTROS,RESOLUCION MINISTERIAL,N° 312-2024-PCM,Modifican la R.M. N° 229-2022-PCM mediante la cual se crea el Grupo de Trabajo de naturaleza temporal denominado Mesa de Trabajo para el Desarrollo Sostenible de la provincia de Espinar departamento de Cusco,https://busquedas.elperuano.pe/dispositivo/NL/2346035-1,20241130
20241120,2345385-1,PRESIDENCIA DEL CONSEJO DE MINISTROS,RESOLUCION MINISTERIAL,N° 307-2024-PCM,Aceptan renuncia de miembro integrante de la Comisión de Gracias Presidenciales en representación del Despacho Presidencial,https://busquedas.elperuano.pe/dispositivo/NL/2345385-1,20241130
20241120,2345387-1,PRESIDENCIA DEL CONSEJO DE MINISTROS,RESOLUCION MINISTERIAL,N° 308-2024-PCM,Formalizan el inicio del proceso de formulación de la Política Nacional Multisectorial de Prevención y Gestión de Conflictos Sociales y crean Grupo de Trabajo Multisectorial,https://busquedas.elperuano.pe/dispositivo/NL/2345387-1,20241130
20241120,2345390-1,PRESIDENCIA DEL CONSEJO DE MINISTROS,RESOLUCION MINISTERIAL,N° 309-2024-PCM,Autorizan viaje de Director de la Dirección Nacional de Investigación y Promoción de la Libre Competencia del INDECOPI para participar en eventos a realizarse en la República Francesa,https://busquedas.elperuano.pe/dispositivo/NL/2345390-1,20241130
20241120,2346261-1,PRESIDENCIA DEL CONSEJO DE MINISTROS,RESOLUCION SUPREMA,N° 242-2024-PCM,Modifican los artículos 1 y 2 de la Resolución Suprema N° 241-2024-PCM,https://busquedas.elperuano.pe/dispositivo/NL/2346261-1,20241130
20241120,2345068-1,COMERCIO EXTERIOR Y TURISMO,RESOLUCION MINISTERIAL,N° 351-2024-MINCETUR,Autorizan viaje de representantes de PROMPERÚ a México en comisión de servicios,https://busquedas.elperuano.pe/dispositivo/NL/2345068-1,20241130
20241120,2344751-1,CULTURA,RESOLUCION DIRECTORAL,N° 000516-2024-DDC CAJ/MC,Determinan la Protección Provisional del Sitio Arqueológico Forestal de Yanamango ubicado en el distrito Jesús provincia y departamento de Cajamarca,https://busquedas.elperuano.pe/dispositivo/NL/2344751-1,20241130
20241120,2345747-1,CULTURA,RESOLUCION MINISTERIAL,N° 000419-2024-MC,Designan Directora de Programa Sectorial IV de la Dirección General de Industrias Culturales y Artes,https://busquedas.elperuano.pe/dispositivo/NL/2345747-1,20241130
20241120,2345750-1,CULTURA,RESOLUCION MINISTERIAL,N° 000420-2024-MC,Designan Director de Programa Sectorial IV de la Dirección General de Patrimonio Cultural,https://busquedas.elperuano.pe/dispositivo/NL/2345750-1,20241130
20241120,2345776-1,DEFENSA,RESOLUCION MINISTERIAL,N° 01641-2024-DE,Autorizan viaje de personal FAP a Colombia en comisión de servicios,https://busquedas.elperuano.pe/dispositivo/NL/2345776-1,20241130
20241120,2345780-1,DEFENSA,RESOLUCION MINISTERIAL,N° 01642-2024-DE,Autorizan viaje de personal militar FAP a Colombia en misión de estudios,https://busquedas.elperuano.pe/dispositivo/NL/2345780-1,20241130
20241120,2345503-1,DEFENSA,RESOLUCION MINISTERIAL,N° 01627-2024-DE,Aprueban llamamiento ordinario correspondiente al Año Fiscal 2025 en el Ejército del Perú para la incorporación voluntaria al servicio militar en el activo del personal de la clase 2007 y clases anteriores mediante la modalidad de acuartelado,https://busquedas.elperuano.pe/dispositivo/NL/2345503-1,20241130
20241120,2345925-1,DESARROLLO AGRARIO Y RIEGO,RESOLUCION DIRECTORAL,N° D000039-2024-MIDAGRI-SENASA-DSV,Establecen requisitos fitosanitarios de cumplimiento obligatorio para la importación de fruta fresca de manzana de origen y procedencia de la República Federativa de Brasil,https://busquedas.elperuano.pe/dispositivo/NL/2345925-1,20241130
20241120,2345795-1,DESARROLLO AGRARIO Y RIEGO,RESOLUCION MINISTERIAL,N° 0381-2024-MIDAGRI,Modifican la R.M. Nº 0373-2024-MIDAGRI que oficializó el evento denominado V Foro Nacional de la Vicuña 2024,https://busquedas.elperuano.pe/dispositivo/NL/2345795-1,20241130
20241120,2345707-1,ECONOMIA Y FINANZAS,DECRETO SUPREMO,N° 228-2024-EF,Decreto Supremo que autoriza Transferencia de Partidas en el Presupuesto del Sector Público para el Año Fiscal 2024 a favor del Ministerio de la Producción,https://busquedas.elperuano.pe/dispositivo/NL/2345707-1,20241130
20241120,2345707-2,ECONOMIA Y FINANZAS,DECRETO SUPREMO,N° 229-2024-EF,Decreto Supremo que autoriza Transferencias de Partidas en el Presupuesto del Sector Público para el Año Fiscal 2024 a favor de la Reserva de Contingencia y de diversos gobiernos regionales y gobiernos locales,https://busquedas.elperuano.pe/dispositivo/NL/2345707-2,20241130
20241120,2345707-3,ECONOMIA Y FINANZAS,DECRETO SUPREMO,N° 230-2024-EF,Decreto Supremo que modifica los límites máximos de incorporación de mayores ingresos públicos de diversos gobiernos regionales y gobiernos locales,https://busquedas.elperuano.pe/dispositivo/NL/2345707-3,20241130
20241120,2345707-4,ECONOMIA Y FINANZAS,DECRETO SUPREMO,N° 231-2024-EF,Decreto Supremo que autoriza Transferencia de Partidas en el Presupuesto del Sector Público para el Año Fiscal 2024 a favor de la Reserva de Contingencia,https://busquedas.elperuano.pe/dispositivo/NL/2345707-4,20241130
20241120,2345707-5,ECONOMIA Y FINANZAS,DECRETO SUPREMO,N° 232-2024-EF,Decreto Supremo que modifica los límites máximos de incorporación de mayores ingresos públicos en diversos pliegos del Gobierno Nacional,https://busquedas.elperuano.pe/dispositivo/NL/2345707-5,20241130
20241120,2345707-6,ECONOMIA Y FINANZAS,DECRETO SUPREMO,N° 233-2024-EF,Decreto Supremo que aprueba una nueva Escala Remunerativa de los trabajadores sujetos al régimen laboral del Decreto Legislativo N° 728 de la Empresa Municipal Inmobiliaria de Lima S.A. - EMILIMA S.A.,https://busquedas.elperuano.pe/dispositivo/NL/2345707-6,20241130
20241120,2345707-7,INTERIOR,RESOLUCION SUPREMA,N° 191-2024-IN,Designan miembro del Consejo Directivo de la Superintendencia Nacional de Control de Servicios de Seguridad Armas Municiones y Explosivos de Uso Civil - SUCAMEC en representación del Ministerio de la Producción,https://busquedas.elperuano.pe/dispositivo/NL/2345707-7,20241130
20241120,2345889-1,JUSTICIA Y DERECHOS HUMANOS,RESOLUCION MINISTERIAL,N° 0287-2024-JUS,Declaran ilegal la huelga nacional indefinida iniciada el 12 de noviembre de 2024 por la Federación Nacional de Defensa Pública y Acceso a la Justicia del Ministerio de Justicia y Derechos Humanos,https://busquedas.elperuano.pe/dispositivo/NL/2345889-1,20241130
20241120,2343758-1,PRODUCE,RESOLUCION DIRECTORAL,N° 026-2024-INACAL/DN,Aprueban Normas Técnicas Peruanas sobre desinfección y esterilización andamios y otros,https://busquedas.elperuano.pe/dispositivo/NL/2343758-1,20241130
20241120,2345472-1,SALUD,RESOLUCION MINISTERIAL,N° 797-2024/MINSA,Disponen la publicación del proyecto de Decreto Supremo que modifica artículos del Reglamento de Establecimientos Farmacéuticos aprobado por Decreto Supremo N° 014-2011-SA y de su exposición de motivos en la sede digital del Ministerio de Salud,https://busquedas.elperuano.pe/dispositivo/NL/2345472-1,20241130
20241120,2345701-1,SALUD,RESOLUCION MINISTERIAL,N° 799-2024/MINSA,Designan Ejecutivo Adjunto I del Centro Nacional de Epidemiología Prevención y Control de Enfermedades,https://busquedas.elperuano.pe/dispositivo/NL/2345701-1,20241130
20241120,2345706-1,TRANSPORTES Y COMUNICACIONES,RESOLUCION MINISTERIAL,N° 674-2024-MTC/01.02,Autorizan viaje de inspector de la Dirección General de Aeronáutica Civil a los Estados Unidos de América en comisión de servicios,https://busquedas.elperuano.pe/dispositivo/NL/2345706-1,20241130
20241120,2345483-1,"VIVIENDA, CONSTRUCCIÓN Y SANEAMIENTO",RESOLUCION MINISTERIAL,N° 429-2024-VIVIENDA,Aprueban la Cuadragésima cuarta convocatoria del año 2024 para el otorgamiento del Bono de Arrendamiento de Vivienda para Emergencias en atención al Decreto Supremo N° 124-2024-PCM,https://busquedas.elperuano.pe/dispositivo/NL/2345483-1,20241130
20241120,2345532-1,ARCHIVO GENERAL DE LA NACION,RESOLUCION JEFATURAL,N° 000311-2024-AGN/JEF,Disponen la prepublicación del proyecto normativo denominado: Norma para el Plan Regional de Archivos de los Archivos Regionales,https://busquedas.elperuano.pe/dispositivo/NL/2345532-1,20241130
20241120,2344947-1,CENTRAL DE COMPRAS PÚBLICAS,RESOLUCION JEFATURAL,N° 000193-2024-PERÚ COMPRAS-JEFATURA,Aprueban el documento denominado Lineamientos para el cumplimiento del Decreto Supremo N° 072-2024-EF que aprueba las Compras Corporativas Obligatorias para la adquisición de consumibles útiles de oficina y materiales de aseo y limpieza a través de los Catálogos Electrónicos de Acuerdo Marco y dicta otras disposiciones,https://busquedas.elperuano.pe/dispositivo/NL/2344947-1,20241130
20241120,2345631-1,INSTITUTO PERUANO DE ENERGIA NUCLEAR,RESOLUCION,N° D000076-2024-IPEN-PRES,Designan Ejecutiva de Logística del Instituto Peruano de Energía Nuclear – IPEN,https://busquedas.elperuano.pe/dispositivo/NL/2345631-1,20241130
20241120,2345201-1,ORGANISMO DE SUPERVISION DE LOS RECURSOS FORESTALES Y DE FAUNA SILVESTRE,RESOLUCION,N° 00056-2024-OSINFOR/01.1,Designan Ejecutiva de la Subdirección de Supervisión y Fiscalización de Permisos y Autorizaciones de la Dirección de Supervisión y Fiscalización Forestal y de Fauna Silvestre del OSINFOR,https://busquedas.elperuano.pe/dispositivo/NL/2345201-1,20241130
20241120,2345548-1,SEGURO INTEGRAL DE SALUD,RESOLUCION JEFATURAL,N° 000171-2024-SIS/J,Aprueban Transferencia Financiera a favor de unidades ejecutoras para el financiamiento de prestaciones brindadas a los asegurados del SIS,https://busquedas.elperuano.pe/dispositivo/NL/2345548-1,20241130
20241120,2345556-1,SEGURO INTEGRAL DE SALUD,RESOLUCION JEFATURAL,N° 000172-2024-SIS/J,Aprueban transferencia financiera a favor de unidades ejecutoras para el financiamiento de las prestaciones de salud brindadas a los asegurados del Seguro Integral de Salud,https://busquedas.elperuano.pe/dispositivo/NL/2345556-1,20241130
20241120,2345871-1,SERVICIO NACIONAL DE CAPACITACION PARA LA INDUSTRIA DE LA CONSTRUCCION,RESOLUCION,N° 000203-2024-02.00/SENCICO,Designan Gerente de la Oficina de Planificación y Presupuesto del SENCICO,https://busquedas.elperuano.pe/dispositivo/NL/2345871-1,20241130
20241120,2345710-1,AUTORIDAD NACIONAL DEL AGUA,RESOLUCION JEFATURAL,N° 0452-2024-ANA,Aprueban la creación y delimitación del ámbito territorial de la Administración Local de Agua Bajo Apurímac en el ámbito de la Autoridad Administrativa del Agua Pampas- Apurímac,https://busquedas.elperuano.pe/dispositivo/NL/2345710-1,20241130
20241120,2345568-1,INSTITUTO NACIONAL DE ESTADISTICA E INFORMATICA,RESOLUCION JEFATURAL,N° 274-2024-INEI,Aprueban Índices Unificados de Precios de la Construcción para las seis (6) Áreas Geográficas correspondientes al mes de octubre de 2024,https://busquedas.elperuano.pe/dispositivo/NL/2345568-1,20241130
20241120,2345572-1,INSTITUTO NACIONAL DE ESTADISTICA E INFORMATICA,RESOLUCION JEFATURAL,N° 275-2024-INEI,Aprueban Factores de Reajuste que deben aplicarse a las obras de edificación correspondientes a las seis (6) Áreas Geográficas para las Obras del Sector Privado producidas en octubre de 2024,https://busquedas.elperuano.pe/dispositivo/NL/2345572-1,20241130
20241120,2342959-1,PROCURADURÍA GENERAL DEL ESTADO,RESOLUCION,N° D000761-2024-JUS/PGE-PG,Aprobación de la Directiva que regula el proceso de selección para la designación de procuradores públicos y procuradores públicos adjuntos,https://epdoc2.elperuano.pe/EpPo/VistaNLSE.asp?Referencias=MjM0Mjk1OS0xMjAyNDExMjA=,20241130
20241120,2345649-1,SUPERINTENDENCIA NACIONAL DE ADUANAS Y DE ADMINISTRACIÓN TRIBUTARIA,RESOLUCION,N° 000193-2024-SUNAT/800000,Designan Supervisor 1 de la División de Clima Laboral y Comunicación Interna de la Gerencia de Relaciones Humanas,https://busquedas.elperuano.pe/dispositivo/NL/2345649-1,20241130
20241120,2345700-1,SUPERINTENDENCIA NACIONAL DE ADUANAS Y DE ADMINISTRACIÓN TRIBUTARIA,RESOLUCION,N° 000252-2024/SUNAT,Designan Gerente de Gestión de Contrataciones de la Intendencia Nacional de Administración,https://busquedas.elperuano.pe/dispositivo/NL/2345700-1,20241130
20241120,2345527-1,CONSEJO EJECUTIVO DEL PODER JUDICIAL,RESOLUCION ADMINISTRATIVA,N° 000141-2024-P-CE-PJ,Autorizan viaje de jueza superior titular de la Corte Superior de Justicia de Lima Sur a Colombia para participar en el curso Una justicia eficaz: Gestión de recursos humanos y mediación intrajudicial. Tercera edición,https://busquedas.elperuano.pe/dispositivo/NL/2345527-1,20241130
20241120,2345536-1,CONSEJO EJECUTIVO DEL PODER JUDICIAL,RESOLUCION ADMINISTRATIVA,N° 000388-2024-CE-PJ,Disponen la implementación del inventario electrónico en la Corte Suprema de Justicia de la República e inventario automático en las Cortes Superiores de Justicia a nivel nacional con vigencia a partir del año 2024,https://busquedas.elperuano.pe/dispositivo/NL/2345536-1,20241130
20241120,2345541-1,CONSEJO EJECUTIVO DEL PODER JUDICIAL,RESOLUCION ADMINISTRATIVA,N° 000390-2024-CE-PJ,Establecen disposiciones sobre las vacaciones en el Año Judicial 2025 para jueces juezas y personal auxiliar,https://busquedas.elperuano.pe/dispositivo/NL/2345541-1,20241130
20241120,2345544-1,CONSEJO EJECUTIVO DEL PODER JUDICIAL,RESOLUCION ADMINISTRATIVA,N° 000391-2024-CE-PJ,Disponen inclusión del Juzgado de Familia Permanente de Bagua y el Equipo Multidisciplinario de la Corte Superior de Justicia de Amazonas al ámbito de acción del Programa Presupuestal N° 0067 Celeridad en los Procesos Judiciales de Familia,https://busquedas.elperuano.pe/dispositivo/NL/2345544-1,20241130
20241120,2345354-1,CONSEJO EJECUTIVO DEL PODER JUDICIAL,RESOLUCION ADMINISTRATIVA,N° 000380-2024-CE-PJ,Disponen ampliación de la implementación del Expediente Judicial Electrónico y la Mesa de Partes Electrónica para la especialidad Laboral – Nueva Ley Procesal del Trabajo en diversos órganos jurisdiccionales de la Corte Superior de Justicia de Ica,https://busquedas.elperuano.pe/dispositivo/NL/2345354-1,20241130
20241120,2345359-1,CONSEJO EJECUTIVO DEL PODER JUDICIAL,RESOLUCION ADMINISTRATIVA,N° 000381-2024-CE-PJ,Disponen implementación del Expediente Judicial Electrónico y la Mesa de Partes Electrónica para la especialidad Laboral – subespecialidad Contencioso Administrativo Laboral y Previsional en diversos órganos jurisdiccionales de la Corte Superior de Justicia del Santa,https://busquedas.elperuano.pe/dispositivo/NL/2345359-1,20241130
20241120,2345366-1,CONSEJO EJECUTIVO DEL PODER JUDICIAL,RESOLUCION ADMINISTRATIVA,N° 000382-2024-CE-PJ,Disponen implementación del Expediente Judicial Electrónico y la Mesa de Partes Electrónica para la especialidad Civil – subespecialidad Comercial en diversos órganos jurisdiccionales de la Corte Superior de Justicia de La Libertad,https://busquedas.elperuano.pe/dispositivo/NL/2345366-1,20241130
20241120,2345370-1,CONSEJO EJECUTIVO DEL PODER JUDICIAL,RESOLUCION ADMINISTRATIVA,N° 000383-2024-CE-PJ,Disponen implementación del Expediente Judicial Electrónico y la Mesa de Partes Electrónica para la especialidad Laboral – subespecialidad Contencioso Administrativo Laboral y Previsional en diversos órganos jurisdiccionales de la Corte Superior de Justicia de Cusco,https://busquedas.elperuano.pe/dispositivo/NL/2345370-1,20241130
20241120,2345373-1,CONSEJO EJECUTIVO DEL PODER JUDICIAL,RESOLUCION ADMINISTRATIVA,N° 000384-2024-CE-PJ,Disponen implementación del Expediente Judicial Electrónico y la Mesa de Partes Electrónica para la especialidad Civil – subespecialidad Comercial en diversos órganos jurisdiccionales de la Corte Superior de Justicia de Puno,https://busquedas.elperuano.pe/dispositivo/NL/2345373-1,20241130
20241120,2345376-1,CONSEJO EJECUTIVO DEL PODER JUDICIAL,RESOLUCION ADMINISTRATIVA,N° 000385-2024-CE-PJ,Disponen ampliación de la implementación del Expediente Judicial Electrónico y la Mesa de Partes Electrónica para la especialidad Laboral – Nueva Ley Procesal del Trabajo en diversos órganos jurisdiccionales de la Corte Superior de Justicia de Piura,https://busquedas.elperuano.pe/dispositivo/NL/2345376-1,20241130
20241120,2346250-1,CONTRALORIA GENERAL DE LA REPUBLICA,FE DE ERRATA,Res. N° 689-2024-CG,FE DE ERRATA,https://busquedas.elperuano.pe/dispositivo/NL/2346250-1,20241130
20241120,2345105-1,INSTITUCIONES EDUCATIVAS,RESOLUCION,N° 0675-2024/UNTUMBES-R.,Autorizan viaje de docente de la Universidad Nacional de Tumbes a Colombia en comisión de servicios,https://busquedas.elperuano.pe/dispositivo/NL/2345105-1,20241130
20241120,2345296-1,INSTITUCIONES EDUCATIVAS,RESOLUCION,N° 0938-2024-R-UNALM,Dejan sin efecto la Resolución N° 0856-2024-R-UNALM de la Universidad Nacional Agraria La Molina,https://busquedas.elperuano.pe/dispositivo/NL/2345296-1,20241130
20241120,2345050-1,INSTITUCIONES EDUCATIVAS,RESOLUCION,N° 0671-2024/UNTUMBES-R.,Autorizan viaje de docente de la Universidad Nacional de Tumbes para participar en evento que se realizará en Colombia,https://busquedas.elperuano.pe/dispositivo/NL/2345050-1,20241130
20241120,2345505-1,INSTITUCIONES EDUCATIVAS,RESOLUCION,N° 0981-2024-R-UNALM,Autorizan viaje de jefe de práctica de la Universidad Nacional Agraria La Molina a Argentina en comisión de servicios,https://busquedas.elperuano.pe/dispositivo/NL/2345505-1,20241130
20241120,2345506-1,JURADO NACIONAL DE ELECCIONES,RESOLUCION,N° 0370-2024-JNE,Confirman el Acuerdo de Concejo Nº 069-2024-MDSB que desaprobó pedido de vacancia presentado en contra de regidor del Concejo Distrital de San Bartolo provincia y departamento de Lima,https://busquedas.elperuano.pe/dispositivo/NL/2345506-1,20241130
20241120,2345551-1,JURADO NACIONAL DE ELECCIONES,RESOLUCION,N° 0372-2024-JNE,Declaran nulo Acuerdo de Concejo Municipal que rechazó solicitud de vacancia formulada en contra de regidores del Concejo Distrital de Corrales provincia y departamento de Tumbes,https://busquedas.elperuano.pe/dispositivo/NL/2345551-1,20241130
20241120,2345557-1,JURADO NACIONAL DE ELECCIONES,RESOLUCION,N° 0389-2024-JNE,Declaran infundado recurso de apelación y confirman la Resolución Nº 000262-2024-DNROP/JNE emitida por la Dirección Nacional de Registro de Organizaciones Políticas del Jurado Nacional de Elecciones,https://busquedas.elperuano.pe/dispositivo/NL/2345557-1,20241130
20241120,2345559-1,JURADO NACIONAL DE ELECCIONES,RESOLUCION,N° 0362-2024-JNE,Declaran nulo el Acuerdo de Concejo Nº 033-2023-MDNP que declaró infundada solicitud de suspensión de alcalde de la Municipalidad Distrital de Nicolás de Piérola y en consecuencia nulo todo lo actuado e improcedente solicitud de suspensión presentada por regidora,https://busquedas.elperuano.pe/dispositivo/NL/2345559-1,20241130
20241120,2345562-1,JURADO NACIONAL DE ELECCIONES,RESOLUCION,N° 0378-2024-JNE,Declaran nulo el Acuerdo de Concejo N° 115-2024-CMPF que desaprobó solicitud de vacancia presentada en contra de regidor del Concejo Provincial de Ferreñafe departamento de Lambayeque,https://busquedas.elperuano.pe/dispositivo/NL/2345562-1,20241130
20241120,2345565-1,JURADO NACIONAL DE ELECCIONES,RESOLUCION,N° 0364-2024-JNE,Declaran nulo el Acuerdo de Concejo Nº 072-2024-MDG que desaprobó solicitud de vacancia presentada en contra de regidor del Concejo Distrital de Guadalupe provincia de Pacasmayo departamento de La Libertad,https://busquedas.elperuano.pe/dispositivo/NL/2345565-1,20241130
20241120,2345547-1,JURADO NACIONAL DE ELECCIONES,RESOLUCION,N° 0375-2024-JNE,Convocan a ciudadano para que asuma el cargo de regidor del Concejo Distrital de Andajes provincia de Oyón departamento de Lima,https://busquedas.elperuano.pe/dispositivo/NL/2345547-1,20241130
20241120,2345484-1,JURADO NACIONAL DE ELECCIONES,RESOLUCION,N° 0390-2024-JNE,Declaran nulo lo actuado a partir del acto de notificación del Acuerdo de Concejo N° 086-2023-MDM en procedimiento de suspensión incoado contra alcalde de la Municipalidad Distrital de Mato provincia de Huaylas departamento de Áncash y dictan otras disposiciones,https://busquedas.elperuano.pe/dispositivo/NL/2345484-1,20241130
20241120,2345485-1,JURADO NACIONAL DE ELECCIONES,RESOLUCION,N° 0373-2024-JNE,Declaran nulo lo actuado a partir del acto de notificación de convocatoria a sesión extraordinaria de concejo municipal y en consecuencia nulos los actos posteriores que se hayan emitido en procedimiento de suspensión seguido en contra de alcalde de la Municipalidad Distrital de Huata provincia de Huaylas departamento de Áncash,https://busquedas.elperuano.pe/dispositivo/NL/2345485-1,20241130
20241120,2345491-1,JURADO NACIONAL DE ELECCIONES,RESOLUCION,N° 0359-2024-JNE,Convocan a ciudadanos para que asuman provisionalmente cargos de alcalde y regidor de la Municipalidad Distrital de Jepelacio provincia de Moyobamba departamento de San Martín,https://busquedas.elperuano.pe/dispositivo/NL/2345491-1,20241130
20241120,2345494-1,JURADO NACIONAL DE ELECCIONES,RESOLUCION,N° 0366-2024-JNE,Declaran infundado recurso de apelación y confirman la Resolución Jefatural-PAS Nº 002718-2023-JN/ONPE a través de la cual la Oficina Nacional de Procesos Electorales sancionó con multa a excandidato al Concejo Provincial de San Martín departamento de San Martín,https://busquedas.elperuano.pe/dispositivo/NL/2345494-1,20241130
20241120,2345499-1,JURADO NACIONAL DE ELECCIONES,RESOLUCION,N° 0367-2024-JNE,Declaran nulo el Acuerdo de Concejo Nº 048-2024-MDM que declaró infundado recurso de reconsideración presentado por alcalde de la Municipalidad Distrital de Majes en contra de su suspensión,https://busquedas.elperuano.pe/dispositivo/NL/2345499-1,20241130
20241120,2345482-1,JURADO NACIONAL DE ELECCIONES,RESOLUCION,N° 0357-2024-JNE,Convocan a ciudadano para que asuma el cargo de regidor del Concejo Distrital de Janjaillo provincia de Jauja departamento de Junín,https://busquedas.elperuano.pe/dispositivo/NL/2345482-1,20241130
20241120,2345899-1,JURADO NACIONAL DE ELECCIONES,RESOLUCION,N° 0391-2024-JNE,Aceptan renuncia y encargan funciones y responsabilidades de secretaria general del Jurado Nacional del Elecciones,https://busquedas.elperuano.pe/dispositivo/NL/2345899-1,20241130
20241120,2345569-1,JURADO NACIONAL DE ELECCIONES,RESOLUCION,N° 0377-2024-JNE,Confirman el Acuerdo de Concejo N° 025-2024/MPHy-CZ que desaprobó solicitud de vacancia presentada en contra de alcalde de la Municipalidad Provincial de Huaylas departamento de Áncash,https://busquedas.elperuano.pe/dispositivo/NL/2345569-1,20241130
20241120,2345576-1,JURADO NACIONAL DE ELECCIONES,RESOLUCION,N° 0371-2024-JNE,Declaran nulos Acuerdos de Concejo que rechazaron pedidos de vacancia presentados en contra de regidores del Concejo Distrital de Amantani provincia y departamento de Puno por la causa de nepotismo,https://busquedas.elperuano.pe/dispositivo/NL/2345576-1,20241130
20241120,2345579-1,JURADO NACIONAL DE ELECCIONES,RESOLUCION,N° 0360-2024-JNE,Declaran fundado recurso de apelación interpuesto por regidor del Concejo Distrital de Pueblo Libre provincia y departamento de Lima; y en consecuencia revocan el Acuerdo de Concejo N° 001-2024-MPL,https://busquedas.elperuano.pe/dispositivo/NL/2345579-1,20241130
20241120,2345586-1,JURADO NACIONAL DE ELECCIONES,RESOLUCION,N° 0361-2024-JNE,Confirman el Acuerdo de Concejo N° 049-2024/MDLM que rechazó pedido de suspensión en contra de alcalde de la Municipalidad Distrital de La Molina,https://busquedas.elperuano.pe/dispositivo/NL/2345586-1,20241130
20241120,2345596-1,JURADO NACIONAL DE ELECCIONES,RESOLUCION,N° 0387-2024-JNE,Confirman el Acuerdo de Concejo Nº 041-2024-MDBSH que no aprobó solicitud de vacancia en contra de regidores del Concejo Distrital de La Banda de Shilcayo provincia y departamento de San Martín,https://busquedas.elperuano.pe/dispositivo/NL/2345596-1,20241130
20241120,2345602-1,JURADO NACIONAL DE ELECCIONES,RESOLUCION,N° 0385-2024-JNE,Declaran infundada solicitud de vacancia presentada en contra de regidor del Concejo Distrital de Jeberos provincia de Alto Amazonas departamento de Loreto,https://busquedas.elperuano.pe/dispositivo/NL/2345602-1,20241130
20241120,2345607-1,JURADO NACIONAL DE ELECCIONES,RESOLUCION,N° 0369-2024-JNE,Convocan a ciudadano para que asuma el cargo de regidor del Concejo Distrital de La Huaca provincia de Paita departamento de Piura,https://busquedas.elperuano.pe/dispositivo/NL/2345607-1,20241130
20241120,2345613-1,JURADO NACIONAL DE ELECCIONES,RESOLUCION,N° 0368-2024-JNE,Convocan a ciudadana para que asuma el cargo de regidora del Concejo Provincial de Tambopata departamento de Madre de Dios,https://busquedas.elperuano.pe/dispositivo/NL/2345613-1,20241130
20241120,2345619-1,JURADO NACIONAL DE ELECCIONES,RESOLUCION,N° 0376-2024-JNE,Convocan a ciudadanos a fin de que asuman de manera definitiva los cargos de alcalde y regidora de la Municipalidad Provincial de Trujillo departamento de La Libertad,https://busquedas.elperuano.pe/dispositivo/NL/2345619-1,20241130
20241120,2345479-1,MINISTERIO PUBLICO,RESOLUCION,N° 2630-2024-MP-FN,Nombran fiscal adjunto provincial provisional y fiscal adjunta provincial provisional del Distrito Fiscal de Lima Centro,https://busquedas.elperuano.pe/dispositivo/NL/2345479-1,20241130
20241120,2345479-2,MINISTERIO PUBLICO,RESOLUCION,N° 2631-2024-MP-FN,Designan fiscal en el 1° Despacho Provincial Penal de la Segunda Fiscalía Corporativa Penal de la Victoria-San Luis y nombran fiscal adjunta provincial provisional del Distrito Fiscal de Lima Centro,https://busquedas.elperuano.pe/dispositivo/NL/2345479-2,20241130
20241120,2345479-3,MINISTERIO PUBLICO,RESOLUCION,N° 2632-2024-MP-FN,Nombran fiscales adjuntos provinciales provisionales del Distrito Fiscal de Lima Centro,https://busquedas.elperuano.pe/dispositivo/NL/2345479-3,20241130
20241120,2345479-4,MINISTERIO PUBLICO,RESOLUCION,N° 2633-2024-MP-FN,Nombran fiscal superior provisional del Distrito Fiscal de Lima Centro y dictan otras disposiciones,https://busquedas.elperuano.pe/dispositivo/NL/2345479-4,20241130
20241120,2345479-5,MINISTERIO PUBLICO,RESOLUCION,N° 2634-2024-MP-FN,Nombran fiscal adjunto provincial provisional del Distrito Fiscal de Lima Centro,https://busquedas.elperuano.pe/dispositivo/NL/2345479-5,20241130
20241120,2345479-6,MINISTERIO PUBLICO,RESOLUCION,N° 2635-2024-MP-FN,Designan y nombran fiscales en los Distritos Fiscales de Apurímac y Lima Centro,https://busquedas.elperuano.pe/dispositivo/NL/2345479-6,20241130
20241120,2345479-7,MINISTERIO PUBLICO,RESOLUCION,N° 2636-2024-MP-FN,Designan y nombran fiscales en los Distritos Fiscales de Lima Centro y Callao,https://busquedas.elperuano.pe/dispositivo/NL/2345479-7,20241130
20241120,2345479-8,MINISTERIO PUBLICO,RESOLUCION,N° 2637-2024-MP-FN,Designan fiscal adjunto provincial titular penal de Lima Distrito Fiscal de Lima Centro en el Equipo de Apoyo Fiscal del Distrito Fiscal de Lima Centro y dictan otras disposiciones,https://busquedas.elperuano.pe/dispositivo/NL/2345479-8,20241130
20241120,2345534-1,MINISTERIO PUBLICO,RESOLUCION,N° 060-2024-MP-FN-JFS,Aceptan renuncia de fiscal provincial titular Especializado contra la Criminalidad Organizada (supraprovincial - corporativo) con competencia nacional,https://busquedas.elperuano.pe/dispositivo/NL/2345534-1,20241130
20241120,2345534-2,MINISTERIO PUBLICO,RESOLUCION,N° 064-2024-MP-FN-JFS,Aceptan renuncia de fiscal adjunta provincial penal titular del Distrito Fiscal de Lima Centro,https://busquedas.elperuano.pe/dispositivo/NL/2345534-2,20241130
20241120,2345534-3,MINISTERIO PUBLICO,RESOLUCION,N° 066-2024-MP-FN-JFS,Aceptan renuncia de fiscal provincial titular en lo civil y familia de Cañete del Distrito Fiscal de Cañete,https://busquedas.elperuano.pe/dispositivo/NL/2345534-3,20241130
20241120,2345534-4,MINISTERIO PUBLICO,RESOLUCION,N° 2638-2024-MP-FN,Dan por concluida designación de fiscal adjunta en el 3° Despacho Provincial Penal de la Primera Fiscalía Corporativa Penal de San Isidro-Lince,https://busquedas.elperuano.pe/dispositivo/NL/2345534-4,20241130
20241120,2345534-5,MINISTERIO PUBLICO,RESOLUCION,N° 2639-2024-MP-FN,Dan por concluida designación de fiscal provincial en el despacho de la Segunda Fiscalía Supraprovincial Corporativa Especializada Contra la Criminalidad Organizada,https://busquedas.elperuano.pe/dispositivo/NL/2345534-5,20241130
20241120,2345534-6,MINISTERIO PUBLICO,RESOLUCION,N° 2640-2024-MP-FN,Aceptan renuncia de fiscal adjunta superior provisional del Distrito Fiscal de Cañete,https://busquedas.elperuano.pe/dispositivo/NL/2345534-6,20241130
20241120,2345534-7,MINISTERIO PUBLICO,RESOLUCION,N° 2641 -2024-MP-FN,Designan fiscales adjuntos en el 3° Despacho Provincial Penal de la Primera Fiscalía Corporativa Penal de Magdalena del Mar-San Miguel-Pueblo Libre en el 1° Despacho Provincial Penal de la Segunda Fiscalía Corporativa Penal de la Victoria-San Luis y adscritos a la Fiscalía de la Nación,https://busquedas.elperuano.pe/dispositivo/NL/2345534-7,20241130
20241120,2345165-1,OFICINA NACIONAL DE PROCESOS ELECTORALES,RESOLUCION JEFATURAL,N° 000191-2024-JN/ONPE,Autorizan viaje de servidor a la República Oriental del Uruguay en comisión de servicios,https://busquedas.elperuano.pe/dispositivo/NL/2345165-1,20241130
20241120,2343939-1,"SUPERINTENDENCIA DE BANCA, SEGUROS Y ADMINISTRADORAS PRIVADAS DE FONDOS DE PENSIONES",RESOLUCION,SBS N° 03894-2024,Modifican el Reglamento del Fondo de Seguro de Depósitos Cooperativo,https://busquedas.elperuano.pe/dispositivo/NL/2343939-1,20241130
20241120,2345633-1,GOBIERNO REGIONAL DE ANCASH,ACUERDO,N° 220-2024-GRA/CR.,Aprueban transferencia de recursos económicos a favor de la Autoridad Nacional de Infraestructura - ANIN de la Presidencia del Consejo de Ministros,https://busquedas.elperuano.pe/dispositivo/NL/2345633-1,20241130
20241120,2344980-1,GOBIERNO REGIONAL DE LA LIBERTAD,ORDENANZA,N° 000014-2024-GRLL-CR,Facultan al Proyecto Especial Chavimochic del Gobierno Regional de La Libertad para realizar actividades de difusión promoción agrícola y capacitación a agricultores en las doce provincias de la región,https://busquedas.elperuano.pe/dispositivo/NL/2344980-1,20241130
20241120,2344961-1,GOBIERNO REGIONAL DE LA LIBERTAD,RESOLUCION,N° 00547-2024-GRLL-GOB,Autorizan viaje de funcionaria a El Salvador en comisión de servicios,https://busquedas.elperuano.pe/dispositivo/NL/2344961-1,20241130
20241120,2295848-1,GOBIERNO REGIONAL DE PUNO,ORDENANZA,N° 006-2024-GRP-CRP,Ordenanza Regional que declara de interés regional la lucha contra los delitos aduaneros y la piratería y promueve su implementación y difusión dentro de la Región de Puno,https://busquedas.elperuano.pe/dispositivo/NL/2295848-1,20241130
20241120,2345686-1,MUNICIPALIDAD DE CIENEGUILLA,RESOLUCION DE ALCALDIA,N° 167-2024-MDC/A,Amplían delegación de facultades administrativas a la Gerencia Municipal aprobada en el Artículo Primero de la Resolución de Alcaldía N° 158-2023-MDC/A,https://busquedas.elperuano.pe/dispositivo/NL/2345686-1,20241130
20241119,2345180-1,CONGRESO DE LA REPUBLICA,LEY,N° 32164,Ley que extiende la bonificación adicional mensual a los jueces titulares del Poder Judicial,https://busquedas.elperuano.pe/dispositivo/NL/2345180-1,20241130
20241119,2345180-2,CONGRESO DE LA REPUBLICA,LEY,N° 32165,Ley que modifica la Ley 29918 Ley que declara el 23 de septiembre de cada año como el Día Nacional contra la Trata De Personas a fin de incorporar al Ministerio de la Mujer y Poblaciones Vulnerables para dar cuenta al Congreso de la República sobre el cumplimiento de las políticas nacionales referidas a la trata de personas,https://busquedas.elperuano.pe/dispositivo/NL/2345180-2,20241130
20241119,2345096-1,PRESIDENCIA DEL CONSEJO DE MINISTROS,RESOLUCION,N° 010-2024-PCM/SIP,Aprueban Directiva que establece lineamientos para la atención de consultas en la Secretaría de Integridad Pública de la Presidencia del Consejo de Ministros,https://busquedas.elperuano.pe/dispositivo/NL/2345096-1,20241130
20241119,2345176-1,PRESIDENCIA DEL CONSEJO DE MINISTROS,RESOLUCION MINISTERIAL,N° 305-2024-PCM,Conforman el Comité de Selección a cargo del Concurso Público para la selección de postulantes al cargo de Presidente del Consejo Directivo del Organismo Supervisor de la Inversión Privada en Telecomunicaciones (OSIPTEL) por reemplazo,https://busquedas.elperuano.pe/dispositivo/NL/2345176-1,20241130
20241119,2345177-1,PRESIDENCIA DEL CONSEJO DE MINISTROS,RESOLUCION MINISTERIAL,N° 306-2024-PCM,Conforman el Comité de Selección a cargo del Concurso Público para la selección de postulantes al cargo de integrante del Consejo Directivo de los Organismos Reguladores de la Inversión Privada en los Servicios Públicos,https://busquedas.elperuano.pe/dispositivo/NL/2345177-1,20241130
20241119,2345180-4,AMBIENTE,DECRETO SUPREMO,N° 011-2024-MINAM,Decreto Supremo que modifica el Artículo 3 del Decreto Supremo N° 013-2010-MINAM que declara de Interés Nacional la creación y desarrollo del Parque Ecológico Nacional,https://busquedas.elperuano.pe/dispositivo/NL/2345180-4,20241130
20241119,2345153-1,AMBIENTE,RESOLUCION MINISTERIAL,N° 00394-2024-MINAM,Autorizan viaje de investigador del Instituto de Investigaciones de la Amazonía Peruana a Brasil en comisión de servicios,https://busquedas.elperuano.pe/dispositivo/NL/2345153-1,20241130
20241119,2345180-5,DEFENSA,RESOLUCION SUPREMA,N° 168-2024-DE,Ratifican designación de miembro del Consejo Directivo de la Caja de Pensiones Militar Policial en representación de los pensionistas de las Fuerzas Armadas; prorrogando su mandato para el período 2025 - 2026,https://busquedas.elperuano.pe/dispositivo/NL/2345180-5,20241130
20241119,2345166-1,EDUCACION,RESOLUCION MINISTERIAL,N° 586-2024-MINEDU,Designan Jefe de la Oficina de Bienestar Social y Relaciones Laborales de la Oficina General de Recursos Humanos,https://busquedas.elperuano.pe/dispositivo/NL/2345166-1,20241130
20241119,2344870-1,ENERGIA Y MINAS,RESOLUCION MINISTERIAL,N° 427-2024-MINEM/DM,Autorizan transferencias financieras a favor de diversas Municipalidades del departamento de Puno,https://busquedas.elperuano.pe/dispositivo/NL/2344870-1,20241130
20241119,2344882-1,PRODUCE,RESOLUCION,N° 000191-2024-ITP/DE,Modifican la Res. N° 0088-2023-ITP/DE que aprueba el Tarifario de Servicios Tecnológicos del Centro de Innovación Productiva y Transferencia Tecnológica Pesquero Piura – CITEpesquero Piura,https://busquedas.elperuano.pe/dispositivo/NL/2344882-1,20241130
20241119,2344819-1,PRODUCE,RESOLUCION,N° 000189-2024-ITP/DE,Aprueban Lineamientos para el control del cumplimiento de los compromisos ambientales - Etapa de Construcción y Operación de los proyectos de inversión en el Instituto Tecnológico de la Producción - ITP,https://busquedas.elperuano.pe/dispositivo/NL/2344819-1,20241130
20241119,2343743-1,PRODUCE,RESOLUCION DIRECTORAL,N° 025-2024-INACAL/DN,Aprueban Normas Técnicas Peruanas en su versión 2024 sobre carne y productos cárnicos arrabio de fundición y otras,https://busquedas.elperuano.pe/dispositivo/NL/2343743-1,20241130
20241119,2345158-1,PRODUCE,RESOLUCION MINISTERIAL,N° 000450-2024-PRODUCE,Aprueban Criterios de Priorización del Sector Producción para la fase de Programación Multianual de Inversiones (periodo 2026-2028),https://busquedas.elperuano.pe/dispositivo/NL/2345158-1,20241130
20241119,2345015-1,SALUD,RESOLUCION DIRECTORAL,N° 000228-2024-DG-INSNSB,Designan Jefe de Equipo II de la Unidad de Administración del Instituto Nacional de Salud del Niño - San Borja,https://busquedas.elperuano.pe/dispositivo/NL/2345015-1,20241130
20241119,2344927-1,TRABAJO Y PROMOCION DEL EMPLEO,RESOLUCION MINISTERIAL,N° 179-2024-TR,Reconocen como representantes de la FENTRALUC ante el Comité Directivo del Órgano de Dirección y del Comité de Vigilancia del Órgano de Control de la Caja de Protección y Asistencia de los Trabajadores Lustradores de Calzado del Perú – CAJAPATRAC para el período 2024 – 2026,https://busquedas.elperuano.pe/dispositivo/NL/2344927-1,20241130
20241119,2345055-1,TRANSPORTES Y COMUNICACIONES,RESOLUCION DIRECTORAL,N° 0665-2024-MTC/17.03,Renuevan a la empresa Certifica del Norte S.A.C. la autorización como Centro de Inspección Técnica Vehicular Fijo en local ubicado en la provincia y departamento de Piura,https://busquedas.elperuano.pe/dispositivo/NL/2345055-1,20241130
20241119,2345059-1,TRANSPORTES Y COMUNICACIONES,RESOLUCION MINISTERIAL,N° 673-2024-MTC/01.02,Autorizan viaje de inspectores de la Dirección General de Aeronáutica Civil a Jamaica en comisión de servicios,https://busquedas.elperuano.pe/dispositivo/NL/2345059-1,20241130
20241119,2345180-3,"VIVIENDA, CONSTRUCCIÓN Y SANEAMIENTO",DECRETO SUPREMO,N° 010-2024-VIVIENDA,Decreto Supremo que aprueba el Reglamento de la Ley N° 32065 Ley que establece medidas para asegurar el acceso universal al agua potable,https://busquedas.elperuano.pe/dispositivo/NL/2345180-3,20241130
20241119,2345167-1,"VIVIENDA, CONSTRUCCIÓN Y SANEAMIENTO",RESOLUCION MINISTERIAL,N° 428-2024-VIVIENDA,Modifican la R.M. N° 237-2021-VIVIENDA que califica a la empresa INMOBILIARIA PARDO 200 S.A.C. para efectos de lo establecido en el D.Leg. N° 973 por el desarrollo del proyecto denominado Pardo 200 y aprueban Cronograma de Ejecución de Inversiones,https://busquedas.elperuano.pe/dispositivo/NL/2345167-1,20241130
20241119,2345042-1,AUTORIDAD DE TRANSPORTE URBANO PARA LIMA Y CALLAO,RESOLUCION,N° 249-2024-ATU/PE,Designan Subdirector de la Subdirección de Fiscalización de la Dirección de Fiscalización y Sanción de la ATU,https://busquedas.elperuano.pe/dispositivo/NL/2345042-1,20241130
20241119,2345122-1,CONSEJO EJECUTIVO DEL PODER JUDICIAL,RESOLUCION ADMINISTRATIVA,N° 000140-2024-P-CE-PJ,Autorizan viaje de magistrados para que participen en el Módulo II de Administración de Cortes a realizarse en Puerto Rico,https://busquedas.elperuano.pe/dispositivo/NL/2345122-1,20241130
20241119,2344767-1,INSTITUCIONES EDUCATIVAS,RESOLUCION,N° 1344-2024,Autorizan viaje de docente de la Universidad Nacional de San Agustín de Arequipa para participar en evento que se realizará en Ecuador,https://busquedas.elperuano.pe/dispositivo/NL/2344767-1,20241130
20241119,2344787-1,REGISTRO NACIONAL DE IDENTIFICACION Y ESTADO CIVIL,RESOLUCION JEFATURAL,N° 000170-2024/JNAC/RENIEC,Autorizan viaje de Gerente General del RENIEC a Uruguay en comisión de servicios,https://busquedas.elperuano.pe/dispositivo/NL/2344787-1,20241130
20241119,2343929-1,"SUPERINTENDENCIA DE BANCA, SEGUROS Y ADMINISTRADORAS PRIVADAS DE FONDOS DE PENSIONES",RESOLUCION,SBS N° 03893-2024,Autorizan difusión en consulta pública del proyecto normativo que regula la elegibilidad de títulos accionarios no inscritos en una Bolsa de Valores permitiendo su adquisición por parte de los fondos de pensiones,https://busquedas.elperuano.pe/dispositivo/NL/2343929-1,20241130
20241119,2343975-1,"SUPERINTENDENCIA DE BANCA, SEGUROS Y ADMINISTRADORAS PRIVADAS DE FONDOS DE PENSIONES",RESOLUCION,SBS N° 03370-2024,Aprueban participación de la Caja Municipal de Ahorro y Crédito de Arequipa en el Subprograma de Facilitación de la Reorganización Societaria de Instituciones Especializadas en Microfinanzas contenido en el Reglamento Operativo del Programa de Fortalecimiento Patrimonial de Instituciones Especializadas en Microfinanzas del D.U. N° 013-2023,https://busquedas.elperuano.pe/dispositivo/NL/2343975-1,20241130
20241119,2344435-1,GOBIERNO REGIONAL DE SAN MARTIN,DECRETO,N° 005-2024-GRSM/GR,Aprueban el Manual de Operaciones – MOP de la Dirección Regional de Salud San Martín,https://busquedas.elperuano.pe/dispositivo/NL/2344435-1,20241130
20241119,2344431-1,GOBIERNO REGIONAL DE SAN MARTIN,ORDENANZA,N° 014-2024-GRSM/CR,Oficializan el Proyecto Educativo Regional de San Martín al 2036: Formando ciudadanos para el desarrollo sostenible (PERSAM al 2036),https://busquedas.elperuano.pe/dispositivo/NL/2344431-1,20241130
20241119,2345048-1,MUNICIPALIDAD DE CIENEGUILLA,DECRETO DE ALCALDIA,N° 020-2024-MDC,Aprueban el Cronograma de Actividades del Proceso de Presupuesto Participativo Basado en Resultados para el Año Fiscal 2025 de la Municipalidad Distrital de Cieneguilla para las Niñas Niños y Adolescentes,https://busquedas.elperuano.pe/dispositivo/NL/2345048-1,20241130
20241119,2345461-1,MUNICIPALIDAD DISTRITAL DE SAN SEBASTIAN,ACUERDO,N° 076-2024-CM-MDSS,Aprueban participación de regidores en evento a realizarse en la República de El Salvador,https://busquedas.elperuano.pe/dispositivo/NL/2345461-1,20241130
20241118,2344813-1,DESARROLLO AGRARIO Y RIEGO,RESOLUCION MINISTERIAL,N° 0378-2024-MIDAGRI,Designan Directora de la Dirección de Evaluación de los Recursos Naturales y Cambio Climático de la Dirección General de Asuntos Ambientales Agrarios,https://busquedas.elperuano.pe/dispositivo/NL/2344813-1,20241130
20241118,2344734-1,ECONOMIA Y FINANZAS,RESOLUCION MINISTERIAL,N° 365-2024-EF/49,Designan Jefe de la Oficina de Comunicaciones,https://busquedas.elperuano.pe/dispositivo/NL/2344734-1,20241130
20241118,2343709-1,PRODUCE,RESOLUCION DIRECTORAL,N° 024-2024-INACAL/DN,Aprueban Normas Técnicas Peruanas en su versión 2024 referentes a cales y piedra caliza cemento concreto calzado y otros,https://busquedas.elperuano.pe/dispositivo/NL/2343709-1,20241130
20241118,2344109-1,SERVICIO NACIONAL DE CAPACITACION PARA LA INDUSTRIA DE LA CONSTRUCCION,RESOLUCION,N° 000199-2024-02.00/SENCICO,Formalizan designación de Gerente General del SENCICO,https://busquedas.elperuano.pe/dispositivo/NL/2344109-1,20241130
20241118,2344650-1,"SUPERINTENDENCIA DE TRANSPORTE TERRESTRE DE PERSONAS, CARGA Y MERCANCIAS",RESOLUCION,N° D000078-2024-SUTRAN-CD,Designan Jefe de la Unidad de Imagen Institucional de la Gerencia General de la SUTRAN,https://busquedas.elperuano.pe/dispositivo/NL/2344650-1,20241130
20241118,2344909-1,SUPERINTENDENCIA NACIONAL DE ADUANAS Y DE ADMINISTRACIÓN TRIBUTARIA,RESOLUCION,N° 000248-2024/SUNAT,Disponen la publicación en la sede digital de la SUNAT de proyecto de Resolución de Superintendencia que modifica el Procedimiento General Importación para el consumo DESPA-PG.01 y el Procedimiento Específico Reconocimiento físico – extracción y análisis de muestras DESPA-PE.00.03,https://busquedas.elperuano.pe/dispositivo/NL/2344909-1,20241130
20241118,2344917-1,SUPERINTENDENCIA NACIONAL DE ADUANAS Y DE ADMINISTRACIÓN TRIBUTARIA,RESOLUCION,N° 000249-2024/SUNAT,Disponen la publicación en la sede digital de la SUNAT de proyecto de Resolución de Superintendencia que aprueba el Procedimiento General Tránsito Aduanero DESPA-PG.08 (versión 6) modifica el Procedimiento Específico Mandato electrónico DESPA-PE.00.18 (versión 1) y deroga procedimientos,https://busquedas.elperuano.pe/dispositivo/NL/2344917-1,20241130
20241118,2344920-1,SUPERINTENDENCIA NACIONAL DE ADUANAS Y DE ADMINISTRACIÓN TRIBUTARIA,RESOLUCION,N° 000250-2024/SUNAT,Disponen publicación del proyecto de Resolución de Superintendencia Nacional Adjunta de Aduanas que aprueba la facultad discrecional para no sancionar infracciones previstas en la Ley General de Aduanas relacionadas al régimen de transbordo,https://busquedas.elperuano.pe/dispositivo/NL/2344920-1,20241130
20241118,2340215-1,BANCO CENTRAL DE RESERVA,RESOLUCION,N° 0059-2024-BCRP-N,Autorizan misión en el exterior de funcionario del BCRP para participar en evento que se realizará en México,https://busquedas.elperuano.pe/dispositivo/NL/2340215-1,20241130
20241118,2345154-1,CONTRALORIA GENERAL DE LA REPUBLICA,RESOLUCION,N° 688-2024-CG,Designan Jefe del Órgano de Control Institucional del Ministerio de Economía y Finanzas,https://busquedas.elperuano.pe/dispositivo/NL/2345154-1,20241130
20241118,2344992-1,MINISTERIO PUBLICO,RESOLUCION,N° 2625-2024-MP-FN,Designan y nombran fiscales en los Distritos Fiscales de Lima Centro y San Martín,https://busquedas.elperuano.pe/dispositivo/NL/2344992-1,20241130
20241118,2344993-1,MINISTERIO PUBLICO,RESOLUCION,N° 2626 -2024-MP-FN,Designan fiscal adjunto supremo provisional como adscrito al Despacho de la Fiscalía de la Nación,https://busquedas.elperuano.pe/dispositivo/NL/2344993-1,20241130
20241118,2344996-1,MINISTERIO PUBLICO,RESOLUCION,N° 2627-2024-MP-FN,Designan fiscal adjunto supremo provisional en el Área Especializada de la Fiscalía de la Nación en Denuncias contra Magistrados y dictan otras disposiciones,https://busquedas.elperuano.pe/dispositivo/NL/2344996-1,20241130
20241118,2345000-1,MINISTERIO PUBLICO,RESOLUCION,N° 2628-2024-MP-FN,Nombran fiscales y los designan en el despacho de la Fiscalía Suprema de Familia y dictan otras disposiciones,https://busquedas.elperuano.pe/dispositivo/NL/2345000-1,20241130
20241118,2343661-1,"SUPERINTENDENCIA DE BANCA, SEGUROS Y ADMINISTRADORAS PRIVADAS DE FONDOS DE PENSIONES",RESOLUCION,SBS N° 03884-2024,Modifican el plazo de implementación de los Capítulos IIl IV V y VI del Título II del Reglamento de Gestión de Riesgos de Modelo,https://busquedas.elperuano.pe/dispositivo/NL/2343661-1,20241130
20241118,2344262-1,GOBIERNO REGIONAL DE LA LIBERTAD,ORDENANZA,N° 000015 -2024-GRLL-CR,Ordenanza Regional que aprueba el Programa de Fortalecimiento Institucional y de Capacitación de las Rondas Campesinas de la Región La Libertad,https://busquedas.elperuano.pe/dispositivo/NL/2344262-1,20241130
20241118,2344271-1,GOBIERNO REGIONAL DE LA LIBERTAD,ORDENANZA,N° 000011-2024-GRLL-CR,Aprueban Ordenanza Regional que promueve la incorporación del enfoque intercultural; el uso preservación desarrollo recuperación revitalización fomento y difusión de las lenguas indígenas u originarias así como la promoción de la diversidad cultural para la prevención y sanción del racismo y la discriminación étnico-racial y la promoción de derechos del pueblo afroperuano en la región La Libertad,https://busquedas.elperuano.pe/dispositivo/NL/2344271-1,20241130
20241118,2344272-1,GOBIERNO REGIONAL DE LA LIBERTAD,ORDENANZA,N° 000012-2024-GRLL-CR,Ordenanza Regional que crea el Fondo Editorial Regional de la región La Libertad – FER-LL,https://busquedas.elperuano.pe/dispositivo/NL/2344272-1,20241130
20241117,2344175-1,DEFENSA,RESOLUCION MINISTERIAL,N° 01615-2024-DE,Amplían permanencia en el exterior de oficial de la Fuerza Aérea del Perú para ocupar el cargo de Oficial Adjunto a la Delegación de Perú ante la Junta Interamericana de Defensa Organización de los Estados Americanos (JID - OEA) ubicada en EE.UU.,https://busquedas.elperuano.pe/dispositivo/NL/2344175-1,20241130
20241117,2344407-1,RELACIONES EXTERIORES,RESOLUCION MINISTERIAL,N° 0863-2024-RE,Autorizan viaje de funcionario diplomático a EE.UU. en comisión de servicios,https://busquedas.elperuano.pe/dispositivo/NL/2344407-1,20241130
20241117,2344054-1,MUNICIPALIDAD METROPOLITANA DE LIMA,RESOLUCION,N° 180-2024-PATPAL-FBB/GG/MML,Autorizan viaje de servidora del Patronato del Parque de las Leyendas – Felipe Benavides Barreda (PATPAL-FBB) a Colombia en comisión de servicios,https://busquedas.elperuano.pe/dispositivo/NL/2344054-1,20241130
20241116,2344093-1,CULTURA,RESOLUCION DIRECTORAL,N° 000187-2024-DGPA-VMPCIC/MC,Determinan la Protección Provisional del Sitio Arqueológico Zorronto ubicado en el distrito de Oyotún provincia de Chiclayo y departamento de Lambayeque,https://busquedas.elperuano.pe/dispositivo/NL/2344093-1,20241130
20241116,2344095-1,CULTURA,RESOLUCION DIRECTORAL,N° 000188-2024-DGPA-VMPCIC/MC,Determinan la Protección Provisional del Sitio Arqueológico Fortaleza Cerro Blanco ubicado en el distrito de Paramonga provincia de Barranca departamento de Lima,https://busquedas.elperuano.pe/dispositivo/NL/2344095-1,20241130
20241116,2343952-1,DEFENSA,RESOLUCION MINISTERIAL,N° 01601-2024-DE,Autorizan viaje de oficial FAP a Colombia en comisión de servicios,https://busquedas.elperuano.pe/dispositivo/NL/2343952-1,20241130
20241116,2344165-1,DEFENSA,RESOLUCION MINISTERIAL,N° 01614-2024-DE,Autorizan viaje de oficial FAP a los Estados Unidos de América en misión de estudios,https://busquedas.elperuano.pe/dispositivo/NL/2344165-1,20241130
20241116,2344598-1,DEFENSA,RESOLUCION MINISTERIAL,N° 01599-2024-DE,Autorizan viaje del personal naval a bordo del B.A.P. CARRASCO (BOP-171) para participar en la Trigésima Primera Campaña Científica del Perú a la Antártida - ANTAR XXXI,https://busquedas.elperuano.pe/dispositivo/NL/2344598-1,20241130
20241116,2344570-1,DESARROLLO AGRARIO Y RIEGO,RESOLUCION,N° D000263-2024-MIDAGRI-SERFOR-DE,Aprueban otorgamiento de subvenciones a favor de entidades que ejecutarán Planes de Negocio Forestal derivados del Concurso del Programa de Incentivos Forestales del Proyecto de Inversión Mejoramiento del Fomento de las Plantaciones Forestales Comerciales para el Desarrollo Productivo Forestal en 7 Departamentos,https://busquedas.elperuano.pe/dispositivo/NL/2344570-1,20241130
20241116,2344033-1,INTERIOR,DECRETO SUPREMO,N° 015-2024-IN,Decreto Supremo que aprueba el Reglamento del Decreto Legislativo N° 1610 Decreto Legislativo que establece el Subsistema Integrado de Información Estadística del Sector Interior -SIIESI,https://busquedas.elperuano.pe/dispositivo/NL/2344033-1,20241130
20241116,2344635-1,INTERIOR,RESOLUCION MINISTERIAL,N° 1416-2024-IN,Designan Asesor II del Despacho Viceministerial de Orden Interno,https://busquedas.elperuano.pe/dispositivo/NL/2344635-1,20241130
20241116,2344138-1,RELACIONES EXTERIORES,RESOLUCION MINISTERIAL,N° 0857-2024-RE,Autorizan viaje de Analista Legal de la Dirección General de Tratados a la República de Corea en comisión de servicios,https://busquedas.elperuano.pe/dispositivo/NL/2344138-1,20241130
20241116,2344155-1,RELACIONES EXTERIORES,RESOLUCION MINISTERIAL,N° 0862-2024-RE,Autorizan viaje de funcionarios diplomáticos a Ecuador en comisión de servicios,https://busquedas.elperuano.pe/dispositivo/NL/2344155-1,20241130
20241116,2343961-1,RELACIONES EXTERIORES,RESOLUCION MINISTERIAL,N° 0856-2024-RE,Autorizan viaje de funcionario diplomático a la República Portuguesa en comisión de servicios,https://busquedas.elperuano.pe/dispositivo/NL/2343961-1,20241130
20241116,2344096-1,TRANSPORTES Y COMUNICACIONES,RESOLUCION MINISTERIAL,N° 670-2024-MTC/01.02,Autorizan viaje de inspectora de la Dirección General de Aeronáutica Civil a EE.UU. en comisión de servicios,https://busquedas.elperuano.pe/dispositivo/NL/2344096-1,20241130
20241116,2344034-1,"VIVIENDA, CONSTRUCCIÓN Y SANEAMIENTO",DECRETO SUPREMO,N° 009-2024-VIVIENDA,Decreto Supremo que aprueba el Reglamento del Decreto Legislativo Nº 1280 Decreto Legislativo que aprueba la Ley del Servicio Universal de Agua Potable y Saneamiento,https://epdoc2.elperuano.pe/EpPo/VistaNLSE.asp?Referencias=MjM0NDAzNC0xMjAyNDExMTY=,20241130
20241116,2344437-1,ORGANISMO DE FORMALIZACIÓN DE LA PROPIEDAD INFORMAL,RESOLUCION DIRECTORAL,N° D000163-2024-COFOPRI-DE,Autorizan Transferencia Financiera a favor de la Contraloría General de la República,https://busquedas.elperuano.pe/dispositivo/NL/2344437-1,20241130
20241116,2344469-1,AGENCIA DE PROMOCIÓN DE LA INVERSIÓN PRIVADA,RESOLUCION,N° 201-2024,Aprueban modificación del Manual de Clasificador de Cargos de PROINVERSIÓN,https://busquedas.elperuano.pe/dispositivo/NL/2344469-1,20241130
20241116,2341649-1,INSTITUCIONES EDUCATIVAS,RESOLUCION,N° 559-2024-CO-UNAT,Autorizan viaje a Brasil del Vicepresidente Académico de la Universidad Nacional Autónoma de Tayacaja Daniel Hernández Morillo en comisión de servicios,https://busquedas.elperuano.pe/dispositivo/NL/2341649-1,20241130
20241116,2343622-1,INSTITUCIONES EDUCATIVAS,RESOLUCION,N° 928-2024-UNTRM/CU,Autorizan viaje de docente de la Universidad Nacional Toribio Rodríguez de Mendoza de Amazonas para participar en pasantía que se realizará en Colombia,https://busquedas.elperuano.pe/dispositivo/NL/2343622-1,20241130
20241116,2344680-1,INSTITUCIONES EDUCATIVAS,RESOLUCION,N° 1345-2024,Autorizan viaje de docente de la Universidad Nacional de San Agustín de Arequipa para participar en evento que se realizará en Ecuador,https://busquedas.elperuano.pe/dispositivo/NL/2344680-1,20241130
20241116,2344628-1,INSTITUCIONES EDUCATIVAS,RESOLUCION,N° 1347-2024,Autorizan viaje de docente de la Universidad Nacional de San Agustín de Arequipa para que participe como ponente en evento a realizarse en Ningbo China,https://busquedas.elperuano.pe/dispositivo/NL/2344628-1,20241130
20241116,2324168-1,INSTITUCIONES EDUCATIVAS,RESOLUCION,N° 2366-2024-R-UNA,Autorizan viaje de docentes y estudiantes de la Universidad Nacional del Altiplano - Puno a Brasil en comisión oficial de servicios,https://busquedas.elperuano.pe/dispositivo/NL/2324168-1,20241130
20241116,2344131-1,OFICINA NACIONAL DE PROCESOS ELECTORALES,RESOLUCION JEFATURAL,N° 000190-2024-JN/ONPE,Aprueban la Tabla de Aranceles de Costas Procesales y Gastos Administrativos del Procedimiento de Ejecución Coactiva de la Oficina Nacional de Procesos Electorales (ONPE),https://busquedas.elperuano.pe/dispositivo/NL/2344131-1,20241130
20241116,2344097-1,MUNICIPALIDAD DISTRITAL DE AWAJUN,ACUERDO,N° 090-2024-CM/MDA,Autorizan viaje de alcalde para participar en capacitación a realizarse en El Salvador,https://busquedas.elperuano.pe/dispositivo/NL/2344097-1,20241130
20241116,2341604-1,MUNICIPALIDAD DE PUNTA HERMOSA,ORDENANZA,N° 534-MDPH,Prorrogan para el ejercicio 2025 la vigencia de lo establecido en la Ordenanza Nº 461-MDPH que estableció el derecho de emisión mecanizada de actualización de valores de la declaración jurada y liquidación del Impuesto Predial y Arbitrios Municipales y Distribución para el Ejercicio 2023,https://busquedas.elperuano.pe/dispositivo/NL/2341604-1,20241130
20241116,2341451-1,MUNICIPALIDAD DEL RIMAC,RESOLUCION DE ALCALDIA,N° 157-2024-MDR-AL,Aprueban modificación del Texto Único de Servicios No Exclusivos (TUSNE) de la Municipalidad Distrital del Rímac,https://epdoc2.elperuano.pe/EpPo/VistaDE.asp?Referencias=MjM0MTQ1MS0xMjAyNDExMTY=,20241130
20241115,2344411-1,PRESIDENCIA DEL CONSEJO DE MINISTROS,RESOLUCION MINISTERIAL,N° 302-2024-PCM,Autorizan viaje de Subsecretaria I de la Subsecretaría de Política y Regulación Digital para participar en eventos a realizarse en Francia,https://busquedas.elperuano.pe/dispositivo/NL/2344411-1,20241130
20241115,2344099-1,COMERCIO EXTERIOR Y TURISMO,RESOLUCION MINISTERIAL,N° 350-2024-MINCETUR,Autorizan viaje de Viceministra de Comercio Exterior a Canadá en comisión de servicios,https://busquedas.elperuano.pe/dispositivo/NL/2344099-1,20241130
20241115,2343654-1,CULTURA,RESOLUCION VICE MINISTERIAL,N° 000049-2024-VMI/MC,Inscriben a ciudadanas en el Registro Nacional de Intérpretes y Traductores de Lenguas Indígenas u Originarias del Ministerio de Cultura,https://busquedas.elperuano.pe/dispositivo/NL/2343654-1,20241130
20241115,2343941-1,DEFENSA,RESOLUCION MINISTERIAL,N° 01602-2024-DE,Modifican la Lista de Priorización de inversiones del Ministerio de Defensa aprobada por R.M. N° 1111-2023-DE en el extremo referido a los montos de las inversiones,https://busquedas.elperuano.pe/dispositivo/NL/2343941-1,20241130
20241115,2344070-1,DESARROLLO E INCLUSIÓN SOCIAL,RESOLUCION,N° 000272-2024-MIDIS/PNADP-DE,Aprueban modificación del Manual de Perfiles de Puestos del Programa Nacional de Apoyo Directo a los Más Pobres JUNTOS respecto de los perfiles de puestos de Operador de Gestión Local y Supervisor Zonal,https://busquedas.elperuano.pe/dispositivo/NL/2344070-1,20241130
20241115,2344059-1,ECONOMIA Y FINANZAS,RESOLUCION MINISTERIAL,N° 364-2024-EF/43,Autorizan viaje de experta legal de la Dirección de Asuntos Tributarios Internacionales a la República Popular China en comisión de servicios,https://busquedas.elperuano.pe/dispositivo/NL/2344059-1,20241130
20241115,2344045-1,EDUCACION,RESOLUCION MINISTERIAL,N° 578-2024-MINEDU,Disponen publicación del proyecto de Decreto Supremo que modifica el Reglamento de la Ley N° 31318 Ley que regula el saneamiento físico legal de los bienes inmuebles del Sector Educación destinados a instituciones educativas públicas y de su Exposición de Motivos,https://busquedas.elperuano.pe/dispositivo/NL/2344045-1,20241130
20241115,2342811-1,ENERGIA Y MINAS,RESOLUCION MINISTERIAL,N° 420-2024-MINEM/DM,Rectifican error material contenido en el artículo primero de la parte resolutiva de la Resolución Ministerial N° 404-2024-MINEM/DM,https://busquedas.elperuano.pe/dispositivo/NL/2342811-1,20241130
20241115,2334727-1,ENERGIA Y MINAS,RESOLUCION MINISTERIAL,N° 404-2024-MINEM/DM,Establecen con carácter permanente a favor de la concesión definitiva de generación de energía eléctrica de la que es titular la empresa ELECTRO ARAZA S.A.C. la servidumbre de obras hidroeléctricas paso y tránsito para las Centrales Hidroeléctricas Limacpunco Ttio y Capiri ubicadas en el distrito de Marcapata provincia de Quispicanchi departamento de Cusco,https://busquedas.elperuano.pe/dispositivo/NL/2334727-1,20241130
20241115,2344177-1,INTERIOR,RESOLUCION MINISTERIAL,N° 1410-2024-IN,Autorizan viaje de personal policial a Argentina en comisión de servicios,https://busquedas.elperuano.pe/dispositivo/NL/2344177-1,20241130
20241115,2344186-1,INTERIOR,RESOLUCION MINISTERIAL,N° 1405-2024-IN,Autorizan viaje de personal policial a Paraguay en comisión de servicios,https://busquedas.elperuano.pe/dispositivo/NL/2344186-1,20241130
20241115,2344659-1,INTERIOR,RESOLUCION SUPREMA,N° 160-2024-IN,Ascienden al grado de Teniente General de Armas de la Policía Nacional del Perú a Generales de Armas,https://busquedas.elperuano.pe/dispositivo/NL/2344659-1,20241130
20241115,2344659-10,INTERIOR,RESOLUCION SUPREMA,N° 169-2024-IN,Ascienden al grado de General de Armas de la Policía Nacional del Perú a Coroneles de Armas,https://busquedas.elperuano.pe/dispositivo/NL/2344659-10,20241130
20241115,2344659-11,INTERIOR,RESOLUCION SUPREMA,N° 170-2024-IN,Ascienden al grado de General de Armas de la Policía Nacional del Perú a Coroneles de Armas,https://busquedas.elperuano.pe/dispositivo/NL/2344659-11,20241130
20241115,2344659-12,INTERIOR,RESOLUCION SUPREMA,N° 171-2024-IN,Ascienden al grado de General de Armas de la Policía Nacional del Perú a Coroneles de Armas,https://busquedas.elperuano.pe/dispositivo/NL/2344659-12,20241130
20241115,2344659-13,INTERIOR,RESOLUCION SUPREMA,N° 172-2024-IN,Ascienden al grado de General de Armas de la Policía Nacional del Perú a Coroneles de Armas,https://busquedas.elperuano.pe/dispositivo/NL/2344659-13,20241130
20241115,2344659-14,INTERIOR,RESOLUCION SUPREMA,N° 173-2024-IN,Ascienden al grado de General de Armas de la Policía Nacional del Perú a Coroneles de Armas,https://busquedas.elperuano.pe/dispositivo/NL/2344659-14,20241130
20241115,2344659-15,INTERIOR,RESOLUCION SUPREMA,N° 174-2024-IN,Ascienden al grado de General de Armas de la Policía Nacional del Perú a Coroneles de Armas,https://busquedas.elperuano.pe/dispositivo/NL/2344659-15,20241130
20241115,2344659-16,INTERIOR,RESOLUCION SUPREMA,N° 175-2024-IN,Ascienden al grado de General de Armas de la Policía Nacional del Perú a Coroneles de Armas,https://busquedas.elperuano.pe/dispositivo/NL/2344659-16,20241130
20241115,2344659-17,INTERIOR,RESOLUCION SUPREMA,N° 176-2024-IN,Ascienden al grado de General de Armas de la Policía Nacional del Perú a Coroneles de Armas,https://busquedas.elperuano.pe/dispositivo/NL/2344659-17,20241130
20241115,2344659-18,INTERIOR,RESOLUCION SUPREMA,N° 177-2024-IN,Ascienden al grado de General de Armas de la Policía Nacional del Perú a Coroneles de Armas,https://busquedas.elperuano.pe/dispositivo/NL/2344659-18,20241130
20241115,2344659-19,INTERIOR,RESOLUCION SUPREMA,N° 178-2024-IN,Ascienden al grado de General de Armas de la Policía Nacional del Perú a Coroneles de Armas,https://busquedas.elperuano.pe/dispositivo/NL/2344659-19,20241130
20241115,2344659-2,INTERIOR,RESOLUCION SUPREMA,N° 161-2024-IN,Ascienden al grado de Teniente General de Armas de la Policía Nacional del Perú a Generales de Armas,https://busquedas.elperuano.pe/dispositivo/NL/2344659-2,20241130
20241115,2344659-20,INTERIOR,RESOLUCION SUPREMA,N° 179-2024-IN,Ascienden al grado de General de Armas de la Policía Nacional del Perú a Coroneles de Armas,https://busquedas.elperuano.pe/dispositivo/NL/2344659-20,20241130
20241115,2344659-21,INTERIOR,RESOLUCION SUPREMA,N° 180-2024-IN,Ascienden al grado de General de Armas de la Policía Nacional del Perú a Coroneles de Armas,https://busquedas.elperuano.pe/dispositivo/NL/2344659-21,20241130
20241115,2344659-22,INTERIOR,RESOLUCION SUPREMA,N° 181-2024-IN,Ascienden al grado de General de Armas de la Policía Nacional del Perú a Coroneles de Armas,https://busquedas.elperuano.pe/dispositivo/NL/2344659-22,20241130
20241115,2344659-23,INTERIOR,RESOLUCION SUPREMA,N° 182-2024-IN,Ascienden al grado de General de Armas de la Policía Nacional del Perú a Coroneles de Armas,https://busquedas.elperuano.pe/dispositivo/NL/2344659-23,20241130
20241115,2344659-24,INTERIOR,RESOLUCION SUPREMA,N° 183-2024-IN,Ascienden al grado de General de Armas de la Policía Nacional del Perú a Coroneles de Armas,https://busquedas.elperuano.pe/dispositivo/NL/2344659-24,20241130
20241115,2344659-25,INTERIOR,RESOLUCION SUPREMA,N° 184-2024-IN,Ascienden al grado de General de Armas de la Policía Nacional del Perú a Coroneles de Armas,https://busquedas.elperuano.pe/dispositivo/NL/2344659-25,20241130
20241115,2344659-26,INTERIOR,RESOLUCION SUPREMA,N° 185-2024-IN,Ascienden al grado de General de Armas de la Policía Nacional del Perú a Coroneles de Armas,https://busquedas.elperuano.pe/dispositivo/NL/2344659-26,20241130
20241115,2344659-27,INTERIOR,RESOLUCION SUPREMA,N° 186-2024-IN,Ascienden al grado de General de Armas de la Policía Nacional del Perú a Coroneles de Armas,https://busquedas.elperuano.pe/dispositivo/NL/2344659-27,20241130
20241115,2344659-28,INTERIOR,RESOLUCION SUPREMA,N° 187-2024-IN,Ascienden al grado de General de Armas de la Policía Nacional del Perú a Coroneles de Armas,https://busquedas.elperuano.pe/dispositivo/NL/2344659-28,20241130
20241115,2344659-29,INTERIOR,RESOLUCION SUPREMA,N° 188-2024-IN,Ascienden al grado de General de Armas de la Policía Nacional del Perú a Coroneles de Armas,https://busquedas.elperuano.pe/dispositivo/NL/2344659-29,20241130
20241115,2344659-3,INTERIOR,RESOLUCION SUPREMA,N° 162-2024-IN,Ascienden al grado de Teniente General de Armas de la Policía Nacional del Perú a Generales de Armas,https://busquedas.elperuano.pe/dispositivo/NL/2344659-3,20241130
20241115,2344659-30,INTERIOR,RESOLUCION SUPREMA,N° 189-2024-IN,Ascienden al grado de General de Armas de la Policía Nacional del Perú a Coroneles de Armas,https://busquedas.elperuano.pe/dispositivo/NL/2344659-30,20241130
20241115,2344659-31,INTERIOR,RESOLUCION SUPREMA,N° 190-2024-IN,Ascienden al grado de General de Servicios de la Policía Nacional del Perú a Coronel de Servicios,https://busquedas.elperuano.pe/dispositivo/NL/2344659-31,20241130
20241115,2344659-4,INTERIOR,RESOLUCION SUPREMA,N° 163-2024-IN,Ascienden al grado de Teniente General de Armas de la Policía Nacional del Perú a Generales de Armas,https://busquedas.elperuano.pe/dispositivo/NL/2344659-4,20241130
20241115,2344659-5,INTERIOR,RESOLUCION SUPREMA,N° 164-2024-IN,Ascienden al grado de Teniente General de Armas de la Policía Nacional del Perú a Generales de Armas,https://busquedas.elperuano.pe/dispositivo/NL/2344659-5,20241130
20241115,2344659-6,INTERIOR,RESOLUCION SUPREMA,N° 165-2024-IN,Ascienden al grado de General de Armas de la Policía Nacional del Perú a Coroneles de Armas,https://busquedas.elperuano.pe/dispositivo/NL/2344659-6,20241130
20241115,2344659-7,INTERIOR,RESOLUCION SUPREMA,N° 166-2024-IN,Ascienden al grado de General de Armas de la Policía Nacional del Perú a Coroneles de Armas,https://busquedas.elperuano.pe/dispositivo/NL/2344659-7,20241130
20241115,2344659-8,INTERIOR,RESOLUCION SUPREMA,N° 167-2024-IN,Ascienden al grado de General de Armas de la Policía Nacional del Perú a Coroneles de Armas,https://busquedas.elperuano.pe/dispositivo/NL/2344659-8,20241130
20241115,2344659-9,INTERIOR,RESOLUCION SUPREMA,N° 168-2024-IN,Ascienden al grado de General de Armas de la Policía Nacional del Perú a Coroneles de Armas,https://busquedas.elperuano.pe/dispositivo/NL/2344659-9,20241130
20241115,2344113-1,JUSTICIA Y DERECHOS HUMANOS,RESOLUCION MINISTERIAL,N° 286-2024-JUS,Autorizan viaje de Superintendente Nacional de los Registros Públicos y de asesor a Costa Rica en comisión de servicios,https://busquedas.elperuano.pe/dispositivo/NL/2344113-1,20241130
20241115,2344446-1,PRODUCE,RESOLUCION MINISTERIAL,N° 00449-2024-PRODUCE,Autorizan viaje de servidora del IMARPE a Costa Rica en comisión de servicios,https://busquedas.elperuano.pe/dispositivo/NL/2344446-1,20241130
20241115,2344410-1,RELACIONES EXTERIORES,DECRETO SUPREMO,N° 055-2024-RE,Decreto Supremo que ratifica el Acuerdo entre el Gobierno de los Estados Unidos de América y el Gobierno de la República del Perú para la Donación de Nueve Helicópteros UH-60 (Black Hawk) y Equipo de Apoyo,https://busquedas.elperuano.pe/dispositivo/NL/2344410-1,20241130
20241115,2344408-1,RELACIONES EXTERIORES,RESOLUCION MINISTERIAL,N° 0864-2024-RE,Autorizan viaje de la Directora General de Soberanía Límites y Asuntos Antárticos y otros comisionados a Chile en comisión de servicios,https://busquedas.elperuano.pe/dispositivo/NL/2344408-1,20241130
20241115,2344104-1,SERVICIO NACIONAL DE CAPACITACION PARA LA INDUSTRIA DE LA CONSTRUCCION,RESOLUCION,N° 000198-2024-02.00/SENCICO,Formalizan designación de Asesor Legal del Servicio Nacional de Capacitación para la Industria de la Construcción – SENCICO,https://busquedas.elperuano.pe/dispositivo/NL/2344104-1,20241130
20241115,2344106-1,SERVICIO NACIONAL DE CAPACITACION PARA LA INDUSTRIA DE LA CONSTRUCCION,RESOLUCION,N° 000200-2024-02.00/SENCICO,Formalizan designación de Gerente de la Oficina de Administración y Finanzas del Servicio Nacional de Capacitación para la Industria de la Construcción – SENCICO,https://busquedas.elperuano.pe/dispositivo/NL/2344106-1,20241130
20241115,2343948-1,ORGANISMO SUPERVISOR DE INVERSION PRIVADA EN TELECOMUNICACIONES,RESOLUCION,N° 00230-2024-CD/OSIPTEL,Fijan el valor del Factor de Control aplicable para el Ajuste Trimestral de Tarifas Tope de los Servicios de Categoría I de las Canastas C D y E prestados por Telefónica del Perú S.A.A.; y dictan otras disposiciones,https://busquedas.elperuano.pe/dispositivo/NL/2343948-1,20241130
20241115,2342824-1,INSTITUTO GEOLÓGICO MINERO Y METALÚRGICO,RESOLUCION,N° 154-2024-INGEMMET/PE,Disponen la publicación de la relación de concesiones mineras cuyos títulos fueron aprobados en el mes de octubre de 2024,https://busquedas.elperuano.pe/dispositivo/NL/2342824-1,20241130
20241115,2344377-1,ORGANISMO TÉCNICO DE LA ADMINISTRACIÓN DE LOS SERVICIOS DE SANEAMIENTO,RESOLUCION DIRECTORAL,N° 000114-2024-OTASS-DE,Designan Gerente Comercial de la Unidad Ejecutora N° 002 – Servicios de Saneamiento Tumbes,https://busquedas.elperuano.pe/dispositivo/NL/2344377-1,20241130
20241115,2343689-1,SUPERINTENDENCIA NACIONAL DE ADUANAS Y DE ADMINISTRACIÓN TRIBUTARIA,RESOLUCION,N° 000243-2024/SUNAT,Designan Gerente de Gestión del Empleo y Gerente de Desarrollo de Personas de la Intendencia Nacional de Recursos Humanos,https://busquedas.elperuano.pe/dispositivo/NL/2343689-1,20241130
20241115,2343905-1,SUPERINTENDENCIA NACIONAL DE FISCALIZACIÓN LABORAL,RESOLUCION,N° 257-2024-SUNAFIL,Designan Asesor I de Superintendencia de la SUNAFIL,https://busquedas.elperuano.pe/dispositivo/NL/2343905-1,20241130
20241115,2343807-1,INSTITUCIONES EDUCATIVAS,RESOLUCION,N° 1335-2024,Autorizan viaje de docente de la Universidad Nacional de San Agustín de Arequipa para participar en evento que se realizará en Costa Rica,https://busquedas.elperuano.pe/dispositivo/NL/2343807-1,20241130
20241115,2343035-1,INSTITUCIONES EDUCATIVAS,RESOLUCION,N° 0664-2024/UNTUMBES-R.,Autorizan viaje de docente de la Universidad Nacional de Tumbes a Brasil en comisión de servicios,https://busquedas.elperuano.pe/dispositivo/NL/2343035-1,20241130
20241115,2344350-1,JURADO NACIONAL DE ELECCIONES,RESOLUCION,N° 0363-2024-JNE,Confirman el Acuerdo de Concejo Nº 003-2024-SEC-MDJG que declaró improcedente solicitud de vacancia presentada en contra de alcalde de la Municipalidad Distrital de Juan Guerra,https://busquedas.elperuano.pe/dispositivo/NL/2344350-1,20241130
20241115,2344043-1,MINISTERIO PUBLICO,RESOLUCION,N° 2611-2024-MP-FN,Designan fiscal en la Fiscalía Superior Penal de la Segunda Fiscalía Corporativa Penal de Santiago de Surco-Barranco,https://busquedas.elperuano.pe/dispositivo/NL/2344043-1,20241130
20241115,2344043-2,MINISTERIO PUBLICO,RESOLUCION,N° 2615-2024-MP-FN,Nombran fiscal adjunto superior y lo designan en el despacho de la Fiscalía Suprema de Familia,https://busquedas.elperuano.pe/dispositivo/NL/2344043-2,20241130
20241115,2344043-3,MINISTERIO PUBLICO,RESOLUCION,N° 2616-2024-MP-FN,Designan jefe de la Oficina de la Unidad de Cooperación Judicial Internacional y de Extradiciones y fiscales adjuntos en la Fiscalía Suprema de Familia y en la Fiscalía Suprema Especializada en delitos cometidos por Funcionarios Públicos,https://busquedas.elperuano.pe/dispositivo/NL/2344043-3,20241130
20241115,2344043-4,MINISTERIO PUBLICO,RESOLUCION,N° 2617-2024-MP-FN,Nombran fiscales y los designan en la Fiscalía Suprema de Familia y en el Equipo de Apoyo Fiscal del Distrito Fiscal de Lima Centro,https://busquedas.elperuano.pe/dispositivo/NL/2344043-4,20241130
20241115,2344043-5,MINISTERIO PUBLICO,RESOLUCION,N° 2618-2024-MP-FN,Nombran fiscal adjunta superior y la designan en el despacho de la Fiscalía Suprema de Familia,https://busquedas.elperuano.pe/dispositivo/NL/2344043-5,20241130
20241115,2344043-6,MINISTERIO PUBLICO,RESOLUCION,N° 2619-2024-MP-FN,Designan y nombran fiscales en el Distrito Fiscal de Lima Centro y dictan otras disposiciones,https://busquedas.elperuano.pe/dispositivo/NL/2344043-6,20241130
20241115,2343647-1,"SUPERINTENDENCIA DE BANCA, SEGUROS Y ADMINISTRADORAS PRIVADAS DE FONDOS DE PENSIONES",RESOLUCION,SBS N° 03885-2024,Autorizan viaje de funcionario para participar en evento a realizarse en Uruguay,https://busquedas.elperuano.pe/dispositivo/NL/2343647-1,20241130
20241115,2343710-1,"SUPERINTENDENCIA DE BANCA, SEGUROS Y ADMINISTRADORAS PRIVADAS DE FONDOS DE PENSIONES",RESOLUCION,SBS N° 03889-2024,Autorizan viaje de funcionario para participar en evento que se realizará en la Confederación Suiza,https://busquedas.elperuano.pe/dispositivo/NL/2343710-1,20241130
20241115,2344120-1,TRIBUNAL CONSTITUCIONAL,RESOLUCION ADMINISTRATIVA,N° 198-2024-P/TC,Conceden licencia con goce de remuneraciones a magistrados y profesional para asistir a conferencia a realizarse en Colombia,https://busquedas.elperuano.pe/dispositivo/NL/2344120-1,20241130
20241115,2336257-1,GOBIERNO REGIONAL DE LIMA,RESOLUCION,N° 481-2024-GOB,Aprueban Transferencia Financiera al Pliego 019 Contraloría General,https://busquedas.elperuano.pe/dispositivo/NL/2336257-1,20241130
20241115,2337583-1,GOBIERNO REGIONAL DE LIMA,RESOLUCION,N° 491-2024-GOB,Aprueban transferencia financiera al Ministerio Público para el Control Gubernamental en gastos de 3 proyectos de inversiones priorizados por la Contraloría General de la República,https://busquedas.elperuano.pe/dispositivo/NL/2337583-1,20241130
20241115,2341246-1,GOBIERNO REGIONAL DE LIMA,RESOLUCION DIRECTORAL,N° 296-2024-GRL-GRDE-DREM,Publican la relación de concesiones mineras cuyos títulos fueron otorgados en los meses de agosto a setiembre de 2024,https://busquedas.elperuano.pe/dispositivo/NL/2341246-1,20241130
20241115,2343889-1,MUNICIPALIDAD DE SAN ISIDRO,ORDENANZA,N° 608-MSI,Ordenanza que declara interés público la promoción de la participación del Sector Privado en el mejoramiento de los bienes municipales servicios públicos locales e infraestructura pública en el distrito de San Isidro,https://busquedas.elperuano.pe/dispositivo/NL/2343889-1,20241130
20241115,2342014-1,MUNICIPALIDAD DE SURQUILLO,Ordenanzas,N° 553-2024-MDS,Ordenanza que aprueba el Reglamento de Instalación y Funcionamiento del Consejo de Coordinación Local Distrital de Surquillo,https://epdoc2.elperuano.pe/EpPo/VistaDE.asp?Referencias=MjM0MjAxNC0xMjAyNDExMTU=,20241130
20241114,2344032-3,PRESIDENCIA DEL CONSEJO DE MINISTROS,RESOLUCION SUPREMA,N° 238-2024-PCM,Autorizan viaje de Ministro de Desarrollo e Inclusión Social a Brasil y encargan su Despacho a la Ministra de Comercio Exterior y Turismo,https://busquedas.elperuano.pe/dispositivo/NL/2344032-3,20241130
20241114,2344032-4,PRESIDENCIA DEL CONSEJO DE MINISTROS,RESOLUCION SUPREMA,N° 239-2024-PCM,Autorizan viaje de Ministro de Justicia y Derechos Humanos a Colombia y encargan su Despacho al Ministro de Trabajo y Promoción del Empleo,https://busquedas.elperuano.pe/dispositivo/NL/2344032-4,20241130
20241114,2344032-5,PRESIDENCIA DEL CONSEJO DE MINISTROS,RESOLUCION SUPREMA,N° 240-2024-PCM,Encargan las funciones de Presidente del Consejo Directivo del Centro Nacional de Planeamiento Estratégico - CEPLAN,https://busquedas.elperuano.pe/dispositivo/NL/2344032-5,20241130
20241114,2344032-6,PRESIDENCIA DEL CONSEJO DE MINISTROS,RESOLUCION SUPREMA,N° 241-2024-PCM,Autorizan viaje de Ministro de Relaciones Exteriores a Brasil y España y encargan su Despacho al Presidente del Consejo de Ministros,https://busquedas.elperuano.pe/dispositivo/NL/2344032-6,20241130
20241114,2343601-1,COMERCIO EXTERIOR Y TURISMO,FE DE ERRATA,R.M. N° 343-2024-MINCETUR,FE DE ERRATA,https://busquedas.elperuano.pe/dispositivo/NL/2343601-1,20241130
20241114,2343255-1,COMERCIO EXTERIOR Y TURISMO,RESOLUCION MINISTERIAL,N° 345-2024-MINCETUR,Autorizan viaje de funcionarios del Ministerio a Bélgica en comisión de servicios,https://busquedas.elperuano.pe/dispositivo/NL/2343255-1,20241130
20241114,2343261-1,COMERCIO EXTERIOR Y TURISMO,RESOLUCION MINISTERIAL,N° 346-2024-MINCETUR,Autorizan viaje de profesionales del MINCETUR a Colombia en comisión de servicios,https://busquedas.elperuano.pe/dispositivo/NL/2343261-1,20241130
20241114,2344032-2,CULTURA,DECRETO SUPREMO,N° 007-2024-MC,Decreto Supremo que modifica la denominación y diversos artículos del Decreto Supremo N° 013-2021-MC Decreto Supremo que aprueba la creación del Servicio de Orientación Frente a la Discriminación Étnico-Racial - ORIENTA,https://busquedas.elperuano.pe/dispositivo/NL/2344032-2,20241130
20241114,2343303-1,CULTURA,RESOLUCION DIRECTORAL,N° 000182-2024-DGPA-VMPCIC/MC,Determinan la Protección Provisional del Paisaje Arqueológico Quebrada Yankay Sector A y B ubicado en el distrito de San José de Los Molinos provincia de Ica departamento de Ica,https://busquedas.elperuano.pe/dispositivo/NL/2343303-1,20241130
20241114,2343309-1,CULTURA,RESOLUCION DIRECTORAL,N° 000183-2024-DGPA-VMPCIC/MC,Determinan la Protección Provisional del Sitio Arqueológico Pueblo Viejo Pucará Sector A y Sector B ubicado en el distrito de Lurín provincia y departamento de Lima,https://busquedas.elperuano.pe/dispositivo/NL/2343309-1,20241130
20241114,2343509-1,CULTURA,RESOLUCION DIRECTORAL,N° 000184-2024-DGPA-VMPCIC/MC,Determinan la Protección Provisional del Sitio Arqueológico Huaca Chacupe ubicado en el distrito de La Victoria provincia de Chiclayo departamento de Lambayeque,https://busquedas.elperuano.pe/dispositivo/NL/2343509-1,20241130
20241114,2343209-1,CULTURA,RESOLUCION DIRECTORAL,N° 000185-2024-DGPA-VMPCIC/MC,Determinan la Protección Provisional del Sitio Arqueológico Huaca Los Chinos o Huaca Santa Rosa III ubicado en el distrito provincia y departamento de Lambayeque,https://busquedas.elperuano.pe/dispositivo/NL/2343209-1,20241130
20241114,2343928-1,CULTURA,RESOLUCION MINISTERIAL,N° 000415-2024-MC,Aprueban tarifas promocionales al Circuito Cultural Urbano comprendido por la Iglesia de Belén el Museo Arqueológico y Etnográfico y el Ex Hospital de Varones del Conjunto Monumental Belén,https://busquedas.elperuano.pe/dispositivo/NL/2343928-1,20241130
20241114,2344086-1,CULTURA,RESOLUCION MINISTERIAL,N° 000416-2024-MC,Amplían plazo de vigencia del Grupo de Trabajo de evaluación de los procesos críticos del Archivo General de la Nación creado mediante la R.M. Nº 000359-2024-MC,https://busquedas.elperuano.pe/dispositivo/NL/2344086-1,20241130
20241114,2343930-1,DEFENSA,RESOLUCION MINISTERIAL,N° 01604-2024-DE,Autorizan viaje de oficiales del Ejército Peruano a Chile en comisión de servicios,https://busquedas.elperuano.pe/dispositivo/NL/2343930-1,20241130
20241114,2343925-1,DEFENSA,RESOLUCION MINISTERIAL,N° 01608-2024-DE,Autorizan viaje de Gerente General del Instituto Geográfico Nacional a Colombia en comisión de servicios,https://busquedas.elperuano.pe/dispositivo/NL/2343925-1,20241130
20241114,2343934-1,DEFENSA,RESOLUCION MINISTERIAL,N° 01603-2024-DE,Autorizan viaje de oficial del Ejército Peruano a la República Italiana en comisión de servicios,https://busquedas.elperuano.pe/dispositivo/NL/2343934-1,20241130
20241114,2344040-1,DESARROLLO AGRARIO Y RIEGO,RESOLUCION MINISTERIAL,N° 0376-2024-MIDAGRI,Autorizan viaje de servidores del SENASA a la República Socialista de Vietnam en comisión de servicios,https://busquedas.elperuano.pe/dispositivo/NL/2344040-1,20241130
20241114,2344021-1,ECONOMIA Y FINANZAS,RESOLUCION DIRECTORAL,N° 0036-2024-EF/50.01,Resolución Directoral que modifica la Directiva Nº 0001-2024-EF/50.01 Directiva para la Ejecución Presupuestaria aprobada mediante la Resolución Directoral Nº 0009-2024-EF/50.01,https://busquedas.elperuano.pe/dispositivo/NL/2344021-1,20241130
20241114,2344028-1,INTERIOR,RESOLUCION MINISTERIAL,N° 1403-2024-IN,Designan Directora de la Dirección Contra Delitos de Crimen Organizado,https://busquedas.elperuano.pe/dispositivo/NL/2344028-1,20241130
20241114,2344032-7,INTERIOR,RESOLUCION SUPREMA,N° 157-2024-IN,Designan temporalmente a funcionario para desempeñar las funciones de Superintendente Nacional de la Superintendencia Nacional de Migraciones - MIGRACIONES,https://busquedas.elperuano.pe/dispositivo/NL/2344032-7,20241130
20241114,2344032-8,INTERIOR,RESOLUCION SUPREMA,N° 158-2024-IN,Formalizan el cuadro de mérito por categoría y grado correspondiente al Proceso de Ascenso por concurso al grado de Generales de Armas y de Servicios abogados y médicos de la Policía Nacional del Perú del año 2024 - Promoción 2025,https://busquedas.elperuano.pe/dispositivo/NL/2344032-8,20241130
20241114,2344032-9,INTERIOR,RESOLUCION SUPREMA,N° 159-2024-IN,Formalizan el cuadro de mérito por categoría y grado correspondiente al Proceso de Ascenso por concurso al grado de Teniente General de Armas de la Policía Nacional del Perú del año 2024 - Promoción 2025,https://busquedas.elperuano.pe/dispositivo/NL/2344032-9,20241130
20241114,2343977-1,JUSTICIA Y DERECHOS HUMANOS,RESOLUCION,N° 225-2024-JUS/PRONACEJ,Designan directora del Centro Juvenil de Diagnóstico y Rehabilitación de Santa Margarita del Programa Nacional de Centros Juveniles,https://busquedas.elperuano.pe/dispositivo/NL/2343977-1,20241130
20241114,2343955-1,MUJER Y POBLACIONES VULNERABLES,RESOLUCION MINISTERIAL,N° 348-2024-MIMP,Reconocen a instituciones que han cumplido con los indicadores de la Estrategia Ponte en #ModoNiñez aprobada por D.S. N° 020-2021-MIMP,https://busquedas.elperuano.pe/dispositivo/NL/2343955-1,20241130
20241114,2343932-1,MUJER Y POBLACIONES VULNERABLES,RESOLUCION MINISTERIAL,N° 351-2024-MIMP,Designan miembro del Directorio de la Sociedad de Beneficencia de Chincha en representación del Ministerio de la Mujer y Poblaciones Vulnerables,https://busquedas.elperuano.pe/dispositivo/NL/2343932-1,20241130
20241114,2343872-1,PRODUCE,RESOLUCION,N° 870-2024-PRODUCE/PROINNOVATE,Aprueban el otorgamiento de subvenciones a favor de beneficiarios con cargo al Presupuesto Institucional 2024 del Programa Nacional de Innovación para la Competitividad y Productividad,https://busquedas.elperuano.pe/dispositivo/NL/2343872-1,20241130
20241114,2344032-1,RELACIONES EXTERIORES,DECRETO SUPREMO,N° 054-2024-RE,Decreto Supremo que ratifica el Acuerdo de Cooperación sobre Cambio Climático entre la República del Perú y la República de Corea,https://busquedas.elperuano.pe/dispositivo/NL/2344032-1,20241130
20241114,2344026-1,SALUD,RESOLUCION MINISTERIAL,N° 792-2024/MINSA,Aprueban lista complementaria de medicamentos para el tratamiento de tuberculosis al Petitorio Nacional Único de Medicamentos Esenciales del Sector Salud,https://busquedas.elperuano.pe/dispositivo/NL/2344026-1,20241130
20241114,2344020-1,SALUD,RESOLUCION MINISTERIAL,N° 793-2024/MINSA,Autorizan viaje de profesionales de la Dirección General de Medicamentos Insumos y Drogas a Colombia en comisión de servicios,https://busquedas.elperuano.pe/dispositivo/NL/2344020-1,20241130
20241114,2342767-1,TRANSPORTES Y COMUNICACIONES,RESOLUCION DIRECTORAL,N° 0658-2024-MTC/17.03,Autorizan a la empresa Multiservicios Turing Cusco Empresa Individual de Responsabilidad Limitada para operar como centro de inspección técnica vehicular fijo – CITV Fijo en local ubicado en el distrito de Bagua Grande provincia de Utcubamba y departamento de Amazonas,https://busquedas.elperuano.pe/dispositivo/NL/2342767-1,20241130
20241114,2344061-1,ORGANISMO DE FORMALIZACIÓN DE LA PROPIEDAD INFORMAL,RESOLUCION DIRECTORAL,N° D000162-2024-COFOPRI-DE,Modifican la R.D. N° 010-2009-COFOPRI-DE que aprobó las características y contenido del formato de Acta de Transferencia de Propiedad para ser utilizado en las transferencias de propiedad a favor del Estado,https://busquedas.elperuano.pe/dispositivo/NL/2344061-1,20241130
20241114,2344030-1,ORGANISMO SUPERVISOR DE LA INVERSIÓN EN ENERGÍA Y MINERÍA,RESOLUCION,N° 186-2024-OS/CD,Disponen medida transitoria de excepción de la obligación de inscripción en el Registro de Hidrocarburos como Consumidor Directo con Instalaciones Estratégicas a favor del Ejército del Perú,https://busquedas.elperuano.pe/dispositivo/NL/2344030-1,20241130
20241114,2343547-1,SUPERINTENDENCIA DEL MERCADO DE VALORES,RESOLUCION,N° 056-2024-SMV/10,Declaran fundada apelación y otorgan autorización de organización de sociedad administradora de fondos de inversión que será denominada Zest Capital Sociedad Administradora de Fondos de Inversión S.A.C.,https://busquedas.elperuano.pe/dispositivo/NL/2343547-1,20241130
20241114,2343985-1,SUPERINTENDENCIA NACIONAL DE ADUANAS Y DE ADMINISTRACIÓN TRIBUTARIA,RESOLUCION,N° 000244-2024/SUNAT,Disponen la publicación del proyecto de Resolución de Superintendencia que modifica el procedimiento general Tránsito aduanero internacional de mercancías CAN - ALADI DESPA-PG.27 (versión 4) y su exposición de motivos,https://busquedas.elperuano.pe/dispositivo/NL/2343985-1,20241130
20241114,2343993-1,SUPERINTENDENCIA NACIONAL DE ADUANAS Y DE ADMINISTRACIÓN TRIBUTARIA,RESOLUCION,N° 000245-2024/SUNAT,Disponen la publicación del proyecto de Resolución de Superintendencia que modifica el procedimiento específico Solicitud de rectificación electrónica de declaración DESPA-PE.00.11 (versión 3) y su exposición de motivos,https://busquedas.elperuano.pe/dispositivo/NL/2343993-1,20241130
20241114,2344056-1,SUPERINTENDENCIA NACIONAL DE ADUANAS Y DE ADMINISTRACIÓN TRIBUTARIA,RESOLUCION,N° 000247-2024/SUNAT,Disponen la publicación en la sede digital de la SUNAT de proyecto de Resolución de Superintendencia que modifica el procedimiento general Manifiesto de carga DESPA-PG.09 (versión 7) y el procedimiento específico Rectificación del manifiesto de carga actos relacionados documentos vinculados e incorporación DESPA-PE.09.02 (versión 7) con su exposición de motivos,https://busquedas.elperuano.pe/dispositivo/NL/2344056-1,20241130
20241114,2344018-1,CONTRALORIA GENERAL DE LA REPUBLICA,RESOLUCION,N° 689-2024-CG,Designan Jefe del Órgano de Control Institucional del Instituto Nacional Penitenciario – INPE,https://busquedas.elperuano.pe/dispositivo/NL/2344018-1,20241130
20241114,2342583-1,INSTITUCIONES EDUCATIVAS,RESOLUCION,N° 1249-2024-CU-UNH,Autorizan viaje a Brasil de docente de la Universidad Nacional de Huancavelica ganador de beca del programa de movilidad académica y de investigación,https://busquedas.elperuano.pe/dispositivo/NL/2342583-1,20241130
20241114,2342849-1,INSTITUCIONES EDUCATIVAS,RESOLUCION,N° 821-2024-CU-R-UNS,Aprueban el Manual de Clasificador de Cargos – MCC - de la Universidad Nacional del Santa,https://busquedas.elperuano.pe/dispositivo/NL/2342849-1,20241130
20241114,2344013-1,MINISTERIO PUBLICO,RESOLUCION,N° 2612-2024-MP-FN,Dejan sin efecto las Resoluciones de la Fiscalía de la Nación N° 024-2024-MP-FN y N° 1267-2024-MP-FN y dictan otras disposiciones,https://busquedas.elperuano.pe/dispositivo/NL/2344013-1,20241130
20241114,2344016-1,MINISTERIO PUBLICO,RESOLUCION,N° 2613-2024-MP-FN,Modifican el Reglamento de las Fiscalías Especializadas en Delitos de Corrupción de Funcionarios Fiscalías Especializadas contra la Criminalidad Organizada y Fiscalías Especializadas en Delitos de Lavado de Activos y Pérdida de Dominio y dictan otras disposiciones,https://busquedas.elperuano.pe/dispositivo/NL/2344016-1,20241130
20241114,2343403-1,"SUPERINTENDENCIA DE BANCA, SEGUROS Y ADMINISTRADORAS PRIVADAS DE FONDOS DE PENSIONES",CIRCULAR,N° AFP-184-2024,Establecen las Bases de la Sétima Licitación de Afiliados - Ley Nº 29903,https://busquedas.elperuano.pe/dispositivo/NL/2343403-1,20241130
20241114,2343526-1,"SUPERINTENDENCIA DE BANCA, SEGUROS Y ADMINISTRADORAS PRIVADAS DE FONDOS DE PENSIONES",RESOLUCION,SBS N° 03878-2024,Modifican el Título V del Compendio de Normas de Superintendencia Reglamentarias del SPP aprobado mediante Resolución N° 080-98-EF/SAFP,https://busquedas.elperuano.pe/dispositivo/NL/2343526-1,20241130
20241114,2343262-1,"SUPERINTENDENCIA DE BANCA, SEGUROS Y ADMINISTRADORAS PRIVADAS DE FONDOS DE PENSIONES",RESOLUCION,SBS N° 03868-2024,Declaran la disolución de la Cooperativa de Ahorro y Crédito Dos Pinos,https://busquedas.elperuano.pe/dispositivo/NL/2343262-1,20241130
20241114,2343256-1,"SUPERINTENDENCIA DE BANCA, SEGUROS Y ADMINISTRADORAS PRIVADAS DE FONDOS DE PENSIONES",RESOLUCION,SBS N° 03865-2024,Declaran la disolución de la Cooperativa de Ahorro y Crédito Salkantay,https://busquedas.elperuano.pe/dispositivo/NL/2343256-1,20241130
20241114,2343258-1,"SUPERINTENDENCIA DE BANCA, SEGUROS Y ADMINISTRADORAS PRIVADAS DE FONDOS DE PENSIONES",RESOLUCION,SBS N° 03866-2024,Declaran el sometimiento a régimen de intervención de la Cooperativa de Ahorro y Crédito Credinnova,https://busquedas.elperuano.pe/dispositivo/NL/2343258-1,20241130
20241114,2343259-1,"SUPERINTENDENCIA DE BANCA, SEGUROS Y ADMINISTRADORAS PRIVADAS DE FONDOS DE PENSIONES",RESOLUCION,SBS N° 03867-2024,Declaran el sometimiento a régimen de intervención de la Cooperativa de Ahorro y Crédito Mi Empresa,https://busquedas.elperuano.pe/dispositivo/NL/2343259-1,20241130
20241114,2344039-1,MUNICIPALIDAD METROPOLITANA DE LIMA,ACUERDO,N° 419,Autorizan a Alcalde Metropolitano de Lima suscribir documentación para la gestión de donación de vagones locomotoras y repuestos para la implementación de servicio de transporte público (servicio de trenes de pasajeros),https://busquedas.elperuano.pe/dispositivo/NL/2344039-1,20241130
20241114,2343652-1,MUNICIPALIDAD DE CIENEGUILLA,Ordenanzas,N° 391-2024-MDC,Ordenanza que aprueba el Reglamento del Consejo de Coordinación Local Distrital (CCLD) del distrito de Cieneguilla para el Periodo 2024 - 2026,https://epdoc2.elperuano.pe/EpPo/VistaDE.asp?Referencias=MjM0MzY1Mi0xMjAyNDExMTQ=,20241130
20241114,2343667-1,MUNICIPALIDAD DE CIENEGUILLA,Ordenanzas,N° 392-2024-MDC,Ordenanza que aprueba el Reglamento del Proceso de Presupuesto Participativo Basado en Resultados para el Año Fiscal 2025 de la Municipalidad Distrital de Cieneguilla para las Niñas Niños y Adolescentes,https://epdoc2.elperuano.pe/EpPo/VistaDE.asp?Referencias=MjM0MzY2Ny0xMjAyNDExMTQ=,20241130
20241113,2344031-1,PRESIDENCIA DEL CONSEJO DE MINISTROS,DECRETO SUPREMO,N° 124-2024-PCM,Decreto Supremo que declara el Estado de Emergencia en los distritos de Amarilis y Pillco Marca de la provincia de Huánuco del departamento de Huánuco por impacto de daños a consecuencia de intensas precipitaciones pluviales,https://busquedas.elperuano.pe/dispositivo/NL/2344031-1,20241130
20241113,2344031-2,PRESIDENCIA DEL CONSEJO DE MINISTROS,DECRETO SUPREMO,N° 125-2024-PCM,Decreto Supremo que declara el Estado de Emergencia en varios distritos de las provincias del departamento de Piura por peligro inminente ante déficit hídrico,https://busquedas.elperuano.pe/dispositivo/NL/2344031-2,20241130
20241113,2343861-1,PRESIDENCIA DEL CONSEJO DE MINISTROS,RESOLUCION MINISTERIAL,N° 300-2024-PCM,Modifican la R.M. Nº 264-2021-PCM que crea el Grupo de Trabajo de naturaleza temporal denominado Espacio de diálogo para el desarrollo de la provincia de Cotabambas y distrito de Progreso de la provincia de Grau del departamento de Apurímac,https://busquedas.elperuano.pe/dispositivo/NL/2343861-1,20241130
20241113,2343546-1,AMBIENTE,RESOLUCION MINISTERIAL,N° 00389-2024-MINAM,Aprueban el Lineamiento para el proceso gestión y provisión de información periódica sobre el abordaje y respeto de las salvaguardas REDD+,https://busquedas.elperuano.pe/dispositivo/NL/2343546-1,20241130
20241113,2343246-1,COMERCIO EXTERIOR Y TURISMO,RESOLUCION MINISTERIAL,N° 344-2024-MINCETUR,Delegan a la Cámara de Comercio Industria y Turismo de Ucayali la facultad de emisión de certificados de origen de las mercancías producidas en el departamento de Ucayali o por empresas domiciliadas en dicho departamento,https://busquedas.elperuano.pe/dispositivo/NL/2343246-1,20241130
20241113,2343678-1,COMERCIO EXTERIOR Y TURISMO,RESOLUCION MINISTERIAL,N° 348-2024-MINCETUR,Delegan a la Sociedad Nacional de Industrias la facultad de emitir certificados de origen a las mercancías originarias producidas a nivel nacional,https://busquedas.elperuano.pe/dispositivo/NL/2343678-1,20241130
20241113,2342743-1,CULTURA,RESOLUCION DIRECTORAL,N° 000177-2024-DGPA-VMPCIC/MC,Determinan la Protección Provisional del Sitio Arqueológico Anahuarcce ubicado en el distrito de Huambalpa provincia de Vilcas Huamán departamento de Ayacucho,https://busquedas.elperuano.pe/dispositivo/NL/2342743-1,20241130
20241113,2342745-1,CULTURA,RESOLUCION DIRECTORAL,N° 000180-2024-DGPA-VMPCIC/MC,Determinan la Protección Provisional del Sitio arqueológico Fuente de Oro ubicado en el distrito de Huancano provincia de Pisco departamento de Ica,https://busquedas.elperuano.pe/dispositivo/NL/2342745-1,20241130
20241113,2343627-1,CULTURA,RESOLUCION MINISTERIAL,N° 000413-2024-MC,Designan Directora de Programa Sectorial II de la Sub Dirección Desconcentrada de Industrias Culturales y Artes de la Dirección Desconcentrada de Cultura de Cusco,https://busquedas.elperuano.pe/dispositivo/NL/2343627-1,20241130
20241113,2342753-1,CULTURA,RESOLUCION VICE MINISTERIAL,N° 000325-2024-VMPCIC/MC,Declaran Patrimonio Cultural de la Nación 35 unidades hemerográficas en catorce volúmenes de la Revista de Derecho y Ciencias Políticas (1936-1950) pertenecientes a la Biblioteca Central Pedro Zulen de la Universidad Nacional Mayor de San Marcos,https://busquedas.elperuano.pe/dispositivo/NL/2342753-1,20241130
20241113,2343438-1,DEFENSA,RESOLUCION MINISTERIAL,N° 01593-2024-DE,Autorizan viaje de alumnos de la Fuerza Aérea del Perú a Brasil en misión de estudios,https://busquedas.elperuano.pe/dispositivo/NL/2343438-1,20241130
20241113,2343573-1,DESARROLLO AGRARIO Y RIEGO,RESOLUCION MINISTERIAL,N° 0374-2024-MIDAGRI,Modifican el Artículo Primero de la Resolución Ministerial N° 0259-2024-MIDAGRI,https://busquedas.elperuano.pe/dispositivo/NL/2343573-1,20241130
20241113,2343735-1,DESARROLLO E INCLUSIÓN SOCIAL,RESOLUCION MINISTERIAL,N° D000167-2024-MIDIS,Autorizan viaje de servidora del Ministerio a Brasil en comisión de servicios,https://busquedas.elperuano.pe/dispositivo/NL/2343735-1,20241130
20241113,2343609-1,ECONOMIA Y FINANZAS,DECRETO SUPREMO,N° 219-2024-EF,Decreto Supremo que autoriza Transferencia de Partidas en el Presupuesto del Sector Público para el Año Fiscal 2024 a favor del Gobierno Regional de Amazonas,https://busquedas.elperuano.pe/dispositivo/NL/2343609-1,20241130
20241113,2343609-2,ECONOMIA Y FINANZAS,DECRETO SUPREMO,N° 220-2024-EF,Decreto Supremo que autoriza Transferencia de Partidas en el Presupuesto del Sector Público para el Año Fiscal 2024 a favor de los gobiernos regionales,https://busquedas.elperuano.pe/dispositivo/NL/2343609-2,20241130
20241113,2343609-3,ECONOMIA Y FINANZAS,DECRETO SUPREMO,N° 221-2024-EF,Decreto Supremo que autoriza Transferencia de Partidas en el Presupuesto del Sector Público para el Año Fiscal 2024 a favor de diversos gobiernos regionales,https://busquedas.elperuano.pe/dispositivo/NL/2343609-3,20241130
20241113,2343609-4,ECONOMIA Y FINANZAS,DECRETO SUPREMO,N° 222-2024-EF,Decreto Supremo que autoriza Transferencia de Partidas en el Presupuesto del Sector Público para el Año Fiscal 2024 a favor de diversos gobiernos regionales,https://busquedas.elperuano.pe/dispositivo/NL/2343609-4,20241130
20241113,2343609-5,ECONOMIA Y FINANZAS,DECRETO SUPREMO,N° 223-2024-EF,Decreto Supremo que autoriza Transferencia de Partidas en el Presupuesto del Sector Público para el Año Fiscal 2024 a favor de los gobiernos regionales,https://busquedas.elperuano.pe/dispositivo/NL/2343609-5,20241130
20241113,2343609-6,ECONOMIA Y FINANZAS,DECRETO SUPREMO,N° 224-2024-EF,Decreto Supremo que autoriza Transferencia de Partidas en el Presupuesto del Sector Público para el Año Fiscal 2024 a favor de diversos gobiernos regionales,https://busquedas.elperuano.pe/dispositivo/NL/2343609-6,20241130
20241113,2343619-1,ECONOMIA Y FINANZAS,DECRETO SUPREMO,N° 225-2024-EF,Decreto Supremo que autoriza Transferencia de Partidas en el Presupuesto del Sector Público para el Año Fiscal 2024 a favor del Fondo Nacional de Desarrollo Pesquero,https://busquedas.elperuano.pe/dispositivo/NL/2343619-1,20241130
20241113,2343619-2,ECONOMIA Y FINANZAS,DECRETO SUPREMO,N° 226-2024-EF,Aprueban el Reglamento para la aplicación de la Primera Disposición Complementaria Final de la Ley N° 31980 Ley de creación de un régimen especial para el Centro Histórico de Lima a fin de proteger su patrimonio cultural y fomentar su desarrollo integral y sostenible,https://busquedas.elperuano.pe/dispositivo/NL/2343619-2,20241130
20241113,2343619-3,ECONOMIA Y FINANZAS,DECRETO SUPREMO,N° 227-2024-EF,Decreto Supremo que autoriza Transferencia de Partidas en el Presupuesto del Sector Público para el Año Fiscal 2024 a favor de diversos gobiernos locales,https://busquedas.elperuano.pe/dispositivo/NL/2343619-3,20241130
20241113,2343613-1,EDUCACION,RESOLUCION VICE MINISTERIAL,N° 134-2024-MINEDU,Disponen la publicación del proyecto de Norma Técnica denominada Criterios técnicos específicos para la infraestructura educativa de las Instituciones Educativas Privadas de la Educación Básica que cuentan con autorización de funcionamiento y del proyecto de Resolución Viceministerial que la aprueba,https://busquedas.elperuano.pe/dispositivo/NL/2343613-1,20241130
20241113,2343414-1,ENERGIA Y MINAS,RESOLUCION MINISTERIAL,N° 423-2024-MINEM/DM,Modifican la R.M. N° 126-2022-MINEM/DM que aprobó a Puerto Maldonado Transmisora de Energía S.A.C. como empresa calificada para acogerse al Régimen Especial de Recuperación Anticipada del Impuesto General a las Ventas en el desarrollo del proyecto denominado Subestación Valle del Chira de 220/60/229 kV,https://busquedas.elperuano.pe/dispositivo/NL/2343414-1,20241130
20241113,2343334-1,INTERIOR,RESOLUCION DIRECTORAL,N° 316-2024-IN-VOI-DGIN,Designan Subprefectos(as) Distritales en diversas regiones,https://busquedas.elperuano.pe/dispositivo/NL/2343334-1,20241130
20241113,2343342-1,JUSTICIA Y DERECHOS HUMANOS,RESOLUCION,N° 221-2024-JUS/PRONACEJ,Designan jefe de seguridad del Centro Juvenil de Diagnóstico y Rehabilitación Miguel Grau – Piura del Programa Nacional de Centros Juveniles,https://busquedas.elperuano.pe/dispositivo/NL/2343342-1,20241130
20241113,2343356-1,JUSTICIA Y DERECHOS HUMANOS,RESOLUCION,N° 222-2024-JUS/PRONACEJ,Designan jefe de la Unidad de Administración del Programa Nacional de Centros Juveniles,https://busquedas.elperuano.pe/dispositivo/NL/2343356-1,20241130
20241113,2343619-4,RELACIONES EXTERIORES,DECRETO SUPREMO,N° 053-2024-RE,Decreto Supremo que ratifica el Acuerdo entre el Gobierno de la República del Perú y el Gobierno de la República de Corea sobre Servicios Aéreos entre sus Territorios y más allá de ellos,https://busquedas.elperuano.pe/dispositivo/NL/2343619-4,20241130
20241113,2342748-1,RELACIONES EXTERIORES,RESOLUCION MINISTERIAL,N° 0849-2024-RE,Nombran Director de la Oficina Desconcentrada del Ministerio de Relaciones Exteriores en la ciudad de Tumbes departamento de Tumbes,https://busquedas.elperuano.pe/dispositivo/NL/2342748-1,20241130
20241113,2343489-1,SALUD,RESOLUCION MINISTERIAL,N° 787-2024/MINSA,Designan Jefe de Equipo II de la Dirección General de Telesalud Referencia y Urgencias,https://busquedas.elperuano.pe/dispositivo/NL/2343489-1,20241130
20241113,2343606-1,TRABAJO Y PROMOCION DEL EMPLEO,RESOLUCION,N° 905-PE-ESSALUD-2024,Aprueban el Manual de Operaciones y Cargos Ejecutivos Estructurales del Hospital Especializado Hospital de Especialidades Quirúrgicas San Juan de Miraflores de la Red Prestacional Rebagliati,https://busquedas.elperuano.pe/dispositivo/NL/2343606-1,20241130
20241113,2342783-1,TRANSPORTES Y COMUNICACIONES,RESOLUCION DIRECTORAL,N° 0666-2024-MTC/17.03,Autorizan a la empresa Centro de Inspecciones Técnico Vehiculares J&L Sociedad Anónima Cerrada para operar como centro de inspección técnica vehicular fijo en local ubicado en el Cercado de Lima provincia y departamento de Lima,https://busquedas.elperuano.pe/dispositivo/NL/2342783-1,20241130
20241113,2343620-1,DESPACHO PRESIDENCIAL,RESOLUCION,N° 000007-2024-DP/SGDP,Modifican la Resolución N° 000088-2023-DP/SG que delegó facultades y atribuciones de la Secretaría General en diversos funcionarios y servidores durante el durante el Año Fiscal 2024,https://busquedas.elperuano.pe/dispositivo/NL/2343620-1,20241130
20241113,2343131-1,ORGANISMO SUPERVISOR DE LA INVERSIÓN EN INFRAESTRUCTURA DE TRANSPORTE DE USO PÚBLICO,RESOLUCION,N° 0073-2024-PD-OSITRAN,Interpretan diversas cláusulas del Contrato de Concesión para el diseño construcción financiamiento conservación y explotación del Nuevo Terminal de Contenedores – Zona Sur con DP World Callao S.R.L.,https://busquedas.elperuano.pe/dispositivo/NL/2343131-1,20241130
20241113,2343007-1,ORGANISMO SUPERVISOR DE INVERSION PRIVADA EN TELECOMUNICACIONES,RESOLUCION,N° 00228-2024-CD/OSIPTEL,Aprueban la publicación para comentarios del Proyecto sobre la Determinación de Proveedores Importantes en el Mercado N° 25: acceso mayorista para Internet y transmisión de datos,https://busquedas.elperuano.pe/dispositivo/NL/2343007-1,20241130
20241113,2343010-1,ORGANISMO SUPERVISOR DE INVERSION PRIVADA EN TELECOMUNICACIONES,RESOLUCION,N° 00229 2024-CD/OSIPTEL,Aprueban cargos de interconexión tope por: (i) Facturación y Recaudación; (ii) Acceso a la Plataforma de Pago; y (iii) Acceso a los Teléfonos Públicos operados por Telefónica del Perú S.A.A.,https://busquedas.elperuano.pe/dispositivo/NL/2343010-1,20241130
20241113,2343491-1,"CONSEJO SUPERIOR DEL SISTEMA NACIONAL DE EVALUACION, ACREDITACION Y CERTIFICACION DE LA CALIDAD EDUCATIVA",RESOLUCION,N° 000091-2024-SINEACE/COSUSINEACE-P,Oficializan acuerdo que aprueba modificación de la Norma que define la estructura funcional no orgánica transitoria del Sistema Nacional de Evaluación Acreditación y Certificación de la Calidad Educativa - Sineace en su calidad de entidad en restitución y aprueban su versión actualizada,https://busquedas.elperuano.pe/dispositivo/NL/2343491-1,20241130
20241113,2343268-1,ORGANISMO TÉCNICO DE LA ADMINISTRACIÓN DE LOS SERVICIOS DE SANEAMIENTO,RESOLUCION DIRECTORAL,N° 000112-2024-OTASS-DE,Autorizan transferencia financiera a favor de la Empresa Prestadora de Servicios de Saneamiento de Agua Potable y Alcantarillado de Ilo Sociedad Anónima – EPS ILO S.A.,https://busquedas.elperuano.pe/dispositivo/NL/2343268-1,20241130
20241113,2343530-1,SUPERINTENDENCIA NACIONAL DE ADUANAS Y DE ADMINISTRACIÓN TRIBUTARIA,RESOLUCION,N° 000240-2024/SUNAT,Modifican la normativa sobre guías de remisión para mejorar la trazabilidad de los bienes relacionados con operaciones de comercio exterior,https://busquedas.elperuano.pe/dispositivo/NL/2343530-1,20241130
20241113,2343732-1,SUPERINTENDENCIA NACIONAL DE ADUANAS Y DE ADMINISTRACIÓN TRIBUTARIA,RESOLUCION,N° 000241-2024/SUNAT,Disponen la publicación del proyecto de resolución de superintendencia que modifica la Resolución de Superintendencia N° 210-2004/SUNAT para regular la inscripción en el Registro Único de Contribuyentes de los sujetos no domiciliados que sean contribuyentes del Impuesto a los Juegos a Distancia y Apuestas Deportivas a Distancia y agentes de percepción del Impuesto Selectivo al Consumo que grava dichos juegos y apuestas así como su exposición de motivos,https://busquedas.elperuano.pe/dispositivo/NL/2343732-1,20241130
20241113,2343618-1,"SUPERINTENDENCIA NACIONAL DE CONTROL DE SERVICIOS DE SEGURIDAD, ARMAS, MUNICIONES Y EXPLOSIVOS DE USO CIVIL",RESOLUCION,N° 05495-2024-SUCAMEC,Modifican la Res. N° 055-2024-SUCAMEC en el extremo relacionado a las facultades y atribuciones otorgadas al Jefe de la Oficina de Administración en materia de contrataciones del Estado para el Año Fiscal 2024,https://busquedas.elperuano.pe/dispositivo/NL/2343618-1,20241130
20241113,2343610-1,FONDO NACIONAL DE FINANCIAMIENTO DE LA ACTIVIDAD EMPRESARIAL DEL ESTADO,ACUERDO,N° 001-2024/013-FONAFE,Acuerdo adoptado sobre directores de empresas en las que FONAFE participa como accionista,https://busquedas.elperuano.pe/dispositivo/NL/2343610-1,20241130
20241113,2337960-1,INSTITUCIONES EDUCATIVAS,RESOLUCION,N° 402-2024-UNAJMA/CU,Autorizan viaje de profesional del personal administrativo de la Universidad Nacional José María Arguedas a Argentina en el marco del Programa de Movilidad Administrativa (PMA) del Consejo de Rectores por la Integración de la Subregión Centro Oeste de Sudamérica (CRISCOS),https://busquedas.elperuano.pe/dispositivo/NL/2337960-1,20241130
20241113,2343523-1,JURADO NACIONAL DE ELECCIONES,RESOLUCION,N° 0358-2024-JNE,Convocan a ciudadana para que asuma el cargo de regidora del Concejo Distrital de Calamarca provincia de Julcán departamento de La Libertad,https://busquedas.elperuano.pe/dispositivo/NL/2343523-1,20241130
20241113,2343030-1,"SUPERINTENDENCIA DE BANCA, SEGUROS Y ADMINISTRADORAS PRIVADAS DE FONDOS DE PENSIONES",RESOLUCION,SBS N° 03861-2024,Autorizan difusión en consulta pública del proyecto normativo que regula la operatividad de los fondos adicionales de aportes voluntarios,https://busquedas.elperuano.pe/dispositivo/NL/2343030-1,20241130
20241113,2331593-1,GOBIERNO REGIONAL DE HUANCAVELICA,ORDENANZA,N° 534-GOB.REG-HVCA/CR,Aprueban la modificación de la Ordenanza Regional que crea el observatorio regional de violencia contra las mujeres y los integrantes del grupo familiar,https://busquedas.elperuano.pe/dispositivo/NL/2331593-1,20241130
20241113,2342465-1,GOBIERNO REGIONAL DE PIURA,ORDENANZA,N° 508-2024/GRP-CR,Ordenanza Regional que declara de interés regional el Paseo Turicarami de la provincia de Sullana como recurso turístico de la región Piura,https://busquedas.elperuano.pe/dispositivo/NL/2342465-1,20241130
20241113,2342836-1,MUNICIPALIDAD METROPOLITANA DE LIMA,ORDENANZA,N° 2670,Ordenanza que modifica el Plan Específico de la Zona de Reglamentación Especial Centro Comercial Camino Real del distrito de San Isidro aprobada por Ordenanza N° 1529,https://busquedas.elperuano.pe/dispositivo/NL/2342836-1,20241130
20241113,2343687-1,MUNICIPALIDAD DE COMAS,ORDENANZA,N° 706/MDC,Ordenanza que establece beneficios para el pago de multas administrativas en el distrito de Comas,https://busquedas.elperuano.pe/dispositivo/NL/2343687-1,20241130
20241113,2343691-1,MUNICIPALIDAD DE COMAS,ORDENANZA,N° 707/MDC,Ordenanza que otorga incentivos tributarios con carácter excepcional a los contribuyentes del distrito de Comas que cumplan con realizar el pago total del impuesto predial del ejercicio fiscal 2024,https://busquedas.elperuano.pe/dispositivo/NL/2343691-1,20241130
20241113,2342930-1,MUNICIPALIDAD DE LINCE,DECRETO DE ALCALDIA,N° 12-2024-MDL,Convocan a Elecciones de Delegados de las Juntas Vecinales Comunales del Distrito de Lince para el periodo 2024 – 2025,https://busquedas.elperuano.pe/dispositivo/NL/2342930-1,20241130
20241113,2343411-1,MUNICIPALIDAD DE LURIGANCHO CHOSICA,ACUERDO,N° 089-2024/MDL,Autorizan viaje de regidor a México en comisión de servicios,https://busquedas.elperuano.pe/dispositivo/NL/2343411-1,20241130
20241113,2341288-1,MUNICIPALIDAD DE SAN MIGUEL,ACUERDO,N° 091-2024/MDSM,Autorizan viaje de alcalde y regidores para participar en evento que se realizará en España,https://busquedas.elperuano.pe/dispositivo/NL/2341288-1,20241130
20241113,2341298-1,MUNICIPALIDAD DE SAN MIGUEL,RESOLUCION DE ALCALDIA,N° 576–2024/MDSM,Designan Ejecutor Coactivo de la Municipalidad,https://busquedas.elperuano.pe/dispositivo/NL/2341298-1,20241130
20241113,2342686-1,MUNICIPALIDAD DE SANTIAGO DE SURCO,ACUERDO,N° 093-2024-ACSS,Solicitan al Concejo Metropolitano de Lima informar a la Municipalidad de Santiago de Surco sobre el diseño del proyecto: Ampliación del servicio de movilidad urbana en la Prolongación Vía Expresa Paseo de la República tramo Av. República de Panamá - Panamericana Sur en los distritos de Barranco Santiago de Surco y San Juan de Miraflores de la provincia de Lima del departamento de Lima a efectos de verificar que se encuentra contemplado como una vía expresa,https://busquedas.elperuano.pe/dispositivo/NL/2342686-1,20241130
20241113,2341289-1,MUNICIPALIDAD DE VILLA MARIA DEL TRIUNFO,ORDENANZA,N° 378-MDVMT,Establecen disposiciones excepcionales para la visación de planos de trazado y lotización orientadas a la obtención de servicios básicos por las organizaciones sociales y vecinales que se encuentren incluidas en proyectos y/o programas de factibilidad de servicios básicos aprobados por el Estado y/o empresas prestadoras de servicios públicos en el distrito de Villa María del Triunfo,https://busquedas.elperuano.pe/dispositivo/NL/2341289-1,20241130
20241113,2341283-1,MUNICIPALIDAD DE VILLA MARIA DEL TRIUNFO,ORDENANZA,N° 377-MDVMT,Ordenanza que prorroga para el 2025 la vigencia del monto por servicio municipal de emisión mecanizada comprendida por la actualización de valores y tasas impresión de cuponera mensajería y notificación a domicilio del Impuesto Predial y Arbitrios Municipales aprobado por la Ordenanza N° 338-MVMT,https://busquedas.elperuano.pe/dispositivo/NL/2341283-1,20241130
20241113,2341929-1,MUNICIPALIDAD DISTRITAL DE MAJES,FE DE ERRATA,Anexo - Ordenanza N° 014-2024-MDM,FE DE ERRATA,https://busquedas.elperuano.pe/dispositivo/NL/2341929-1,20241130
20241112,2343203-2,CONGRESO DE LA REPUBLICA,LEY,N° 32160,Ley que declara de interés nacional la promoción implementación y desarrollo de los corredores turísticos en los departamentos de Apurímac Ica y Cusco,https://busquedas.elperuano.pe/dispositivo/NL/2343203-2,20241130
20241112,2343203-3,CONGRESO DE LA REPUBLICA,LEY,N° 32161,Ley que promueve el desarrollo y el financiamiento de la investigación científica para la protección el mantenimiento y la preservación de las reservas de biósfera en el Perú,https://busquedas.elperuano.pe/dispositivo/NL/2343203-3,20241130
20241112,2343203-4,CONGRESO DE LA REPUBLICA,LEY,N° 32162,Ley que crea la Universidad Nacional de Huancabamba en el distrito de Huancabamba provincia de Huancabamba departamento de Piura,https://busquedas.elperuano.pe/dispositivo/NL/2343203-4,20241130
20241112,2343203-1,CONGRESO DE LA REPUBLICA,LEY,N° 32159,Ley del control del consumo de productos de tabaco nicotina o sucedáneos de ambos para la protección de la vida y la salud,https://busquedas.elperuano.pe/dispositivo/NL/2343203-1,20241130
20241112,2343203-5,CONGRESO DE LA REPUBLICA,RESOLUCION LEGISLATIVA,N° 32163,Resolución Legislativa que aprueba el Acuerdo entre el Gobierno de los Estados Unidos de América y el Gobierno de la República del Perú para la donación de nueve helicópteros UH-60 (Black Hawk) y equipo de apoyo suscrito en Lima el 13 de agosto de 2024,https://busquedas.elperuano.pe/dispositivo/NL/2343203-5,20241130
20241112,2343202-1,AMBIENTE,DECRETO SUPREMO,N° 010-2024-MINAM,Decreto Supremo que aprueba las Disposiciones para el funcionamiento del Registro Nacional de Medidas de Mitigación (RENAMI),https://epdoc2.elperuano.pe/EpPo/VistaNLSE.asp?Referencias=MjM0MzIwMi0xMjAyNDExMTI=,20241130
20241112,2342888-1,AMBIENTE,RESOLUCION MINISTERIAL,N° 00381-2024-MINAM,Autorizan viaje de servidora del IIAP para participar en pasantía y capacitación que se realizará en Brasil,https://busquedas.elperuano.pe/dispositivo/NL/2342888-1,20241130
20241112,2342894-1,AMBIENTE,RESOLUCION MINISTERIAL,N° 00384-2024-MINAM,Aprueban la Guía para la conformación y funcionamiento de las Redes de Alerta Temprana (REDATs) en prevención y gestión de conflictos socioambientales,https://busquedas.elperuano.pe/dispositivo/NL/2342894-1,20241130
20241112,2343203-18,AMBIENTE,RESOLUCION SUPREMA,N° 018-2024-MINAM,Designan vocales del Tribunal de Solución de Controversias Ambientales del Ministerio del Ambiente,https://busquedas.elperuano.pe/dispositivo/NL/2343203-18,20241130
20241112,2343203-16,CULTURA,RESOLUCION SUPREMA,N° 016-2024-MC,Aceptan renuncia de miembro del Consejo Directivo del Instituto Nacional de Radio y Televisión del Perú - IRTP,https://busquedas.elperuano.pe/dispositivo/NL/2343203-16,20241130
20241112,2343203-17,CULTURA,RESOLUCION SUPREMA,N° 017-2024-MC,Designan miembro del Consejo Directivo del Instituto Nacional de Radio y Televisión del Perú - IRTP,https://busquedas.elperuano.pe/dispositivo/NL/2343203-17,20241130
20241112,2343123-1,DEFENSA,RESOLUCION MINISTERIAL,N° 01588-2024-DE,Autorizan viaje de oficiales de la Marina de la Guerra del Perú a los EE.UU. en comisión de servicios,https://busquedas.elperuano.pe/dispositivo/NL/2343123-1,20241130
20241112,2343152-1,DEFENSA,RESOLUCION MINISTERIAL,N° 01582-2024-DE,Autorizan viaje de oficiales FAP a Italia en comisión de servicios,https://busquedas.elperuano.pe/dispositivo/NL/2343152-1,20241130
20241112,2343162-1,DESARROLLO AGRARIO Y RIEGO,RESOLUCION MINISTERIAL,N° 0371-2024-MIDAGRI,Aprueban el otorgamiento de subvenciones a favor de diversas Organizaciones Agrarias de Mujeres,https://busquedas.elperuano.pe/dispositivo/NL/2343162-1,20241130
20241112,2343169-1,DESARROLLO AGRARIO Y RIEGO,RESOLUCION MINISTERIAL,N° 0372-2024-MIDAGRI,Aprueban el otorgamiento de subvenciones a favor de diversas Organizaciones Agrarias de Mujeres,https://busquedas.elperuano.pe/dispositivo/NL/2343169-1,20241130
20241112,2342999-1,DESARROLLO AGRARIO Y RIEGO,RESOLUCION MINISTERIAL,N° 0367-2024-MIDAGRI,Aprueban el otorgamiento de subvenciones a favor de diversas Organizaciones Agrarias de Mujeres,https://busquedas.elperuano.pe/dispositivo/NL/2342999-1,20241130
20241112,2343180-1,DESARROLLO AGRARIO Y RIEGO,RESOLUCION MINISTERIAL,N° 0373-2024-MIDAGRI,Oficializan el evento denominado V Foro Nacional de la Vicuña 2024 a desarrollarse en la ciudad de Puno,https://busquedas.elperuano.pe/dispositivo/NL/2343180-1,20241130
20241112,2342940-1,DESARROLLO AGRARIO Y RIEGO,RESOLUCION MINISTERIAL,N° 0365-2024-MIDAGRI,Aprueban el otorgamiento de subvenciones a favor de diversas Organizaciones Agrarias de Mujeres,https://busquedas.elperuano.pe/dispositivo/NL/2342940-1,20241130
20241112,2342942-1,DESARROLLO AGRARIO Y RIEGO,RESOLUCION MINISTERIAL,N° 0366-2024-MIDAGRI,Aprueban el otorgamiento de subvenciones a favor de diversas Organizaciones Agrarias de Mujeres,https://busquedas.elperuano.pe/dispositivo/NL/2342942-1,20241130
20241112,2342947-1,DESARROLLO AGRARIO Y RIEGO,RESOLUCION MINISTERIAL,N° 0368-2024-MIDAGRI,Aprueban el otorgamiento de subvenciones a favor de diversas Organizaciones Agrarias de Mujeres,https://busquedas.elperuano.pe/dispositivo/NL/2342947-1,20241130
20241112,2342948-1,DESARROLLO AGRARIO Y RIEGO,RESOLUCION MINISTERIAL,N° 0369-2024-MIDAGRI,Aprueban el otorgamiento de subvenciones a favor de diversas Organizaciones Agrarias de Mujeres,https://busquedas.elperuano.pe/dispositivo/NL/2342948-1,20241130
20241112,2342953-1,DESARROLLO AGRARIO Y RIEGO,RESOLUCION MINISTERIAL,N° 0370-2024-MIDAGRI,Aprueban el otorgamiento de subvenciones a favor de diversas Organizaciones Agrarias de Mujeres,https://busquedas.elperuano.pe/dispositivo/NL/2342953-1,20241130
20241112,2342996-1,DESARROLLO AGRARIO Y RIEGO,RESOLUCION MINISTERIAL,N° 0364-2024-MIDAGRI,Aprueban el otorgamiento de subvenciones a favor de diversas Organizaciones Agrarias de Mujeres,https://busquedas.elperuano.pe/dispositivo/NL/2342996-1,20241130
20241112,2342809-1,EDUCACION,RESOLUCION MINISTERIAL,N° 571-2024-MINEDU,Designan responsables de entregar la información de acceso público solicitada al amparo del Texto Único Ordenado de la Ley N° 27806 Ley de Transparencia y Acceso a la Información Pública,https://busquedas.elperuano.pe/dispositivo/NL/2342809-1,20241130
20241112,2342803-1,EDUCACION,RESOLUCION VICE MINISTERIAL,N° 130-2024-MINEDU,Disponen actualización del Registro Nacional de Instituciones Educativas que brindan el Servicio de Educación Intercultural Bilingüe,https://busquedas.elperuano.pe/dispositivo/NL/2342803-1,20241130
20241112,2342807-1,EDUCACION,RESOLUCION VICE MINISTERIAL,N° 131-2024-MINEDU,Modifican la Norma Técnica denominada Disposiciones que regulan el nombramiento excepcional de docentes contratados en Centros de Educación Técnico – Productiva dispuesto por el artículo 1 de la Ley Nº 32046,https://busquedas.elperuano.pe/dispositivo/NL/2342807-1,20241130
20241112,2343203-9,JUSTICIA Y DERECHOS HUMANOS,DECRETO SUPREMO,N° 013-2024-JUS,Aprueban Reglamento de la Ley Nº 31840 Ley que amplía el acceso de los internos de los establecimientos penitenciarios a los estudios de educación superior a través de la modalidad a distancia o no presencial,https://busquedas.elperuano.pe/dispositivo/NL/2343203-9,20241130
20241112,2343203-14,JUSTICIA Y DERECHOS HUMANOS,RESOLUCION SUPREMA,N° 333-2024-JUS,Reconocen para todos los efectos civiles a Obispo de la Diócesis de Sicuani,https://busquedas.elperuano.pe/dispositivo/NL/2343203-14,20241130
20241112,2343203-15,JUSTICIA Y DERECHOS HUMANOS,RESOLUCION SUPREMA,N° 334-2024-JUS,Reconocen para todos los efectos civiles a Obispo Prelado de la Prelatura Territorial de Ayaviri,https://busquedas.elperuano.pe/dispositivo/NL/2343203-15,20241130
20241112,2343519-1,PRODUCE,Resolución,N° 000182-2024-ITP/DE,Designan temporalmente Director de la Dirección de Seguimiento y Evaluación del Instituto Tecnológico de la Producción,https://busquedas.elperuano.pe/dispositivo/NL/2343519-1,20241130
20241112,2342772-1,PRODUCE,RESOLUCION MINISTERIAL,N° 000446-2024-PRODUCE,Autorizan viaje de servidor del Instituto Nacional de Calidad - INACAL a Panamá en comisión de servicios,https://busquedas.elperuano.pe/dispositivo/NL/2342772-1,20241130
20241112,2343203-6,RELACIONES EXTERIORES,DECRETO SUPREMO,N° 050-2024-RE,Decreto Supremo que modifica el Anexo B: Cuotas Internacionales para el Año Fiscal 2024 de la Ley Nº 31953 Ley de Presupuesto del Sector Público para el Año Fiscal 2024,https://busquedas.elperuano.pe/dispositivo/NL/2343203-6,20241130
20241112,2343203-7,RELACIONES EXTERIORES,DECRETO SUPREMO,N° 051-2024-RE,Decreto Supremo que modifica el Anexo B: Cuotas Internacionales para el Año Fiscal 2024 de la Ley N° 31953 Ley de Presupuesto del Sector Público para el Año Fiscal 2024,https://busquedas.elperuano.pe/dispositivo/NL/2343203-7,20241130
20241112,2343203-8,RELACIONES EXTERIORES,DECRETO SUPREMO,N° 052-2024-RE,Decreto Supremo que modifica el Anexo B: Cuotas Internacionales para el Año Fiscal 2024 de la Ley N° 31953 Ley de Presupuesto del Sector Público para el Año Fiscal 2024,https://busquedas.elperuano.pe/dispositivo/NL/2343203-8,20241130
20241112,2343203-10,RELACIONES EXTERIORES,RESOLUCION SUPREMA,N° 206-2024-RE,Dan por terminadas las funciones de Cónsul Honorario del Perú en la ciudad de Calcuta República de la India con jurisdicción consular en el Estado de Bengala,https://busquedas.elperuano.pe/dispositivo/NL/2343203-10,20241130
20241112,2343203-11,RELACIONES EXTERIORES,RESOLUCION SUPREMA,N° 207-2024-RE,Nombran Cónsul Honorario del Perú en Perugia República Italiana con jurisdicción consular en la región de Umbría,https://busquedas.elperuano.pe/dispositivo/NL/2343203-11,20241130
20241112,2343203-12,RELACIONES EXTERIORES,RESOLUCION SUPREMA,N° 208-2024-RE,Dan por terminadas las funciones de Cónsul General del Perú en Puerto Ordaz República Bolivariana de Venezuela,https://busquedas.elperuano.pe/dispositivo/NL/2343203-12,20241130
20241112,2343203-13,TRANSPORTES Y COMUNICACIONES,RESOLUCION SUPREMA,N° 014-2024-MTC,Designan miembro del Consejo Directivo de la Autoridad de Transporte Urbano para Lima y Callao (ATU) conforme a la propuesta del Ministerio de Economía y Finanzas,https://busquedas.elperuano.pe/dispositivo/NL/2343203-13,20241130
20241112,2343016-1,INSTITUTO PERUANO DEL DEPORTE,RESOLUCION,N° 000121-2024-P/IPD,Designan jefe de la Oficina de Información y Comunicaciones del Instituto Peruano del Deporte,https://busquedas.elperuano.pe/dispositivo/NL/2343016-1,20241130
20241112,2343184-1,SEGURO INTEGRAL DE SALUD,RESOLUCION JEFATURAL,N° 000169-2024-SIS/J,Aprueban Transferencia Financiera a favor de unidades ejecutoras para el financiamiento de prestaciones brindadas a los asegurados del SIS,https://busquedas.elperuano.pe/dispositivo/NL/2343184-1,20241130
20241112,2342997-1,SERVICIO NACIONAL DE CAPACITACION PARA LA INDUSTRIA DE LA CONSTRUCCION,RESOLUCION,N° 000197-2024-02.00/SENCICO,Formalizan Acuerdo que designa Asesor Técnico – Desarrollo Mantenimiento e Infraestructura del SENCICO,https://busquedas.elperuano.pe/dispositivo/NL/2342997-1,20241130
20241112,2343112-1,ORGANISMO SUPERVISOR DE LA INVERSIÓN EN ENERGÍA Y MINERÍA,RESOLUCION,N° 104-2024-OS/PRES,Autorizan al Procurador Público del Osinergmin para que pueda conciliar en procesos judiciales tramitados con la Ley N° 29497 Nueva Ley Procesal del Trabajo; asimismo a delegar facultades para conciliar,https://busquedas.elperuano.pe/dispositivo/NL/2343112-1,20241130
20241112,2343177-1,ORGANISMO SUPERVISOR DE INVERSION PRIVADA EN TELECOMUNICACIONES,RESOLUCION,N° 00077-2024-PE/OSIPTEL,Designan Director de la Oficina de Comunicaciones y Relaciones Institucionales del OSIPTEL,https://busquedas.elperuano.pe/dispositivo/NL/2343177-1,20241130
20241112,2343206-1,AUTORIDAD NACIONAL DEL AGUA,RESOLUCION JEFATURAL,N° 0443-2024-ANA,Designan Directora de la Dirección de Planificación y Desarrollo de los Recursos Hídricos,https://busquedas.elperuano.pe/dispositivo/NL/2343206-1,20241130
20241112,2343188-1,ORGANISMO TÉCNICO DE LA ADMINISTRACIÓN DE LOS SERVICIOS DE SANEAMIENTO,RESOLUCION DIRECTORAL,N° 000111-2024-OTASS-DE,Designan Coordinadora II de la Oficina de Administración del Organismo Técnico de la Administración de los Servicios de Saneamiento,https://busquedas.elperuano.pe/dispositivo/NL/2343188-1,20241130
20241112,2343193-1,SUPERINTENDENCIA NACIONAL DE LOS REGISTROS PUBLICOS,RESOLUCION,N° 00173-2024-SUNARP/SN,Aprueban el Índice Nacional del Registro de Mandatos y Poderes,https://busquedas.elperuano.pe/dispositivo/NL/2343193-1,20241130
20241112,2342892-1,CONTRALORIA GENERAL DE LA REPUBLICA,RESOLUCION,N° 678-2024-CG,Designan Jefe del Órgano de Control Institucional del Gobierno Regional Huánuco,https://busquedas.elperuano.pe/dispositivo/NL/2342892-1,20241130
20241112,2341670-1,INSTITUCIONES EDUCATIVAS,RESOLUCION,N° 939-2024-UNF/CO,Autorizan viaje de docente de la Universidad Nacional de Frontera a Brasil en comisión de servicios,https://busquedas.elperuano.pe/dispositivo/NL/2341670-1,20241130
20241112,2342752-1,INSTITUCIONES EDUCATIVAS,RESOLUCION,N° 0663-CU-2024,Autorizan viaje de docente de la Universidad Nacional de Piura para participar en evento a realizarse en Malasia,https://busquedas.elperuano.pe/dispositivo/NL/2342752-1,20241130
20241112,2342768-1,JURADO NACIONAL DE ELECCIONES,RESOLUCION,N° 0354-2024-JNE,Convocan a ciudadano para que asuma el cargo de regidor del Concejo Distrital de La Libertad de Pallán provincia de Celendín departamento de Cajamarca,https://busquedas.elperuano.pe/dispositivo/NL/2342768-1,20241130
20241112,2342770-1,JURADO NACIONAL DE ELECCIONES,RESOLUCION,N° 0350-2024-JNE,Convocan a ciudadano para que asuma el cargo de regidor del Concejo Distrital de Colquioc provincia de Bolognesi departamento de Áncash,https://busquedas.elperuano.pe/dispositivo/NL/2342770-1,20241130
20241112,2342773-1,JURADO NACIONAL DE ELECCIONES,RESOLUCION,N° 0353-2024-JNE,Convocan a ciudadano para que asuma el cargo de regidor del Concejo Distrital de Yarinacocha provincia de Coronel Portillo departamento de Ucayali,https://busquedas.elperuano.pe/dispositivo/NL/2342773-1,20241130
20241112,2343197-1,MINISTERIO PUBLICO,RESOLUCION,N° 2608-2024-MP-FN,Designan secretaria general de la Secretaría General de la Fiscalía de la Nación,https://busquedas.elperuano.pe/dispositivo/NL/2343197-1,20241130
20241112,2341660-1,GOBIERNO REGIONAL DE ICA,RESOLUCION,N° 010 -2024-GORE.ICA-GRDE/DREM-AE,Otorgan a Electro Dunas S.A.A. autorización de Operación de Central Térmica Nasca de 9.9 MW ubicado en el distrito de Vista Alegre provincia de Nasca departamento de Ica,https://busquedas.elperuano.pe/dispositivo/NL/2341660-1,20241130
20241112,2340864-1,GOBIERNO REGIONAL DE LA LIBERTAD,RESOLUCION,N° 000479- 2024-GRLL-GGR-GREMH,Relación de concesiones mineras cuyos títulos fueron aprobados en los meses de mayo junio y julio del año 2024,https://busquedas.elperuano.pe/dispositivo/NL/2340864-1,20241130
20241112,2342846-1,MUNICIPALIDAD DE COMAS,ORDENANZA,N° 704/MDC,Ordenanza Municipal que regula las autorizaciones para la ubicación de elementos de publicidad exterior en el distrito de Comas,https://busquedas.elperuano.pe/dispositivo/NL/2342846-1,20241130
20241112,2343089-1,MUNICIPALIDAD DE LURIN,DECRETO DE ALCALDIA,N° 007-2024/MDL,Aprueban ampliación de la vigencia de la Ordenanza Municipal N° 497-2024/MDL que aprueba la Regularización de Licencias de Habilitaciones Urbanas y Edificaciones Ejecutadas Parcialmente sin Licencia Municipal,https://busquedas.elperuano.pe/dispositivo/NL/2343089-1,20241130
20241112,2342838-1,MUNICIPALIDAD DE SAN JUAN DE LURIGANCHO,Resolución,N° 106-2024-MDSJL/GM,Declaran improcedente recurso de reconsideración presentado por Gerente General de la empresa Hospitales Municipales S. A. C. en contra de Res. N° 082-2024-GM/MDSJL,https://epdoc2.elperuano.pe/EpPo/VistaDE.asp?Referencias=MjM0MjgzOC0xMjAyNDExMTI=,20241130
20241112,2342840-1,MUNICIPALIDAD DE SAN JUAN DE LURIGANCHO,Resolución,N° 108-2024-MDSJL/GM,Declaran improcedente recurso de reconsideración presentado por Gerente General de la empresa Hospitales Municipales S. A. C. en contra de la Res. N° 094-2024-GM/MDSJL,https://epdoc2.elperuano.pe/EpPo/VistaDE.asp?Referencias=MjM0Mjg0MC0xMjAyNDExMTI=,20241130
20241111,2342737-1,AMBIENTE,RESOLUCION MINISTERIAL,N° 00388-2024-MINAM,Designan Coordinador Ejecutivo del Programa Nacional de Conservación de Bosques para la Mitigación del Cambio Climático,https://busquedas.elperuano.pe/dispositivo/NL/2342737-1,20241130
20241111,2342210-1,CULTURA,RESOLUCION DIRECTORAL,N° 000179-2024-DGPA-VMPCIC/MC,Determinan Protección Provisional del Sitio arqueológico La Ranchería Sector A y B ubicado en el distrito de San Jose de Los Molinos provincia y departamento de Ica,https://busquedas.elperuano.pe/dispositivo/NL/2342210-1,20241130
20241111,2342747-1,CULTURA,RESOLUCION MINISTERIAL,N° 000411-2024-MC,Modifican el numeral 1.35 del Anexo 1 Ingreso a bienes Inmuebles prehispánicos museos e instituciones museales a cargo del Ministerio de Cultura del Tarifario Único de Servicios No Exclusivos brindados por el Ministerio de Cultura para el Ejercicio Fiscal 2024 debido a la suspensión temporal del servicio de acceso a los visitantes al Museo Nacional Chavín,https://busquedas.elperuano.pe/dispositivo/NL/2342747-1,20241130
20241111,2342734-1,DEFENSA,RESOLUCION MINISTERIAL,N° 01586-2024-DE,Autorizan viaje de personal naval de la Marina de Guerra del Perú al Reino Unido de Gran Bretaña e Irlanda del Norte en comisión de servicio,https://busquedas.elperuano.pe/dispositivo/NL/2342734-1,20241130
20241111,2342736-1,DEFENSA,RESOLUCION MINISTERIAL,N° 01569-2024-DE,Designan Jefa de la Oficina General de Prensa Relaciones Públicas y Protocolo,https://busquedas.elperuano.pe/dispositivo/NL/2342736-1,20241130
20241111,2342805-1,DESARROLLO AGRARIO Y RIEGO,RESOLUCION MINISTERIAL,N° 0363-2024-MIDAGRI,Modifican la R.M. Nº 0001-2024-MIDAGRI mediante la cual se delega facultades a diversos funcionarios del MIDAGRI y de órganos adscritos o descentralizados proyectos especiales programas u otros organismos dependientes durante el Año Fiscal 2024,https://busquedas.elperuano.pe/dispositivo/NL/2342805-1,20241130
20241111,2342733-1,ECONOMIA Y FINANZAS,RESOLUCION MINISTERIAL,N° 362-2024-EF/10,Autorizan viaje de representante de PROINVERSIÓN a Francia en comisión de servicios,https://busquedas.elperuano.pe/dispositivo/NL/2342733-1,20241130
20241111,2342648-1,RELACIONES EXTERIORES,RESOLUCION MINISTERIAL,N° 0850-2024-RE,Autorizan viaje de funcionaria diplomática a EE.UU. en comisión de servicios,https://busquedas.elperuano.pe/dispositivo/NL/2342648-1,20241130
20241111,2342422-1,AGENCIA PERUANA DE COOPERACION INTERNACIONAL,RESOLUCION DIRECTORAL,N° 141-2024/APCI-DE,Modifican la Directiva N° 001-2021-APCI Directiva del Procedimiento Administrativo Sancionador para la aplicación del Reglamento de Infracciones y Sanciones – RIS de la Agencia Peruana de Cooperación Internacional – APCI,https://busquedas.elperuano.pe/dispositivo/NL/2342422-1,20241130
20241111,2342754-1,ORGANISMO DE FORMALIZACIÓN DE LA PROPIEDAD INFORMAL,RESOLUCION DIRECTORAL,N° D000158-2024-COFOPRI/DE,Designan Asesor I de la Dirección Ejecutiva del Organismo de Formalización de la Propiedad Informal – COFOPRI,https://busquedas.elperuano.pe/dispositivo/NL/2342754-1,20241130
20241111,2342758-1,ORGANISMO DE FORMALIZACIÓN DE LA PROPIEDAD INFORMAL,RESOLUCION DIRECTORAL,N° D000159-2024-COFOPRI-DE,Designan Director de la Dirección de Normalización y Desarrollo del Organismo de Formalización de la Propiedad Informal – COFOPRI,https://busquedas.elperuano.pe/dispositivo/NL/2342758-1,20241130
20241111,2342746-1,ORGANISMO DE FORMALIZACIÓN DE LA PROPIEDAD INFORMAL,RESOLUCION DIRECTORAL,N° D000157-2024-COFOPRI/DE,Designan Asesor I de la Gerencia General del Organismo de Formalización de la Propiedad Informal – COFOPRI,https://busquedas.elperuano.pe/dispositivo/NL/2342746-1,20241130
20241111,2342731-1,ORGANISMO SUPERVISOR DE INVERSION PRIVADA EN TELECOMUNICACIONES,RESOLUCION,N° 00076-2024-PE-OSIPTEL,Designan Asesor de Alta Dirección de la Presidencia Ejecutiva del OSIPTEL,https://busquedas.elperuano.pe/dispositivo/NL/2342731-1,20241130
20241111,2342557-1,AUTORIDAD DE TRANSPORTE URBANO PARA LIMA Y CALLAO,RESOLUCION,N° 243-2024-ATU/PE,Designan Jefe de la Unidad de Tesorería de la Oficina de Administración de la ATU,https://busquedas.elperuano.pe/dispositivo/NL/2342557-1,20241130
20241111,2342739-1,AUTORIDAD NACIONAL DE SANIDAD E INOCUIDAD EN PESCA Y ACUICULTURA,RESOLUCION,N° 000148-2024-SANIPES/PE,Designan Jefe de la Oficina de Administración de la Autoridad Nacional de Sanidad e Inocuidad en Pesca y Acuicultura – SANIPES,https://busquedas.elperuano.pe/dispositivo/NL/2342739-1,20241130
20241111,2340212-1,BANCO CENTRAL DE RESERVA,RESOLUCION DIRECTORAL,N° 0058-2024-BCRP-N,Autorizan misión en el exterior de funcionarios del BCRP para participar en evento que se realizará en Uruguay,https://busquedas.elperuano.pe/dispositivo/NL/2340212-1,20241130
20241111,2343033-1,CONTRALORIA GENERAL DE LA REPUBLICA,RESOLUCION,N° 679-2024-CG,Encargan al Vicecontralor de Gestión Estratégica Integridad y Control las funciones del cargo de Contralor General de la República,https://busquedas.elperuano.pe/dispositivo/NL/2343033-1,20241130
20241111,2343067-1,CONTRALORIA GENERAL DE LA REPUBLICA,RESOLUCION,N° 680-2024-CG,Autorizan viaje de funcionarios a Paraguay en comisión de servicios,https://busquedas.elperuano.pe/dispositivo/NL/2343067-1,20241130
20241111,2277307-1,INSTITUCIONES EDUCATIVAS,RESOLUCION,N° 3870-CU-2024,Otorgan duplicado de diploma de Bachiller en Ingeniería Química del Gas Natural y Energía de la Universidad Nacional del Centro del Perú,https://busquedas.elperuano.pe/dispositivo/NL/2277307-1,20241130
20241111,2342233-1,INSTITUCIONES EDUCATIVAS,RESOLUCION,N° 706-2024-UNASAM,Autorizan viaje de docentes de la Universidad Nacional Santiago Antúnez de Mayolo a Chile en comisión de servicios,https://busquedas.elperuano.pe/dispositivo/NL/2342233-1,20241130
20241111,2342325-1,OFICINA NACIONAL DE PROCESOS ELECTORALES,RESOLUCION,N° 000078-2024-SG/ONPE,Admiten solicitud de revocatoria respecto al mandato de las autoridades municipales del distrito de Huayana provincia de Andahuaylas región de Apurímac,https://busquedas.elperuano.pe/dispositivo/NL/2342325-1,20241130
20241111,2341977-1,"SUPERINTENDENCIA DE BANCA, SEGUROS Y ADMINISTRADORAS PRIVADAS DE FONDOS DE PENSIONES",RESOLUCION,SBS N° 03842-2024,Autorizan viaje de Intendente de Supervisión de Seguros para participar en eventos que se llevarán a cabo en Guatemala,https://busquedas.elperuano.pe/dispositivo/NL/2341977-1,20241130
20241111,2341714-1,MUNICIPALIDAD DE PUENTE PIEDRA,RESOLUCION DE ALCALDIA,N° 80-2024-ALC/MDPP,Designan Ejecutora Coactiva de la Municipalidad,https://busquedas.elperuano.pe/dispositivo/NL/2341714-1,20241130
20241111,2342674-1,MUNICIPALIDAD DE SANTIAGO DE SURCO,ACUERDO,N° 092-2024-ACSS,Declaran desfavorable solicitud de Cambio de Zonificación de Residencial de Densidad Alta (RDA) a Comercio Zonal (CZ) para predio ubicado en la Urbanización Fundo Monterrico,https://busquedas.elperuano.pe/dispositivo/NL/2342674-1,20241130
20241111,2342676-1,MUNICIPALIDAD DE SANTIAGO DE SURCO,ACUERDO,N° 098-2024-ACSS,Autorizan al alcalde a ausentarse de la jurisdicción,https://busquedas.elperuano.pe/dispositivo/NL/2342676-1,20241130
20241111,2340795-1,MUNICIPALIDAD CP DE SANTA MARIA DE HUACHIPA,ORDENANZA,N° 005-2024/MCPSMH,Ordenanza Municipal que establece beneficio de amnistía tributaria y no tributaria de los Arbitrios Municipales en la Municipalidad del Centro Poblado Santa María de Huachipa,https://busquedas.elperuano.pe/dispositivo/NL/2340795-1,20241130
20241110,2342650-1,COMERCIO EXTERIOR Y TURISMO,RESOLUCION MINISTERIAL,N° 343-2024-MINCETUR,Autorizan viaje de representante del Ministerio a Argentina en comisión de servicios,https://busquedas.elperuano.pe/dispositivo/NL/2342650-1,20241130
20241110,2342203-1,CULTURA,RESOLUCION DIRECTORAL,N° 000174-2024-DGPA-VMPCIC/MC,Determinan Protección Provisional del Sitio Arqueológico Huaca Herrera ubicado en el distrito de Pacora provincia y departamento de Lambayeque,https://busquedas.elperuano.pe/dispositivo/NL/2342203-1,20241130
20241110,2342206-1,CULTURA,RESOLUCION DIRECTORAL,N° 000176-2024-DGPA-VMPCIC/MC,Determinan Protección Provisional de la zona arqueológico monumental Manchay Bajo ubicado en el distrito de Pachacamac provincia y departamento de Lima,https://busquedas.elperuano.pe/dispositivo/NL/2342206-1,20241130
20241110,2342209-1,CULTURA,RESOLUCION DIRECTORAL,N° 000175-2024-DGPA-VMPCIC/MC,Determinan Protección Provisional del sitio arqueológico Saywapata ubicado en el distrito de Curasco provincia de Grau departamento de Apurímac,https://busquedas.elperuano.pe/dispositivo/NL/2342209-1,20241130
20241110,2342729-1,DEFENSA,DECRETO SUPREMO,N° 004-2024-DE,Decreto Supremo que aprueba la exclusión de la contratación denominada Adquisición de 30 vehículos para el transporte blindado con vehículos portatropa a ruedas para la 3ra Brig Blind y 6ta Brig Blind del Ejercito - de Estado a Estado - PP 0135 de la Lista General de Contrataciones consideradas Estratégicas en materia de Seguridad y Defensa Nacional que se efectúen a través de acuerdos o contratos internacionales bajo la modalidad de Estado a Estado y deroga el Decreto Supremo N° 007-2023-DE,https://busquedas.elperuano.pe/dispositivo/NL/2342729-1,20241130
20241110,2342721-1,DEFENSA,RESOLUCION MINISTERIAL,N° 01565-2024-DE,Autorizan viaje de oficial de la Marina de Guerra del Perú a EE.UU. en comisión de servicios,https://busquedas.elperuano.pe/dispositivo/NL/2342721-1,20241130
20241110,2342722-1,DEFENSA,RESOLUCION MINISTERIAL,N° 01573-2024-DE,Autorizan viaje de cadete aspirante FAP a Brasil en misión de estudios,https://busquedas.elperuano.pe/dispositivo/NL/2342722-1,20241130
20241110,2340986-1,DEFENSA,RESOLUCION MINISTERIAL,N° 01243-2024-DE,Autorizan viaje de oficiales de la Marina de Guerra del Perú a Chile en comisión de servicios,https://busquedas.elperuano.pe/dispositivo/NL/2340986-1,20241130
20241110,2342725-1,DESARROLLO AGRARIO Y RIEGO,RESOLUCION JEFATURAL,N° 206-2024-INIA,Aprueban la quinta modificación del Texto Único de Servicios No Exclusivos – TUSNE del Instituto Nacional de Innovación Agraria – INIA aprobado por R.J. N° 117-2021-INIA,https://busquedas.elperuano.pe/dispositivo/NL/2342725-1,20241130
20241110,2342485-1,DESARROLLO E INCLUSIÓN SOCIAL,FE DE ERRATA,RESOLUCIÓN MINISTERIAL N° D000164-2024-MIDIS,FE DE ERRATA,https://busquedas.elperuano.pe/dispositivo/NL/2342485-1,20241130
20241110,2342716-1,DESARROLLO E INCLUSIÓN SOCIAL,RESOLUCION,N° D00001-2024-OFIS-PE,Aprueban la Sección Segunda del Reglamento de Organización y Funciones del Organismo de Focalización e Información Social de conformidad con lo previsto en la Tercera Disposición Complementaria Final del D.S N° 006-2024-MIDIS,https://busquedas.elperuano.pe/dispositivo/NL/2342716-1,20241130
20241110,2342729-2,ECONOMIA Y FINANZAS,DECRETO SUPREMO,N° 215-2024-EF,Decreto Supremo que Autoriza Transferencia de Partidas en el Presupuesto del Sector Público para el Año Fiscal 2024 a favor de diversos gobiernos regionales,https://busquedas.elperuano.pe/dispositivo/NL/2342729-2,20241130
20241110,2342729-3,ECONOMIA Y FINANZAS,DECRETO SUPREMO,N° 216-2024-EF,Decreto Supremo que modifica los límites máximos de incorporación de mayores ingresos públicos de dos gobiernos locales así como de diversas empresas y organismos públicos de los gobiernos locales,https://busquedas.elperuano.pe/dispositivo/NL/2342729-3,20241130
20241110,2342729-4,ECONOMIA Y FINANZAS,DECRETO SUPREMO,N° 217-2024-EF,Decreto Supremo que autoriza al Banco de la Nación a otorgar líneas de financiamiento a las entidades del sistema financiero especializadas en microfinanzas para préstamos destinados a mejorar las condiciones de vivienda de los micro y pequeños empresarios,https://busquedas.elperuano.pe/dispositivo/NL/2342729-4,20241130
20241110,2342729-5,ECONOMIA Y FINANZAS,DECRETO SUPREMO,N° 218-2024-EF,Aprueban los topes máximos de capacidad anual 2024 para gobiernos regionales gobiernos locales y universidades públicas para la emisión de Certificados de Inversión Pública Regional y Local – Tesoro Público (CIPRL),https://busquedas.elperuano.pe/dispositivo/NL/2342729-5,20241130
20241110,2342713-1,ECONOMIA Y FINANZAS,RESOLUCION MINISTERIAL,N° 360-2024-EF/43,Autorizan viaje de funcionario del Ministerio a Francia en comisión de servicios,https://busquedas.elperuano.pe/dispositivo/NL/2342713-1,20241130
20241110,2342714-1,ECONOMIA Y FINANZAS,RESOLUCION MINISTERIAL,N° 361-2024-EF/49,Nombran Ejecutivos Secretarios Relatores de Sala Especializada del Tribunal Fiscal del Ministerio de Economía y Finanzas,https://busquedas.elperuano.pe/dispositivo/NL/2342714-1,20241130
20241110,2340686-1,ENERGIA Y MINAS,RESOLUCION MINISTERIAL,N° 415-2024-MINEM/DM,Establecen derecho de servidumbre de ocupación con carácter permanente a favor de concesión definitiva de distribución de energía eléctrica de la que es titular Luz del Sur S.A.A. para subestación eléctrica de distribución ubicada en la provincia y departamento de Lima,https://busquedas.elperuano.pe/dispositivo/NL/2340686-1,20241130
20241110,2342699-1,JUSTICIA Y DERECHOS HUMANOS,RESOLUCION MINISTERIAL,N° 0284-2024-JUS,Designan Director de la Dirección de Política Criminológica de la Dirección General de Asuntos Criminológicos del Ministerio de Justicia y Derechos Humanos,https://busquedas.elperuano.pe/dispositivo/NL/2342699-1,20241130
20241110,2342121-1,RELACIONES EXTERIORES,RESOLUCION MINISTERIAL,N° 0847-2024-RE,Autorizan viaje de funcionaria diplomática a Azerbaiyán Corea y Arabia Saudita en comisión de servicios,https://busquedas.elperuano.pe/dispositivo/NL/2342121-1,20241130
20241110,2342729-6,RELACIONES EXTERIORES,RESOLUCION SUPREMA,N° 196-2024-RE,Delegan en Ministra de Comercio Exterior y Turismo las facultades suficientes para que suscriba el Protocolo de Optimización del Tratado de Libre Comercio entre el Gobierno de la República del Perú y el Gobierno de la República Popular China,https://busquedas.elperuano.pe/dispositivo/NL/2342729-6,20241130
20241110,2342729-7,RELACIONES EXTERIORES,RESOLUCION SUPREMA,N° 197-2024-RE,Delegan en la Ministra de Comercio Exterior y Turismo las facultades suficientes para que suscriba el Acuerdo de Libre Comercio entre la República del Perú y Hong Kong China,https://busquedas.elperuano.pe/dispositivo/NL/2342729-7,20241130
20241110,2342702-1,SALUD,RESOLUCION DIRECTORAL,N° 000222-2024-DG-INSNSB,Designan Directora Ejecutiva de la Unidad de Administración del Instituto Nacional de Salud del Niño-San Borja,https://busquedas.elperuano.pe/dispositivo/NL/2342702-1,20241130
20241110,2342701-1,SALUD,RESOLUCION MINISTERIAL,N° 783-2024/MINSA,Autorizan viaje de profesionales de la Dirección General de Medicamentos Insumos y Drogas a la India en comisión de servicios,https://busquedas.elperuano.pe/dispositivo/NL/2342701-1,20241130
20241110,2341935-1,TRANSPORTES Y COMUNICACIONES,RESOLUCION DIRECTORAL,N° 0652-2024-MTC/17.03,Renuevan a la empresa Certificadora Sur Peruana S.A.C. - CERSUP S.A.C. la autorización como Centro de Inspección Técnica Vehicular Fijo en local ubicado en el distrito y provincia de Abancay departamento de Apurímac,https://busquedas.elperuano.pe/dispositivo/NL/2341935-1,20241130
20241110,2338940-1,TRANSPORTES Y COMUNICACIONES,RESOLUCION DIRECTORAL,N° 0624-2024-MTC/17.03,Renuevan a la empresa Revisiones Técnicas del Perú Sociedad Anónima Cerrada - Revisiones Técnicas del Perú S.A.C. la autorización como Centro de Inspección Técnica Vehicular Fijo con una (01) Línea de Inspección Técnica Tipo Mixta en el local ubicado en el distrito de Villa María del Triunfo provincia y departamento de Lima,https://busquedas.elperuano.pe/dispositivo/NL/2338940-1,20241130
20241110,2342720-1,TRANSPORTES Y COMUNICACIONES,RESOLUCION MINISTERIAL,N° 658-2024-MTC/01.02,Autorizan viaje de inspector de la Dirección General de Aeronáutica Civil a EE.UU. en comisión de servicios,https://busquedas.elperuano.pe/dispositivo/NL/2342720-1,20241130
20241110,2342724-1,TRANSPORTES Y COMUNICACIONES,RESOLUCION MINISTERIAL,N° 659-2024-MTC/01.02,Autorizan viaje de inspectores de la Dirección General de Aeronáutica Civil a Chile en comisión de servicios,https://busquedas.elperuano.pe/dispositivo/NL/2342724-1,20241130
20241110,2342718-1,TRANSPORTES Y COMUNICACIONES,RESOLUCION MINISTERIAL,N° 657-2024-MTC/01.02,Autorizan viaje de inspector de la Dirección General de Aeronáutica Civil a Chile en comisión de servicios,https://busquedas.elperuano.pe/dispositivo/NL/2342718-1,20241130
20241110,2342273-1,TRANSPORTES Y COMUNICACIONES,RESOLUCION MINISTERIAL,N° 653-2024-MTC/01.03,Otorgan a la empresa FIBRA WINNERS S.A.C. concesión única para la prestación de servicios públicos de telecomunicaciones en área que comprende todo el territorio nacional,https://busquedas.elperuano.pe/dispositivo/NL/2342273-1,20241130
20241110,2342726-1,TRANSPORTES Y COMUNICACIONES,RESOLUCION MINISTERIAL,N° 660-2024-MTC/01.02,Aprueban ejecución de la expropiación de áreas afectadas de inmueble para la ejecución de la obra: Construcción de puentes por reemplazo en Ancash y Junín - Obra 3 y los valores de tasaciones,https://busquedas.elperuano.pe/dispositivo/NL/2342726-1,20241130
20241110,2342704-1,"VIVIENDA, CONSTRUCCIÓN Y SANEAMIENTO",RESOLUCION MINISTERIAL,N° 426-2024-VIVIENDA,Aprueban cuadragésima tercera convocatoria del año 2024 para el otorgamiento de quinientos noventa y ocho Bonos de Arrendamiento de Vivienda para Emergencias dirigida a igual número de potenciales beneficiarios constituidos por los damnificados con viviendas colapsadas o inhabitables ante intensas precipitaciones pluviales y deslizamiento ubicadas en varios distritos de algunas provincias de los departamentos de Amazonas Arequipa Cusco y Huánuco,https://busquedas.elperuano.pe/dispositivo/NL/2342704-1,20241130
20241110,2342706-1,"VIVIENDA, CONSTRUCCIÓN Y SANEAMIENTO",RESOLUCION MINISTERIAL,N° 427-2024-VIVIENDA,Modifican el artículo 1 de la R.M. N° 421-2024-VIVIENDA,https://busquedas.elperuano.pe/dispositivo/NL/2342706-1,20241130
20241110,2342484-1,ORGANISMO SUPERVISOR DE LA INVERSIÓN EN INFRAESTRUCTURA DE TRANSPORTE DE USO PÚBLICO,RESOLUCION,N° 0072-2024-PD-OSITRAN,Aprueban el inicio del procedimiento de revisión de oficio del factor de productividad aplicable a las tarifas máximas de los servicios brindados en el Nuevo Terminal de Contenedores en el Terminal Portuario del Callao - Zona Sur,https://busquedas.elperuano.pe/dispositivo/NL/2342484-1,20241130
20241110,2342606-1,SUPERINTENDENCIA NACIONAL DE SERVICIOS DE SANEAMIENTO,RESOLUCION,N° 00016-2024-SUNASS-DRT,Inician procedimiento de revisión tarifaria periódica de oficio de EPS EMUSAP Abancay S.A. para aprobar la fórmula tarifaria estructura tarifaria metas de gestión y costos máximos de las unidades de medida de actividades requeridas para determinar los precios de servicios colaterales para su siguiente periodo regulatorio,https://busquedas.elperuano.pe/dispositivo/NL/2342606-1,20241130
20241110,2342717-1,SUPERINTENDENCIA NACIONAL DE SERVICIOS DE SANEAMIENTO,RESOLUCION,N° 00230-2024-SUNASS-GG,Aprueban la quinta modificación del Manual del Clasificador de Cargos de la Superintendencia Nacional de Servicios de Saneamiento aprobado por Resolución de Gerencia General Nº 025-2023-SUNASS-GG,https://busquedas.elperuano.pe/dispositivo/NL/2342717-1,20241130
20241110,2342703-1,ORGANISMO TÉCNICO DE LA ADMINISTRACIÓN DE LOS SERVICIOS DE SANEAMIENTO,ACUERDO,N° 019-2024-CONSEJO DIRECTIVO,Acuerdo adoptado sobre designación de Gerentes de Entidad Prestadora de Servicios de Saneamiento de agua potable y alcantarillado de Loreto Sociedad Anónima – EPS SEDALORETO S.A.,https://busquedas.elperuano.pe/dispositivo/NL/2342703-1,20241130
20241110,2342719-1,ORGANISMO TÉCNICO DE LA ADMINISTRACIÓN DE LOS SERVICIOS DE SANEAMIENTO,RESOLUCION DIRECTORAL,N° 000108-2024-OTASS-DE,Designan Asesora de la Gerencia General del Organismo Técnico de la Administración de los Servicios de Saneamiento,https://busquedas.elperuano.pe/dispositivo/NL/2342719-1,20241130
20241110,2342509-1,SUPERINTENDENCIA DEL MERCADO DE VALORES,RESOLUCION,N° 136-2024-SMV/02,Revocan la autorización de funcionamiento de Blanco Sociedad Administradora de Fondos S.A.C. y disponen su exclusión de la sección correspondiente del Registro Público del Mercado de Valores,https://busquedas.elperuano.pe/dispositivo/NL/2342509-1,20241130
20241110,2342700-1,SUPERINTENDENCIA NACIONAL DE ADUANAS Y DE ADMINISTRACIÓN TRIBUTARIA,RESOLUCION,N° 000234-2024/SUNAT,Designan Gerente de Relaciones Humanas de la Intendencia Nacional de Recursos Humanos,https://busquedas.elperuano.pe/dispositivo/NL/2342700-1,20241130
20241110,2342617-1,SUPERINTENDENCIA NACIONAL DE ADUANAS Y DE ADMINISTRACIÓN TRIBUTARIA,RESOLUCION,N° 000233-2024/SUNAT,Designan Intendente Nacional de Administración Intendente Nacional de Asesoría Legal Interna Intendente Nacional de Formulación de Inversiones y Finanzas e Intendente Nacional de Ejecución de Inversiones de la SUNAT,https://busquedas.elperuano.pe/dispositivo/NL/2342617-1,20241130
20241110,2342568-1,SUPERINTENDENCIA NACIONAL DE FISCALIZACIÓN LABORAL,RESOLUCION,N° 256-2024-SUNAFIL,Designan Asesor I de Superintendencia de la SUNAFIL,https://busquedas.elperuano.pe/dispositivo/NL/2342568-1,20241130
20241110,2342542-1,CONSEJO EJECUTIVO DEL PODER JUDICIAL,INVESTIGACION,Definitiva N° 263-2019-ANCASH,Imponen medida disciplinaria de destitución a juez de paz del distrito de Pinra provincia de Huacaybamba Distrito Judicial de Ancash,https://busquedas.elperuano.pe/dispositivo/NL/2342542-1,20241130
20241110,2342545-1,CONSEJO EJECUTIVO DEL PODER JUDICIAL,INVESTIGACION,Definitiva N° 716-2020-PIURA,Imponen medida disciplinaria de destitución a especialista judicial del Juzgado Civil Transitorio de Castilla Distrito Judicial de Piura,https://busquedas.elperuano.pe/dispositivo/NL/2342545-1,20241130
20241110,2342615-1,CONSEJO EJECUTIVO DEL PODER JUDICIAL,INVESTIGACION,Definitiva N° 631-2020-PIURA,Imponen medida disciplinaria de destitución a juez de paz de Única Nominación del Centro Poblado de Puerto Rico Bayóvar – Sechura Distrito Judicial de Piura,https://busquedas.elperuano.pe/dispositivo/NL/2342615-1,20241130
20241110,2340680-1,INSTITUCIONES EDUCATIVAS,RESOLUCION,N° 691-2024-UNASAM,Otorgan subvención económica a favor de docentes investigadores de la Universidad Nacional Santiago Antúnez de Mayolo para participar en evento que se realizará en México,https://busquedas.elperuano.pe/dispositivo/NL/2340680-1,20241130
20241110,2342710-1,MINISTERIO PUBLICO,RESOLUCION,N° 2603-2024-MP-FN,Designan fiscal supremo titular en el despacho de la Fiscalía Suprema de Familia,https://busquedas.elperuano.pe/dispositivo/NL/2342710-1,20241130
20241110,2342711-1,MINISTERIO PUBLICO,RESOLUCION,N° 2605-2024-MP-FN,Nombran fiscal supremo provisional designándolo en el despacho de la Fiscalía Suprema Especializada en delitos cometidos por Funcionarios Públicos,https://busquedas.elperuano.pe/dispositivo/NL/2342711-1,20241130
20241110,2342705-1,REGISTRO NACIONAL DE IDENTIFICACION Y ESTADO CIVIL,RESOLUCION JEFATURAL,N° 000168-2024/JNAC/RENIEC,Autorizan viaje de servidor del RENIEC a España en comisión de servicios,https://busquedas.elperuano.pe/dispositivo/NL/2342705-1,20241130
20241110,2337500-1,GOBIERNO REGIONAL DEL CALLAO,RESOLUCION,N° 277-2024-Gobierno Regional del Callao-GGR,Aprueban el Manual de Clasificador de Cargos del Gobierno Regional del Callao,https://busquedas.elperuano.pe/dispositivo/NL/2337500-1,20241130
20241110,2319631-1,GOBIERNO REGIONAL DE TUMBES,ORDENANZA,N° 006-2024/GOB.REG.TUMBES-CR-CD,Declaran de relevancia pública e interés regional la contratación de jóvenes de 18 a 29 años de edad sin experiencia laboral en las convocatorias de plazas laborales o puestos de trabajo que desarrolla el Gobierno Regional de Tumbes,https://busquedas.elperuano.pe/dispositivo/NL/2319631-1,20241130
20241110,2342230-1,MUNICIPALIDAD DE SANTA ANITA,ORDENANZA,N° 00361/MDSA,Derogan la Ordenanza N° 00146/MDSA Ordenanza que aprobó el Reglamento Interno de Seguridad y Salud en el Trabajo de la Municipalidad Distrital de Santa Anita,https://busquedas.elperuano.pe/dispositivo/NL/2342230-1,20241130
20241109,2342696-2,CONGRESO DE LA REPUBLICA,ANEXO,N° 32158,Anexo de Ley 32158 que aprueba medidas en materia presupuestal que permitan al Instituto del Mar del Perú (IMARPE) fortalecer la capacidad de investigación científica para el aprovechamiento sostenible de los recursos hidrobiológicos del mar,https://epdoc2.elperuano.pe/EpPo/DescargaIN.asp?Referencias=MjM0MjY5Ni0yMjAyNDExMDk=,20241130
20241109,2342694-1,CONGRESO DE LA REPUBLICA,RESOLUCION LEGISLATIVA,N° 32157,Resolución Legislativa que aprueba el Acuerdo entre el Gobierno de la República del Perú y el Gobierno de la República de Corea sobre Servicios Aéreos entre sus Territorios y más allá de ellos,https://busquedas.elperuano.pe/dispositivo/NL/2342694-1,20241130
20241109,2342694-4,PRESIDENCIA DEL CONSEJO DE MINISTROS,RESOLUCION SUPREMA,N° 233-2024-PCM,Designan Vocal de la Sala Especializada en Eliminación de Barreras Burocráticas del Tribunal de Defensa de la Competencia y de la Protección de la Propiedad Intelectual del INDECOPI,https://busquedas.elperuano.pe/dispositivo/NL/2342694-4,20241130
20241109,2342694-5,PRESIDENCIA DEL CONSEJO DE MINISTROS,RESOLUCION SUPREMA,N° 234-2024-PCM,Designan Vocal de la Sala Especializada en Eliminación de Barreras Burocráticas del Tribunal de Defensa de la Competencia y de la Protección de la Propiedad Intelectual del INDECOPI,https://busquedas.elperuano.pe/dispositivo/NL/2342694-5,20241130
20241109,2342694-6,PRESIDENCIA DEL CONSEJO DE MINISTROS,RESOLUCION SUPREMA,N° 235-2024-PCM,Autorizan viaje de Ministro de Educación a Ecuador y encargan su Despacho al Ministro de Justicia y Derechos Humanos,https://busquedas.elperuano.pe/dispositivo/NL/2342694-6,20241130
20241109,2342694-7,PRESIDENCIA DEL CONSEJO DE MINISTROS,RESOLUCION SUPREMA,N° 236-2024-PCM,Designan Jefe del Organismo de Supervisión de los Recursos Forestales y de Fauna Silvestre - OSINFOR,https://busquedas.elperuano.pe/dispositivo/NL/2342694-7,20241130
20241109,2342728-1,PRESIDENCIA DEL CONSEJO DE MINISTROS,RESOLUCION SUPREMA,N° 237-2024-PCM,Autorizan viaje del Ministro de Trabajo y Promoción del Empleo a México y encargan su Despacho al Ministro de Salud,https://busquedas.elperuano.pe/dispositivo/NL/2342728-1,20241130
20241109,2342179-1,COMERCIO EXTERIOR Y TURISMO,RESOLUCION MINISTERIAL,N° 339-2024-MINCETUR,Autorizan viaje de profesional del Viceministerio de Comercio Exterior para participar en evento que se realizará en Austria,https://busquedas.elperuano.pe/dispositivo/NL/2342179-1,20241130
20241109,2342186-1,COMERCIO EXTERIOR Y TURISMO,RESOLUCION MINISTERIAL,N° 341-2024-MINCETUR,Autorizan viaje de servidores del Ministerio a la República Francesa para participar en reuniones de la OCDE,https://busquedas.elperuano.pe/dispositivo/NL/2342186-1,20241130
20241109,2342192-1,COMERCIO EXTERIOR Y TURISMO,RESOLUCION MINISTERIAL,N° 342-2024-MINCETUR,Autorizan viaje de representantes del MINCETUR a Canadá en comisión de servicios,https://busquedas.elperuano.pe/dispositivo/NL/2342192-1,20241130
20241109,2342712-1,CULTURA,RESOLUCION MINISTERIAL,N° 000409-2024-MC,Disponen publicación del proyecto de Reglamento del Decreto Legislativo N° 1661 que regula el saneamiento físico legal automático de zonas arqueológicas declaradas Patrimonio Cultural de la Nación a efectos de facilitar la inversión pública o privada,https://busquedas.elperuano.pe/dispositivo/NL/2342712-1,20241130
20241109,2342715-1,CULTURA,RESOLUCION MINISTERIAL,N° 000410-2024-MC,Disponen publicación del proyecto de Decreto Supremo que modifica el Reglamento de la Ley N° 28296 Ley General del Patrimonio Cultural de la Nación aprobado por el D.S. N° 011-2006-ED,https://busquedas.elperuano.pe/dispositivo/NL/2342715-1,20241130
20241109,2342345-1,DEFENSA,RESOLUCION MINISTERIAL,N° 01264-2024-DE,Autorizan viaje de oficial de la Marina de Guerra del Perú a los EE.UU. en comisión de servicios,https://busquedas.elperuano.pe/dispositivo/NL/2342345-1,20241130
20241109,2342589-1,DESARROLLO AGRARIO Y RIEGO,RESOLUCION MINISTERIAL,N° 0361-2024-MIDAGRI,Crean Grupo de Trabajo Sectorial de naturaleza temporal cuyo objeto es formular una propuesta normativa que permita a las juntas de usuarios de agua contar con los parámetros mínimos para que puedan elaborar su Plan de Cultivo y Riego,https://busquedas.elperuano.pe/dispositivo/NL/2342589-1,20241130
20241109,2342678-1,EDUCACION,RESOLUCION,N° 213-2024-MINEDU,Aprueban la modificación del Manual de Clasificador de Cargos del Ministerio de Educación,https://busquedas.elperuano.pe/dispositivo/NL/2342678-1,20241130
20241109,2342682-1,EDUCACION,RESOLUCION MINISTERIAL,N° 564-2024-MINEDU,Designan Director de la Dirección de Planificación de Inversiones,https://busquedas.elperuano.pe/dispositivo/NL/2342682-1,20241130
20241109,2342593-1,ENERGIA Y MINAS,RESOLUCION MINISTERIAL,N° 419-2024-MINEM/DM,Conforman Grupo de Trabajo Sectorial de naturaleza temporal el cual tiene por objeto elaborar Hoja de Ruta que incluirá conclusiones y recomendaciones respecto a la conveniencia de incorporar la tecnología nuclear como parte de las opciones energéticas de largo plazo en el Perú,https://busquedas.elperuano.pe/dispositivo/NL/2342593-1,20241130
20241109,2342640-1,INTERIOR,RESOLUCION MINISTERIAL,N° 1370-2024-IN,Autorizan viaje de personal policial a España en comisión de servicios,https://busquedas.elperuano.pe/dispositivo/NL/2342640-1,20241130
20241109,2342708-1,INTERIOR,RESOLUCION MINISTERIAL,N° 1386-2024-IN,Designan Director General de la Oficina General de Integridad Institucional del Ministerio del Interior,https://busquedas.elperuano.pe/dispositivo/NL/2342708-1,20241130
20241109,2342730-1,INTERIOR,RESOLUCION SUPREMA,N° 156-2024-IN,Modifican en parte el artículo 1 de la R.S. Nº 152-2024-IN que aprueba vacantes para el Proceso de Ascenso por concurso de Oficiales Generales de Armas y de Servicios de la Policía Nacional del Perú del año 2024 - Promoción 2025,https://busquedas.elperuano.pe/dispositivo/NL/2342730-1,20241130
20241109,2342695-2,INTERIOR,RESOLUCION SUPREMA,N° 154-2024-IN,Dan por concluida la asignación en Misión Diplomática de Agregado Policial Adjunto y de Personal Auxiliar de la Agregaduría en la República Bolivariana de Venezuela,https://busquedas.elperuano.pe/dispositivo/NL/2342695-2,20241130
20241109,2342698-1,JUSTICIA Y DERECHOS HUMANOS,RESOLUCION MINISTERIAL,N° 0283-2024-JUS,Autorizan viaje de servidores del Ministerio a EE. UU. en comisión de servicios,https://busquedas.elperuano.pe/dispositivo/NL/2342698-1,20241130
20241109,2342697-1,PRODUCE,RESOLUCION MINISTERIAL,N° 00443-2024-PRODUCE,Disponen la actualización del Manual de Operaciones del Programa Nacional de Diversificación Productiva aprobado mediante la R.M. N° 274-2016-PRODUCE,https://busquedas.elperuano.pe/dispositivo/NL/2342697-1,20241130
20241109,2342694-2,RELACIONES EXTERIORES,DECRETO SUPREMO,N° 048-2024-RE,Decreto Supremo que autoriza al Ministerio de Justicia y Derechos Humanos a efectuar el pago de la cuota internacional no contemplada en el Anexo B: Cuotas Internacionales para el Año Fiscal 2024 de la Ley N° 31953 Ley de Presupuesto del Sector Público para el Año Fiscal 2024,https://busquedas.elperuano.pe/dispositivo/NL/2342694-2,20241130
20241109,2342694-3,RELACIONES EXTERIORES,DECRETO SUPREMO,N° 049-2024-RE,Decreto Supremo que modifica el Anexo B: Cuotas Internacionales - Año Fiscal 2024 de la Ley Nº 31953 Ley de Presupuesto del Sector Público para el Año Fiscal 2024,https://busquedas.elperuano.pe/dispositivo/NL/2342694-3,20241130
20241109,2342561-1,RELACIONES EXTERIORES,RESOLUCION MINISTERIAL,N° 0848-2024-RE,Autorizan viaje de Especialista en Infraestructura de la Oficina de Control Patrimonial a Francia en comisión de servicios,https://busquedas.elperuano.pe/dispositivo/NL/2342561-1,20241130
20241109,2342119-1,RELACIONES EXTERIORES,RESOLUCION MINISTERIAL,N° 0846-2024-RE,Autorizan viaje de funcionaria diplomática y servidor administrativo al Reino de Arabia Saudita en comisión de servicios,https://busquedas.elperuano.pe/dispositivo/NL/2342119-1,20241130
20241109,2341894-1,RELACIONES EXTERIORES,RESOLUCION MINISTERIAL,N° 0845-2024-RE,Designan al Consulado General del Perú en Buenos Aires como Jefatura de los Servicios Consulares para efectos de organización interna recaudación y remesas en todo el territorio de la República Argentina,https://busquedas.elperuano.pe/dispositivo/NL/2341894-1,20241130
20241109,2342694-8,RELACIONES EXTERIORES,RESOLUCION SUPREMA,N° 194-2024-RE,Nombran Cónsul Honorario del Perú en la Ciudad de Antigua Guatemala República de Guatemala,https://busquedas.elperuano.pe/dispositivo/NL/2342694-8,20241130
20241109,2342695-1,RELACIONES EXTERIORES,RESOLUCION SUPREMA,N° 195-2024-RE,Dan por terminadas las funciones de Cónsul General del Perú en Santa Cruz Estado Plurinacional de Bolivia,https://busquedas.elperuano.pe/dispositivo/NL/2342695-1,20241130
20241109,2342687-1,SALUD,RESOLUCION MINISTERIAL,N° 781-2024/MINSA,Autorizan viaje de profesionales de la Dirección General de Medicamentos Insumos y Drogas a Colombia en comisión de servicios,https://busquedas.elperuano.pe/dispositivo/NL/2342687-1,20241130
20241109,2342691-1,SALUD,RESOLUCION MINISTERIAL,N° 782-2024/MINSA,Autorizan viaje de profesionales de la Dirección General de Medicamentos Insumos y Drogas a la India en comisión de servicios,https://busquedas.elperuano.pe/dispositivo/NL/2342691-1,20241130
20241109,2342630-1,SALUD,RESOLUCION MINISTERIAL,N° 776-2024/MINSA,Declaran Alerta Amarilla en los establecimientos de salud a nivel de Lima Metropolitana y la Provincia Constitucional del Callao,https://busquedas.elperuano.pe/dispositivo/NL/2342630-1,20241130
20241109,2342642-1,SALUD,RESOLUCION VICE MINISTERIAL,N° D000128-2024-DVMPAS-MINSA,Designan Director Adjunto de la Dirección Ejecutiva del Hospital José Agurto Tello de Chosica,https://busquedas.elperuano.pe/dispositivo/NL/2342642-1,20241130
20241109,2342727-1,SALUD,RESOLUCION VICE MINISTERIAL,N° D000130-2024-DVMPAS-MINSA,Designan Director Adjunto de la Dirección Ejecutiva del Hospital José Agurto Tello de Chosica del Ministerio de Salud,https://busquedas.elperuano.pe/dispositivo/NL/2342727-1,20241130
20241109,2342727-2,SALUD,RESOLUCION VICE MINISTERIAL,N° D000131-2024-DVMPAS-MINSA,Designan Director Adjunto de la Dirección Ejecutiva del Hospital de Emergencias Villa El Salvador del Ministerio de Salud.,https://busquedas.elperuano.pe/dispositivo/NL/2342727-2,20241130
20241109,2342723-1,TRABAJO Y PROMOCION DEL EMPLEO,RESOLUCION MINISTERIAL,N° 177-2024-TR,Aprueban transferencia financiera del Programa de Empleo Temporal Llamkasun Perú a favor de diversos organismos ejecutores del sector público,https://busquedas.elperuano.pe/dispositivo/NL/2342723-1,20241130
20241109,2342077-1,TRANSPORTES Y COMUNICACIONES,RESOLUCION MINISTERIAL,N° 650-2024-MTC/01.03,Otorgan a la empresa FIBERTEL VALLE Sociedad Comercial de Responsabilidad Limitada la concesión única para la prestación de servicios públicos de telecomunicaciones en área que comprende todo el territorio nacional,https://busquedas.elperuano.pe/dispositivo/NL/2342077-1,20241130
20241109,2342187-1,TRANSPORTES Y COMUNICACIONES,RESOLUCION MINISTERIAL,N° 651-2024-MTC/01.02,Aprueban ejecución de expropiación de áreas afectadas de inmueble para ejecución de la obra: Tramos viales del eje multimodal del Amazonas Norte del Plan de acción para la integración de infraestructura regional sudamericana – IIRSA y los valores de las Tasaciones,https://busquedas.elperuano.pe/dispositivo/NL/2342187-1,20241130
20241109,2342389-1,TRANSPORTES Y COMUNICACIONES,RESOLUCION MINISTERIAL,N° 655-2024-MTC/01.02,Modifican la R.M. Nº 555-2017-MTC/01.02 que aprobó a Terminales Portuarios Chancay S.A. como empresa calificada para efectos del D. Leg. Nº 973 para el desarrollo del proyecto denominado Terminal Portuario Multipropósito para el Puerto de Chancay,https://busquedas.elperuano.pe/dispositivo/NL/2342389-1,20241130
20241109,2342284-1,TRANSPORTES Y COMUNICACIONES,RESOLUCION MINISTERIAL,N° 654-2024-MTC/01,Designan Director de la Dirección de Fiscalizaciones en Transportes,https://busquedas.elperuano.pe/dispositivo/NL/2342284-1,20241130
20241109,2341650-1,INSTITUTO NACIONAL DE SALUD,RESOLUCION,N° 228-2024-PE/INS,Designan Subdirector I de la Subdirección de Medicina Tradicional Interculturalidad e Investigación Social en Salud,https://busquedas.elperuano.pe/dispositivo/NL/2341650-1,20241130
20241109,2342575-1,SEGURO INTEGRAL DE SALUD,RESOLUCION JEFATURAL,N° 000165-2024-SIS/J,Aprueban la Directiva N° 008-2024-SIS/GNF-V.05 Directiva para el Monitoreo Supervisión y Seguimiento a las Transferencias Financieras del Seguro Integral de Salud,https://busquedas.elperuano.pe/dispositivo/NL/2342575-1,20241130
20241109,2342680-1,SEGURO INTEGRAL DE SALUD,RESOLUCION JEFATURAL,N° 000166-2024-SIS/J,Aprueban Transferencia Financiera a diversas unidades ejecutoras para el financiamiento de servicios medicamentos y dispositivos médicos para el tratamiento de asegurados del SIS que presentan diagnóstico con enfermedades raras o huérfanas e insuficiencia renal crónica,https://busquedas.elperuano.pe/dispositivo/NL/2342680-1,20241130
20241109,2341684-1,SUPERINTENDENCIA NACIONAL DE BIENES ESTATALES,RESOLUCION,N° 0057-2024/SBN,Disponen la publicación en la sede digital de la SBN del proyecto de Resolución que modifica la Directiva denominada Disposiciones para la compraventa por subasta pública de predios estatales y su Exposición de Motivos,https://busquedas.elperuano.pe/dispositivo/NL/2341684-1,20241130
20241109,2341970-1,INSTITUTO NACIONAL DE DEFENSA DE LA COMPETENCIA Y DE LA PROTECCION DE LA PROPIEDAD INTELECTUAL,RESOLUCION,N° 0602-2024/SEL-INDECOPI,Declaran barrera burocrática ilegal la exigencia de realizar aportes reglamentarios para parques zonales como consecuencia de la ejecución de edificaciones del tipo multifamiliar en predios ubicados en la provincia y departamento de Lima materializada en el artículo primero de la Ordenanza 1188,https://busquedas.elperuano.pe/dispositivo/NL/2341970-1,20241130
20241109,2342213-1,SUPERINTENDENCIA NACIONAL DE LOS REGISTROS PUBLICOS,RESOLUCION,N° 00171-2024-SUNARP/SN,Disponen la publicación en la sede digital de la SUNARP del proyecto normativo que modifica la Directiva que regula los procedimientos registrales y procedimientos administrativos agrupados aprobada por Resolución N° 107-2020-SUNARP-SN,https://busquedas.elperuano.pe/dispositivo/NL/2342213-1,20241130
20241109,2342550-1,CONSEJO EJECUTIVO DEL PODER JUDICIAL,RESOLUCION ADMINISTRATIVA,N° 000379-2024-CE-PJ,Modifican el horario de refrigerio de la Procuraduría Pública del Poder Judicial,https://busquedas.elperuano.pe/dispositivo/NL/2342550-1,20241130
20241109,2342493-1,CONTRALORIA GENERAL DE LA REPUBLICA,RESOLUCION,N° 665-2024-CG,Designan en el cargo de Jefe/a del Órgano de Control Institucional de la Universidad Nacional del Callao y la Universidad Nacional Federico Villarreal,https://busquedas.elperuano.pe/dispositivo/NL/2342493-1,20241130
20241109,2342497-1,CONTRALORIA GENERAL DE LA REPUBLICA,RESOLUCION,N° 666-2024-CG,Designan profesionales en el cargo de Jefe del Órgano de Control Institucional de dos entidades bajo el ámbito de la Subgerencia de Control del Sector Seguridad Interna y Externa de la Gerencia de Control Político Institucional y Económico,https://busquedas.elperuano.pe/dispositivo/NL/2342497-1,20241130
20241109,2342499-1,CONTRALORIA GENERAL DE LA REPUBLICA,RESOLUCION,N° 667-2024-CG,Designan Jefe del Órgano de Control Institucional de Petróleos del Perú S.A. - PETROPERÚ,https://busquedas.elperuano.pe/dispositivo/NL/2342499-1,20241130
20241109,2342533-1,CONTRALORIA GENERAL DE LA REPUBLICA,RESOLUCION,N° 668-2024-CG,Designan Jefe del Órgano de Control Institucional del Seguro Social de Salud – ESSALUD,https://busquedas.elperuano.pe/dispositivo/NL/2342533-1,20241130
20241109,2342537-1,CONTRALORIA GENERAL DE LA REPUBLICA,RESOLUCION,N° 669-2024-CG,Designan Jefe del Órgano de Control Institucional de la Municipalidad Provincial de Huamanga,https://busquedas.elperuano.pe/dispositivo/NL/2342537-1,20241130
20241109,2342539-1,CONTRALORIA GENERAL DE LA REPUBLICA,RESOLUCION,N° 670-2024-CG,Dan por terminada la designación de Jefa del Órgano de Control Institucional del Gobierno Regional Tumbes,https://busquedas.elperuano.pe/dispositivo/NL/2342539-1,20241130
20241109,2342541-1,CONTRALORIA GENERAL DE LA REPUBLICA,RESOLUCION,N° 673-2024-CG,Disponen fecha de corte para la evaluación anual de servicios de control servicios relacionados y actividades establecidas en el Plan Operativo Institucional Modificado 2024 de la Contraloría General de la República,https://busquedas.elperuano.pe/dispositivo/NL/2342541-1,20241130
20241109,2341732-1,DEFENSORIA DEL PUEBLO,RESOLUCION,N° 0019-2024/DP,Autorizan viaje de personal de la Defensoría del Pueblo a la República Argentina en comisión de servicios,https://busquedas.elperuano.pe/dispositivo/NL/2341732-1,20241130
20241109,2339709-1,INSTITUCIONES EDUCATIVAS,RESOLUCION,N° 680-2024-UNASAM,Autorizan viaje del Rector de la Universidad Nacional Santiago Antúnez de Mayolo a México en comisión de servicios,https://busquedas.elperuano.pe/dispositivo/NL/2339709-1,20241130
20241109,2342709-1,MINISTERIO PUBLICO,RESOLUCION,N° 2606-2024-MP-FN,Dan por concluido nombramiento de fiscal adjunto provincial provisional del Distrito Fiscal de Moquegua,https://busquedas.elperuano.pe/dispositivo/NL/2342709-1,20241130
20241109,2342707-1,MINISTERIO PUBLICO,RESOLUCION,N° 2602-2024-MP-FN,Dan por concluida designación de fiscal suprema titular en el despacho de la Fiscalía Suprema Especializada en delitos cometidos por Funcionarios Públicos,https://busquedas.elperuano.pe/dispositivo/NL/2342707-1,20241130
20241109,2342415-1,MINISTERIO PUBLICO,RESOLUCION,N° 2600-2024-MP-FN,Nombran fiscal adjunto provincial provisional del Distrito Fiscal de Lima Centro,https://busquedas.elperuano.pe/dispositivo/NL/2342415-1,20241130
20241109,2342328-1,MINISTERIO PUBLICO,RESOLUCION,N° 2586-2024-MP-FN,Modifican la Res. N° 2251-2022-MP-FN que amplió las competencias de la Fiscalía Provincial de Familia de Tambopata y de la Fiscalía Provincial de Familia de Huaypetue y estableció tras disposiciones,https://busquedas.elperuano.pe/dispositivo/NL/2342328-1,20241130
20241109,2342328-2,MINISTERIO PUBLICO,RESOLUCION,N° 2598-2024-MP-FN,Aceptan renuncia de fiscal adjunta provincial provisional del Distrito Fiscal de Junín,https://busquedas.elperuano.pe/dispositivo/NL/2342328-2,20241130
20241109,2342328-3,MINISTERIO PUBLICO,RESOLUCION,N° 2599-2024-MP-FN,Aceptan renuncia de fiscal adjunta provincial provisional del Distrito Fiscal de Lima Centro,https://busquedas.elperuano.pe/dispositivo/NL/2342328-3,20241130
20241109,2337880-1,"SUPERINTENDENCIA DE BANCA, SEGUROS Y ADMINISTRADORAS PRIVADAS DE FONDOS DE PENSIONES",RESOLUCION,SBS N° 03609-2024,Autorizan la organización de una empresa de créditos bajo la denominación social de Prex Perú Empresa de Crédito S.A.,https://busquedas.elperuano.pe/dispositivo/NL/2337880-1,20241130
20241109,2342087-1,GOBIERNO REGIONAL DE ICA,RESOLUCION DIRECTORAL,N° 013-2024-GORE.ICA-GRDE/DREM-AE,Otorgan a Consorcio Eléctrico de Villacuri S.A.C. concesión definitiva para desarrollar la actividad de generación de energía eléctrica con recursos energéticos renovables en proyecto ubicado en el distrito de Salas provincia y departamento de Ica,https://busquedas.elperuano.pe/dispositivo/NL/2342087-1,20241130
20241109,2341675-1,GOBIERNO REGIONAL DE PIURA,ACUERDO,N° 2340-2024/GRP-CR,Autorizan Transferencia Financiera a favor de la Contraloría General de la República,https://busquedas.elperuano.pe/dispositivo/NL/2341675-1,20241130
20241109,2340969-1,GOBIERNO REGIONAL DE TACNA,DECRETO,N° 001-2024-GR/GOB.REG.TACNA,Aprueban el Reglamento Interno del Grupo de Trabajo para la actualización de la Estrategia Regional de Cambio Climático – Tacna,https://busquedas.elperuano.pe/dispositivo/NL/2340969-1,20241130
20241109,2340840-1,GOBIERNO REGIONAL DE TACNA,ORDENANZA,N° 018-2024-CR/GOB.REG.TACNA,Declaran de necesidad pública e interés regional el impulso promoción y conservación de la papa variedad negra imilla - eco tipo Toquela como recurso genético de importancia para la Región Tacna; con el objeto de impulsar el desarrollo turístico social y económico,https://busquedas.elperuano.pe/dispositivo/NL/2340840-1,20241130
20241109,2341297-1,MUNICIPALIDAD METROPOLITANA DE LIMA,ORDENANZA,N° 2667,Ordenanza que modifica el Plano de Zonificación del distrito de Pueblo Libre aprobado por Ordenanza N° 1017,https://busquedas.elperuano.pe/dispositivo/NL/2341297-1,20241130
20241109,2342531-1,MUNICIPALIDAD DE BARRANCO,Ordenanzas,N° 645-2024-MDB.,Aprueban Ordenanza de programa que incentiva la regularización en la declaración tributaria de sus predios y el pago de deudas tributarias con grandes descuentos,https://epdoc2.elperuano.pe/EpPo/VistaDE.asp?Referencias=MjM0MjUzMS0xMjAyNDExMDk=,20241130
20241109,2341277-1,MUNICIPALIDAD DE LA MOLINA,RESOLUCION DE ALCALDIA,N° 034-2024/MDLM,Conforman el Comité de Promoción de la Inversión Privada (CPIP) de la Municipalidad Distrital de La Molina,https://busquedas.elperuano.pe/dispositivo/NL/2341277-1,20241130
20241109,2341890-1,MUNICIPALIDAD PROVINCIAL DEL CALLAO,ORDENANZA,N° 024-2024/MPC,Ordenanza Municipal que aprueba la Numeración Municipal del Agrupamiento Santa Marina,https://busquedas.elperuano.pe/dispositivo/NL/2341890-1,20241130
20241109,2341892-1,MUNICIPALIDAD PROVINCIAL DEL CALLAO,ORDENANZA,N° 025-2024/MPC,Ordenanza Municipal que aprueba la Numeración Municipal del Agrupamiento Supe,https://busquedas.elperuano.pe/dispositivo/NL/2341892-1,20241130
20241109,2333464-1,MUNICIPALIDAD PROVINCIAL DE AREQUIPA,ORDENANZA,N° 1348,Modifican la Ordenanza Municipal Nº 927-2015 que aprueba la Regulación y Acceso de Tránsito Vehicular y Peatonal en las vías del Centro Histórico dentro del Programa de Peatonalización,https://busquedas.elperuano.pe/dispositivo/NL/2333464-1,20241130
20241109,2342144-1,MUNICIPALIDAD DE CARMEN DE LA LEGUA REYNOSO,DECRETO DE ALCALDIA,N° 010-2024-MDCLR,Aprueban habilitación del segundo Depósito Municipal para el internamiento de vehículos menores que prestan el Servicio de Transporte Publico Especial de Pasajeros y Carga,https://busquedas.elperuano.pe/dispositivo/NL/2342144-1,20241130
20241108,2342199-1,CONGRESO DE LA REPUBLICA,LEY,N° 32156,Ley que declara de interés nacional la conmemoración del centenario de la reincorporación de la provincia de Tarata del departamento de Tacna a la República del Perú,https://busquedas.elperuano.pe/dispositivo/NL/2342199-1,20241130
20241108,2342199-2,PRESIDENCIA DEL CONSEJO DE MINISTROS,DECRETO SUPREMO,N° 120-2024-PCM,Decreto Supremo que prorroga el Estado de Emergencia declarado en la provincia de Trujillo del departamento de La Libertad,https://busquedas.elperuano.pe/dispositivo/NL/2342199-2,20241130
20241108,2342199-3,PRESIDENCIA DEL CONSEJO DE MINISTROS,DECRETO SUPREMO,N° 121-2024-PCM,Decreto Supremo que prorroga el Estado de Emergencia declarado en la provincia de Virú del departamento de La Libertad,https://busquedas.elperuano.pe/dispositivo/NL/2342199-3,20241130
20241108,2342199-4,PRESIDENCIA DEL CONSEJO DE MINISTROS,DECRETO SUPREMO,N° 122-2024-PCM,Decreto Supremo que prorroga el Estado de Emergencia en la provincia de Pataz del departamento de La Libertad,https://busquedas.elperuano.pe/dispositivo/NL/2342199-4,20241130
20241108,2342200-1,PRESIDENCIA DEL CONSEJO DE MINISTROS,DECRETO SUPREMO,N° 123-2024-PCM,Decreto Supremo que modifica el Decreto Supremo Nº 110-2024-PCM Decreto Supremo que declara días no laborables a nivel de Lima Metropolitana y la Provincia Constitucional del Callao para los trabajadores de los Sectores Público y Privado durante el mes de noviembre de 2024,https://busquedas.elperuano.pe/dispositivo/NL/2342200-1,20241130
20241108,2341256-1,CULTURA,RESOLUCION DIRECTORAL,N° 000173-2024-DGPA-VMPCIC/MC,Determinan Protección Provisional del Sitio Arqueológico Cementerio Chaviña ubicado en el distrito de Bella Unión provincia de Caravelí departamento de Arequipa,https://busquedas.elperuano.pe/dispositivo/NL/2341256-1,20241130
20241108,2341259-1,CULTURA,RESOLUCION DIRECTORAL,N° 000166-2024-DGPA-VMPCIC/MC,Determinan Protección Provisional del Sitio Arqueológico Complejo Murales de Úcupe - Chaquiras/Cerro Purulén ubicado en el distrito de Lagunas provincia de Chiclayo departamento de Lambayeque,https://busquedas.elperuano.pe/dispositivo/NL/2341259-1,20241130
20241108,2341973-1,DESARROLLO AGRARIO Y RIEGO,RESOLUCION,N° D000259-2024-MIDAGRI-SERFOR-DE,Aprueban Coeficientes Referenciales de Rendimiento de madera en troza a madera aserrada y de madera en troza a tablillas no perfiladas para piso para especies forestales maderables no incluidas en los Apéndices de la CITES y la Guía Metodológica para la determinación del Coeficiente de Rendimiento de Trozas a Madera Aserrada y a Tablillas No Perfiladas y Aprobación del Coeficiente de Rendimiento Superior,https://busquedas.elperuano.pe/dispositivo/NL/2341973-1,20241130
20241108,2342199-7,DESARROLLO E INCLUSIÓN SOCIAL,DECRETO SUPREMO,N° 009-2024-MIDIS,Decreto Supremo que modifica el Decreto Supremo Nº 008-2022-MIDIS Decreto Supremo que aprueba la Política Nacional de Desarrollo e Inclusión Social al 2030,https://busquedas.elperuano.pe/dispositivo/NL/2342199-7,20241130
20241108,2342199-5,ECONOMIA Y FINANZAS,DECRETO SUPREMO,N° 214-2024-EF,Decreto Supremo que autoriza Transferencia de Partidas en el Presupuesto del Sector Público para el Año Fiscal 2024 a favor de diversos Gobiernos Regionales,https://busquedas.elperuano.pe/dispositivo/NL/2342199-5,20241130
20241108,2342095-1,ECONOMIA Y FINANZAS,RESOLUCION MINISTERIAL,N° 357-2024-EF/54,Resolución Ministerial que dispone la publicación del proyecto de Decreto Supremo que aprueba la obligatoriedad de la notificación vía casilla electrónica de los actos y actuaciones administrativas que se realicen en los Procedimientos Administrativos Sancionadores a cargo del Tribunal de Contrataciones del Estado del Organismo Supervisor de las Contrataciones del Estado y dicta otras disposiciones,https://busquedas.elperuano.pe/dispositivo/NL/2342095-1,20241130
20241108,2341699-1,INTERIOR,RESOLUCION DIRECTORAL,N° 309-2024-IN-VOI-DGIN,Rectifican error material contenido en la R.D. N° 183-2024-IN-VOI-DGIN,https://busquedas.elperuano.pe/dispositivo/NL/2341699-1,20241130
20241108,2342199-6,PRODUCE,DECRETO SUPREMO,N° 016-2024-PRODUCE,Decreto Supremo que dispone ampliar el periodo de vigencia del Programa Nacional de Diversificación Productiva y modifica el Decreto Supremo N° 010-2014-PRODUCE Decreto Supremo que crea el Programa Nacional de Diversificación Productiva,https://busquedas.elperuano.pe/dispositivo/NL/2342199-6,20241130
20241108,2341656-1,PRODUCE,RESOLUCION,N° 000181-2024-ITP/DE,Modifican el Tarifario de Servicios Tecnológicos de la Unidad Técnica Textil y Confecciones Lima adscrita al Centro de Innovación Productiva y Transferencia Tecnológica del Cuero Calzado Textil Confecciones e Industrias Conexas -CITEccal,https://busquedas.elperuano.pe/dispositivo/NL/2341656-1,20241130
20241108,2341891-1,RELACIONES EXTERIORES,RESOLUCION MINISTERIAL,N° 0844-2024-RE,Designan Asesor en el Despacho Ministerial,https://busquedas.elperuano.pe/dispositivo/NL/2341891-1,20241130
20241108,2342198-1,SALUD,RESOLUCION MINISTERIAL,N° 775-2024/MINSA,Disponen la publicación del proyecto de Norma Técnica de Salud que establece el procedimiento de evaluación calificación y certificación de la incapacidad laboral por accidente de trabajo o enfermedad profesional de los trabajadores asegurados al Seguro Complementario de Trabajo de Riesgo (SCTR),https://busquedas.elperuano.pe/dispositivo/NL/2342198-1,20241130
20241108,2342118-1,SALUD,RESOLUCION MINISTERIAL,N° 774-2024/MINSA,Designan Jefa de Equipo II de la Oficina de Abastecimiento de la Oficina General de Administración,https://busquedas.elperuano.pe/dispositivo/NL/2342118-1,20241130
20241108,2339150-1,TRANSPORTES Y COMUNICACIONES,RESOLUCION DIRECTORAL,N° 0636-2024-MTC/17.03,Renuevan a la empresa CITV REVIPERU S.A.C. la autorización como Centro de Inspección Técnica Vehicular Fijo en local ubicado en el distrito y provincia de Chiclayo departamento de Lambayeque,https://busquedas.elperuano.pe/dispositivo/NL/2339150-1,20241130
20241108,2341376-1,TRANSPORTES Y COMUNICACIONES,RESOLUCION MINISTERIAL,N° 648-2024-MTC/01.02,Aprueban la ejecución de la expropiación del área afectada de inmueble para la ejecución de la obra: Rehabilitación y Mejoramiento de la Carretera Huallanca - Caraz y el valor de la tasación,https://busquedas.elperuano.pe/dispositivo/NL/2341376-1,20241130
20241108,2341155-1,TRANSPORTES Y COMUNICACIONES,RESOLUCION MINISTERIAL,N° 637-2024-MTC/01.02,Aprobación de la ejecución de la expropiación de áreas afectadas de inmuebles para la ejecución de la obra: Tramos viales del eje multimodal del Amazonas Norte del Plan de acción para la Integración de Infraestructura Regional Sudamericana – IIRSA; y los valores de las Tasaciones,https://epdoc2.elperuano.pe/EpPo/VistaNLSE.asp?Referencias=MjM0MTE1NS0xMjAyNDExMDg=,20241130
20241108,2341668-1,"VIVIENDA, CONSTRUCCIÓN Y SANEAMIENTO",RESOLUCION MINISTERIAL,N° 422-2024-VIVIENDA,Modifican las Condiciones y requisitos de elegibilidad admisibilidad a trámite y la evaluación de calidad técnica de las inversiones registradas en la Plataforma de Registro Evaluación y Seguimiento de Expedientes Técnicos (PRESET) del Ministerio de Vivienda Construcción y Saneamiento,https://busquedas.elperuano.pe/dispositivo/NL/2341668-1,20241130
20241108,2342169-1,BIBLIOTECA NACIONAL DEL PERU,RESOLUCION JEFATURAL,N° 000184-2024-BNP,Designan Directora de la Dirección del Acceso y Promoción de la Información,https://busquedas.elperuano.pe/dispositivo/NL/2342169-1,20241130
20241108,2342335-1,SUPERINTENDENCIA NACIONAL DE ADUANAS Y DE ADMINISTRACIÓN TRIBUTARIA,RESOLUCION,N° 000229-2024/SUNAT,Resolución de Superintendencia que designa y excluye agentes de retención del Impuesto General a las Ventas,https://epdoc2.elperuano.pe/EpPo/VistaNLSE.asp?Referencias=MjM0MjMzNS0xMjAyNDExMDg=,20241130
20241108,2342612-1,SUPERINTENDENCIA NACIONAL DE EDUCACION SUPERIOR UNIVERSITARIA,RESOLUCION,N° 0032-2024-SUNEDU-CD,Otorgan licencia institucional solicitada por la Universidad Privada de Trujillo para ofrecer el servicio educativo superior universitario,https://busquedas.elperuano.pe/dispositivo/NL/2342612-1,20241130
20241108,2342190-1,SUPERINTENDENCIA NACIONAL DE FISCALIZACIÓN LABORAL,RESOLUCION,N° 253-2024-SUNAFIL,Designan Subintendente de la Subintendencia de Fiscalización de la Intendencia de Lima Metropolitana de la SUNAFIL,https://busquedas.elperuano.pe/dispositivo/NL/2342190-1,20241130
20241108,2341865-1,SUPERINTENDENCIA NACIONAL DE LOS REGISTROS PUBLICOS,RESOLUCION,N° 00168-2024-SUNARP/SN,Amplían alcance de la presentación electrónica del acto de inmatriculación vehicular a través del SID-Sunarp y modifican el Reglamento de Inscripciones del Registro de Propiedad Vehicular y la Directiva DI-002-SNR-DTR aprobada por Resolución Nº 107-2020-SUNARP/SN,https://busquedas.elperuano.pe/dispositivo/NL/2341865-1,20241130
20241108,2342049-1,CONSEJO EJECUTIVO DEL PODER JUDICIAL,RESOLUCION ADMINISTRATIVA,N° 000352-2024-CE-PJ,Aprueban el Reglamento denominado Gestión de Aranceles Judiciales y Derechos por Notificación Judicial – Versión 001,https://busquedas.elperuano.pe/dispositivo/NL/2342049-1,20241130
20241108,2342053-1,CONSEJO EJECUTIVO DEL PODER JUDICIAL,RESOLUCION ADMINISTRATIVA,N° 000376-2024-CE-PJ,Resuelven integrar la Res. Adm. N° 000369-2023-CE-PJ en su artículo primero consignándose a la jueza y juez que conformarán la Comisión de Implementación de las Unidades de Flagrancia en el Perú – Poder Judicial,https://busquedas.elperuano.pe/dispositivo/NL/2342053-1,20241130
20241108,2327558-1,BANCO CENTRAL DE RESERVA,RESOLUCION,N° 0045-2024-BCRP-N,Autorizan misión en el exterior de funcionario para participar en evento a realizarse en México,https://busquedas.elperuano.pe/dispositivo/NL/2327558-1,20241130
20241108,2336163-1,BANCO CENTRAL DE RESERVA,RESOLUCION,N° 0056-2024-BCRP-N,Autorizan misión en el exterior de funcionario para participar en evento a realizarse en Francia,https://busquedas.elperuano.pe/dispositivo/NL/2336163-1,20241130
20241108,2342155-1,JURADO NACIONAL DE ELECCIONES,RESOLUCION,N° 0348-2024-JNE,Declaran nulo lo actuado a partir de notificación dirigida a regidora del Concejo Distrital de San Juan de Rontoy,https://busquedas.elperuano.pe/dispositivo/NL/2342155-1,20241130
20241108,2342141-1,JURADO NACIONAL DE ELECCIONES,RESOLUCION,N° 0352-2024-JNE,Convocan a ciudadano para que asuma el cargo de regidor del Concejo Distrital de Levanto,https://busquedas.elperuano.pe/dispositivo/NL/2342141-1,20241130
20241108,2342147-1,JURADO NACIONAL DE ELECCIONES,RESOLUCION,N° 0351-2024-JNE,Convocan a ciudadanas para que asuman provisionalmente los cargos de alcaldesa y regidora de la Municipalidad Distrital de San Antonio de Chuca,https://busquedas.elperuano.pe/dispositivo/NL/2342147-1,20241130
20241108,2342183-1,JURADO NACIONAL DE ELECCIONES,RESOLUCION,N° 0349-2024-JNE,Convocan a ciudadana para que asuma el cargo de regidora del Concejo Distrital de Trita provincia de Luya departamento de Amazonas,https://busquedas.elperuano.pe/dispositivo/NL/2342183-1,20241130
20241108,2342162-1,JURADO NACIONAL DE ELECCIONES,RESOLUCION,N° 0347-2024-JNE,Declaran nulo acto de notificación dirigido a regidor electo para la juramentación de alcalde y regidores del Concejo Distrital de Shipasbamba,https://busquedas.elperuano.pe/dispositivo/NL/2342162-1,20241130
20241108,2342163-1,MINISTERIO PUBLICO,RESOLUCION,N° 2548-2024-MP-FN,Dejan sin efecto la Resolución de la Fiscalía de la Nación N° 2103-2024-MP-FN,https://busquedas.elperuano.pe/dispositivo/NL/2342163-1,20241130
20241108,2342165-1,MINISTERIO PUBLICO,RESOLUCION,N° 2549-2024-MP-FN,Aceptan renuncia de fiscal adjunta provincial provisional transitoria del Distrito Fiscal de Lima Centro y dictan otras disposiciones,https://busquedas.elperuano.pe/dispositivo/NL/2342165-1,20241130
20241108,2342167-1,MINISTERIO PUBLICO,RESOLUCION,N° 2550-2024-MP-FN,Aceptan renuncia de fiscal adjunta provincial provisional del Distrito Fiscal de Junín,https://busquedas.elperuano.pe/dispositivo/NL/2342167-1,20241130
20241108,2342170-1,MINISTERIO PUBLICO,RESOLUCION,N° 2551-2024-MP-FN,Dan por concluida la designación de fiscal en el despacho de la Fiscalía Provincial de Prevención del Delito de Sullana y dictan otras disposiciones,https://busquedas.elperuano.pe/dispositivo/NL/2342170-1,20241130
20241108,2342171-1,MINISTERIO PUBLICO,RESOLUCION,N° 2552-2024-MP-FN,Aceptan renuncia de fiscal provincial provisional transitorio del Distrito Fiscal de Huánuco,https://busquedas.elperuano.pe/dispositivo/NL/2342171-1,20241130
20241108,2342175-1,MINISTERIO PUBLICO,RESOLUCION,N° 062-2024-MP-FN-JFS,Aceptan renuncia de fiscal provincial titular de prevención del delito de Sullana del Distrito Fiscal de Sullana,https://busquedas.elperuano.pe/dispositivo/NL/2342175-1,20241130
20241108,2342148-1,MINISTERIO PUBLICO,RESOLUCION,N° 2542-2024-MP-FN,Aceptan renuncia de fiscal adjunto provincial provisional del Distrito Fiscal de Amazonas,https://busquedas.elperuano.pe/dispositivo/NL/2342148-1,20241130
20241108,2342150-1,MINISTERIO PUBLICO,RESOLUCION,N° 2543-2024-MP-FN,Aceptan renuncia de fiscal adjunta provincial provisional del Distrito Fiscal de Lima Centro,https://busquedas.elperuano.pe/dispositivo/NL/2342150-1,20241130
20241108,2342151-1,MINISTERIO PUBLICO,RESOLUCION,N° 2544-2024-MP-FN,Aceptan renuncia de fiscal adjunta provincial provisional del Distrito Fiscal de Huánuco,https://busquedas.elperuano.pe/dispositivo/NL/2342151-1,20241130
20241108,2342154-1,MINISTERIO PUBLICO,RESOLUCION,N° 2545-2024-MP-FN,Dejan sin efecto la Resolución de la Fiscalía de la Nación N° 2345-2024-MP-FN,https://busquedas.elperuano.pe/dispositivo/NL/2342154-1,20241130
20241108,2342158-1,MINISTERIO PUBLICO,RESOLUCION,N° 2546-2024-MP-FN,Dejan sin efecto el artículo primero de la Res. N° 2253-2024-MP-FN en el extremo que resolvió disponer la vigencia del nombramiento de fiscal provincial titular penal corporativa del Callao y de su designación en el despacho de la Tercera Fiscalía Provincial Penal Corporativa del Callao,https://busquedas.elperuano.pe/dispositivo/NL/2342158-1,20241130
20241108,2342159-1,MINISTERIO PUBLICO,RESOLUCION,N° 2547-2024-MP-FN,Cesan por motivo de fallecimiento a fiscal provincial titular antidrogas del Ministerio Público,https://busquedas.elperuano.pe/dispositivo/NL/2342159-1,20241130
20241108,2342059-1,MINISTERIO PUBLICO,RESOLUCION,N° 2539-2024-MP-FN,Designan fiscal en el despacho de la Primera Fiscalía Provincial Penal de Nazca,https://busquedas.elperuano.pe/dispositivo/NL/2342059-1,20241130
20241108,2341249-1,GOBIERNO REGIONAL DE ICA,RESOLUCION DIRECTORAL,N° 189-2024-GOREICA-GRDE/DREM-SDTM,Relación de Concesiones Mineras cuyos títulos fueron aprobados en el mes anterior para la Pequeña Minería y Minería Artesanal de alcance regional,https://busquedas.elperuano.pe/dispositivo/NL/2341249-1,20241130
20241108,2341556-1,GOBIERNO REGIONAL DE SAN MARTIN,RESOLUCION DIRECTORAL,N° 127-2024-GRSM/DREM,Relación de concesiones mineras cuyos títulos fueron aprobados en el mes de octubre del 2024,https://busquedas.elperuano.pe/dispositivo/NL/2341556-1,20241130
20241108,2340833-1,GOBIERNO REGIONAL DE TACNA,ORDENANZA,N° 013-2024-CR/GOB.REG.TACNA,Modifican la Ordenanza Nº 034-2009-CR/GOB.REG.TACNA que creó el Consejo Regional de Fomento Artesanal de Tacna – COREFAR TACNA,https://busquedas.elperuano.pe/dispositivo/NL/2340833-1,20241130
20241108,2340404-1,MUNICIPALIDAD METROPOLITANA DE LIMA,ORDENANZA,N° 2663,Ordenanza que modifica el plano de zonificación del distrito de San Isidro aprobado mediante Ordenanza N° 950,https://busquedas.elperuano.pe/dispositivo/NL/2340404-1,20241130
20241108,2341302-1,MUNICIPALIDAD METROPOLITANA DE LIMA,ORDENANZA,N° 2668,Ordenanza que aprueba la rectificación del plano de zonificación del distrito de Pueblo Libre aprobado por Ordenanza N° 1017,https://busquedas.elperuano.pe/dispositivo/NL/2341302-1,20241130
20241108,2341303-1,MUNICIPALIDAD METROPOLITANA DE LIMA,ORDENANZA,N° 2669,Ordenanza que aprueba la rectificación del plano de zonificación del distrito de Puente Piedra,https://busquedas.elperuano.pe/dispositivo/NL/2341303-1,20241130
20241108,2340002-1,MUNICIPALIDAD DE SAN JUAN DE MIRAFLORES,DECRETO DE ALCALDIA,N° 019-2024/MDSJM,Aprueban el Programa Local de Agricultura Urbana al 2029,https://busquedas.elperuano.pe/dispositivo/NL/2340002-1,20241130
20241108,2339878-1,MUNICIPALIDAD DE SAN JUAN DE MIRAFLORES,ORDENANZA,N° 532/MDSJM,Ordenanza que establece beneficios tributarios en el distrito de San Juan de Miraflores,https://busquedas.elperuano.pe/dispositivo/NL/2339878-1,20241130
20241108,2339999-1,MUNICIPALIDAD DE SAN JUAN DE MIRAFLORES,ORDENANZA,N° 531/MDSJM,Ordenanza que aprueba la conformación del Comité Distrital de Salud (CDS) de San Juan de Miraflores instancia de coordinación interinstitucional del Sistema Nacional de Salud,https://busquedas.elperuano.pe/dispositivo/NL/2339999-1,20241130
20241108,2339838-1,MUNICIPALIDAD DE SAN MIGUEL,ACUERDO,N° 083-2024/MDSM,Dejan sin efecto el Acuerdo de Concejo N° 054-2024 y autorizan viaje de regidores a España en comisión de servicios,https://busquedas.elperuano.pe/dispositivo/NL/2339838-1,20241130
20241108,2340230-1,MUNICIPALIDAD DE SAN MIGUEL,ORDENANZA,N° 505/MDSM,Ordenanza que modifica la Ordenanza Municipal N° 309/MDSM que aprueba la creación del Consejo Consultivo de Niñas Niños y Adolescentes - CCONNA del distrito de San Miguel,https://busquedas.elperuano.pe/dispositivo/NL/2340230-1,20241130
20241108,2328619-1,MUNICIPALIDAD PROVINCIAL DE UTCUBAMBA,ORDENANZA,N° 13-2024-MPU/BG,Ordenanza que aprueba la nueva Estructura Orgánica y el Reglamento de Organización y Funciones (ROF) de la Municipalidad Provincial de Utcubamba,https://busquedas.elperuano.pe/dispositivo/NL/2328619-1,20241130
20241108,2337349-1,MUNICIPALIDAD DISTRITAL DE NUEVO CHIMBOTE,RESOLUCION DE ALCALDIA,N° 000286-2024-MDNCH,Aprueban el Texto Único de Servicios No Exclusivos (TUSNE) de la Municipalidad Distrital de Nuevo Chimbote,https://busquedas.elperuano.pe/dispositivo/NL/2337349-1,20241130
20241108,2341608-1,MUNICIPALIDAD DE CARMEN DE LA LEGUA REYNOSO,ORDENANZA,N° 013-2024-MDCLR,Ordenanza que aprueba Incentivos Tributarios en el Distrito de Carmen de la Legua Reynoso por el pago del Impuesto Predial 2024 y la presentación de la actualización de la Declaración Tributaria,https://busquedas.elperuano.pe/dispositivo/NL/2341608-1,20241130
20241107,2341639-1,CONGRESO DE LA REPUBLICA,LEY,N° 32155,Ley que modifica la Ley 29497 Nueva Ley Procesal del Trabajo a fin de garantizar el acceso a la justicia laboral,https://busquedas.elperuano.pe/dispositivo/NL/2341639-1,20241130
20241107,2341132-1,CULTURA,RESOLUCION DIRECTORAL,N° 000172-2024-DGPA-VMPCIC/MC,Determinan Protección Provisional del paisaje arqueológico Chacras Hundidas Sector 4 ubicado en el distrito de Chilca provincia de Cañete región Lima,https://busquedas.elperuano.pe/dispositivo/NL/2341132-1,20241130
20241107,2340809-1,CULTURA,RESOLUCION DIRECTORAL,N° 000169-2024-DGPA-VMPCIC/MC,Determinan Protección Provisional del Sitio Arqueológico Cerro El Refugio ubicado en el distrito de Manuel Antonio Mesones Muro provincia de Ferreñafe departamento de Lambayeque,https://busquedas.elperuano.pe/dispositivo/NL/2340809-1,20241130
20241107,2340811-1,CULTURA,RESOLUCION DIRECTORAL,N° 000168-2024-DGPA-VMPCIC/MC,Determinan Protección Provisional del Sitio Arqueológico El Rincón ubicado en los distritos de Bella Unión y Chaviña de la provincia de Caravelí departamento de Arequipa,https://busquedas.elperuano.pe/dispositivo/NL/2340811-1,20241130
20241107,2340985-1,DEFENSA,RESOLUCION MINISTERIAL,N° 01242-2024-DE,Autorizan viaje de personal militar FAP a los EE.UU. en misión de estudios,https://busquedas.elperuano.pe/dispositivo/NL/2340985-1,20241130
20241107,2341499-1,DEFENSA,RESOLUCION MINISTERIAL,N° 01254-2024-DE,Autorizan viaje de oficial EP a Chile en misión de estudios,https://busquedas.elperuano.pe/dispositivo/NL/2341499-1,20241130
20241107,2341507-1,DEFENSA,RESOLUCION MINISTERIAL,N° 01255-2024-DE,Autorizan viaje de personal militar FAP a Brasil en comisión de servicios,https://busquedas.elperuano.pe/dispositivo/NL/2341507-1,20241130
20241107,2341515-1,DEFENSA,RESOLUCION MINISTERIAL,N° 01256-2024-DE,Autorizan viaje de personal de la Agencia de Compras de las Fuerzas Armadas al Gran Ducado de Luxemburgo en comisión de servicios,https://busquedas.elperuano.pe/dispositivo/NL/2341515-1,20241130
20241107,2341525-1,DEFENSA,RESOLUCION MINISTERIAL,N° 01257-2024-DE,Autorizan viaje de oficiales de la Marina de Guerra del Perú a la República de Corea en comisión de servicios,https://busquedas.elperuano.pe/dispositivo/NL/2341525-1,20241130
20241107,2341638-1,ECONOMIA Y FINANZAS,DECRETO SUPREMO,N° 208-2024-EF,Decreto Supremo que autoriza Crédito Suplementario a favor de la Municipalidad Provincial de Piura y de la Municipalidad Distrital de Castilla en el Presupuesto del Sector Público para el Año Fiscal 2024,https://busquedas.elperuano.pe/dispositivo/NL/2341638-1,20241130
20241107,2341638-2,ECONOMIA Y FINANZAS,DECRETO SUPREMO,N° 209-2024-EF,Decreto Supremo que autoriza Transferencia de Partidas en el Presupuesto del Sector Público para el Año Fiscal 2024 a favor del Ministerio de Educación,https://busquedas.elperuano.pe/dispositivo/NL/2341638-2,20241130
20241107,2341638-3,ECONOMIA Y FINANZAS,DECRETO SUPREMO,N° 210-2024-EF,Decreto Supremo que autoriza Transferencia de Partidas en el Presupuesto del Sector Público para el Año Fiscal 2024 a favor de diversos gobiernos locales,https://busquedas.elperuano.pe/dispositivo/NL/2341638-3,20241130
20241107,2341638-4,ECONOMIA Y FINANZAS,DECRETO SUPREMO,N° 211-2024-EF,Decreto Supremo que autoriza Transferencias de Partidas en el Presupuesto del Sector Público para el Año Fiscal 2024 a favor de la Reserva de Contingencia y del Gobierno Regional de Junín,https://busquedas.elperuano.pe/dispositivo/NL/2341638-4,20241130
20241107,2341638-5,ECONOMIA Y FINANZAS,DECRETO SUPREMO,N° 212-2024-EF,Decreto Supremo que autoriza Transferencia de Partidas en el Presupuesto del Sector Público para el Año Fiscal 2024 a favor del Gobierno Regional de Madre de Dios,https://busquedas.elperuano.pe/dispositivo/NL/2341638-5,20241130
20241107,2341638-6,ECONOMIA Y FINANZAS,DECRETO SUPREMO,N° 213-2024-EF,Decreto Supremo que autoriza Transferencia de Partidas en el Presupuesto del Sector Público para el Año Fiscal 2024 a favor de la Superintendencia Nacional de los Registros Públicos,https://busquedas.elperuano.pe/dispositivo/NL/2341638-6,20241130
20241107,2341008-1,ENERGIA Y MINAS,RESOLUCION MINISTERIAL,N° 416-2024-MINEM/DM,Declaran caducidad de concesión definitiva de transmisión de energía eléctrica del proyecto Línea de Transmisión en 66 kV S.E. Mamacocha – S.E. Chipmo de titularidad de la empresa CH Mamacocha S.R.L.,https://busquedas.elperuano.pe/dispositivo/NL/2341008-1,20241130
20241107,2341639-2,INTERIOR,DECRETO SUPREMO,N° 014-2024-IN,Decreto Supremo que regula la validación de información del registro de abonados y del vendedor o persona natural que intervenga directamente en la contratación de los servicios públicos de telecomunicaciones,https://busquedas.elperuano.pe/dispositivo/NL/2341639-2,20241130
20241107,2341638-8,INTERIOR,RESOLUCION SUPREMA,N° 153-2024-IN,Designan Viceministro de Orden Interno,https://busquedas.elperuano.pe/dispositivo/NL/2341638-8,20241130
20241107,2341638-7,JUSTICIA Y DERECHOS HUMANOS,DECRETO SUPREMO,N° 012-2024-JUS,Decreto Supremo que aprueba el Reglamento de la Ley N° 31968 Ley de la Justicia Itinerante para las personas en condición de vulnerabilidad,https://busquedas.elperuano.pe/dispositivo/NL/2341638-7,20241130
20241107,2341141-1,RELACIONES EXTERIORES,RESOLUCION MINISTERIAL,N° 0838-2024-RE,Autorizan viaje de funcionarios diplomáticos a Ecuador en comisión de servicios,https://busquedas.elperuano.pe/dispositivo/NL/2341141-1,20241130
20241107,2341639-3,SALUD,DECRETO SUPREMO,N° 021-2024-SA,Decreto Supremo que aprueba los Lineamientos para el proceso de nombramiento de los profesionales de la salud técnicos y auxiliares asistenciales de la salud de las Comunidades Locales de Administración de Salud (CLAS) autorizados por la Septuagésima Novena Disposición Complementaria Final de la Ley N° 31953 Ley de Presupuesto del Sector Público para el Año Fiscal 2024,https://busquedas.elperuano.pe/dispositivo/NL/2341639-3,20241130
20241107,2341543-1,TRANSPORTES Y COMUNICACIONES,RESOLUCION MINISTERIAL,N° 647-2024-MTC/01,Autorizan segunda Transferencia Financiera a favor de la Organización de Aviación Civil Internacional (OACI),https://busquedas.elperuano.pe/dispositivo/NL/2341543-1,20241130
20241107,2340895-1,TRANSPORTES Y COMUNICACIONES,RESOLUCION MINISTERIAL,N° 636-2024-MTC/01.02,Aprobación de la ejecución de la expropiación del área afectada de inmueble para la ejecución de la obra: Tramos viales del eje multimodal del Amazonas Norte del Plan de acción para la Integración de Infraestructura Regional Sudamericana — IIRSA; y el valor de la Tasación,https://epdoc2.elperuano.pe/EpPo/VistaNLSE.asp?Referencias=MjM0MDg5NS0xMjAyNDExMDc=,20241130
20241107,2341248-1,BIBLIOTECA NACIONAL DEL PERU,RESOLUCION JEFATURAL,N° 000182-2024-BNP,Designan Asesora II de la Jefatura de la Biblioteca Nacional del Perú,https://busquedas.elperuano.pe/dispositivo/NL/2341248-1,20241130
20241107,2341536-1,SERVICIO NACIONAL DE CAPACITACION PARA LA INDUSTRIA DE LA CONSTRUCCION,RESOLUCION,N° 000193-2024-02.00/SENCICO,Formalizan Acuerdo que designa Asesor en Sistemas e Informática del SENCICO,https://busquedas.elperuano.pe/dispositivo/NL/2341536-1,20241130
20241107,2341539-1,SERVICIO NACIONAL DE CAPACITACION PARA LA INDUSTRIA DE LA CONSTRUCCION,RESOLUCION,N° 000194-2024-02.00/SENCICO,Formalizan Acuerdo que designa Jefe del Departamento de Abastecimiento del SENCICO,https://busquedas.elperuano.pe/dispositivo/NL/2341539-1,20241130
20241107,2341542-1,SERVICIO NACIONAL DE CAPACITACION PARA LA INDUSTRIA DE LA CONSTRUCCION,RESOLUCION,N° 000195-2024-02.00/SENCICO,Formalizan Acuerdo que designa Jefe del Departamento de Recursos Humanos del SENCICO,https://busquedas.elperuano.pe/dispositivo/NL/2341542-1,20241130
20241107,2341625-1,ORGANISMO SUPERVISOR DE LA INVERSIÓN EN ENERGÍA Y MINERÍA,RESOLUCION,N° 043-2024-OS/GRT,Aprueban costos administrativos y operativos del FISE de las Distribuidoras Eléctricas en sus actividades vinculadas con el descuento en la compra del balón de gas al mes de agosto de 2024,https://busquedas.elperuano.pe/dispositivo/NL/2341625-1,20241130
20241107,2341219-1,ORGANISMO SUPERVISOR DE INVERSION PRIVADA EN TELECOMUNICACIONES,ANEXO,Res. N° 00217-2024-CD/OSIPTEL,Anexo de la Res. N° 00217-2024-CD/OSIPTEL que estableció tarifas tope para las prestaciones de reactivación por suspensión del servicio reactivación por suspensión temporal del servicio solicitada por el abonado y reactivación por corte,https://busquedas.elperuano.pe/dispositivo/NL/2341219-1,20241130
20241107,2342135-1,AUTORIDAD NACIONAL DEL AGUA,RESOLUCION JEFATURAL,N° 0435-2024-ANA,Modifican la R.J. N° 0427-2024-ANA en la que se dictaron disposiciones para atender demandas de uso de agua ante el déficit hídrico en la región Piura,https://busquedas.elperuano.pe/dispositivo/NL/2342135-1,20241130
20241107,2341632-1,AUTORIDAD NACIONAL DEL SERVICIO CIVIL,RESOLUCION,N° 000142-2024-SERVIR-PE,Modifican la Definición de metas de cumplimiento y evaluación de los servidores públicos de alto rendimiento contratados con cargo al Fondo de Apoyo Gerencial (FAG) en el marco de la Ley N° 31912 contenida en el Anexo N° 1 de la Res. N° 000020-2024-SERVIR-GDGP,https://busquedas.elperuano.pe/dispositivo/NL/2341632-1,20241130
20241107,2341633-1,AUTORIDAD NACIONAL DEL SERVICIO CIVIL,RESOLUCION,N° 000143-2024-SERVIR-PE,Formalizan Acuerdo a través del cual se aprueban los Lineamientos que regulan el procedimiento e implementación del Servicio de Identificación de Competencias,https://busquedas.elperuano.pe/dispositivo/NL/2341633-1,20241130
20241107,2341136-1,INSTITUTO NACIONAL DE DEFENSA DE LA COMPETENCIA Y DE LA PROTECCION DE LA PROPIEDAD INTELECTUAL,RESOLUCION,N° 000146-2024-PRE/INDECOPI,Formalizan designación de Secretario Técnico de la Secretaría Técnica de Fiscalización de la Comisión de Procedimientos Concursales del INDECOPI,https://busquedas.elperuano.pe/dispositivo/NL/2341136-1,20241130
20241107,2341262-1,INSTITUTO NACIONAL DE ESTADISTICA E INFORMATICA,RESOLUCION JEFATURAL,N° 264-2024-INEI,Aprueban los Índices Unificados de Precios de la Construcción para las seis (6) Áreas Geográficas correspondientes al mes de octubre de 2024,https://busquedas.elperuano.pe/dispositivo/NL/2341262-1,20241130
20241107,2337956-1,INSTITUCIONES EDUCATIVAS,RESOLUCION,N° 388-2024-UNAJMA/CU,Autorizan viaje de docente de la Universidad Nacional José María Arguedas para realizar pasantía en Brasil,https://busquedas.elperuano.pe/dispositivo/NL/2337956-1,20241130
20241107,2339576-1,INSTITUCIONES EDUCATIVAS,RESOLUCION,N° 3674-2024-UNI,Otorgan duplicado de diploma de grado académico de bachiller en Ciencias con mención en Ingeniería Civil de la Universidad Nacional de Ingenierìa,https://busquedas.elperuano.pe/dispositivo/NL/2339576-1,20241130
20241107,2340624-1,INSTITUCIONES EDUCATIVAS,RESOLUCION,N° 0008-2024-R-UNE,Autorizan duplicado de diploma de Título Profesional de Licenciado en Educación expedido por la Universidad Nacional de Educación Enrique Guzmán y Valle,https://busquedas.elperuano.pe/dispositivo/NL/2340624-1,20241130
20241107,2340416-1,JURADO NACIONAL DE ELECCIONES,RESOLUCION,N° 000106-2024-P/JNE,Autorizan viaje de Director Nacional de Educación y Formación Cívica Ciudadana a los EE.UU. en comisión de servicios,https://busquedas.elperuano.pe/dispositivo/NL/2340416-1,20241130
20241107,2341579-1,MINISTERIO PUBLICO,RESOLUCION,N° 2518-2024-MP-FN,Designan fiscal adjunta provincial titular penal de Lima en el Equipo de Apoyo Fiscal del Distrito Fiscal de Lima Centro,https://busquedas.elperuano.pe/dispositivo/NL/2341579-1,20241130
20241107,2341579-2,MINISTERIO PUBLICO,RESOLUCION,N° 2519-2024-MP-FN,Designan fiscal adjunta en el despacho de la Fiscalía Provincial Especializada en Delitos de Violencia contra las Mujeres y los Integrantes del Grupo Familiar de Utcubamba,https://busquedas.elperuano.pe/dispositivo/NL/2341579-2,20241130
20241107,2341579-3,MINISTERIO PUBLICO,RESOLUCION,N° 2520-2024-MP-FN,Designan fiscal adjunto provincial titular penal de Lima en el Equipo de Apoyo Fiscal del Distrito Fiscal de Lima Centro,https://busquedas.elperuano.pe/dispositivo/NL/2341579-3,20241130
20241107,2341579-4,MINISTERIO PUBLICO,RESOLUCION,N° 2521-2024-MP-FN,Designan fiscal adjunta en el despacho de la Fiscalía Provincial Penal de Lampa,https://busquedas.elperuano.pe/dispositivo/NL/2341579-4,20241130
20241107,2341579-5,MINISTERIO PUBLICO,RESOLUCION,N° 2522-2024-MP-FN,Designan fiscales adjuntos en los despachos de la Primera Fiscalía Provincial de Familia de Puno y de la Fiscalía Provincial de Familia de Carabaya,https://busquedas.elperuano.pe/dispositivo/NL/2341579-5,20241130
20241107,2341585-1,MINISTERIO PUBLICO,RESOLUCION,N° 2523-2024-MP-FN,Designan fiscal adjunto provincial en el despacho de la Primera Fiscalía Provincial Transitoria de Extinción de Dominio de Lima,https://busquedas.elperuano.pe/dispositivo/NL/2341585-1,20241130
20241107,2341585-10,MINISTERIO PUBLICO,RESOLUCION,N° 2532-2024-MP-FN,Designan fiscal en el despacho de la Primera Fiscalía Provincial Penal Corporativa de Lambayeque,https://busquedas.elperuano.pe/dispositivo/NL/2341585-10,20241130
20241107,2341585-11,MINISTERIO PUBLICO,RESOLUCION,N° 2533-2024-MP-FN,Designan fiscal en el despacho de la Segunda Fiscalía Provincial Penal Corporativa de Mariano Melgar,https://busquedas.elperuano.pe/dispositivo/NL/2341585-11,20241130
20241107,2341585-12,MINISTERIO PUBLICO,RESOLUCION,N° 2534-2024-MP-FN,Designan fiscal en el despacho de la Fiscalía Provincial Corporativa Especializada en Delitos de Lavado de Activos de Arequipa,https://busquedas.elperuano.pe/dispositivo/NL/2341585-12,20241130
20241107,2341585-13,MINISTERIO PUBLICO,RESOLUCION,N° 2535-2024-MP-FN,Designan fiscal en el despacho de la Fiscalía Provincial de Prevención del Delito del Distrito Fiscal de Huaura,https://busquedas.elperuano.pe/dispositivo/NL/2341585-13,20241130
20241107,2341585-14,MINISTERIO PUBLICO,RESOLUCION,N° 2536-2024-MP-FN,Designan fiscal en el despacho de la Segunda Fiscalía Provincial Penal Corporativa de Ica,https://busquedas.elperuano.pe/dispositivo/NL/2341585-14,20241130
20241107,2341585-15,MINISTERIO PUBLICO,RESOLUCION,N° 2537-2024-MP-FN,Designan fiscal en el despacho de la Quinta Fiscalía Provincial Penal Corporativa de Huánuco,https://busquedas.elperuano.pe/dispositivo/NL/2341585-15,20241130
20241107,2341585-2,MINISTERIO PUBLICO,RESOLUCION,N° 2524-2024-MP-FN,Designan fiscal adjunta en el despacho de la Segunda Fiscalía Provincial de Familia de Puno,https://busquedas.elperuano.pe/dispositivo/NL/2341585-2,20241130
20241107,2341585-3,MINISTERIO PUBLICO,RESOLUCION,N° 2525-2024-MP-FN,Designan fiscal adjunto en el despacho de la Segunda Fiscalía Provincial Penal Corporativa de San Román.,https://busquedas.elperuano.pe/dispositivo/NL/2341585-3,20241130
20241107,2341585-4,MINISTERIO PUBLICO,RESOLUCION,N° 2526-2024-MP-FN,Designan fiscal en el despacho de la Segunda Fiscalía Provincial Penal Corporativa de San Román,https://busquedas.elperuano.pe/dispositivo/NL/2341585-4,20241130
20241107,2341585-5,MINISTERIO PUBLICO,RESOLUCION,N° 2527-2024-MP-FN,Designan fiscal en el despacho de la Fiscalía Provincial Penal de Huancané,https://busquedas.elperuano.pe/dispositivo/NL/2341585-5,20241130
20241107,2341585-6,MINISTERIO PUBLICO,RESOLUCION,N° 2528-2024-MP-FN,Designan fiscal en el despacho de la Fiscalía Provincial Corporativa Especializada en Delitos de Lesiones y Agresiones en contra de las Mujeres e Integrantes del Grupo Familiar de Tumbes,https://busquedas.elperuano.pe/dispositivo/NL/2341585-6,20241130
20241107,2341585-7,MINISTERIO PUBLICO,RESOLUCION,N° 2529-2024-MP-FN,Designan fiscal en el despacho de la Segunda Fiscalía Provincial Penal Corporativa de Casma,https://busquedas.elperuano.pe/dispositivo/NL/2341585-7,20241130
20241107,2341585-8,MINISTERIO PUBLICO,RESOLUCION,N° 2530-2024-MP-FN,Designan fiscal en el despacho de la Fiscalía Provincial Corporativa Especializada en Delitos de Corrupción de Funcionarios del Distrito Fiscal de Junín,https://busquedas.elperuano.pe/dispositivo/NL/2341585-8,20241130
20241107,2341585-9,MINISTERIO PUBLICO,RESOLUCION,N° 2531-2024-MP-FN,Designan fiscal en el despacho de la Segunda Fiscalía Provincial de Familia de Ventanilla,https://busquedas.elperuano.pe/dispositivo/NL/2341585-9,20241130
20241107,2341495-1,MINISTERIO PUBLICO,RESOLUCION,N° 2515-2024-MP-FN,Modifican el literal a) En Materia de Gestión Normativa del artículo primero de la Resolución de la Fiscalía de la Nación N° 115-2024-MP-FN,https://busquedas.elperuano.pe/dispositivo/NL/2341495-1,20241130
20241107,2341810-1,REGISTRO NACIONAL DE IDENTIFICACION Y ESTADO CIVIL,RESOLUCION,N° 000130-2024/SGEN/RENIEC,Aprueban el Manual de Clasificador de Cargos del RENIEC,https://busquedas.elperuano.pe/dispositivo/NL/2341810-1,20241130
20241107,2340971-1,GOBIERNO REGIONAL DE LA LIBERTAD,ACUERDO,N° 000186-2024-GRLL-CR,Aceptan donación dineraria de la Asociación Pataz destinada a financiar intervenciones de apoyo en el sector Educación en el marco de un convenio de cooperación y compromiso de responsabilidad social para las instituciones educativas focalizadas del nivel primaria y secundaria del distrito de Pataz bajo la administración de la Unidad de Gestión Educativa Local Pataz,https://busquedas.elperuano.pe/dispositivo/NL/2340971-1,20241130
20241107,2340675-1,GOBIERNO REGIONAL DE LA LIBERTAD,ORDENANZA,N° 000009-2024-GRLL-CR,Aprueban promover la inclusión laboral de las personas travestis transexuales y transgénero en la Región de La Libertad,https://busquedas.elperuano.pe/dispositivo/NL/2340675-1,20241130
20241107,2340846-1,GOBIERNO REGIONAL DE LA LIBERTAD,ORDENANZA,N° 000010-2024-GRLL-CR,Ordenanza Regional que aprueba la creación de la Comisión Ordinaria de Vivienda Construcción y Saneamiento del Consejo Regional del Gobierno Regional de La Libertad,https://busquedas.elperuano.pe/dispositivo/NL/2340846-1,20241130
20241107,2340834-1,GOBIERNO REGIONAL DE TACNA,ORDENANZA,N° 014-2024-CR/GOB.REG.TACNA,Declaran de prioridad e interés regional la promoción de programas de inversión pública para la implementación de infraestructuras de gestión y manejo de residuos sólidos y plantas de tratamiento de aguas residuales a nivel de gobiernos locales de la Región Tacna,https://busquedas.elperuano.pe/dispositivo/NL/2340834-1,20241130
20241107,2340838-1,GOBIERNO REGIONAL DE TACNA,ORDENANZA,N° 016-2024-CR/GOB.REG.TACNA,Crean el Comité Multisectorial de Vigilancia de la Calidad del Agua para Consumo Humano de la Región Tacna - COMUVICART,https://busquedas.elperuano.pe/dispositivo/NL/2340838-1,20241130
20241107,2340830-1,GOBIERNO REGIONAL DE TACNA,RESOLUCION DIRECTORAL,N° 153 -2024-DREM/GOB.REG.TACNA,Relación de concesiones mineras cuyos títulos fueron otorgados en coordenadas UTM en el mes anterior,https://busquedas.elperuano.pe/dispositivo/NL/2340830-1,20241130
20241107,2340372-1,MUNICIPALIDAD DE CHORRILLOS,Ordenanzas,N° 497-MDCH,Regulan la gestión integral y manejo de residuos sólidos,https://epdoc2.elperuano.pe/EpPo/VistaDE.asp?Referencias=MjM0MDM3Mi0xMjAyNDExMDc=,20241130
20241107,2340644-1,MUNICIPALIDAD DE LA MOLINA,ORDENANZA,N° 455/MDLM,Ordenanza que aprueba el Reglamento de Aplicación de Sanciones Administrativas y el Cuadro de Infracciones y Sanciones Administrativas de la Municipalidad Distrital de La Molina,https://busquedas.elperuano.pe/dispositivo/NL/2340644-1,20241130
20241107,2340668-1,MUNICIPALIDAD DE LA MOLINA,ORDENANZA,N° 456/MDLM,Ordenanza que promueve el respeto la inclusión y la atención preferente de las personas con Trastorno del Espectro Autista (TEA) y su acompañante en el distrito de La Molina,https://busquedas.elperuano.pe/dispositivo/NL/2340668-1,20241130
20241107,2340677-1,MUNICIPALIDAD DE LA MOLINA,ORDENANZA,N° 457/MDLM,Ordenanza que regula la instalación de cerramiento o delimitación en terrenos rústicos inhabitados,https://busquedas.elperuano.pe/dispositivo/NL/2340677-1,20241130
20241107,2341569-1,MUNICIPALIDAD DE LURIGANCHO CHOSICA,DECRETO DE ALCALDIA,N° 008-2024-MDL,Prorrogan vigencia de la Ordenanza N° 356-MDL que otorga beneficios tributarios y no tributarios en el distrito de Lurigancho - Chosica,https://busquedas.elperuano.pe/dispositivo/NL/2341569-1,20241130
20241107,2341574-1,MUNICIPALIDAD DE LURIGANCHO CHOSICA,FE DE ERRATA,Acuerdo N° 083-2024-MDL,FE DE ERRATA,https://busquedas.elperuano.pe/dispositivo/NL/2341574-1,20241130
20241106,2341233-1,PRESIDENCIA DEL CONSEJO DE MINISTROS,ANEXO,D.S. N° 111-2024-PCM,"Anexo del Decreto Supremo N° 111-2024-PCM que aprobó el Texto Único Ordenado del Decreto Legislativo N° 1034 Decreto Legislativo que aprueba la Ley de Represión de Conductas
Anticompetitivas",https://busquedas.elperuano.pe/dispositivo/NL/2341233-1,20241130
20241106,2340957-1,PRESIDENCIA DEL CONSEJO DE MINISTROS,RESOLUCION,N° 004-2024-PCM/SGP,Dejan sin efecto la Res. N° 007-2021-PCM/SGP que aprobó la Directiva para la implementación de los Centros de Mejor Atención al Ciudadano – Centros MAC,https://busquedas.elperuano.pe/dispositivo/NL/2340957-1,20241130
20241106,2340836-1,AMBIENTE,RESOLUCION MINISTERIAL,N° 00373-2024-MINAM,Disponen la publicación en el portal institucional del proyecto de Pautas orientadoras para la disponibilidad física de terreno o predio para inversiones en infraestructura natural para el cierre de brechas del sector ambiente,https://busquedas.elperuano.pe/dispositivo/NL/2340836-1,20241130
20241106,2340839-1,AMBIENTE,RESOLUCION MINISTERIAL,N° 00374-2024-MINAM,Disponen la publicación en la sede digital del Ministerio del proyecto de Lineamientos técnicos para la identificación de turberas en el Perú,https://busquedas.elperuano.pe/dispositivo/NL/2340839-1,20241130
20241106,2340842-1,AMBIENTE,RESOLUCION MINISTERIAL,N° 00376-2024-MINAM,Aprueban la Guía para la evaluación de sitios contaminados y la elaboración de planes dirigidos a la remediación,https://busquedas.elperuano.pe/dispositivo/NL/2340842-1,20241130
20241106,2340639-1,CULTURA,RESOLUCION DIRECTORAL,N° 000162-2024-DGPA-VMPCIC/MC,Determinan Protección Provisional del Paisaje Arqueológico Cerro Pajaraje ubicado en el distrito de Yauca del Rosario provincia y departamento de Ica,https://busquedas.elperuano.pe/dispositivo/NL/2340639-1,20241130
20241106,2340646-1,CULTURA,RESOLUCION DIRECTORAL,N° 000163-2024-DGPA-VMPCIC/MC,Determinan Protección Provisional de Zona Arqueológica Monumental Saltur ubicada en los distritos de Tumán y Saña provincia de Chiclayo departamento de Lambayeque,https://busquedas.elperuano.pe/dispositivo/NL/2340646-1,20241130
20241106,2340662-1,CULTURA,RESOLUCION DIRECTORAL,N° 000165-2024-DGPA-VMPCIC/MC,Determinan la Protección Provisional del Sitio arqueológico Huacachina Seca Sector Norte ubicado en los distritos de Santiago y Tate provincia de Ica departamento de Ica,https://busquedas.elperuano.pe/dispositivo/NL/2340662-1,20241130
20241106,2340671-1,CULTURA,RESOLUCION DIRECTORAL,N° 000167-2024-DGPA-VMPCIC/MC,Determinan Protección Provisional del sitio arqueológico Ataura Pata ubicado en el distrito de Ataura provincia de Jauja departamento de Junín,https://busquedas.elperuano.pe/dispositivo/NL/2340671-1,20241130
20241106,2340384-1,CULTURA,RESOLUCION DIRECTORAL,N° 000164-2024-DGPA-VMPCIC/MC,Determinan Protección Provisional del Sitio Arqueológico Huaca La Capilla ubicado en el distrito de San Vicente de Cañete provincia de Cañete departamento de Lima,https://busquedas.elperuano.pe/dispositivo/NL/2340384-1,20241130
20241106,2340982-1,DEFENSA,RESOLUCION MINISTERIAL,N° 01246-2024-DE,Autorizan viaje de personal militar FAP a Brasil en comisión de servicios,https://busquedas.elperuano.pe/dispositivo/NL/2340982-1,20241130
20241106,2340987-1,DEFENSA,RESOLUCION MINISTERIAL,N° 01250-2024-DE,Autorizan viaje de personal militar EP a los EE.UU. en misión de estudios,https://busquedas.elperuano.pe/dispositivo/NL/2340987-1,20241130
20241106,2341241-1,DESARROLLO AGRARIO Y RIEGO,RESOLUCION DIRECTORAL,N° 00126-2024-MIDAGRI-DVDAFIR/PSI,Designan Asesora de la Dirección Ejecutiva del Programa Subsectorial de Irrigaciones,https://busquedas.elperuano.pe/dispositivo/NL/2341241-1,20241130
20241106,2341077-1,DESARROLLO E INCLUSIÓN SOCIAL,RESOLUCION,N° D000663-2024-MIDIS/PNAEQW-DE,Designan Jefe de la Unidad Territorial Cusco del Programa Nacional de Alimentación Escolar Qali Warma,https://busquedas.elperuano.pe/dispositivo/NL/2341077-1,20241130
20241106,2341226-1,DESARROLLO E INCLUSIÓN SOCIAL,RESOLUCION MINISTERIAL,N° D000164-2024-MIDIS,Designan a personas en los cargos de los órganos y unidades orgánicas del Ministerio de Desarrollo e Inclusión Social bajo el régimen de la Ley del Servicio Civil,https://busquedas.elperuano.pe/dispositivo/NL/2341226-1,20241130
20241106,2341232-1,ECONOMIA Y FINANZAS,DECRETO SUPREMO,N° 206-2024-EF,Decreto Supremo que aprueba el Texto Único Ordenado de la Ley N° 31589 Ley que garantiza la reactivación de obras públicas paralizadas,https://busquedas.elperuano.pe/dispositivo/NL/2341232-1,20241130
20241106,2341636-1,ECONOMIA Y FINANZAS,DECRETO SUPREMO,N° 207-2024-EF,Decreto Supremo que autoriza una Transferencia de Partidas en el Presupuesto del Sector Público para el Año Fiscal 2024 a favor de la Reserva de Contingencia y de la Municipalidad Provincial de Cutervo,https://busquedas.elperuano.pe/dispositivo/NL/2341636-1,20241130
20241106,2341228-1,ECONOMIA Y FINANZAS,RESOLUCION MINISTERIAL,N° 356-2024-EF/49,Designan Asesora - Secretaria Ejecutiva del Despacho Viceministerial de Economía,https://busquedas.elperuano.pe/dispositivo/NL/2341228-1,20241130
20241106,2341082-1,ECONOMIA Y FINANZAS,RESOLUCION VICE MINISTERIAL,N° 021-2024-EF/15.01,Fijan índices de corrección monetaria para efectos de determinar el costo computable de los inmuebles enajenados por personas naturales sucesiones indivisas o sociedades conyugales que optaron por tributar como tales,https://busquedas.elperuano.pe/dispositivo/NL/2341082-1,20241130
20241106,2340997-1,EDUCACION,RESOLUCION MINISTERIAL,N° 556-2024-MINEDU,Aprueban la Norma Técnica para el Año Escolar en las Instituciones y programas educativos públicos y privados de la Educación Básica para el año 2025,https://busquedas.elperuano.pe/dispositivo/NL/2340997-1,20241130
20241106,2341003-1,ENERGIA Y MINAS,RESOLUCION MINISTERIAL,N° 418-2024-MINEM/DM,Modifican la R.M. N° 407-2018-MEM/DM que aprobó como empresa calificada para efecto del artículo 3 del D. Leg. Nº 973 a ARIANA OPERACIONES MINERAS S.A.C. por el desarrollo del proyecto denominado Proyecto Ariana,https://busquedas.elperuano.pe/dispositivo/NL/2341003-1,20241130
20241106,2341225-1,INTERIOR,RESOLUCION MINISTERIAL,N° 1358-2024-IN,Designan Director de la Oficina de Asuntos Internos de la Oficina General de Integridad Institucional,https://busquedas.elperuano.pe/dispositivo/NL/2341225-1,20241130
20241106,2340940-1,PRODUCE,RESOLUCION MINISTERIAL,N° 000439-2024-PRODUCE,Establecen el programa para facilitar el equipamiento de embarcaciones con capacidad de bodega menor o igual a 10 metros cúbicos con el correspondiente equipo de seguimiento satelital o similar,https://busquedas.elperuano.pe/dispositivo/NL/2340940-1,20241130
20241106,2341059-1,SALUD,RESOLUCION MINISTERIAL,N° 769-2024/MINSA,Designan Jefe de Equipo II de la Dirección de Fiscalización y Sanción de la Dirección General de Salud Ambiental e Inocuidad Alimentaria,https://busquedas.elperuano.pe/dispositivo/NL/2341059-1,20241130
20241106,2341060-1,SALUD,RESOLUCION MINISTERIAL,N° 770-2024/MINSA,Autorizan viaje de profesionales de la Dirección General de Medicamentos Insumos y Drogas a México en comisión de servicios,https://busquedas.elperuano.pe/dispositivo/NL/2341060-1,20241130
20241106,2340872-1,TRABAJO Y PROMOCION DEL EMPLEO,RESOLUCION,N° 00043-GCSPE-ESSALUD-2024,Asignan a diversos servidores públicos la función de verificación de la condición del asegurado y de las entidades empleadoras de trabajadores del hogar,https://busquedas.elperuano.pe/dispositivo/NL/2340872-1,20241130
20241106,2341232-2,TRANSPORTES Y COMUNICACIONES,DECRETO SUPREMO,N° 019-2024-MTC,Decreto Supremo que aprueba el texto de la Adenda Nº 2 del Contrato de Concesión para el Diseño Financiamiento Construcción Conservación y Explotación del Terminal Portuario General San Martín - Pisco,https://busquedas.elperuano.pe/dispositivo/NL/2341232-2,20241130
20241106,2340625-1,TRANSPORTES Y COMUNICACIONES,RESOLUCION DIRECTORAL,N° 0672-2024-MTC/12,Aprueban texto de la Regulación Aeronáutica del Perú - RAP 65 Licencias de Personal Aeronáutico excepto Miembros de la Tripulación Segunda Edición Enmienda 2 Revisión 001,https://busquedas.elperuano.pe/dispositivo/NL/2340625-1,20241130
20241106,2339996-1,TRANSPORTES Y COMUNICACIONES,RESOLUCION DIRECTORAL,N° 0647-2024-MTC/17.03,Renuevan a la empresa Certificadora Innova Group Sociedad Anónima Cerrada la autorización para operar como Entidad Certificadora de Conversiones a Gas Licuado de Petróleo – GLP de ámbito nacional,https://busquedas.elperuano.pe/dispositivo/NL/2339996-1,20241130
20241106,2340013-1,TRANSPORTES Y COMUNICACIONES,RESOLUCION DIRECTORAL,N° 0648-2024-MTC/17.03,Renuevan a la empresa Certificadora Innova Group Sociedad Anónima Cerrada la autorización para operar como Entidad Certificadora de Conversiones a Gas Natural Vehicular – GNV de ámbito nacional,https://busquedas.elperuano.pe/dispositivo/NL/2340013-1,20241130
20241106,2340600-1,TRANSPORTES Y COMUNICACIONES,RESOLUCION MINISTERIAL,N° 644-2024-MTC/01.03,Otorgan a la empresa B CABLE E.I.R.L. concesión única para la prestación de servicios públicos de telecomunicaciones en área que comprende todo el territorio nacional,https://busquedas.elperuano.pe/dispositivo/NL/2340600-1,20241130
20241106,2341234-1,TRANSPORTES Y COMUNICACIONES,RESOLUCION MINISTERIAL,N° 649-2024-MTC/01.02,Autorizan excepcionalmente el uso de placa de rodaje de exhibición para 31 vehículos que trasladarán a Dignatarios y Cuerpos Diplomáticos que arribarán al país con motivo de la Semana de Líderes del Foro de Cooperación Económica Asia-Pacífico (APEC),https://busquedas.elperuano.pe/dispositivo/NL/2341234-1,20241130
20241106,2341227-1,"VIVIENDA, CONSTRUCCIÓN Y SANEAMIENTO",RESOLUCION MINISTERIAL,N° 420-2024-VIVIENDA,Modifican las Disposiciones y plazos para la elección designación conclusión y vacancia de directores de las Empresas Prestadoras de Servicios de Saneamiento Públicas de Accionariado Municipal y derogan la R.M. N° 218-2024-VIVIENDA,https://busquedas.elperuano.pe/dispositivo/NL/2341227-1,20241130
20241106,2341223-1,"VIVIENDA, CONSTRUCCIÓN Y SANEAMIENTO",RESOLUCION MINISTERIAL,N° 419-2024-VIVIENDA,Designan Jefe de Gabinete de Asesores del Despacho Ministerial,https://busquedas.elperuano.pe/dispositivo/NL/2341223-1,20241130
20241106,2341276-1,"VIVIENDA, CONSTRUCCIÓN Y SANEAMIENTO",RESOLUCION MINISTERIAL,N° 421-2024-VIVIENDA,Autorizan Transferencia Financiera a favor de la Entidad Prestadora de Servicios de Saneamiento Grau Sociedad Anónima - EPS GRAU S.A.,https://busquedas.elperuano.pe/dispositivo/NL/2341276-1,20241130
20241106,2341151-1,ORGANISMO DE FORMALIZACIÓN DE LA PROPIEDAD INFORMAL,RESOLUCION DIRECTORAL,N° D000156-2024-COFOPRI-DE,Designan Jefe de la Unidad de Abastecimiento de la Oficina de Administración del COFOPRI,https://busquedas.elperuano.pe/dispositivo/NL/2341151-1,20241130
20241106,2341038-1,ORGANISMO DE EVALUACION Y FISCALIZACION AMBIENTAL,RESOLUCION,N° 00014-2024-OEFA/CD,Reglamento para la Identificación de Pasivos Ambientales del Subsector Hidrocarburos a cargo del Organismo de Evaluación y Fiscalización Ambiental - OEFA y Metodología para la estimación del nivel de riesgo de Pasivos Ambientales del Subsector Hidrocarburos,https://epdoc2.elperuano.pe/EpPo/VistaNLSE.asp?Referencias=MjM0MTAzOC0xMjAyNDExMDY=,20241130
20241106,2341102-1,ORGANISMO SUPERVISOR DE LAS CONTRATACIONES DEL ESTADO,RESOLUCION,N° D000165-2024-OSCE-PRE,Designan Subdirectora de la Subdirección de Identificación de Riesgos en Contrataciones Directas y Supuestos Excluidos de la Dirección de Gestión de Riesgos del OSCE,https://busquedas.elperuano.pe/dispositivo/NL/2341102-1,20241130
20241106,2341224-1,ORGANISMO TÉCNICO DE LA ADMINISTRACIÓN DE LOS SERVICIOS DE SANEAMIENTO,RESOLUCION DIRECTORAL,N° 000103-2024-OTASS-DE,Designan Coordinador II de la Dirección de Operaciones del Organismo Técnico de la Administración de los Servicios de Saneamiento,https://busquedas.elperuano.pe/dispositivo/NL/2341224-1,20241130
20241106,2341215-1,ORGANISMO TÉCNICO DE LA ADMINISTRACIÓN DE LOS SERVICIOS DE SANEAMIENTO,RESOLUCION DIRECTORAL,N° 000102-2024-OTASS-DE,Designan Gerente General del Organismo Técnico de la Administración de los Servicios de Saneamiento – OTASS,https://busquedas.elperuano.pe/dispositivo/NL/2341215-1,20241130
20241106,2341129-1,SUPERINTENDENCIA NACIONAL DE FISCALIZACIÓN LABORAL,RESOLUCION,N° 250-2024-SUNAFIL,Designan Intendente Regional de la Intendencia Regional de Piura de la SUNAFIL,https://busquedas.elperuano.pe/dispositivo/NL/2341129-1,20241130
20241106,2340706-1,BANCO CENTRAL DE RESERVA,RESOLUCION,N° 0060-2024-BCRP-N,Autorizan viaje de Presidente del BCRP para participar en evento que se realizará en Suiza,https://busquedas.elperuano.pe/dispositivo/NL/2340706-1,20241130
20241106,2341194-1,CONTRALORIA GENERAL DE LA REPUBLICA,RESOLUCION,N° 660-2024-CG,Designan Jefa del Órgano de Control Institucional del Consejo Nacional de Ciencia Tecnología e Innovación Tecnológica – CONCYTEC,https://busquedas.elperuano.pe/dispositivo/NL/2341194-1,20241130
20241106,2341204-1,CONTRALORIA GENERAL DE LA REPUBLICA,RESOLUCION,N° 663-2024-CG,Designan profesionales en el cargo de Jefe/a del Órgano de Control Institucional de cinco entidades bajo el ámbito de la Gerencia Regional de Control de Lima Metropolitana,https://busquedas.elperuano.pe/dispositivo/NL/2341204-1,20241130
20241106,2340243-1,"SUPERINTENDENCIA DE BANCA, SEGUROS Y ADMINISTRADORAS PRIVADAS DE FONDOS DE PENSIONES",RESOLUCION,N° 03749-2024,Autorizan viaje de funcionario de la SBS para participar en evento que se realizará en los EE.UU.,https://busquedas.elperuano.pe/dispositivo/NL/2340243-1,20241130
20241106,2340778-1,MUNICIPALIDAD METROPOLITANA DE LIMA,DECRETO DE ALCALDIA,N° 018,Modifican el D.A. N° 013 que designa a miembros del Comité Electoral a cargo del proceso electoral para elegir a representantes de organizaciones de la sociedad civil que serán miembros de la Asamblea Metropolitana de Lima para el periodo 2024 – 2026,https://busquedas.elperuano.pe/dispositivo/NL/2340778-1,20241130
20241106,2339400-1,MUNICIPALIDAD DE CHORRILLOS,Res. Alcaldía,N° 000096-2024-MDCH/ALC,Designan Ejecutor Coactivo de la Municipalidad,https://epdoc2.elperuano.pe/EpPo/VistaDE.asp?Referencias=MjMzOTQwMC0xMjAyNDExMDY=,20241130
20241106,2339403-1,MUNICIPALIDAD DE CHORRILLOS,Res. Alcaldía,N° 000097-2024-MDCH/ALC,Designan Auxiliar Coactivo de la Municipalidad,https://epdoc2.elperuano.pe/EpPo/VistaDE.asp?Referencias=MjMzOTQwMy0xMjAyNDExMDY=,20241130
20241106,2339555-1,MUNICIPALIDAD DE EL AGUSTINO,DECRETO DE ALCALDIA,N° 015-2024-MDEA,Prorrogan vigencia de la Ordenanza N°749-2024-MDEA que estableció beneficios tributarios y no tributarios a favor de contribuyentes del distrito de El Agustino,https://busquedas.elperuano.pe/dispositivo/NL/2339555-1,20241130
20241106,2339717-1,MUNICIPALIDAD DE SANTA ROSA,ORDENANZA,N° 577-2024-MDSR,Ordenanza que regula el Procedimiento Administrativo del Otorgamiento de Constancia de Posesión Exclusivo para Tramites de Dotación de Servicios Básicos en el Distrito de Santa Rosa,https://busquedas.elperuano.pe/dispositivo/NL/2339717-1,20241130
20241106,2340379-1,SUPERINTENDENCIA NACIONAL DE SERVICIOS DE SANEAMIENTO,RESOLUCION,N° 00071-2024-SUNASS-CD,Proyecto de resolución que aprobaría la fórmula tarifaria estructura tarifaria metas de gestión porcentajes a ser transferidos al Fondo de Inversiones y Reservas y los costos máximos de las unidades de medida de las actividades requeridas para determinar los precios de los servicios colaterales aplicables por EMAPA HUARAL S.A. durante el periodo regulatorio 2025-2027,https://busquedas.elperuano.pe/dispositivo/NL/2340379-1,20241130
20241106,2340391-1,SUPERINTENDENCIA NACIONAL DE SERVICIOS DE SANEAMIENTO,RESOLUCION,N° 00070-2024-SUNASS-CD,Proyecto de resolución que aprobaría la fórmula tarifaria estructura tarifaria metas de gestión porcentajes a ser transferidos al Fondo de Inversiones y Reservas y los costos máximos de las unidades de medida de las actividades requeridas para determinar los precios de los servicios colaterales que serían aplicables por EPS BARRANCA S.A. durante el periodo regulatorio 2025-2028,https://busquedas.elperuano.pe/dispositivo/NL/2340391-1,20241130
20241105,2340782-1,CONGRESO DE LA REPUBLICA,LEY,N° 32153,Ley que modifica la Ley 31307 Nuevo Código Procesal Constitucional con la finalidad de fortalecer los fines de los procesos constitucionales,https://busquedas.elperuano.pe/dispositivo/NL/2340782-1,20241130
20241105,2340782-2,CONGRESO DE LA REPUBLICA,LEY,N° 32154,Ley que modifica el Decreto Legislativo 1164 -Decreto Legislativo que establece disposiciones para la extensión de la cobertura poblacional del Seguro Integral de Salud en materia de afiliación al régimen de financiamiento subsidiado- con la finalidad de incorporar de manera excepcional y temporal a personas extranjeras no residentes con diagnóstico de tuberculosis (TB) o de virus de inmunodeficiencia humana (VIH),https://busquedas.elperuano.pe/dispositivo/NL/2340782-2,20241130
20241105,2340782-3,PRESIDENCIA DEL CONSEJO DE MINISTROS,RESOLUCION SUPREMA,N° 231-2024-PCM,Autorizan viaje del Ministro de Defensa a los EE.UU. y encargan su Despacho al Ministro de Economía y Finanzas,https://busquedas.elperuano.pe/dispositivo/NL/2340782-3,20241130
20241105,2340782-4,PRESIDENCIA DEL CONSEJO DE MINISTROS,RESOLUCION SUPREMA,N° 232-2024-PCM,Encargan funciones de Presidente del Consejo Nacional de Ciencia Tecnología e Innovación - CONCYTEC,https://busquedas.elperuano.pe/dispositivo/NL/2340782-4,20241130
20241105,2340805-1,CULTURA,RESOLUCION MINISTERIAL,N° 000408-2024-MC,Designan Asesora ll del Despacho Ministerial,https://busquedas.elperuano.pe/dispositivo/NL/2340805-1,20241130
20241105,2340777-1,DEFENSA,RESOLUCION MINISTERIAL,N° 01230-2024-DE,Autorizan viaje de Edecán del Ministro de Defensa a los EE.UU. en comisión de servicios,https://busquedas.elperuano.pe/dispositivo/NL/2340777-1,20241130
20241105,2340696-1,ECONOMIA Y FINANZAS,RESOLUCION DIRECTORAL,N° 012-2024-EF/51.01,Aprueban modificación del Instructivo para la Planificación Ejecución Culminación y Seguimiento de la Transición al Marco de las Normas Internacionales de Contabilidad del Sector Público en las Entidades del Sector Público,https://busquedas.elperuano.pe/dispositivo/NL/2340696-1,20241130
20241105,2340637-1,ECONOMIA Y FINANZAS,RESOLUCION MINISTERIAL,N° 347-2024-EF/43,Autorizan viaje de funcionarios a la República Popular China en comisión de servicios,https://busquedas.elperuano.pe/dispositivo/NL/2340637-1,20241130
20241105,2340647-1,ECONOMIA Y FINANZAS,RESOLUCION MINISTERIAL,N° 348-2024-EF/43,Autorizan viaje de funcionarias a la República Francesaen comisión de servicios,https://busquedas.elperuano.pe/dispositivo/NL/2340647-1,20241130
20241105,2340648-1,ECONOMIA Y FINANZAS,RESOLUCION MINISTERIAL,N° 349-2024-EF/10,Designan representante de la ONP ante la Comisión Ad Hoc creada con la Ley N° 29625 Ley de devolución de dinero del FONAVI a los trabajadores que contribuyeron al mismo,https://busquedas.elperuano.pe/dispositivo/NL/2340648-1,20241130
20241105,2340989-1,EDUCACION,RESOLUCION MINISTERIAL,N° 553-2024-MINEDU,Autorizan Transferencia Financiera a favor de la Contraloría General de la República,https://busquedas.elperuano.pe/dispositivo/NL/2340989-1,20241130
20241105,2340380-1,RELACIONES EXTERIORES,RESOLUCION MINISTERIAL,N° 0832-2024-RE,Autorizan viaje de funcionarios diplomáticos a la República Argentina en comisión de servicios,https://busquedas.elperuano.pe/dispositivo/NL/2340380-1,20241130
20241105,2340772-1,"VIVIENDA, CONSTRUCCIÓN Y SANEAMIENTO",RESOLUCION DIRECTORAL,N° 292-2024/VIVIENDA/VMCS/PNSR,Designan Coordinadora de la Sub Unidad de Proyectos Especiales de la Unidad Técnica de Proyectos del Programa Nacional de Saneamiento Rural,https://busquedas.elperuano.pe/dispositivo/NL/2340772-1,20241130
20241105,2340774-1,COMISION NACIONAL PARA EL DESARROLLO Y VIDA SIN DROGAS,RESOLUCION,N° 000199-2024-DV-PE,Autorizan transferencia financiera para financiar actividades a favor del Gobierno Regional de Junín / Dirección Regional de Agricultura Junín,https://busquedas.elperuano.pe/dispositivo/NL/2340774-1,20241130
20241105,2340722-1,SEGURO INTEGRAL DE SALUD,RESOLUCION JEFATURAL,N° 000162-2024-SIS/J,Designan Gerente Adjunto de la Gerencia de Negocios y Financiamiento del Seguro Integral de Salud,https://busquedas.elperuano.pe/dispositivo/NL/2340722-1,20241130
20241105,2340635-1,SEGURO INTEGRAL DE SALUD,RESOLUCION JEFATURAL,N° 000160-2024-SIS/J,Designan Gerente Adjunto de la Gerencia de Riesgos y Evaluación de las Prestaciones del Seguro Integral de Salud,https://busquedas.elperuano.pe/dispositivo/NL/2340635-1,20241130
20241105,2340408-1,ORGANISMO SUPERVISOR DE INVERSION PRIVADA EN TELECOMUNICACIONES,RESOLUCION,N° 00225-2024-CD/OSIPTEL,Aprueban publicación para comentarios del Proyecto de Principios Metodológicos Generales para la estimación del Factor de Productividad que se aplica dentro del régimen tarifario de Fórmula de Tarifas Tope establecido en los Contratos de Concesión de los que es titular Telefónica del Perú S.A.A.,https://busquedas.elperuano.pe/dispositivo/NL/2340408-1,20241130
20241105,2341004-1,ORGANISMO SUPERVISOR DE INVERSION PRIVADA EN TELECOMUNICACIONES,RESOLUCION,N° 00075-2024-PE/OSIPTEL,Designan Director de la Oficina de Recursos Humanos y Director de la Oficina de Asesoría Jurídica de OSIPTEL,https://busquedas.elperuano.pe/dispositivo/NL/2341004-1,20241130
20241105,2340741-1,SUPERINTENDENCIA NACIONAL DE FISCALIZACIÓN LABORAL,RESOLUCION,N° 248-2024-SUNAFIL,Designan Intendente Regional de la Intendencia Regional de Cajamarca de la SUNAFIL,https://busquedas.elperuano.pe/dispositivo/NL/2340741-1,20241130
20241105,2340678-1,CONSEJO EJECUTIVO DEL PODER JUDICIAL,RESOLUCION ADMINISTRATIVA,N° 000361-2024-CE-PJ,Aprueban el Protocolo denominado Actuación en Audiencias de los Procesos Ordinario y Abreviado de la Ley N.° 29497 – Versión 001,https://busquedas.elperuano.pe/dispositivo/NL/2340678-1,20241130
20241105,2340681-1,CONSEJO EJECUTIVO DEL PODER JUDICIAL,RESOLUCION ADMINISTRATIVA,N° 000374-2024-CE-PJ,Aprueban el Protocolo denominado Monitoreo del modelo de oralidad civil – Versión 001,https://busquedas.elperuano.pe/dispositivo/NL/2340681-1,20241130
20241105,2340688-1,CONSEJO EJECUTIVO DEL PODER JUDICIAL,RESOLUCION ADMINISTRATIVA,N° 000375-2024-CE-PJ,Establecen criterios normativos de cumplimiento obligatorio por parte del personal jurisdiccional y de apoyo a la función jurisdiccional de los Módulos Penales Corporativos de las treinta y cinco Cortes Superiores de Justicia del Perú,https://busquedas.elperuano.pe/dispositivo/NL/2340688-1,20241130
20241105,2340673-1,CONSEJO EJECUTIVO DEL PODER JUDICIAL,RESOLUCION ADMINISTRATIVA,N° 000138-2024-P-CE-PJ,Autorizan viaje de jueza titular de la Corte Suprema de Justicia de la República y de funcionario para participar en evento que se realizará en Argentina,https://busquedas.elperuano.pe/dispositivo/NL/2340673-1,20241130
20241105,2340506-1,BANCO CENTRAL DE RESERVA,CIRCULAR,N° 0029-2024-BCRP,Índice de reajuste diario a que se refiere el art. 240º de la Ley General del Sistema Financiero y del Sistema de Seguros y Orgánica de la SBS correspondiente al mes de noviembre,https://busquedas.elperuano.pe/dispositivo/NL/2340506-1,20241130
20241105,2340656-1,CONTRALORIA GENERAL DE LA REPUBLICA,RESOLUCION,N° 646-2024-CG,Designan Jefe del Órgano de Control Institucional del Gobierno Regional Junín,https://busquedas.elperuano.pe/dispositivo/NL/2340656-1,20241130
20241105,2340660-1,CONTRALORIA GENERAL DE LA REPUBLICA,RESOLUCION,N° 647-2024-CG,Designan Jefes del Órgano de Control Institucional en la Dirección Nacional de Inteligencia Ejército Peruano y Servicios Industriales de la Marina S.A. - SIMA PERÚ,https://busquedas.elperuano.pe/dispositivo/NL/2340660-1,20241130
20241105,2340784-1,CONTRALORIA GENERAL DE LA REPUBLICA,RESOLUCION,N° 654-2024-CG,Designan Jefa del Órgano de Control Institucional del Instituto Nacional de Enfermedades Neoplásicas,https://busquedas.elperuano.pe/dispositivo/NL/2340784-1,20241130
20241105,2340786-1,CONTRALORIA GENERAL DE LA REPUBLICA,RESOLUCION,N° 659-2024-CG,Designan Jefa del Órgano de Control Institucional del Programa Nacional de Alimentación Escolar Qali Warma,https://busquedas.elperuano.pe/dispositivo/NL/2340786-1,20241130
20241105,2340690-1,CONTRALORIA GENERAL DE LA REPUBLICA,RESOLUCION,N° 648-2024-CG,Designan Jefa del Órgano de Control Institucional del Instituto Tecnológico de la Producción (ITP),https://busquedas.elperuano.pe/dispositivo/NL/2340690-1,20241130
20241105,2340730-1,CONTRALORIA GENERAL DE LA REPUBLICA,RESOLUCION,N° 650-2024-CG,Designan Jefe del Órgano de Control Institucional de PERUPETRO S.A.,https://busquedas.elperuano.pe/dispositivo/NL/2340730-1,20241130
20241105,2340720-1,CONTRALORIA GENERAL DE LA REPUBLICA,RESOLUCION,N° 649-2024-CG,Dan por terminada la designación de Jefe del Órgano de Control Institucional de la Municipalidad Provincial del Santa,https://busquedas.elperuano.pe/dispositivo/NL/2340720-1,20241130
20241105,2340752-1,CONTRALORIA GENERAL DE LA REPUBLICA,RESOLUCION,N° 651-2024-CG,Designan Jefa del Órgano de Control Institucional de la Corporación Financiera de Desarrollo S.A. – COFIDE,https://busquedas.elperuano.pe/dispositivo/NL/2340752-1,20241130
20241105,2340779-1,CONTRALORIA GENERAL DE LA REPUBLICA,RESOLUCION,N° 652-2024-CG,Designan Jefa del Órgano de Control Institucional del Sistema Nacional de Evaluación Acreditación y Certificación de la Calidad Educativa,https://busquedas.elperuano.pe/dispositivo/NL/2340779-1,20241130
20241105,2340781-1,CONTRALORIA GENERAL DE LA REPUBLICA,RESOLUCION,N° 658-2024-CG,Designan Jefe del Órgano de Control Institucional de Activos Mineros S.A.C.,https://busquedas.elperuano.pe/dispositivo/NL/2340781-1,20241130
20241105,2340663-1,JURADO NACIONAL DE ELECCIONES,RESOLUCION,N° 0342-2024-JNE,Declaran nulo lo actuado a partir de los actos de notificación del Acuerdo de Concejo N.º 090-2023-MPC referente a procedimiento de vacancia incoado en contra de alcalde de la Municipalidad Provincial de Carhuaz departamento de Áncash,https://busquedas.elperuano.pe/dispositivo/NL/2340663-1,20241130
20241105,2340665-1,JURADO NACIONAL DE ELECCIONES,RESOLUCION,N° 0344-2024-JNE,Declaran nulo lo actuado a partir de los actos de notificación del Acuerdo de Concejo Nº 006-2024-MDS en el procedimiento de suspensión incoado en contra de alcalde de la Municipalidad Distrital de Sibayo provincia de Caylloma departamento de Arequipa,https://busquedas.elperuano.pe/dispositivo/NL/2340665-1,20241130
20241105,2340667-1,JURADO NACIONAL DE ELECCIONES,RESOLUCION,N° 0345-2024-JNE,Convocan a ciudadanos para que asuman los cargos de alcalde y regidor de la Municipalidad Distrital de Aco provincia de Concepción departamento de Junín,https://busquedas.elperuano.pe/dispositivo/NL/2340667-1,20241130
20241105,2340674-1,JURADO NACIONAL DE ELECCIONES,RESOLUCION,N° 0343-2024-JNE,Requieren a alcalde de la Municipalidad Distrital de Cabanaconde provincia de Caylloma departamento de Arequipa para que convoque a nueva sesión extraordinaria de concejo en la que se resuelva la vacancia seguida en contra de regidora,https://busquedas.elperuano.pe/dispositivo/NL/2340674-1,20241130
20241105,2340734-1,MINISTERIO PUBLICO,RESOLUCION,N° 2472-2024-MP-FN,Aceptan renuncia de fiscal adjunta provincial provisional del Distrito Fiscal de Lima Centro,https://busquedas.elperuano.pe/dispositivo/NL/2340734-1,20241130
20241105,2340818-1,MUNICIPALIDAD DE MAGDALENA DEL MAR,RESOLUCION DE ALCALDIA,N° 108-2024-A-MDMM,Modifican el Texto Único de Servicios No Exclusivos (TUSNE),https://busquedas.elperuano.pe/dispositivo/NL/2340818-1,20241130
20241105,2340514-1,MUNICIPALIDAD DE MIRAFLORES,ORDENANZA,N° 652/MM,Ordenanza que deroga la Ordenanza Nº 618/MM Ordenanza que establece regula y promueve condiciones para edificaciones sostenibles en el distrito de Miraflores,https://busquedas.elperuano.pe/dispositivo/NL/2340514-1,20241130
20241105,2340475-1,MUNICIPALIDAD DE MIRAFLORES,RESOLUCION DE ALCALDIA,N° 261-2024-A/MM,Disponen la publicación del proyecto normativo denominado Ordenanza que modifica parcialmente el Reglamento de Organización Funciones y Proceso de Elección de las Juntas Vecinales Comunales (JVC) del distrito de Miraflores aprobado mediante Ordenanza N° 605/MM,https://busquedas.elperuano.pe/dispositivo/NL/2340475-1,20241130
20241105,2329931-1,MUNICIPALIDAD DE SANTA MARIA DEL MAR,ORDENANZA,N° 013-2024-MDSMM,Ordenanza que adecúa la creación del Consejo Consultivo y Participativo de Niñas Niños y Adolescentes (CCONNA) del distrito de Santa María del Mar,https://busquedas.elperuano.pe/dispositivo/NL/2329931-1,20241130
20241105,2330509-1,MUNICIPALIDAD PROVINCIAL DE HUALGAYOC,ORDENANZA,N° 007-2024-MPH-BCA,Ordenanza Municipal que aprueba el Plan de Desarrollo Local Concertado (PDLC) 2024-2034 de la provincia de Hualgayoc,https://busquedas.elperuano.pe/dispositivo/NL/2330509-1,20241130
20241105,2340396-1,MUNICIPALIDAD PROVINCIAL DEL CUSCO,RESOLUCION,N° 7252-2024-GTVT/MPC,Declaran el cumplimiento de notificaciones de las Resoluciones de Gerencia de Sanción establecido en el art. 20° del Texto Único Ordenado de la Ley de Procedimientos Administrativos General,https://busquedas.elperuano.pe/dispositivo/NL/2340396-1,20241130
20241105,2340396-2,MUNICIPALIDAD PROVINCIAL DEL CUSCO,RESOLUCION,N° 7253-2024-GTVT/MPC,Declaran el cumplimiento de notificaciones de Resoluciones Gerenciales que declaran la caducidad e inicio de nuevo Procedimiento Administrativo Sancionador (PAS) – 2024 vía edicto en conformidad con el art. 20° del TUO de la Ley del Procedimiento Administrativo General,https://busquedas.elperuano.pe/dispositivo/NL/2340396-2,20241130
20241105,2339414-1,MUNICIPALIDAD DISTRITAL DE QUINISTAQUILLAS,ORDENANZA,N° 007-2024-CM/MDQ,Aprueban el documento de gestión municipal denominado Reglamento de Organización y Funciones (ROF) con su nueva estructura orgánica municipal de la Municipalidad Distrital de Quinistaquillas - Provincia de General Sánchez Cerro - Departamento de Moquegua,https://busquedas.elperuano.pe/dispositivo/NL/2339414-1,20241130
20241104,2340350-1,PRESIDENCIA DEL CONSEJO DE MINISTROS,RESOLUCION SUPREMA,N° 230-2024-PCM,Designan temporalmente al Presidente Ejecutivo del Organismo Supervisor de Inversión Privada en Telecomunicaciones (OSIPTEL),https://busquedas.elperuano.pe/dispositivo/NL/2340350-1,20241130
20241104,2340355-1,DEFENSA,RESOLUCION MINISTERIAL,N° 01235-2024-DE,Designan Asesor II del Despacho Ministerial,https://busquedas.elperuano.pe/dispositivo/NL/2340355-1,20241130
20241104,2340356-1,DESARROLLO AGRARIO Y RIEGO,RESOLUCION JEFATURAL,N° D000191-2024-MIDAGRI-SENASA-JN,Formalizan encargo de funciones y responsabilidades de Ejecutor Coactivo de la Unidad de Ejecutoría Coactiva de la Oficina de Administración del SENASA,https://busquedas.elperuano.pe/dispositivo/NL/2340356-1,20241130
20241104,2340259-1,DESARROLLO E INCLUSIÓN SOCIAL,RESOLUCION,N° D000115-2024-MIDIS/PNPAIS-DE,Designan Ejecutiva de la Unidad de Recursos Humanos del Programa Nacional Plataformas de Acción para la Inclusión Social – PAIS,https://busquedas.elperuano.pe/dispositivo/NL/2340259-1,20241130
20241104,2340572-1,DESARROLLO E INCLUSIÓN SOCIAL,RESOLUCION,N° D000656-2024-MIDIS/PNAEQW-DE,Designan Jefa de la Unidad de Supervisión Monitoreo y Evaluación del Programa Nacional de Alimentación Escolar Qali Warma,https://busquedas.elperuano.pe/dispositivo/NL/2340572-1,20241130
20241104,2340593-1,DESARROLLO E INCLUSIÓN SOCIAL,RESOLUCION,N° D000657-2024-MIDIS/PNAEQW-DE,Designan Jefe de la Unidad Territorial Apurímac del Programa Nacional de Alimentación Escolar Qali Warma,https://busquedas.elperuano.pe/dispositivo/NL/2340593-1,20241130
20241104,2340753-1,ENERGIA Y MINAS,RESOLUCION MINISTERIAL,N° 414-2024-MINEM/DM,Prorrogan vigencia del Grupo de Trabajo para el desarrollo sostenible para el distrito de Cachachi provincia de Cajabamba departamento de Cajamarca,https://busquedas.elperuano.pe/dispositivo/NL/2340753-1,20241130
20241104,2339985-1,TRABAJO Y PROMOCION DEL EMPLEO,RESOLUCION MINISTERIAL,N° 172-2024-TR,Designan Directora General de la Dirección General de Políticas para la Promoción de la Formalización Laboral e Inspección del Trabajo,https://busquedas.elperuano.pe/dispositivo/NL/2339985-1,20241130
20241104,2339997-1,TRABAJO Y PROMOCION DEL EMPLEO,RESOLUCION MINISTERIAL,N° 174-2024-TR,Designan Jefe de Oficina General de la Oficina General de Planeamiento y Presupuesto,https://busquedas.elperuano.pe/dispositivo/NL/2339997-1,20241130
20241104,2340354-1,TRANSPORTES Y COMUNICACIONES,RESOLUCION DIRECTORAL,N° 029-2024-MTC/18,Disponen la publicación del Proyecto de Resolución Directoral que aprueba la Guía Técnica para la elaboración de Modelos de Transporte y su Anexo,https://busquedas.elperuano.pe/dispositivo/NL/2340354-1,20241130
20241104,2340352-1,TRANSPORTES Y COMUNICACIONES,RESOLUCION MINISTERIAL,N° 646-2024-MTC/01.02,Autorizan viaje de inspectores de la Dirección General de Aeronáutica Civil a la República Argentina en comisión de servicios,https://busquedas.elperuano.pe/dispositivo/NL/2340352-1,20241130
20241104,2340353-1,TRANSPORTES Y COMUNICACIONES,RESOLUCION MINISTERIAL,N° 639-2024-MTC/01.02,Aprueban ejecución de expropiación del área afectada de inmueble para la ejecución del proyecto: Tramo vial Desvío Quilca-Desvío Arequipa (Repartición)-Desvío Matarani-Desvío Moquegua; Desvío Ilo-Tacna-La Concordia y el valor de tasación,https://busquedas.elperuano.pe/dispositivo/NL/2340353-1,20241130
20241104,2340713-1,ORGANISMO SUPERVISOR DE LA INVERSIÓN EN ENERGÍA Y MINERÍA,RESOLUCION,N° 185-2024-OS/CD,Resolución de Consejo Directivo que dispone la publicación del Proyecto de Resolución que fija las tarifas de distribución de gas natural por red de ductos de la Concesión Norte para el periodo 2025-2028 para la recepción de comentarios y sugerencias,https://epdoc2.elperuano.pe/EpPo/VistaNLSE.asp?Referencias=MjM0MDcxMy0xMjAyNDExMDQ=,20241130
20241104,2340285-1,AUTORIDAD DE TRANSPORTE URBANO PARA LIMA Y CALLAO,RESOLUCION,N° 233-2024-ATU/PE,Designan Jefa de la Unidad de Planeamiento y Organización de la Oficina de Planeamiento y Presupuesto de la ATU,https://busquedas.elperuano.pe/dispositivo/NL/2340285-1,20241130
20241104,2339885-1,INSTITUTO NACIONAL DE DEFENSA DE LA COMPETENCIA Y DE LA PROTECCION DE LA PROPIEDAD INTELECTUAL,RESOLUCION,N° 000158-2024-GEG/INDECOPI,Designan Asesora de la Presidencia Ejecutiva,https://busquedas.elperuano.pe/dispositivo/NL/2339885-1,20241130
20241104,2336161-1,BANCO CENTRAL DE RESERVA,RESOLUCION,N° 0055-2024-BCRP-N,Autorizan misión en el exterior de funcionarios para participar en evento a realizarse en Suiza,https://busquedas.elperuano.pe/dispositivo/NL/2336161-1,20241130
20241104,2340500-1,CONTRALORIA GENERAL DE LA REPUBLICA,RESOLUCION,N° 644-2024-CG,Declaran la vacancia del cargo de Vocal del Tribunal Superior de Responsabilidades Administrativas de la Contraloría General de la República,https://busquedas.elperuano.pe/dispositivo/NL/2340500-1,20241130
20241104,2340057-1,INSTITUCIONES EDUCATIVAS,RESOLUCION,N° 894-2024-UNTRM/CU,Autorizan viaje de investigadora de la Universidad Nacional Toribio Rodríguez de Mendoza de Amazonas para participar en evento que se realizará en Colombia,https://busquedas.elperuano.pe/dispositivo/NL/2340057-1,20241130
20241104,2340057-2,INSTITUCIONES EDUCATIVAS,RESOLUCION,N° 895-2024-UNTRM/CU,Autorizan viaje de estudiante de la Universidad Nacional Toribio Rodríguez de Mendoza de Amazonas a fin de realizar exposición de trabajos de investigación en los EE.UU.,https://busquedas.elperuano.pe/dispositivo/NL/2340057-2,20241130
20241104,2340057-3,INSTITUCIONES EDUCATIVAS,RESOLUCION,N° 900-2024-UNTRM/CU,Autorizan viaje de docente investigadora de la Universidad Nacional Toribio Rodríguez de Mendoza de Amazonas a los EE.UU. en comisión de servicios,https://busquedas.elperuano.pe/dispositivo/NL/2340057-3,20241130
20241104,2327186-1,GOBIERNO REGIONAL DE UCAYALI,ACUERDO,N° 106-2024-GRU-CR,Autorizan Transferencia Financiera de bienes muebles RAEE dados de baja de propiedad del Gobierno Regional de Ucayali a favor de la empresa Consultores y Servicios Ambientales Ucayali S.A.C,https://busquedas.elperuano.pe/dispositivo/NL/2327186-1,20241130
20241104,2339882-1,MUNICIPALIDAD DE SAN JUAN DE MIRAFLORES,Ordenanzas,N° 530 /MDSJM,Ordenanza que establece incentivos sobre multas administrativas en el distrito de San Juan de Miraflores,https://epdoc2.elperuano.pe/EpPo/VistaDE.asp?Referencias=MjMzOTg4Mi0xMjAyNDExMDQ=,20241130
20241104,2330089-1,MUNICIPALIDAD DE SANTA MARIA DEL MAR,ORDENANZA,N° 012-2024-MDSMM,Ordenanza que crea el Comité Multisectorial por los Derechos del Niño Niña y del Adolescente (COMUDENNA) del distrito de Santa María del Mar,https://busquedas.elperuano.pe/dispositivo/NL/2330089-1,20241130
20241104,2340139-1,MUNICIPALIDAD DE SANTIAGO DE SURCO,ACUERDO,N° 088-2024-ACSS,Declaran desfavorable la solicitud de cambio de zonificación de zona de residencial de densidad media (RDM) a comercio zonal (CZ) para área ubicada en el distrito,https://busquedas.elperuano.pe/dispositivo/NL/2340139-1,20241130
20241104,2340138-1,MUNICIPALIDAD DE SANTIAGO DE SURCO,ORDENANZA,N° 713-MSS,Prorrogan para el 2025 la vigencia de los montos por derecho del servicio de emisión mecanizada de actualización de valores determinación del impuesto predial y su distribución a domicilio aprobada para el 2024,https://busquedas.elperuano.pe/dispositivo/NL/2340138-1,20241130
20241103,2340345-1,CULTURA,RESOLUCION MINISTERIAL,N° 000401-2024-MC,Aprueban el contenido mínimo de la declaración jurada de conservación de la estructura física del bien cultural en el desarrollo de las actividades objeto de la licencia de funcionamiento a la que hace referencia el literal d.4) del artículo 7 de la Ley Nº 28976 Ley Marco de Licencia de Funcionamiento,https://busquedas.elperuano.pe/dispositivo/NL/2340345-1,20241130
20241103,2340346-1,CULTURA,RESOLUCION MINISTERIAL,N° 000403-2024-MC,Modifican el numeral 1.68 del Anexo 1 Ingreso a bienes Inmuebles prehispánicos museos e instituciones museales a cargo del Ministerio de Cultura del Tarifario Único de Servicios No Exclusivos brindados por el Ministerio de Cultura para el Ejercicio Fiscal 2024 aprobado mediante la R.M. N° 000529-2023-MC,https://busquedas.elperuano.pe/dispositivo/NL/2340346-1,20241130
20241103,2340334-1,DEFENSA,RESOLUCION MINISTERIAL,N° 01239-2024-DE,Autorizan viaje de personal militar a EE.UU. en comisión de servicios,https://busquedas.elperuano.pe/dispositivo/NL/2340334-1,20241130
20241103,2340035-1,DESARROLLO E INCLUSIÓN SOCIAL,RESOLUCION DIRECTORAL,N° 002126-2024-MIDIS/PNCM-DE,Designan Coordinadora de Contabilidad de la Unidad de Administración,https://busquedas.elperuano.pe/dispositivo/NL/2340035-1,20241130
20241103,2340349-4,ECONOMIA Y FINANZAS,RESOLUCION SUPREMA,N° 034-2024-EF,Designan miembro del Consejo Fiscal,https://busquedas.elperuano.pe/dispositivo/NL/2340349-4,20241130
20241103,2340349-1,INTERIOR,DECRETO SUPREMO,N° 013-2024-IN,Decreto Supremo que aprueba el Reglamento de la Ley N° 32128 Ley que autoriza un concurso interno excepcional para el cambio de categoría de suboficial a oficial de servicios de la Policía Nacional del Perú,https://busquedas.elperuano.pe/dispositivo/NL/2340349-1,20241130
20241103,2340349-2,INTERIOR,RESOLUCION SUPREMA,N° 151-2024-IN,Aprueban vacantes para Ascenso al grado de Teniente General de Armas de la Policía Nacional del Perú - Promoción 2025,https://busquedas.elperuano.pe/dispositivo/NL/2340349-2,20241130
20241103,2340349-3,INTERIOR,RESOLUCION SUPREMA,N° 152-2024-IN,Aprueban vacantes para Ascenso de Oficiales Generales de Armas y de Servicios de la Policía Nacional del Perú – Promoción 2025,https://busquedas.elperuano.pe/dispositivo/NL/2340349-3,20241130
20241103,2340343-1,PRODUCE,RESOLUCION MINISTERIAL,N° 00438-2024-PRODUCE,Establecen cronograma de implementación de las funcionalidades para el uso de la VUCE en el marco del D.S. N° 014-2024- PRODUCE Decreto Supremo que establece medidas para prevenir desalentar y eliminar la pesca ilegal no declarada y no reglamentada,https://busquedas.elperuano.pe/dispositivo/NL/2340343-1,20241130
20241103,2340160-1,RELACIONES EXTERIORES,RESOLUCION MINISTERIAL,N° 0828-2024-RE,Autorizan viaje de Director de Seguridad y Defensa de la Dirección General para Asuntos Multilaterales y Globales a la República de Colombia en comisión de servicios,https://busquedas.elperuano.pe/dispositivo/NL/2340160-1,20241130
20241103,2340348-1,SALUD,RESOLUCION MINISTERIAL,N° 765-2024/MINSA,Crean el Grupo de Trabajo Multisectorial de naturaleza temporal con el objeto de elaborar la propuesta de Plan Nacional Multisectorial para el abordaje de la morbilidad y mortalidad del cáncer en el marco de la Política Nacional Multisectorial de Salud al 2030 Perú País Saludable.,https://busquedas.elperuano.pe/dispositivo/NL/2340348-1,20241130
20241103,2340162-1,TRANSPORTES Y COMUNICACIONES,RESOLUCION DIRECTORAL,N° 028-2024-MTC/18,Aprueban la Guía para la implementación de Entornos Escolares Seguros,https://busquedas.elperuano.pe/dispositivo/NL/2340162-1,20241130
20241103,2340121-1,TRANSPORTES Y COMUNICACIONES,RESOLUCION MINISTERIAL,N° 638-2024-MTC/01.03,Otorgan a la empresa Aorus Telecom S.A.C. concesión ùnica para la prestación de servicios públicos de telecomunicaciones por el plazo de veinte (20) años en todo el territorio de la República del Perú,https://busquedas.elperuano.pe/dispositivo/NL/2340121-1,20241130
20241103,2340351-1,TRANSPORTES Y COMUNICACIONES,RESOLUCION MINISTERIAL,N° 640-2024-MTC/01.02,Autorizan viaje de inspectores de la Dirección General de Aeronáutica Civil a Chile en comisión de servicios,https://busquedas.elperuano.pe/dispositivo/NL/2340351-1,20241130
20241103,2340351-2,TRANSPORTES Y COMUNICACIONES,RESOLUCION MINISTERIAL,N° 645-2024-MTC/01.02,Autorizan viaje de inspectores de la Dirección General de Aeronáutica Civil a EE.UU. en comisión de servicios,https://busquedas.elperuano.pe/dispositivo/NL/2340351-2,20241130
20241103,2340253-1,ARCHIVO GENERAL DE LA NACION,RESOLUCION JEFATURAL,N° 000292-2024-AGN/JEF,Designan servidores en el Archivo General de la Nación,https://busquedas.elperuano.pe/dispositivo/NL/2340253-1,20241130
20241103,2340344-1,SUPERINTENDENCIA NACIONAL DE ADUANAS Y DE ADMINISTRACIÓN TRIBUTARIA,RESOLUCION,N° 000224-2024/SUNAT,Dispone publicación en la sede digital de la Sunat del proyecto de Resolución de Superintendencia Nacional Adjunta de Aduanas que aprueba facultad discrecional para no sancionar infracciones previstas en la Ley General de Aduanas relacionadas al inicio de las operaciones del Terminal Portuario Multipropósito de Chancay,https://busquedas.elperuano.pe/dispositivo/NL/2340344-1,20241130
20241103,2340347-1,SUPERINTENDENCIA NACIONAL DE FISCALIZACIÓN LABORAL,RESOLUCION,N° 245-2024-SUNAFIL,Designan Intendente Regional de la Intendencia Regional de Loreto de la Superintendencia Nacional de Fiscalización Laboral - SUNAFIL,https://busquedas.elperuano.pe/dispositivo/NL/2340347-1,20241130
20241103,2340200-1,SUPERINTENDENCIA NACIONAL DE FISCALIZACIÓN LABORAL,RESOLUCION,N° 240-2024-SUNAFIL,Designan Jefe de Unidad de la Unidad de Asuntos Financieros de la Oficina de Administración de la SUNAFIL,https://busquedas.elperuano.pe/dispositivo/NL/2340200-1,20241130
20241103,2339725-1,CONSEJO EJECUTIVO DEL PODER JUDICIAL,RESOLUCION ADMINISTRATIVA,N° 000128-2024-P-CE-PJ,Aceptan renuncia de Jueza Superior titular de la Corte Superior de Justicia de Cajamarca,https://busquedas.elperuano.pe/dispositivo/NL/2339725-1,20241130
20241103,2340336-1,DEFENSORIA DEL PUEBLO,RESOLUCION,N° 046-2024-CE,Nombran Miembro Titular de la Junta Nacional de Justicia,https://busquedas.elperuano.pe/dispositivo/NL/2340336-1,20241130
20241103,2340337-1,DEFENSORIA DEL PUEBLO,RESOLUCION,N° 047-2024-CE,Nombran Miembro Titular de la Junta Nacional de Justicia,https://busquedas.elperuano.pe/dispositivo/NL/2340337-1,20241130
20241103,2340338-1,DEFENSORIA DEL PUEBLO,RESOLUCION,N° 048-2024-CE,Nombran Miembro Titular de la Junta Nacional de Justicia,https://busquedas.elperuano.pe/dispositivo/NL/2340338-1,20241130
20241103,2340339-1,DEFENSORIA DEL PUEBLO,RESOLUCION,N° 049-2024-CE,Nombran Miembro Titular de la Junta Nacional de Justicia,https://busquedas.elperuano.pe/dispositivo/NL/2340339-1,20241130
20241103,2340340-1,DEFENSORIA DEL PUEBLO,RESOLUCION,N° 050-2024-CE,Nombran Miembro Titular de la Junta Nacional de Justicia,https://busquedas.elperuano.pe/dispositivo/NL/2340340-1,20241130
20241103,2340341-1,DEFENSORIA DEL PUEBLO,RESOLUCION,N° 051-2024-CE,Nombran Miembro Titular de la Junta Nacional de Justicia,https://busquedas.elperuano.pe/dispositivo/NL/2340341-1,20241130
20241103,2340342-1,DEFENSORIA DEL PUEBLO,RESOLUCION,N° 052-2024-CE,Nombran Miembro Titular de la Junta Nacional de Justicia,https://busquedas.elperuano.pe/dispositivo/NL/2340342-1,20241130
20241103,2340335-1,MINISTERIO PUBLICO,RESOLUCION,N° 2423-2024-MP-FN,Autorizan transferencia financiera a favor de la Contraloría General de la República,https://busquedas.elperuano.pe/dispositivo/NL/2340335-1,20241130
20241103,2340335-10,MINISTERIO PUBLICO,RESOLUCION,N° 2437-2024-MP-FN,Designan fiscal provincial titular mixto de Oyón y fiscal adjunta provincial titular mixta de Oyón del Distrito Fiscal de Huaura,https://busquedas.elperuano.pe/dispositivo/NL/2340335-10,20241130
20241103,2340335-11,MINISTERIO PUBLICO,RESOLUCION,N° 2438-2024-MP-FN,Aceptan renuncia de fiscal adjunta provincial provisional del Distrito Fiscal de San Martín,https://busquedas.elperuano.pe/dispositivo/NL/2340335-11,20241130
20241103,2340335-12,MINISTERIO PUBLICO,RESOLUCION,N° 2439-2024-MP-FN,Designan fiscal provincial titular penal corporativo de Chiclayo y fiscal adjunta provincial titular mixta corporativa de La Victoria del Distrito Fiscal de Lambayeque,https://busquedas.elperuano.pe/dispositivo/NL/2340335-12,20241130
20241103,2340335-13,MINISTERIO PUBLICO,RESOLUCION,N° 2440-2024-MP-FN,Designan fiscal adjunto superior titular especializado en delitos de lavado de activos de Lima del Distrito Fiscal de Lima Centro,https://busquedas.elperuano.pe/dispositivo/NL/2340335-13,20241130
20241103,2340335-14,MINISTERIO PUBLICO,RESOLUCION,N° 2441-2024-MP-FN,Designan fiscal adjunto provincial titular penal de Lima del Distrito Fiscal de Lima Centro,https://busquedas.elperuano.pe/dispositivo/NL/2340335-14,20241130
20241103,2340335-15,MINISTERIO PUBLICO,RESOLUCION,N° 2442-2024-MP-FN,Designan fiscal provincial titular penal corporativo de Jaén y fiscal adjunto provincial titular penal de Lambayeque del Distrito Fiscal de Lambayeque,https://busquedas.elperuano.pe/dispositivo/NL/2340335-15,20241130
20241103,2340335-16,MINISTERIO PUBLICO,RESOLUCION,N° 2443-2024-MP-FN,Designan fiscal adjunto provincial titular penal de Lima del Distrito Fiscal de Lima Centro,https://busquedas.elperuano.pe/dispositivo/NL/2340335-16,20241130
20241103,2340335-17,MINISTERIO PUBLICO,RESOLUCION,N° 2444-2024-MP-FN,Designan fiscal adjunto provincial titular penal de Lima del Distrito Fiscal de Lima Centro,https://busquedas.elperuano.pe/dispositivo/NL/2340335-17,20241130
20241103,2340335-18,MINISTERIO PUBLICO,RESOLUCION,N° 2445-2024-MP-FN,Designan fiscal provincial titular penal corporativa de San Juan de Lurigancho del Distrito Fiscal de Lima Este,https://busquedas.elperuano.pe/dispositivo/NL/2340335-18,20241130
20241103,2340335-19,MINISTERIO PUBLICO,RESOLUCION,N° 2446-2024-MP-FN,Designan fiscal adjunta provincial titular penal corporativa de Sullana del Distrito Fiscal de Sullana,https://busquedas.elperuano.pe/dispositivo/NL/2340335-19,20241130
20241103,2340335-2,MINISTERIO PUBLICO,RESOLUCION,N° 2429-2024-MP-FN,Designan fiscal adjunto superior titular y fiscal provincial titular de familia del Distrito Fiscal de Arequipa,https://busquedas.elperuano.pe/dispositivo/NL/2340335-2,20241130
20241103,2340335-20,MINISTERIO PUBLICO,RESOLUCION,N° 2447-2024-MP-FN,Designan fiscal adjunto provincial titular penal corporativo de Mariscal Nieto del Distrito Fiscal de Moquegua,https://busquedas.elperuano.pe/dispositivo/NL/2340335-20,20241130
20241103,2340335-21,MINISTERIO PUBLICO,RESOLUCION,N° 2448-2024-MP-FN,Designan fiscal adjunta superior titular penal de Lima y fiscal adjunta provincial titular penal de Lima del Distrito Fiscal de Lima Centro,https://busquedas.elperuano.pe/dispositivo/NL/2340335-21,20241130
20241103,2340335-22,MINISTERIO PUBLICO,RESOLUCION,N° 2449-2024-MP-FN,Designan fiscal provincial titular corporativo especializado en violencia contra las mujeres y los integrantes del grupo familiar de Lima del Distrito Fiscal de Lima Centro,https://busquedas.elperuano.pe/dispositivo/NL/2340335-22,20241130
20241103,2340335-23,MINISTERIO PUBLICO,RESOLUCION,N° 2450-2024-MP-FN,Designan fiscal provincial titular de familia de Lima fiscal provincial titular de familia de Lima y fiscal adjunta provincial titular penal de Lima del Distrito Fiscal de Lima Centro,https://busquedas.elperuano.pe/dispositivo/NL/2340335-23,20241130
20241103,2340335-24,MINISTERIO PUBLICO,RESOLUCION,N° 2451-2024-MP-FN,Designan fiscal provincial titular penal corporativo de Zarumilla y fiscal adjunto provincial titular penal (corporativo) de Tumbes del Distrito Fiscal de Tumbes,https://busquedas.elperuano.pe/dispositivo/NL/2340335-24,20241130
20241103,2340335-25,MINISTERIO PUBLICO,RESOLUCION,N° 2452-2024-MP-FN,Designan fiscal adjunto superior titular especializado en delitos de corrupción de funcionarios de Lima y fiscal adjunto provincial titular especializado en delitos de corrupción de funcionarios de Lima del Distrito Fiscal de Lima Centro,https://busquedas.elperuano.pe/dispositivo/NL/2340335-25,20241130
20241103,2340335-26,MINISTERIO PUBLICO,RESOLUCION,N° 2453-2024-MP-FN,Designan fiscal adjunta superior titular especializada en delitos de corrupción de funcionarios de Lima del Distrito Fiscal de Lima Centro y fiscal adjunta provincial titular especializada en delitos de corrupción de funcionarios (supraprovincial – corporativa) con competencia nacional,https://busquedas.elperuano.pe/dispositivo/NL/2340335-26,20241130
20241103,2340335-27,MINISTERIO PUBLICO,RESOLUCION,N° 2454-2024-MP-FN,Designan fiscal provincial titular corporativo especializado en delitos de corrupción de funcionarios de Lima del Distrito Fiscal de Lima Centro,https://busquedas.elperuano.pe/dispositivo/NL/2340335-27,20241130
20241103,2340335-28,MINISTERIO PUBLICO,RESOLUCION,N° 2455-2024-MP-FN,Designan fiscal adjunto superior titular penal de Cusco del Distrito Fiscal de Cusco y fiscal provincial titular penal corporativa de Chincheros del Distrito Fiscal de Apurímac,https://busquedas.elperuano.pe/dispositivo/NL/2340335-28,20241130
20241103,2340335-29,MINISTERIO PUBLICO,RESOLUCION,N° 2456-2024-MP-FN,Designan fiscal adjunto superior titular penal de Lima y fiscal adjunto provincial titular penal de Lima del Distrito Fiscal de Lima Centro,https://busquedas.elperuano.pe/dispositivo/NL/2340335-29,20241130
20241103,2340335-3,MINISTERIO PUBLICO,RESOLUCION,N° 2430-2024-MP-FN,Designan fiscal superior titular penal de Callería (fiscal superior titular penal de Ucayali) y fiscal provincial titular penal (corporativo) de Yarinacocha del Distrito Fiscal de Ucayali,https://busquedas.elperuano.pe/dispositivo/NL/2340335-3,20241130
20241103,2340335-30,MINISTERIO PUBLICO,RESOLUCION,N° 2457-2024-MP-FN,Aceptan renuncia de fiscal adjunto provincial provisional transitorio del Distrito Fiscal de Lima Sur,https://busquedas.elperuano.pe/dispositivo/NL/2340335-30,20241130
20241103,2340335-31,MINISTERIO PUBLICO,RESOLUCION,N° 2458-2024-MP-FN,Dan por concluido nombramiento de fiscal adjunto provincial provisional del Distrito Fiscal de Huánuco,https://busquedas.elperuano.pe/dispositivo/NL/2340335-31,20241130
20241103,2340335-32,MINISTERIO PUBLICO,RESOLUCION,N° 2459-2024-MP-FN,Designan fiscal adjunto provincial titular penal corporativo de Huánuco del Distrito Fiscal de Huánuco,https://busquedas.elperuano.pe/dispositivo/NL/2340335-32,20241130
20241103,2340335-33,MINISTERIO PUBLICO,RESOLUCION,N° 2460-2024-MP-FN,Designan fiscal adjunto provincial titular penal corporativo de Mariano Melgar del Distrito Fiscal de Arequipa,https://busquedas.elperuano.pe/dispositivo/NL/2340335-33,20241130
20241103,2340335-34,MINISTERIO PUBLICO,RESOLUCION,N° 2461-2024-MP-FN,Designan fiscal adjunto provincial titular penal corporativo de Jacobo de Hunter del Distrito Fiscal de Arequipa,https://busquedas.elperuano.pe/dispositivo/NL/2340335-34,20241130
20241103,2340335-35,MINISTERIO PUBLICO,RESOLUCION,N° 2462-2024-MP-FN,Designan fiscal adjunto provincial titular especializado en delitos de corrupción de funcionarios (sede Bagua) de Amazonas del Distrito Fiscal de Amazonas,https://busquedas.elperuano.pe/dispositivo/NL/2340335-35,20241130
20241103,2340335-36,MINISTERIO PUBLICO,RESOLUCION,N° 2463-2024-MP-FN,Designan fiscal adjunta provincial titular penal de Lima del Distrito Fiscal de Lima Centro,https://busquedas.elperuano.pe/dispositivo/NL/2340335-36,20241130
20241103,2340335-37,MINISTERIO PUBLICO,RESOLUCION,N° 2464-2024-MP-FN,Designan fiscal adjunta provincial titular penal de Lima del Distrito Fiscal de Lima Centro,https://busquedas.elperuano.pe/dispositivo/NL/2340335-37,20241130
20241103,2340335-38,MINISTERIO PUBLICO,RESOLUCION,N° 2465-2024-MP-FN,Designan fiscal provincial titular de familia especializada en prevención de violencia de género y personas en condición de vulnerabilidad de Lima del Distrito Fiscal de Lima Centro,https://busquedas.elperuano.pe/dispositivo/NL/2340335-38,20241130
20241103,2340335-39,MINISTERIO PUBLICO,RESOLUCION,N° 2466-2024-MP-FN,Designan fiscal provincial titular de familia de Chota y fiscal adjunta provincial titular civil y familia de Chota del Distrito Fiscal de Cajamarca,https://busquedas.elperuano.pe/dispositivo/NL/2340335-39,20241130
20241103,2340335-4,MINISTERIO PUBLICO,RESOLUCION,N° 2431-2024-MP-FN,Aceptan renuncia de fiscal adjunto provincial provisional del Distrito Fiscal de Ica,https://busquedas.elperuano.pe/dispositivo/NL/2340335-4,20241130
20241103,2340335-40,MINISTERIO PUBLICO,RESOLUCION,N° 2467-2024-MP-FN,Nombran fiscales adjuntas provinciales provisionales transitorias del Distrito Fiscal de Lima Centro,https://busquedas.elperuano.pe/dispositivo/NL/2340335-40,20241130
20241103,2340335-5,MINISTERIO PUBLICO,RESOLUCION,N° 2432-2024-MP-FN,Designan fiscal provincial titular penal corporativa y fiscal adjunta provincial titular penal (corporativa) del Distrito Fiscal de Ica,https://busquedas.elperuano.pe/dispositivo/NL/2340335-5,20241130
20241103,2340335-6,MINISTERIO PUBLICO,RESOLUCION,N° 2433-2024-MP-FN,Designan fiscal adjunto provincial titular especializado en delitos de corrupción de funcionarios de San Martín – Tarapoto del Distrito Fiscal de San Martín,https://busquedas.elperuano.pe/dispositivo/NL/2340335-6,20241130
20241103,2340335-7,MINISTERIO PUBLICO,RESOLUCION,N° 2434-2024-MP-FN,Designan fiscal provincial titular de familia de Paruro del Distrito Fiscal de Cusco,https://busquedas.elperuano.pe/dispositivo/NL/2340335-7,20241130
20241103,2340335-8,MINISTERIO PUBLICO,RESOLUCION,N° 2435-2024-MP-FN,Designan fiscal provincial titular de familia de Pachitea del Distrito Fiscal de Huánuco,https://busquedas.elperuano.pe/dispositivo/NL/2340335-8,20241130
20241103,2340335-9,MINISTERIO PUBLICO,RESOLUCION,N° 2436-2024-MP-FN,Designan fiscal provincial titular mixto de Yonán – Tembladera y fiscal adjunto provincial titular penal (corporativo) de Cajamarca del Distrito Fiscal de Cajamarca,https://busquedas.elperuano.pe/dispositivo/NL/2340335-9,20241130
20241103,2339942-1,GOBIERNO REGIONAL DE SAN MARTIN,ORDENANZA,N° 013-2024-GRSM/CR,Aprueban la Política Ambiental y Climática Regional de San Martín al 2030,https://busquedas.elperuano.pe/dispositivo/NL/2339942-1,20241130
20241102,2340327-1,CONGRESO DE LA REPUBLICA,RESOLUCION LEGISLATIVA,N° 32151,Resolución Legislativa que autoriza el ingreso de personal militar extranjero con armas de guerra y equipo transeúnte al territorio de la República del Perú,https://busquedas.elperuano.pe/dispositivo/NL/2340327-1,20241130
20241102,2340327-2,CONGRESO DE LA REPUBLICA,RESOLUCION LEGISLATIVA,N° 32152,Resolución Legislativa que autoriza el ingreso y tránsito de una unidad naval y de personal militar extranjero con armas de guerra al territorio de la República del Perú,https://busquedas.elperuano.pe/dispositivo/NL/2340327-2,20241130
20241102,2340043-1,CONGRESO DE LA REPUBLICA,RESOLUCION LEGISLATIVA,N° 006-2024-2025-CR,Resolución Legislativa del Congreso por la que se aprueba la Agenda Legislativa para el Período Anual de Sesiones 2024-2025,https://busquedas.elperuano.pe/dispositivo/NL/2340043-1,20241130
20241102,2340174-1,CULTURA,RESOLUCION VICE MINISTERIAL,N° 000322-2024-VMPCIC/MC,Declaran Patrimonio Cultural de la Nación a doscientos veinte bienes culturales muebles de propiedad de la Municipalidad Provincial de Piura,https://busquedas.elperuano.pe/dispositivo/NL/2340174-1,20241130
20241102,2340235-1,CULTURA,RESOLUCION VICE MINISTERIAL,N° 000323-2024-VMPCIC/MC,Declaran Patrimonio Cultural de la Nación la Serie Administrativo de la sección Juzgado Privativo de Aguas del fondo Cabildo de Lima (1615-1823) que se custodia en el Archivo General de la Nación,https://busquedas.elperuano.pe/dispositivo/NL/2340235-1,20241130
20241102,2340244-1,CULTURA,RESOLUCION VICE MINISTERIAL,N° 000324-2024-VMPCIC/MC,Declaran Patrimonio Cultural de la Nación el Primer Libro de Actas de Evaluación del Ministerio de Educación Lima 1887 – 1906 perteneciente a la sección Consejo Superior de Instrucción Pública del fondo Ministerio de Justicia Culto Beneficencia e Instrucción Pública del Archivo Central del Ministerio de Educación,https://busquedas.elperuano.pe/dispositivo/NL/2340244-1,20241130
20241102,2340333-1,DEFENSA,RESOLUCION MINISTERIAL,N° 01240-2024-DE,Autorizan viaje de personal militar de la Fuerza Aérea del Perú a la República de Corea y EE.UU. en comisión de servicios,https://busquedas.elperuano.pe/dispositivo/NL/2340333-1,20241130
20241102,2340300-1,DEFENSA,RESOLUCION MINISTERIAL,N° 01228-2024-DE,Autorizan viaje de oficial de la Marina de Guerra del Perú a Italia en comisión de servicios,https://busquedas.elperuano.pe/dispositivo/NL/2340300-1,20241130
20241102,2340141-1,ECONOMIA Y FINANZAS,RESOLUCION,N° 004-2024-EF/30,Aprueban la Norma Internacional de Información Financiera – NIIF 19 Subsidiarias sin obligación pública de rendir cuentas: Información a revelar,https://busquedas.elperuano.pe/dispositivo/NL/2340141-1,20241130
20241102,2340290-1,JUSTICIA Y DERECHOS HUMANOS,RESOLUCION MINISTERIAL,N° 0278-2024-JUS,Disponen la publicación de la propuesta de Clasificación Anticipada de los proyectos que presentan características comunes o similares del Sector Justicia y Derechos Humanos del Listado de inclusión de proyectos de inversión sujetos al Sistema Nacional de Evaluación de Impacto Ambiental el Decreto Supremo que lo aprobaría y la Exposición de Motivos que lo sustenta,https://busquedas.elperuano.pe/dispositivo/NL/2340290-1,20241130
20241102,2340294-1,JUSTICIA Y DERECHOS HUMANOS,RESOLUCION MINISTERIAL,N° 0279-2024-JUS,Cancelan el título de notario del distrito de Nuevo Chimbote provincia de Santa departamento de Ancash del Distrito Notarial de Ancash,https://busquedas.elperuano.pe/dispositivo/NL/2340294-1,20241130
20241102,2340297-1,JUSTICIA Y DERECHOS HUMANOS,RESOLUCION MINISTERIAL,N° 0280-2024-JUS,Crean el Grupo de Trabajo Multisectorial de naturaleza temporal para la mejora y actualización de la normativa que regula la casación,https://busquedas.elperuano.pe/dispositivo/NL/2340297-1,20241130
20241102,2340332-1,MUJER Y POBLACIONES VULNERABLES,RESOLUCION MINISTERIAL,N° 340-2024-MIMP,Designan Director General de la Oficina General de Planeamiento Presupuesto y Modernización,https://busquedas.elperuano.pe/dispositivo/NL/2340332-1,20241130
20241102,2340332-2,MUJER Y POBLACIONES VULNERABLES,RESOLUCION MINISTERIAL,N° 341-2024-MIMP,Designan Directora II de la Oficina de Presupuesto de la Oficina General de Planeamiento Presupuesto y Modernización,https://busquedas.elperuano.pe/dispositivo/NL/2340332-2,20241130
20241102,2340332-3,MUJER Y POBLACIONES VULNERABLES,RESOLUCION MINISTERIAL,N° 342-2024-MIMP,Designan Directora Ejecutiva del Programa Integral Nacional para el Bienestar Familiar - INABIF,https://busquedas.elperuano.pe/dispositivo/NL/2340332-3,20241130
20241102,2340332-4,MUJER Y POBLACIONES VULNERABLES,RESOLUCION MINISTERIAL,N° 346-2024-MIMP,Modifican la Resolución Ministerial N° 342-2012-MIMP que constituye Grupo de Trabajo para la Gestión del Riesgo de Desastres,https://busquedas.elperuano.pe/dispositivo/NL/2340332-4,20241130
20241102,2340324-1,SALUD,RESOLUCION MINISTERIAL,N° 760-2024/MINSA,Designan Jefe de Equipo II del Despacho Ministerial,https://busquedas.elperuano.pe/dispositivo/NL/2340324-1,20241130
20241102,2340326-1,SALUD,RESOLUCION MINISTERIAL,N° 762-2024/MINSA,Autorizan viaje de profesional de la Dirección General de Medicamentos Insumos y Drogas a Canadá en comisión de servicios,https://busquedas.elperuano.pe/dispositivo/NL/2340326-1,20241130
20241102,2340328-1,SALUD,RESOLUCION MINISTERIAL,N° 763-2024/MINSA,Autorizan viaje de Director Ejecutivo de la Dirección de Inspección y Certificación de la DIGEMID a Brasil en comisión de servicios,https://busquedas.elperuano.pe/dispositivo/NL/2340328-1,20241130
20241102,2340329-1,SALUD,RESOLUCION MINISTERIAL,N° 764-2024/MINSA,Aprueban el Documento Técnico: Plan Piloto de implementación de la vacunación contra el dengue en las Regiones Tumbes Piura Loreto y Ucayali para los años 2024-2025,https://busquedas.elperuano.pe/dispositivo/NL/2340329-1,20241130
20241102,2340331-1,SALUD,RESOLUCION MINISTERIAL,N° 761-2024/MINSA,Designan Jefe de Equipo II de la Oficina de Abastecimiento de la Oficina General de Administración,https://busquedas.elperuano.pe/dispositivo/NL/2340331-1,20241130
20241102,2340318-1,TRABAJO Y PROMOCION DEL EMPLEO,RESOLUCION MINISTERIAL,N° 000176-2024-TR,Aprueban transferencia financiera del Programa de Empleo Temporal Llamkasun Perú a favor de organismos ejecutores del sector público,https://busquedas.elperuano.pe/dispositivo/NL/2340318-1,20241130
20241102,2340148-1,TRANSPORTES Y COMUNICACIONES,RESOLUCION DIRECTORAL,N° 26-2024-MTC/18,Aprueban la actualización del Manual de Dispositivos de Control de Transito Automotor,https://busquedas.elperuano.pe/dispositivo/NL/2340148-1,20241130
20241102,2340102-1,TRANSPORTES Y COMUNICACIONES,RESOLUCION MINISTERIAL,N° 633-2024-MTC/01.02,Aprueban ejecución de expropiación de área afectada de inmueble para la ejecución del proyecto: Tramo vial Desvío Quilca – Desvío Arequipa (Repartición) – Desvío Matarani – Desvío Moquegua; Desvío Ilo – Tacna – La Concordia y el valor de la Tasación,https://busquedas.elperuano.pe/dispositivo/NL/2340102-1,20241130
20241102,2340105-1,TRANSPORTES Y COMUNICACIONES,RESOLUCION MINISTERIAL,N° 634-2024-MTC/01.02,Dejan sin efecto la Resolución Ministerial N° 203-2024-MTC/01.02 que aprueba la ejecución de la Expropiación y el valor de la Tasación de inmueble para la ejecución de la obra: Aeropuerto de Jauja de la Región Junín,https://busquedas.elperuano.pe/dispositivo/NL/2340105-1,20241130
20241102,2340114-1,TRANSPORTES Y COMUNICACIONES,RESOLUCION MINISTERIAL,N° 635-2024-MTC/01.02,Aprueban la ejecución de expropiación de área afectada de inmueble para la ejecución de la obra: Tramos viales del eje multimodal del Amazonas Norte del Plan de acción para la integración de infraestructura regional sudamericana – IIRSA y el valor de la Tasación,https://busquedas.elperuano.pe/dispositivo/NL/2340114-1,20241130
20241102,2340320-1,BIBLIOTECA NACIONAL DEL PERU,RESOLUCION,N° 000087-2024-BNP-GG,Aprueban el Reglamento de los Servicios Bibliotecarios de la Gran Biblioteca Pública de Lima y Estaciones de Bibliotecas Públicas,https://busquedas.elperuano.pe/dispositivo/NL/2340320-1,20241130
20241102,2340312-1,AUTORIDAD PORTUARIA NACIONAL,RESOLUCION,N° 0088-2024-APN-DIR,Otorgan a favor de la empresa COSCO SHIPPING Port Chancay Perú S.A. la Segunda Modificación de la Habilitación Portuaria de la nueva Etapa 1 del proyecto Terminal Portuario Multipropósito de Chancay ubicado en el distrito de Chancay provincia de Huaral región Lima,https://busquedas.elperuano.pe/dispositivo/NL/2340312-1,20241130
20241102,2340241-1,SUPERINTENDENCIA NACIONAL DE MIGRACIONES,RESOLUCION,N° 000193-2024-GG-MIGRACIONES,Aprueban el Manual de Clasificador de Cargos de la Superintendencia Nacional de Migraciones,https://busquedas.elperuano.pe/dispositivo/NL/2340241-1,20241130
20241102,2334663-1,BANCO CENTRAL DE RESERVA,RESOLUCION,N° 0053-2024-BCRP-N,Autorizan misión en el exterior de funcionario del BCRP para participar en evento a realizarse en México,https://busquedas.elperuano.pe/dispositivo/NL/2334663-1,20241130
20241102,2339456-1,INSTITUCIONES EDUCATIVAS,RESOLUCION,N° 885-2024-R,Autorizan viaje de docentes de la Universidad Nacional Pedro Ruiz Gallo a la República de Chile en comisión de servicios,https://busquedas.elperuano.pe/dispositivo/NL/2339456-1,20241130
20241102,2338969-1,MUNICIPALIDAD DE SANTA ROSA,DECRETO DE ALCALDIA,N° 009-2024/MDSR,Prorrogan plazo de vigencia de la Ordenanza N° 566/MDSR denominada Ordenanza que otorga beneficios tributarios Con tu pago Construimos el Futuro,https://busquedas.elperuano.pe/dispositivo/NL/2338969-1,20241130
20241102,2340189-1,MUNICIPALIDAD PROVINCIAL DEL CUSCO,RESOLUCION,N° 7336-2024-GTVT/MPC,Disponen la publicación de Resoluciones de Gerencia de Sanción en aplicación de los principios de eficacia del acto administrativo y la potestad sancionadora del estado,https://busquedas.elperuano.pe/dispositivo/NL/2340189-1,20241130
20241102,2340260-1,ORGANISMO SUPERVISOR DE LA INVERSIÓN EN INFRAESTRUCTURA DE TRANSPORTE DE USO PÚBLICO,RESOLUCION,N° 0069-2024-PD-OSITRAN,Aprueban informe y disponen la publicación de Proyecto de resolución que aprueba la propuesta de Fijación Tarifaria de los Servicios Especiales Depósito Temporal Fluvial – Contenedores y Depósito Temporal Fluvial – Carga Fraccionada en el Nuevo Terminal Portuario de Yurimaguas – Nueva Reforma,https://busquedas.elperuano.pe/dispositivo/NL/2340260-1,20241130
20241101,2340284-1,PRESIDENCIA DEL CONSEJO DE MINISTROS,RESOLUCION JEFATURAL,N° 00120-2024-ANIN-JEF,Designan Asesor de la Gerencia General de la Autoridad Nacional de Infraestructura,https://busquedas.elperuano.pe/dispositivo/NL/2340284-1,20241130
20241101,2340305-1,PRESIDENCIA DEL CONSEJO DE MINISTROS,RESOLUCION MINISTERIAL,N° 292-2024-PCM,Autorizan viaje de servidora del CONCYTEC para participar en evento que se realizará en Colombia,https://busquedas.elperuano.pe/dispositivo/NL/2340305-1,20241130
20241101,2340305-2,PRESIDENCIA DEL CONSEJO DE MINISTROS,RESOLUCION MINISTERIAL,N° 293-2024-PCM,Designan Subsecretario I de la Subsecretaría de Seguimiento y Gestión de Compromisos de la Secretaría de Gestión Social y Diálogo,https://busquedas.elperuano.pe/dispositivo/NL/2340305-2,20241130
20241101,2340304-1,PRESIDENCIA DEL CONSEJO DE MINISTROS,RESOLUCION SUPREMA,N° 227-2024-PCM,Autorizan viaje de Ministra de la Mujer y Poblaciones Vulnerables a Colombia y encargan su Despacho al Ministro de Transportes y Comunicaciones,https://busquedas.elperuano.pe/dispositivo/NL/2340304-1,20241130
20241101,2340304-2,PRESIDENCIA DEL CONSEJO DE MINISTROS,RESOLUCION SUPREMA,N° 228-2024-PCM,Designan Vocal de la Sala Especializada en Procedimientos Concursales del Tribunal de Defensa de la Competencia y de la Protección de la Propiedad Intelectual del INDECOPI,https://busquedas.elperuano.pe/dispositivo/NL/2340304-2,20241130
20241101,2340304-3,PRESIDENCIA DEL CONSEJO DE MINISTROS,RESOLUCION SUPREMA,N° 229-2024-PCM,Designan Vocal de la Sala Especializada en Protección al Consumidor del Tribunal de Defensa de la Competencia y de la Protección de la Propiedad Intelectual del INDECOPI,https://busquedas.elperuano.pe/dispositivo/NL/2340304-3,20241130
20241101,2340323-1,AMBIENTE,DECRETO SUPREMO,N° 009-2024-MINAM,Decreto Supremo que declara en modernización y reorganización el Servicio Nacional de Certificación Ambiental para las Inversiones Sostenibles - SENACE y crea la Comisión Reorganizadora,https://busquedas.elperuano.pe/dispositivo/NL/2340323-1,20241130
20241101,2340315-1,COMERCIO EXTERIOR Y TURISMO,RESOLUCION MINISTERIAL,N° 334-2024-MINCETUR,Delegan a la Cámara de Comercio y Producción de Piura la facultad de emisión de certificados de origen de las mercancías producidas a nivel nacional,https://busquedas.elperuano.pe/dispositivo/NL/2340315-1,20241130
20241101,2340316-1,COMERCIO EXTERIOR Y TURISMO,RESOLUCION MINISTERIAL,N° 335-2024-MINCETUR,Delegan a la Cámara Chinchana de Comercio Industria Turismo Servicios y Agricultura la facultad de emisión de certificados de origen de las mercancías producidas a nivel nacional,https://busquedas.elperuano.pe/dispositivo/NL/2340316-1,20241130
20241101,2340317-1,COMERCIO EXTERIOR Y TURISMO,RESOLUCION MINISTERIAL,N° 338-2024-MINCETUR,Autorizan viaje de representantes del MINCETUR a Panamá en comisión de servicios,https://busquedas.elperuano.pe/dispositivo/NL/2340317-1,20241130
20241101,2339826-1,COMERCIO EXTERIOR Y TURISMO,RESOLUCION MINISTERIAL,N° 328-2024-MINCETUR,Autorizan viaje de Viceministra de Turismo a Colombia en comisión de servicios,https://busquedas.elperuano.pe/dispositivo/NL/2339826-1,20241130
20241101,2339979-1,COMERCIO EXTERIOR Y TURISMO,RESOLUCION MINISTERIAL,N° 329-2024-MINCETUR,Autorizan viaje de representante de PROMPERÚ al Reino Unido de Gran Bretaña e Irlanda del Norte en comisión de servicios,https://busquedas.elperuano.pe/dispositivo/NL/2339979-1,20241130
20241101,2339989-1,COMERCIO EXTERIOR Y TURISMO,RESOLUCION MINISTERIAL,N° 332-2024-MINCETUR,Autorizan viaje de representante de PROMPERÚ a México en comisión de servicios,https://busquedas.elperuano.pe/dispositivo/NL/2339989-1,20241130
20241101,2340000-1,COMERCIO EXTERIOR Y TURISMO,RESOLUCION MINISTERIAL,N° 333-2024-MINCETUR,Delegan en el/la Director/a Ejecutivo/a de la Dirección Ejecutiva - Plan COPESCO Nacional durante el Ejercicio Fiscal 2024 la facultad de designar a titulares y suplentes del manejo de las cuentas bancarias,https://busquedas.elperuano.pe/dispositivo/NL/2340000-1,20241130
20241101,2339457-1,CULTURA,RESOLUCION DIRECTORAL,N° 000161-2024-DGPA-VMPCIC/MC,Determinan la Protección Provisional del Sitio Arqueológico Villa San Juan ubicado en el distrito de Jayanca provincia y departamento de Lambayeque,https://busquedas.elperuano.pe/dispositivo/NL/2339457-1,20241130
20241101,2340314-1,CULTURA,RESOLUCION MINISTERIAL,N° 000404-2024-MC,Establecen la máxima capacidad de carga para las visitas a la Llaqta o ciudad Inka de Machupicchu en el año 2025,https://busquedas.elperuano.pe/dispositivo/NL/2340314-1,20241130
20241101,2339647-1,CULTURA,RESOLUCION VICE MINISTERIAL,N° 000320-2024-VMPCIC/MC,Declaran Patrimonio Cultural de la Nación a ciento noventa y siete bienes culturales muebles de propiedad de la Universidad Nacional Intercultural de la Amazonía,https://busquedas.elperuano.pe/dispositivo/NL/2339647-1,20241130
20241101,2339212-1,DEFENSA,RESOLUCION MINISTERIAL,N° 01207-2024-DE,Autorizan viaje de personal militar de la Marina de Guerra del Perú a Estados Unidos de América en misión de estudios,https://busquedas.elperuano.pe/dispositivo/NL/2339212-1,20241130
20241101,2340293-1,DEFENSA,RESOLUCION MINISTERIAL,N° 01229-2024-DE,Autorizan viaje de personal naval a Brasil en comisión de servicios,https://busquedas.elperuano.pe/dispositivo/NL/2340293-1,20241130
20241101,2340064-1,DEFENSA,RESOLUCION MINISTERIAL,N° 01224-2024-DE,Autorizan viaje de oficiales de la Fuerza Aérea del Perú a la República de Corea en comisión de servicios,https://busquedas.elperuano.pe/dispositivo/NL/2340064-1,20241130
20241101,2340171-1,DESARROLLO AGRARIO Y RIEGO,RESOLUCION JEFATURAL,N° 0196-2024-INIA,Autorizan transferencia Financiera del Instituto Nacional de Innovación Agraria a favor de la Contraloría General de la República,https://busquedas.elperuano.pe/dispositivo/NL/2340171-1,20241130
20241101,2340273-1,EDUCACION,RESOLUCION DIRECTORAL,N° 01366-2024-DRELM,Designan Jefe de la Unidad de Recursos Humanos de la Dirección Regional de Educación de Lima Metropolitana,https://busquedas.elperuano.pe/dispositivo/NL/2340273-1,20241130
20241101,2340277-1,EDUCACION,RESOLUCION DIRECTORAL,N° 01426-2024-DRELM,Designan Jefe de la Oficina de Asesoría Jurídica de la Dirección Regional de Educación de Lima Metropolitana,https://busquedas.elperuano.pe/dispositivo/NL/2340277-1,20241130
20241101,2340295-1,EDUCACION,RESOLUCION VICE MINISTERIAL,N° 127-2024-MINEDU,Aprueban norma técnica denominada Norma que regula la evaluación del desempeño en el cargo de Especialista en Educación de las Direcciones Regionales de Educación y Unidades de Gestión Educativa Local – 2024 en el marco de la Carrera Pública Magisterial de la Ley N° 29944 Ley de Reforma Magisterial,https://busquedas.elperuano.pe/dispositivo/NL/2340295-1,20241130
20241101,2340170-1,EDUCACION,RESOLUCION VICE MINISTERIAL,N° 126-2024-MINEDU,Aprueban Medidas frente a riesgos y amenazas externas que comprometen la seguridad en Instituciones Educativas ubicadas en zonas urbanas,https://busquedas.elperuano.pe/dispositivo/NL/2340170-1,20241130
20241101,2340154-1,RELACIONES EXTERIORES,RESOLUCION MINISTERIAL,N° 0827-2024-RE,Autorizan viaje de Director para Asuntos Sociales de la Dirección General para Asuntos Multilaterales y Globales a la Confederación Suiza en comisión de servicios,https://busquedas.elperuano.pe/dispositivo/NL/2340154-1,20241130
20241101,2339890-1,SALUD,RESOLUCION MINISTERIAL,N° 754-2024/MINSA,Designan Director General de la Dirección General de Telesalud Referencia y Urgencias,https://busquedas.elperuano.pe/dispositivo/NL/2339890-1,20241130
20241101,2339910-1,SALUD,RESOLUCION MINISTERIAL,N° 755-2024/MINSA,Designan Director Ejecutivo de la Dirección de Infosalud de la Dirección General de Telesalud Referencia y Urgencias,https://busquedas.elperuano.pe/dispositivo/NL/2339910-1,20241130
20241101,2340134-1,TRANSPORTES Y COMUNICACIONES,RESOLUCION DIRECTORAL,N° 025-2024-MTC/18,Modifican el Manual de Inspecciones Técnicas Vehiculares la Tabla de Interpretación de Defectos de Inspecciones Técnicas Vehiculares y los Formatos de la Certificación Técnica Vehicular Complementaria a fin de incluir en su ámbito de aplicación a los vehículos destinados al Servicio Temporal de Transporte Terrestre de Pasajeros en Automóvil Colectivo,https://busquedas.elperuano.pe/dispositivo/NL/2340134-1,20241130
20241101,2340299-1,"VIVIENDA, CONSTRUCCIÓN Y SANEAMIENTO",RESOLUCION MINISTERIAL,N° 417-2024-VIVIENDA,Disponen publicación del proyecto de Decreto Supremo que aprueba el Reglamento del Decreto Legislativo N° 1595 Decreto Legislativo de regularización del derecho de propiedad de las características físicas de los predios urbanos de habilitaciones urbanas y de edificaciones del texto del citado proyecto de Reglamento y de la Exposición de Motivos que lo sustenta,https://busquedas.elperuano.pe/dispositivo/NL/2340299-1,20241130
20241101,2340167-1,"VIVIENDA, CONSTRUCCIÓN Y SANEAMIENTO",RESOLUCION VICE MINISTERIAL,N° 13-2024-VIVIENDA/VMCS,Designan Director Titular y Director Suplente ante el Directorio de la EPS SEDAM HUANCAYO S.A.,https://busquedas.elperuano.pe/dispositivo/NL/2340167-1,20241130
20241101,2339848-1,BIBLIOTECA NACIONAL DEL PERU,RESOLUCION JEFATURAL,N° 000177-2024-BNP,Designan Jefa de la Oficina de Comunicaciones,https://busquedas.elperuano.pe/dispositivo/NL/2339848-1,20241130
20241101,2339851-1,BIBLIOTECA NACIONAL DEL PERU,RESOLUCION JEFATURAL,N° 000178-2024-BNP,Designan Coordinadora de Gestión Cultural Investigaciones y Ediciones de la Dirección del Acceso y Promoción de la Información,https://busquedas.elperuano.pe/dispositivo/NL/2339851-1,20241130
20241101,2340142-1,COMISION NACIONAL PARA EL DESARROLLO Y VIDA SIN DROGAS,RESOLUCION,N° 000197-2024-DV-PE,Autorizan transferencia financiera a favor de la Contraloría General de la República,https://busquedas.elperuano.pe/dispositivo/NL/2340142-1,20241130
20241101,2339718-1,ORGANISMO DE SUPERVISION DE LOS RECURSOS FORESTALES Y DE FAUNA SILVESTRE,RESOLUCION JEFATURAL,N° 00053-2024-OSINFOR/01.1,Autorizan transferencia financiera a favor de la Contraloría General de la República,https://busquedas.elperuano.pe/dispositivo/NL/2339718-1,20241130
20241101,2340040-1,SEGURO INTEGRAL DE SALUD,RESOLUCION JEFATURAL,N° 000157-2024-SIS/J,Designan Asesor de la Jefatura del Seguro Integral de Salud,https://busquedas.elperuano.pe/dispositivo/NL/2340040-1,20241130
20241101,2340322-1,AUTORIDAD NACIONAL DEL AGUA,RESOLUCION JEFATURAL,N° 0429-2024-ANA,Declaran veda de recursos hídricos proveniente de las unidades hidrográficas de Chira y Piura,https://busquedas.elperuano.pe/dispositivo/NL/2340322-1,20241130
20241101,2339842-1,"CONSEJO NACIONAL DE CIENCIA, TECNOLOGÍA E INNOVACIÓN TECNOLÓGICA",RESOLUCION,N° 134-2024-CONCYTEC-P,Aprueban transferencias financieras a entidades públicas y el otorgamiento de subvenciones a personas jurídicas privadas,https://busquedas.elperuano.pe/dispositivo/NL/2339842-1,20241130
20241101,2339447-1,INSTITUTO NACIONAL DE DEFENSA DE LA COMPETENCIA Y DE LA PROTECCION DE LA PROPIEDAD INTELECTUAL,RESOLUCION,N° 000157-2024-GEG/INDECOPI,Designan Asesora de la Gerencia General del INDECOPI,https://busquedas.elperuano.pe/dispositivo/NL/2339447-1,20241130
20241101,2340218-1,INSTITUTO NACIONAL DE ESTADISTICA E INFORMATICA,RESOLUCION JEFATURAL,N° 256-2024-INEI,Aprueban Índices de Precios al Consumidor a Nivel Nacional y de Lima Metropolitana correspondientes al mes de octubre de 2024,https://busquedas.elperuano.pe/dispositivo/NL/2340218-1,20241130
20241101,2340221-1,INSTITUTO NACIONAL DE ESTADISTICA E INFORMATICA,RESOLUCION JEFATURAL,N° 257-2024-INEI,Aprueban el Índice de Precios al Por Mayor a Nivel Nacional correspondiente al mes de octubre de 2024,https://busquedas.elperuano.pe/dispositivo/NL/2340221-1,20241130
20241101,2339411-1,SUPERINTENDENCIA NACIONAL DE ADUANAS Y DE ADMINISTRACIÓN TRIBUTARIA,RESOLUCION,N° 000220-2024/SUNAT,Autorizan viaje de servidor de la SUNAT para participar en evento a realizarse en la República de Sudáfrica,https://busquedas.elperuano.pe/dispositivo/NL/2339411-1,20241130
20241101,2340217-1,SUPERINTENDENCIA NACIONAL DE FISCALIZACIÓN LABORAL,RESOLUCION,N° 243-2024-SUNAFIL,Designan Intendente Regional de la Intendencia Regional de Ica de la SUNAFIL,https://busquedas.elperuano.pe/dispositivo/NL/2340217-1,20241130
20241101,2340163-1,SUPERINTENDENCIA NACIONAL DE FISCALIZACIÓN LABORAL,RESOLUCION,N° 241-2024-SUNAFIL,Designan Jefe de Oficina de la Oficina de Planeamiento y Presupuesto de la SUNAFIL,https://busquedas.elperuano.pe/dispositivo/NL/2340163-1,20241130
20241101,2340228-1,SUPERINTENDENCIA NACIONAL DE LOS REGISTROS PUBLICOS,RESOLUCION,N° 00163-2024-SUNARP/SN,Aprueban la implementación y desarrollo de la Plataforma IA SUNARP JULIO,https://busquedas.elperuano.pe/dispositivo/NL/2340228-1,20241130
20241101,2340169-1,CONSEJO EJECUTIVO DEL PODER JUDICIAL,RESOLUCION ADMINISTRATIVA,N° 000351-2024-CE-PJ,Declaran fundada solicitud de permuta y disponen el traslado de jueces de los Distritos Judiciales de Piura y Sullana,https://busquedas.elperuano.pe/dispositivo/NL/2340169-1,20241130
20241101,2340156-1,CONSEJO EJECUTIVO DEL PODER JUDICIAL,RESOLUCION ADMINISTRATIVA,N° 000137-2024-P-CE-PJ,Autorizan viaje de servidores para apoyar en la traducción durante el desarrollo de un curso que se realizará en la India,https://busquedas.elperuano.pe/dispositivo/NL/2340156-1,20241130
20241101,2340147-1,CONSEJO EJECUTIVO DEL PODER JUDICIAL,RESOLUCION ADMINISTRATIVA,N° 000136-2024-P-CE-PJ,Autorizan viaje de jueces titulares y provisionales de la Corte Suprema de Justicia de la República para participar en un curso que se realizará en la India,https://busquedas.elperuano.pe/dispositivo/NL/2340147-1,20241130
20241101,2340172-1,CONSEJO EJECUTIVO DEL PODER JUDICIAL,RESOLUCION ADMINISTRATIVA,N° 000369-2024-CE-PJ,Disponen la creación de las Unidades Pilotos de Flagrancia Delictiva en las Cortes Superiores de Justicia de Ucayali Amazonas San Martín Puno Apurímac y Moquegua y dictan otras disposiciones,https://busquedas.elperuano.pe/dispositivo/NL/2340172-1,20241130
20241101,2340173-1,CONSEJO EJECUTIVO DEL PODER JUDICIAL,RESOLUCION ADMINISTRATIVA,N° 000370-2024-CE-PJ,Disponen diversas medidas administrativas en la Corte Superior de Justicia del Callao,https://busquedas.elperuano.pe/dispositivo/NL/2340173-1,20241130
20241101,2340177-1,CONSEJO EJECUTIVO DEL PODER JUDICIAL,RESOLUCION ADMINISTRATIVA,N° 000371-2024-CE-PJ,Prorrogan el funcionamiento de órganos jurisdiccionales para el apoyo en la descarga correspondiente en diversas Cortes Superiores de Justicia y dictan otras disposiciones,https://busquedas.elperuano.pe/dispositivo/NL/2340177-1,20241130
20241101,2340178-1,CONSEJO EJECUTIVO DEL PODER JUDICIAL,RESOLUCION ADMINISTRATIVA,N° 000372-2024-CE-PJ,Prorrogan el funcionamiento de órganos jurisdiccionales transitorios en diversos distritos judiciales y dictan otras disposiciones,https://busquedas.elperuano.pe/dispositivo/NL/2340178-1,20241130
20241101,2337686-1,INSTITUCIONES EDUCATIVAS,RESOLUCION,N° 233-2024-UNAM-CO/P,Aprueban el Manual de Clasificador de Cargos de la Universidad Nacional de Moquegua,https://busquedas.elperuano.pe/dispositivo/NL/2337686-1,20241130
20241101,2337949-1,INSTITUCIONES EDUCATIVAS,RESOLUCION,N° 382-2024-UNAJMA/CU,Autorizan viaje de docentes de la Universidad Nacional José María Arguedas para participar en evento sobre ingeniería agroindustrial que se realizará en Brasil,https://busquedas.elperuano.pe/dispositivo/NL/2337949-1,20241130
20241101,2330093-1,INSTITUCIONES EDUCATIVAS,RESOLUCION,N° 347-2024-UNAJMA/CU,Autorizan viaje de docentes de la Universidad Nacional José María Arguedas para participar en el I Simposio Internacional de Inteligencia Artificial-SIIAS 2024 a desarrollarse en la República Dominicana,https://busquedas.elperuano.pe/dispositivo/NL/2330093-1,20241130
20241101,2340192-1,JURADO NACIONAL DE ELECCIONES,RESOLUCION,N° 0300-2024-JNE,Convocan a ciudadanos para que asuman cargos de alcalde y regidora de la Municipalidad Distrital de Coalaque provincia de General Sánchez Cerro departamento de Moquegua,https://busquedas.elperuano.pe/dispositivo/NL/2340192-1,20241130
20241101,2340193-1,JURADO NACIONAL DE ELECCIONES,RESOLUCION,N° 0337-2024-JNE,Declaran nulo lo actuado hasta notificación del Acuerdo de Concejo Nº 060-2024-MDV/CM dirigido a regidora del Concejo Distrital de Vilque Chico provincia de Huancané departamento de Puno en procedimiento de vacancia seguido en su contra,https://busquedas.elperuano.pe/dispositivo/NL/2340193-1,20241130
20241101,2340199-1,JURADO NACIONAL DE ELECCIONES,RESOLUCION,N° 0341-2024-JNE,Convocan a ciudadano para que asuma el cargo de regidor del Concejo Distrital de Jayanca provincia y departamento de Lambayeque,https://busquedas.elperuano.pe/dispositivo/NL/2340199-1,20241130
20241101,2340208-1,JURADO NACIONAL DE ELECCIONES,RESOLUCION,N° 0338-2024-JNE,Declaran nulo lo actuado desde la notificación de convocatoria a sesión extraordinaria del 9 de abril de 2024 y nulos los actos posteriores en el procedimiento de suspensión contra alcalde de la Municipalidad Distrital de Yánac,https://busquedas.elperuano.pe/dispositivo/NL/2340208-1,20241130
20241101,2338030-1,"SUPERINTENDENCIA DE BANCA, SEGUROS Y ADMINISTRADORAS PRIVADAS DE FONDOS DE PENSIONES",RESOLUCION,SBS N° 03703-2024,Autorizan viaje de Superintendente Adjunto de Cooperativas para participar en eventos que se realizarán en Japón,https://busquedas.elperuano.pe/dispositivo/NL/2338030-1,20241130
20241101,2338833-1,"SUPERINTENDENCIA DE BANCA, SEGUROS Y ADMINISTRADORAS PRIVADAS DE FONDOS DE PENSIONES",RESOLUCION,SBS N° 03715-2024,Autorizan a Prima AFP el cierre de agencia ubicada en el distrito provincia y departamento de Arequipa,https://busquedas.elperuano.pe/dispositivo/NL/2338833-1,20241130
20241101,2330720-1,GOBIERNO REGIONAL DE AYACUCHO,RESOLUCION DIRECTORAL,N° 047-2024-GRA/GG-GRDE-DREM,Relación de Concesiones Mineras cuyos títulos fueron aprobados en los meses de agosto setiembre noviembre y diciembre del año 2023,https://busquedas.elperuano.pe/dispositivo/NL/2330720-1,20241130
20241101,2340266-1,MUNICIPALIDAD DE ATE,Ordenanzas,N° 622-MDA,Ordenanza que establece amnistía total en el distrito de Ate,https://epdoc2.elperuano.pe/EpPo/VistaDE.asp?Referencias=MjM0MDI2Ni0xMjAyNDExMDE=,20241130
20241101,2339415-1,MUNICIPALIDAD DE CHACLACAYO,ORDENANZA,N° 511-2024-MDCH,Aprueban la actualización del cuadro de tarifas para el cobro del servicio de agua potable y alcantarillado en el sector 4 y 5,https://busquedas.elperuano.pe/dispositivo/NL/2339415-1,20241130
20241101,2339770-1,MUNICIPALIDAD DE LINCE,ORDENANZA,N° 521-2024-MDL,Ordenanza que crea la Defensoría del Adulto Mayor del distrito de Lince,https://busquedas.elperuano.pe/dispositivo/NL/2339770-1,20241130
20241101,2338996-1,MUNICIPALIDAD DE SAN MIGUEL,ORDENANZA,N° 507/MDSM,Ordenanza que otorga amnistía tributaria en el distrito de San Miguel,https://busquedas.elperuano.pe/dispositivo/NL/2338996-1,20241130
20241101,2334053-1,MUNICIPALIDAD DE SANTA MARIA DEL MAR,DECRETO DE ALCALDIA,N° 009-2024-MDSMM/AL,Aprueban el Programa RECICLA Programa de Segregación en la Fuente y Recolección Selectiva de Residuos Sólidos del distrito de Santa María del Mar 2024-2026,https://busquedas.elperuano.pe/dispositivo/NL/2334053-1,20241130
20241101,2339837-1,MUNICIPALIDAD PROVINCIAL DEL CALLAO,ACUERDO,N° 086-2024 AC/MPC,Autorizan viaje de regidor a Egipto en comisión de servicios,https://busquedas.elperuano.pe/dispositivo/NL/2339837-1,20241130
20241101,2339831-1,MUNICIPALIDAD PROVINCIAL DE ISLAY,ORDENANZA,N° 546-MPI,Aprueban la Segunda Campaña Tributaria 2024 con el objetivo de reducir la morosidad de contribuyentes y administrados deudores otorgar beneficios y mejorar los niveles de recaudación de impuestos para el cumplimiento de metas,https://busquedas.elperuano.pe/dispositivo/NL/2339831-1,20241130

