FECHA_PUBLICACION,OP,ENTIDAD,DISPOSITIVO,NUMERO,SUMILLA,LINK,FECHA_CORTE
20241031,2339816-1,CONGRESO DE LA REPUBLICA,LEY,No 32148,Ley que garantiza el incremento de la remuneracion integra mensual superior (RIMS) de los docentes de los institutos y escuelas de educacion superior de los docentes de los Institutos de Educacion Superior del Ministerio de Defensa de los docentes del Centro de Formacion en Turismo del Ministerio de Comercio Exterior y Turismo de los docentes de las Escuelas Superiores de Formacion Artistica y de los docentes de las exESFA actuales Universidad Nacional de Arte Diego Quispe Tito del Cusco Universidad Nacional Daniel Alomia Robles y Universidad Nacional de Musica  y dicta otras disposiciones,https://epdoc2.elperuano.pe/EpPo/DescargaINDA.asp?Referencias=NDM5VzlXOVc5V1M4WUI5V1RNTEhZQkxIOVdfX1ZCOVdYQ1lYUzhTOExI,20241031
20241031,2339816-2,CONGRESO DE LA REPUBLICA,LEY,No 32149,Ley que constituye como pliegos presupuestales a las universidades nacionales creadas por las leyes 31995 31997 31998 32011 32020 32060 32072 y 32074,https://epdoc2.elperuano.pe/EpPo/DescargaINDA.asp?Referencias=NDM5VzlXOVc5V1M4WUI5V1RNTEhZQkxITEhfX1ZCOVdYQ1lYUzhTOExI,20241031
20241031,2339816-3,CONGRESO DE LA REPUBLICA,LEY,No 32150,Ley que declara de interes nacional el mejoramiento y la culminacion de la edificacion del complejo deportivo Leoncio Prado de la Institucion Educativa Publica Mariscal Caceres de la provincia de Huamanga en el departamento de Ayacucho,https://epdoc2.elperuano.pe/EpPo/DescargaINDA.asp?Referencias=NDM5VzlXOVc5V1M4WUI5V1RNTEhZQkxIUzhfX1ZCOVdYQ1lYUzhTOExI,20241031
20241031,2339819-1,PRESIDENCIA DEL CONSEJO DE MINISTROS,DECRETO SUPREMO,No 118-2024-PCM,Decreto Supremo que prorroga el Estado de Emergencia declarado en el Corredor Vial Sur Apurimac-Cusco-Arequipa,https://epdoc2.elperuano.pe/EpPo/DescargaINDA.asp?Referencias=NDM5VzlXOVc5V1M4WUI5V1RNTEhZQkxIOVdfX1lYOVdYQ1lYUzhTOExI,20241031
20241031,2339819-2,PRESIDENCIA DEL CONSEJO DE MINISTROS,DECRETO SUPREMO,No 119-2024-PCM,Decreto Supremo que prorroga el Estado de Emergencia declarado en la provincia de Zarumilla del departamento de Tumbes,https://epdoc2.elperuano.pe/EpPo/DescargaINDA.asp?Referencias=NDM5VzlXOVc5V1M4WUI5V1RNTEhZQkxITEhfX1lYOVdYQ1lYUzhTOExI,20241031
20241031,2339804-1,PRESIDENCIA DEL CONSEJO DE MINISTROS,RESOLUCION MINISTERIAL,No 290-2024-PCM,Autorizan viaje de presidente del Consejo Nacional de Ciencia Tecnologia e Innovacion - CONCYTEC a Francia en comision de servicios,https://epdoc2.elperuano.pe/EpPo/DescargaINDA.asp?Referencias=NDM5VzlXOVc5V1M4WUI5V1RNTEhZQkxIOVdfX1RNWUJYQ1lYUzhTOExI,20241031
20241031,2339371-1,CULTURA,RESOLUCION DIRECTORAL,No 000481-2024-DDC CAJ/MC,Determinan la Proteccion Provisional del Sitio Arqueologico Cajamarcaorco ubicado en el distrito Los Banos del Inca provincia y departamento de Cajamarca,https://epdoc2.elperuano.pe/EpPo/DescargaINDA.asp?Referencias=NDM5VzlXOVc5V1M4WUI5V1RNTEhZQkxIOVdfXzlXV1ZTOFlYUzhTOExI,20241031
20241031,2339829-1,CULTURA,RESOLUCION MINISTERIAL,No 000398-2024-MC,Otorgan la distincion de Personalidad Meritoria de la Cultura,https://epdoc2.elperuano.pe/EpPo/DescargaINDA.asp?Referencias=NDM5VzlXOVc5V1M4WUI5V1RNTEhZQkxIOVdfX1lYTEhYQ1lYUzhTOExI,20241031
20241031,2339830-1,CULTURA,RESOLUCION MINISTERIAL,No 000399-2024-MC,Otorgan la distincion de Personalidad Meritoria de la Cultura,https://epdoc2.elperuano.pe/EpPo/DescargaINDA.asp?Referencias=NDM5VzlXOVc5V1M4WUI5V1RNTEhZQkxIOVdfX1lCUzhYQ1lYUzhTOExI,20241031
20241031,2339694-1,DEFENSA,RESOLUCION MINISTERIAL,No 01223-2024-DE,Autorizan viaje de oficial del Ejercito del Peru a la Republica de Corea en comision de servicios,https://epdoc2.elperuano.pe/EpPo/DescargaINDA.asp?Referencias=NDM5VzlXOVc5V1M4WUI5V1RNTEhZQkxIOVdfX1RNWVhWQllYUzhTOExI,20241031
20241031,2339819-18,DEFENSA,RESOLUCION SUPREMA,No 128-2024-DE,Designan personal militar de la FAP ante la Junta Interamericana de Defensa de la Organizacion de los Estados Americanos,https://epdoc2.elperuano.pe/EpPo/DescargaINDA.asp?Referencias=NjM5VzlXOVdTOFlCOVdUTUxIWUJMSFhDOVdfX1lYOVdYQ1lYUzhTOExI,20241031
20241031,2339819-15,DESARROLLO AGRARIO Y RIEGO,RESOLUCION SUPREMA,No 017-2024-MIDAGRI,Designan Viceministra de Politicas y Supervision del Desarrollo Agrario,https://epdoc2.elperuano.pe/EpPo/DescargaINDA.asp?Referencias=NjM5VzlXOVdTOFlCOVdUTUxIWUJMSFVOOVdfX1lYOVdYQ1lYUzhTOExI,20241031
20241031,2339805-1,DESARROLLO AGRARIO Y RIEGO,RESOLUCION DIRECTORAL,No 339-2024-MIDAGRI-DVDAFIR-AGRO RURAL-DE,Designan Jefe de la Unidad de Administracion del Programa de Desarrollo Productivo Agrario Rural - AGRO RURAL,https://epdoc2.elperuano.pe/EpPo/DescargaINDA.asp?Referencias=NDM5VzlXOVc5V1M4WUI5V1RNTEhZQkxIOVdfX1VOWUJYQ1lYUzhTOExI,20241031
20241031,2339952-1,DESARROLLO AGRARIO Y RIEGO,RESOLUCION MINISTERIAL,No 0357-2024-MIDAGRI,Autorizan viaje de funcionarios y especialista del SENASA a Brasil en comision de servicios,https://epdoc2.elperuano.pe/EpPo/DescargaINDA.asp?Referencias=NDM5VzlXOVc5V1M4WUI5V1RNTEhZQkxIOVdfX0xIVU5ZWFlYUzhTOExI,20241031
20241031,2340307-1,ECONOMIA Y FINANZAS,DECRETO SUPREMO,No 204-2024-EF,Decreto Supremo que autoriza transferencias de partidas en el Presupuesto del Sector Publico para el Ano Fiscal 2024 a favor de la Reserva de Contingencia y de la Municipalidad Distrital de Challhuahuacho,https://epdoc2.elperuano.pe/EpPo/DescargaINDA.asp?Referencias=NDM5VzlXOVc5V1M4WUI5V1RNTEhZQkxIOVdfX1dWWUJTOFlCVE1TOExI,20241031
20241031,2340307-2,ECONOMIA Y FINANZAS,DECRETO SUPREMO,No 205-2024-EF,Decreto Supremo que autoriza transferencia de partida en el Presupuesto del Sector Publico para el Ano Fiscal 2024 a favor de la Reserva de Contingencia y del Gobierno Regional de Apurimac,https://epdoc2.elperuano.pe/EpPo/DescargaINDA.asp?Referencias=NDM5VzlXOVc5V1M4WUI5V1RNTEhZQkxITEhfX1dWWUJTOFlCVE1TOExI,20241031
20241031,2339818-1,ECONOMIA Y FINANZAS,FE DE ERRATA,D.S. No 193-2024-EF,FE DE ERRATA,https://epdoc2.elperuano.pe/EpPo/DescargaINDA.asp?Referencias=NDM5VzlXOVc5V1M4WUI5V1RNTEhZQkxIOVdfX1hDOVdYQ1lYUzhTOExI,20241031
20241031,2339538-1,ECONOMIA Y FINANZAS,RESOLUCION DIRECTORAL,No 0035-2024-EF/50.01,Resolucion Directoral que aprueba Lineamientos para la presentacion de propuestas de compromisos indicadores y metas del Programa de Incentivos a la Mejora de la Gestion Municipal para el ano 2025 y sus Anexos,https://epdoc2.elperuano.pe/EpPo/DescargaINDA.asp?Referencias=NDM5VzlXOVc5V1M4WUI5V1RNTEhZQkxIOVdfX1hDUzhVTllYUzhTOExI,20241031
20241031,2339429-1,ECONOMIA Y FINANZAS,RESOLUCION VICE MINISTERIAL,No 020-2024-EF/15.01,Aprueban precios de referencia y derechos variables adicionales a que se refiere el Decreto Supremo No 115-2001-EF,https://epdoc2.elperuano.pe/EpPo/DescargaINDA.asp?Referencias=NDM5VzlXOVc5V1M4WUI5V1RNTEhZQkxIOVdfX1lYTEhUTVlYUzhTOExI,20241031
20241031,2339705-1,EDUCACION,RESOLUCION MINISTERIAL,No 547-2024-MINEDU,Designan Directora General de la Direccion General de Infraestructura Educativa,https://epdoc2.elperuano.pe/EpPo/DescargaINDA.asp?Referencias=NDM5VzlXOVc5V1M4WUI5V1RNTEhZQkxIOVdfX1VOWUJXVllYUzhTOExI,20241031
20241031,2339819-16,INTERIOR,RESOLUCION SUPREMA,No 149-2024-IN,Aceptan renuncia de Viceministro de Orden Interno,https://epdoc2.elperuano.pe/EpPo/DescargaINDA.asp?Referencias=NjM5VzlXOVdTOFlCOVdUTUxIWUJMSFZCOVdfX1lYOVdYQ1lYUzhTOExI,20241031
20241031,2339819-17,INTERIOR,RESOLUCION SUPREMA,No 150-2024-IN,Encargan al Viceministro de Seguridad Publica el puesto de Viceministro de Orden Interno,https://epdoc2.elperuano.pe/EpPo/DescargaINDA.asp?Referencias=NjM5VzlXOVdTOFlCOVdUTUxIWUJMSFdWOVdfX1lYOVdYQ1lYUzhTOExI,20241031
20241031,2339789-1,JUSTICIA Y DERECHOS HUMANOS,RESOLUCION,No 207-2024-JUS/PRONACEJ,Designan jefe de seguridad del Centro Juvenil de Diagnostico y Rehabilitacion Miguel Grau - Piura del Programa Nacional de Centros Juveniles,https://epdoc2.elperuano.pe/EpPo/DescargaINDA.asp?Referencias=NDM5VzlXOVc5V1M4WUI5V1RNTEhZQkxIOVdfX1lYWENXVllYUzhTOExI,20241031
20241031,2339819-10,JUSTICIA Y DERECHOS HUMANOS,RESOLUCION SUPREMA,No 328-2024-JUS,Acceden a solicitud de extradicion activa de ciudadano peruano para ser extraditado de la Republica de Chile y ser procesado en la Republica del Peru,https://epdoc2.elperuano.pe/EpPo/DescargaINDA.asp?Referencias=NjM5VzlXOVdTOFlCOVdUTUxIWUJMSFlCOVdfX1lYOVdYQ1lYUzhTOExI,20241031
20241031,2339819-11,JUSTICIA Y DERECHOS HUMANOS,RESOLUCION SUPREMA,No 329-2024-JUS,Acceden a solicitud de extradicion pasiva de ciudadano peruano para ser extraditado de la Republica del Peru y ser procesado en la Republica de Panama,https://epdoc2.elperuano.pe/EpPo/DescargaINDA.asp?Referencias=NjM5VzlXOVdTOFlCOVdUTUxIWUJMSDlXOVdfX1lYOVdYQ1lYUzhTOExI,20241031
20241031,2339819-12,JUSTICIA Y DERECHOS HUMANOS,RESOLUCION SUPREMA,No 330-2024-JUS,Acceden a solicitud de extradicion pasiva de ciudadano peruano para ser extraditado de la Republica del Peru y participar en la Republica Argentina de la audiencia de apelacion de sentencia condenatoria y cumplir pena definitiva,https://epdoc2.elperuano.pe/EpPo/DescargaINDA.asp?Referencias=NjM5VzlXOVdTOFlCOVdUTUxIWUJMSExIOVdfX1lYOVdYQ1lYUzhTOExI,20241031
20241031,2339819-13,JUSTICIA Y DERECHOS HUMANOS,RESOLUCION SUPREMA,No 331-2024-JUS,Acceden a solicitud de extradicion pasiva de ciudadano peruano para ser extraditado de la Republica del Peru y ser procesado en el Estado Plurinacional de Bolivia,https://epdoc2.elperuano.pe/EpPo/DescargaINDA.asp?Referencias=NjM5VzlXOVdTOFlCOVdUTUxIWUJMSFM4OVdfX1lYOVdYQ1lYUzhTOExI,20241031
20241031,2339819-14,JUSTICIA Y DERECHOS HUMANOS,RESOLUCION SUPREMA,No 332-2024-JUS,Acceden a solicitud de extradicion pasiva de ciudadano peruano para ser extraditado de la Republica del Peru y ser procesado en la Republica de Chile,https://epdoc2.elperuano.pe/EpPo/DescargaINDA.asp?Referencias=NjM5VzlXOVdTOFlCOVdUTUxIWUJMSFRNOVdfX1lYOVdYQ1lYUzhTOExI,20241031
20241031,2339819-3,JUSTICIA Y DERECHOS HUMANOS,RESOLUCION SUPREMA,No 321-2024-JUS,Acceden a solicitud de extradicion activa de ciudadano peruano para ser extraditado de la Confederacion Suiza y ser procesado en la Republica del Peru,https://epdoc2.elperuano.pe/EpPo/DescargaINDA.asp?Referencias=NDM5VzlXOVc5V1M4WUI5V1RNTEhZQkxIUzhfX1lYOVdYQ1lYUzhTOExI,20241031
20241031,2339819-4,JUSTICIA Y DERECHOS HUMANOS,RESOLUCION SUPREMA,No 322-2024-JUS,Acceden a solicitud de extradicion activa de ciudadana peruana para ser extraditada del Reino de Espana y ser procesada en la Republica del Peru,https://epdoc2.elperuano.pe/EpPo/DescargaINDA.asp?Referencias=NDM5VzlXOVc5V1M4WUI5V1RNTEhZQkxIVE1fX1lYOVdYQ1lYUzhTOExI,20241031
20241031,2339819-5,JUSTICIA Y DERECHOS HUMANOS,RESOLUCION SUPREMA,No 323-2024-JUS,Acceden a solicitud de extradicion activa de ciudadano peruano para ser extraditado del Reino de Espana y cumplir condena en la Republica del Peru,https://epdoc2.elperuano.pe/EpPo/DescargaINDA.asp?Referencias=NDM5VzlXOVc5V1M4WUI5V1RNTEhZQkxIVU5fX1lYOVdYQ1lYUzhTOExI,20241031
20241031,2339819-6,JUSTICIA Y DERECHOS HUMANOS,RESOLUCION SUPREMA,No 324-2024-JUS,Acceden a solicitud de extradicion activa de ciudadano peruano para ser extraditado de los Estados Unidos de America y ser procesado en la Republica del Peru,https://epdoc2.elperuano.pe/EpPo/DescargaINDA.asp?Referencias=NDM5VzlXOVc5V1M4WUI5V1RNTEhZQkxIVkJfX1lYOVdYQ1lYUzhTOExI,20241031
20241031,2339819-7,JUSTICIA Y DERECHOS HUMANOS,RESOLUCION SUPREMA,No 325-2024-JUS,Acceden a solicitud de extradicion activa de ciudadana peruana para ser extraditada de la Republica Argentina y cumplir condena en la Republica del Peru,https://epdoc2.elperuano.pe/EpPo/DescargaINDA.asp?Referencias=NDM5VzlXOVc5V1M4WUI5V1RNTEhZQkxIV1ZfX1lYOVdYQ1lYUzhTOExI,20241031
20241031,2339819-8,JUSTICIA Y DERECHOS HUMANOS,RESOLUCION SUPREMA,No 326-2024-JUS,Acceden a solicitud de extradicion activa de ciudadano peruano para ser extraditado de la Republica Federativa de Brasil y ser procesado en la Republica del Peru,https://epdoc2.elperuano.pe/EpPo/DescargaINDA.asp?Referencias=NDM5VzlXOVc5V1M4WUI5V1RNTEhZQkxIWENfX1lYOVdYQ1lYUzhTOExI,20241031
20241031,2339819-9,JUSTICIA Y DERECHOS HUMANOS,RESOLUCION SUPREMA,No 327-2024-JUS,Acceden a solicitud de extradicion activa de ciudadano peruano para ser extraditado de la Republica de Colombia y ser procesado en la Republica del Peru,https://epdoc2.elperuano.pe/EpPo/DescargaINDA.asp?Referencias=NDM5VzlXOVc5V1M4WUI5V1RNTEhZQkxIWVhfX1lYOVdYQ1lYUzhTOExI,20241031
20241031,2339802-1,MUJER Y POBLACIONES VULNERABLES,RESOLUCION MINISTERIAL,No 337-2024-MIMP,Otorgan el Reconocimiento Publico: Mayores del Bicentenario - Edicion 2024 en diversas categorias incluyendo distinciones excepcionales,https://epdoc2.elperuano.pe/EpPo/DescargaINDA.asp?Referencias=NDM5VzlXOVc5V1M4WUI5V1RNTEhZQkxIOVdfX0xIWUJYQ1lYUzhTOExI,20241031
20241031,2339760-1,PRODUCE,RESOLUCION,No 807-2024-PRODUCE/PROINNOVATE,Aprueban el otorgamiento de subvenciones a favor de beneficiarios,https://epdoc2.elperuano.pe/EpPo/DescargaINDA.asp?Referencias=NDM5VzlXOVc5V1M4WUI5V1RNTEhZQkxIOVdfX1lCVkJXVllYUzhTOExI,20241031
20241031,2339368-1,PRODUCE,RESOLUCION DIRECTORAL,No 023-2024-INACAL/DN,Aprueban diversas Normas Tecnicas Peruanas,https://epdoc2.elperuano.pe/EpPo/DescargaINDA.asp?Referencias=NDM5VzlXOVc5V1M4WUI5V1RNTEhZQkxIOVdfX1hDVkJTOFlYUzhTOExI,20241031
20241031,2339800-1,SALUD,RESOLUCION MINISTERIAL,No 747-2024/MINSA,Designan Ejecutiva Adjunta I de la Direccion General de Salud Ambiental e Inocuidad Alimentaria,https://epdoc2.elperuano.pe/EpPo/DescargaINDA.asp?Referencias=NDM5VzlXOVc5V1M4WUI5V1RNTEhZQkxIOVdfX1lCWUJYQ1lYUzhTOExI,20241031
20241031,2339801-1,SALUD,RESOLUCION MINISTERIAL,No 748-2024/MINSA,Designan Director Ejecutivo de la Direccion de Control y Vigilancia de la Direccion General de Salud Ambiental e Inocuidad Alimentaria,https://epdoc2.elperuano.pe/EpPo/DescargaINDA.asp?Referencias=NDM5VzlXOVc5V1M4WUI5V1RNTEhZQkxIOVdfXzlXWUJYQ1lYUzhTOExI,20241031
20241031,2339627-1,TRANSPORTES Y COMUNICACIONES,RESOLUCION DIRECTORAL,No 0297-2024-MTC/27,Aprueban dos listados de localidades: i) listado de localidades sin cobertura y ii) listado de localidades con infraestructura 2G unicamente,https://epdoc2.elperuano.pe/EpPo/DescargaINDA.asp?Referencias=NDM5VzlXOVc5V1M4WUI5V1RNTEhZQkxIOVdfX1dWTEhWQllYUzhTOExI,20241031
20241031,2338991-1,TRANSPORTES Y COMUNICACIONES,RESOLUCION MINISTERIAL,No 628-2024-MTC/01.03,Otorgan a la empresa EMAXLAN S.A.C. concesion unica para la prestacion de servicios publicos de telecomunicaciones en area que comprende todo el territorio nacional,https://epdoc2.elperuano.pe/EpPo/DescargaINDA.asp?Referencias=NDM5VzlXOVc5V1M4WUI5V1RNTEhZQkxIOVdfXzlXWVhZWFhDUzhTOExI,20241031
20241031,2339022-1,TRANSPORTES Y COMUNICACIONES,RESOLUCION MINISTERIAL,No 629-2024-MTC/01.03,Otorgan a la empresa 3G MOTION PERU S.A.C. Concesion unica para la prestacion de servicios publicos de telecomunicaciones en area que comprende todo el territorio de la Republica,https://epdoc2.elperuano.pe/EpPo/DescargaINDA.asp?Referencias=NDM5VzlXOVc5V1M4WUI5V1RNTEhZQkxIOVdfX0xITEhZQllYUzhTOExI,20241031
20241031,2339328-1,TRANSPORTES Y COMUNICACIONES,RESOLUCION MINISTERIAL,No 621-2024-MTC/01.02,Aprueban la ejecucion de expropiacion de area afectada de inmueble para la ejecucion de la obra: Mejoramiento de la Carretera San Marcos - Cajabamba - Sausacocha Tramo: San Marcos - Cajabamba y el valor de la tasacion,https://epdoc2.elperuano.pe/EpPo/DescargaINDA.asp?Referencias=NDM5VzlXOVc5V1M4WUI5V1RNTEhZQkxIOVdfX1hDTEhTOFlYUzhTOExI,20241031
20241031,2339810-1,VIVIENDA  CONSTRUCCIoN Y SANEAMIENTO,RESOLUCION DIRECTORAL,No 00064-2024-VIVIENDA/VMCS-PNSU,Designan Coordinador de la Subunidad de Recursos Humanos del Programa Nacional de Saneamiento Urbano,https://epdoc2.elperuano.pe/EpPo/DescargaINDA.asp?Referencias=NDM5VzlXOVc5V1M4WUI5V1RNTEhZQkxIOVdfX1lCOVdYQ1lYUzhTOExI,20241031
20241031,2339170-1,AGENCIA PERUANA DE COOPERACION INTERNACIONAL,RESOLUCION DIRECTORAL,No 140-2024/APCI-DE,Disponen la incorporacion y designacion de Directora de la Direccion de Politicas y Programas de la APCI y dan por concluida encargatura,https://epdoc2.elperuano.pe/EpPo/DescargaINDA.asp?Referencias=NDM5VzlXOVc5V1M4WUI5V1RNTEhZQkxIOVdfX1lCV1Y5V1lYUzhTOExI,20241031
20241031,2339727-1,BIBLIOTECA NACIONAL DEL PERU,RESOLUCION JEFATURAL,No 000175-2024-BNP,Designan Coordinador de la Gran Biblioteca Publica de Lima,https://epdoc2.elperuano.pe/EpPo/DescargaINDA.asp?Referencias=NDM5VzlXOVc5V1M4WUI5V1RNTEhZQkxIOVdfX1dWTEhXVllYUzhTOExI,20241031
20241031,2339738-1,ORGANISMO SUPERVISOR DE LA INVERSIoN EN ENERGiA Y MINERiA,RESOLUCION,No 042-2024-OS/GRT,Resolucion mediante la cual se fijan las Bandas de Precios y los Margenes Comerciales aplicables al Petroleo Industrial 6 utilizado en Generacion Electrica en Sistemas Aislados y al Diesel B5 destinado al uso vehicular,https://epdoc2.elperuano.pe/EpPo/DescargaINDA.asp?Referencias=NDM5VzlXOVc5V1M4WUI5V1RNTEhZQkxIOVdfX1hDUzhXVllYUzhTOExI,20241031
20241031,2340175-1,AUTORIDAD NACIONAL DEL AGUA,RESOLUCION JEFATURAL,No 0427-2024-ANA,Establecen disposiciones para atender demandas de uso de agua ante el deficit hidrico en la region Piura,https://epdoc2.elperuano.pe/EpPo/DescargaINDA.asp?Referencias=NDM5VzlXOVc5V1M4WUI5V1RNTEhZQkxIOVdfX1VOV1Y5V1lCVE1TOExI,20241031
20241031,2339385-1,CENTRO NACIONAL DE PLANEAMIENTO ESTRATeGICO,RESOLUCION,No 120-2024/CEPLAN/PCD,Disponen periodo de prueba para la aplicacion del art. 1 de la Res. No 00099-2024-CEPLAN/PCD referente al registro mensual de la ejecucion de los Planes Operativos Institucionales (POI),https://epdoc2.elperuano.pe/EpPo/DescargaINDA.asp?Referencias=NDM5VzlXOVc5V1M4WUI5V1RNTEhZQkxIOVdfX1VOWENTOFlYUzhTOExI,20241031
20241031,2339535-1,COMISIoN DE PROMOCIoN DEL PERu PARA LA EXPORTACIoN Y EL TURISMO,RESOLUCION,No 000124-2024-PROMPERU/GG,Aprueban modificacion de la Ficha del Servicio No 1: Participacion en ferias internacionales de turismo version 8 y la Ficha del Servicio No 2: Participacion en Workshop internacionales de turismo version 7,https://epdoc2.elperuano.pe/EpPo/DescargaINDA.asp?Referencias=NDM5VzlXOVc5V1M4WUI5V1RNTEhZQkxIOVdfX1VOUzhVTllYUzhTOExI,20241031
20241031,2339785-1,COMISIoN DE PROMOCIoN DEL PERu PARA LA EXPORTACIoN Y EL TURISMO,RESOLUCION,No 000128-2024-PROMPERU/GG,Modifican el art. 3 de la Resolucion de Gerencia General No 213-2023-PROMPERu/GG con la finalidad de exceptuar del pago de la cuota de participacion en ferias internacionales de Turismo en Asia y Oceania hasta el 31 de diciembre de 2025,https://epdoc2.elperuano.pe/EpPo/DescargaINDA.asp?Referencias=NDM5VzlXOVc5V1M4WUI5V1RNTEhZQkxIOVdfX1VOWENXVllYUzhTOExI,20241031
20241031,2339372-1,INSTITUTO GEOLoGICO MINERO Y METALuRGICO,RESOLUCION,No 140-2024-INGEMMET/PE,Asignan montos que por Derecho de Vigencia y Penalidad correspondan al mes de setiembre de 2024,https://epdoc2.elperuano.pe/EpPo/DescargaINDA.asp?Referencias=NDM5VzlXOVc5V1M4WUI5V1RNTEhZQkxIOVdfX0xIV1ZTOFlYUzhTOExI,20241031
20241031,2339755-1,ORGANISMO TeCNICO DE LA ADMINISTRACIoN DE LOS SERVICIOS DE SANEAMIENTO,RESOLUCION,No 000024-2024-OTASS-CD,Aprueban Lineamientos para la designacion y conclusion de cargo de los integrantes de la Comision de Direccion Transitoria Directorio Gerentes Generales Gerentes de Linea Gerentes de Apoyo y Gerentes de Asesoramiento para las Empresas Prestadoras incorporadas al Regimen de Apoyo Transitorio y del personal de confianza en el Regimen Concursal Version 05,https://epdoc2.elperuano.pe/EpPo/DescargaINDA.asp?Referencias=NDM5VzlXOVc5V1M4WUI5V1RNTEhZQkxIOVdfX1VOVU5XVllYUzhTOExI,20241031
20241031,2339383-1,SERVICIO NACIONAL DE AREAS NATURALES PROTEGIDAS POR EL ESTADO,RESOLUCION,No 000204-2024-SERNANP/J-SGD,Autorizan Transferencia Financiera a favor del Ministerio del Interior,https://epdoc2.elperuano.pe/EpPo/DescargaINDA.asp?Referencias=NDM5VzlXOVc5V1M4WUI5V1RNTEhZQkxIOVdfX1M4WENTOFlYUzhTOExI,20241031
20241031,2339740-1,SERVICIO NACIONAL DE AREAS NATURALES PROTEGIDAS POR EL ESTADO,RESOLUCION,No 000207-2024-SERNANP/J-SGD,Aprueban tarifas promocionales que permiten el ingreso de dos visitantes por el precio de uno a las areas Naturales Protegidas de administracion nacional,https://epdoc2.elperuano.pe/EpPo/DescargaINDA.asp?Referencias=NDM5VzlXOVc5V1M4WUI5V1RNTEhZQkxIOVdfX1lCVE1XVllYUzhTOExI,20241031
20241031,2339774-1,SUPERINTENDENCIA NACIONAL DE FISCALIZACIoN LABORAL,FE DE ERRATA,Res. No 235-2024-SUNAFIL,FE DE ERRATA,https://epdoc2.elperuano.pe/EpPo/DescargaINDA.asp?Referencias=NDM5VzlXOVc5V1M4WUI5V1RNTEhZQkxIOVdfX1RNV1ZXVllYUzhTOExI,20241031
20241031,2339516-1,SUPERINTENDENCIA NACIONAL DE SALUD,RESOLUCION,No 211-2024-SUSALUD/S,Disponen la publicacion del proyecto de norma que aprueba el Reglamento del Modelo de Transaccion Electronica de Datos Estandarizados de Facturacion - Modelo TEDEF-IPRESS-IAFAS y TEDEF-SUSALUD y tres (03) Anexos,https://epdoc2.elperuano.pe/EpPo/DescargaINDA.asp?Referencias=NDM5VzlXOVc5V1M4WUI5V1RNTEhZQkxIOVdfX1ZCOVdVTllYUzhTOExI,20241031
20241031,2339731-1,SUPERINTENDENCIA NACIONAL DE SALUD,RESOLUCION,No 212-2024-SUSALUD/S,Modifican el Reglamento del Proceso de Eleccion de la Entidad Prestadora de Salud y del Plan de Salud para Asegurados Regulares y Disposiciones Complementarias sobre el Plan de Salud para Asegurados Regulares,https://epdoc2.elperuano.pe/EpPo/DescargaINDA.asp?Referencias=NDM5VzlXOVc5V1M4WUI5V1RNTEhZQkxIOVdfXzlXUzhXVllYUzhTOExI,20241031
20241031,2339685-1,CONSEJO EJECUTIVO DEL PODER JUDICIAL,RESOLUCION ADMINISTRATIVA,No 000357-2024-CE-PJ,Ratifican la Res. Adm. No 000008-2024-CED-CSJAR-PJ emitida por el Consejo Ejecutivo Distrital de la Corte Superior de Justicia de Arequipa,https://epdoc2.elperuano.pe/EpPo/DescargaINDA.asp?Referencias=NDM5VzlXOVc5V1M4WUI5V1RNTEhZQkxIOVdfX1VOWENWQllYUzhTOExI,20241031
20241031,2339688-1,CONSEJO EJECUTIVO DEL PODER JUDICIAL,RESOLUCION ADMINISTRATIVA,No 000362-2024-CE-PJ,Aprueban reprogramacion de Pasantia a realizarse en la ciudad de Buenos Aires (Argentina) modifican relacion de magistrados seleccionados aprobado por Res. Adm. No 300-2024-CE-PJ y dictan otras disposiciones,https://epdoc2.elperuano.pe/EpPo/DescargaINDA.asp?Referencias=NDM5VzlXOVc5V1M4WUI5V1RNTEhZQkxIOVdfX1hDWENWQllYUzhTOExI,20241031
20241031,2339693-1,CONSEJO EJECUTIVO DEL PODER JUDICIAL,RESOLUCION ADMINISTRATIVA,No 000363-2024-CE-PJ,Prorrogan funcionamiento de la Segunda Sala de Derecho Constitucional y Social Transitoria de la Corte Suprema de Justicia de la Republica,https://epdoc2.elperuano.pe/EpPo/DescargaINDA.asp?Referencias=NDM5VzlXOVc5V1M4WUI5V1RNTEhZQkxIOVdfX1M4WVhWQllYUzhTOExI,20241031
20241031,2339704-1,CONSEJO EJECUTIVO DEL PODER JUDICIAL,RESOLUCION ADMINISTRATIVA,No 000364-2024-CE-PJ,Prorrogan funcionamiento de la Quinta Sala de Derecho Constitucional y Social Transitoria de la Corte Suprema de Justicia de la Republica y dictan otras disposiciones,https://epdoc2.elperuano.pe/EpPo/DescargaINDA.asp?Referencias=NDM5VzlXOVc5V1M4WUI5V1RNTEhZQkxIOVdfX1RNWUJXVllYUzhTOExI,20241031
20241031,2339708-1,CONSEJO EJECUTIVO DEL PODER JUDICIAL,RESOLUCION ADMINISTRATIVA,No 000365-2024-CE-PJ,Prorrogan el funcionamiento de organos jurisdiccionales transitorios de descarga procesal en diversas Cortes Superiores de Justicia y dictan otras disposiciones,https://epdoc2.elperuano.pe/EpPo/DescargaINDA.asp?Referencias=NDM5VzlXOVc5V1M4WUI5V1RNTEhZQkxIOVdfX1hDWUJXVllYUzhTOExI,20241031
20241031,2339711-1,CONSEJO EJECUTIVO DEL PODER JUDICIAL,RESOLUCION ADMINISTRATIVA,No 000366-2024-CE-PJ,Prorrogan el funcionamiento de organos jurisdiccionales transitorios de descarga procesal en diversas Cortes Superiores de Justicia y dictan otras disposiciones,https://epdoc2.elperuano.pe/EpPo/DescargaINDA.asp?Referencias=NDM5VzlXOVc5V1M4WUI5V1RNTEhZQkxIOVdfXzlXOVdXVllYUzhTOExI,20241031
20241031,2339715-1,CONSEJO EJECUTIVO DEL PODER JUDICIAL,RESOLUCION ADMINISTRATIVA,No 000367-2024-CE-PJ,Establecen diversas medidas con caracter permanente para la mejor marcha administrativa del despacho judicial,https://epdoc2.elperuano.pe/EpPo/DescargaINDA.asp?Referencias=NDM5VzlXOVc5V1M4WUI5V1RNTEhZQkxIOVdfX1VOOVdXVllYUzhTOExI,20241031
20241031,2339720-1,CONSEJO EJECUTIVO DEL PODER JUDICIAL,RESOLUCION ADMINISTRATIVA,No 000368-2024-CE-PJ,Disponen medidas administrativas en diversas Cortes Superiores de Justicia,https://epdoc2.elperuano.pe/EpPo/DescargaINDA.asp?Referencias=NDM5VzlXOVc5V1M4WUI5V1RNTEhZQkxIOVdfX1lCTEhXVllYUzhTOExI,20241031
20241031,2339583-1,BANCO CENTRAL DE RESERVA,CIRCULAR,No 0028-2024-BCRP,Ponen en circulacion una moneda de plata alusiva al bicentenario de la Corte Suprema de Justicia de la Republica,https://epdoc2.elperuano.pe/EpPo/DescargaINDA.asp?Referencias=NDM5VzlXOVc5V1M4WUI5V1RNTEhZQkxIOVdfX1M4WENVTllYUzhTOExI,20241031
20241031,2339618-1,INSTITUCIONES EDUCATIVAS,RESOLUCION,No 0856-2024-R-UNALM,Autorizan viaje de docente de la Universidad Nacional Agraria La Molina para asistir a curso en Israel,https://epdoc2.elperuano.pe/EpPo/DescargaINDA.asp?Referencias=NDM5VzlXOVc5V1M4WUI5V1RNTEhZQkxIOVdfX1hDOVdWQllYUzhTOExI,20241031
20241031,2339620-1,INSTITUCIONES EDUCATIVAS,RESOLUCION,No 0858-2024-R-UNALM,Autorizan viaje de director(e) de la Oficina de Gestion Interinstitucional de la Universidad Nacional Agraria La Molina a la Republica Popular China en comision de servicios,https://epdoc2.elperuano.pe/EpPo/DescargaINDA.asp?Referencias=NDM5VzlXOVc5V1M4WUI5V1RNTEhZQkxIOVdfX1lCTEhWQllYUzhTOExI,20241031
20241031,2339623-1,INSTITUCIONES EDUCATIVAS,RESOLUCION,No 0818-2024-R-UNALM,Otorgan comision de servicios a profesora de la Universidad Nacional Agraria La Molina para participar en evento a realizarse en Costa Rica,https://epdoc2.elperuano.pe/EpPo/DescargaINDA.asp?Referencias=NDM5VzlXOVc5V1M4WUI5V1RNTEhZQkxIOVdfX1M4TEhWQllYUzhTOExI,20241031
20241031,2339387-1,JURADO NACIONAL DE ELECCIONES,RESOLUCION,No 0335-2024-JNE,Convocan a ciudadano para que asuma el cargo de regidor del Concejo Distrital de Huanchaco provincia de Trujillo departamento de La Libertad,https://epdoc2.elperuano.pe/EpPo/DescargaINDA.asp?Referencias=NDM5VzlXOVc5V1M4WUI5V1RNTEhZQkxIOVdfX1dWWENTOFlYUzhTOExI,20241031
20241031,2339396-1,JURADO NACIONAL DE ELECCIONES,RESOLUCION,No 0328-2024-JNE,Declaran Improcedente apelacion interpuesta contra el Acuerdo de Concejo No 056-2024-CM/MPR que declaro infundada solicitud de vacancia presentada contra regidores del Concejo Provincial de Rioja departamento de San Martin,https://epdoc2.elperuano.pe/EpPo/DescargaINDA.asp?Referencias=NDM5VzlXOVc5V1M4WUI5V1RNTEhZQkxIOVdfX1ZCWVhTOFlYUzhTOExI,20241031
20241031,2339399-1,JURADO NACIONAL DE ELECCIONES,RESOLUCION,No 0327-2024-JNE,Confirman Acuerdo No 057-2024-MPCH/A que rechazo solicitud de vacancia presentada en contra de regidor del Concejo Provincial de Chiclayo departamento de Lambayeque,https://epdoc2.elperuano.pe/EpPo/DescargaINDA.asp?Referencias=NDM5VzlXOVc5V1M4WUI5V1RNTEhZQkxIOVdfX1lYWVhTOFlYUzhTOExI,20241031
20241031,2339402-1,JURADO NACIONAL DE ELECCIONES,RESOLUCION,No 0305-2024-JNE,Declaran infundada solicitud de vacancia presentada en contra de regidora del Concejo Distrital de Mariano Nicolas Valcarcel provincia de Camana departamento de Arequipa,https://epdoc2.elperuano.pe/EpPo/DescargaINDA.asp?Referencias=NDM5VzlXOVc5V1M4WUI5V1RNTEhZQkxIOVdfX0xIWUJUTVlYUzhTOExI,20241031
20241031,2339404-1,JURADO NACIONAL DE ELECCIONES,RESOLUCION,No 0307-2024-JNE,Convocan a ciudadana para que asuma el cargo de regidora del Concejo Distrital de Aurahua provincia de Castrovirreyna departamento de Huancavelica,https://epdoc2.elperuano.pe/EpPo/DescargaINDA.asp?Referencias=NDM5VzlXOVc5V1M4WUI5V1RNTEhZQkxIOVdfX1RNWUJUTVlYUzhTOExI,20241031
20241031,2339407-1,JURADO NACIONAL DE ELECCIONES,RESOLUCION,No 0306-2024-JNE,Declaran infundada solicitud de vacancia presentada en contra de regidora del Concejo Distrital de Mariano Nicolas Valcarcel provincia de Camana departamento de Arequipa,https://epdoc2.elperuano.pe/EpPo/DescargaINDA.asp?Referencias=NDM5VzlXOVc5V1M4WUI5V1RNTEhZQkxIOVdfX1dWWUJUTVlYUzhTOExI,20241031
20241031,2339423-1,JURADO NACIONAL DE ELECCIONES,RESOLUCION,No 0326-2024-JNE,Confirman Acuerdo No 48-2024-MPC que declaro infundada solicitud de vacancia presentada en contra de alcalde de la Municipalidad Provincial de Cusco departamento de Cusco,https://epdoc2.elperuano.pe/EpPo/DescargaINDA.asp?Referencias=NDM5VzlXOVc5V1M4WUI5V1RNTEhZQkxIOVdfX1M4TEhUTVlYUzhTOExI,20241031
20241031,2339431-1,JURADO NACIONAL DE ELECCIONES,RESOLUCION,No 0299-2024-JNE,Declaran nulo Acuerdo No 011-2024-MPSI que desaprobo solicitud de suspension presentada contra alcalde de la Municipalidad Provincial de San Ignacio departamento de Cajamarca,https://epdoc2.elperuano.pe/EpPo/DescargaINDA.asp?Referencias=NDM5VzlXOVc5V1M4WUI5V1RNTEhZQkxIOVdfXzlXUzhUTVlYUzhTOExI,20241031
20241031,2339433-1,JURADO NACIONAL DE ELECCIONES,RESOLUCION,No 0301-2024-JNE,Declaran nulo Acuerdo No 003-2024-MDSAT/CM-SE que desaprobo solicitud de vacancia presentada contra regidora del Concejo Distrital de Santa Ana de Tusi provincia de Daniel Alcides Carrion departamento de Pasco,https://epdoc2.elperuano.pe/EpPo/DescargaINDA.asp?Referencias=NDM5VzlXOVc5V1M4WUI5V1RNTEhZQkxIOVdfX1M4UzhUTVlYUzhTOExI,20241031
20241031,2339436-1,JURADO NACIONAL DE ELECCIONES,RESOLUCION,No 0322-2024-JNE,Declaran nulo Acuerdo de Concejo No 091-2024-CMPF que desaprobo solicitud de vacancia presentada contra regidor del Concejo Provincial de Ferrenafe departamento de Lambayeque,https://epdoc2.elperuano.pe/EpPo/DescargaINDA.asp?Referencias=NDM5VzlXOVc5V1M4WUI5V1RNTEhZQkxIOVdfX1ZCUzhUTVlYUzhTOExI,20241031
20241031,2339442-1,JURADO NACIONAL DE ELECCIONES,RESOLUCION,No 0323-2024-JNE,Declaran nulo Acuerdo No 068-2024-MDG que desaprobo solicitud de vacancia presentada contra regidor del Concejo Distrital de Guadalupe provincia de Pacasmayo departamento de La Libertad,https://epdoc2.elperuano.pe/EpPo/DescargaINDA.asp?Referencias=NDM5VzlXOVc5V1M4WUI5V1RNTEhZQkxIOVdfX0xIVE1UTVlYUzhTOExI,20241031
20241031,2339448-1,JURADO NACIONAL DE ELECCIONES,RESOLUCION,No 0324-2024-JNE,Confirman el Acuerdo de Concejo No 140-2024-MPA/CM que desaprobo solicitud de vacancia presentada en contra de regidora del Concejo Provincial de Ambo departamento de Huanuco,https://epdoc2.elperuano.pe/EpPo/DescargaINDA.asp?Referencias=NDM5VzlXOVc5V1M4WUI5V1RNTEhZQkxIOVdfX1hDVE1UTVlYUzhTOExI,20241031
20241031,2339451-1,JURADO NACIONAL DE ELECCIONES,RESOLUCION,No 0330-2024-JNE,Declaran nulo el Acuerdo de Consejo Regional No 170-2024-CRC/GR CUSCO que declaro improcedente solicitud de vacancia en contra de consejera regional del Gobierno Regional de Cusco,https://epdoc2.elperuano.pe/EpPo/DescargaINDA.asp?Referencias=NDM5VzlXOVc5V1M4WUI5V1RNTEhZQkxIOVdfXzlXVU5UTVlYUzhTOExI,20241031
20241031,2339458-1,JURADO NACIONAL DE ELECCIONES,RESOLUCION,No 0329-2024-JNE,Declaran improcedente el pedido contenido en el escrito del 11 de setiembre de 2024 presentado por alcalde de la Municipalidad Distrital de Santiago provincia y departamento de Ica y dictan otras disposiciones,https://epdoc2.elperuano.pe/EpPo/DescargaINDA.asp?Referencias=NDM5VzlXOVc5V1M4WUI5V1RNTEhZQkxIOVdfX1hDVU5UTVlYUzhTOExI,20241031
20241031,2339466-1,JURADO NACIONAL DE ELECCIONES,RESOLUCION,No 0331-2024-JNE,Confirman el Acuerdo de Concejo No 05 - Sesion Extraordinaria No 07-2024-MDB en el extremo que declaro improcedente solicitud de vacancia en contra de alcalde de la Municipalidad Distrital de Bernal provincia de Sechura departamento de Piura,https://epdoc2.elperuano.pe/EpPo/DescargaINDA.asp?Referencias=NDM5VzlXOVc5V1M4WUI5V1RNTEhZQkxIOVdfX1ZCVkJUTVlYUzhTOExI,20241031
20241031,2339472-1,JURADO NACIONAL DE ELECCIONES,RESOLUCION,No 0308-2024-JNE,Declaran infundado pedido de vacancia en contra de alcalde de la Municipalidad Distrital de Los Aquijes provincia y departamento de Ica,https://epdoc2.elperuano.pe/EpPo/DescargaINDA.asp?Referencias=NDM5VzlXOVc5V1M4WUI5V1RNTEhZQkxIOVdfX0xIV1ZUTVlYUzhTOExI,20241031
20241031,2339519-1,JURADO NACIONAL DE ELECCIONES,RESOLUCION,No 0302-2024-JNE,Declaran fundado recurso de apelacion interpuesto por alcalde de la Municipalidad Distrital de Santa Cruz y revocan el Acuerdo de Concejo No 007-2024-MDSC,https://epdoc2.elperuano.pe/EpPo/DescargaINDA.asp?Referencias=NDM5VzlXOVc5V1M4WUI5V1RNTEhZQkxIOVdfX1lYOVdVTllYUzhTOExI,20241031
20241031,2339524-1,JURADO NACIONAL DE ELECCIONES,RESOLUCION,No 0303-2024-JNE,Declaran nulo el Acuerdo de Concejo Municipal No 048-2024-MPH/CM que desaprobo solicitud de vacancia presentada en contra de regidora del Concejo Provincial de Huancayo departamento de Junin,https://epdoc2.elperuano.pe/EpPo/DescargaINDA.asp?Referencias=NDM5VzlXOVc5V1M4WUI5V1RNTEhZQkxIOVdfX1RNTEhVTllYUzhTOExI,20241031
20241031,2339633-1,JURADO NACIONAL DE ELECCIONES,RESOLUCION,No 0309-2024-JNE,Declaran nulo el Acuerdo de Concejo No 022-2023-MDA/AL que rechazo solicitud de vacancia en contra de regidores del Concejo Distrital de Anra provincia de Huari departamento de ancash,https://epdoc2.elperuano.pe/EpPo/DescargaINDA.asp?Referencias=NDM5VzlXOVc5V1M4WUI5V1RNTEhZQkxIOVdfX1M4UzhWQllYUzhTOExI,20241031
20241031,2339640-1,JURADO NACIONAL DE ELECCIONES,RESOLUCION,No 0310-2024-JNE,Declaran infundado recurso de apelacion y confirman el Acuerdo de Concejo No 01-2024-MPC que declaro infundada solicitud de vacancia presentada en contra de regidor del Concejo Provincial de Cusco,https://epdoc2.elperuano.pe/EpPo/DescargaINDA.asp?Referencias=NDM5VzlXOVc5V1M4WUI5V1RNTEhZQkxIOVdfX1lCVE1WQllYUzhTOExI,20241031
20241031,2339642-1,JURADO NACIONAL DE ELECCIONES,RESOLUCION,No 0311-2024-JNE,Declaran nulo el Acuerdo de Concejo No 09-2024-MPC-C que desaprobo solicitud de suspension en contra de alcalde de la Municipalidad Provincial de Camana departamento de Arequipa,https://epdoc2.elperuano.pe/EpPo/DescargaINDA.asp?Referencias=NDM5VzlXOVc5V1M4WUI5V1RNTEhZQkxIOVdfX0xIVE1WQllYUzhTOExI,20241031
20241031,2339645-1,JURADO NACIONAL DE ELECCIONES,RESOLUCION,No 0332-2024-JNE,Declaran nulo el Acuerdo de Concejo No 113-2023-MDP/CM que declaro infundada solicitud de vacancia en contra de regidora del Concejo Distrital de Palcazu provincia de Oxapampa departamento de Pasco,https://epdoc2.elperuano.pe/EpPo/DescargaINDA.asp?Referencias=NDM5VzlXOVc5V1M4WUI5V1RNTEhZQkxIOVdfX1VOVE1WQllYUzhTOExI,20241031
20241031,2339739-1,JURADO NACIONAL DE ELECCIONES,RESOLUCION,No 0339-2024-JNE,Resuelven corregir el numeral 8 del Acta de Proclamacion de Resultados de Computo y de Autoridades Municipales Distritales Electas correspondiente al distrito de Jesus Maria,https://epdoc2.elperuano.pe/EpPo/DescargaINDA.asp?Referencias=NDM5VzlXOVc5V1M4WUI5V1RNTEhZQkxIOVdfX1lYUzhXVllYUzhTOExI,20241031
20241031,2339758-1,JURADO NACIONAL DE ELECCIONES,RESOLUCION,No 0334-2024-JNE,Convocan a ciudadana para que asuma el cargo de regidora del Concejo Distrital de San Jose de Lourdes provincia de San Ignacio departamento de Cajamarca,https://epdoc2.elperuano.pe/EpPo/DescargaINDA.asp?Referencias=NDM5VzlXOVc5V1M4WUI5V1RNTEhZQkxIOVdfX1hDVU5XVllYUzhTOExI,20241031
20241031,2339884-1,JURADO NACIONAL DE ELECCIONES,RESOLUCION,No 000107-2024-P/JNE,Autorizan viaje de Miembro del Pleno del JNE a Puerto Rico en comision de servicios,https://epdoc2.elperuano.pe/EpPo/DescargaINDA.asp?Referencias=NDM5VzlXOVc5V1M4WUI5V1RNTEhZQkxIOVdfX1RNWENYQ1lYUzhTOExI,20241031
20241031,2339498-1,MINISTERIO PUBLICO,RESOLUCION,No 058-2024-MP-FN-JFS,Eligen Fiscal de la Nacion por tres anos quien asumira funciones para el periodo 2024-2027,https://epdoc2.elperuano.pe/EpPo/DescargaINDA.asp?Referencias=NDM5VzlXOVc5V1M4WUI5V1RNTEhZQkxIOVdfX1hDWVhUTVlYUzhTOExI,20241031
20241031,2315505-1,GOBIERNO REGIONAL DE LIMA,ORDENANZA,No 004-2024-CR/GRL,Declaran de interes y prioridad regional el fomento de la promocion de productos agropecuarios turismo e industria manufacturera para el comercio interno y externo de la region Lima,https://epdoc2.elperuano.pe/EpPo/DescargaINDA.asp?Referencias=NDM5VzlXOVc5V1M4WUI5V1RNTEhZQkxIOVdfX1VOWUJVTlVOOVdTOExI,20241031
20241031,2315525-1,GOBIERNO REGIONAL DE LIMA,ORDENANZA,No 003-2024-CR/GRL,Declaran de interes y prioridad regional el fomento de la cadena productiva apicola en la region Lima,https://epdoc2.elperuano.pe/EpPo/DescargaINDA.asp?Referencias=NDM5VzlXOVc5V1M4WUI5V1RNTEhZQkxIOVdfX1VOTEhVTlVOOVdTOExI,20241031
20241031,2328689-1,GOBIERNO REGIONAL DE PUNO,ORDENANZA,No 016 -2024-GRP-CRP,Ordenanza Regional que modifica el articulo Primero de la Ordenanza Regional No 015-2015-GRP-CRP por el cual se conforma el Consejo Regional de la Mujer en la Region de Puno,https://epdoc2.elperuano.pe/EpPo/DescargaINDA.asp?Referencias=NDM5VzlXOVc5V1M4WUI5V1RNTEhZQkxIOVdfX1lYWENWQlhDTEhTOExI,20241031
20241031,2339164-1,MUNICIPALIDAD DE CIENEGUILLA,Decretos de Alcaldia,No 019-2024-MDC,Prorrogan vigencia de la Ordenanza No 384-2024-MDC que otorgo beneficios tributarios para el pago de Impuesto Predial Arbitrios Municipales y Multas Tributarias en el distrito de Cieneguilla,https://epdoc2.elperuano.pe/EpPo/DescargaINDA.asp?Referencias=NDM5VzlXOVc5V1M4WUI5V1RNTEhZQkxIOVdfX1RNVkI5V1lYUzhTOExI,20241031
20241031,2339236-1,MUNICIPALIDAD DE LINCE,DECRETO DE ALCALDIA,No 11-2024-MDL,Prorrogan el plazo de vencimiento de la Ordenanza No 516-2024-MDL respecto al Beneficio para Regularizacion y Actualizacion Tributaria en el distrito de Lince,https://epdoc2.elperuano.pe/EpPo/DescargaINDA.asp?Referencias=NDM5VzlXOVc5V1M4WUI5V1RNTEhZQkxIOVdfX1ZCUzhMSFlYUzhTOExI,20241031
20241031,2340306-1,MUNICIPALIDAD DE MIRAFLORES,DECRETO DE ALCALDIA,No 020-2024/MM,Prorrogan vigencia de la Ordenanza No 650/MM que modifico la Ordenanza No 645/MM Ordenanza que establece beneficios para el pago voluntario de las multas administrativas emitidas por la Municipalidad de Miraflores,https://epdoc2.elperuano.pe/EpPo/DescargaINDA.asp?Referencias=NDM5VzlXOVc5V1M4WUI5V1RNTEhZQkxIOVdfX1ZCWUJTOFlCVE1TOExI,20241031
20241031,2339191-1,MUNICIPALIDAD DE PUENTE PIEDRA,ORDENANZA,No 459-MDPP,Ordenanza que modifica parcialmente el Reglamento de Organizacion y Funciones (ROF) de la Municipalidad Distrital de Puente Piedra aprobado por Ordenanza No 454-MDPP,https://epdoc2.elperuano.pe/EpPo/DescargaINDA.asp?Referencias=NDM5VzlXOVc5V1M4WUI5V1RNTEhZQkxIOVdfXzlXWVg5V1lYUzhTOExI,20241031
20241031,2340076-1,MUNICIPALIDAD DEL RIMAC,Decretos de Alcaldia,No 011-2024-MDR,Prorrogan vigencia de Ordenanza No 645-MDR que otorga beneficios tributarios a los contribuyentes del distrito del Rimac,https://epdoc2.elperuano.pe/EpPo/DescargaINDA.asp?Referencias=NDM5VzlXOVc5V1M4WUI5V1RNTEhZQkxIOVdfX1ZCV1ZZQllCVE1TOExI,20241031
20241031,2339944-1,MUNICIPALIDAD DE SAN JUAN DE LURIGANCHO,Decretos de Alcaldia,No 020-2024-MDSJL,Prorrogan vigencia de la Ordenanza No 483-MDSJL que establece el Regimen de beneficios tributarios y no tributarios para los contribuyentes y administrados que cumplan con la regularizacion de sus obligaciones en el distrito San Juan de Lurigancho,https://epdoc2.elperuano.pe/EpPo/DescargaINDA.asp?Referencias=NDM5VzlXOVc5V1M4WUI5V1RNTEhZQkxIOVdfX1RNVE1ZWFlYUzhTOExI,20241031
20241031,2338770-1,MUNICIPALIDAD DE SAN LUIS,DECRETO DE ALCALDIA,No 010-2024-MDSL,Prorrogan vigencia de la Ordenanza No 366-MDSL/C que otorga beneficios tributarios a favor de contribuyentes del distrito de San Luis,https://epdoc2.elperuano.pe/EpPo/DescargaINDA.asp?Referencias=NDM5VzlXOVc5V1M4WUI5V1RNTEhZQkxIOVdfX1lCV1ZXVlhDUzhTOExI,20241031
20241031,2338773-1,MUNICIPALIDAD DE SAN LUIS,DECRETO DE ALCALDIA,No 011-2024-MDSL,Prorrogan vigencia de la Ordenanza No 367-MDSL/C que otorga beneficios para el pago de multas administrativas en la jurisdiccion del distrito de San Luis,https://epdoc2.elperuano.pe/EpPo/DescargaINDA.asp?Referencias=NDM5VzlXOVc5V1M4WUI5V1RNTEhZQkxIOVdfX1M4V1ZXVlhDUzhTOExI,20241031
20241031,2339722-1,MUNICIPALIDAD DE SAN MARTIN DE PORRES,ORDENANZA,No 574 /MDSMP,Ordenanza que aprueba el regimen tributario que establece el derecho de emision mecanizada para el ejercicio fiscal 2025,https://epdoc2.elperuano.pe/EpPo/DescargaINDA.asp?Referencias=NDM5VzlXOVc5V1M4WUI5V1RNTEhZQkxIOVdfX0xITEhXVllYUzhTOExI,20241031
20241031,2339728-1,MUNICIPALIDAD DE SAN MARTIN DE PORRES,ORDENANZA,No 575 /MDSMP,Ordenanza que establece incentivos tributarios y no tributarios en el distrito de San Martin de Porres,https://epdoc2.elperuano.pe/EpPo/DescargaINDA.asp?Referencias=NDM5VzlXOVc5V1M4WUI5V1RNTEhZQkxIOVdfX1hDTEhXVllYUzhTOExI,20241031
20241031,2334444-1,MUNICIPALIDAD DE SAN MIGUEL,ORDENANZA,No 504/MDSM,Modifican el Reglamento Interno del Concejo de la Municipalidad Distrital de San Miguel,https://epdoc2.elperuano.pe/EpPo/DescargaINDA.asp?Referencias=NDM5VzlXOVc5V1M4WUI5V1RNTEhZQkxIOVdfX1RNVE1UTVRNUzhTOExI,20241031
20241031,2338873-1,MUNICIPALIDAD DE SANTIAGO DE SURCO,DECRETO DE ALCALDIA,No 022-2024-MSS,Prorrogan vigencia de la Ordenanza No 710-MSS que aprueba el Regimen de Saneamiento Tributario Especial,https://epdoc2.elperuano.pe/EpPo/DescargaINDA.asp?Referencias=NDM5VzlXOVc5V1M4WUI5V1RNTEhZQkxIOVdfX1M4V1ZYQ1hDUzhTOExI,20241031
20241031,2339076-1,MUNICIPALIDAD DE VILLA EL SALVADOR,DECRETO DE ALCALDIA,No 013-2024-ALC/MVES,Prorrogan plazo de vigencia de la Ordenanza No 510-MVES que establecio beneficios tributarios y no tributarios en el distrito de Villa El Salvador,https://epdoc2.elperuano.pe/EpPo/DescargaINDA.asp?Referencias=NDM5VzlXOVc5V1M4WUI5V1RNTEhZQkxIOVdfX1ZCV1ZZQllYUzhTOExI,20241031
20241031,2338311-1,MUNICIPALIDAD DE VENTANILLA,DECRETO DE ALCALDIA,No 10-2024/MDV-ALC,Prorrogan vigencia de la Ordenanza No 012-2024/MDV que establecio beneficios para la regularizacion de deudas tributarias y no tributarias,https://epdoc2.elperuano.pe/EpPo/DescargaINDA.asp?Referencias=NDM5VzlXOVc5V1M4WUI5V1RNTEhZQkxIOVdfXzlXOVdTOFhDUzhTOExI,20241031
20241030,2339380-1,CONGRESO DE LA REPUBLICA,LEY,No 32147,Ley que crea el Colegio de Politologos del Peru,https://epdoc2.elperuano.pe/EpPo/DescargaINDA.asp?Referencias=NDNZQllCWUJZQlM4WUI5V1RNTEhZQkxIOVdfX1lCWENTOFlYUzhTOExI,20241031
20241030,2339817-1,PRESIDENCIA DEL CONSEJO DE MINISTROS,DECRETO SUPREMO,No 117-2024-PCM,Decreto Supremo que declara el Estado de Emergencia en varios distritos de algunas provincias del departamento de Piura por peligro inminente ante deficit hidrico,https://epdoc2.elperuano.pe/EpPo/DescargaINDA.asp?Referencias=NDNZQllCWUJZQlM4WUI5V1RNTEhZQkxIOVdfX1dWOVdYQ1lYUzhTOExI,20241031
20241030,2339261-1,PRESIDENCIA DEL CONSEJO DE MINISTROS,RESOLUCION MINISTERIAL,No 287-2024-PCM,Constituyen Comision de Transferencia a cargo de coordinar y ejecutar proceso de transferencia de recursos presupuestales recursos humanos acervo documentario entre otros del Ministerio de Defensa a la Presidencia del Consejo de Ministros,https://epdoc2.elperuano.pe/EpPo/DescargaINDA.asp?Referencias=NDNZQllCWUJZQlM4WUI5V1RNTEhZQkxIOVdfXzlXVkJMSFlYUzhTOExI,20241031
20241030,2339262-1,PRESIDENCIA DEL CONSEJO DE MINISTROS,RESOLUCION MINISTERIAL,No 288-2024-PCM,Autorizan transferencia financiera de recursos a favor del Programa de las Naciones Unidas para el Desarrollo (PNUD),https://epdoc2.elperuano.pe/EpPo/DescargaINDA.asp?Referencias=NDNZQllCWUJZQlM4WUI5V1RNTEhZQkxIOVdfX0xIVkJMSFlYUzhTOExI,20241031
20241030,2338896-1,COMERCIO EXTERIOR Y TURISMO,RESOLUCION MINISTERIAL,No 327-2024-MINCETUR,Aprueban el Manual Operativo de Ejecucion del Programa Turismo Emprende y dictan otras disposiciones,https://epdoc2.elperuano.pe/EpPo/DescargaINDA.asp?Referencias=NDNZQllCWUJZQlM4WUI5V1RNTEhZQkxIOVdfX1ZCWVhYQ1hDUzhTOExI,20241031
20241030,2338446-1,CULTURA,RESOLUCION DIRECTORAL,No 000158-2024-DGPA-VMPCIC/MC,Determinan la Proteccion Provisional del Sitio arqueologico Huaca Santa Rosa ubicado en el distrito de Santiago provincia de Ica departamento de Ica,https://epdoc2.elperuano.pe/EpPo/DescargaINDA.asp?Referencias=NDNZQllCWUJZQlM4WUI5V1RNTEhZQkxIOVdfX1ZCVE1UTVhDUzhTOExI,20241031
20241030,2338448-1,CULTURA,RESOLUCION DIRECTORAL,No 000159-2024-DGPA-VMPCIC/MC,Determinan la Proteccion Provisional del Sitio Arqueologico Huarangal ubicado en el distrito de Cieneguilla de la provincia y departamento de Lima,https://epdoc2.elperuano.pe/EpPo/DescargaINDA.asp?Referencias=NDNZQllCWUJZQlM4WUI5V1RNTEhZQkxIOVdfX1hDVE1UTVhDUzhTOExI,20241031
20241030,2338462-1,CULTURA,RESOLUCION DIRECTORAL,No 000157-2024-DGPA-VMPCIC/MC,Prorrogan el plazo de la determinacion de la proteccion provisional del paisaje arqueologico Petroglifos de San Martin de Pangoa ubicado en el distrito de Pangoa provincia de Satipo region Junin,https://epdoc2.elperuano.pe/EpPo/DescargaINDA.asp?Referencias=NDNZQllCWUJZQlM4WUI5V1RNTEhZQkxIOVdfX0xIVkJUTVhDUzhTOExI,20241031
20241030,2338486-1,CULTURA,RESOLUCION DIRECTORAL,No 000160-2024-DGPA-VMPCIC/MC,Determinan la Proteccion Provisional del Sitio Arqueologico El Marques ubicado en el distrito de Jayanca provincia y departamento de Lambayeque,https://epdoc2.elperuano.pe/EpPo/DescargaINDA.asp?Referencias=NDNZQllCWUJZQlM4WUI5V1RNTEhZQkxIOVdfX1ZCWENUTVhDUzhTOExI,20241031
20241030,2338570-1,CULTURA,RESOLUCION VICE MINISTERIAL,No 000319-2024-VMPCIC/MC,Declaran Patrimonio Cultural de la Nacion a las cuatro unidades bibliograficas (1924-1938) de la institucion Feminismo Peruano (1924) fundada por Zoila Aurora Caceres Moreno pertenecientes a la Biblioteca Nacional del Peru,https://epdoc2.elperuano.pe/EpPo/DescargaINDA.asp?Referencias=NDNZQllCWUJZQlM4WUI5V1RNTEhZQkxIOVdfX1lCV1ZVTlhDUzhTOExI,20241031
20241030,2338581-1,CULTURA,RESOLUCION VICE MINISTERIAL,No 000317-2024-VMPCIC/MC,Declaran Patrimonio Cultural de la Nacion dos unidades bibliograficas de la obra Lira patriotica del Peru: coleccion escojida de poesias nacionales desde antes de la proclamacion de la independencia hasta el dia (1853) elaboradas por Manuel Nicolas Corpancho Alarcon y Fernando Velarde Campo-Herrera,https://epdoc2.elperuano.pe/EpPo/DescargaINDA.asp?Referencias=NDNZQllCWUJZQlM4WUI5V1RNTEhZQkxIOVdfXzlXWENVTlhDUzhTOExI,20241031
20241030,2339215-1,DEFENSA,RESOLUCION MINISTERIAL,No 01206-2024-DE,Autorizan viaje de Director del Centro de Entrenamiento y Capacitacion para Operaciones de Paz (CECOPAZ - Peru) a la Republica Islamica de Pakistan en comision de servicios,https://epdoc2.elperuano.pe/EpPo/DescargaINDA.asp?Referencias=NDNZQllCWUJZQlM4WUI5V1RNTEhZQkxIOVdfX1VOOVdMSFlYUzhTOExI,20241031
20241030,2339320-1,DESARROLLO E INCLUSIoN SOCIAL,RESOLUCION,No D000649-2024-MIDIS/PNAEQW-DE,Designan Coordinador de la Coordinacion de Contabilidad de la Unidad de Administracion del Programa Nacional de Alimentacion Escolar Qali Warma,https://epdoc2.elperuano.pe/EpPo/DescargaINDA.asp?Referencias=NDNZQllCWUJZQlM4WUI5V1RNTEhZQkxIOVdfX1lCTEhTOFlYUzhTOExI,20241031
20241030,2339445-1,DESARROLLO E INCLUSIoN SOCIAL,RESOLUCION,No D000653-2024-MIDIS/PNAEQW-DE,Designan Asesora de la Direccion Ejecutiva del Programa Nacional de Alimentacion Escolar Qali Warma,https://epdoc2.elperuano.pe/EpPo/DescargaINDA.asp?Referencias=NDNZQllCWUJZQlM4WUI5V1RNTEhZQkxIOVdfX1VOVE1UTVlYUzhTOExI,20241031
20241030,2339455-1,DESARROLLO E INCLUSIoN SOCIAL,RESOLUCION,No D000654-2024-MIDIS/PNAEQW-DE,Designan Jefe de la Unidad de Asesoria Juridica del Programa Nacional de Alimentacion Escolar Qali Warma,https://epdoc2.elperuano.pe/EpPo/DescargaINDA.asp?Referencias=NDNZQllCWUJZQlM4WUI5V1RNTEhZQkxIOVdfX1VOVU5UTVlYUzhTOExI,20241031
20241030,2339329-1,EDUCACION,RESOLUCION MINISTERIAL,No 543-2024-MINEDU,Formalizan el inicio del proceso de actualizacion de la Politica Nacional de Juventud y crean Grupo de Trabajo Multisectorial,https://epdoc2.elperuano.pe/EpPo/DescargaINDA.asp?Referencias=NDNZQllCWUJZQlM4WUI5V1RNTEhZQkxIOVdfX1lYTEhTOFlYUzhTOExI,20241031
20241030,2339099-1,EDUCACION,RESOLUCION VICE MINISTERIAL,No 121-2024-MINEDU,Aprueban la Norma Tecnica denominada Norma que regula el Concurso Publico para el Ascenso de Escala de los profesores de Educacion Basica que laboran en instituciones educativas administradas por el Ministerio de Defensa en el marco de la Carrera Publica Magisterial de la Ley No 29944 Ley de Reforma Magisterial,https://epdoc2.elperuano.pe/EpPo/DescargaINDA.asp?Referencias=NDNZQllCWUJZQlM4WUI5V1RNTEhZQkxIOVdfX1lYWVhZQllYUzhTOExI,20241031
20241030,2339340-1,EDUCACION,RESOLUCION VICE MINISTERIAL,No 122-2024-MINEDU,Convocan a Concurso Publico para el Ascenso de Escala de los profesores de Educacion Basica que laboran en instituciones educativas administradas por el Ministerio de Defensa correspondiente al ano 2024 y aprueban Cronograma,https://epdoc2.elperuano.pe/EpPo/DescargaINDA.asp?Referencias=NDNZQllCWUJZQlM4WUI5V1RNTEhZQkxIOVdfX1lCVE1TOFlYUzhTOExI,20241031
20241030,2339674-1,INTERIOR,RESOLUCION MINISTERIAL,No 1332-2024-IN,Autorizan viaje de oficial de la Policia Nacional del Peru a Francia en comision de servicios,https://epdoc2.elperuano.pe/EpPo/DescargaINDA.asp?Referencias=NDNZQllCWUJZQlM4WUI5V1RNTEhZQkxIOVdfX1RNV1ZWQllYUzhTOExI,20241031
20241030,2339249-1,JUSTICIA Y DERECHOS HUMANOS,RESOLUCION MINISTERIAL,No 0275-2024-JUS,Autorizan transferencia financiera a favor del Poder Judicial,https://epdoc2.elperuano.pe/EpPo/DescargaINDA.asp?Referencias=NDNZQllCWUJZQlM4WUI5V1RNTEhZQkxIOVdfX1lYVE1MSFlYUzhTOExI,20241031
20241030,2338918-1,PRODUCE,RESOLUCION,No 000174-2024-ITP/DE,Modifican el Tarifario de Servicios Tecnologicos del Centro de Innovacion Productiva y Transferencia Tecnologica Agroindustrial Vraem - CITEagroindustrial Vraem,https://epdoc2.elperuano.pe/EpPo/DescargaINDA.asp?Referencias=NDNZQllCWUJZQlM4WUI5V1RNTEhZQkxIOVdfX1hDOVdZWFhDUzhTOExI,20241031
20241030,2339243-1,PRODUCE,RESOLUCION MINISTERIAL,No 000431-2024-PRODUCE,Disponen la publicacion del proyecto de Decreto Supremo que modifica el Reglamento de la Ley General de Pesca aprobado por Decreto Supremo No 012-2001-PE y su exposicion de motivos,https://epdoc2.elperuano.pe/EpPo/DescargaINDA.asp?Referencias=NDNZQllCWUJZQlM4WUI5V1RNTEhZQkxIOVdfX1M4VE1MSFlYUzhTOExI,20241031
20241030,2339246-1,PRODUCE,RESOLUCION MINISTERIAL,No 000432-2024-PRODUCE,Disponen la publicacion del proyecto de Decreto Supremo que aprueba normas temporales complementarias para la aplicacion del Regimen Excepcional de Reduccion para el pago de multas administrativas en el sector pesca y acuicultura y otras disposiciones y su exposicion de motivos,https://epdoc2.elperuano.pe/EpPo/DescargaINDA.asp?Referencias=NDNZQllCWUJZQlM4WUI5V1RNTEhZQkxIOVdfX1ZCVE1MSFlYUzhTOExI,20241031
20241030,2339250-1,PRODUCE,RESOLUCION MINISTERIAL,No 000433-2024-PRODUCE,Establecen disposiciones aplicables al pago de decomiso de productos hidrobiologicos en el marco del articulo 49 del Reglamento de Fiscalizacion y Sancion de las Actividades Pesqueras y Acuicolas aprobado por D.S. No 017-2017-PRODUCE,https://epdoc2.elperuano.pe/EpPo/DescargaINDA.asp?Referencias=NDNZQllCWUJZQlM4WUI5V1RNTEhZQkxIOVdfX1lCVU5MSFlYUzhTOExI,20241031
20241030,2339252-1,PRODUCE,RESOLUCION MINISTERIAL,No 000434-2024-PRODUCE,Designan a los representantes titular y alterno del Ministerio de la Produccion ante el Nucleo Ejecutor de Compras (NEC) para el sector productivo de Cuero y Calzado,https://epdoc2.elperuano.pe/EpPo/DescargaINDA.asp?Referencias=NDNZQllCWUJZQlM4WUI5V1RNTEhZQkxIOVdfX0xIVU5MSFlYUzhTOExI,20241031
20241030,2339257-1,PRODUCE,RESOLUCION MINISTERIAL,No 000435-2024-PRODUCE,Aprueban el Reglamento Operativo del Instrumento de Servicios No Financieros denominado Programa de Apoyo a la Internacionalizacion - PAI,https://epdoc2.elperuano.pe/EpPo/DescargaINDA.asp?Referencias=NDNZQllCWUJZQlM4WUI5V1RNTEhZQkxIOVdfX1dWVU5MSFlYUzhTOExI,20241031
20241030,2339378-1,RELACIONES EXTERIORES,DECRETO SUPREMO,No 047-2024-RE,Decreto Supremo que dispone el cierre de los Consulados del Peru en Malaga Oviedo y Zaragoza Reino de Espana,https://epdoc2.elperuano.pe/EpPo/DescargaINDA.asp?Referencias=NDNZQllCWUJZQlM4WUI5V1RNTEhZQkxIOVdfX1hDV1ZTOFlYUzhTOExI,20241031
20241030,2339378-2,RELACIONES EXTERIORES,RESOLUCION SUPREMA,No 193-2024-RE,Dejan sin efecto la R.S. No 207-2017-RE que nombro a Viceconsul Honoraria del Peru en la ciudad de Rosario Republica Argentina,https://epdoc2.elperuano.pe/EpPo/DescargaINDA.asp?Referencias=NDNZQllCWUJZQlM4WUI5V1RNTEhZQkxITEhfX1hDV1ZTOFlYUzhTOExI,20241031
20241030,2338920-1,SALUD,RESOLUCION MINISTERIAL,No 742-2024/MINSA,Autorizan viaje de profesional del CENSOPAS del Instituto Nacional de Salud a Cuba en comision de servicios,https://epdoc2.elperuano.pe/EpPo/DescargaINDA.asp?Referencias=NDNZQllCWUJZQlM4WUI5V1RNTEhZQkxIOVdfX1lCTEhZWFhDUzhTOExI,20241031
20241030,2338923-1,SALUD,RESOLUCION MINISTERIAL,No 743-2024/MINSA,Modifican el Plan de Estrategia Publicitaria del Ministerio de Salud - Ano 2024,https://epdoc2.elperuano.pe/EpPo/DescargaINDA.asp?Referencias=NDNZQllCWUJZQlM4WUI5V1RNTEhZQkxIOVdfX1M4TEhZWFhDUzhTOExI,20241031
20241030,2338647-1,TRANSPORTES Y COMUNICACIONES,RESOLUCION DIRECTORAL,No 0621-2024-MTC/17.03,Autorizan a la empresa REVISION TECNICA VEHICULAR GRUPO FEDY S.A.C. para operar como Centro de Inspeccion Tecnica Vehicular Fijo en local ubicado en el departamento de Ayacucho,https://epdoc2.elperuano.pe/EpPo/DescargaINDA.asp?Referencias=NDNZQllCWUJZQlM4WUI5V1RNTEhZQkxIOVdfX1dWVE1WQlhDUzhTOExI,20241031
20241030,2339348-1,TRANSPORTES Y COMUNICACIONES,RESOLUCION DIRECTORAL,No 1128-2024-MTC/20,Designan Jefe de la Oficina de Administracion del Programa denominado Proyecto Especial de Infraestructura de Transporte Nacional - PROViAS NACIONAL,https://epdoc2.elperuano.pe/EpPo/DescargaINDA.asp?Referencias=NDNZQllCWUJZQlM4WUI5V1RNTEhZQkxIOVdfX1hDVE1TOFlYUzhTOExI,20241031
20241030,2338563-1,TRANSPORTES Y COMUNICACIONES,RESOLUCION MINISTERIAL,No 624-2024-MTC/01.03,Otorgan a la empresa Soluciones Fibratec Sistemas S.A.C. concesion unica para la prestacion de servicios publicos de telecomunicaciones en area que comprende todo el territorio nacional,https://epdoc2.elperuano.pe/EpPo/DescargaINDA.asp?Referencias=NDNZQllCWUJZQlM4WUI5V1RNTEhZQkxIOVdfX1M4VkJVTlhDUzhTOExI,20241031
20241030,2338937-1,VIVIENDA  CONSTRUCCIoN Y SANEAMIENTO,RESOLUCION MINISTERIAL,No 410-2024-VIVIENDA,Autorizan Transferencia Financiera a favor de la Entidad Prestadora de Servicios de Saneamiento Grau Sociedad Anonima - EPS GRAU S.A.,https://epdoc2.elperuano.pe/EpPo/DescargaINDA.asp?Referencias=NDNZQllCWUJZQlM4WUI5V1RNTEhZQkxIOVdfX1dWUzhZWFhDUzhTOExI,20241031
20241030,2339269-1,VIVIENDA  CONSTRUCCIoN Y SANEAMIENTO,RESOLUCION MINISTERIAL,No 411-2024-VIVIENDA,Aprueban los Valores Unitarios Oficiales de Edificacion para Lima Metropolitana y la Provincia Constitucional del Callao la Costa la Sierra y la Selva vigentes para el Ejercicio Fiscal 2025,https://epdoc2.elperuano.pe/EpPo/DescargaINDA.asp?Referencias=NDNZQllCWUJZQlM4WUI5V1RNTEhZQkxIOVdfX1lYVkJMSFlYUzhTOExI,20241031
20241030,2339379-1,VIVIENDA  CONSTRUCCIoN Y SANEAMIENTO,RESOLUCION MINISTERIAL,No 414-2024-VIVIENDA,Designan Directora de la Direccion de Gestion y Coordinacion en Construccion y Saneamiento,https://epdoc2.elperuano.pe/EpPo/DescargaINDA.asp?Referencias=NDNZQllCWUJZQlM4WUI5V1RNTEhZQkxIOVdfX1lYV1ZTOFlYUzhTOExI,20241031
20241030,2339295-1,ORGANISMO DE FORMALIZACIoN DE LA PROPIEDAD INFORMAL,RESOLUCION DIRECTORAL,No D000153-2024-COFOPRI-DE,Designan responsable de la Unidad Ejecutora de Inversiones del Proyecto: Creacion del Servicio de Catastro Urbano en distritos priorizados de las provincias de Chiclayo y Lambayeque del departamento de Lambayeque la provincia de Lima del departamento de Lima y la provincia de Piura del departamento de Piura,https://epdoc2.elperuano.pe/EpPo/DescargaINDA.asp?Referencias=NDNZQllCWUJZQlM4WUI5V1RNTEhZQkxIOVdfX1VOWVhMSFlYUzhTOExI,20241031
20241030,2339189-1,ORGANISMO DE SUPERVISION DE LOS RECURSOS FORESTALES Y DE FAUNA SILVESTRE,RESOLUCION JEFATURAL,No 00052-2024-OSINFOR/01.1,Aprueban la Directiva de Compensacion de Multas Impuestas por el Organismo de Supervision de los Recursos Forestales y de Fauna Silvestre - OSINFOR,https://epdoc2.elperuano.pe/EpPo/DescargaINDA.asp?Referencias=NDNZQllCWUJZQlM4WUI5V1RNTEhZQkxIOVdfX1lYWEM5V1lYUzhTOExI,20241031
20241030,2339203-1,ORGANISMO SUPERVISOR DE LA INVERSIoN EN ENERGiA Y MINERiA,RESOLUCION,No 040-2024-OS/GRT,Resolucion que aprueba el programa de transferencias mensuales de los recursos del FISE habilitados para el Mecanismo de Compensacion de la Tarifa Electrica Residencial a las distribuidoras electricas para el periodo del 01 de noviembre de 2024 al 03 de febrero de 2025 de acuerdo a lo dispuesto en la Ley No 30468,https://epdoc2.elperuano.pe/EpPo/DescargaINDA.asp?Referencias=NDNZQllCWUJZQlM4WUI5V1RNTEhZQkxIOVdfX1M4WUJMSFlYUzhTOExI,20241031
20241030,2339211-1,ORGANISMO SUPERVISOR DE LA INVERSIoN EN ENERGiA Y MINERiA,RESOLUCION,No 041-2024-OS/GRT,Aprueban el Factor de Recargo del Fondo de Compensacion Social Electrica aplicable en la facturacion del periodo del 01 de noviembre de 2024 al 03 de febrero de 2025 y dictan otras disposiciones,https://epdoc2.elperuano.pe/EpPo/DescargaINDA.asp?Referencias=NDNZQllCWUJZQlM4WUI5V1RNTEhZQkxIOVdfXzlXOVdMSFlYUzhTOExI,20241031
20241030,2339359-1,ORGANISMO SUPERVISOR DE LA INVERSIoN EN INFRAESTRUCTURA DE TRANSPORTE DE USO PuBLICO,RESOLUCION,No 0068-2024-PD-OSITRAN,Aprueban el Informe Conjunto No 00163-2024-IC-OSITRAN y disponen inicio de procedimiento de interpretacion del cuarto parrafo del numeral 2 del Apendice 3 del Anexo 8 del Contrato de Concesion del Segundo Grupo de Aeropuertos de Provincia de la Republica del Peru y su aplicacion,https://epdoc2.elperuano.pe/EpPo/DescargaINDA.asp?Referencias=NDNZQllCWUJZQlM4WUI5V1RNTEhZQkxIOVdfX1lYVU5TOFlYUzhTOExI,20241031
20241030,2339195-1,AUTORIDAD NACIONAL DEL AGUA,RESOLUCION JEFATURAL,No 0424-2024-ANA,Rectifican error material contenido en el Articulo 1 de la Resolucion Jefatural No 0238-2024-ANA,https://epdoc2.elperuano.pe/EpPo/DescargaINDA.asp?Referencias=NDNZQllCWUJZQlM4WUI5V1RNTEhZQkxIOVdfX1VOWVg5V1lYUzhTOExI,20241031
20241030,2339006-1,PROCURADURiA GENERAL DEL ESTADO,RESOLUCION,No D000709-2024-JUS/PGE-PG,Designan procurador publico adjunto de la Oficina Nacional de Procesos Electorales - ONPE,https://epdoc2.elperuano.pe/EpPo/DescargaINDA.asp?Referencias=NDNZQllCWUJZQlM4WUI5V1RNTEhZQkxIOVdfX1ZCWUJZQllYUzhTOExI,20241031
20241030,2338887-1,SERVICIO NACIONAL DE AREAS NATURALES PROTEGIDAS POR EL ESTADO,RESOLUCION,No 000202-2024-SERNANP/J-SGD,Autorizan Transferencia Financiera del Servicio Nacional de areas Naturales Protegidas por el Estado a favor del Ministerio de Defensa,https://epdoc2.elperuano.pe/EpPo/DescargaINDA.asp?Referencias=NDNZQllCWUJZQlM4WUI5V1RNTEhZQkxIOVdfX1dWWENYQ1hDUzhTOExI,20241031
20241030,2339071-1,SUPERINTENDENCIA NACIONAL DE FISCALIZACIoN LABORAL,RESOLUCION,No 235-2024-SUNAFIL,Designan Intendente Regional de la Intendencia Regional de Lambayeque de la SUNAFIL,https://epdoc2.elperuano.pe/EpPo/DescargaINDA.asp?Referencias=NDNZQllCWUJZQlM4WUI5V1RNTEhZQkxIOVdfXzlXV1ZZQllYUzhTOExI,20241031
20241030,2339356-1,SUPERINTENDENCIA NACIONAL DE FISCALIZACIoN LABORAL,RESOLUCION,No 237-2024-SUNAFIL,Designan Intendente Regional de la Intendencia Regional de Tumbes de la SUNAFIL,https://epdoc2.elperuano.pe/EpPo/DescargaINDA.asp?Referencias=NDNZQllCWUJZQlM4WUI5V1RNTEhZQkxIOVdfX1ZCVU5TOFlYUzhTOExI,20241031
20241030,2339292-1,SUPERINTENDENCIA NACIONAL DE SALUD,RESOLUCION,No 210-2024-SUSALUD/S,Disponen la publicacion del Proyecto de norma que aprueba las Disposiciones del Modelo de Transaccion Electronica del Proceso de Acreditacion de Asegurados en el Aseguramiento Universal en Salud - Modelo ACREDITA SALUD,https://epdoc2.elperuano.pe/EpPo/DescargaINDA.asp?Referencias=NDNZQllCWUJZQlM4WUI5V1RNTEhZQkxIOVdfX0xIWVhMSFlYUzhTOExI,20241031
20241030,2339205-1,CORTE SUPREMA DE JUSTICIA,RESOLUCION ADMINISTRATIVA,No 000045-2024-SP-CS-PJ,Eligen Presidente del Jurado Nacional de Elecciones y representantes suplentes de la Corte Suprema de Justicia ante el JNE para el periodo 2024 - 2028,https://epdoc2.elperuano.pe/EpPo/DescargaINDA.asp?Referencias=NDNZQllCWUJZQlM4WUI5V1RNTEhZQkxIOVdfX1VOWUJMSFlYUzhTOExI,20241031
20241030,2338780-1,INSTITUCIONES EDUCATIVAS,RESOLUCION,No 013161-2024-R/UNMSM,Designan miembros del Comite de Promocion de la Inversion Privada de la Universidad Nacional Mayor de San Marcos,https://epdoc2.elperuano.pe/EpPo/DescargaINDA.asp?Referencias=NDNZQllCWUJZQlM4WUI5V1RNTEhZQkxIOVdfX1lCWENXVlhDUzhTOExI,20241031
20241030,2338883-1,INSTITUCIONES EDUCATIVAS,RESOLUCION,No 013162-2024-R/UNMSM,Ratifican resolucion que autoriza viaje de Decano de la Facultad de Derecho y Ciencia Politica de la Universidad Nacional Mayor de San Marcos a Espana en comision de servicios,https://epdoc2.elperuano.pe/EpPo/DescargaINDA.asp?Referencias=NDNZQllCWUJZQlM4WUI5V1RNTEhZQkxIOVdfX1M4WENYQ1hDUzhTOExI,20241031
20241030,2338916-1,INSTITUCIONES EDUCATIVAS,RESOLUCION,No 013166-2024-R/UNMSM,Ratifican resolucion que autoriza viaje de docente de la Facultad de Ciencias Contables de la Universidad Nacional Mayor de San Marcos a Espana en comision de servicios,https://epdoc2.elperuano.pe/EpPo/DescargaINDA.asp?Referencias=NDNZQllCWUJZQlM4WUI5V1RNTEhZQkxIOVdfX1ZCOVdZWFhDUzhTOExI,20241031
20241030,2339229-1,MINISTERIO PUBLICO,RESOLUCION,No 2401-2024-MP-FN,Designan fiscal en el despacho de la Fiscalia Provincial Corporativa Especializada Contra la Criminalidad Organizada de Lambayeque,https://epdoc2.elperuano.pe/EpPo/DescargaINDA.asp?Referencias=NDNZQllCWUJZQlM4WUI5V1RNTEhZQkxIOVdfX1lYTEhMSFlYUzhTOExI,20241031
20241030,2339229-2,MINISTERIO PUBLICO,RESOLUCION,No 2402-2024-MP-FN,Designan fiscal en el despacho de la Segunda Fiscalia Provincial Corporativa Especializada en Violencia contra las Mujeres y los Integrantes del Grupo Familiar de Lima,https://epdoc2.elperuano.pe/EpPo/DescargaINDA.asp?Referencias=NDNZQllCWUJZQlM4WUI5V1RNTEhZQkxITEhfX1lYTEhMSFlYUzhTOExI,20241031
20241030,2339229-3,MINISTERIO PUBLICO,RESOLUCION,No 2403-2024-MP-FN,Designan fiscal en el Equipo de Apoyo Fiscal del Distrito Fiscal de Lima Centro,https://epdoc2.elperuano.pe/EpPo/DescargaINDA.asp?Referencias=NDNZQllCWUJZQlM4WUI5V1RNTEhZQkxIUzhfX1lYTEhMSFlYUzhTOExI,20241031
20241030,2339229-4,MINISTERIO PUBLICO,RESOLUCION,No 2404-2024-MP-FN,Designan fiscal en el Equipo de Apoyo Fiscal del Distrito Fiscal de Lima Centro,https://epdoc2.elperuano.pe/EpPo/DescargaINDA.asp?Referencias=NDNZQllCWUJZQlM4WUI5V1RNTEhZQkxIVE1fX1lYTEhMSFlYUzhTOExI,20241031
20241030,2339229-5,MINISTERIO PUBLICO,RESOLUCION,No 2405-2024-MP-FN,Designan fiscal en el despacho de la Sexta Fiscalia Provincial Corporativa Especializada en Violencia contra las Mujeres y los Integrantes del Grupo Familiar de Lima y nombran fiscal provincial provisional transitoria del Distrito Fiscal de Lima Centro,https://epdoc2.elperuano.pe/EpPo/DescargaINDA.asp?Referencias=NDNZQllCWUJZQlM4WUI5V1RNTEhZQkxIVU5fX1lYTEhMSFlYUzhTOExI,20241031
20241030,2339229-6,MINISTERIO PUBLICO,RESOLUCION,No 2406-2024-MP-FN,Designan fiscales en los Distritos Fiscales de Arequipa y Tacna,https://epdoc2.elperuano.pe/EpPo/DescargaINDA.asp?Referencias=NDNZQllCWUJZQlM4WUI5V1RNTEhZQkxIVkJfX1lYTEhMSFlYUzhTOExI,20241031
20241030,2339229-7,MINISTERIO PUBLICO,RESOLUCION,No 2407-2024-MP-FN,Designan fiscal en el despacho de la Fiscalia Provincial Penal Corporativa de Tacna,https://epdoc2.elperuano.pe/EpPo/DescargaINDA.asp?Referencias=NDNZQllCWUJZQlM4WUI5V1RNTEhZQkxIV1ZfX1lYTEhMSFlYUzhTOExI,20241031
20241030,2339229-8,MINISTERIO PUBLICO,RESOLUCION,No 2408-2024-MP-FN,Designan fiscal en el despacho de la Primera Fiscalia Provincial Penal Corporativa de Tambopata,https://epdoc2.elperuano.pe/EpPo/DescargaINDA.asp?Referencias=NDNZQllCWUJZQlM4WUI5V1RNTEhZQkxIWENfX1lYTEhMSFlYUzhTOExI,20241031
20241030,2339229-9,MINISTERIO PUBLICO,RESOLUCION,No 2409-2024-MP-FN,Designan fiscal en el despacho de la Fiscalia Provincial Mixta de Nepena,https://epdoc2.elperuano.pe/EpPo/DescargaINDA.asp?Referencias=NDNZQllCWUJZQlM4WUI5V1RNTEhZQkxIWVhfX1lYTEhMSFlYUzhTOExI,20241031
20241030,2337257-1,MUNICIPALIDAD DE CHORRILLOS,Ordenanzas,No 495-MDCH,Ordenanza que otorga beneficios de descuento de multas administrativas impuestas por la Subgerencia de Inspeccion y Control de Sanciones con antelacion al 1 de enero de 2024,https://epdoc2.elperuano.pe/EpPo/DescargaINDA.asp?Referencias=NDNZQllCWUJZQlM4WUI5V1RNTEhZQkxIOVdfX1dWVU5MSFdWUzhTOExI,20241031
20241030,2337442-1,MUNICIPALIDAD DE CHORRILLOS,Ordenanzas,No 496-MDCH,Ordenanza que regula la celebracion de Matrimonio Civil Comunitario 2024,https://epdoc2.elperuano.pe/EpPo/DescargaINDA.asp?Referencias=NDNZQllCWUJZQlM4WUI5V1RNTEhZQkxIOVdfX0xIVE1UTVdWUzhTOExI,20241031
20241030,2339553-1,MUNICIPALIDAD DE COMAS,ACUERDO,No 025-2024/MDC,Aprueban iniciativa legislativa denominada Proyecto de Ley que Prohibe la Circulacion de Motos Lineales con mas de un ocupante y autorizan su remision al Congreso de la Republica,https://epdoc2.elperuano.pe/EpPo/DescargaINDA.asp?Referencias=NDNZQllCWUJZQlM4WUI5V1RNTEhZQkxIOVdfX1M4VU5VTllYUzhTOExI,20241031
20241030,2339330-1,MUNICIPALIDAD DE JESUS MARIA,ORDENANZA,No 728-MDJM,Ordenanza que modifica el Reglamento de Organizacion y Funciones (ROF) y la Estructura Organica de la Municipalidad Distrital de Jesus Maria,https://epdoc2.elperuano.pe/EpPo/DescargaINDA.asp?Referencias=NDNZQllCWUJZQlM4WUI5V1RNTEhZQkxIOVdfX1lCUzhTOFlYUzhTOExI,20241031
20241030,2339334-1,MUNICIPALIDAD DE JESUS MARIA,ORDENANZA,No 729-MDJM,Prorrogan para el ejercicio 2025 la vigencia de la Ordenanza No 677-MJDM que regula el monto del derecho de emision mecanizada de actualizacion de valores determinacion del tributo y distribucion domiciliaria del impuesto predial y arbitrios municipales del ejercicio 2023 prorrogada por la Ordenanza No 698-MDJM para el ejercicio del 2024,https://epdoc2.elperuano.pe/EpPo/DescargaINDA.asp?Referencias=NDNZQllCWUJZQlM4WUI5V1RNTEhZQkxIOVdfX1RNUzhTOFlYUzhTOExI,20241031
20241030,2339342-1,MUNICIPALIDAD DE JESUS MARIA,ORDENANZA,No 730-MDJM,Ordenanza que establece incentivos tributarios en el distrito de Jesus Maria,https://epdoc2.elperuano.pe/EpPo/DescargaINDA.asp?Referencias=NDNZQllCWUJZQlM4WUI5V1RNTEhZQkxIOVdfX0xIVE1TOFlYUzhTOExI,20241031
20241030,2339208-1,MUNICIPALIDAD DE LURIGANCHO CHOSICA,ACUERDO,No 083-2024-MDL,Autorizan viaje de regidores a Republica Dominicana en comision de servicios,https://epdoc2.elperuano.pe/EpPo/DescargaINDA.asp?Referencias=NDNZQllCWUJZQlM4WUI5V1RNTEhZQkxIOVdfX1hDWUJMSFlYUzhTOExI,20241031
20241030,2338095-1,MUNICIPALIDAD DE MAGDALENA DEL MAR,ORDENANZA,No 247-2024-MDMM,Modifican la Ordenanza No215-2024-MDMM que regula el otorgamiento de licencias de funcionamiento y autorizaciones conexas y derivadas para el desarrollo de actividades economicas,https://epdoc2.elperuano.pe/EpPo/DescargaINDA.asp?Referencias=NDNZQllCWUJZQlM4WUI5V1RNTEhZQkxIOVdfX1VOWVhZQlhDUzhTOExI,20241031
20241030,2337921-1,MUNICIPALIDAD DE PUCUSANA,Decretos de Alcaldia,No 012-2024/MDP,Prorrogan vigencia de la Ordenanza No 362-2024/MDP que otorga beneficios tributarios en el distrito de Pucusana.,https://epdoc2.elperuano.pe/EpPo/DescargaINDA.asp?Referencias=NDNZQllCWUJZQlM4WUI5V1RNTEhZQkxIOVdfXzlXTEhZWFdWUzhTOExI,20241031
20241030,2338798-1,MUNICIPALIDAD DE SAN JUAN DE MIRAFLORES,DECRETO DE ALCALDIA,No 018-2024/MDSJM,Prorrogan plazo de vigencia contenido en la Ordenanza No 529/MDSJM que establece incentivos tributarios en el distrito de San Juan de Miraflores,https://epdoc2.elperuano.pe/EpPo/DescargaINDA.asp?Referencias=NDNZQllCWUJZQlM4WUI5V1RNTEhZQkxIOVdfX1hDWVhXVlhDUzhTOExI,20241031
20241030,2337587-1,MUNICIPALIDAD DE SANTA ROSA,ORDENANZA,No 573/MDSR,Ordenanza que establece la obligacion de reposicion completa y mejorada de la calzada por empresas que realicen trabajos en las vias publicas locales en el distrito de Santa Rosa,https://epdoc2.elperuano.pe/EpPo/DescargaINDA.asp?Referencias=NDNZQllCWUJZQlM4WUI5V1RNTEhZQkxIOVdfX1dWWENVTldWUzhTOExI,20241031
20241030,2336924-1,MUNICIPALIDAD DE SURQUILLO,Ordenanzas,No 552-2024-MDS,Ordenanza que aprueba la conformacion de la Instancia de Articulacion Local de Desarrollo e Inclusion Social del distrito de Surquillo,https://epdoc2.elperuano.pe/EpPo/DescargaINDA.asp?Referencias=NDNZQllCWUJZQlM4WUI5V1RNTEhZQkxIOVdfX1RNTEhZWFZCUzhTOExI,20241031
20241030,2338889-1,MUNICIPALIDAD PROVINCIAL DEL CALLAO,DECRETO DE ALCALDIA,No 020-2024-ALC/MPC,Aprueban el Anexo unico que contiene la relacion de efectivos policiales pertenecientes a la Division de Operaciones Especiales de la PNP que se encuentran exonerados del pago de tasa administrativa por derecho de tramite para la expedicion de licencia de conducir de vehiculo menor de Clase B,https://epdoc2.elperuano.pe/EpPo/DescargaINDA.asp?Referencias=NDNZQllCWUJZQlM4WUI5V1RNTEhZQkxIOVdfX1lYWENYQ1hDUzhTOExI,20241031
20241030,2337557-1,MUNICIPALIDAD PROVINCIAL DE TAMBOPATA,ACUERDO,No 436-2024-CMPT-SO,Autorizan viaje de alcalde para participar en evento que se realizara en Brasil,https://epdoc2.elperuano.pe/EpPo/DescargaINDA.asp?Referencias=NDNZQllCWUJZQlM4WUI5V1RNTEhZQkxIOVdfX1dWVU5VTldWUzhTOExI,20241031
20241030,2334008-1,MUNICIPALIDAD DISTRITAL DE ICHUnA,ORDENANZA,No 002-2017,Aprueban la creacion de la Oficina Municipal de Atencion a la Persona con Discapacidad - OMAPED,https://epdoc2.elperuano.pe/EpPo/DescargaINDA.asp?Referencias=NDNZQllCWUJZQlM4WUI5V1RNTEhZQkxIOVdfX1hDWUJZQlRNUzhTOExI,20241031
20241030,2337779-1,MUNICIPALIDAD DISTRITAL DE NUEVO CHIMBOTE,ORDENANZA,No 010-2024-MDNCH,Ordenanza que aprueba el nuevo Reglamento de Aplicacion de Sanciones Administrativas (RAS) el Cuadro unico de Infracciones y Sanciones (CUIS) Formularios y el Regimen de Gradualidad e Incentivos de la Municipalidad Distrital de Nuevo Chimbote,https://epdoc2.elperuano.pe/EpPo/DescargaINDA.asp?Referencias=NDNZQllCWUJZQlM4WUI5V1RNTEhZQkxIOVdfX1lYV1ZXVldWUzhTOExI,20241031
20241030,2338603-1,MUNICIPALIDAD DISTRITAL DE PUQUINA,ORDENANZA,No 012- 2024 - CM/MDP,Aprueban la incorporacion de la Oficina Municipal para la atencion a la Persona con Discapacidad (OMAPED) a la estructura organica de la Municipalidad Distrital de Puquina y dictan otras disposiciones,https://epdoc2.elperuano.pe/EpPo/DescargaINDA.asp?Referencias=NDNZQllCWUJZQlM4WUI5V1RNTEhZQkxIOVdfX1M4WUJWQlhDUzhTOExI,20241031
20241030,2338567-1,MUNICIPALIDAD DE LA PUNTA,Ordenanzas,No 012-2024-MDLP/AL,Ordenanza que aprueba el Programa de Incentivos tributarios en el distrito de La Punta por el pago de Impuesto Predial del Ano Fiscal 2024 y la presentacion de la actualizacion de la declaracion jurada de predios,https://epdoc2.elperuano.pe/EpPo/DescargaINDA.asp?Referencias=NDNZQllCWUJZQlM4WUI5V1RNTEhZQkxIOVdfX1dWVkJVTlhDUzhTOExI,20241031
20241030,2338499-1,RELACIONES EXTERIORES,CONVENIO,Tratado sobre el Traslado de Personas Condenadas,Tratado sobre el Traslado de Personas Condenadas entre la Republica del Peru y la Republica de Colombia,https://epdoc2.elperuano.pe/EpPo/DescargaINDA.asp?Referencias=NDNZQllCWUJZQlM4WUI5V1RNTEhZQkxIOVdfX1lYWVhUTVhDUzhTOExI,20241031
20241030,2338506-1,RELACIONES EXTERIORES,CONVENIO,Entrada en vigor,Entrada en vigor del Tratado sobre el Traslado de Personas Condenadas entre la Republica del Peru y la Republica de Colombia,https://epdoc2.elperuano.pe/EpPo/DescargaINDA.asp?Referencias=NDNZQllCWUJZQlM4WUI5V1RNTEhZQkxIOVdfX1ZCWUJVTlhDUzhTOExI,20241031
20241029,2338880-1,CONGRESO DE LA REPUBLICA,LEY,No 32144,Ley que define las labores del barista del maestro chocolatero y del sommelier,https://epdoc2.elperuano.pe/EpPo/DescargaINDA.asp?Referencias=NDNZWFlYWVhZWExIWUI5V1RNTEhZQkxIOVdfX1lCWENYQ1hDUzhTOExI,20241031
20241029,2338880-2,CONGRESO DE LA REPUBLICA,LEY,No 32145,Ley de Reforma Constitucional del articulo 40 de la Constitucion Politica del Peru para habilitar el doble empleo o cargo publico remunerado al personal medico o asistencial de salud,https://epdoc2.elperuano.pe/EpPo/DescargaINDA.asp?Referencias=NDNZWFlYWVhZWExIWUI5V1RNTEhZQkxITEhfX1lCWENYQ1hDUzhTOExI,20241031
20241029,2338880-3,CONGRESO DE LA REPUBLICA,RESOLUCION LEGISLATIVA,No 32146,Resolucion Legislativa que aprueba el Reglamento de la Comision Binacional para la Gestion Integrada de los Recursos Hidricos de las Cuencas Hidrograficas Transfronterizas entre la Republica del Peru y la Republica del Ecuador suscrito en Lima el 25 de octubre de 2023,https://epdoc2.elperuano.pe/EpPo/DescargaINDA.asp?Referencias=NDNZWFlYWVhZWExIWUI5V1RNTEhZQkxIUzhfX1lCWENYQ1hDUzhTOExI,20241031
20241029,2338880-4,PRESIDENCIA DEL CONSEJO DE MINISTROS,DECRETO SUPREMO,No 116-2024-PCM,Decreto Supremo que modifica los articulos 6 7 y 8 del Reglamento de la Ley No 27332 Ley Marco de los Organismos Reguladores de la Inversion Privada en los Servicios Publicos modificada por la Ley No 28337 aprobado por Decreto Supremo No 042-2005-PCM,https://epdoc2.elperuano.pe/EpPo/DescargaINDA.asp?Referencias=NDNZWFlYWVhZWExIWUI5V1RNTEhZQkxIVE1fX1lCWENYQ1hDUzhTOExI,20241031
20241029,2338880-10,PRESIDENCIA DEL CONSEJO DE MINISTROS,RESOLUCION SUPREMA,No 224-2024-PCM,Autorizan viaje de Ministro de Educacion a Brasil y encargan su Despacho al Ministro de Justicia y Derechos Humanos,https://epdoc2.elperuano.pe/EpPo/DescargaINDA.asp?Referencias=NjNZWFlYWVhMSFlCOVdUTUxIWUJMSFlCOVdfX1lCWENYQ1hDUzhTOExI,20241031
20241029,2338880-11,PRESIDENCIA DEL CONSEJO DE MINISTROS,RESOLUCION SUPREMA,No 225-2024-PCM,Autorizan viaje de Ministro de Desarrollo e Inclusion Social a Barbados y encargan su Despacho al Ministro de Desarrollo Agrario y Riego,https://epdoc2.elperuano.pe/EpPo/DescargaINDA.asp?Referencias=NjNZWFlYWVhMSFlCOVdUTUxIWUJMSDlXOVdfX1lCWENYQ1hDUzhTOExI,20241031
20241029,2338880-12,PRESIDENCIA DEL CONSEJO DE MINISTROS,RESOLUCION SUPREMA,No 226-2024-PCM,Autorizan viaje de Ministra de Comercio Exterior y Turismo al Reino Unido de Gran Bretana e Irlanda del Norte y encargan su Despacho al Ministro del Ambiente,https://epdoc2.elperuano.pe/EpPo/DescargaINDA.asp?Referencias=NjNZWFlYWVhMSFlCOVdUTUxIWUJMSExIOVdfX1lCWENYQ1hDUzhTOExI,20241031
20241029,2338574-1,AMBIENTE,RESOLUCION MINISTERIAL,No 00363-2024-MINAM,Disponen la publicacion del Proyecto de Decreto Supremo que establece el area de Conservacion Regional Medio Putumayo Algodon asi como su Exposicion de Motivos y Expediente Tecnico,https://epdoc2.elperuano.pe/EpPo/DescargaINDA.asp?Referencias=NDNZWFlYWVhZWExIWUI5V1RNTEhZQkxIOVdfX1RNV1ZVTlhDUzhTOExI,20241031
20241029,2338881-1,DESARROLLO AGRARIO Y RIEGO,RESOLUCION MINISTERIAL,No 0352-2024-MIDAGRI,Autorizan viaje de servidor del Instituto Nacional de Innovacion Agraria - INIA a El Salvador en comision de servicios,https://epdoc2.elperuano.pe/EpPo/DescargaINDA.asp?Referencias=NDNZWFlYWVhZWExIWUI5V1RNTEhZQkxIOVdfXzlXWENYQ1hDUzhTOExI,20241031
20241029,2338881-2,DESARROLLO AGRARIO Y RIEGO,RESOLUCION MINISTERIAL,No 0353-2024-MIDAGRI,Autorizan viaje de servidora del Instituto Nacional de Innovacion Agraria - INIA a El Salvador en comision de servicios,https://epdoc2.elperuano.pe/EpPo/DescargaINDA.asp?Referencias=NDNZWFlYWVhZWExIWUI5V1RNTEhZQkxITEhfXzlXWENYQ1hDUzhTOExI,20241031
20241029,2338881-3,DESARROLLO AGRARIO Y RIEGO,RESOLUCION MINISTERIAL,No 0354-2024-MIDAGRI,Reconocen en calidad de miembros titulares y alternos ante el Consejo Nacional de Cooperativas Agrarias - CONACA a representantes de diversas entidades e instituciones,https://epdoc2.elperuano.pe/EpPo/DescargaINDA.asp?Referencias=NDNZWFlYWVhZWExIWUI5V1RNTEhZQkxIUzhfXzlXWENYQ1hDUzhTOExI,20241031
20241029,2338973-1,DESARROLLO AGRARIO Y RIEGO,RESOLUCION MINISTERIAL,No 0355-2024-MIDAGRI,Autorizan viaje de Viceministro de Desarrollo de Agricultura Familiar e Infraestructura Agraria y Riego y de Jefe de Gabinete de Asesores del Despacho Ministerial a Ecuador en comision de servicios,https://epdoc2.elperuano.pe/EpPo/DescargaINDA.asp?Referencias=NDNZWFlYWVhZWExIWUI5V1RNTEhZQkxIOVdfX1M4V1ZZWFhDUzhTOExI,20241031
20241029,2339165-1,DESARROLLO AGRARIO Y RIEGO,RESOLUCION MINISTERIAL,No 0356-2024-MIDAGRI,Autorizan viaje de especialista de la Autoridad Nacional del Agua a Ecuador en comision de servicios,https://epdoc2.elperuano.pe/EpPo/DescargaINDA.asp?Referencias=NDNZWFlYWVhZWExIWUI5V1RNTEhZQkxIOVdfX1VOVkI5V1lYUzhTOExI,20241031
20241029,2338814-1,DESARROLLO E INCLUSIoN SOCIAL,RESOLUCION MINISTERIAL,No D000161-2024-MIDIS,Aprueban propuesta de creacion de la Unidad Funcional de Identificacion de Riesgos de Corrupcion y Debida Diligencia,https://epdoc2.elperuano.pe/EpPo/DescargaINDA.asp?Referencias=NDNZWFlYWVhZWExIWUI5V1RNTEhZQkxIOVdfX1RNOVdYQ1hDUzhTOExI,20241031
20241029,2339032-1,ECONOMIA Y FINANZAS,RESOLUCION MINISTERIAL,No 346-2024-EF/10,Aprueban el Cuadro para Asignacion de Personal Provisional - CAP Provisional de la Superintendencia Nacional de Aduanas y de Administracion Tributaria-SUNAT,https://epdoc2.elperuano.pe/EpPo/DescargaINDA.asp?Referencias=NDNZWFlYWVhZWExIWUI5V1RNTEhZQkxIOVdfX0xIUzhZQllYUzhTOExI,20241031
20241029,2338880-5,ENERGIA Y MINAS,DECRETO SUPREMO,No 020-2024-EM,Decreto Supremo que declara de necesidad publica la inversion privada en actividad minera y autoriza a empresa minera con inversion extranjera a adquirir un derecho minero dentro de los cincuenta kilometros de frontera,https://epdoc2.elperuano.pe/EpPo/DescargaINDA.asp?Referencias=NDNZWFlYWVhZWExIWUI5V1RNTEhZQkxIVU5fX1lCWENYQ1hDUzhTOExI,20241031
20241029,2339288-1,ENERGIA Y MINAS,RESOLUCION MINISTERIAL,No 413-2024-MINEM/DM,Autorizan viaje de representantes del Ministerio de Energia y Minas a Ecuador en comision de servicios,https://epdoc2.elperuano.pe/EpPo/DescargaINDA.asp?Referencias=NDNZWFlYWVhZWExIWUI5V1RNTEhZQkxIOVdfX1hDWENMSFlYUzhTOExI,20241031
20241029,2339365-1,INTERIOR,RESOLUCION,No 143-2024-IN-SG,Aprueban actualizacion del Plan Operativo Institucional (POI) 2024 del Ministerio del Interior - Version II,https://epdoc2.elperuano.pe/EpPo/DescargaINDA.asp?Referencias=NDNZWFlYWVhZWExIWUI5V1RNTEhZQkxIOVdfX1VOVkJTOFlYUzhTOExI,20241031
20241029,2338478-1,INTERIOR,RESOLUCION DIRECTORAL,No 303-2024-IN-VOI-DGIN,Designan Subprefecta Provincial del Callao,https://epdoc2.elperuano.pe/EpPo/DescargaINDA.asp?Referencias=NDNZWFlYWVhZWExIWUI5V1RNTEhZQkxIOVdfX1hDV1ZUTVhDUzhTOExI,20241031
20241029,2338691-1,INTERIOR,RESOLUCION MINISTERIAL,No 1325-2024-IN,Autorizan viaje de personal policial a los Estados Unidos de America en mision de estudios,https://epdoc2.elperuano.pe/EpPo/DescargaINDA.asp?Referencias=NDNZWFlYWVhZWExIWUI5V1RNTEhZQkxIOVdfXzlXWVhWQlhDUzhTOExI,20241031
20241029,2338700-1,INTERIOR,RESOLUCION MINISTERIAL,No 1327-2024-IN,Aprueban el Plan Estrategico Institucional (PEI) 2025-2030 del Ministerio del Interior,https://epdoc2.elperuano.pe/EpPo/DescargaINDA.asp?Referencias=NDNZWFlYWVhZWExIWUI5V1RNTEhZQkxIOVdfX1lCWUJXVlhDUzhTOExI,20241031
20241029,2338705-1,INTERIOR,RESOLUCION MINISTERIAL,No 1328-2024-IN,Designan Asesor II de la Secretaria General del Ministerio,https://epdoc2.elperuano.pe/EpPo/DescargaINDA.asp?Referencias=NDNZWFlYWVhZWExIWUI5V1RNTEhZQkxIOVdfX1VOWUJXVlhDUzhTOExI,20241031
20241029,2338880-13,MUJER Y POBLACIONES VULNERABLES,RESOLUCION SUPREMA,No 007-2024-MIMP,Designan Viceministra de Poblaciones Vulnerables,https://epdoc2.elperuano.pe/EpPo/DescargaINDA.asp?Referencias=NjNZWFlYWVhMSFlCOVdUTUxIWUJMSFM4OVdfX1lCWENYQ1hDUzhTOExI,20241031
20241029,2338735-1,PRODUCE,RESOLUCION DIRECTORAL,No 00006-2024-PRODUCE/DGDE,Aprueban los formatos del programa de reinversion de utilidades del sector textil y confecciones asi como su Instructivo para acceder al credito tributario por reinversion de utilidades,https://epdoc2.elperuano.pe/EpPo/DescargaINDA.asp?Referencias=NDNZWFlYWVhZWExIWUI5V1RNTEhZQkxIOVdfX1VOUzhXVlhDUzhTOExI,20241031
20241029,2338877-1,SALUD,RESOLUCION MINISTERIAL,No 738-2024/MINSA,Establecen de manera excepcional el proceso de adjudicacion de plazas SERUMS 2024-III y dictan diversas disposiciones,https://epdoc2.elperuano.pe/EpPo/DescargaINDA.asp?Referencias=NDNZWFlYWVhZWExIWUI5V1RNTEhZQkxIOVdfX1dWV1ZYQ1hDUzhTOExI,20241031
20241029,2338930-1,SALUD,RESOLUCION MINISTERIAL,No 745-2024/MINSA,Designan Director General de la Oficina General de Cooperacion Tecnica Internacional,https://epdoc2.elperuano.pe/EpPo/DescargaINDA.asp?Referencias=NDNZWFlYWVhZWExIWUI5V1RNTEhZQkxIOVdfX1lCUzhZWFhDUzhTOExI,20241031
20241029,2338594-1,TRABAJO Y PROMOCION DEL EMPLEO,RESOLUCION MINISTERIAL,No 167-2024-TR,Designan Director General de la Direccion General de Derechos Fundamentales y Seguridad y Salud,https://epdoc2.elperuano.pe/EpPo/DescargaINDA.asp?Referencias=NDNZWFlYWVhZWExIWUI5V1RNTEhZQkxIOVdfX1RNWVhVTlhDUzhTOExI,20241031
20241029,2338959-1,TRABAJO Y PROMOCION DEL EMPLEO,RESOLUCION MINISTERIAL,No 168-2024-TR,Aprueban transferencia financiera del Programa de Empleo Temporal Llamkasun Peru a favor de diversos organismos ejecutores del sector publico,https://epdoc2.elperuano.pe/EpPo/DescargaINDA.asp?Referencias=NDNZWFlYWVhZWExIWUI5V1RNTEhZQkxIOVdfX1lYVU5ZWFhDUzhTOExI,20241031
20241029,2338986-1,TRABAJO Y PROMOCION DEL EMPLEO,RESOLUCION MINISTERIAL,No 169-2024-TR,Aprueban transferencia financiera del Programa de Empleo Temporal Llamkasun Peru a favor de diversos organismos ejecutores del sector publico,https://epdoc2.elperuano.pe/EpPo/DescargaINDA.asp?Referencias=NDNZWFlYWVhZWExIWUI5V1RNTEhZQkxIOVdfX1ZCWENZWFhDUzhTOExI,20241031
20241029,2338880-7,TRANSPORTES Y COMUNICACIONES,DECRETO SUPREMO,No 016-2024-MTC,Decreto Supremo que aprueba el texto de la Adenda No 1 del Contrato de Concesion del Terminal Portuario Multiproposito de Salaverry,https://epdoc2.elperuano.pe/EpPo/DescargaINDA.asp?Referencias=NDNZWFlYWVhZWExIWUI5V1RNTEhZQkxIV1ZfX1lCWENYQ1hDUzhTOExI,20241031
20241029,2338880-8,TRANSPORTES Y COMUNICACIONES,DECRETO SUPREMO,No 017-2024-MTC,Decreto Supremo que modifica el Reglamento de Agencias Generales Maritimas Fluviales Lacustres Empresas y Cooperativas de Estiba y Desestiba aprobado con Decreto Supremo No 010-99-MTC,https://epdoc2.elperuano.pe/EpPo/DescargaINDA.asp?Referencias=NDNZWFlYWVhZWExIWUI5V1RNTEhZQkxIWENfX1lCWENYQ1hDUzhTOExI,20241031
20241029,2338880-9,TRANSPORTES Y COMUNICACIONES,DECRETO SUPREMO,No 018-2024-MTC,Decreto Supremo que modifica el Reglamento Nacional de Transito aprobado por Decreto Supremo No 033-2001-MTC para la implementacion del Telepeaje,https://epdoc2.elperuano.pe/EpPo/DescargaINDA.asp?Referencias=NDNZWFlYWVhZWExIWUI5V1RNTEhZQkxIWVhfX1lCWENYQ1hDUzhTOExI,20241031
20241029,2338880-6,VIVIENDA  CONSTRUCCIoN Y SANEAMIENTO,DECRETO SUPREMO,No 008-2024-VIVIENDA,Decreto Supremo que modifica el Reglamento de Proteccion Ambiental para proyectos vinculados a las actividades de Vivienda Urbanismo Construccion y Saneamiento aprobado por Decreto Supremo No 015-2012-VIVIENDA,https://epdoc2.elperuano.pe/EpPo/DescargaINDA.asp?Referencias=NDNZWFlYWVhZWExIWUI5V1RNTEhZQkxIVkJfX1lCWENYQ1hDUzhTOExI,20241031
20241029,2338440-1,ARCHIVO GENERAL DE LA NACION,RESOLUCION JEFATURAL,No 000289-2024-AGN/JEF,Disponen la prepublicacion del proyecto normativo denominado: Guia para la implementacion funcionamiento y desarrollo del Sistema Institucional de Archivos en las Entidades Publicas,https://epdoc2.elperuano.pe/EpPo/DescargaINDA.asp?Referencias=NDNZWFlYWVhZWExIWUI5V1RNTEhZQkxIOVdfX1lCVE1UTVhDUzhTOExI,20241031
20241029,2338578-1,SEGURO INTEGRAL DE SALUD,FE DE ERRATA,R.J. No 000144-2024-SIS/J,FE DE ERRATA,https://epdoc2.elperuano.pe/EpPo/DescargaINDA.asp?Referencias=NDNZWFlYWVhZWExIWUI5V1RNTEhZQkxIOVdfX1hDV1ZVTlhDUzhTOExI,20241031
20241029,2338572-1,SEGURO INTEGRAL DE SALUD,RESOLUCION JEFATURAL,No 000153-2024-SIS/J,Aprueban Transferencia Financiera del Seguro Integral de Salud - SIS a favor de unidades ejecutoras,https://epdoc2.elperuano.pe/EpPo/DescargaINDA.asp?Referencias=NDNZWFlYWVhZWExIWUI5V1RNTEhZQkxIOVdfX0xIV1ZVTlhDUzhTOExI,20241031
20241029,2338438-1,SERVICIO NACIONAL DE AREAS NATURALES PROTEGIDAS POR EL ESTADO,RESOLUCION,No 000195-2024-SERNANP/J-SGD,Disponen publicacion del proyecto de: DIRECTIVA PARA EL DISEnO E IMPLEMENTACIoN DE LOS ACUERDOS DE CONSERVACIoN DE LAS aREAS NATURALES PROTEGIDAS DEL SINANPE con numeracion Directiva No 001-2024-SERNANP/DGANP y con codigo DIR-DGANP-068 asi como la Resolucion,https://epdoc2.elperuano.pe/EpPo/DescargaINDA.asp?Referencias=NDNZWFlYWVhZWExIWUI5V1RNTEhZQkxIOVdfX1hDUzhUTVhDUzhTOExI,20241031
20241029,2338460-1,SUPERINTENDENCIA NACIONAL DE ADUANAS Y DE ADMINISTRACIoN TRIBUTARIA,RESOLUCION,No 000219-2024/SUNAT,Designan Intendente Nacional de Recursos Humanos,https://epdoc2.elperuano.pe/EpPo/DescargaINDA.asp?Referencias=NDNZWFlYWVhZWExIWUI5V1RNTEhZQkxIOVdfX1lCVkJUTVhDUzhTOExI,20241031
20241029,2338730-1,SUPERINTENDENCIA NACIONAL DE MIGRACIONES,RESOLUCION,No 000191-2024-MIGRACIONES,Designan Asesor II de la Gerencia General de la Superintendencia Nacional de Migraciones - MIGRACIONES,https://epdoc2.elperuano.pe/EpPo/DescargaINDA.asp?Referencias=NDNZWFlYWVhZWExIWUI5V1RNTEhZQkxIOVdfX1lCUzhXVlhDUzhTOExI,20241031
20241029,2338759-1,INSTITUCIONES EDUCATIVAS,RESOLUCION,No 006-2024-UNTELS- AU,Aprueban el Estatuto de la Universidad Nacional Tecnologica de Lima Sur - UNTELS,https://epdoc2.elperuano.pe/EpPo/DescargaINDA.asp?Referencias=NDNZWFlYWVhZWExIWUI5V1RNTEhZQkxIOVdfX1lYVU5XVlhDUzhTOExI,20241031
20241029,2338585-1,JURADO NACIONAL DE ELECCIONES,RESOLUCION,No 0325-2024-JNE,Declaran infundada solicitud de vacancia presentada en contra de alcalde de la Municipalidad Distrital de Pariahuanca,https://epdoc2.elperuano.pe/EpPo/DescargaINDA.asp?Referencias=NDNZWFlYWVhZWExIWUI5V1RNTEhZQkxIOVdfX1VOWENVTlhDUzhTOExI,20241031
20241029,2338590-1,JURADO NACIONAL DE ELECCIONES,RESOLUCION,No 0336-2024-JNE,Declarar nulo lo actuado hasta la notificacion del Acuerdo de Concejo No 022-2024-MDP a ciudadanas en procedimiento de vacancia seguido en contra de alcalde de la Municipalidad Distrital de Pariacoto,https://epdoc2.elperuano.pe/EpPo/DescargaINDA.asp?Referencias=NDNZWFlYWVhZWExIWUI5V1RNTEhZQkxIOVdfX1lCWVhVTlhDUzhTOExI,20241031
20241029,2338620-1,JURADO NACIONAL DE ELECCIONES,RESOLUCION,No 0318-2024-JNE,Declaran nulo lo actuado hasta la citacion de regidor del Concejo Distrital de Huamali para la sesion de concejo extraordinaria del 14 de junio de 2024 en la que se evaluo su vacancia,https://epdoc2.elperuano.pe/EpPo/DescargaINDA.asp?Referencias=NDNZWFlYWVhZWExIWUI5V1RNTEhZQkxIOVdfX1lCTEhWQlhDUzhTOExI,20241031
20241029,2338744-1,MINISTERIO PUBLICO,RESOLUCION,No 2394-2024-MP-FN,Nombran fiscal adjunto provincial provisional del Distrito Fiscal de Ica,https://epdoc2.elperuano.pe/EpPo/DescargaINDA.asp?Referencias=NDNZWFlYWVhZWExIWUI5V1RNTEhZQkxIOVdfX1RNVE1XVlhDUzhTOExI,20241031
20241029,2338744-2,MINISTERIO PUBLICO,RESOLUCION,No 2395-2024-MP-FN,Nombran fiscal adjunta provincial provisional del Distrito Fiscal de San Martin,https://epdoc2.elperuano.pe/EpPo/DescargaINDA.asp?Referencias=NDNZWFlYWVhZWExIWUI5V1RNTEhZQkxITEhfX1RNVE1XVlhDUzhTOExI,20241031
20241029,2338744-3,MINISTERIO PUBLICO,RESOLUCION,No 2396-2024-MP-FN,Aceptan renuncia de fiscal adjunta provincial provisional del Distrito Fiscal de Arequipa y a su designacion en el despacho de la Fiscalia Provincial Penal Corporativa de Islay,https://epdoc2.elperuano.pe/EpPo/DescargaINDA.asp?Referencias=NDNZWFlYWVhZWExIWUI5V1RNTEhZQkxIUzhfX1RNVE1XVlhDUzhTOExI,20241031
20241029,2338744-4,MINISTERIO PUBLICO,RESOLUCION,No 2397-2024-MP-FN,Nombran fiscal adjunto provincial provisional del Distrito Fiscal de Lima Centro,https://epdoc2.elperuano.pe/EpPo/DescargaINDA.asp?Referencias=NDNZWFlYWVhZWExIWUI5V1RNTEhZQkxIVE1fX1RNVE1XVlhDUzhTOExI,20241031
20241029,2338443-1,TRIBUNAL CONSTITUCIONAL,RESOLUCION,No 028-2024-SG/TC,Aprueban modificacion del Manual de Clasificador de Cargos (MCC),https://epdoc2.elperuano.pe/EpPo/DescargaINDA.asp?Referencias=NDNZWFlYWVhZWExIWUI5V1RNTEhZQkxIOVdfX1M4VE1UTVhDUzhTOExI,20241031
20241029,2338823-1,MUNICIPALIDAD DE ATE,Decretos de Alcaldia,No 011,Convocan al proceso de eleccion de los seis representantes de la Sociedad Civil ante el Consejo de Coordinacion Local Distrital de Ate correspondiente al periodo 2024 - 2026 y aprueban cronograma,https://epdoc2.elperuano.pe/EpPo/DescargaINDA.asp?Referencias=NDNZWFlYWVhZWExIWUI5V1RNTEhZQkxIOVdfX1M4TEhYQ1hDUzhTOExI,20241031
20241029,2336698-1,MUNICIPALIDAD DE SAN MARTIN DE PORRES,RESOLUCION,No 215-2024-GM/MDSMP,Designan funcionario responsable del Portal de Transparencia Estandar de la Municipalidad de San Martin de Porres,https://epdoc2.elperuano.pe/EpPo/DescargaINDA.asp?Referencias=NDNZWFlYWVhZWExIWUI5V1RNTEhZQkxIOVdfX1hDWVhWQlZCUzhTOExI,20241031
20241029,2334972-1,MUNICIPALIDAD PROVINCIAL DE MARISCAL NIETO,ORDENANZA,No 012-2024-MPMN,Aprueban el Plan Especifico de la Asociacion de Vivienda Villa Universitaria I Etapa Chen Chen - Sector A-14,https://epdoc2.elperuano.pe/EpPo/DescargaINDA.asp?Referencias=NDNZWFlYWVhZWExIWUI5V1RNTEhZQkxIOVdfX0xIV1ZZWFRNUzhTOExI,20241031
20241028,2338436-1,DEFENSA,RESOLUCION MINISTERIAL,No 01199-2024-DE,Autorizan viaje de Oficial de la Marina de Guerra del Peru a la Republica de Corea en comision de servicio,https://epdoc2.elperuano.pe/EpPo/DescargaINDA.asp?Referencias=NDNYQ1hDWENYQ0xIWUI5V1RNTEhZQkxIOVdfX1ZCUzhUTVhDUzhTOExI,20241031
20241028,2338431-1,DESARROLLO AGRARIO Y RIEGO,RESOLUCION MINISTERIAL,No 0350-2024-MIDAGRI,Designan Director Ejecutivo del Proyecto Especial Pichis - Palcazu - PEPP,https://epdoc2.elperuano.pe/EpPo/DescargaINDA.asp?Referencias=NDNYQ1hDWENYQ0xIWUI5V1RNTEhZQkxIOVdfXzlXUzhUTVhDUzhTOExI,20241031
20241028,2338432-1,DESARROLLO AGRARIO Y RIEGO,RESOLUCION MINISTERIAL,No 0351-2024-MIDAGRI,Autorizan Transferencia Financiera a favor de la Contraloria General de la Republica,https://epdoc2.elperuano.pe/EpPo/DescargaINDA.asp?Referencias=NDNYQ1hDWENYQ0xIWUI5V1RNTEhZQkxIOVdfX0xIUzhUTVhDUzhTOExI,20241031
20241028,2338558-1,DESARROLLO E INCLUSIoN SOCIAL,RESOLUCION,No D000645-2024-MIDIS/PNAEQW-DE,Designan Coordinador Tecnico del Programa Nacional de Alimentacion Escolar Qali Warma,https://epdoc2.elperuano.pe/EpPo/DescargaINDA.asp?Referencias=NDNYQ1hDWENYQ0xIWUI5V1RNTEhZQkxIOVdfX1hDVU5VTlhDUzhTOExI,20241031
20241028,2338434-1,MUJER Y POBLACIONES VULNERABLES,RESOLUCION MINISTERIAL,No 333-2024-MIMP,Certifican a personas juridicas acreedoras de la Licencia de Uso de la Marca de Certificacion Empresa Segura Libre de Violencia y Discriminacion contra la Mujer,https://epdoc2.elperuano.pe/EpPo/DescargaINDA.asp?Referencias=NDNYQ1hDWENYQ0xIWUI5V1RNTEhZQkxIOVdfX1RNUzhUTVhDUzhTOExI,20241031
20241028,2338433-1,TRANSPORTES Y COMUNICACIONES,RESOLUCION MINISTERIAL,No 626-2024-MTC/01.02,Aprueban ejecucion de expropiacion de inmueble afectado para el proyecto: Construccion del anillo vial periferico de la ciudad de Lima y Callao y el valor de tasacion,https://epdoc2.elperuano.pe/EpPo/DescargaINDA.asp?Referencias=NDNYQ1hDWENYQ0xIWUI5V1RNTEhZQkxIOVdfX1M4UzhUTVhDUzhTOExI,20241031
20241028,2338435-1,TRANSPORTES Y COMUNICACIONES,RESOLUCION MINISTERIAL,No 630-2024-MTC/01,Designan Director General de la Oficina General de Administracion,https://epdoc2.elperuano.pe/EpPo/DescargaINDA.asp?Referencias=NDNYQ1hDWENYQ0xIWUI5V1RNTEhZQkxIOVdfX1VOUzhUTVhDUzhTOExI,20241031
20241028,2338401-1,ORGANISMO SUPERVISOR DE LA INVERSIoN EN INFRAESTRUCTURA DE TRANSPORTE DE USO PuBLICO,RESOLUCION,No 00204-2024-GSF-OSITRAN,Aprueban la difusion del Proyecto de Modificacion del Reglamento de Acceso a la Infraestructura del Aeropuerto Internacional Jorge Chavez presentado por Lima Airport Partners S.R.L.,https://epdoc2.elperuano.pe/EpPo/DescargaINDA.asp?Referencias=NDNYQ1hDWENYQ0xIWUI5V1RNTEhZQkxIOVdfXzlXWUJUTVhDUzhTOExI,20241031
20241028,2336167-1,BANCO CENTRAL DE RESERVA,RESOLUCION DIRECTORAL,No 0057-2024-BCRP-N,Autorizan mision en el exterior de funcionario para participar en evento a realizarse en Francia,https://epdoc2.elperuano.pe/EpPo/DescargaINDA.asp?Referencias=NDNYQ1hDWENYQ0xIWUI5V1RNTEhZQkxIOVdfX1dWVkI5V1ZCUzhTOExI,20241031
20241027,2338400-1,DEFENSA,RESOLUCION MINISTERIAL,No 01197-2024-DE,Autorizan viaje de Oficial de la Marina de Guerra del Peru a los EE.UU. en comision de servicios,https://epdoc2.elperuano.pe/EpPo/DescargaINDA.asp?Referencias=NDNXVldWV1ZXVkxIWUI5V1RNTEhZQkxIOVdfX1lCWUJUTVhDUzhTOExI,20241031
20241027,2338410-1,DEFENSA,RESOLUCION MINISTERIAL,No 01200-2024-DE,Autorizan viaje de personal militar a Colombia en comision de servicios,https://epdoc2.elperuano.pe/EpPo/DescargaINDA.asp?Referencias=NDNXVldWV1ZXVkxIWUI5V1RNTEhZQkxIOVdfX1lCOVdUTVhDUzhTOExI,20241031
20241027,2338417-1,EDUCACION,RESOLUCION DIRECTORAL,No 140-2024-MINEDU/VMGI-PRONABEC,Designan Subdirector de la Subdireccion de Evaluacion y Otorgamiento de la Direccion de Gestion de Credito Educativo del Programa Nacional de Becas y Credito Educativo - PRONABEC,https://epdoc2.elperuano.pe/EpPo/DescargaINDA.asp?Referencias=NDNXVldWV1ZXVkxIWUI5V1RNTEhZQkxIOVdfX1dWOVdUTVhDUzhTOExI,20241031
20241027,2338413-1,EDUCACION,RESOLUCION MINISTERIAL,No 532-2024-MINEDU,Autorizan Transferencia Financiera a favor de la Contraloria General,https://epdoc2.elperuano.pe/EpPo/DescargaINDA.asp?Referencias=NDNXVldWV1ZXVkxIWUI5V1RNTEhZQkxIOVdfX1M4OVdUTVhDUzhTOExI,20241031
20241027,2338414-1,EDUCACION,RESOLUCION MINISTERIAL,No 533-2024-MINEDU,Modifican el Anexo de la R.M. No 069-2024-MINEDU y modificaciones que aprueba el Cuadro que contiene el detalle de los concursos eventos y actividades de formacion y capacitacion a ser organizados y ejecutados por el Sector Educacion durante el ano 2024,https://epdoc2.elperuano.pe/EpPo/DescargaINDA.asp?Referencias=NDNXVldWV1ZXVkxIWUI5V1RNTEhZQkxIOVdfX1RNOVdUTVhDUzhTOExI,20241031
20241027,2338425-1,EDUCACION,RESOLUCION MINISTERIAL,No 537-2024-MINEDU,Designan Directora Ejecutiva del Proyecto Especial de Inversion Publica Escuelas Bicentenario,https://epdoc2.elperuano.pe/EpPo/DescargaINDA.asp?Referencias=NDNXVldWV1ZXVkxIWUI5V1RNTEhZQkxIOVdfX1VOTEhUTVhDUzhTOExI,20241031
20241027,2338426-1,EDUCACION,RESOLUCION MINISTERIAL,No 538-2024-MINEDU,Autorizan viaje de Jefe de Gabinete de Asesores del Despacho Ministerial a Brasil en comision de servicios,https://epdoc2.elperuano.pe/EpPo/DescargaINDA.asp?Referencias=NDNXVldWV1ZXVkxIWUI5V1RNTEhZQkxIOVdfX1ZCTEhUTVhDUzhTOExI,20241031
20241027,2338421-1,EDUCACION,RESOLUCION VICE MINISTERIAL,No 120-2024-MINEDU,Aprueban la Norma Tecnica denominada Disposiciones que regulan la investigacion y el Proceso Administrativo Disciplinario de los profesores de la Carrera Publica Magisterial y profesores contratados en el marco de la Ley No 29944 Ley de Reforma Magisterial,https://epdoc2.elperuano.pe/EpPo/DescargaINDA.asp?Referencias=NDNXVldWV1ZXVkxIWUI5V1RNTEhZQkxIOVdfXzlXTEhUTVhDUzhTOExI,20241031
20241027,2338422-1,SALUD,RESOLUCION MINISTERIAL,No 733-2024/MINSA,Actualizan los Anexos I II y III del Reglamento sobre Valores Limite Permisibles para Agentes Quimicos en el Ambiente de Trabajo aprobado por D.S. No 015-2005-SA,https://epdoc2.elperuano.pe/EpPo/DescargaINDA.asp?Referencias=NDNXVldWV1ZXVkxIWUI5V1RNTEhZQkxIOVdfX0xITEhUTVhDUzhTOExI,20241031
20241027,2338423-1,SALUD,RESOLUCION MINISTERIAL,No 734-2024/MINSA,Disponen la publicacion del proyecto de Reglamento para el registro control y vigilancia sanitaria de los dispositivos medicos del proyecto de su exposicion de motivos y del proyecto de Decreto Supremo que lo aprueba,https://epdoc2.elperuano.pe/EpPo/DescargaINDA.asp?Referencias=NDNXVldWV1ZXVkxIWUI5V1RNTEhZQkxIOVdfX1M4TEhUTVhDUzhTOExI,20241031
20241027,2337542-1,TRANSPORTES Y COMUNICACIONES,RESOLUCION DIRECTORAL,No 0618-2024-MTC 17.03,Autorizan modificacion de la autorizacion de funcionamiento como Centro de Inspeccion Tecnica Vehicular Fijo otorgada a la empresa Grupo J T Sociedad Comercial de Responsabilidad Limitada - Grupo J T S.R.L.,https://epdoc2.elperuano.pe/EpPo/DescargaINDA.asp?Referencias=NDNXVldWV1ZXVkxIWUI5V1RNTEhZQkxIOVdfX0xIVE1VTldWUzhTOExI,20241031
20241027,2338383-1,TRANSPORTES Y COMUNICACIONES,RESOLUCION MINISTERIAL,No 623-2024-MTC/01.02,Autorizan viaje de inspectores de la Direccion General de Aeronautica Civil a la Republica de Chile en comision de servicios,https://epdoc2.elperuano.pe/EpPo/DescargaINDA.asp?Referencias=NDNXVldWV1ZXVkxIWUI5V1RNTEhZQkxIOVdfX1M4WENTOFhDUzhTOExI,20241031
20241027,2338346-1,SUPERINTENDENCIA NACIONAL DE BIENES ESTATALES,RESOLUCION,No 0055-2024/SBN,Disponen la puesta en funcionamiento del aplicativo denominado ALERTA SBN,https://epdoc2.elperuano.pe/EpPo/DescargaINDA.asp?Referencias=NDNXVldWV1ZXVkxIWUI5V1RNTEhZQkxIOVdfX1ZCVE1TOFhDUzhTOExI,20241031
20241027,2338184-1,INSTITUTO NACIONAL DE DEFENSA DE LA COMPETENCIA Y DE LA PROTECCION DE LA PROPIEDAD INTELECTUAL,RESOLUCION,No 000142-2024-PRE/INDECOPI,Formalizan la designacion de Miembro de la Comision de Derecho de Autor del INDECOPI,https://epdoc2.elperuano.pe/EpPo/DescargaINDA.asp?Referencias=NDNXVldWV1ZXVkxIWUI5V1RNTEhZQkxIOVdfX1RNWEM5V1hDUzhTOExI,20241031
20241027,2338187-1,INSTITUTO NACIONAL DE DEFENSA DE LA COMPETENCIA Y DE LA PROTECCION DE LA PROPIEDAD INTELECTUAL,RESOLUCION,No 000143-2024-PRE/INDECOPI,Formalizan la designacion de Miembro de la Comision adscrita a la Oficina Regional del INDECOPI en Cusco,https://epdoc2.elperuano.pe/EpPo/DescargaINDA.asp?Referencias=NDNXVldWV1ZXVkxIWUI5V1RNTEhZQkxIOVdfX1dWWEM5V1hDUzhTOExI,20241031
20241027,2338427-1,ORGANISMO TeCNICO DE LA ADMINISTRACIoN DE LOS SERVICIOS DE SANEAMIENTO,RESOLUCION DIRECTORAL,No 000098-2024-OTASS-DE,Autorizan transferencia financiera a favor de la Empresa Prestadora de Servicios Rioja S.A.,https://epdoc2.elperuano.pe/EpPo/DescargaINDA.asp?Referencias=NDNXVldWV1ZXVkxIWUI5V1RNTEhZQkxIOVdfX1dWTEhUTVhDUzhTOExI,20241031
20241027,2338428-1,ORGANISMO TeCNICO DE LA ADMINISTRACIoN DE LOS SERVICIOS DE SANEAMIENTO,RESOLUCION DIRECTORAL,No 000099-2024-OTASS-DE,Autorizan transferencia financiera a favor de la Entidad Prestadora de Servicios de Saneamiento Grau Sociedad Anonima - EPS GRAU S.A.,https://epdoc2.elperuano.pe/EpPo/DescargaINDA.asp?Referencias=NDNXVldWV1ZXVkxIWUI5V1RNTEhZQkxIOVdfX1hDTEhUTVhDUzhTOExI,20241031
20241027,2338429-1,ORGANISMO TeCNICO DE LA ADMINISTRACIoN DE LOS SERVICIOS DE SANEAMIENTO,RESOLUCION DIRECTORAL,No 000100-2024-OTASS-DE,Autorizan transferencia financiera a favor de la Empresa Prestadora de Servicios Rioja S.A.,https://epdoc2.elperuano.pe/EpPo/DescargaINDA.asp?Referencias=NDNXVldWV1ZXVkxIWUI5V1RNTEhZQkxIOVdfX1lYTEhUTVhDUzhTOExI,20241031
20241027,2338392-1,SUPERINTENDENCIA NACIONAL DE FISCALIZACIoN LABORAL,RESOLUCION,No 233-2024-SUNAFIL,Designan Intendente Regional de la Intendencia Regional de San Martin de la SUNAFIL,https://epdoc2.elperuano.pe/EpPo/DescargaINDA.asp?Referencias=NDNXVldWV1ZXVkxIWUI5V1RNTEhZQkxIOVdfX0xIWVhTOFhDUzhTOExI,20241031
20241027,2337662-1,CONSEJO EJECUTIVO DEL PODER JUDICIAL,INVESTIGACION,Definitiva No 1148-2021-JUNiN,Imponen medida disciplinaria de destitucion a servidora judicial en su actuacion como secretaria judicial del Juzgado Civil de la Corte Superior de Justicia de Junin,https://epdoc2.elperuano.pe/EpPo/DescargaINDA.asp?Referencias=NDNXVldWV1ZXVkxIWUI5V1RNTEhZQkxIOVdfX0xIVkJWQldWUzhTOExI,20241031
20241027,2338126-1,CONSEJO EJECUTIVO DEL PODER JUDICIAL,INVESTIGACION,Definitiva No 427-2022-LA LIBERTAD,Imponen medida disciplinaria de destitucion a juez de paz de Primera Nominacion del distrito de Curgos provincia de Sanchez Carrion Corte Superior de Justicia de La Libertad,https://epdoc2.elperuano.pe/EpPo/DescargaINDA.asp?Referencias=NDNXVldWV1ZXVkxIWUI5V1RNTEhZQkxIOVdfX1ZCTEg5V1hDUzhTOExI,20241031
20241027,2338168-1,CONSEJO EJECUTIVO DEL PODER JUDICIAL,INVESTIGACION,Definitiva No 1516-2022-AREQUIPA,Imponen medida disciplinaria de destitucion a juez de paz de Pampa de Camarones - Sachaca de la Corte Superior de Justicia de Arequipa,https://epdoc2.elperuano.pe/EpPo/DescargaINDA.asp?Referencias=NDNXVldWV1ZXVkxIWUI5V1RNTEhZQkxIOVdfX1hDVkI5V1hDUzhTOExI,20241031
20241027,2330088-1,INSTITUCIONES EDUCATIVAS,RESOLUCION,No 348-2024-UNAJMA/CU,Autorizan viaje de docentes de la Universidad Nacional Jose Maria Arguedas a Argentina y Ecuador para la realizacion de movilidad docente CRISCOS,https://epdoc2.elperuano.pe/EpPo/DescargaINDA.asp?Referencias=NDNXVldWV1ZXVkxIWUI5V1RNTEhZQkxIOVdfX1hDWENZQllCUzhTOExI,20241031
20241027,2331388-1,INSTITUCIONES EDUCATIVAS,RESOLUCION,No 100-2024-UNCA-P,Autorizan transferencia financiera de la Universidad Nacional Ciro Alegria a favor del Ministerio Publico,https://epdoc2.elperuano.pe/EpPo/DescargaINDA.asp?Referencias=NDNXVldWV1ZXVkxIWUI5V1RNTEhZQkxIOVdfX1hDWENTODlXUzhTOExI,20241031
20241027,2338412-1,MINISTERIO PUBLICO,RESOLUCION,No 2381-2024-MP-FN,Disponen que la Primera y Segunda Fiscalia Superior Penal de San Martin sede Moyobamba conozcan en grado casos de lavado de activos que provienen de la Segunda Fiscalia Provincial Penal Corporativa de San Martin sede Tarapoto  y los casos provenientes de la Fiscalia Provincial Especializada en Delitos de Corrupcion de Funcionarios de San Martin sede Moyobamba respectivamente.,https://epdoc2.elperuano.pe/EpPo/DescargaINDA.asp?Referencias=NDNXVldWV1ZXVkxIWUI5V1RNTEhZQkxIOVdfX0xIOVdUTVhDUzhTOExI,20241031
20241027,2337338-1,SUPERINTENDENCIA DE BANCA  SEGUROS Y ADMINISTRADORAS PRIVADAS DE FONDOS DE PENSIONES,RESOLUCION,SBS No 03681-2024,Autorizan viaje de funcionarios de la SBS para participar en evento que se realizara en la Republica Francesa,https://epdoc2.elperuano.pe/EpPo/DescargaINDA.asp?Referencias=NDNXVldWV1ZXVkxIWUI5V1RNTEhZQkxIOVdfX1hDUzhTOFdWUzhTOExI,20241031
20241027,2338282-1,MUNICIPALIDAD METROPOLITANA DE LIMA,ORDENANZA,No 2662,Ordenanza que aprueba la rectificacion del plano de zonificacion del distrito de Pueblo Libre,https://epdoc2.elperuano.pe/EpPo/DescargaINDA.asp?Referencias=NDNXVldWV1ZXVkxIWUI5V1RNTEhZQkxIOVdfX0xIWENMSFhDUzhTOExI,20241031
20241027,2338286-1,MUNICIPALIDAD METROPOLITANA DE LIMA,ORDENANZA,No 2664,Ordenanza que aprueba la rectificacion del plano de zonificacion del distrito de San Miguel,https://epdoc2.elperuano.pe/EpPo/DescargaINDA.asp?Referencias=NDNXVldWV1ZXVkxIWUI5V1RNTEhZQkxIOVdfX1ZCWENMSFhDUzhTOExI,20241031
20241027,2338289-1,MUNICIPALIDAD METROPOLITANA DE LIMA,ORDENANZA,No 2665,Ordenanza que crea el Registro para Personas con Discapacidad en Lima Metropolitana,https://epdoc2.elperuano.pe/EpPo/DescargaINDA.asp?Referencias=NDNXVldWV1ZXVkxIWUI5V1RNTEhZQkxIOVdfX1lYWENMSFhDUzhTOExI,20241031
20241027,2338424-1,MUNICIPALIDAD DE PUEBLO LIBRE,Fe de Erratas,DECRETO DE ALCALDiA No 009-2024-MPL,.,https://epdoc2.elperuano.pe/EpPo/DescargaINDA.asp?Referencias=NDNXVldWV1ZXVkxIWUI5V1RNTEhZQkxIOVdfX1RNTEhUTVhDUzhTOExI,20241031
20241027,2329937-1,MUNICIPALIDAD DE SANTA MARIA DEL MAR,ORDENANZA,No 014-2024-MDSMM,Ordenanza que regula las actividades economicas y el expendio de productos en las zonas de playa del balneario del distrito de Santa Maria del Mar durante la temporada de verano,https://epdoc2.elperuano.pe/EpPo/DescargaINDA.asp?Referencias=NDNXVldWV1ZXVkxIWUI5V1RNTEhZQkxIOVdfX1dWUzhZWFlYTEhTOExI,20241031
20241027,2331548-1,MUNICIPALIDAD PROVINCIAL DE CAnETE,ORDENANZA,No 013-2024-MPC,Ordenanza que aprueba procedimiento de planeamiento integral con fines de anexion al area urbana y asignacion de zonificacion de predio,https://epdoc2.elperuano.pe/EpPo/DescargaINDA.asp?Referencias=NDNXVldWV1ZXVkxIWUI5V1RNTEhZQkxIOVdfX1hDVE1VTjlXUzhTOExI,20241031
20241026,2338276-1,PRESIDENCIA DEL CONSEJO DE MINISTROS,RESOLUCION MINISTERIAL,No 282-2024-PCM,Disponen la publicacion del proyecto de Decreto Supremo que modifica el Reglamento de la Ley No 31419 Ley que establece disposiciones para garantizar la idoneidad en el acceso y ejercicio de la funcion publica de funcionarios y directivos de libre designacion y remocion y otras disposiciones aprobado por el Decreto Supremo No 053-2022-PCM y de su respectiva Exposicion de Motivos,https://epdoc2.elperuano.pe/EpPo/DescargaINDA.asp?Referencias=NDNWQlZCVkJWQkxIWUI5V1RNTEhZQkxIOVdfX1ZCV1ZMSFhDUzhTOExI,20241031
20241026,2338277-1,PRESIDENCIA DEL CONSEJO DE MINISTROS,RESOLUCION MINISTERIAL,No 283-2024-PCM,Formalizan la creacion de la Unidad Ejecutora 022 Proyecto de Transformacion Digital con Equidad - PROTDE en el Pliego 001: Presidencia del Consejo de Ministros y designan a Coordinador General de Proyecto y responsable de la Unidad Ejecutora,https://epdoc2.elperuano.pe/EpPo/DescargaINDA.asp?Referencias=NDNWQlZCVkJWQkxIWUI5V1RNTEhZQkxIOVdfX1dWV1ZMSFhDUzhTOExI,20241031
20241026,2338279-1,PRESIDENCIA DEL CONSEJO DE MINISTROS,RESOLUCION MINISTERIAL,No 284-2024-PCM,Autorizan viaje de Secretaria General de la Presidencia del Consejo de Ministros para participar en evento a realizarse en Espana,https://epdoc2.elperuano.pe/EpPo/DescargaINDA.asp?Referencias=NDNWQlZCVkJWQkxIWUI5V1RNTEhZQkxIOVdfX1lYV1ZMSFhDUzhTOExI,20241031
20241026,2338430-1,AMBIENTE,RESOLUCION MINISTERIAL,No 00365-2024-MINAM,Autorizan viaje de servidores a la Republica del Ecuador en comision de servicios,https://epdoc2.elperuano.pe/EpPo/DescargaINDA.asp?Referencias=NDNWQlZCVkJWQkxIWUI5V1RNTEhZQkxIOVdfX1lCUzhUTVhDUzhTOExI,20241031
20241026,2338379-1,COMERCIO EXTERIOR Y TURISMO,RESOLUCION MINISTERIAL,No 325-2024-MINCETUR,Declaran a los sesenta y ocho (68) ganadores beneficiarios del Concurso Publico del Programa Turismo Emprende - Ano 2024,https://epdoc2.elperuano.pe/EpPo/DescargaINDA.asp?Referencias=NDNWQlZCVkJWQkxIWUI5V1RNTEhZQkxIOVdfX1lYV1ZTOFhDUzhTOExI,20241031
20241026,2337507-1,CULTURA,RESOLUCION DIRECTORAL,No 000156-2024-DGPA-VMPCIC/MC,Determinan la Proteccion Provisional del Sitio arqueologico Garajirca1 ubicado en el distrito de Huacaybamba provincia de Huacaybamba departamento de Huanuco,https://epdoc2.elperuano.pe/EpPo/DescargaINDA.asp?Referencias=NDNWQlZCVkJWQkxIWUI5V1RNTEhZQkxIOVdfX1dWWUJVTldWUzhTOExI,20241031
20241026,2337776-1,CULTURA,RESOLUCION VICE MINISTERIAL,No 000312-2024-VMPCIC/MC,Declaran Patrimonio Cultural de la Nacion de dos bienes culturales muebles pertenecientes al Banco Central de Reserva del Peru,https://epdoc2.elperuano.pe/EpPo/DescargaINDA.asp?Referencias=NDNWQlZCVkJWQkxIWUI5V1RNTEhZQkxIOVdfX1ZCV1ZXVldWUzhTOExI,20241031
20241026,2337859-1,CULTURA,RESOLUCION VICE MINISTERIAL,No 000308-2024-VMPCIC/MC,Declaran Patrimonio Cultural de la Nacion a setecientos ochenta y seis bienes culturales muebles pertenecientes a ciudadano,https://epdoc2.elperuano.pe/EpPo/DescargaINDA.asp?Referencias=NDNWQlZCVkJWQkxIWUI5V1RNTEhZQkxIOVdfX1lYVU5YQ1dWUzhTOExI,20241031
20241026,2338409-1,DEFENSA,RESOLUCION MINISTERIAL,No 01198-2024-DE,Modifican los Lineamientos que regulan las contrataciones bajo la modalidad de encargo de la Fabrica de Armas y Municiones del Ejercito S.A.C. - FAME S.A.C. aprobados por R.M. No 01174-2024-DE,https://epdoc2.elperuano.pe/EpPo/DescargaINDA.asp?Referencias=NDNWQlZCVkJWQkxIWUI5V1RNTEhZQkxIOVdfX1lYWUJUTVhDUzhTOExI,20241031
20241026,2338341-1,DESARROLLO AGRARIO Y RIEGO,RESOLUCION DIRECTORAL,No 335-2024-MIDAGRI-DVDAFIR-AGRO RURAL-DE,Designan Jefe de la Sub Unidad de Infraestructura de Riego Menor de la Unidad de Infraestructura Rural del Programa de Desarrollo Productivo Agrario Rural — AGRO RURAL,https://epdoc2.elperuano.pe/EpPo/DescargaINDA.asp?Referencias=NDNWQlZCVkJWQkxIWUI5V1RNTEhZQkxIOVdfXzlXVE1TOFhDUzhTOExI,20241031
20241026,2338408-1,DESARROLLO AGRARIO Y RIEGO,RESOLUCION MINISTERIAL,No 0348-2024-MIDAGRI,Autorizan viaje de Directora Ejecutiva (dt) del Servicio Nacional Forestal y de Fauna Silvestre - SERFOR a Colombia en comision de servicios,https://epdoc2.elperuano.pe/EpPo/DescargaINDA.asp?Referencias=NDNWQlZCVkJWQkxIWUI5V1RNTEhZQkxIOVdfX1hDWUJUTVhDUzhTOExI,20241031
20241026,2338408-2,DESARROLLO AGRARIO Y RIEGO,RESOLUCION MINISTERIAL,No 0349-2024-MIDAGRI,Autorizan viaje de Director General de la Direccion General de Gestion Sostenible del Patrimonio Forestal y de Fauna Silvestre del SERFOR a Colombia en comision de servicios,https://epdoc2.elperuano.pe/EpPo/DescargaINDA.asp?Referencias=NDNWQlZCVkJWQkxIWUI5V1RNTEhZQkxITEhfX1hDWUJUTVhDUzhTOExI,20241031
20241026,2338167-1,DESARROLLO E INCLUSIoN SOCIAL,RESOLUCION,No D000136-2024-MIDIS/PNPDS-DE,Designan Asesora de la Direccion Ejecutiva del Programa Nacional de entrega de la pension no contributiva a personas con discapacidad severa en situacion de pobreza - CONTIGO,https://epdoc2.elperuano.pe/EpPo/DescargaINDA.asp?Referencias=NDNWQlZCVkJWQkxIWUI5V1RNTEhZQkxIOVdfX1dWVkI5V1hDUzhTOExI,20241031
20241026,2338415-1,DESARROLLO E INCLUSIoN SOCIAL,RESOLUCION,No D000642-2024-MIDIS/PNAEQW-DE,Designan Asesor de la Direccion Ejecutiva del Programa Nacional de Alimentacion Escolar Qali Warma,https://epdoc2.elperuano.pe/EpPo/DescargaINDA.asp?Referencias=NDNWQlZCVkJWQkxIWUI5V1RNTEhZQkxIOVdfX1VOOVdUTVhDUzhTOExI,20241031
20241026,2338416-1,DESARROLLO E INCLUSIoN SOCIAL,RESOLUCION,No D000643-2024-MIDIS/PNAEQW-DE,Designan Jefa de la Unidad Territorial de Lima Metropolitana y Callao del Programa Nacional de Alimentacion Escolar Qali Warma,https://epdoc2.elperuano.pe/EpPo/DescargaINDA.asp?Referencias=NDNWQlZCVkJWQkxIWUI5V1RNTEhZQkxIOVdfX1ZCOVdUTVhDUzhTOExI,20241031
20241026,2337908-1,ECONOMIA Y FINANZAS,DECRETO SUPREMO,No 203-2024-EF,Decreto Supremo que aprueba la Actualizacion del Plan Nacional de Competitividad y Productividad 2019 - 2030 y cambio de denominacion a Plan Nacional de Competitividad y Productividad 2024 - 2030,https://epdoc2.elperuano.pe/EpPo/DescargaINDA.asp?Referencias=NDNWQlZCVkJWQkxIWUI5V1RNTEhZQkxIOVdfX1hDWUJZWFdWUzhTOExI,20241031
20241026,2338418-1,EDUCACION,RESOLUCION VICE MINISTERIAL,No 117-2024-MINEDU,Designan a Presidente y Vicepresidente Academico de la Comision Organizadora de la Universidad Nacional Intercultural de Quillabamba,https://epdoc2.elperuano.pe/EpPo/DescargaINDA.asp?Referencias=NDNWQlZCVkJWQkxIWUI5V1RNTEhZQkxIOVdfX1hDOVdUTVhDUzhTOExI,20241031
20241026,2338419-1,EDUCACION,RESOLUCION VICE MINISTERIAL,No 118-2024-MINEDU,Constituyen la Comision Organizadora de la Universidad Nacional de Sechura y dictan otras disposiciones,https://epdoc2.elperuano.pe/EpPo/DescargaINDA.asp?Referencias=NDNWQlZCVkJWQkxIWUI5V1RNTEhZQkxIOVdfX1lYOVdUTVhDUzhTOExI,20241031
20241026,2338420-1,EDUCACION,RESOLUCION VICE MINISTERIAL,No 119-2024-MINEDU,Reconforman la Comision Organizadora de la Universidad Nacional de Jaen y dictan otras disposiciones,https://epdoc2.elperuano.pe/EpPo/DescargaINDA.asp?Referencias=NDNWQlZCVkJWQkxIWUI5V1RNTEhZQkxIOVdfX1lCTEhUTVhDUzhTOExI,20241031
20241026,2336505-1,ENERGIA Y MINAS,RESOLUCION DIRECTORAL,No 0118-2024-MINEM/DGE,Otorgan a la Central Termica Agrolmos la calidad de Central de Cogeneracion Calificada solicitada por AGROLMOS S.A.,https://epdoc2.elperuano.pe/EpPo/DescargaINDA.asp?Referencias=NDNWQlZCVkJWQkxIWUI5V1RNTEhZQkxIOVdfX1VOWUJVTlZCUzhTOExI,20241031
20241026,2337621-1,ENERGIA Y MINAS,RESOLUCION MINISTERIAL,No 410-2024-MINEM/DM,Otorgan a la empresa ORYGEN PERu S.A.A. la concesion definitiva para desarrollar la generacion de energia electrica con Recursos Energeticos Renovables para el proyecto Central Solar Fotovoltaica CERW Wayra Solar en el distrito de Marcona provincia de Nasca departamento de Ica,https://epdoc2.elperuano.pe/EpPo/DescargaINDA.asp?Referencias=NDNWQlZCVkJWQkxIWUI5V1RNTEhZQkxIOVdfXzlXTEhWQldWUzhTOExI,20241031
20241026,2338103-1,MUJER Y POBLACIONES VULNERABLES,RESOLUCION MINISTERIAL,No 329-2024-MIMP,Modifican el Reglamento del Centro de Altos Estudios contra la Violencia contra las Mujeres y los Integrantes del Grupo Familiar,https://epdoc2.elperuano.pe/EpPo/DescargaINDA.asp?Referencias=NDNWQlZCVkJWQkxIWUI5V1RNTEhZQkxIOVdfX1M4WUI5V1hDUzhTOExI,20241031
20241026,2338106-1,MUJER Y POBLACIONES VULNERABLES,RESOLUCION MINISTERIAL,No 330-2024-MIMP,Designan Directora II de la Oficina de Contabilidad de la Oficina General de Administracion,https://epdoc2.elperuano.pe/EpPo/DescargaINDA.asp?Referencias=NDNWQlZCVkJWQkxIWUI5V1RNTEhZQkxIOVdfX1ZCWUI5V1hDUzhTOExI,20241031
20241026,2338109-1,MUJER Y POBLACIONES VULNERABLES,RESOLUCION MINISTERIAL,No 332-2024-MIMP,Designan Directora II de la Direccion de Sociedades de Beneficencia de la Direccion General de la Familia y la Comunidad,https://epdoc2.elperuano.pe/EpPo/DescargaINDA.asp?Referencias=NDNWQlZCVkJWQkxIWUI5V1RNTEhZQkxIOVdfX1lYWUI5V1hDUzhTOExI,20241031
20241026,2338402-1,PRODUCE,RESOLUCION MINISTERIAL,No 00429-2024-PRODUCE,Establecen la veda reproductiva del recurso bonito en el litoral peruano para el ano 2024,https://epdoc2.elperuano.pe/EpPo/DescargaINDA.asp?Referencias=NDNWQlZCVkJWQkxIWUI5V1RNTEhZQkxIOVdfX0xIWUJUTVhDUzhTOExI,20241031
20241026,2337742-1,RELACIONES EXTERIORES,RESOLUCION MINISTERIAL,No 0811-2024-RE,Autorizan viaje del Viceministro de Relaciones Exteriores a la Republica de Colombia y a la Republica del Ecuador en comision de servicios,https://epdoc2.elperuano.pe/EpPo/DescargaINDA.asp?Referencias=NDNWQlZCVkJWQkxIWUI5V1RNTEhZQkxIOVdfX0xIVE1XVldWUzhTOExI,20241031
20241026,2337743-1,RELACIONES EXTERIORES,RESOLUCION MINISTERIAL,No 0812-2024-RE,Autorizan viaje de funcionario diplomatico a la Republica de Colombia y a la Republica del Ecuador en comision de servicios,https://epdoc2.elperuano.pe/EpPo/DescargaINDA.asp?Referencias=NDNWQlZCVkJWQkxIWUI5V1RNTEhZQkxIOVdfX1M4VE1XVldWUzhTOExI,20241031
20241026,2338069-1,SALUD,RESOLUCION MINISTERIAL,No 730-2024/MINSA,Aprueban el Procedimiento para la elaboracion de las prioridades regionales provinciales y distritales de salud desde los Consejos Regionales de Salud (CRS) Consejos Provinciales de Salud (CPS) y Comites Distritales de Salud (CDS) del Sistema Nacional de Salud,https://epdoc2.elperuano.pe/EpPo/DescargaINDA.asp?Referencias=NDNWQlZCVkJWQkxIWUI5V1RNTEhZQkxIOVdfX1lYVkJZQlhDUzhTOExI,20241031
20241026,2337549-1,TRANSPORTES Y COMUNICACIONES,RESOLUCION MINISTERIAL,No 618-2024-MTC/01.03,Otorgan concesion unica a la empresa Multiservicios Flores & Anaya Empresa Individual de Responsabilidad Limitada para la prestacion de servicios publicos de telecomunicaciones en area que comprende todo el territorio de la Republica,https://epdoc2.elperuano.pe/EpPo/DescargaINDA.asp?Referencias=NDNWQlZCVkJWQkxIWUI5V1RNTEhZQkxIOVdfX1lYVE1VTldWUzhTOExI,20241031
20241026,2337579-1,TRANSPORTES Y COMUNICACIONES,RESOLUCION MINISTERIAL,No 619-2024-MTC/01.03,Otorgan concesion unica a la empresa Cimex Soluciones S.A.C. para la prestacion de servicios publicos de telecomunicaciones en area que comprende todo el territorio de la Republica,https://epdoc2.elperuano.pe/EpPo/DescargaINDA.asp?Referencias=NDNWQlZCVkJWQkxIWUI5V1RNTEhZQkxIOVdfX1lYV1ZVTldWUzhTOExI,20241031
20241026,2337629-1,TRANSPORTES Y COMUNICACIONES,RESOLUCION MINISTERIAL,No 620-2024-MTC/01.02,Aprueban la ejecucion de expropiacion de las areas afectadas de inmueble para la ejecucion de la obra: Rehabilitacion y Mejoramiento de la Carretera Tocache - Juanjui Tramo: Pizana - La Polvora - Pizarron - Perlamayo - Campanilla y el valor de la tasacion,https://epdoc2.elperuano.pe/EpPo/DescargaINDA.asp?Referencias=NDNWQlZCVkJWQkxIWUI5V1RNTEhZQkxIOVdfX1lYTEhWQldWUzhTOExI,20241031
20241026,2337643-1,TRANSPORTES Y COMUNICACIONES,RESOLUCION VICE MINISTERIAL,No 0127-2024-MTC/03,Modifican la Resolucion Viceministerial No 366-2005-MTC/03 que aprueba los Planes de Canalizacion y Asignacion de Frecuencias del Servicio de Radiodifusion por Television en VHF para diversas localidades del departamento de Tacna,https://epdoc2.elperuano.pe/EpPo/DescargaINDA.asp?Referencias=NDNWQlZCVkJWQkxIWUI5V1RNTEhZQkxIOVdfX1M4VE1WQldWUzhTOExI,20241031
20241026,2337656-1,TRANSPORTES Y COMUNICACIONES,RESOLUCION VICE MINISTERIAL,No 0128-2024-MTC/03,Modifican la Resolucion Viceministerial No 108-2004-MTC/03 que aprueba los Planes de Canalizacion y Asignacion de Frecuencias del Servicio de Radiodifusion Sonora en Frecuencia Modulada (FM) de localidades del departamento de Cusco,https://epdoc2.elperuano.pe/EpPo/DescargaINDA.asp?Referencias=NDNWQlZCVkJWQkxIWUI5V1RNTEhZQkxIOVdfX1ZCVU5WQldWUzhTOExI,20241031
20241026,2337678-1,TRANSPORTES Y COMUNICACIONES,RESOLUCION VICE MINISTERIAL,No 0129-2024-MTC/03,Modifican la Resolucion Viceministerial No 209-2004-MTC/03 que aprueba los Planes de Canalizacion y Asignacion de Frecuencias del Servicio de Radiodifusion por Television en UHF para diversas localidades del departamento de Cajamarca,https://epdoc2.elperuano.pe/EpPo/DescargaINDA.asp?Referencias=NDNWQlZCVkJWQkxIWUI5V1RNTEhZQkxIOVdfX1hDV1ZWQldWUzhTOExI,20241031
20241026,2337780-1,TRANSPORTES Y COMUNICACIONES,RESOLUCION VICE MINISTERIAL,No 0130-2024-MTC/03,Modifican la Resolucion Viceministerial No 081-2004-MTC/03 que aprueba los Planes de Canalizacion y Asignacion de Frecuencias del Servicio de Radiodifusion Sonora en Frecuencia Modulada (FM) de localidades del departamento de Ucayali,https://epdoc2.elperuano.pe/EpPo/DescargaINDA.asp?Referencias=NDNWQlZCVkJWQkxIWUI5V1RNTEhZQkxIOVdfX1lCWENXVldWUzhTOExI,20241031
20241026,2338411-1,AUTORIDAD NACIONAL DEL AGUA,RESOLUCION JEFATURAL,No 0420-2024-ANA,Designan Gerente General de la Autoridad Nacional del Agua,https://epdoc2.elperuano.pe/EpPo/DescargaINDA.asp?Referencias=NDNWQlZCVkJWQkxIWUI5V1RNTEhZQkxIOVdfXzlXOVdUTVhDUzhTOExI,20241031
20241026,2338397-1,CONSEJO NACIONAL DE CIENCIA  TECNOLOGiA E INNOVACIoN TECNOLoGICA,RESOLUCION,No 129-2024-CONCYTEC-P,Autorizan Transferencia Financiera a favor de la Contraloria General de la Republica,https://epdoc2.elperuano.pe/EpPo/DescargaINDA.asp?Referencias=NDNWQlZCVkJWQkxIWUI5V1RNTEhZQkxIOVdfX1dWWVhTOFhDUzhTOExI,20241031
20241026,2337856-1,SUPERINTENDENCIA NACIONAL DE ADUANAS Y DE ADMINISTRACIoN TRIBUTARIA,RESOLUCION,No 000217-2024/SUNAT,Resolucion de Superintendencia que aprueba el Procedimiento General Transbordo DESPA-PG.11 (version 5),https://epdoc2.elperuano.pe/EpPo/DescargaINDA.asp?Referencias=NDNWQlZCVkJWQkxIWUI5V1RNTEhZQkxIOVdfX1ZCVU5YQ1dWUzhTOExI,20241031
20241026,2338355-1,FONDO NACIONAL DE FINANCIAMIENTO DE LA ACTIVIDAD EMPRESARIAL DEL ESTADO,ACUERDO,No 001-2024/011-FONAFE,Acuerdo adoptado sobre directores de empresas en las que FONAFE participa como accionista,https://epdoc2.elperuano.pe/EpPo/DescargaINDA.asp?Referencias=NDNWQlZCVkJWQkxIWUI5V1RNTEhZQkxIOVdfX1VOVU5TOFhDUzhTOExI,20241031
20241026,2337783-1,CONSEJO EJECUTIVO DEL PODER JUDICIAL,RESOLUCION ADMINISTRATIVA,No 000349-2024-CE-PJ,Crean el Juzgado de Paz del Pueblo Santa Elena en el Distrito Judicial de Piura,https://epdoc2.elperuano.pe/EpPo/DescargaINDA.asp?Referencias=NDNWQlZCVkJWQkxIWUI5V1RNTEhZQkxIOVdfX1M4WENXVldWUzhTOExI,20241031
20241026,2338264-1,CONSEJO EJECUTIVO DEL PODER JUDICIAL,RESOLUCION ADMINISTRATIVA,No 000353-2024-CE-PJ,Modifican las RR. Adms. Nos 000308-2024-CE-PJ y 000287-2024-CE-PJ,https://epdoc2.elperuano.pe/EpPo/DescargaINDA.asp?Referencias=NDNWQlZCVkJWQkxIWUI5V1RNTEhZQkxIOVdfX1RNVkJMSFhDUzhTOExI,20241031
20241026,2338272-1,CONSEJO EJECUTIVO DEL PODER JUDICIAL,RESOLUCION ADMINISTRATIVA,No 000356-2024-CE-PJ,Modifican la Res. Adma No 000182-2024-CE-PJ que dispuso la creacion de la Unidad Modelo de Flagrancia Tipo III en el Distrito Judicial de Ica,https://epdoc2.elperuano.pe/EpPo/DescargaINDA.asp?Referencias=NDNWQlZCVkJWQkxIWUI5V1RNTEhZQkxIOVdfX0xIV1ZMSFhDUzhTOExI,20241031
20241026,2338274-1,CONSEJO EJECUTIVO DEL PODER JUDICIAL,RESOLUCION ADMINISTRATIVA,No 000358-2024-CE-PJ,Disponen la implementacion del Expediente Judicial Electronico y la Mesa de Partes Electronica para la especialidad Laboral - subespecialidad Contencioso Administrativo Laboral y Previsional a partir del 28 de octubre en organos jurisdiccionales de la Corte Superior de Justicia de Tacna,https://epdoc2.elperuano.pe/EpPo/DescargaINDA.asp?Referencias=NDNWQlZCVkJWQkxIWUI5V1RNTEhZQkxIOVdfX1RNV1ZMSFhDUzhTOExI,20241031
20241026,2338278-1,CONSEJO EJECUTIVO DEL PODER JUDICIAL,RESOLUCION ADMINISTRATIVA,No 000359-2024-CE-PJ,Disponen la implementacion del Expediente Judicial Electronico y la Mesa de Partes Electronica para la especialidad Laboral -subespecialidad Contencioso Administrativo Laboral y Previsional a partir del 28 de octubre en organos jurisdiccionales de la Corte Superior de Justicia de Junin,https://epdoc2.elperuano.pe/EpPo/DescargaINDA.asp?Referencias=NDNWQlZCVkJWQkxIWUI5V1RNTEhZQkxIOVdfX1hDV1ZMSFhDUzhTOExI,20241031
20241026,2338303-1,CONTRALORIA GENERAL DE LA REPUBLICA,RESOLUCION,No 640-2024-CG,Designan Jefe del organo de Control Institucional del Fondo de Cooperacion para el Desarrollo Social - FONCODES,https://epdoc2.elperuano.pe/EpPo/DescargaINDA.asp?Referencias=NDNWQlZCVkJWQkxIWUI5V1RNTEhZQkxIOVdfX1M4WUJTOFhDUzhTOExI,20241031
20241026,2338395-1,CONTRALORIA GENERAL DE LA REPUBLICA,RESOLUCION,No 641-2024-CG,Designan Jefe del organo de Control Institucional de la Empresa Peruana de Servicios Editoriales S.A. - EDITORA PERu,https://epdoc2.elperuano.pe/EpPo/DescargaINDA.asp?Referencias=NDNWQlZCVkJWQkxIWUI5V1RNTEhZQkxIOVdfX1VOWVhTOFhDUzhTOExI,20241031
20241026,2338404-1,CONTRALORIA GENERAL DE LA REPUBLICA,RESOLUCION,No 642-2024-CG,Designan profesionales en el cargo de Jefe del organo de Control Institucional del Ministerio Publico - Fiscalia de la Nacion y del Poder Judicial,https://epdoc2.elperuano.pe/EpPo/DescargaINDA.asp?Referencias=NDNWQlZCVkJWQkxIWUI5V1RNTEhZQkxIOVdfX1RNWUJUTVhDUzhTOExI,20241031
20241026,2322883-1,INSTITUCIONES EDUCATIVAS,RESOLUCION,No 1177-2024-R-UNE,Autorizan duplicado de diploma de Titulo Profesional de Licenciado en Educacion expedido por la Universidad Nacional de Educacion Enrique Guzman y Valle,https://epdoc2.elperuano.pe/EpPo/DescargaINDA.asp?Referencias=NDNWQlZCVkJWQkxIWUI5V1RNTEhZQkxIOVdfX1M4WENYQ0xITEhTOExI,20241031
20241026,2322884-1,INSTITUCIONES EDUCATIVAS,RESOLUCION,No 1297-2024-R-UNE,Autorizan duplicado de diploma de Grado Academico de Bachiller en Ciencias de la Educacion expedido por la Universidad Nacional de Educacion Enrique Guzman y Valle,https://epdoc2.elperuano.pe/EpPo/DescargaINDA.asp?Referencias=NDNWQlZCVkJWQkxIWUI5V1RNTEhZQkxIOVdfX1RNWENYQ0xITEhTOExI,20241031
20241026,2331577-1,INSTITUCIONES EDUCATIVAS,RESOLUCION,No 0746-2020-R-UNE,Autorizan duplicado de diploma de Titulo Profesional de Licenciado en Educacion expedido por la Universidad Nacional de Educacion Enrique Guzman y Valle,https://epdoc2.elperuano.pe/EpPo/DescargaINDA.asp?Referencias=NDNWQlZCVkJWQkxIWUI5V1RNTEhZQkxIOVdfX1dWV1ZVTjlXUzhTOExI,20241031
20241026,2337965-1,INSTITUCIONES EDUCATIVAS,RESOLUCION,No 0559-CU-2024,Autorizan viaje de docente de la Universidad Nacional de Piura para que realice pasantia internacional en universidad de Colombia,https://epdoc2.elperuano.pe/EpPo/DescargaINDA.asp?Referencias=NDNWQlZCVkJWQkxIWUI5V1RNTEhZQkxIOVdfX1VOVkJZWFdWUzhTOExI,20241031
20241026,2337970-1,MINISTERIO PUBLICO,RESOLUCION,No 2330-2024-MP-FN,Cesan por limite de edad a fiscal adjunto provincial provisional del Distrito Fiscal de Tacna,https://epdoc2.elperuano.pe/EpPo/DescargaINDA.asp?Referencias=NDNWQlZCVkJWQkxIWUI5V1RNTEhZQkxIOVdfX1lCV1ZZWFdWUzhTOExI,20241031
20241026,2337970-10,MINISTERIO PUBLICO,RESOLUCION,No 2344-2024-MP-FN,Nombran fiscal provincial provisional del Distrito Fiscal de ancash,https://epdoc2.elperuano.pe/EpPo/DescargaINDA.asp?Referencias=NjNWQlZCVkJMSFlCOVdUTUxIWUJMSFlCOVdfX1lCV1ZZWFdWUzhTOExI,20241031
20241026,2337970-11,MINISTERIO PUBLICO,RESOLUCION,No 2345-2024-MP-FN,Nombran fiscal provincial provisional del Distrito Fiscal de Tumbes,https://epdoc2.elperuano.pe/EpPo/DescargaINDA.asp?Referencias=NjNWQlZCVkJMSFlCOVdUTUxIWUJMSDlXOVdfX1lCV1ZZWFdWUzhTOExI,20241031
20241026,2337970-12,MINISTERIO PUBLICO,RESOLUCION,No 2346-2024-MP-FN,Nombran fiscal adjunto provincial provisional del Distrito Fiscal de Arequipa,https://epdoc2.elperuano.pe/EpPo/DescargaINDA.asp?Referencias=NjNWQlZCVkJMSFlCOVdUTUxIWUJMSExIOVdfX1lCV1ZZWFdWUzhTOExI,20241031
20241026,2337970-13,MINISTERIO PUBLICO,RESOLUCION,No 2347-2024-MP-FN,Nombran fiscal adjunta provincial provisional del Distrito Fiscal de Arequipa,https://epdoc2.elperuano.pe/EpPo/DescargaINDA.asp?Referencias=NjNWQlZCVkJMSFlCOVdUTUxIWUJMSFM4OVdfX1lCV1ZZWFdWUzhTOExI,20241031
20241026,2337970-14,MINISTERIO PUBLICO,RESOLUCION,No 2348-2024-MP-FN,Nombran fiscal adjunto provincial provisional del Distrito Fiscal de Junin,https://epdoc2.elperuano.pe/EpPo/DescargaINDA.asp?Referencias=NjNWQlZCVkJMSFlCOVdUTUxIWUJMSFRNOVdfX1lCV1ZZWFdWUzhTOExI,20241031
20241026,2337970-15,MINISTERIO PUBLICO,RESOLUCION,No 2349 -2024-MP-FN,Aceptan renuncia de fiscal adjunta provincial provisional del Distrito Fiscal de Arequipa,https://epdoc2.elperuano.pe/EpPo/DescargaINDA.asp?Referencias=NjNWQlZCVkJMSFlCOVdUTUxIWUJMSFVOOVdfX1lCV1ZZWFdWUzhTOExI,20241031
20241026,2337970-16,MINISTERIO PUBLICO,RESOLUCION,No 2352-2024-MP-FN,Nombran fiscal provincial provisional del Distrito Fiscal de Lima Centro,https://epdoc2.elperuano.pe/EpPo/DescargaINDA.asp?Referencias=NjNWQlZCVkJMSFlCOVdUTUxIWUJMSFZCOVdfX1lCV1ZZWFdWUzhTOExI,20241031
20241026,2337970-17,MINISTERIO PUBLICO,RESOLUCION,No 2353-2024-MP-FN,Nombran fiscal adjunta provincial provisional del Distrito Fiscal de Lima Centro,https://epdoc2.elperuano.pe/EpPo/DescargaINDA.asp?Referencias=NjNWQlZCVkJMSFlCOVdUTUxIWUJMSFdWOVdfX1lCV1ZZWFdWUzhTOExI,20241031
20241026,2337970-18,MINISTERIO PUBLICO,RESOLUCION,No 2354-2024-MP-FN,Nombran fiscal provincial provisional del Distrito Fiscal de Lima Centro,https://epdoc2.elperuano.pe/EpPo/DescargaINDA.asp?Referencias=NjNWQlZCVkJMSFlCOVdUTUxIWUJMSFhDOVdfX1lCV1ZZWFdWUzhTOExI,20241031
20241026,2337970-19,MINISTERIO PUBLICO,RESOLUCION,No 2355-2024-MP-FN,Nombran fiscal adjunta provincial provisional del Distrito Fiscal de Lima Centro,https://epdoc2.elperuano.pe/EpPo/DescargaINDA.asp?Referencias=NjNWQlZCVkJMSFlCOVdUTUxIWUJMSFlYOVdfX1lCV1ZZWFdWUzhTOExI,20241031
20241026,2337970-2,MINISTERIO PUBLICO,RESOLUCION,No 2335-2024-MP-FN,Aceptan renuncia de fiscal adjunta provincial provisional transitoria del Distrito Fiscal de Lima Centro,https://epdoc2.elperuano.pe/EpPo/DescargaINDA.asp?Referencias=NDNWQlZCVkJWQkxIWUI5V1RNTEhZQkxITEhfX1lCV1ZZWFdWUzhTOExI,20241031
20241026,2337970-20,MINISTERIO PUBLICO,RESOLUCION,No 2356-2024-MP-FN,Nombran fiscal adjunta provincial provisional del Distrito Fiscal de La Libertad,https://epdoc2.elperuano.pe/EpPo/DescargaINDA.asp?Referencias=NjNWQlZCVkJMSFlCOVdUTUxIWUJMSFlCTEhfX1lCV1ZZWFdWUzhTOExI,20241031
20241026,2337970-21,MINISTERIO PUBLICO,RESOLUCION,No 2357-2024-MP-FN,Nombran fiscal adjunta provincial provisional del Distrito Fiscal de Cusco,https://epdoc2.elperuano.pe/EpPo/DescargaINDA.asp?Referencias=NjNWQlZCVkJMSFlCOVdUTUxIWUJMSDlXTEhfX1lCV1ZZWFdWUzhTOExI,20241031
20241026,2337970-22,MINISTERIO PUBLICO,RESOLUCION,No 2358-2024-MP-FN,Nombran fiscal adjunto provincial provisional del Distrito Fiscal del Cusco,https://epdoc2.elperuano.pe/EpPo/DescargaINDA.asp?Referencias=NjNWQlZCVkJMSFlCOVdUTUxIWUJMSExITEhfX1lCV1ZZWFdWUzhTOExI,20241031
20241026,2337970-23,MINISTERIO PUBLICO,RESOLUCION,No 2359 -2024-MP-FN,Aceptan renuncia de fiscal adjunta provincial provisional del Distrito Fiscal de la Selva Central,https://epdoc2.elperuano.pe/EpPo/DescargaINDA.asp?Referencias=NjNWQlZCVkJMSFlCOVdUTUxIWUJMSFM4TEhfX1lCV1ZZWFdWUzhTOExI,20241031
20241026,2337970-24,MINISTERIO PUBLICO,RESOLUCION,No 2360-2024-MP-FN,Designan fiscal adjunto provincial titular especializado en delitos de corrupcion de funcionarios de Lima Distrito Fiscal de Lima,https://epdoc2.elperuano.pe/EpPo/DescargaINDA.asp?Referencias=NjNWQlZCVkJMSFlCOVdUTUxIWUJMSFRNTEhfX1lCV1ZZWFdWUzhTOExI,20241031
20241026,2337970-3,MINISTERIO PUBLICO,RESOLUCION,No 2336-2024-MP-FN,Dan por concluida designacion de fiscal adjunto provincial titular especializado en delitos de corrupcion de funcionarios (corporativo) de Apurimac,https://epdoc2.elperuano.pe/EpPo/DescargaINDA.asp?Referencias=NDNWQlZCVkJWQkxIWUI5V1RNTEhZQkxIUzhfX1lCV1ZZWFdWUzhTOExI,20241031
20241026,2337970-4,MINISTERIO PUBLICO,RESOLUCION,No 2337-2024-MP-FN,Nombran fiscal adjunta provincial provisional del Distrito Fiscal de Lima Noroeste,https://epdoc2.elperuano.pe/EpPo/DescargaINDA.asp?Referencias=NDNWQlZCVkJWQkxIWUI5V1RNTEhZQkxIVE1fX1lCV1ZZWFdWUzhTOExI,20241031
20241026,2337970-5,MINISTERIO PUBLICO,RESOLUCION,No 2338-2024-MP-FN,Nombran fiscal adjunto provincial provisional del Distrito Fiscal de Junin,https://epdoc2.elperuano.pe/EpPo/DescargaINDA.asp?Referencias=NDNWQlZCVkJWQkxIWUI5V1RNTEhZQkxIVU5fX1lCV1ZZWFdWUzhTOExI,20241031
20241026,2337970-6,MINISTERIO PUBLICO,RESOLUCION,No 2339-2024-MP-FN,Nombran fiscal adjunta provincial provisional del Distrito Fiscal de Lima Norte,https://epdoc2.elperuano.pe/EpPo/DescargaINDA.asp?Referencias=NDNWQlZCVkJWQkxIWUI5V1RNTEhZQkxIVkJfX1lCV1ZZWFdWUzhTOExI,20241031
20241026,2337970-7,MINISTERIO PUBLICO,RESOLUCION,No 2340-2024-MP-FN,Nombran fiscal adjunta provincial provisional del Distrito Fiscal de Amazonas,https://epdoc2.elperuano.pe/EpPo/DescargaINDA.asp?Referencias=NDNWQlZCVkJWQkxIWUI5V1RNTEhZQkxIV1ZfX1lCV1ZZWFdWUzhTOExI,20241031
20241026,2337970-8,MINISTERIO PUBLICO,RESOLUCION,No 2341-2024-MP-FN,Nombran fiscal adjunta provincial provisional del Distrito Fiscal de ancash,https://epdoc2.elperuano.pe/EpPo/DescargaINDA.asp?Referencias=NDNWQlZCVkJWQkxIWUI5V1RNTEhZQkxIWENfX1lCV1ZZWFdWUzhTOExI,20241031
20241026,2337970-9,MINISTERIO PUBLICO,RESOLUCION,No 2343-2024-MP-FN,Nombran fiscal provincial provisional del Distrito Fiscal de Cajamarca,https://epdoc2.elperuano.pe/EpPo/DescargaINDA.asp?Referencias=NDNWQlZCVkJWQkxIWUI5V1RNTEhZQkxIWVhfX1lCV1ZZWFdWUzhTOExI,20241031
20241026,2338037-1,MINISTERIO PUBLICO,RESOLUCION,No 054-2024-MP-FN-JFS,Aceptan renuncia de fiscal adjunta provincial titular civil y familia de Huancayo del Distrito Fiscal de Junin,https://epdoc2.elperuano.pe/EpPo/DescargaINDA.asp?Referencias=NDNWQlZCVkJWQkxIWUI5V1RNTEhZQkxIOVdfX1dWUzhZQlhDUzhTOExI,20241031
20241026,2338037-2,MINISTERIO PUBLICO,RESOLUCION,No 055-2024-MP-FN-JFS,Aceptan renuncia de fiscal provincial titular de civil y familia de Paucarpata del Distrito Fiscal de Arequipa,https://epdoc2.elperuano.pe/EpPo/DescargaINDA.asp?Referencias=NDNWQlZCVkJWQkxIWUI5V1RNTEhZQkxITEhfX1dWUzhZQlhDUzhTOExI,20241031
20241026,2338037-3,MINISTERIO PUBLICO,RESOLUCION,No 056-2024-MP-FN-JFS,Aceptan renuncia de fiscal provincial titular de familia de Nuevo Chimbote del Distrito Fiscal del Santa,https://epdoc2.elperuano.pe/EpPo/DescargaINDA.asp?Referencias=NDNWQlZCVkJWQkxIWUI5V1RNTEhZQkxIUzhfX1dWUzhZQlhDUzhTOExI,20241031
20241026,2338037-4,MINISTERIO PUBLICO,RESOLUCION,No 057-2024-MP-FN-JFS,Aceptan renuncia de fiscal adjunta provincial titular de familia de Celendin del Distrito Fiscal de Cajamarca,https://epdoc2.elperuano.pe/EpPo/DescargaINDA.asp?Referencias=NDNWQlZCVkJWQkxIWUI5V1RNTEhZQkxIVE1fX1dWUzhZQlhDUzhTOExI,20241031
20241026,2338037-5,MINISTERIO PUBLICO,RESOLUCION,No 2342-2024-MP-FN,Dan por concluida designacion de fiscal adjunta provincial titular de familia de Celendin Distrito Fiscal de Cajamarca,https://epdoc2.elperuano.pe/EpPo/DescargaINDA.asp?Referencias=NDNWQlZCVkJWQkxIWUI5V1RNTEhZQkxIVU5fX1dWUzhZQlhDUzhTOExI,20241031
20241026,2338037-6,MINISTERIO PUBLICO,RESOLUCION,No 2350-2024-MP-FN,Dan por concluida designacion de fiscal adjunta provincial titular civil y familia de Paucarpata Distrito Fiscal de Arequipa,https://epdoc2.elperuano.pe/EpPo/DescargaINDA.asp?Referencias=NDNWQlZCVkJWQkxIWUI5V1RNTEhZQkxIVkJfX1dWUzhZQlhDUzhTOExI,20241031
20241026,2338037-7,MINISTERIO PUBLICO,RESOLUCION,No 2351-2024-MP-FN,Dan por concluida designacion de fiscal adjunta provincial titular civil y familia de Huancayo Distrito Fiscal de Junin,https://epdoc2.elperuano.pe/EpPo/DescargaINDA.asp?Referencias=NDNWQlZCVkJWQkxIWUI5V1RNTEhZQkxIV1ZfX1dWUzhZQlhDUzhTOExI,20241031
20241026,2338037-8,MINISTERIO PUBLICO,RESOLUCION,No 2379-2024-MP-FN,Dan por concluida designacion de fiscal provincial titular de familia de Nuevo Chimbote Distrito Fiscal del Santa,https://epdoc2.elperuano.pe/EpPo/DescargaINDA.asp?Referencias=NDNWQlZCVkJWQkxIWUI5V1RNTEhZQkxIWENfX1dWUzhZQlhDUzhTOExI,20241031
20241026,2338291-1,MUNICIPALIDAD METROPOLITANA DE LIMA,ORDENANZA,No 2666,Modifican la Ordenanza No 2200 que aprobo el Regimen de Aplicacion de Sanciones Administrativas y el Cuadro de Infracciones y Sanciones Administrativas de la Municipalidad Metropolitana de Lima,https://epdoc2.elperuano.pe/EpPo/DescargaINDA.asp?Referencias=NDNWQlZCVkJWQkxIWUI5V1RNTEhZQkxIOVdfXzlXWVhMSFhDUzhTOExI,20241031
20241026,2337403-1,MUNICIPALIDAD DE SANTIAGO DE SURCO,ORDENANZA,No 712-MSS,Ordenanza que aprueba el Reglamento que regula la realizacion de las audiencias publicas de rendicion de cuentas de la Municipalidad de Santiago de Surco,https://epdoc2.elperuano.pe/EpPo/DescargaINDA.asp?Referencias=NDNWQlZCVkJWQkxIWUI5V1RNTEhZQkxIOVdfX1M4WUJUTVdWUzhTOExI,20241031
20241026,2336325-1,MUNICIPALIDAD DE SURQUILLO,Decretos de Alcaldia,No 07-2024-MDS,Aprueban Reglamento del Servicio de Estacionamiento Vehicular Temporal en el distrito de Surquillo,https://epdoc2.elperuano.pe/EpPo/DescargaINDA.asp?Referencias=NDNWQlZCVkJWQkxIWUI5V1RNTEhZQkxIOVdfX1VOTEhTOFZCUzhTOExI,20241031
20241026,2336397-1,MUNICIPALIDAD DE VILLA MARIA DEL TRIUNFO,DECRETO DE ALCALDIA,No 05-2024-MDVMT,Prorrogan plazo establecido en la Segunda Disposicion Final de la Ordenanza No 374-MDVMT referente a beneficios tributarios y no tributarios a favor de vecinos del distrito de Villa Maria del Triunfo,https://epdoc2.elperuano.pe/EpPo/DescargaINDA.asp?Referencias=NDNWQlZCVkJWQkxIWUI5V1RNTEhZQkxIOVdfX1dWWVhTOFZCUzhTOExI,20241031
20241026,2336265-1,MUNICIPALIDAD DE LA PERLA,RESOLUCION DE ALCALDIA,No 154-2024-MDLP/AL,Encargan a profesional las funciones de Ejecutor Coactivo de la Subgerencia de Recaudacion y Ejecutoria Coactiva,https://epdoc2.elperuano.pe/EpPo/DescargaINDA.asp?Referencias=NDNWQlZCVkJWQkxIWUI5V1RNTEhZQkxIOVdfX1VOVkJMSFZCUzhTOExI,20241031
20241026,2337652-1,MUNICIPALIDAD DE MI PERu,DECRETO DE ALCALDIA,No 005-2024-MDMP,Reconocen la actualizacion del Reglamento Interno de la Comision Ambiental Municipal del Distrito de Mi Peru- CAM del distrito de Mi Peru,https://epdoc2.elperuano.pe/EpPo/DescargaINDA.asp?Referencias=NDNWQlZCVkJWQkxIWUI5V1RNTEhZQkxIOVdfX0xIVU5WQldWUzhTOExI,20241031
20241025,2338227-2,CONGRESO DE LA REPUBLICA,ANEXO,Ley No 32142,Anexos de Ley No 32142 Ley que autoriza al Ministerio de Educacion para financiar intervenciones y acciones pedagogicas en el Ano Fiscal 2024,https://epdoc2.elperuano.pe/EpPo/DescargaINDA.asp?Referencias=NDNVTlVOVU5VTkxIWUI5V1RNTEhZQkxITEhfX1dWTEhMSFhDUzhTOExI,20241031
20241025,2338227-1,CONGRESO DE LA REPUBLICA,LEY,No 32142,Ley que autoriza al Ministerio de Educacion para financiar intervenciones y acciones pedagogicas en el Ano Fiscal 2024,https://epdoc2.elperuano.pe/EpPo/DescargaINDA.asp?Referencias=NDNVTlVOVU5VTkxIWUI5V1RNTEhZQkxIOVdfX1dWTEhMSFhDUzhTOExI,20241031
20241025,2338403-1,CONGRESO DE LA REPUBLICA,LEY,No 32143,Ley que autoriza excepcionalmente modificaciones presupuestarias para el financiamiento de la atencion alimentaria complementaria en favor de las ollas comunes,https://epdoc2.elperuano.pe/EpPo/DescargaINDA.asp?Referencias=NDNVTlVOVU5VTkxIWUI5V1RNTEhZQkxIOVdfX1M4WUJUTVhDUzhTOExI,20241031
20241025,2337948-2,AMBIENTE,DECRETO SUPREMO,No 008-2024-MINAM,Decreto Supremo que aprueba la Estrategia Nacional de Diversidad Biologica al 2050,https://epdoc2.elperuano.pe/EpPo/DescargaINDA.asp?Referencias=NDNVTlVOVU5VTkxIWUI5V1RNTEhZQkxITEhfX1hDVE1ZWFdWUzhTOExI,20241031
20241025,2337958-1,COMERCIO EXTERIOR Y TURISMO,RESOLUCION MINISTERIAL,No 322-2024-MINCETUR,Autorizan viaje de Directora de la Direccion de Asuntos Ambientales Turisticos de la Direccion General de Politicas de Desarrollo Turistico del Viceministerio de Turismo a la Republica de Colombia en comision de servicios,https://epdoc2.elperuano.pe/EpPo/DescargaINDA.asp?Referencias=NDNVTlVOVU5VTkxIWUI5V1RNTEhZQkxIOVdfX1hDVU5ZWFdWUzhTOExI,20241031
20241025,2337143-1,CULTURA,RESOLUCION DIRECTORAL,No 000154-2024-DGPA-VMPCIC/MC,Prorrogan plazo de determinacion de la proteccion provisional del Huaca La Alameda ubicado en el distrito de Pimentel provincia de Chiclayo departamento de Lambayeque,https://epdoc2.elperuano.pe/EpPo/DescargaINDA.asp?Referencias=NDNVTlVOVU5VTkxIWUI5V1RNTEhZQkxIOVdfX1M4VE05V1dWUzhTOExI,20241031
20241025,2337875-1,CULTURA,RESOLUCION MINISTERIAL,No 000394-2024-MC,Designan Directora de Sistema Administrativo III de la Oficina de Contabilidad de la Oficina General de Administracion,https://epdoc2.elperuano.pe/EpPo/DescargaINDA.asp?Referencias=NDNVTlVOVU5VTkxIWUI5V1RNTEhZQkxIOVdfX1VOV1ZYQ1dWUzhTOExI,20241031
20241025,2337941-1,CULTURA,RESOLUCION MINISTERIAL,No 000395-2024-MC,Designan Directora de Sistema Administrativo III de la Oficina de Tesoreria de la Oficina General de Administracion,https://epdoc2.elperuano.pe/EpPo/DescargaINDA.asp?Referencias=NDNVTlVOVU5VTkxIWUI5V1RNTEhZQkxIOVdfXzlXVE1ZWFdWUzhTOExI,20241031
20241025,2337163-1,CULTURA,RESOLUCION VICE MINISTERIAL,No 000300-2024-VMPCIC/MC,Declaran Patrimonio Cultural de la Nacion a la costumbre conocida como Kurku Hayli o Kurku Faina de la comunidad campesina de Vito distrito de Juan Espinoza Medrano provincia de Antabamba region Apurimac,https://epdoc2.elperuano.pe/EpPo/DescargaINDA.asp?Referencias=NDNVTlVOVU5VTkxIWUI5V1RNTEhZQkxIOVdfX1M4VkI5V1dWUzhTOExI,20241031
20241025,2337177-1,CULTURA,RESOLUCION VICE MINISTERIAL,No 000302-2024-VMPCIC/MC,Declaran Patrimonio Cultural de la Nacion de un bien cultural mueble de propiedad de ciudadano,https://epdoc2.elperuano.pe/EpPo/DescargaINDA.asp?Referencias=NDNVTlVOVU5VTkxIWUI5V1RNTEhZQkxIOVdfX1dWV1Y5V1dWUzhTOExI,20241031
20241025,2337183-1,CULTURA,RESOLUCION VICE MINISTERIAL,No 000301-2024-VMPCIC/MC,Declaran Patrimonio Cultural de la Nacion a un bien cultural mueble de propiedad del Ministerio de Cultura,https://epdoc2.elperuano.pe/EpPo/DescargaINDA.asp?Referencias=NDNVTlVOVU5VTkxIWUI5V1RNTEhZQkxIOVdfX1M4WEM5V1dWUzhTOExI,20241031
20241025,2337195-1,CULTURA,RESOLUCION VICE MINISTERIAL,No 000303-2024-VMPCIC/MC,Declaran Patrimonio Cultural de la Nacion a bien cultural mueble (pintura),https://epdoc2.elperuano.pe/EpPo/DescargaINDA.asp?Referencias=NDNVTlVOVU5VTkxIWUI5V1RNTEhZQkxIOVdfX1VOWVg5V1dWUzhTOExI,20241031
20241025,2337227-1,CULTURA,RESOLUCION VICE MINISTERIAL,No 000306-2024-VMPCIC/MC,Declaran Patrimonio Cultural de la Nacion a bien cultural mueble arqueologico (ceramica),https://epdoc2.elperuano.pe/EpPo/DescargaINDA.asp?Referencias=NDNVTlVOVU5VTkxIWUI5V1RNTEhZQkxIOVdfX1dWTEhMSFdWUzhTOExI,20241031
20241025,2337438-1,DEFENSA,RESOLUCION MINISTERIAL,No 01184-2024-DE,Autorizan viaje de Oficial EP a los EE.UU. en comision de servicios,https://epdoc2.elperuano.pe/EpPo/DescargaINDA.asp?Referencias=NDNVTlVOVU5VTkxIWUI5V1RNTEhZQkxIOVdfX1hDUzhUTVdWUzhTOExI,20241031
20241025,2337440-1,DEFENSA,RESOLUCION MINISTERIAL,No 01183-2024-DE,Autorizan viaje de Oficiales de la Marina de Guerra del Peru a la Republica de Corea en comision de servicios,https://epdoc2.elperuano.pe/EpPo/DescargaINDA.asp?Referencias=NDNVTlVOVU5VTkxIWUI5V1RNTEhZQkxIOVdfX1lCVE1UTVdWUzhTOExI,20241031
20241025,2337514-1,DESARROLLO AGRARIO Y RIEGO,RESOLUCION MINISTERIAL,No 0347-2024-MIDAGRI,Designan Director Ejecutivo del Proyecto Especial Binacional Lago Titicaca - PEBLT,https://epdoc2.elperuano.pe/EpPo/DescargaINDA.asp?Referencias=NDNVTlVOVU5VTkxIWUI5V1RNTEhZQkxIOVdfX1RNOVdVTldWUzhTOExI,20241031
20241025,2337835-1,DESARROLLO E INCLUSIoN SOCIAL,FE DE ERRATA,Res. No 002098-2024-MIDIS/PNCM-DE,FE DE ERRATA,https://epdoc2.elperuano.pe/EpPo/DescargaINDA.asp?Referencias=NDNVTlVOVU5VTkxIWUI5V1RNTEhZQkxIOVdfX1VOUzhYQ1dWUzhTOExI,20241031
20241025,2337966-1,ENERGIA Y MINAS,RESOLUCION MINISTERIAL,No 412-2024-MINEM/DM,Autorizan viaje del Jefe de Gabinete de Asesores del Ministerio de Energia y Minas a la Mancomunidad de Australia en comision de servicios,https://epdoc2.elperuano.pe/EpPo/DescargaINDA.asp?Referencias=NDNVTlVOVU5VTkxIWUI5V1RNTEhZQkxIOVdfX1ZCVkJZWFdWUzhTOExI,20241031
20241025,2337573-1,INTERIOR,RESOLUCION DIRECTORAL,No 301-2024-IN-VOI-DGIN,Designan Subprefecto Provincial de Puno y Subprefectos Distritales de Lima Arequipa Tumbes y La Libertad,https://epdoc2.elperuano.pe/EpPo/DescargaINDA.asp?Referencias=NDNVTlVOVU5VTkxIWUI5V1RNTEhZQkxIOVdfX1M4V1ZVTldWUzhTOExI,20241031
20241025,2337369-1,MUJER Y POBLACIONES VULNERABLES,RESOLUCION,No D000199-2024-CONADIS-PRE,Autorizan transferencia financiera a favor de la Contraloria General de la Republica,https://epdoc2.elperuano.pe/EpPo/DescargaINDA.asp?Referencias=NDNVTlVOVU5VTkxIWUI5V1RNTEhZQkxIOVdfX1lYVkJTOFdWUzhTOExI,20241031
20241025,2337937-1,SALUD,DECRETO SUPREMO,No 020-2024-SA,Decreto Supremo que adecua y actualiza los Reglamentos de la Ley No 29459 Ley de los Productos Farmaceuticos Dispositivos Medicos y Productos Sanitarios en el marco de lo dispuesto en la Ley No 32033 Ley que garantiza y promueve el acceso y uso a los medicamentos genericos en Denominacion Comun Internacional (DCI) y fortalece la regulacion de los productos farmaceuticos y dispositivos medicos en beneficio de los pacientes y usuarios,https://epdoc2.elperuano.pe/EpPo/DescargaINDA.asp?Referencias=NDNVTlVOVU5VTkxIWUI5V1RNTEhZQkxIOVdfX1dWUzhZWFdWUzhTOExI,20241031
20241025,2337944-1,SALUD,RESOLUCION MINISTERIAL,No 729-2024/MINSA,Designan Director Ejecutivo de la Direccion de Fiscalizacion y Sancion de la Direccion General de Salud Ambiental e Inocuidad Alimentaria,https://epdoc2.elperuano.pe/EpPo/DescargaINDA.asp?Referencias=NDNVTlVOVU5VTkxIWUI5V1RNTEhZQkxIOVdfX1RNVE1ZWFdWUzhTOExI,20241031
20241025,2337471-1,TRANSPORTES Y COMUNICACIONES,RESOLUCION MINISTERIAL,No 611-2024-MTC/01.02,Aprueban ejecucion de la expropiacion de area afectada de inmueble para la ejecucion de la obra: Red Vial No 6: Tramo: Puente Pucusana - Cerro Azul - Ica de la Carretera Panamericana Sur y su valor de tasacion,https://epdoc2.elperuano.pe/EpPo/DescargaINDA.asp?Referencias=NDNVTlVOVU5VTkxIWUI5V1RNTEhZQkxIOVdfXzlXV1ZUTVdWUzhTOExI,20241031
20241025,2337475-1,TRANSPORTES Y COMUNICACIONES,RESOLUCION MINISTERIAL,No 612-2024-MTC/01.02,Aprueban ejecucion de la expropiacion de area afectada de inmueble para la ejecucion de la Obra: Autopista del Sol (Trujillo - Chiclayo - Piura - Sullana) y su valor de tasacion,https://epdoc2.elperuano.pe/EpPo/DescargaINDA.asp?Referencias=NDNVTlVOVU5VTkxIWUI5V1RNTEhZQkxIOVdfX1VOV1ZUTVdWUzhTOExI,20241031
20241025,2337480-1,TRANSPORTES Y COMUNICACIONES,RESOLUCION MINISTERIAL,No 613-2024-MTC/01.02,Aprueban ejecucion de la expropiacion de area afectada de inmueble para la ejecucion de la obra: Construccion de la Via Evitamiento de la Ciudad de Juliaca y su valor de tasacion,https://epdoc2.elperuano.pe/EpPo/DescargaINDA.asp?Referencias=NDNVTlVOVU5VTkxIWUI5V1RNTEhZQkxIOVdfX1lCWENUTVdWUzhTOExI,20241031
20241025,2337483-1,TRANSPORTES Y COMUNICACIONES,RESOLUCION MINISTERIAL,No 615-2024-MTC/01.02,Aprueban la ejecucion de la expropiacion de inmuebles afectados por la ejecucion de la obra: Aeropuerto de Jauja de la Region Junin y los valores de las tasaciones,https://epdoc2.elperuano.pe/EpPo/DescargaINDA.asp?Referencias=NDNVTlVOVU5VTkxIWUI5V1RNTEhZQkxIOVdfX1M4WENUTVdWUzhTOExI,20241031
20241025,2337484-1,TRANSPORTES Y COMUNICACIONES,RESOLUCION MINISTERIAL,No 616-2024-MTC/01.02,Dejan sin efecto la R.M. No 256-2021-MTC/01.02 que aprobo la ejecucion de expropiacion y el valor de tasacion de inmueble afectado por la ejecucion de obra en el departamento de Cajamarca,https://epdoc2.elperuano.pe/EpPo/DescargaINDA.asp?Referencias=NDNVTlVOVU5VTkxIWUI5V1RNTEhZQkxIOVdfX1RNWENUTVdWUzhTOExI,20241031
20241025,2337485-1,TRANSPORTES Y COMUNICACIONES,RESOLUCION MINISTERIAL,No 617-2024-MTC/01.02,Dejan sin efecto la Resolucion Ministerial No 1570-2023-MTC/01.02,https://epdoc2.elperuano.pe/EpPo/DescargaINDA.asp?Referencias=NDNVTlVOVU5VTkxIWUI5V1RNTEhZQkxIOVdfX1VOWENUTVdWUzhTOExI,20241031
20241025,2337905-1,TRANSPORTES Y COMUNICACIONES,RESOLUCION MINISTERIAL,No 622-2024-MTC/01.02,Modifican los Anexos 1 y 2 de la R.M. No 918-2017 MTC/01.02 conforme al Anexo No 01 Cuadro de Coordenadas Proyectadas UTM con Elipsoide de Referencia WGS84 de la Zona 18 en el hemisferio sur y al Anexo No 02 Planos de detalle de Derecho de Via del Anillo Vial Periferico,https://epdoc2.elperuano.pe/EpPo/DescargaINDA.asp?Referencias=NDNVTlVOVU5VTkxIWUI5V1RNTEhZQkxIOVdfX1VOWUJZWFdWUzhTOExI,20241031
20241025,2337845-1,VIVIENDA  CONSTRUCCIoN Y SANEAMIENTO,RESOLUCION MINISTERIAL,No 406-2024-VIVIENDA,Aprueban doscientos cuarenta y seis Bonos de Arrendamiento de Vivienda para Emergencias dirigidos a damnificados por intensas precipitaciones pluviales en Huancavelica,https://epdoc2.elperuano.pe/EpPo/DescargaINDA.asp?Referencias=NDNVTlVOVU5VTkxIWUI5V1RNTEhZQkxIOVdfX1VOVE1YQ1dWUzhTOExI,20241031
20241025,2337874-1,VIVIENDA  CONSTRUCCIoN Y SANEAMIENTO,RESOLUCION MINISTERIAL,No 407-2024-VIVIENDA,Aprueban veintidos Bonos de Arrendamiento de Vivienda para Emergencias dirigidos a damnificados por intensas precipitaciones pluviales en Huancavelica,https://epdoc2.elperuano.pe/EpPo/DescargaINDA.asp?Referencias=NDNVTlVOVU5VTkxIWUI5V1RNTEhZQkxIOVdfX1RNV1ZYQ1dWUzhTOExI,20241031
20241025,2337902-1,VIVIENDA  CONSTRUCCIoN Y SANEAMIENTO,RESOLUCION MINISTERIAL,No 408-2024-VIVIENDA,Aprueban cuarenta y cuatro Bonos de Arrendamiento de Vivienda para Emergencias dirigidos a damnificados por incendios forestales en Amazonas Cajamarca y Huanuco,https://epdoc2.elperuano.pe/EpPo/DescargaINDA.asp?Referencias=NDNVTlVOVU5VTkxIWUI5V1RNTEhZQkxIOVdfX0xIWUJZWFdWUzhTOExI,20241031
20241025,2337879-1,ORGANISMO SUPERVISOR DE LA INVERSIoN EN ENERGiA Y MINERiA,RESOLUCION,No 178-2024-OS/CD,Resolucion de Consejo Directivo que declara improcedente el recurso de reconsideracion interpuesto por ADINELSA y no haber nulidad en las Resoluciones No 052-2024-OS/CD y No 109-2024-OS/CD que modificaron los Peajes y Compensaciones de los SST y SCT para el periodo mayo 2024 - abril de 2025,https://epdoc2.elperuano.pe/EpPo/DescargaINDA.asp?Referencias=NDNVTlVOVU5VTkxIWUI5V1RNTEhZQkxIOVdfX1lYV1ZYQ1dWUzhTOExI,20241031
20241025,2337889-1,ORGANISMO SUPERVISOR DE LA INVERSIoN EN ENERGiA Y MINERiA,RESOLUCION,No 179-2024-OS/CD,Resolucion de Consejo Directivo que aprueba el Precio a Nivel Generacion aplicable a partir del 04 de noviembre hasta el 03 de febrero 2024,https://epdoc2.elperuano.pe/EpPo/DescargaINDA.asp?Referencias=NDNVTlVOVU5VTkxIWUI5V1RNTEhZQkxIOVdfX1lYWENYQ1dWUzhTOExI,20241031
20241025,2337893-1,ORGANISMO SUPERVISOR DE LA INVERSIoN EN ENERGiA Y MINERiA,RESOLUCION,No 180-2024-OS/CD,Resolucion de Consejo Directivo que aprueba los factores de actualizacion p y FA aplicables a determinados cargos tarifarios aplicables a partir del 04 de noviembre de 2024 hasta el 03 de febrero 2025,https://epdoc2.elperuano.pe/EpPo/DescargaINDA.asp?Referencias=NDNVTlVOVU5VTkxIWUI5V1RNTEhZQkxIOVdfX1M4WVhYQ1dWUzhTOExI,20241031
20241025,2337900-1,ORGANISMO SUPERVISOR DE LA INVERSIoN EN ENERGiA Y MINERiA,RESOLUCION,No 181-2024-OS/CD,Resolucion de Consejo Directivo que aprueba el Saldo de la Cuenta de Promocion los factores de reajuste tarifario y el valor de la alicuota aplicables a las Tarifas unicas de Distribucion de la concesion de distribucion de gas natural por red de ductos de Lima y Callao,https://epdoc2.elperuano.pe/EpPo/DescargaINDA.asp?Referencias=NDNVTlVOVU5VTkxIWUI5V1RNTEhZQkxIOVdfX1lCWUJZWFdWUzhTOExI,20241031
20241025,2337907-1,ORGANISMO SUPERVISOR DE LA INVERSIoN EN ENERGiA Y MINERiA,RESOLUCION,No 182-2024-OS/CD,Resolucion de Consejo Directivo mediante la cual se aprueba el Saldo de la Cuenta de Promocion los Factores de Ajuste Tarifario y el valor de la Alicuota aplicables a la Tarifa de Distribucion de gas natural por red de ductos de la concesion de Ica,https://epdoc2.elperuano.pe/EpPo/DescargaINDA.asp?Referencias=NDNVTlVOVU5VTkxIWUI5V1RNTEhZQkxIOVdfX1dWWUJZWFdWUzhTOExI,20241031
20241025,2337912-1,ORGANISMO SUPERVISOR DE LA INVERSIoN EN ENERGiA Y MINERiA,RESOLUCION,No 184-2024-OS/CD,Disponen medida transitoria de excepcion de la obligacion de inscripcion en el Registro de Hidrocarburos como Comercializador de Combustibles de Aviacion a favor de Icaro Diecisiete S.A.S. SUCURSAL DEL PERu,https://epdoc2.elperuano.pe/EpPo/DescargaINDA.asp?Referencias=NDNVTlVOVU5VTkxIWUI5V1RNTEhZQkxIOVdfX0xIOVdZWFdWUzhTOExI,20241031
20241025,2337938-1,AUTORIDAD NACIONAL DEL AGUA,RESOLUCION JEFATURAL,No 0416-2024-ANA,Designan Subdirectora de la Unidad de Archivo y Tramite Documentario de la Oficina de Administracion,https://epdoc2.elperuano.pe/EpPo/DescargaINDA.asp?Referencias=NDNVTlVOVU5VTkxIWUI5V1RNTEhZQkxIOVdfX1hDUzhZWFdWUzhTOExI,20241031
20241025,2337486-1,INSTITUTO NACIONAL DE DEFENSA DE LA COMPETENCIA Y DE LA PROTECCION DE LA PROPIEDAD INTELECTUAL,RESOLUCION,No 000153-2024-GEG/INDECOPI,Modifican el Manual de Clasificador de Cargos del INDECOPI,https://epdoc2.elperuano.pe/EpPo/DescargaINDA.asp?Referencias=NDNVTlVOVU5VTkxIWUI5V1RNTEhZQkxIOVdfX1ZCWENUTVdWUzhTOExI,20241031
20241025,2337825-1,AUTORIDAD NACIONAL DE SANIDAD E INOCUIDAD EN PESCA Y ACUICULTURA,RESOLUCION,No 000139-2024-SANIPES/PE,Designan Coordinadora General de Laboratorios de SANIPES,https://epdoc2.elperuano.pe/EpPo/DescargaINDA.asp?Referencias=NDNVTlVOVU5VTkxIWUI5V1RNTEhZQkxIOVdfX1VOTEhYQ1dWUzhTOExI,20241031
20241025,2337609-1,CONSEJO EJECUTIVO DEL PODER JUDICIAL,RESOLUCION ADMINISTRATIVA,No 000132-2024-P-CE-PJ,Autorizan la realizacion del XI Encuentro Internacional de los Poderes Judiciales de Peru e Iberoamerica y XIII Encuentro Nacional de los Presidentes de las Cortes Superiores de Justicia y Responsables de las Comisiones Distritales de Acceso a la Justicia de Personas en la ciudad de Puno en Condicion de Vulnerabilidad y Justicia en tu Comunidad,https://epdoc2.elperuano.pe/EpPo/DescargaINDA.asp?Referencias=NDNVTlVOVU5VTkxIWUI5V1RNTEhZQkxIOVdfX1lYWUJWQldWUzhTOExI,20241031
20241025,2337623-1,CONSEJO EJECUTIVO DEL PODER JUDICIAL,RESOLUCION ADMINISTRATIVA,No 000133-2024-P-CE-PJ,Cesan por limite de edad a Juez Superior titular de la Corte Superior de Justicia de Junin,https://epdoc2.elperuano.pe/EpPo/DescargaINDA.asp?Referencias=NDNVTlVOVU5VTkxIWUI5V1RNTEhZQkxIOVdfX1M4TEhWQldWUzhTOExI,20241031
20241025,2337632-1,CONSEJO EJECUTIVO DEL PODER JUDICIAL,RESOLUCION ADMINISTRATIVA,No 000134-2024-P-CE-PJ,Autorizan viaje de Jueces titulares de la Corte Suprema de Justicia de la Republica para participar en evento academico que se realizara en Colombia,https://epdoc2.elperuano.pe/EpPo/DescargaINDA.asp?Referencias=NDNVTlVOVU5VTkxIWUI5V1RNTEhZQkxIOVdfX0xIUzhWQldWUzhTOExI,20241031
20241025,2337638-1,CONSEJO EJECUTIVO DEL PODER JUDICIAL,RESOLUCION ADMINISTRATIVA,No 000340-2024-CE-PJ,Convierten organo jurisdiccional en el 1o Juzgado de Familia Subespecializado en Violencia contra la Mujer e Integrantes del Grupo Familiar de la Corte Superior de Justicia de Canete y dictan diversas medidas administrativas,https://epdoc2.elperuano.pe/EpPo/DescargaINDA.asp?Referencias=NDNVTlVOVU5VTkxIWUI5V1RNTEhZQkxIOVdfX1hDUzhWQldWUzhTOExI,20241031
20241025,2337640-1,CONSEJO EJECUTIVO DEL PODER JUDICIAL,RESOLUCION ADMINISTRATIVA,No 000341-2024-CE-PJ,Aprueban el estandar de ejecucion de expedientes anuales por cada secretaria de los Modulos de Ejecucion de apoyo a la funcion jurisdiccional,https://epdoc2.elperuano.pe/EpPo/DescargaINDA.asp?Referencias=NDNVTlVOVU5VTkxIWUI5V1RNTEhZQkxIOVdfX1lCVE1WQldWUzhTOExI,20241031
20241025,2337647-1,CONSEJO EJECUTIVO DEL PODER JUDICIAL,RESOLUCION ADMINISTRATIVA,No 000342-2024-CE-PJ,Aprueban propuesta para la creacion de dos Juzgados de Investigacion Preparatoria y un Juzgado Penal Unipersonal del distrito de Chulucanas provincia de Morropon y Corte Superior de Justicia de Piura y sobre la creacion de organos jurisdiccionales exclusivos en las provincias de Huancabamba Huarmaca Piura y Sechura,https://epdoc2.elperuano.pe/EpPo/DescargaINDA.asp?Referencias=NDNVTlVOVU5VTkxIWUI5V1RNTEhZQkxIOVdfX1dWVE1WQldWUzhTOExI,20241031
20241025,2337649-1,CONSEJO EJECUTIVO DEL PODER JUDICIAL,RESOLUCION ADMINISTRATIVA,No 000344-2024-CE-PJ,Modifican la Resolucion Administrativa No 144-2012-CE-PJ que establecio criterios para determinar la precedencia en el Cuadro de Antigüedad de Jueces Superiores titulares,https://epdoc2.elperuano.pe/EpPo/DescargaINDA.asp?Referencias=NDNVTlVOVU5VTkxIWUI5V1RNTEhZQkxIOVdfX1lYVE1WQldWUzhTOExI,20241031
20241025,2337696-1,CONSEJO EJECUTIVO DEL PODER JUDICIAL,RESOLUCION ADMINISTRATIVA,No 000345-2024-CE-PJ,Aprueban la Res. Adm. No 000007-2024-P-CED-PJ de la Corte Superior de Justicia de Cusco que declaro fundada solicitud de permuta de magistrados,https://epdoc2.elperuano.pe/EpPo/DescargaINDA.asp?Referencias=NDNVTlVOVU5VTkxIWUI5V1RNTEhZQkxIOVdfX1ZCWVhWQldWUzhTOExI,20241031
20241025,2337712-1,CONSEJO EJECUTIVO DEL PODER JUDICIAL,RESOLUCION ADMINISTRATIVA,No 000339-2024-CE-PJ,Disponen diversas medidas administrativas sobre la competencia territorial y funcional de los procesos de la Subespecialidad en Delitos Aduaneros Tributarios Propiedad Intelectual y Ambientales de las Cortes Superiores de Justicia de Lima Sur y Lima Este,https://epdoc2.elperuano.pe/EpPo/DescargaINDA.asp?Referencias=NDNVTlVOVU5VTkxIWUI5V1RNTEhZQkxIOVdfX0xIOVdXVldWUzhTOExI,20241031
20241025,2337727-1,CONSEJO EJECUTIVO DEL PODER JUDICIAL,RESOLUCION ADMINISTRATIVA,No 000346-2024-CE-PJ,Aprueban el Plan de capacitacion virtual y difusion del uso de la Mesa de Partes Electronica en la especialidad penal dirigido a usuarios internos y externos,https://epdoc2.elperuano.pe/EpPo/DescargaINDA.asp?Referencias=NDNVTlVOVU5VTkxIWUI5V1RNTEhZQkxIOVdfX1dWTEhXVldWUzhTOExI,20241031
20241025,2337774-1,CONSEJO EJECUTIVO DEL PODER JUDICIAL,RESOLUCION ADMINISTRATIVA,No 000347-2024-CE-PJ,Disponen ampliar la implementacion del Expediente Judicial Electronico y la Mesa de Partes Electronica para la especialidad y subespecialidad Familia Civil Proceso unico en Materia de Alimentos para Ninas Ninos y Adolescentes en el 3o Juzgado de Paz Letrado de Jaen de la Corte Superior de Justicia de Lambayeque,https://epdoc2.elperuano.pe/EpPo/DescargaINDA.asp?Referencias=NDNVTlVOVU5VTkxIWUI5V1RNTEhZQkxIOVdfX1RNV1ZXVldWUzhTOExI,20241031
20241025,2337777-1,CONSEJO EJECUTIVO DEL PODER JUDICIAL,RESOLUCION ADMINISTRATIVA,No 000348-2024-CE-PJ,Disponen ampliar la implementacion del Expediente Judicial Electronico y la Mesa de Partes Electronica para la especialidad y subespecialidad Familia Civil Proceso unico en Materia de Alimentos para Ninas Ninos y Adolescentes en el Juzgado de Paz Letrado Transitorio de Canete de la Corte Superior de Justicia de Canete,https://epdoc2.elperuano.pe/EpPo/DescargaINDA.asp?Referencias=NDNVTlVOVU5VTkxIWUI5V1RNTEhZQkxIOVdfX1dWV1ZXVldWUzhTOExI,20241031
20241025,2334637-1,BANCO CENTRAL DE RESERVA,RESOLUCION,No 0051-2024-BCRP-N,Autorizan mision en el exterior de funcionario del BCRP para participar en evento a realizarse en la ciudad de Sarajevo Bosnia y Herzegovina,https://epdoc2.elperuano.pe/EpPo/DescargaINDA.asp?Referencias=NDNVTlVOVU5VTkxIWUI5V1RNTEhZQkxIOVdfX1dWUzhWQlRNUzhTOExI,20241031
20241025,2336150-1,BANCO CENTRAL DE RESERVA,RESOLUCION,No 0054-2024-BCRP-N,Autorizan mision en el exterior de funcionario para participar en evento a realizarse en la ciudad de Sarajevo Bosnia y Herzegovina,https://epdoc2.elperuano.pe/EpPo/DescargaINDA.asp?Referencias=NDNVTlVOVU5VTkxIWUI5V1RNTEhZQkxIOVdfX1lCVU45V1ZCUzhTOExI,20241031
20241025,2337842-1,CONTRALORIA GENERAL DE LA REPUBLICA,RESOLUCION,No 637-2024-CG,Designan Jefe del organo de Control Institucional de la Universidad Nacional Mayor de San Marcos,https://epdoc2.elperuano.pe/EpPo/DescargaINDA.asp?Referencias=NDNVTlVOVU5VTkxIWUI5V1RNTEhZQkxIOVdfX0xIVE1YQ1dWUzhTOExI,20241031
20241025,2337855-1,DEFENSORIA DEL PUEBLO,RESOLUCION,No 018-2024/DP,Autorizan viaje de la Primera Adjunta de la Defensoria del Pueblo y del Jefe de la Oficina de Administracion y Finanzas a Paraguay comision de servicios,https://epdoc2.elperuano.pe/EpPo/DescargaINDA.asp?Referencias=NDNVTlVOVU5VTkxIWUI5V1RNTEhZQkxIOVdfX1VOVU5YQ1dWUzhTOExI,20241031
20241025,2336673-1,INSTITUCIONES EDUCATIVAS,RESOLUCION,No 2836-2024-R-UNA,Autorizan viaje de docentes de la Universidad Nacional del Altiplano de Puno - Peru para realizar pasantia en universidad de Espana,https://epdoc2.elperuano.pe/EpPo/DescargaINDA.asp?Referencias=NDNVTlVOVU5VTkxIWUI5V1RNTEhZQkxIOVdfX1M4V1ZWQlZCUzhTOExI,20241031
20241025,2337846-1,INSTITUCIONES EDUCATIVAS,RESOLUCION,No 0558-CU-2024,Ratifican acuerdo y autorizan viaje de docente de la Universidad Nacional de Piura para realizar pasantia internacional en la Universidad de Cundinamarca - Colombia  y dictan otras disposiciones,https://epdoc2.elperuano.pe/EpPo/DescargaINDA.asp?Referencias=NDNVTlVOVU5VTkxIWUI5V1RNTEhZQkxIOVdfX1ZCVE1YQ1dWUzhTOExI,20241031
20241025,2337372-1,OFICINA NACIONAL DE PROCESOS ELECTORALES,RESOLUCION,No 000073-2024-SG/ONPE,Admiten solicitud de revocatoria presentada respecto al mandato de las autoridades municipales del distrito de Boqueron provincia de Padre Abad y region de Ucayali,https://epdoc2.elperuano.pe/EpPo/DescargaINDA.asp?Referencias=NDNVTlVOVU5VTkxIWUI5V1RNTEhZQkxIOVdfX0xIV1ZTOFdWUzhTOExI,20241031
20241025,2337023-1,SUPERINTENDENCIA DE BANCA  SEGUROS Y ADMINISTRADORAS PRIVADAS DE FONDOS DE PENSIONES,RESOLUCION,SBS No 03674-2024,Autorizan viaje de funcionario para participar en evento a realizarse en Colombia,https://epdoc2.elperuano.pe/EpPo/DescargaINDA.asp?Referencias=NDNVTlVOVU5VTkxIWUI5V1RNTEhZQkxIOVdfX1M4TEhZQldWUzhTOExI,20241031
20241025,2337379-1,SUPERINTENDENCIA DE BANCA  SEGUROS Y ADMINISTRADORAS PRIVADAS DE FONDOS DE PENSIONES,RESOLUCION,SBS No 03682-2024,Autorizan viaje de Superintendente de Banca Seguros y Administradoras Privadas de Fondos de Pensiones para participar en evento que se realizara en la Republica Francesa,https://epdoc2.elperuano.pe/EpPo/DescargaINDA.asp?Referencias=NDNVTlVOVU5VTkxIWUI5V1RNTEhZQkxIOVdfX1lYV1ZTOFdWUzhTOExI,20241031
20241025,2336666-1,GOBIERNO REGIONAL DE CAJAMARCA,ORDENANZA,No D2-2024-GR.CAJ/CR,Ordenanza Regional por la que se reconoce a la mesa tecnica de la palta como un espacio multiactor para la articulacion de actores la gobernanza y el desarrollo de la cadena de valor de palta en el territorio del corredor economico Crisnejas del departamento de Cajamarca,https://epdoc2.elperuano.pe/EpPo/DescargaINDA.asp?Referencias=NDNVTlVOVU5VTkxIWUI5V1RNTEhZQkxIOVdfX1ZCVkJWQlZCUzhTOExI,20241031
20241025,2323723-1,GOBIERNO REGIONAL DE HUANCAVELICA,ORDENANZA,No 533-GOB.REG-HVCA/CR,Ordenanza Regional que aprueba el Plan Regional de Acuicultura 2025 - 2030,https://epdoc2.elperuano.pe/EpPo/DescargaINDA.asp?Referencias=NDNVTlVOVU5VTkxIWUI5V1RNTEhZQkxIOVdfX1M4TEhXVlM4TEhTOExI,20241031
20241025,2337134-1,GOBIERNO REGIONAL DE PIURA,ORDENANZA,No 507-2024/GRP-CR,Aprueban la creacion de la Mesa Regional de Piura para la proteccion de las personas defensoras de Derechos Humanos,https://epdoc2.elperuano.pe/EpPo/DescargaINDA.asp?Referencias=NDNVTlVOVU5VTkxIWUI5V1RNTEhZQkxIOVdfX1RNUzg5V1dWUzhTOExI,20241031
20241025,2318714-1,GOBIERNO REGIONAL DE UCAYALI,ACUERDO,No 101-2024-GRU-CR,Aprueban modificacion del Acuerdo No 0103-2023-GRU-CR respecto al periodo a auditar los Estados Financieros y Presupuestarios,https://epdoc2.elperuano.pe/EpPo/DescargaINDA.asp?Referencias=NDNVTlVOVU5VTkxIWUI5V1RNTEhZQkxIOVdfX1RNOVdXVlhDOVdTOExI,20241031
20241025,2336823-1,MUNICIPALIDAD DE LURIGANCHO CHOSICA,DECRETO DE ALCALDIA,No 007-2024-MDL,Reglamentan la precision que establece el articulo tercero de la Ordenanza No 348- MDL y enmiendan disposicion complementaria transitoria unica del Regimen de Aplicaciones de Sanciones Administrativas (RASA),https://epdoc2.elperuano.pe/EpPo/DescargaINDA.asp?Referencias=NDNVTlVOVU5VTkxIWUI5V1RNTEhZQkxIOVdfX1M4TEhYQ1ZCUzhTOExI,20241031
20241025,2338044-1,MUNICIPALIDAD DE PUEBLO LIBRE,Decretos de Alcaldia,No 009-2024-MPL,Dejan sin efecto el Decreto de Alcaldia No 001-2020-MPL establecen la creacion del Deposito Municipal de Vehiculos (DMV) y aprueban su reglamento,https://epdoc2.elperuano.pe/EpPo/DescargaINDA.asp?Referencias=NDNVTlVOVU5VTkxIWUI5V1RNTEhZQkxIOVdfX1RNVE1ZQlhDUzhTOExI,20241031
20241025,2338398-1,MUNICIPALIDAD DEL RIMAC,Acuerdo,No 038-2024-MDR,Aprueban la Iniciativa Legislativa denominada Proyecto de Ley que Incorpora Mecanismos de Seguridad Respecto a la Circulacion de Vehiculos Menores a Nivel Nacional,https://epdoc2.elperuano.pe/EpPo/DescargaINDA.asp?Referencias=NDNVTlVOVU5VTkxIWUI5V1RNTEhZQkxIOVdfX1hDWVhTOFhDUzhTOExI,20241031
20241025,2335079-1,MUNICIPALIDAD DE SANTA ROSA,ORDENANZA,No 575-2024/MDSR,Ordenanza que fortalece la seguridad ciudadana en el distrito de Santa Rosa durante el periodo del Estado de Emergencia,https://epdoc2.elperuano.pe/EpPo/DescargaINDA.asp?Referencias=NDNVTlVOVU5VTkxIWUI5V1RNTEhZQkxIOVdfX1lYV1ZZQlVOUzhTOExI,20241031
20241025,2337237-1,MUNICIPALIDAD DE SANTIAGO DE SURCO,ACUERDO,No 085-2024-ACSS,Disponen proponer al Congreso de la Republica el Proyecto de Ley denominado Ley que Establece la Obligatoriedad de Restitucion de la Infraestructura Urbana Danada o Deteriorada durante el Proceso Constructivo como Requisito para la Obtencion de la Conformidad de Obra,https://epdoc2.elperuano.pe/EpPo/DescargaINDA.asp?Referencias=NDNVTlVOVU5VTkxIWUI5V1RNTEhZQkxIOVdfX1dWUzhMSFdWUzhTOExI,20241031
20241025,2337371-1,MUNICIPALIDAD DE SANTIAGO DE SURCO,DECRETO DE ALCALDIA,No 021-2024-MSS,Disponen la incorporacion como Vecino Surcano Preferente (VSP) Clasico a contribuyentes que siendo deudores cumplan con cancelar sus obligaciones y se encuentren al dia,https://epdoc2.elperuano.pe/EpPo/DescargaINDA.asp?Referencias=NDNVTlVOVU5VTkxIWUI5V1RNTEhZQkxIOVdfXzlXV1ZTOFdWUzhTOExI,20241031
20241025,2337703-1,MUNICIPALIDAD PROVINCIAL DEL CUSCO,ACUERDO,No 73-2024-MPC,Autorizan viaje de funcionario a Ecuador en comision de servicios,https://epdoc2.elperuano.pe/EpPo/DescargaINDA.asp?Referencias=NDNVTlVOVU5VTkxIWUI5V1RNTEhZQkxIOVdfX1M4WUJXVldWUzhTOExI,20241031
20241025,2337716-1,MUNICIPALIDAD PROVINCIAL DEL CUSCO,ACUERDO,No 80-2024-MPC,Autorizan viaje de alcalde a Italia en comision de servicios,https://epdoc2.elperuano.pe/EpPo/DescargaINDA.asp?Referencias=NDNVTlVOVU5VTkxIWUI5V1RNTEhZQkxIOVdfX1ZCOVdXVldWUzhTOExI,20241031
20241025,2319760-1,MUNICIPALIDAD DISTRITAL DE NUEVO CHIMBOTE,ACUERDO,No 058-2023-MDNCH,Aprueban declaracion de necesidad publica e interes local la ejecucion del Proyecto denominado Tercera Via (Continuacion de la Avenida Agraria Tramo desde la interseccion con la Avenida Anchoveta hasta la interseccion de la Av. Portuaria) en el distrito de Nuevo Chimbote provincia del Santa,https://epdoc2.elperuano.pe/EpPo/DescargaINDA.asp?Referencias=NDNVTlVOVU5VTkxIWUI5V1RNTEhZQkxIOVdfX1lCVkJXVllYOVdTOExI,20241031
20241024,2337947-1,CONGRESO DE LA REPUBLICA,LEY,No 32141,Ley que modifica la Ley 30220 Ley Universitaria a fin de fortalecer la institucionalidad de las universidades publicas licenciadas,https://epdoc2.elperuano.pe/EpPo/DescargaINDA.asp?Referencias=NDNUTVRNVE1UTUxIWUI5V1RNTEhZQkxIOVdfX1dWVE1ZWFdWUzhTOExI,20241031
20241024,2337494-1,PRESIDENCIA DEL CONSEJO DE MINISTROS,DECRETO SUPREMO,No 114-2024-PCM,Decreto Supremo que declara el Estado de Emergencia en los distritos de Ayaviri Cupi Llalli y Umachiri de la provincia de Melgar y en el distrito de Ocuviri de la provincia de Lampa del departamento de Puno por peligro inminente ante contaminacion hidrica,https://epdoc2.elperuano.pe/EpPo/DescargaINDA.asp?Referencias=NDNUTVRNVE1UTUxIWUI5V1RNTEhZQkxIOVdfX1RNWVhUTVdWUzhTOExI,20241031
20241024,2337494-2,PRESIDENCIA DEL CONSEJO DE MINISTROS,DECRETO SUPREMO,No 115-2024-PCM,Decreto Supremo que declara el Estado de Emergencia en los distritos de Manitea y Kimbiri de la provincia de La Convencion del departamento de Cusco,https://epdoc2.elperuano.pe/EpPo/DescargaINDA.asp?Referencias=NDNUTVRNVE1UTUxIWUI5V1RNTEhZQkxITEhfX1RNWVhUTVdWUzhTOExI,20241031
20241024,2337732-1,PRESIDENCIA DEL CONSEJO DE MINISTROS,RECTIFICACION,R.S. No 222-2024-PCM,.,https://epdoc2.elperuano.pe/EpPo/DescargaINDA.asp?Referencias=NDNUTVRNVE1UTUxIWUI5V1RNTEhZQkxIOVdfX0xIUzhXVldWUzhTOExI,20241031
20241024,2337946-1,PRESIDENCIA DEL CONSEJO DE MINISTROS,RESOLUCION SUPREMA,No 223-2024-PCM,Dejan sin efecto la Resolucion Suprema No 211-2024-PCM,https://epdoc2.elperuano.pe/EpPo/DescargaINDA.asp?Referencias=NDNUTVRNVE1UTUxIWUI5V1RNTEhZQkxIOVdfX1ZCVE1ZWFdWUzhTOExI,20241031
20241024,2336969-1,DEFENSA,RESOLUCION MINISTERIAL,No 01172-2024-DE,Autorizan viaje de oficial y tecnico inspector FAP a Colombia en comision de servicios,https://epdoc2.elperuano.pe/EpPo/DescargaINDA.asp?Referencias=NDNUTVRNVE1UTUxIWUI5V1RNTEhZQkxIOVdfX1lYVkJZWFZCUzhTOExI,20241031
20241024,2337433-1,DEFENSA,RESOLUCION MINISTERIAL,No 01186-2024-DE,Modifican fechas de inicio y termino de la designacion autorizada en la R.S. No 115-2024-DE y autorizan viaje de General de Brigada EP en el cargo de Delegado Alterno de la Delegacion del Peru ante la Junta Interamericana de Defensa Organizacion de los Estados Americanos (JID-OEA) en los EE.UU.,https://epdoc2.elperuano.pe/EpPo/DescargaINDA.asp?Referencias=NDNUTVRNVE1UTUxIWUI5V1RNTEhZQkxIOVdfX1M4UzhUTVdWUzhTOExI,20241031
20241024,2337435-1,DEFENSA,RESOLUCION MINISTERIAL,No 01185-2024-DE,Modifican fechas de inicio y termino de la designacion autorizada en la R.S. No 116-2024-DE y autorizan viaje de Tecnico Jefe EP para desempenarse en el cargo de Asistente en la Seccion de Logistica - Seguridad de Instalaciones en la Secretaria de la Junta Interamericana de Defensa (JID) ante la OEA en los EE.UU.,https://epdoc2.elperuano.pe/EpPo/DescargaINDA.asp?Referencias=NDNUTVRNVE1UTUxIWUI5V1RNTEhZQkxIOVdfX1VOUzhUTVdWUzhTOExI,20241031
20241024,2337490-7,DESARROLLO E INCLUSIoN SOCIAL,DECRETO SUPREMO,No 008-2024-MIDIS,Decreto Supremo que aprueba el instrumento que establece indicadores y metas asi como las condiciones para la asignacion de recursos del Fondo de Estimulo al Desempeno y Logro de Resultados Sociales (FED) correspondiente al Periodo 2024 - 2025,https://epdoc2.elperuano.pe/EpPo/DescargaINDA.asp?Referencias=NDNUTVRNVE1UTUxIWUI5V1RNTEhZQkxIV1ZfX1lCWVhUTVdWUzhTOExI,20241031
20241024,2337490-1,ECONOMIA Y FINANZAS,DECRETO SUPREMO,No 198-2024-EF,Decreto Supremo que modifica el Reglamento de la Ley General de Aduanas la Tabla de sanciones aplicables a las infracciones previstas en la Ley General de Aduanas y otras disposiciones,https://epdoc2.elperuano.pe/EpPo/DescargaINDA.asp?Referencias=NDNUTVRNVE1UTUxIWUI5V1RNTEhZQkxIOVdfX1lCWVhUTVdWUzhTOExI,20241031
20241024,2337490-2,ECONOMIA Y FINANZAS,DECRETO SUPREMO,No 199-2024-EF,Decreto Supremo que autoriza una Transferencia de Partidas en el Presupuesto del Sector Publico para el Ano Fiscal 2024 a favor de diversos gobiernos locales,https://epdoc2.elperuano.pe/EpPo/DescargaINDA.asp?Referencias=NDNUTVRNVE1UTUxIWUI5V1RNTEhZQkxITEhfX1lCWVhUTVdWUzhTOExI,20241031
20241024,2337490-3,ECONOMIA Y FINANZAS,DECRETO SUPREMO,No 200-2024-EF,Decreto Supremo que autoriza Transferencia de Partidas en el Presupuesto del Sector Publico para el Ano Fiscal 2024 a favor del Instituto del Mar del Peru,https://epdoc2.elperuano.pe/EpPo/DescargaINDA.asp?Referencias=NDNUTVRNVE1UTUxIWUI5V1RNTEhZQkxIUzhfX1lCWVhUTVdWUzhTOExI,20241031
20241024,2337490-4,ECONOMIA Y FINANZAS,DECRETO SUPREMO,No 201-2024-EF,Decreto Supremo que autoriza Transferencia de Partidas en el Presupuesto del Sector Publico para el Ano Fiscal 2024 a favor de diversos pliegos del Gobierno Nacional y gobiernos regionales,https://epdoc2.elperuano.pe/EpPo/DescargaINDA.asp?Referencias=NDNUTVRNVE1UTUxIWUI5V1RNTEhZQkxIVE1fX1lCWVhUTVdWUzhTOExI,20241031
20241024,2337490-5,ECONOMIA Y FINANZAS,DECRETO SUPREMO,No 202-2024-EF,Decreto Supremo que autoriza Transferencia de Partidas en el Presupuesto del Sector Publico para el Ano Fiscal 2024 a favor del Fondo Nacional de Desarrollo Pesquero,https://epdoc2.elperuano.pe/EpPo/DescargaINDA.asp?Referencias=NDNUTVRNVE1UTUxIWUI5V1RNTEhZQkxIVU5fX1lCWVhUTVdWUzhTOExI,20241031
20241024,2337288-1,ECONOMIA Y FINANZAS,RESOLUCION MINISTERIAL,No 342-2024-EF/10,Autorizan viaje de Superintendente del Mercado de Valores a la Republica Francesa en comision de servicios,https://epdoc2.elperuano.pe/EpPo/DescargaINDA.asp?Referencias=NDNUTVRNVE1UTUxIWUI5V1RNTEhZQkxIOVdfX1hDWENMSFdWUzhTOExI,20241031
20241024,2337302-1,ECONOMIA Y FINANZAS,RESOLUCION MINISTERIAL,No 343-2024-EF/10,Autorizan viaje de Especialista Legal de PROINVERSIoN a la Republica Francesa en comision de servicios,https://epdoc2.elperuano.pe/EpPo/DescargaINDA.asp?Referencias=NDNUTVRNVE1UTUxIWUI5V1RNTEhZQkxIOVdfX0xIWUJTOFdWUzhTOExI,20241031
20241024,2337304-1,ECONOMIA Y FINANZAS,RESOLUCION MINISTERIAL,No 345-2024-EF/10,Autorizan viaje de Superintendente Adjunto de Riesgos de la SMV a la Republica Francesa en comision de servicios,https://epdoc2.elperuano.pe/EpPo/DescargaINDA.asp?Referencias=NDNUTVRNVE1UTUxIWUI5V1RNTEhZQkxIOVdfX1RNWUJTOFdWUzhTOExI,20241031
20241024,2337493-1,ECONOMIA Y FINANZAS,RESOLUCION SUPREMA,No 222-2024-PCM,Autorizan viaje del Ministro de Energia y Minas a la Mancomunidad de Australia y encargan su Despacho al Ministro de Transportes y Comunicaciones,https://epdoc2.elperuano.pe/EpPo/DescargaINDA.asp?Referencias=NDNUTVRNVE1UTUxIWUI5V1RNTEhZQkxIOVdfX1M4WVhUTVdWUzhTOExI,20241031
20241024,2337362-1,EDUCACION,RESOLUCION MINISTERIAL,No 528-2024-MINEDU,Aprueban Linea de Produccion de la actividad denominada: Programas educativos en colegios para prevenir la violencia de pareja en la adolescencia del Programa Presupuestal orientado a Resultados de Reduccion de la Violencia contra la Mujer,https://epdoc2.elperuano.pe/EpPo/DescargaINDA.asp?Referencias=NDNUTVRNVE1UTUxIWUI5V1RNTEhZQkxIOVdfX0xIVkJTOFdWUzhTOExI,20241031
20241024,2337553-1,ENERGIA Y MINAS,RESOLUCION MINISTERIAL,No 411-2024-MINEM/DM,Autorizan viaje de Viceministro de Minas a la Mancomunidad de Australia en comision de servicios,https://epdoc2.elperuano.pe/EpPo/DescargaINDA.asp?Referencias=NDNUTVRNVE1UTUxIWUI5V1RNTEhZQkxIOVdfX1M4VU5VTldWUzhTOExI,20241031
20241024,2337490-6,INTERIOR,DECRETO SUPREMO,No 012-2024-IN,Decreto Supremo que autoriza el egreso y graduacion de manera excepcional por motivos de interes nacional de doscientos sesenta y seis (266) cadetes de la Escuela de Oficiales de la Policia Nacional del Peru de la Promocion Los Patriotas asi como cuatrocientos sesenta y nueve (469) alumnos de la Escuela de Educacion Superior Tecnico Profesional de la Policia Nacional del Peru Tarapoto - Sede Santa Lucia pertenecientes a la Promocion 2023 II Programa Licenciados,https://epdoc2.elperuano.pe/EpPo/DescargaINDA.asp?Referencias=NDNUTVRNVE1UTUxIWUI5V1RNTEhZQkxIVkJfX1lCWVhUTVdWUzhTOExI,20241031
20241024,2337601-1,INTERIOR,RESOLUCION MINISTERIAL,No 1310-2024-IN,Designan Asesora II del Despacho Ministerial,https://epdoc2.elperuano.pe/EpPo/DescargaINDA.asp?Referencias=NDNUTVRNVE1UTUxIWUI5V1RNTEhZQkxIOVdfXzlXWUJWQldWUzhTOExI,20241031
20241024,2337927-1,JUSTICIA Y DERECHOS HUMANOS,RESOLUCION SUPREMA,No 319-2024-JUS,Acceden a solicitud de extradicion pasiva de ciudadano hungaro para ser extraditado de la Republica del Peru y cumplir en la Republica de Hungria la condena impuesta,https://epdoc2.elperuano.pe/EpPo/DescargaINDA.asp?Referencias=NDNUTVRNVE1UTUxIWUI5V1RNTEhZQkxIOVdfX1dWTEhZWFdWUzhTOExI,20241031
20241024,2337927-2,JUSTICIA Y DERECHOS HUMANOS,RESOLUCION SUPREMA,No 320-2024-JUS,Acceden a solicitud de extradicion activa de ciudadano peruano para ser extraditado del Reino de Espana y ser procesado en la Republica del Peru,https://epdoc2.elperuano.pe/EpPo/DescargaINDA.asp?Referencias=NDNUTVRNVE1UTUxIWUI5V1RNTEhZQkxITEhfX1dWTEhZWFdWUzhTOExI,20241031
20241024,2336668-1,PRODUCE,RESOLUCION,No 786-2024-PRODUCE/PROINNOVATE,Aprueban el otorgamiento de subvenciones a favor de diversos beneficiarios con cargo al Programa Nacional de Innovacion para la Competitividad y Productividad,https://epdoc2.elperuano.pe/EpPo/DescargaINDA.asp?Referencias=NDNUTVRNVE1UTUxIWUI5V1RNTEhZQkxIOVdfX1hDVkJWQlZCUzhTOExI,20241031
20241024,2337158-1,PRODUCE,RESOLUCION,No 000170-2024-ITP/DE,Aprueban el Tarifario de Servicios Tecnologicos de la Unidad Tecnica Acuicola Pesquera Huancavelica del Centro de Innovacion Productiva y Transferencia Tecnologica Pesquero - CITEpesquero,https://epdoc2.elperuano.pe/EpPo/DescargaINDA.asp?Referencias=NDNUTVRNVE1UTUxIWUI5V1RNTEhZQkxIOVdfX1hDVU45V1dWUzhTOExI,20241031
20241024,2337357-1,PRODUCE,RESOLUCION,No 000168-2024-ITP/DE,Modifican el Tarifario de Servicios Tecnologicos del Centro de Innovacion Productiva y Transferencia Tecnologica Agroindustrial Huallaga - CITEagroindustrial Huallaga,https://epdoc2.elperuano.pe/EpPo/DescargaINDA.asp?Referencias=NDNUTVRNVE1UTUxIWUI5V1RNTEhZQkxIOVdfX1dWVU5TOFdWUzhTOExI,20241031
20241024,2336936-1,PRODUCE,RESOLUCION DIRECTORAL,No D000014-2024-INACAL/DM,Aprueban diversas Normas Metrologicas Peruanas referentes a equipos de medicion de la energia electrica,https://epdoc2.elperuano.pe/EpPo/DescargaINDA.asp?Referencias=NDNUTVRNVE1UTUxIWUI5V1RNTEhZQkxIOVdfX1ZCUzhZWFZCUzhTOExI,20241031
20241024,2337184-1,PRODUCE,RESOLUCION MINISTERIAL,No 00426-2024-PRODUCE,Dan por concluida veda reproductiva del recurso pejerrey establecida por R.M. No 00373-2024-PRODUCE y autorizan el reinicio de actividades extractivas a partir del dia 27 de octubre,https://epdoc2.elperuano.pe/EpPo/DescargaINDA.asp?Referencias=NDNUTVRNVE1UTUxIWUI5V1RNTEhZQkxIOVdfX1RNWEM5V1dWUzhTOExI,20241031
20241024,2337188-1,PRODUCE,RESOLUCION MINISTERIAL,No 00427-2024-PRODUCE,Modifican la R.M. No 000196-2024-PRODUCE que establecio el Limite Maximo Total de Captura para Consumo Humano Directo (LMTC-CHD) del recurso anchoveta para el ano 2024,https://epdoc2.elperuano.pe/EpPo/DescargaINDA.asp?Referencias=NDNUTVRNVE1UTUxIWUI5V1RNTEhZQkxIOVdfX1hDWEM5V1dWUzhTOExI,20241031
20241024,2337518-1,SALUD,RESOLUCION MINISTERIAL,No 728-2024/MINSA,Designan Director Ejecutivo de la Direccion de Certificaciones y Autorizaciones de la Direccion General de Salud Ambiental e Inocuidad Alimentaria,https://epdoc2.elperuano.pe/EpPo/DescargaINDA.asp?Referencias=NDNUTVRNVE1UTUxIWUI5V1RNTEhZQkxIOVdfX1hDOVdVTldWUzhTOExI,20241031
20241024,2336779-1,TRANSPORTES Y COMUNICACIONES,RESOLUCION MINISTERIAL,No 598-2024-MTC/01.03,Otorgan a la empresa Red de Telecomunicaciones Oasis Network S.A.C. concesion unica para la prestacion de servicios publicos de telecomunicaciones en area que comprende todo el territorio nacional,https://epdoc2.elperuano.pe/EpPo/DescargaINDA.asp?Referencias=NDNUTVRNVE1UTUxIWUI5V1RNTEhZQkxIOVdfX1lYV1ZXVlZCUzhTOExI,20241031
20241024,2337164-1,INSTITUTO GEOGRAFICO NACIONAL,RESOLUCION,No 062-2024-IGN/GG/ORRHH,Aprueban el Manual de Perfiles de Puestos (MPP) del Instituto Geografico Nacional (IGN),https://epdoc2.elperuano.pe/EpPo/DescargaINDA.asp?Referencias=NDNUTVRNVE1UTUxIWUI5V1RNTEhZQkxIOVdfX1RNVkI5V1dWUzhTOExI,20241031
20241024,2337437-1,AUTORIDAD DE TRANSPORTE URBANO PARA LIMA Y CALLAO,RESOLUCION,No 230-2024-ATU/PE,Autorizan transferencia financiera a municipalidades distritales de la provincia de Lima que celebraron convenios de cooperacion interinstitucional para fiscalizar el servicio publico de transporte terrestre de personas,https://epdoc2.elperuano.pe/EpPo/DescargaINDA.asp?Referencias=NDNUTVRNVE1UTUxIWUI5V1RNTEhZQkxIOVdfX1dWUzhUTVdWUzhTOExI,20241031
20241024,2337245-1,AUTORIDAD NACIONAL DEL AGUA,RESOLUCION JEFATURAL,No 0410-2024-ANA,Modifican parcialmente las prohibiciones existentes a la veda de recursos hidricos en los acuiferos Motupe Puente Piedra - Zapallal Quebrada Canto Grande Chilca y Caplina ratificada mediante R.J. No 0327-2009-ANA,https://epdoc2.elperuano.pe/EpPo/DescargaINDA.asp?Referencias=NDNUTVRNVE1UTUxIWUI5V1RNTEhZQkxIOVdfX1VOVE1MSFdWUzhTOExI,20241031
20241024,2337249-1,ORGANISMO NACIONAL DE SANIDAD PESQUERA,RESOLUCION,No 000138-2024-SANIPES/PE,Designan Gerente General de SANIPES,https://epdoc2.elperuano.pe/EpPo/DescargaINDA.asp?Referencias=NDNUTVRNVE1UTUxIWUI5V1RNTEhZQkxIOVdfX1lYVE1MSFdWUzhTOExI,20241031
20241024,2337491-1,SUPERINTENDENCIA NACIONAL DE ADUANAS Y DE ADMINISTRACIoN TRIBUTARIA,RESOLUCION,No 000214-2024/SUNAT,Resolucion de Superintendencia que aprueba el porcentaje requerido para determinar el limite maximo de devolucion del Impuesto Selectivo al Consumo a que se refiere el Reglamento del Decreto de Urgencia No 012-2019,https://epdoc2.elperuano.pe/EpPo/DescargaINDA.asp?Referencias=NDNUTVRNVE1UTUxIWUI5V1RNTEhZQkxIOVdfXzlXWVhUTVdWUzhTOExI,20241031
20241024,2337645-1,SUPERINTENDENCIA NACIONAL DE ADUANAS Y DE ADMINISTRACIoN TRIBUTARIA,RESOLUCION,No 000216-2024/SUNAT,Disponen la publicacion en la sede digital de la SUNAT del proyecto de Resolucion de Superintendencia que modifica la normativa sobre guias de remision para mejorar la trazabilidad de los bienes relacionados con operaciones de comercio exterior,https://epdoc2.elperuano.pe/EpPo/DescargaINDA.asp?Referencias=NDNUTVRNVE1UTUxIWUI5V1RNTEhZQkxIOVdfX1VOVE1WQldWUzhTOExI,20241031
20241024,2337331-1,CONTRALORIA GENERAL DE LA REPUBLICA,RESOLUCION,No 632-2024-CG,Designan profesionales en el cargo de Jefe del organo de Control Institucional de tres entidades bajo el ambito de la Subgerencia de Control del Sector Transportes y Comunicaciones de la Gerencia de Control de Servicios Publicos Basicos,https://epdoc2.elperuano.pe/EpPo/DescargaINDA.asp?Referencias=NDNUTVRNVE1UTUxIWUI5V1RNTEhZQkxIOVdfXzlXUzhTOFdWUzhTOExI,20241031
20241024,2337477-1,CONTRALORIA GENERAL DE LA REPUBLICA,RESOLUCION,No 636-2024-CG,Modifican el Plan Nacional de Control 2024,https://epdoc2.elperuano.pe/EpPo/DescargaINDA.asp?Referencias=NDNUTVRNVE1UTUxIWUI5V1RNTEhZQkxIOVdfX1dWV1ZUTVdWUzhTOExI,20241031
20241024,2337004-1,FUERO MILITAR POLICIAL,FE DE ERRATA,Res. Adm. No 133-2024-FMP/DE/SG,FE DE ERRATA,https://epdoc2.elperuano.pe/EpPo/DescargaINDA.asp?Referencias=NDNUTVRNVE1UTUxIWUI5V1RNTEhZQkxIOVdfX1RNWUJZQldWUzhTOExI,20241031
20241024,2336709-1,INSTITUCIONES EDUCATIVAS,RESOLUCION,No CU-453-2024-UNSAAC,Conceden licencia con goce de haber a docente de la Universidad Nacional de San Antonio Abad del Cusco para participar en congreso a realizarse en Argentina,https://epdoc2.elperuano.pe/EpPo/DescargaINDA.asp?Referencias=NDNUTVRNVE1UTUxIWUI5V1RNTEhZQkxIOVdfX1lYWUJXVlZCUzhTOExI,20241031
20241024,2337037-1,INSTITUCIONES EDUCATIVAS,RESOLUCION,No 1227-2024,Autorizan viaje de docente de la Universidad Nacional de San Agustin de Arequipa para participar en evento que se realizara en Mexico,https://epdoc2.elperuano.pe/EpPo/DescargaINDA.asp?Referencias=NDNUTVRNVE1UTUxIWUI5V1RNTEhZQkxIOVdfX1dWUzhZQldWUzhTOExI,20241031
20241024,2337239-1,JURADO NACIONAL DE ELECCIONES,RESOLUCION,No 0304-2024-JNE,Confirman el Acuerdo de Concejo No 040-2024-CM/MPJ que rechazo solicitud de vacancia presentada en contra de alcalde de la Municipalidad Provincial de Jauja departamento de Junin,https://epdoc2.elperuano.pe/EpPo/DescargaINDA.asp?Referencias=NDNUTVRNVE1UTUxIWUI5V1RNTEhZQkxIOVdfX1lYUzhMSFdWUzhTOExI,20241031
20241024,2337363-1,JURADO NACIONAL DE ELECCIONES,RESOLUCION,No 0321-2024-JNE,Convocan a ciudadana para que asuma el cargo de regidora del Concejo Distrital de Sapallanga provincia de Huancayo departamento de Junin,https://epdoc2.elperuano.pe/EpPo/DescargaINDA.asp?Referencias=NDNUTVRNVE1UTUxIWUI5V1RNTEhZQkxIOVdfX1M4VkJTOFdWUzhTOExI,20241031
20241024,2337365-1,JURADO NACIONAL DE ELECCIONES,RESOLUCION,No 0320-2024-JNE,Convocan a ciudadano para que asuma el cargo de regidor del Concejo Distrital de Poroto provincia de Trujillo departamento de La Libertad,https://epdoc2.elperuano.pe/EpPo/DescargaINDA.asp?Referencias=NDNUTVRNVE1UTUxIWUI5V1RNTEhZQkxIOVdfX1VOVkJTOFdWUzhTOExI,20241031
20241024,2337149-1,SUPERINTENDENCIA DE BANCA  SEGUROS Y ADMINISTRADORAS PRIVADAS DE FONDOS DE PENSIONES,RESOLUCION,SBS No 03676-2024,Declaran el sometimiento a regimen de intervencion de la Cooperativa de Ahorro y Credito MF,https://epdoc2.elperuano.pe/EpPo/DescargaINDA.asp?Referencias=NDNUTVRNVE1UTUxIWUI5V1RNTEhZQkxIOVdfX1lYVE05V1dWUzhTOExI,20241031
20241024,2323504-1,GOBIERNO REGIONAL DE HUANCAVELICA,RESOLUCION,No 622-2024/GOB.REG-HVCA/GGR,Compendian el Manual de Clasificador de Cargos (MCC) de la Unidad Ejecutora No 001 - Sede Central del Gobierno Regional de Huancavelica,https://epdoc2.elperuano.pe/EpPo/DescargaINDA.asp?Referencias=NDNUTVRNVE1UTUxIWUI5V1RNTEhZQkxIOVdfX1RNWUJVTlM4TEhTOExI,20241031
20241024,2308494-1,GOBIERNO REGIONAL DE TUMBES,ORDENANZA,No 004-2024/GOB.REG. TUMBES-CR-CD,Modifican la Ordenanza Regional No 002-2008-GOB.REG. TUMBES-CR en lo referido a conformacion del Comite Consultivo Regional de Tumbes,https://epdoc2.elperuano.pe/EpPo/DescargaINDA.asp?Referencias=NDNUTVRNVE1UTUxIWUI5V1RNTEhZQkxIOVdfX1RNWVhUTVhDWUJTOExI,20241031
20241024,2337230-1,MUNICIPALIDAD METROPOLITANA DE LIMA,ORDENANZA,No 2659,Modifican el plano de zonificacion del distrito de Pueblo Libre,https://epdoc2.elperuano.pe/EpPo/DescargaINDA.asp?Referencias=NDNUTVRNVE1UTUxIWUI5V1RNTEhZQkxIOVdfX1lCUzhMSFdWUzhTOExI,20241031
20241024,2336583-1,MUNICIPALIDAD DE BREnA,ORDENANZA,No 611-2024-MDB,Ordenanza que establece beneficio tributario a favor de los contribuyentes del distrito de Brena,https://epdoc2.elperuano.pe/EpPo/DescargaINDA.asp?Referencias=NDNUTVRNVE1UTUxIWUI5V1RNTEhZQkxIOVdfX1M4WENVTlZCUzhTOExI,20241031
20241024,2337305-1,MUNICIPALIDAD DE JESUS MARIA,ORDENANZA,No 727-MDJM,Ordenanza que otorga beneficios tributarios para aquellos contribuyentes que actualicen voluntariamente las modificaciones de sus predios y/o hayan pasado por un proceso de fiscalizacion tributaria en el distrito de Jesus Maria,https://epdoc2.elperuano.pe/EpPo/DescargaINDA.asp?Referencias=NDNUTVRNVE1UTUxIWUI5V1RNTEhZQkxIOVdfX1VOWUJTOFdWUzhTOExI,20241031
20241024,2337584-1,MUNICIPALIDAD DE MIRAFLORES,Acuerdo,No 105-2024/MM,Autorizan participacion de alcalde en evento que se realizara en la ciudad de Cusco,https://epdoc2.elperuano.pe/EpPo/DescargaINDA.asp?Referencias=NDNUTVRNVE1UTUxIWUI5V1RNTEhZQkxIOVdfX1RNWENVTldWUzhTOExI,20241031
20241024,2329181-1,MUNICIPALIDAD DE PUCUSANA,Ordenanzas,No 361-2024/MDP,Ordenanza Municipal que dispone la transversalizacion y aprobacion del enfoque de juventudes en la Gestion Local,https://epdoc2.elperuano.pe/EpPo/DescargaINDA.asp?Referencias=NDNUTVRNVE1UTUxIWUI5V1RNTEhZQkxIOVdfXzlXWEM5V1lYTEhTOExI,20241031
20241024,2336749-1,MUNICIPALIDAD DE SAN JUAN DE LURIGANCHO,Ordenanzas,No 488-MDSJL,Ordenanza que incentiva la regularizacion y pago de las deudas tributarias: Programa Declara Facil,https://epdoc2.elperuano.pe/EpPo/DescargaINDA.asp?Referencias=NDNUTVRNVE1UTUxIWUI5V1RNTEhZQkxIOVdfX1lYVE1XVlZCUzhTOExI,20241031
20241024,2336765-1,MUNICIPALIDAD DE SAN JUAN DE LURIGANCHO,Ordenanzas,No 487-MDSJL,Ordenanza que aprueba el Reglamento de Condecoraciones de la Municipalidad Distrital de San Juan de Lurigancho,https://epdoc2.elperuano.pe/EpPo/DescargaINDA.asp?Referencias=NDNUTVRNVE1UTUxIWUI5V1RNTEhZQkxIOVdfX1VOVkJXVlZCUzhTOExI,20241031
20241024,2336768-1,MUNICIPALIDAD DE SAN JUAN DE LURIGANCHO,Ordenanzas,No 489-MDSJL,Ordenanza que modifica la Ordenanza No 475-MDSJL sobre administracion y funcionamiento del Mercado Municipal del distrito de San Juan de Lurigancho,https://epdoc2.elperuano.pe/EpPo/DescargaINDA.asp?Referencias=NDNUTVRNVE1UTUxIWUI5V1RNTEhZQkxIOVdfX1hDVkJXVlZCUzhTOExI,20241031
20241024,2330169-1,MUNICIPALIDAD DISTRITAL DE MUnANI,ORDENANZA,No 007-2024-CM-MDM/A,Aprueban el Reglamento de Organizacion y Funciones (ROF) la Estructura Organica y el Organigrama de la Municipalidad Distrital de Munani,https://epdoc2.elperuano.pe/EpPo/DescargaINDA.asp?Referencias=NDNUTVRNVE1UTUxIWUI5V1RNTEhZQkxIOVdfX1lYVkI5V1lCUzhTOExI,20241031
20241024,2329037-1,MUNICIPALIDAD DISTRITAL DE NUEVO CHIMBOTE,RESOLUCION DE ALCALDIA,No 257-2024-MDNCH,Aprueban el Manual de Clasificador de Cargos (MCC) de la Municipalidad Distrital de Nuevo Chimbote,https://epdoc2.elperuano.pe/EpPo/DescargaINDA.asp?Referencias=NDNUTVRNVE1UTUxIWUI5V1RNTEhZQkxIOVdfX1dWUzhZQllYTEhTOExI,20241031
20241024,2335303-1,MUNICIPALIDAD DE LA PERLA,Decretos de Alcaldia,No 06-2024-MDLP,Oficializan bonificaciones por riesgo de salud para obreros sujetos al Regimen Laboral del D. Leg. No 728 que ejerzan sus funciones de manera directa y permanente con residuos solidos asi como para obreros que ejerzan sus funciones de manera indirecta y eventual con residuos solidos,https://epdoc2.elperuano.pe/EpPo/DescargaINDA.asp?Referencias=NDNUTVRNVE1UTUxIWUI5V1RNTEhZQkxIOVdfX1M4WUJTOFVOUzhTOExI,20241031
20241023,2337114-1,COMERCIO EXTERIOR Y TURISMO,RESOLUCION MINISTERIAL,No 320-2024-MINCETUR,Designan Director Ejecutivo del Plan COPESCO Nacional,https://epdoc2.elperuano.pe/EpPo/DescargaINDA.asp?Referencias=NDNTOFM4UzhTOExIWUI5V1RNTEhZQkxIOVdfX1RNOVc5V1dWUzhTOExI,20241031
20241023,2336962-1,DEFENSA,RESOLUCION MINISTERIAL,No 01173-2024-DE,Autorizan viaje de oficial de la Marina de Guerra del Peru a los EE.UU. en mision de estudios,https://epdoc2.elperuano.pe/EpPo/DescargaINDA.asp?Referencias=NDNTOFM4UzhTOExIWUI5V1RNTEhZQkxIOVdfX0xIVkJZWFZCUzhTOExI,20241031
20241023,2336976-1,DEFENSA,RESOLUCION MINISTERIAL,No 01175-2024-DE,Autorizan viaje de personal militar FAP a la Republica de Corea en mision de estudios,https://epdoc2.elperuano.pe/EpPo/DescargaINDA.asp?Referencias=NDNTOFM4UzhTOExIWUI5V1RNTEhZQkxIOVdfX1ZCV1ZZWFZCUzhTOExI,20241031
20241023,2337476-1,DESARROLLO AGRARIO Y RIEGO,RESOLUCION MINISTERIAL,No 0345-2024-MIDAGRI,Autorizan viaje de Director Ejecutivo de la Unidad Ejecutora Fondo Sierra Azul para participar en evento a realizarse en Colombia,https://epdoc2.elperuano.pe/EpPo/DescargaINDA.asp?Referencias=NDNTOFM4UzhTOExIWUI5V1RNTEhZQkxIOVdfX1ZCV1ZUTVdWUzhTOExI,20241031
20241023,2336954-1,DESARROLLO E INCLUSIoN SOCIAL,RESOLUCION,No 002098-2024-MIDIS/PNCM-DE,Designan Coordinadora de Tramite Documentario y Atencion al Ciudadano de la Unidad de Administracion del Programa Nacional Cuna Mas,https://epdoc2.elperuano.pe/EpPo/DescargaINDA.asp?Referencias=NDNTOFM4UzhTOExIWUI5V1RNTEhZQkxIOVdfX1RNVU5ZWFZCUzhTOExI,20241031
20241023,2337060-1,DESARROLLO E INCLUSIoN SOCIAL,RESOLUCION,No 002100-2024-MIDIS/PNCM-DE,Designan Coordinadora de Gestion Comunitaria de la Unidad Tecnica de Atencion Integral del Programa Nacional Cuna Mas,https://epdoc2.elperuano.pe/EpPo/DescargaINDA.asp?Referencias=NDNTOFM4UzhTOExIWUI5V1RNTEhZQkxIOVdfX1lCVkJZQldWUzhTOExI,20241031
20241023,2336786-1,DESARROLLO E INCLUSIoN SOCIAL,RESOLUCION MINISTERIAL,No D000159-2024-MIDIS,Aprueban modificacion de la Directiva No 001-2017-MIDIS Funcionamiento de la Modalidad de Complementacion Alimentaria para la Persona Afectada por Tuberculosis - PANTBC del Programa de Complementacion Alimentaria Version 2 aprobada por R.M. No 025-2017-MIDIS  y del Reglamento de las Modalidades del Programa de Complementacion Alimentaria - PCA aprobado por R.M. No 041-2022-MIDIS,https://epdoc2.elperuano.pe/EpPo/DescargaINDA.asp?Referencias=NDNTOFM4UzhTOExIWUI5V1RNTEhZQkxIOVdfX1ZCWENXVlZCUzhTOExI,20241031
20241023,2337489-1,ECONOMIA Y FINANZAS,DECRETO SUPREMO,No 197-2024-EF,Decreto Supremo que difiere la vigencia de determinadas disposiciones del Decreto Supremo No 189-2024-EF que modifica el Decreto Supremo No 104-95-EF que aprueba el Reglamento de Procedimiento de Restitucion Simplificado de Derechos Arancelarios,https://epdoc2.elperuano.pe/EpPo/DescargaINDA.asp?Referencias=NDNTOFM4UzhTOExIWUI5V1RNTEhZQkxIOVdfX1lYWENUTVdWUzhTOExI,20241031
20241023,2336838-1,ECONOMIA Y FINANZAS,RESOLUCION MINISTERIAL,No 335-2024-EF/43,Autorizan viajes de Presidenta de la Comision Especial que representa al Estado en Controversias Internacionales de Inversion y de profesional a los EE.UU. en comision de servicios,https://epdoc2.elperuano.pe/EpPo/DescargaINDA.asp?Referencias=NDNTOFM4UzhTOExIWUI5V1RNTEhZQkxIOVdfX1hDUzhYQ1ZCUzhTOExI,20241031
20241023,2336847-1,ECONOMIA Y FINANZAS,RESOLUCION MINISTERIAL,No 337-2024-EF/15,Aprueban los Valores Arancelarios de Terrenos para fines tributarios expresados en soles por metro cuadrado a nivel nacional vigentes para el Ejercicio Fiscal 2025,https://epdoc2.elperuano.pe/EpPo/DescargaINDA.asp?Referencias=NDNTOFM4UzhTOExIWUI5V1RNTEhZQkxIOVdfX1dWVE1YQ1ZCUzhTOExI,20241031
20241023,2336354-1,JUSTICIA Y DERECHOS HUMANOS,RESOLUCION MINISTERIAL,No 0270-2024-JUS,Autorizan la realizacion de la XXXV Convencion de Representantes de las Oficinas de Asesoria Juridica y Gerencias Legales de las entidades del Sector Publico: Aspectos Generales de la Contratacion Publica en el Peru y sus desafios frente a la nueva Ley de Contrataciones del Estado,https://epdoc2.elperuano.pe/EpPo/DescargaINDA.asp?Referencias=NDNTOFM4UzhTOExIWUI5V1RNTEhZQkxIOVdfX1RNVU5TOFZCUzhTOExI,20241031
20241023,2337113-1,JUSTICIA Y DERECHOS HUMANOS,RESOLUCION MINISTERIAL,No 0272-2024-JUS,Autorizan viaje de Procuradora Publica Ad Hoc para el caso Odebrecht y otras a los Estados Unidos de America en comision de servicios,https://epdoc2.elperuano.pe/EpPo/DescargaINDA.asp?Referencias=NDNTOFM4UzhTOExIWUI5V1RNTEhZQkxIOVdfX1M4OVc5V1dWUzhTOExI,20241031
20241023,2336852-1,PRODUCE,RESOLUCION,No 000169-2024-ITP/DE,Modifican el Tarifario de Servicios Tecnologicos del Centro de Innovacion Productiva y Transferencia Tecnologica Pesquero - CITEpesquero,https://epdoc2.elperuano.pe/EpPo/DescargaINDA.asp?Referencias=NDNTOFM4UzhTOExIWUI5V1RNTEhZQkxIOVdfX0xIVU5YQ1ZCUzhTOExI,20241031
20241023,2336710-1,PRODUCE,RESOLUCION MINISTERIAL,No 000420-2024-PRODUCE,Aprueban Directiva General denominada Disposiciones para la formulacion actualizacion y seguimiento de los Planes Regionales de Acuicultura a cargo de los Gobiernos Regionales,https://epdoc2.elperuano.pe/EpPo/DescargaINDA.asp?Referencias=NDNTOFM4UzhTOExIWUI5V1RNTEhZQkxIOVdfX1lCOVdXVlZCUzhTOExI,20241031
20241023,2336788-1,PRODUCE,RESOLUCION MINISTERIAL,No 000423-2024-PRODUCE,Designan Director General de la Direccion General de Pesca Artesanal,https://epdoc2.elperuano.pe/EpPo/DescargaINDA.asp?Referencias=NDNTOFM4UzhTOExIWUI5V1RNTEhZQkxIOVdfX1hDWENXVlZCUzhTOExI,20241031
20241023,2336796-1,PRODUCE,RESOLUCION MINISTERIAL,No 000425-2024-PRODUCE,Designan Director de la Direccion de Supervision y Fiscalizacion de la Direccion General de Supervision Fiscalizacion y Sancion del Despacho Viceministerial de Pesca y Acuicultura,https://epdoc2.elperuano.pe/EpPo/DescargaINDA.asp?Referencias=NDNTOFM4UzhTOExIWUI5V1RNTEhZQkxIOVdfX1ZCWVhXVlZCUzhTOExI,20241031
20241023,2336753-1,RELACIONES EXTERIORES,RESOLUCION MINISTERIAL,No 0803-2024-RE,Autorizan viaje de funcionaria diplomatica y Especialista Administrativo I de la Direccion de Seguridad y Defensa a Ecuador en comision de servicios,https://epdoc2.elperuano.pe/EpPo/DescargaINDA.asp?Referencias=NDNTOFM4UzhTOExIWUI5V1RNTEhZQkxIOVdfX1M4VU5XVlZCUzhTOExI,20241031
20241023,2336795-1,SALUD,RESOLUCION MINISTERIAL,No 721-2024/MINSA,Modifican el Documento Tecnico: Petitorio Nacional unico de Medicamentos Esenciales para el Sector Salud,https://epdoc2.elperuano.pe/EpPo/DescargaINDA.asp?Referencias=NDNTOFM4UzhTOExIWUI5V1RNTEhZQkxIOVdfX1VOWVhXVlZCUzhTOExI,20241031
20241023,2336874-1,VIVIENDA  CONSTRUCCIoN Y SANEAMIENTO,RESOLUCION MINISTERIAL,No 402-2024-VIVIENDA,Designan Director de la Direccion de Gestion y Coordinacion en Vivienda y Urbanismo,https://epdoc2.elperuano.pe/EpPo/DescargaINDA.asp?Referencias=NDNTOFM4UzhTOExIWUI5V1RNTEhZQkxIOVdfX1RNV1ZYQ1ZCUzhTOExI,20241031
20241023,2336942-1,VIVIENDA  CONSTRUCCIoN Y SANEAMIENTO,RESOLUCION MINISTERIAL,No 404-2024-VIVIENDA,Designan Directora de la Direccion de Evaluacion de Impacto Ambiental,https://epdoc2.elperuano.pe/EpPo/DescargaINDA.asp?Referencias=NDNTOFM4UzhTOExIWUI5V1RNTEhZQkxIOVdfX0xIVE1ZWFZCUzhTOExI,20241031
20241023,2337105-1,CENTRAL DE COMPRAS PuBLICAS,RESOLUCION JEFATURAL,No 000185-2024-PERu COMPRAS-JEFATURA,Designan jefe de la Oficina de Planeamiento y Presupuesto de la Central de Compras Publicas - PERu COMPRAS,https://epdoc2.elperuano.pe/EpPo/DescargaINDA.asp?Referencias=NDNTOFM4UzhTOExIWUI5V1RNTEhZQkxIOVdfX1VOWUI5V1dWUzhTOExI,20241031
20241023,2336993-1,INTENDENCIA NACIONAL DE BOMBEROS DEL PERU,RESOLUCION,No 073-2024-INBP,Dan por concluida designacion de Asesora de la Subdireccion de Gestion de Recursos Materiales y Mantenimiento y declaran de oficio la nulidad de la Resolucion de Intendencia No 072-2024-INBP,https://epdoc2.elperuano.pe/EpPo/DescargaINDA.asp?Referencias=NDNTOFM4UzhTOExIWUI5V1RNTEhZQkxIOVdfX1M4WVhZWFZCUzhTOExI,20241031
20241023,2336771-1,AUTORIDAD DE TRANSPORTE URBANO PARA LIMA Y CALLAO,RESOLUCION,No 228-2024-ATU/PE,Designan Jefe de la Unidad de Abastecimiento de la Oficina de Administracion de la ATU,https://epdoc2.elperuano.pe/EpPo/DescargaINDA.asp?Referencias=NDNTOFM4UzhTOExIWUI5V1RNTEhZQkxIOVdfXzlXV1ZXVlZCUzhTOExI,20241031
20241023,2337133-1,AUTORIDAD PORTUARIA NACIONAL,RESOLUCION,No 0085-2024-APN-DIR,Aprueban el Plan Maestro del Terminal Portuario de Matarani,https://epdoc2.elperuano.pe/EpPo/DescargaINDA.asp?Referencias=NDNTOFM4UzhTOExIWUI5V1RNTEhZQkxIOVdfX1M4Uzg5V1dWUzhTOExI,20241031
20241023,2336794-1,COMISIoN DE PROMOCIoN DEL PERu PARA LA EXPORTACIoN Y EL TURISMO,RESOLUCION,No 000119-2024-PROMPERU/GG,Aprueban modificacion de la Ficha de Servicio No 1: Participacion en Ferias Internacionales de Exportaciones de la Carta de Servicios de PROMPERu Version No 8,https://epdoc2.elperuano.pe/EpPo/DescargaINDA.asp?Referencias=NDNTOFM4UzhTOExIWUI5V1RNTEhZQkxIOVdfX1RNWVhXVlZCUzhTOExI,20241031
20241023,2336185-1,INSTITUTO NACIONAL DE DEFENSA DE LA COMPETENCIA Y DE LA PROTECCION DE LA PROPIEDAD INTELECTUAL,RESOLUCION,No 078-2024/CDB-INDECOPI,Disponen inicio de procedimiento de examen por expiracion de medidas (sunset review) a los derechos antidumping definitivos impuestos por Res. No 017-2004/CDS-INDECOPI y prorrogados por diversas resoluciones sobre las importaciones de tejidos planos de ligamento tafetan popelina poliester/algodon (mezclas de cualquier composicion) estampados crudos blanqueados tenidos o con hilados de distintos colores originarios de la Republica Islamica de Pakistan,https://epdoc2.elperuano.pe/EpPo/DescargaINDA.asp?Referencias=NDNTOFM4UzhTOExIWUI5V1RNTEhZQkxIOVdfX1VOWEM5V1ZCUzhTOExI,20241031
20241023,2337107-1,SUPERINTENDENCIA NACIONAL DE FISCALIZACIoN LABORAL,RESOLUCION,No 228-2024-SUNAFIL,Designan Asesor II de Gerencia General de la SUNAFIL,https://epdoc2.elperuano.pe/EpPo/DescargaINDA.asp?Referencias=NDNTOFM4UzhTOExIWUI5V1RNTEhZQkxIOVdfX1dWWUI5V1dWUzhTOExI,20241031
20241023,2337109-1,SUPERINTENDENCIA NACIONAL DE FISCALIZACIoN LABORAL,RESOLUCION,No 230-2024-SUNAFIL,Designan Jefe de Oficina de la Oficina de Tecnologias de la Informacion y Comunicaciones de la SUNAFIL.,https://epdoc2.elperuano.pe/EpPo/DescargaINDA.asp?Referencias=NDNTOFM4UzhTOExIWUI5V1RNTEhZQkxIOVdfX1lYWUI5V1dWUzhTOExI,20241031
20241023,2333086-1,BANCO CENTRAL DE RESERVA,RESOLUCION,No 0048-2024-BCRP-N,Autorizan mision en el exterior de funcionaria para participar en evento a realizarse en EE.UU.,https://epdoc2.elperuano.pe/EpPo/DescargaINDA.asp?Referencias=NDNTOFM4UzhTOExIWUI5V1RNTEhZQkxIOVdfX1ZCWENZQlM4UzhTOExI,20241031
20241023,2330979-1,INSTITUCIONES EDUCATIVAS,RESOLUCION,No 4321-2024-UNC,Autorizan viaje de docentes de la Universidad Nacional de Cajamarca para realizar pasantia en Espana,https://epdoc2.elperuano.pe/EpPo/DescargaINDA.asp?Referencias=NDNTOFM4UzhTOExIWUI5V1RNTEhZQkxIOVdfX1lYV1ZZWFlCUzhTOExI,20241031
20241023,2337182-1,INSTITUCIONES EDUCATIVAS,RESOLUCION,No 18-2024-UNIA-AU,Declaran la vacancia en el cargo de Vicerrector Academico de la Universidad Nacional Intercultural de la Amazonia - UNIA ratifican la Resolucion de Asamblea Universitaria No 12-2024-UNIA-AU de fecha 12 de octubre de 2024 que resolvio encargar a partir de la misma fecha el Vicerrectorado Academico a docente ordinaria principal y dictan otras disposiciones,https://epdoc2.elperuano.pe/EpPo/DescargaINDA.asp?Referencias=NDNTOFM4UzhTOExIWUI5V1RNTEhZQkxIOVdfX0xIWEM5V1dWUzhTOExI,20241031
20241023,2337191-1,INSTITUCIONES EDUCATIVAS,RESOLUCION,No 13-2024-UNIA-AU,Declaran la nulidad de la denominada Resolucion de Asamblea Universitaria No 001-2024-UNIA-AU de fecha 02 de octubre del 2024 sobre la vacancia del Rector de la Universidad Nacional Intercultural de la Amazonia y consecuentemente la nulidad del Acuerdo de la Asamblea Universitaria de fecha 02 de octubre del 2024 referida a la misma vacancia y dictan otras disposiciones,https://epdoc2.elperuano.pe/EpPo/DescargaINDA.asp?Referencias=NDNTOFM4UzhTOExIWUI5V1RNTEhZQkxIOVdfXzlXWVg5V1dWUzhTOExI,20241031
20241023,2336430-1,INSTITUCIONES EDUCATIVAS,RESOLUCION DIRECTORAL,No 341-2024-UNU-R-DGA,Aprueban las Bases Administrativas para Segunda Convocatoria de Subasta Publica Presencial No 001-2024-UNU de 27 Semovientes,https://epdoc2.elperuano.pe/EpPo/DescargaINDA.asp?Referencias=NDNTOFM4UzhTOExIWUI5V1RNTEhZQkxIOVdfX1lCUzhUTVZCUzhTOExI,20241031
20241023,2336301-1,GOBIERNO REGIONAL DE AYACUCHO,RESOLUCION,No 0670-2024-GRA/GR,Aprueban Tercera Modificacion al Contrato de Concesion No 001-2015 Contrato de Concesion Definitiva de Generacion con Recursos Energeticos Renovables del proyecto Central Hidroelectrica CAMPANAYOCC,https://epdoc2.elperuano.pe/EpPo/DescargaINDA.asp?Referencias=NDNTOFM4UzhTOExIWUI5V1RNTEhZQkxIOVdfXzlXWUJTOFZCUzhTOExI,20241031
20241023,2321500-1,GOBIERNO REGIONAL DEL CUSCO,ORDENANZA,No 249-2024-CR/GRC,Ordenanza Regional que aprueba el reconocimiento de la Mesa Tecnica de Trabajo sobre la situacion y problematica de la Laguna de Piuray Distrito de Chinchero Provincia de Urubamba- Cusco,https://epdoc2.elperuano.pe/EpPo/DescargaINDA.asp?Referencias=NDNTOFM4UzhTOExIWUI5V1RNTEhZQkxIOVdfX1lCWUJVTjlXTEhTOExI,20241031
20241023,2335749-1,GOBIERNO REGIONAL DE PIURA,ORDENANZA,No 506-2024/GRP-CR,Ordenanza que declara de interes regional el reconocimiento del Corredor de Conservacion de los Andes del Norte de Piura,https://epdoc2.elperuano.pe/EpPo/DescargaINDA.asp?Referencias=NDNTOFM4UzhTOExIWUI5V1RNTEhZQkxIOVdfX1lYVE1XVlVOUzhTOExI,20241031
20241023,2335971-1,GOBIERNO REGIONAL DE PIURA,ORDENANZA,No 505-2024/GRP-CR,Ordenanza que declara de interes y prioridad regional la incorporacion del trabajo con hombres para la prevencion y erradicacion de la violencia contra las mujeres y los integrantes del grupo familiar en el marco de la Ley 30364,https://epdoc2.elperuano.pe/EpPo/DescargaINDA.asp?Referencias=NDNTOFM4UzhTOExIWUI5V1RNTEhZQkxIOVdfXzlXV1ZZWFVOUzhTOExI,20241031
20241023,2336417-1,MUNICIPALIDAD METROPOLITANA DE LIMA,ORDENANZA,No 2627,Ordenanza que modifica el Plano de Zonificacion del distrito de Villa El Salvador aprobado por Ordenanza No 933-MML,https://epdoc2.elperuano.pe/EpPo/DescargaINDA.asp?Referencias=NDNTOFM4UzhTOExIWUI5V1RNTEhZQkxIOVdfX1dWOVdUTVZCUzhTOExI,20241031
20241023,2330851-1,MUNICIPALIDAD DE ANCON,DECRETO DE ALCALDIA,No 009-2024/MDA,Prorrogan vigencia de la Ordenanza No 519-2024- MDA que establece incentivos por actualizacion predial pago de multas administrativas y beneficios tributarios en el distrito de Ancon,https://epdoc2.elperuano.pe/EpPo/DescargaINDA.asp?Referencias=NDNTOFM4UzhTOExIWUI5V1RNTEhZQkxIOVdfXzlXVU5YQ1lCUzhTOExI,20241031
20241023,2336690-1,MUNICIPALIDAD DE SAN MARTIN DE PORRES,ORDENANZA,No 573/MDSMP,Ordenanza que fortalece la seguridad ciudadana en el distrito de San Martin de Porres durante el periodo del Estado de Emergencia,https://epdoc2.elperuano.pe/EpPo/DescargaINDA.asp?Referencias=NDNTOFM4UzhTOExIWUI5V1RNTEhZQkxIOVdfX1lCWVhWQlZCUzhTOExI,20241031
20241023,2336273-1,MUNICIPALIDAD PROVINCIAL DE CAnETE,ORDENANZA,No 012-2024-MPC,Ordenanza que aprueba el Cambio de Zonificacion de ZP2 ZONA DE RIESGO GEOTeCNICO al cambio de zonificacion a R1S RESIDENCIAL DE DENSIDAD BAJA (70 HAB/HA),https://epdoc2.elperuano.pe/EpPo/DescargaINDA.asp?Referencias=NDNTOFM4UzhTOExIWUI5V1RNTEhZQkxIOVdfX1M4V1ZMSFZCUzhTOExI,20241031
20241023,2336689-1,MUNICIPALIDAD DE VENTANILLA,ORDENANZA,No 012-2024/MDV,Establecen beneficios para la regularizacion de deudas tributarias y no tributarias,https://epdoc2.elperuano.pe/EpPo/DescargaINDA.asp?Referencias=NDNTOFM4UzhTOExIWUI5V1RNTEhZQkxIOVdfX1lYWENWQlZCUzhTOExI,20241031
20241023,2336449-1,MUNICIPALIDAD DE MI PERu,ACUERDO,No 247-2024-MDMP,Autorizan la asistencia del alcalde al VII Encuentro de alcaldes y alcaldesas de las Americas para la Construccion de Municipios Ciudades y Comunidades Saludables (MCCS) en la ciudad del Cusco,https://epdoc2.elperuano.pe/EpPo/DescargaINDA.asp?Referencias=NDNTOFM4UzhTOExIWUI5V1RNTEhZQkxIOVdfX1lYVE1UTVZCUzhTOExI,20241031
20241022,2336665-1,CONGRESO DE LA REPUBLICA,LEY,No 32139,Ley que establece un porcentaje del presupuesto institucional de los gobiernos regionales y de los gobiernos locales para actividades y proyectos orientados a la atencion de personas con discapacidad,https://epdoc2.elperuano.pe/EpPo/DescargaINDA.asp?Referencias=NDNMSExITEhMSExIWUI5V1RNTEhZQkxIOVdfX1VOVkJWQlZCUzhTOExI,20241031
20241022,2336665-2,CONGRESO DE LA REPUBLICA,LEY,No 32140,Ley que amplia el plazo de funcionamiento de la Comision Especial Revisora del Codigo de Ejecucion Penal,https://epdoc2.elperuano.pe/EpPo/DescargaINDA.asp?Referencias=NDNMSExITEhMSExIWUI5V1RNTEhZQkxITEhfX1VOVkJWQlZCUzhTOExI,20241031
20241022,2336665-3,PRESIDENCIA DEL CONSEJO DE MINISTROS,RESOLUCION SUPREMA,No 221-2024-PCM,Designan miembro del Consejo Directivo de la Superintendencia Nacional de los Registros Publicos,https://epdoc2.elperuano.pe/EpPo/DescargaINDA.asp?Referencias=NDNMSExITEhMSExIWUI5V1RNTEhZQkxIUzhfX1VOVkJWQlZCUzhTOExI,20241031
20241022,2336243-1,AMBIENTE,RESOLUCION MINISTERIAL,No 00342-2024-MINAM,Disponen la publicacion en la sede digital del Ministerio de la actualizacion de guias a ser aplicadas en las acciones de control de ingreso y vigilancia para la deteccion de Organismos Vivos Modificados - OVM para recibir comentarios aportes u opiniones de los interesados,https://epdoc2.elperuano.pe/EpPo/DescargaINDA.asp?Referencias=NDNMSExITEhMSExIWUI5V1RNTEhZQkxIOVdfX1M4VE1MSFZCUzhTOExI,20241031
20241022,2336244-1,AMBIENTE,RESOLUCION MINISTERIAL,No 00343-2024-MINAM,Renuevan a perpetuidad el reconocimiento del area de Conservacion Privada Bosque de Churumazu ubicada en el distrito de Chontabamba provincia de Oxapampa departamento de Pasco,https://epdoc2.elperuano.pe/EpPo/DescargaINDA.asp?Referencias=NDNMSExITEhMSExIWUI5V1RNTEhZQkxIOVdfX1RNVE1MSFZCUzhTOExI,20241031
20241022,2336245-1,AMBIENTE,RESOLUCION MINISTERIAL,No 00344-2024-MINAM,Aprueban documento Alcances de las intervenciones IOARR a ejecutarse mediante la modalidad de nucleos ejecutores en el marco de la Ley No 31015,https://epdoc2.elperuano.pe/EpPo/DescargaINDA.asp?Referencias=NDNMSExITEhMSExIWUI5V1RNTEhZQkxIOVdfX1VOVE1MSFZCUzhTOExI,20241031
20241022,2336247-1,AMBIENTE,RESOLUCION MINISTERIAL,No 00347-2024-MINAM,Modifican la Primera Actualizacion del Listado de Inclusion de los Proyectos de Inversion sujetos al Sistema Nacional de Evaluacion de Impacto Ambiental (SEIA) aprobada mediante R.M. No 157-2011-MINAM y normas modificatorias respecto a los proyectos de inversion del sector agrario y riego,https://epdoc2.elperuano.pe/EpPo/DescargaINDA.asp?Referencias=NDNMSExITEhMSExIWUI5V1RNTEhZQkxIOVdfX1dWVE1MSFZCUzhTOExI,20241031
20241022,2336492-1,AMBIENTE,RESOLUCION MINISTERIAL,No 00348-2024-MINAM,Disponen la publicacion del proyecto del Plan Director de las areas Naturales Protegidas el Decreto Supremo que lo aprueba y su Exposicion de Motivos,https://epdoc2.elperuano.pe/EpPo/DescargaINDA.asp?Referencias=NDNMSExITEhMSExIWUI5V1RNTEhZQkxIOVdfX0xIWVhUTVZCUzhTOExI,20241031
20241022,2336652-1,COMERCIO EXTERIOR Y TURISMO,RESOLUCION MINISTERIAL,No 318-2024-MINCETUR,Autorizan viaje de servidora para participar en evento a realizarse en Costa Rica,https://epdoc2.elperuano.pe/EpPo/DescargaINDA.asp?Referencias=NDNMSExITEhMSExIWUI5V1RNTEhZQkxIOVdfX0xIVU5WQlZCUzhTOExI,20241031
20241022,2336280-1,DESARROLLO E INCLUSIoN SOCIAL,RESOLUCION,No D000630-2024-MIDIS/PNAEQW-DE,Designan Jefa de la Unidad Territorial Puno del Programa Nacional de Alimentacion Escolar Qali Warma,https://epdoc2.elperuano.pe/EpPo/DescargaINDA.asp?Referencias=NDNMSExITEhMSExIWUI5V1RNTEhZQkxIOVdfX1lCWENMSFZCUzhTOExI,20241031
20241022,2337112-1,ECONOMIA Y FINANZAS,DECRETO SUPREMO,No 195-2024-EF,Decreto Supremo que autoriza Transferencia de Partidas en el Presupuesto del Sector Publico para el Ano Fiscal 2024 a favor de la Oficina de Normalizacion Previsional,https://epdoc2.elperuano.pe/EpPo/DescargaINDA.asp?Referencias=NDNMSExITEhMSExIWUI5V1RNTEhZQkxIOVdfX0xIOVc5V1dWUzhTOExI,20241031
20241022,2337112-2,ECONOMIA Y FINANZAS,DECRETO SUPREMO,No 196-2024-EF,Decreto Supremo que autoriza Transferencia de Partidas en el Presupuesto del Sector Publico para el Ano Fiscal 2024 a favor de los gobiernos regionales y del Ministerio de Defensa,https://epdoc2.elperuano.pe/EpPo/DescargaINDA.asp?Referencias=NDNMSExITEhMSExIWUI5V1RNTEhZQkxITEhfX0xIOVc5V1dWUzhTOExI,20241031
20241022,2336657-1,EDUCACION,RESOLUCION MINISTERIAL,No 524-2024-MINEDU,Designan Director de la Casa de la Literatura,https://epdoc2.elperuano.pe/EpPo/DescargaINDA.asp?Referencias=NDNMSExITEhMSExIWUI5V1RNTEhZQkxIOVdfX1dWVU5WQlZCUzhTOExI,20241031
20241022,2336554-1,ENERGIA Y MINAS,RESOLUCION MINISTERIAL,No 407-2024-MINEM/DM,Autorizan transferencia financiera de recursos a favor del Gobierno Regional de Arequipa,https://epdoc2.elperuano.pe/EpPo/DescargaINDA.asp?Referencias=NDNMSExITEhMSExIWUI5V1RNTEhZQkxIOVdfX1RNVU5VTlZCUzhTOExI,20241031
20241022,2337115-1,INTERIOR,DECRETO SUPREMO,No 011-2024-IN,Decreto Supremo que modifica e incorpora articulos en el Reglamento del Decreto Legislativo No 1350 Decreto Legislativo de Migraciones y aprueba nuevas calidades migratorias aprobado por Decreto Supremo No 007-2017-IN en lo relativo a la identificacion de extranjeros documentos de identidad cancelacion del carne de extranjeria y acceso a la informacion del Registro de Informacion Migratoria - RIM,https://epdoc2.elperuano.pe/EpPo/DescargaINDA.asp?Referencias=NDNMSExITEhMSExIWUI5V1RNTEhZQkxIOVdfX1VOOVc5V1dWUzhTOExI,20241031
20241022,2336484-1,INTERIOR,RESOLUCION MINISTERIAL,No 1304-2024-IN,Designan Director de la Oficina de Presupuesto,https://epdoc2.elperuano.pe/EpPo/DescargaINDA.asp?Referencias=NDNMSExITEhMSExIWUI5V1RNTEhZQkxIOVdfX1RNWENUTVZCUzhTOExI,20241031
20241022,2336499-1,PRODUCE,RESOLUCION MINISTERIAL,No 000414-2024-PRODUCE,Disponen la publicacion del proyecto de Resolucion Ministerial que modifica la Resolucion Ministerial No 040-2019-PRODUCE que aprueba el Plan de Manejo para el cultivo de tilapia en ambientes artificiales de los departamentos de Amazonas Cajamarca Huanuco Junin San Martin y Ucayali,https://epdoc2.elperuano.pe/EpPo/DescargaINDA.asp?Referencias=NDNMSExITEhMSExIWUI5V1RNTEhZQkxIOVdfX1lYWVhUTVZCUzhTOExI,20241031
20241022,2336501-1,PRODUCE,RESOLUCION MINISTERIAL,No 000415-2024-PRODUCE,Disponen la publicacion del proyecto de Decreto Supremo que aprueba el Reglamento de Ordenamiento Pesquero del Recurso Calamar Gigante o Pota (Dosidicus gigas) y su exposicion de motivos,https://epdoc2.elperuano.pe/EpPo/DescargaINDA.asp?Referencias=NDNMSExITEhMSExIWUI5V1RNTEhZQkxIOVdfXzlXWUJVTlZCUzhTOExI,20241031
20241022,2336504-1,PRODUCE,RESOLUCION MINISTERIAL,No 000416-2024-PRODUCE,Disponen la publicacion del proyecto de Decreto Supremo que aprueba el Reglamento Tecnico sobre vajilla y/o utensilios de mesa de plastico reciclables del referido Reglamento Tecnico y sus Anexos asi como de su Exposicion de Motivos,https://epdoc2.elperuano.pe/EpPo/DescargaINDA.asp?Referencias=NDNMSExITEhMSExIWUI5V1RNTEhZQkxIOVdfX1RNWUJVTlZCUzhTOExI,20241031
20241022,2336523-1,PRODUCE,RESOLUCION MINISTERIAL,No 000417-2024-PRODUCE,Modifican la R.M. No 00002-2024-PRODUCE que delega facultades y atribuciones a diversos funcionarios del Ministerio de la Produccion y de organismos adscritos durante el Ano Fiscal 2024,https://epdoc2.elperuano.pe/EpPo/DescargaINDA.asp?Referencias=NDNMSExITEhMSExIWUI5V1RNTEhZQkxIOVdfX1M4TEhVTlZCUzhTOExI,20241031
20241022,2336608-1,PRODUCE,RESOLUCION MINISTERIAL,No 000418-2024-PRODUCE,Disponen la publicacion del proyecto del Decreto Supremo que modifica el Reglamento de Ordenamiento Pesquero de los Recursos Invertebrados Marinos Bentonicos aprobado por Decreto Supremo No 018-2021-PRODUCE y su exposicion de motivos,https://epdoc2.elperuano.pe/EpPo/DescargaINDA.asp?Referencias=NDNMSExITEhMSExIWUI5V1RNTEhZQkxIOVdfX1hDWUJWQlZCUzhTOExI,20241031
20241022,2336659-1,PRODUCE,RESOLUCION MINISTERIAL,No 000419-2024-PRODUCE,Autorizan el inicio de la Segunda Temporada de Pesca 2024 del recurso anchoveta y anchoveta blanca con destino al consumo humano indirecto en area maritima comprendida entre el extremo norte del dominio maritimo del Peru y los 16o00S y dictan otras disposiciones,https://epdoc2.elperuano.pe/EpPo/DescargaINDA.asp?Referencias=NDNMSExITEhMSExIWUI5V1RNTEhZQkxIOVdfX1lYVU5WQlZCUzhTOExI,20241031
20241022,2336446-1,RELACIONES EXTERIORES,RESOLUCION MINISTERIAL,No 0802-2024-RE,Promueven funcionarios diplomaticos a las categorias de Ministro Consejero Consejero Primer Secretario y Segundo Secretario en el Servicio Diplomatico de la Republica,https://epdoc2.elperuano.pe/EpPo/DescargaINDA.asp?Referencias=NDNMSExITEhMSExIWUI5V1RNTEhZQkxIOVdfX1ZCVE1UTVZCUzhTOExI,20241031
20241022,2336665-4,RELACIONES EXTERIORES,RESOLUCION SUPREMA,No 191-2024-RE,Promueven funcionarios diplomaticos a las categorias de Embajador y Ministro en el Servicio Diplomatico de la Republica,https://epdoc2.elperuano.pe/EpPo/DescargaINDA.asp?Referencias=NDNMSExITEhMSExIWUI5V1RNTEhZQkxIVE1fX1VOVkJWQlZCUzhTOExI,20241031
20241022,2336665-5,RELACIONES EXTERIORES,RESOLUCION SUPREMA,No 192-2024-RE,Nombran Embajadora Extraordinaria y Plenipotenciaria del Peru en la Republica de Austria,https://epdoc2.elperuano.pe/EpPo/DescargaINDA.asp?Referencias=NDNMSExITEhMSExIWUI5V1RNTEhZQkxIVU5fX1VOVkJWQlZCUzhTOExI,20241031
20241022,2336585-1,SALUD,RESOLUCION MINISTERIAL,No 715-2024/MINSA,Aprueban las Fichas de Homologacion de Pipeta de transferencia graduada esteril de 3 ml Pipeta de transferencia graduada esteril de 5 ml y Pipeta de transferencia graduada esteril de 3 ml de punta fina,https://epdoc2.elperuano.pe/EpPo/DescargaINDA.asp?Referencias=NDNMSExITEhMSExIWUI5V1RNTEhZQkxIOVdfX1VOWENVTlZCUzhTOExI,20241031
20241022,2336664-1,SALUD,RESOLUCION MINISTERIAL,No 717-2024/MINSA,Designan Directora Ejecutiva de la Oficina de Abastecimiento de la Oficina General de Administracion,https://epdoc2.elperuano.pe/EpPo/DescargaINDA.asp?Referencias=NDNMSExITEhMSExIWUI5V1RNTEhZQkxIOVdfX1RNVkJWQlZCUzhTOExI,20241031
20241022,2336664-2,SALUD,RESOLUCION MINISTERIAL,No 719-2024/MINSA,Designan Ejecutivo Adjunto I del Centro Nacional de Abastecimiento de Recursos Estrategicos en Salud,https://epdoc2.elperuano.pe/EpPo/DescargaINDA.asp?Referencias=NDNMSExITEhMSExIWUI5V1RNTEhZQkxITEhfX1RNVkJWQlZCUzhTOExI,20241031
20241022,2336511-1,TRANSPORTES Y COMUNICACIONES,RESOLUCION MINISTERIAL,No 610-2024-MTC/01.03,Modifican las Normas Tecnicas del Servicio de Radiodifusion,https://epdoc2.elperuano.pe/EpPo/DescargaINDA.asp?Referencias=NDNMSExITEhMSExIWUI5V1RNTEhZQkxIOVdfXzlXOVdVTlZCUzhTOExI,20241031
20241022,2336661-1,ARCHIVO GENERAL DE LA NACION,RESOLUCION JEFATURAL,No 000285-2024-AGN/JEF,Designan directora de la Direccion de Conservacion del Archivo General de la Nacion,https://epdoc2.elperuano.pe/EpPo/DescargaINDA.asp?Referencias=NDNMSExITEhMSExIWUI5V1RNTEhZQkxIOVdfXzlXVkJWQlZCUzhTOExI,20241031
20241022,2336586-1,INSTITUTO PERUANO DEL DEPORTE,RESOLUCION,No 000112-2024-P/IPD,Designan jefe de la Oficina General de Administracion del Instituto Peruano del Deporte,https://epdoc2.elperuano.pe/EpPo/DescargaINDA.asp?Referencias=NDNMSExITEhMSExIWUI5V1RNTEhZQkxIOVdfX1ZCWENVTlZCUzhTOExI,20241031
20241022,2336592-1,INSTITUTO PERUANO DEL DEPORTE,RESOLUCION,No 000113-2024-P/IPD,Designan jefe de la Oficina de Asesoria Juridica del Instituto Peruano del Deporte,https://epdoc2.elperuano.pe/EpPo/DescargaINDA.asp?Referencias=NDNMSExITEhMSExIWUI5V1RNTEhZQkxIOVdfX0xIWVhVTlZCUzhTOExI,20241031
20241022,2336610-1,SEGURO INTEGRAL DE SALUD,RESOLUCION JEFATURAL,No 000149-2024-SIS/J,Aprueban Transferencia Financiera del Fondo Intangible Solidario de Salud - FISSAL a favor de unidades ejecutoras,https://epdoc2.elperuano.pe/EpPo/DescargaINDA.asp?Referencias=NDNMSExITEhMSExIWUI5V1RNTEhZQkxIOVdfX1lCOVdWQlZCUzhTOExI,20241031
20241022,2336615-1,SEGURO INTEGRAL DE SALUD,RESOLUCION JEFATURAL,No 000150-2024-SIS/J,Aprueban Transferencia Financiera del Seguro Integral de Salud - SIS a favor de unidades ejecutoras,https://epdoc2.elperuano.pe/EpPo/DescargaINDA.asp?Referencias=NDNMSExITEhMSExIWUI5V1RNTEhZQkxIOVdfX1VOOVdWQlZCUzhTOExI,20241031
20241022,2336699-1,ORGANISMO TeCNICO DE LA ADMINISTRACIoN DE LOS SERVICIOS DE SANEAMIENTO,RESOLUCION DIRECTORAL,No 000097-2024-OTASS-DE,Designan Jefa de la Unidad de Abastecimiento de la Oficina de Administracion del OTASS,https://epdoc2.elperuano.pe/EpPo/DescargaINDA.asp?Referencias=NDNMSExITEhMSExIWUI5V1RNTEhZQkxIOVdfX1lYWVhWQlZCUzhTOExI,20241031
20241022,2336286-1,SUPERINTENDENCIA DEL MERCADO DE VALORES,RESOLUCION,No 131-2024-SMV/02,Aprueban el Manual de Perfiles de Puestos (MPP) de la Superintendencia del Mercado de Valores,https://epdoc2.elperuano.pe/EpPo/DescargaINDA.asp?Referencias=NDNMSExITEhMSExIWUI5V1RNTEhZQkxIOVdfX1ZCWENMSFZCUzhTOExI,20241031
20241022,2336660-1,SUPERINTENDENCIA NACIONAL DE FISCALIZACIoN LABORAL,RESOLUCION,No 000227-2024-SUNAFIL,Designan Intendente Regional de la Intendencia Regional del Callao de la SUNAFIL,https://epdoc2.elperuano.pe/EpPo/DescargaINDA.asp?Referencias=NDNMSExITEhMSExIWUI5V1RNTEhZQkxIOVdfX1lCVkJWQlZCUzhTOExI,20241031
20241022,2336534-1,CONTRALORIA GENERAL DE LA REPUBLICA,RESOLUCION,No 627-2024-CG,Dan por terminada designacion de Jefe del organo de Control Institucional del Servicio Nacional de Meteorologia e Hidrologia del Peru - SENAMHI,https://epdoc2.elperuano.pe/EpPo/DescargaINDA.asp?Referencias=NDNMSExITEhMSExIWUI5V1RNTEhZQkxIOVdfX1RNUzhVTlZCUzhTOExI,20241031
20241022,2336552-1,CONTRALORIA GENERAL DE LA REPUBLICA,RESOLUCION,No 628-2024-CG,Dan por terminada la designacion de Jefa del organo de Control Institucional de la Universidad Nacional de Educacion Enrique Guzman y Valle - La Cantuta,https://epdoc2.elperuano.pe/EpPo/DescargaINDA.asp?Referencias=NDNMSExITEhMSExIWUI5V1RNTEhZQkxIOVdfX0xIVU5VTlZCUzhTOExI,20241031
20241022,2336254-1,INSTITUCIONES EDUCATIVAS,RESOLUCION,No 001-2024-UNIA-AU,Declaran la vacancia de Rector de la Universidad Nacional Intercultural de la Amazonia y encargan el cargo de Rector al Vicerrector Academico,https://epdoc2.elperuano.pe/EpPo/DescargaINDA.asp?Referencias=NDNMSExITEhMSExIWUI5V1RNTEhZQkxIOVdfX1RNVU5MSFZCUzhTOExI,20241031
20241022,2335176-1,JURADO NACIONAL DE ELECCIONES,RESOLUCION,No 000100-2024-P/JNE,Autorizan viaje de Director Central de Gestion Institucional (e) a Uruguay en comision de servicios,https://epdoc2.elperuano.pe/EpPo/DescargaINDA.asp?Referencias=NDNMSExITEhMSExIWUI5V1RNTEhZQkxIOVdfX1ZCV1Y5V1VOUzhTOExI,20241031
20241022,2336338-1,JURADO NACIONAL DE ELECCIONES,RESOLUCION,No 0314-2024-JNE,Requieren a miembros del Concejo Distrital de Huallanca provincia de Bolognesi departamento de ancash convocar a sesion extraordinaria para resolver el pedido de vacancia contra el alcalde,https://epdoc2.elperuano.pe/EpPo/DescargaINDA.asp?Referencias=NDNMSExITEhMSExIWUI5V1RNTEhZQkxIOVdfX1hDUzhTOFZCUzhTOExI,20241031
20241022,2336347-1,JURADO NACIONAL DE ELECCIONES,RESOLUCION,No 0316-2024-JNE,Requieren a alcalde de la Municipalidad Provincial de Caylloma departamento de Arequipa para que convoque a nueva sesion extraordinaria de concejo en la que se dilucide y resuelva la vacancia seguida en contra de regidora,https://epdoc2.elperuano.pe/EpPo/DescargaINDA.asp?Referencias=NDNMSExITEhMSExIWUI5V1RNTEhZQkxIOVdfX1dWVE1TOFZCUzhTOExI,20241031
20241022,2336349-1,JURADO NACIONAL DE ELECCIONES,RESOLUCION,No 0296-2024-JNE,Requieren a alcalde de la Municipalidad Distrital de Copa provincia de Cajatambo departamento de Lima para que convoque a nueva sesion extraordinaria de concejo en la que se dilucide y resuelva la vacancia seguida en contra de regidor,https://epdoc2.elperuano.pe/EpPo/DescargaINDA.asp?Referencias=NDNMSExITEhMSExIWUI5V1RNTEhZQkxIOVdfX1lYVE1TOFZCUzhTOExI,20241031
20241022,2336353-1,JURADO NACIONAL DE ELECCIONES,RESOLUCION,No 0313-2024-JNE,Requieren a alcalde de la Municipalidad Provincial de Paucar del Sara Sara departamento de Ayacucho para que convoque a nueva sesion extraordinaria de concejo en la que se dilucide y resuelva la vacancia seguida en contra de regidora,https://epdoc2.elperuano.pe/EpPo/DescargaINDA.asp?Referencias=NDNMSExITEhMSExIWUI5V1RNTEhZQkxIOVdfX1M4VU5TOFZCUzhTOExI,20241031
20241022,2336432-1,JURADO NACIONAL DE ELECCIONES,RESOLUCION,No 0317-2024-JNE,Convocan a ciudadanas para que asuman cargos de alcaldesa y regidora de la Municipalidad Distrital de Neshuya provincia de Padre Abad departamento de Ucayali,https://epdoc2.elperuano.pe/EpPo/DescargaINDA.asp?Referencias=NDNMSExITEhMSExIWUI5V1RNTEhZQkxIOVdfX0xIUzhUTVZCUzhTOExI,20241031
20241022,2336437-1,JURADO NACIONAL DE ELECCIONES,RESOLUCION,No 0315-2024-JNE,Convocan a ciudadano para que asuma el cargo de consejero regional de Cusco a fin de completar el periodo de gobierno regional 2023-2026,https://epdoc2.elperuano.pe/EpPo/DescargaINDA.asp?Referencias=NDNMSExITEhMSExIWUI5V1RNTEhZQkxIOVdfX1dWUzhUTVZCUzhTOExI,20241031
20241022,2336509-1,MINISTERIO PUBLICO,RESOLUCION,No 2301-2024-MP-FN,Nombran fiscal adjunta provincial provisional del Distrito Fiscal del Cusco,https://epdoc2.elperuano.pe/EpPo/DescargaINDA.asp?Referencias=NDNMSExITEhMSExIWUI5V1RNTEhZQkxIOVdfX1lYWUJVTlZCUzhTOExI,20241031
20241022,2336509-2,MINISTERIO PUBLICO,RESOLUCION,No 2302-2024-MP-FN,Nombran fiscal adjunto provincial provisional del Distrito Fiscal de Huancavelica,https://epdoc2.elperuano.pe/EpPo/DescargaINDA.asp?Referencias=NDNMSExITEhMSExIWUI5V1RNTEhZQkxITEhfX1lYWUJVTlZCUzhTOExI,20241031
20241022,2336509-3,MINISTERIO PUBLICO,RESOLUCION,No 2303-2024-MP-FN,Nombran fiscal adjunto provincial provisional del Distrito Fiscal de Canete,https://epdoc2.elperuano.pe/EpPo/DescargaINDA.asp?Referencias=NDNMSExITEhMSExIWUI5V1RNTEhZQkxIUzhfX1lYWUJVTlZCUzhTOExI,20241031
20241022,2336509-4,MINISTERIO PUBLICO,RESOLUCION,No 2304-2024-MP-FN,Nombran fiscal adjunto provincial provisional del Distrito Fiscal de Lima Centro,https://epdoc2.elperuano.pe/EpPo/DescargaINDA.asp?Referencias=NDNMSExITEhMSExIWUI5V1RNTEhZQkxIVE1fX1lYWUJVTlZCUzhTOExI,20241031
20241022,2336509-5,MINISTERIO PUBLICO,RESOLUCION,No 2305-2024-MP-FN,Nombran fiscal adjunto provincial provisional transitorio del Distrito Fiscal de la Selva Central,https://epdoc2.elperuano.pe/EpPo/DescargaINDA.asp?Referencias=NDNMSExITEhMSExIWUI5V1RNTEhZQkxIVU5fX1lYWUJVTlZCUzhTOExI,20241031
20241022,2336509-6,MINISTERIO PUBLICO,RESOLUCION,No 2306-2024-MP-FN,Nombran fiscal adjunto provincial provisional del Distrito Fiscal de Lima Centro,https://epdoc2.elperuano.pe/EpPo/DescargaINDA.asp?Referencias=NDNMSExITEhMSExIWUI5V1RNTEhZQkxIVkJfX1lYWUJVTlZCUzhTOExI,20241031
20241022,2336509-7,MINISTERIO PUBLICO,RESOLUCION,No 2307-2024-MP-FN,Nombran fiscal adjunto provincial provisional del Distrito Fiscal de Ayacucho,https://epdoc2.elperuano.pe/EpPo/DescargaINDA.asp?Referencias=NDNMSExITEhMSExIWUI5V1RNTEhZQkxIV1ZfX1lYWUJVTlZCUzhTOExI,20241031
20241022,2336601-1,MINISTERIO PUBLICO,RESOLUCION,No 2308-2024-MP-FN,Nombran fiscal provincial provisional del Distrito Fiscal Del Santa,https://epdoc2.elperuano.pe/EpPo/DescargaINDA.asp?Referencias=NDNMSExITEhMSExIWUI5V1RNTEhZQkxIOVdfXzlXWUJWQlZCUzhTOExI,20241031
20241022,2336601-10,MINISTERIO PUBLICO,RESOLUCION,No 2317-2024-MP-FN,Nombran fiscal adjunto provincial provisional del Distrito Fiscal de San Martin,https://epdoc2.elperuano.pe/EpPo/DescargaINDA.asp?Referencias=NjNMSExITEhMSFlCOVdUTUxIWUJMSFlCOVdfXzlXWUJWQlZCUzhTOExI,20241031
20241022,2336601-2,MINISTERIO PUBLICO,RESOLUCION,No 2309-2024-MP-FN,Nombran fiscal adjunto provincial provisional del Distrito Fiscal de Huanuco,https://epdoc2.elperuano.pe/EpPo/DescargaINDA.asp?Referencias=NDNMSExITEhMSExIWUI5V1RNTEhZQkxITEhfXzlXWUJWQlZCUzhTOExI,20241031
20241022,2336601-3,MINISTERIO PUBLICO,RESOLUCION,No 2310-2024-MP-FN,Nombran fiscal adjunta provincial provisional del Distrito Fiscal de Cajamarca,https://epdoc2.elperuano.pe/EpPo/DescargaINDA.asp?Referencias=NDNMSExITEhMSExIWUI5V1RNTEhZQkxIUzhfXzlXWUJWQlZCUzhTOExI,20241031
20241022,2336601-4,MINISTERIO PUBLICO,RESOLUCION,No 2311-2024-MP-FN,Nombran fiscal adjunta provincial provisional del Distrito Fiscal de Huanuco,https://epdoc2.elperuano.pe/EpPo/DescargaINDA.asp?Referencias=NDNMSExITEhMSExIWUI5V1RNTEhZQkxIVE1fXzlXWUJWQlZCUzhTOExI,20241031
20241022,2336601-5,MINISTERIO PUBLICO,RESOLUCION,No 2312-2024-MP-FN,Nombran fiscal adjunta provincial provisional del Distrito Fiscal de Lima Centro y dictan diversas disposiciones,https://epdoc2.elperuano.pe/EpPo/DescargaINDA.asp?Referencias=NDNMSExITEhMSExIWUI5V1RNTEhZQkxIVU5fXzlXWUJWQlZCUzhTOExI,20241031
20241022,2336601-6,MINISTERIO PUBLICO,RESOLUCION,No 2313-2024-MP-FN,Nombran fiscal adjunto provincial provisional del Distrito Fiscal de Madre de Dios,https://epdoc2.elperuano.pe/EpPo/DescargaINDA.asp?Referencias=NDNMSExITEhMSExIWUI5V1RNTEhZQkxIVkJfXzlXWUJWQlZCUzhTOExI,20241031
20241022,2336601-7,MINISTERIO PUBLICO,RESOLUCION,No 2314-2024-MP-FN,Nombran fiscal adjunta provincial provisional del Distrito Fiscal de Apurimac,https://epdoc2.elperuano.pe/EpPo/DescargaINDA.asp?Referencias=NDNMSExITEhMSExIWUI5V1RNTEhZQkxIV1ZfXzlXWUJWQlZCUzhTOExI,20241031
20241022,2336601-8,MINISTERIO PUBLICO,RESOLUCION,No 2315-2024-MP-FN,Dan por concluida la designacion de fiscal en el despacho de la Fiscalia Provincial Penal Corporativa de Huarmey,https://epdoc2.elperuano.pe/EpPo/DescargaINDA.asp?Referencias=NDNMSExITEhMSExIWUI5V1RNTEhZQkxIWENfXzlXWUJWQlZCUzhTOExI,20241031
20241022,2336601-9,MINISTERIO PUBLICO,RESOLUCION,No 2316-2024-MP-FN,Aceptan renuncia de fiscal adjunta provincial provisional del Distrito Fiscal de Junin,https://epdoc2.elperuano.pe/EpPo/DescargaINDA.asp?Referencias=NDNMSExITEhMSExIWUI5V1RNTEhZQkxIWVhfXzlXWUJWQlZCUzhTOExI,20241031
20241022,2335044-1,MUNICIPALIDAD DE ANCON,ORDENANZA,No 523-2024/MDA,Ordenanza que fortalece la seguridad ciudadana en el distrito de Ancon durante el periodo del Estado de Emergencia,https://epdoc2.elperuano.pe/EpPo/DescargaINDA.asp?Referencias=NDNMSExITEhMSExIWUI5V1RNTEhZQkxIOVdfX1RNVE1ZQlVOUzhTOExI,20241031
20241022,2336515-1,MUNICIPALIDAD DE PUEBLO LIBRE,Res. Alcaldia,No 157-2024-MPL,Designan Auxiliar Coactivo de la Subgerencia de Recaudacion y Ejecutoria Coactiva de la Municipalidad de Pueblo Libre,https://epdoc2.elperuano.pe/EpPo/DescargaINDA.asp?Referencias=NDNMSExITEhMSExIWUI5V1RNTEhZQkxIOVdfX1VOOVdVTlZCUzhTOExI,20241031
20241022,2336153-1,MUNICIPALIDAD DE CARMEN DE LA LEGUA REYNOSO,RESOLUCION DE ALCALDIA,No 087-2024-MDCLR,Designan Funcionario Responsable de proporcionar Informacion de Acceso Publico por la Ley de Transparencia,https://epdoc2.elperuano.pe/EpPo/DescargaINDA.asp?Referencias=NDNMSExITEhMSExIWUI5V1RNTEhZQkxIOVdfX1M4VU45V1ZCUzhTOExI,20241031
20241021,2335778-1,COMERCIO EXTERIOR Y TURISMO,RESOLUCION MINISTERIAL,No 314-2024-MINCETUR,Designan Asesor I del Gabinete de Asesores del Despacho Ministerial,https://epdoc2.elperuano.pe/EpPo/DescargaINDA.asp?Referencias=NDM5VzlXOVc5V0xIWUI5V1RNTEhZQkxIOVdfX1hDV1ZXVlVOUzhTOExI,20241031
20241021,2335779-1,COMERCIO EXTERIOR Y TURISMO,RESOLUCION MINISTERIAL,No 315-2024-MINCETUR,Designan Asesor I de la Secretaria General del Ministerio,https://epdoc2.elperuano.pe/EpPo/DescargaINDA.asp?Referencias=NDM5VzlXOVc5V0xIWUI5V1RNTEhZQkxIOVdfX1lYV1ZXVlVOUzhTOExI,20241031
20241021,2336057-1,DEFENSA,RESOLUCION MINISTERIAL,No 01152-2024-DE,Autorizan viaje de Director de Asuntos Multilaterales y Cooperacion Internacional de la Direccion General de Relaciones Internacionales a Ecuador en comision de servicios,https://epdoc2.elperuano.pe/EpPo/DescargaINDA.asp?Referencias=NDM5VzlXOVc5V0xIWUI5V1RNTEhZQkxIOVdfX1dWVU5ZQlZCUzhTOExI,20241031
20241021,2336390-1,DESARROLLO E INCLUSIoN SOCIAL,RESOLUCION,No D000633-2024-MIDIS/PNAEQW-DE,Designan Coordinador de la Coordinacion de Abastecimiento y Servicios Generales de la Unidad de Administracion del Programa Nacional de Alimentacion Escolar Qali Warma,https://epdoc2.elperuano.pe/EpPo/DescargaINDA.asp?Referencias=NDM5VzlXOVc5V0xIWUI5V1RNTEhZQkxIOVdfX1lCWVhTOFZCUzhTOExI,20241031
20241021,2336663-1,ECONOMIA Y FINANZAS,DECRETO SUPREMO,No 194-2024-EF,Decreto Supremo que autoriza Transferencia de Partidas en el Presupuesto del Sector Publico para el Ano Fiscal 2024 a favor del Ministerio de la Produccion,https://epdoc2.elperuano.pe/EpPo/DescargaINDA.asp?Referencias=NDM5VzlXOVc5V0xIWUI5V1RNTEhZQkxIOVdfX1M4VkJWQlZCUzhTOExI,20241031
20241021,2336318-1,RELACIONES EXTERIORES,RESOLUCION MINISTERIAL,No 0801-2024-RE,Autorizan viaje de funcionaria diplomatica a la Republica Federativa del Brasil en comision de servicios,https://epdoc2.elperuano.pe/EpPo/DescargaINDA.asp?Referencias=NDM5VzlXOVc5V0xIWUI5V1RNTEhZQkxIOVdfX1hDOVdTOFZCUzhTOExI,20241031
20241021,2336232-1,SALUD,RESOLUCION MINISTERIAL,No 714-2024/MINSA,Designan Director Ejecutivo de la Direccion de Prevencion y Control de la Discapacidad de la Direccion General de Intervenciones Estrategicas en Salud Publica,https://epdoc2.elperuano.pe/EpPo/DescargaINDA.asp?Referencias=NDM5VzlXOVc5V0xIWUI5V1RNTEhZQkxIOVdfX0xIUzhMSFZCUzhTOExI,20241031
20241021,2336311-1,TRABAJO Y PROMOCION DEL EMPLEO,RESOLUCION MINISTERIAL,No 166-2024-TR,Disponen la publicacion en la sede digital del Ministerio del proyecto de Decreto Supremo que aprueba medidas para la revision de la informacion contenida en el registro sindical correspondiente a las organizaciones sindicales de construccion civil asi como de su exposicion de motivos,https://epdoc2.elperuano.pe/EpPo/DescargaINDA.asp?Referencias=NDM5VzlXOVc5V0xIWUI5V1RNTEhZQkxIOVdfXzlXOVdTOFZCUzhTOExI,20241031
20241021,2336627-1,AUTORIDAD PORTUARIA NACIONAL,RESOLUCION,No 0077-2024-APN-DIR,Delegan en el/la Gerente/a General hasta el 31 de diciembre de 2026 diversas funciones previstas para el Directorio de la Autoridad Portuaria Nacional - APN como titular de la entidad  y dictan otras disposiciones,https://epdoc2.elperuano.pe/EpPo/DescargaINDA.asp?Referencias=NDM5VzlXOVc5V0xIWUI5V1RNTEhZQkxIOVdfX1dWTEhWQlZCUzhTOExI,20241031
20241021,2336203-1,SUPERINTENDENCIA NACIONAL DE FISCALIZACIoN LABORAL,RESOLUCION,No 223-2024-SUNAFIL,Designan Jefe de la Unidad de Abastecimiento y Control Patrimonial de la Oficina de Administracion de la SUNAFIL,https://epdoc2.elperuano.pe/EpPo/DescargaINDA.asp?Referencias=NDM5VzlXOVc5V0xIWUI5V1RNTEhZQkxIOVdfX1M4WUJMSFZCUzhTOExI,20241031
20241021,2336231-1,SUPERINTENDENCIA NACIONAL DE MIGRACIONES,RESOLUCION,No 000190-2024-MIGRACIONES,Designan Jefe de Oficina de la Oficina de Asesoria Juridica de MIGRACIONES,https://epdoc2.elperuano.pe/EpPo/DescargaINDA.asp?Referencias=NDM5VzlXOVc5V0xIWUI5V1RNTEhZQkxIOVdfXzlXUzhMSFZCUzhTOExI,20241031
20241021,2336454-1,CONTRALORIA GENERAL DE LA REPUBLICA,RESOLUCION,No 629-2024-CG,Dejan sin efecto la Resolucion de Contraloria No 608-2024-CG que encargo al Vicecontralor de Gestion Estrategica Integridad y Control las funciones del cargo de Contralor General de la Republica,https://epdoc2.elperuano.pe/EpPo/DescargaINDA.asp?Referencias=NDM5VzlXOVc5V0xIWUI5V1RNTEhZQkxIOVdfX1RNVU5UTVZCUzhTOExI,20241031
20241021,2335386-1,SUPERINTENDENCIA DE BANCA  SEGUROS Y ADMINISTRADORAS PRIVADAS DE FONDOS DE PENSIONES,RESOLUCION,SBS No 03579-2024,Autorizan viaje de funcionaria para participar en evento a realizarse en el Reino Hachemita de Jordania,https://epdoc2.elperuano.pe/EpPo/DescargaINDA.asp?Referencias=NDM5VzlXOVc5V0xIWUI5V1RNTEhZQkxIOVdfX1ZCWENTOFVOUzhTOExI,20241031
20241021,2335390-1,SUPERINTENDENCIA DE BANCA  SEGUROS Y ADMINISTRADORAS PRIVADAS DE FONDOS DE PENSIONES,RESOLUCION,SBS No 03580-2024,Autorizan viaje de funcionaria para participar en evento a realizarse en el Paraguay,https://epdoc2.elperuano.pe/EpPo/DescargaINDA.asp?Referencias=NDM5VzlXOVc5V0xIWUI5V1RNTEhZQkxIOVdfX1lCWVhTOFVOUzhTOExI,20241031
20241021,2336058-1,SUPERINTENDENCIA DE BANCA  SEGUROS Y ADMINISTRADORAS PRIVADAS DE FONDOS DE PENSIONES,RESOLUCION,SBS No 03646-2024,Modifican la Resolucion SBS No 04273-2023 que aprobo diversas medidas de austeridad racionalidad disciplina en el gasto y de ingresos de personal aplicables en la Superintendencia de Banca Seguros y Administradoras Privadas de Fondos de Pensiones en el ejercicio 2024 y dictan otras disposiciones,https://epdoc2.elperuano.pe/EpPo/DescargaINDA.asp?Referencias=NDM5VzlXOVc5V0xIWUI5V1RNTEhZQkxIOVdfX1hDVU5ZQlZCUzhTOExI,20241031
20241020,2336222-1,PRESIDENCIA DEL CONSEJO DE MINISTROS,RESOLUCION MINISTERIAL,No 280-2024-PCM,Autorizan viaje del Presidente del CEPLAN a Colombia en comision de servicios,https://epdoc2.elperuano.pe/EpPo/DescargaINDA.asp?Referencias=NDNZQllCWUJZQkxIWUI5V1RNTEhZQkxIOVdfX0xITEhMSFZCUzhTOExI,20241031
20241020,2335736-1,CULTURA,RESOLUCION DIRECTORAL,No 000151-2024-DGPA-VMPCIC/MC,Determinan la Proteccion Provisional del Paisaje Arqueologico Muralla Tinajones Sector 1 y Sector 2 ubicados en el distrito de Buenos Aires provincia de Morropon departamento de Piura,https://epdoc2.elperuano.pe/EpPo/DescargaINDA.asp?Referencias=NDNZQllCWUJZQkxIWUI5V1RNTEhZQkxIOVdfX1ZCUzhXVlVOUzhTOExI,20241031
20241020,2335741-1,CULTURA,RESOLUCION DIRECTORAL,No 000150-2024-DGPA-VMPCIC/MC,Determinan la Proteccion Provisional del Sitio Arqueologico Roca ubicado en el distrito de Comas provincia y departamento de Lima,https://epdoc2.elperuano.pe/EpPo/DescargaINDA.asp?Referencias=NDNZQllCWUJZQkxIWUI5V1RNTEhZQkxIOVdfXzlXVE1XVlVOUzhTOExI,20241031
20241020,2336093-1,DEFENSA,RESOLUCION MINISTERIAL,No 01150-2024-DE,Autorizan Transferencia Financiera a favor de la Contraloria General de la Republica,https://epdoc2.elperuano.pe/EpPo/DescargaINDA.asp?Referencias=NDNZQllCWUJZQkxIWUI5V1RNTEhZQkxIOVdfX1M4WVhZQlZCUzhTOExI,20241031
20241020,2336217-1,DEFENSA,RESOLUCION MINISTERIAL,No 01155-2024-DE,Designan Director de Sistema Administrativo I de la Oficina General de Prensa Relaciones Publicas y Protocolo del Ministerio de Defensa,https://epdoc2.elperuano.pe/EpPo/DescargaINDA.asp?Referencias=NDNZQllCWUJZQkxIWUI5V1RNTEhZQkxIOVdfX1dWOVdMSFZCUzhTOExI,20241031
20241020,2336218-1,DEFENSA,RESOLUCION MINISTERIAL,No 01159-2024-DE,Autorizan viaje de personal militar a Colombia en mision de estudios,https://epdoc2.elperuano.pe/EpPo/DescargaINDA.asp?Referencias=NDNZQllCWUJZQkxIWUI5V1RNTEhZQkxIOVdfX1hDOVdMSFZCUzhTOExI,20241031
20241020,2336224-1,DESARROLLO E INCLUSIoN SOCIAL,RESOLUCION MINISTERIAL,No D000158-2024-MIDIS,Designan Asesora del Despacho Ministerial del Ministerio de Desarrollo e Inclusion Social,https://epdoc2.elperuano.pe/EpPo/DescargaINDA.asp?Referencias=NDNZQllCWUJZQkxIWUI5V1RNTEhZQkxIOVdfX1RNTEhMSFZCUzhTOExI,20241031
20241020,2336230-1,ECONOMIA Y FINANZAS,DECRETO SUPREMO,No 193-2024-EF,Decreto Supremo que autoriza Transferencia de Partidas en el Presupuesto del Sector Publico para el Ano Fiscal 2024 a favor de diversos Pliegos del Gobierno Nacional,https://epdoc2.elperuano.pe/EpPo/DescargaINDA.asp?Referencias=NDNZQllCWUJZQkxIWUI5V1RNTEhZQkxIOVdfX1lCUzhMSFZCUzhTOExI,20241031
20241020,2336212-1,ECONOMIA Y FINANZAS,RESOLUCION MINISTERIAL,No 330-2024-EF/50,Resolucion Ministerial que aprueba los indices de distribucion de la regalia minera correspondientes al mes de setiembre del ano 2024,https://epdoc2.elperuano.pe/EpPo/DescargaINDA.asp?Referencias=NDNZQllCWUJZQkxIWUI5V1RNTEhZQkxIOVdfX0xIOVdMSFZCUzhTOExI,20241031
20241020,2336213-1,ECONOMIA Y FINANZAS,RESOLUCION MINISTERIAL,No 331-2024-EF/52,Resolucion Ministerial que aprueba el texto del Reporte Anual bajo el formato 18-k de la Republica del Peru,https://epdoc2.elperuano.pe/EpPo/DescargaINDA.asp?Referencias=NDNZQllCWUJZQkxIWUI5V1RNTEhZQkxIOVdfX1M4OVdMSFZCUzhTOExI,20241031
20241020,2336228-2,ECONOMIA Y FINANZAS,RESOLUCION SUPREMA,No 033-2024-EF,Designan Director del Consejo Directivo de la Caja de Pensiones Militar - Policial en representacion del Ministerio de Economia y Finanzas,https://epdoc2.elperuano.pe/EpPo/DescargaINDA.asp?Referencias=NDNZQllCWUJZQkxIWUI5V1RNTEhZQkxITEhfX1hDTEhMSFZCUzhTOExI,20241031
20241020,2336215-1,EDUCACION,RESOLUCION MINISTERIAL,No 114-2024-MINEDU,Reconforman la Comision Organizadora de la Universidad Nacional Autonoma de Chota,https://epdoc2.elperuano.pe/EpPo/DescargaINDA.asp?Referencias=NDNZQllCWUJZQkxIWUI5V1RNTEhZQkxIOVdfX1VOOVdMSFZCUzhTOExI,20241031
20241020,2336216-1,EDUCACION,RESOLUCION MINISTERIAL,No 115-2024-MINEDU,Constituyen la Comision Organizadora de la Universidad Nacional Fronteriza Autonoma de Yunguyo,https://epdoc2.elperuano.pe/EpPo/DescargaINDA.asp?Referencias=NDNZQllCWUJZQkxIWUI5V1RNTEhZQkxIOVdfX1ZCOVdMSFZCUzhTOExI,20241031
20241020,2336209-1,PRODUCE,RESOLUCION MINISTERIAL,No 00411-2024-PRODUCE,Autorizan el Regimen Especial Temporal para regular la captura incidental de las especies de la familia Mobulidae,https://epdoc2.elperuano.pe/EpPo/DescargaINDA.asp?Referencias=NDNZQllCWUJZQkxIWUI5V1RNTEhZQkxIOVdfX1lYWUJMSFZCUzhTOExI,20241031
20241020,2336210-1,PRODUCE,RESOLUCION MINISTERIAL,No 00412-2024-PRODUCE,Autorizan al Instituto del Mar del Peru - IMARPE la ejecucion de la pesca exploratoria del recurso lorna (Callaus deliciosa),https://epdoc2.elperuano.pe/EpPo/DescargaINDA.asp?Referencias=NDNZQllCWUJZQkxIWUI5V1RNTEhZQkxIOVdfX1lCOVdMSFZCUzhTOExI,20241031
20241020,2336211-1,PRODUCE,RESOLUCION MINISTERIAL,No 00413-2024-PRODUCE,Modifican el numeral 1.1 del articulo 1 y el numeral 5.2 del articulo 5 de la Resolucion Ministerial No 000026-2024-PRODUCE y establecen otras disposiciones,https://epdoc2.elperuano.pe/EpPo/DescargaINDA.asp?Referencias=NDNZQllCWUJZQkxIWUI5V1RNTEhZQkxIOVdfXzlXOVdMSFZCUzhTOExI,20241031
20241020,2336228-1,RELACIONES EXTERIORES,DECRETO SUPREMO,No 046-2024-RE,Decreto Supremo que autoriza al Ministerio de Educacion a efectuar el pago de cuota internacional no contemplada en el Anexo B: Cuotas Internacionales para el Ano Fiscal 2024 de la Ley No 31953 Ley de Presupuesto del Sector Publico para el Ano Fiscal 2024,https://epdoc2.elperuano.pe/EpPo/DescargaINDA.asp?Referencias=NDNZQllCWUJZQkxIWUI5V1RNTEhZQkxIOVdfX1hDTEhMSFZCUzhTOExI,20241031
20241020,2335754-1,RELACIONES EXTERIORES,RESOLUCION MINISTERIAL,No 0793-2024-RE,Autorizan viaje de funcionario diplomatico y Analista Legal de la Direccion General de Tratados a la Republica de Indonesia en comision de servicios,https://epdoc2.elperuano.pe/EpPo/DescargaINDA.asp?Referencias=NDNZQllCWUJZQkxIWUI5V1RNTEhZQkxIOVdfX1RNVU5XVlVOUzhTOExI,20241031
20241020,2335288-1,TRANSPORTES Y COMUNICACIONES,RESOLUCION DIRECTORAL,No 0614-2024-MTC/17.03,Autorizan a la empresa REVISION TECNICA VEHICULAR REVIMOTORS S.A.C. - RTV-REVIMOTORS S.A.C. para operar como Centro de Inspeccion Tecnica Vehicular Fijo en local ubicado en el departamento de Lima,https://epdoc2.elperuano.pe/EpPo/DescargaINDA.asp?Referencias=NDNZQllCWUJZQkxIWUI5V1RNTEhZQkxIOVdfX1hDWENMSFVOUzhTOExI,20241031
20241020,2335744-1,TRANSPORTES Y COMUNICACIONES,RESOLUCION MINISTERIAL,No 604-2024-MTC/01.02,Aprueban ejecucion de expropiacion de area afectada de bien inmueble para la ejecucion de la obra: Aeropuerto de Jauja de la Region Junin y el valor de tasacion,https://epdoc2.elperuano.pe/EpPo/DescargaINDA.asp?Referencias=NDNZQllCWUJZQkxIWUI5V1RNTEhZQkxIOVdfX1RNVE1XVlVOUzhTOExI,20241031
20241020,2335747-1,TRANSPORTES Y COMUNICACIONES,RESOLUCION MINISTERIAL,No 605-2024-MTC/01.03,Otorgan a la empresa IPLEX CONNECT E.I.R.L. la concesion unica para la prestacion de servicios publicos de telecomunicaciones en area que comprende todo el territorio nacional,https://epdoc2.elperuano.pe/EpPo/DescargaINDA.asp?Referencias=NDNZQllCWUJZQkxIWUI5V1RNTEhZQkxIOVdfX1dWVE1XVlVOUzhTOExI,20241031
20241020,2336052-1,TRANSPORTES Y COMUNICACIONES,RESOLUCION MINISTERIAL,No 607-2024-MTC/01.03,Otorgan a la empresa Y & H Telecomunicaciones Service Empresa Individual de Responsabilidad Limitada la concesion unica para la prestacion de servicios publicos de telecomunicaciones en area que comprende todo el territorio nacional,https://epdoc2.elperuano.pe/EpPo/DescargaINDA.asp?Referencias=NDNZQllCWUJZQkxIWUI5V1RNTEhZQkxIOVdfX0xIVU5ZQlZCUzhTOExI,20241031
20241020,2336059-1,TRANSPORTES Y COMUNICACIONES,RESOLUCION MINISTERIAL,No 608-2024-MTC/01.02,Autorizan viaje de inspectores de la Direccion General de Aeronautica Civil a la Republica Argentina en comision de servicios,https://epdoc2.elperuano.pe/EpPo/DescargaINDA.asp?Referencias=NDNZQllCWUJZQkxIWUI5V1RNTEhZQkxIOVdfX1lYVU5ZQlZCUzhTOExI,20241031
20241020,2335752-1,TRANSPORTES Y COMUNICACIONES,RESOLUCION VICE MINISTERIAL,No 0125-2024-MTC/03,Modifican la R.VM. No 205-2004-MTC/03 que aprobo los Planes de Canalizacion y Asignacion de Frecuencias del Servicio de Radiodifusion por Television en UHF para diversas localidades del departamento de Amazonas,https://epdoc2.elperuano.pe/EpPo/DescargaINDA.asp?Referencias=NDNZQllCWUJZQkxIWUI5V1RNTEhZQkxIOVdfX0xIVU5XVlVOUzhTOExI,20241031
20241020,2336226-1,SUPERINTENDENCIA NACIONAL DE SERVICIOS DE SANEAMIENTO,RECTIFICACION,RES. No 00063-2024-SUNASS-CD,.,https://epdoc2.elperuano.pe/EpPo/DescargaINDA.asp?Referencias=NDNZQllCWUJZQkxIWUI5V1RNTEhZQkxIOVdfX1ZCTEhMSFZCUzhTOExI,20241031
20241020,2336221-1,AUTORIDAD NACIONAL DEL SERVICIO CIVIL,RESOLUCION,No 000134-2024-SERVIR-PE,Exceptuan a la Superintendencia Nacional de Aduanas y de Administracion Tributaria del tope de 50 empleados de confianza,https://epdoc2.elperuano.pe/EpPo/DescargaINDA.asp?Referencias=NDNZQllCWUJZQkxIWUI5V1RNTEhZQkxIOVdfXzlXTEhMSFZCUzhTOExI,20241031
20241020,2336223-1,AUTORIDAD NACIONAL DEL SERVICIO CIVIL,RESOLUCION,No 000133 -2024-SERVIR-PE,Aprueban el Cuadro de Puestos de la Entidad de la Superintendencia del Mercado de Valores - SMV,https://epdoc2.elperuano.pe/EpPo/DescargaINDA.asp?Referencias=NDNZQllCWUJZQkxIWUI5V1RNTEhZQkxIOVdfX1M4TEhMSFZCUzhTOExI,20241031
20241020,2336127-1,ORGANISMO TeCNICO DE LA ADMINISTRACIoN DE LOS SERVICIOS DE SANEAMIENTO,ACUERDO,No 017-2024-CONSEJO DIRECTIVO,Acuerdo adoptado sobre designacion de Gerentes de Empresas Prestadoras de Servicios de Agua Potable y Saneamiento - EPS,https://epdoc2.elperuano.pe/EpPo/DescargaINDA.asp?Referencias=NDNZQllCWUJZQkxIWUI5V1RNTEhZQkxIOVdfX1dWTEg5V1ZCUzhTOExI,20241031
20241020,2336214-1,SERVICIO NACIONAL DE CERTIFICACIoN AMBIENTAL PARA LAS INVERSIONES SOSTENIBLES,RESOLUCION,No 00115-2024-SENACE/PE,Modifican el numeral 1.3 del articulo 1 de la Resolucion de Presidencia Ejecutiva No 00001-2024-SENACE/PE y establecen otras disposiciones,https://epdoc2.elperuano.pe/EpPo/DescargaINDA.asp?Referencias=NDNZQllCWUJZQkxIWUI5V1RNTEhZQkxIOVdfX1RNOVdMSFZCUzhTOExI,20241031
20241020,2336198-1,SUPERINTENDENCIA NACIONAL DE ADUANAS Y DE ADMINISTRACIoN TRIBUTARIA,RESOLUCION,No 000207-2024/SUNAT,Modifican la fecha de entrada en vigencia de la Resolucion de Superintendencia No 000149-2024/SUNAT,https://epdoc2.elperuano.pe/EpPo/DescargaINDA.asp?Referencias=NDNZQllCWUJZQkxIWUI5V1RNTEhZQkxIOVdfX1hDWVg5V1ZCUzhTOExI,20241031
20241020,2331196-1,BANCO CENTRAL DE RESERVA,RESOLUCION,No 0040-2024-BCRP-N,Autorizan mision en el exterior de funcionario para participar en eventos a realizarse en EE.UU.,https://epdoc2.elperuano.pe/EpPo/DescargaINDA.asp?Referencias=NDNZQllCWUJZQkxIWUI5V1RNTEhZQkxIOVdfX1ZCWVg5VzlXUzhTOExI,20241031
20241020,2335791-1,OFICINA NACIONAL DE PROCESOS ELECTORALES,RESOLUCION JEFATURAL,No 000177-2024-JN/ONPE,Reglamento del Procedimiento Administrativo Sancionador de la Oficina Nacional de Procesos Electorales,https://epdoc2.elperuano.pe/EpPo/DescargaINDA.asp?Referencias=NDNZQllCWUJZQkxIWUI5V1RNTEhZQkxIOVdfXzlXWVhXVlVOUzhTOExI,20241031
20241020,2335793-1,OFICINA NACIONAL DE PROCESOS ELECTORALES,RESOLUCION JEFATURAL,No 000180-2024-JN/ONPE,Autorizan viaje de Gerente General de la ONPE a Puerto Rico en comision de servicios,https://epdoc2.elperuano.pe/EpPo/DescargaINDA.asp?Referencias=NDNZQllCWUJZQkxIWUI5V1RNTEhZQkxIOVdfX1M4WVhXVlVOUzhTOExI,20241031
20241020,2335735-1,GOBIERNO REGIONAL DEL CALLAO,RESOLUCION,No 000106,Crean el Comite de Promocion de la Inversion Privada del Gobierno Regional del Callao,https://epdoc2.elperuano.pe/EpPo/DescargaINDA.asp?Referencias=NDNZQllCWUJZQkxIWUI5V1RNTEhZQkxIOVdfX1VOUzhXVlVOUzhTOExI,20241031
20241020,2330028-1,GOBIERNO REGIONAL DE PUNO,ORDENANZA,No 015-2024-GRP-CRP,Ordenanza Regional que declara de interes regional la implementacion de proyectos productivos de inversion publica en acuicultura para el desarrollo y promocion de la actividad acuicola en el departamento de Puno,https://epdoc2.elperuano.pe/EpPo/DescargaINDA.asp?Referencias=NDNZQllCWUJZQkxIWUI5V1RNTEhZQkxIOVdfX1hDTEhZQllCUzhTOExI,20241031
20241020,2336084-1,MUNICIPALIDAD METROPOLITANA DE LIMA,ORDENANZA,No 2657,Ordenanza que aprueba la rectificacion del plano de zonificacion del distrito de Pachacamac,https://epdoc2.elperuano.pe/EpPo/DescargaINDA.asp?Referencias=NDNZQllCWUJZQkxIWUI5V1RNTEhZQkxIOVdfX1RNWENZQlZCUzhTOExI,20241031
20241020,2336086-1,MUNICIPALIDAD METROPOLITANA DE LIMA,ORDENANZA,No 2658,Ordenanza que rectifica la Ordenanza No 2638,https://epdoc2.elperuano.pe/EpPo/DescargaINDA.asp?Referencias=NDNZQllCWUJZQkxIWUI5V1RNTEhZQkxIOVdfX1ZCWENZQlZCUzhTOExI,20241031
20241020,2335296-1,MUNICIPALIDAD METROPOLITANA DE LIMA,RESOLUCION,No 041-2024-PE-ICL/MML,Designan funcionario responsable de brindar informacion que se solicite al Instituto Catastral de Lima,https://epdoc2.elperuano.pe/EpPo/DescargaINDA.asp?Referencias=NDNZQllCWUJZQkxIWUI5V1RNTEhZQkxIOVdfX1ZCWVhMSFVOUzhTOExI,20241031
20241020,2335300-1,MUNICIPALIDAD METROPOLITANA DE LIMA,RESOLUCION,No 044-2024-PE-ICL/MML,Dejan sin efecto la Res. No 041-2024-PE-ICL/MML y designan funcionario responsable de brindar informacion que se solicite al Instituto Catastral de Lima,https://epdoc2.elperuano.pe/EpPo/DescargaINDA.asp?Referencias=NDNZQllCWUJZQkxIWUI5V1RNTEhZQkxIOVdfX1lCWUJTOFVOUzhTOExI,20241031
20241020,2330100-1,MUNICIPALIDAD DE PUCUSANA,Ordenanzas,No 364-2024/MDP,Aprueban Ordenanza que promueve el desarrollo de los mercados minoristas y regula su funcionamiento,https://epdoc2.elperuano.pe/EpPo/DescargaINDA.asp?Referencias=NDNZQllCWUJZQkxIWUI5V1RNTEhZQkxIOVdfX1lCWUI5V1lCUzhTOExI,20241031
20241020,2335755-1,MUNICIPALIDAD DE SANTA ANITA,ORDENANZA,No 00359/MDSA,Ordenanza que prorroga para el ejercicio fiscal 2025 la vigencia de los montos del Derecho de Emision Mecanizada de actualizacion de valores determinacion y distribucion a domicilio de la Declaracion Jurada de Autoavaluo y liquidacion del Impuesto Predial y Arbitrios Municipales fijados mediante Ordenanza No 346/MDSA,https://epdoc2.elperuano.pe/EpPo/DescargaINDA.asp?Referencias=NDNZQllCWUJZQkxIWUI5V1RNTEhZQkxIOVdfX1VOVU5XVlVOUzhTOExI,20241031
20241020,2334295-1,MUNICIPALIDAD DE SANTA ROSA,DECRETO DE ALCALDIA,No 008-2024/MDSR,Aprueban el Programa de Segregacion en la Fuente y Recoleccion Selectiva de Residuos Solidos denominado Programa Recicla Santa Rosa 2024-2028,https://epdoc2.elperuano.pe/EpPo/DescargaINDA.asp?Referencias=NDNZQllCWUJZQkxIWUI5V1RNTEhZQkxIOVdfX1VOWVhMSFRNUzhTOExI,20241031
20241020,2335734-1,MUNICIPALIDAD PROVINCIAL DEL CALLAO,DECRETO DE ALCALDIA,No 019-2024-ALC/MPC,Aprueban el Reglamento Interno del Centro de Capacitacion de Serenos de la Municipalidad Provincial del Callao,https://epdoc2.elperuano.pe/EpPo/DescargaINDA.asp?Referencias=NDNZQllCWUJZQkxIWUI5V1RNTEhZQkxIOVdfX1RNUzhXVlVOUzhTOExI,20241031
20241019,2336227-1,CONGRESO DE LA REPUBLICA,LEY,No 32138,Ley que modifica la Ley 30077 Ley contra el Crimen Organizado modificada por la Ley 32108,https://epdoc2.elperuano.pe/EpPo/DescargaINDA.asp?Referencias=NDNZWFlYWVhZWDlXWUI5V1RNTEhZQkxIOVdfX1dWTEhMSFZCUzhTOExI,20241031
20241019,2336206-5,PRESIDENCIA DEL CONSEJO DE MINISTROS,RESOLUCION SUPREMA,No 217-2024-PCM,Modifican la R.S. No 211-2024-PCM,https://epdoc2.elperuano.pe/EpPo/DescargaINDA.asp?Referencias=NDNZWFlYWVhZWDlXWUI5V1RNTEhZQkxIVU5fX1ZCWUJMSFZCUzhTOExI,20241031
20241019,2336206-6,PRESIDENCIA DEL CONSEJO DE MINISTROS,RESOLUCION SUPREMA,No 218-2024-PCM,Autorizan viaje del Ministro del Ambiente a Colombia y encargan su Despacho al Ministro de Vivienda Construccion y Saneamiento,https://epdoc2.elperuano.pe/EpPo/DescargaINDA.asp?Referencias=NDNZWFlYWVhZWDlXWUI5V1RNTEhZQkxIVkJfX1ZCWUJMSFZCUzhTOExI,20241031
20241019,2336206-7,PRESIDENCIA DEL CONSEJO DE MINISTROS,RESOLUCION SUPREMA,No 219-2024-PCM,Dan por concluido el encargo de funciones de Jefe del Instituto Nacional de Estadistica e Informatica - INEI,https://epdoc2.elperuano.pe/EpPo/DescargaINDA.asp?Referencias=NDNZWFlYWVhZWDlXWUI5V1RNTEhZQkxIV1ZfX1ZCWUJMSFZCUzhTOExI,20241031
20241019,2336206-8,PRESIDENCIA DEL CONSEJO DE MINISTROS,RESOLUCION SUPREMA,No 220-2024-PCM,Designan Jefe del Instituto Nacional de Estadistica e Informatica - INEI,https://epdoc2.elperuano.pe/EpPo/DescargaINDA.asp?Referencias=NDNZWFlYWVhZWDlXWUI5V1RNTEhZQkxIWENfX1ZCWUJMSFZCUzhTOExI,20241031
20241019,2335413-1,COMERCIO EXTERIOR Y TURISMO,RESOLUCION MINISTERIAL,No 309-2024-MINCETUR,Autorizan viaje de funcionario para participar en evento a realizarse en Francia,https://epdoc2.elperuano.pe/EpPo/DescargaINDA.asp?Referencias=NDNZWFlYWVhZWDlXWUI5V1RNTEhZQkxIOVdfX1M4OVdUTVVOUzhTOExI,20241031
20241019,2335706-1,COMERCIO EXTERIOR Y TURISMO,RESOLUCION MINISTERIAL,No 312-2024-MINCETUR,Designan Asesor I del Gabinete de Asesores del Despacho Ministerial,https://epdoc2.elperuano.pe/EpPo/DescargaINDA.asp?Referencias=NDNZWFlYWVhZWDlXWUI5V1RNTEhZQkxIOVdfX1ZCWUJXVlVOUzhTOExI,20241031
20241019,2335789-1,COMERCIO EXTERIOR Y TURISMO,RESOLUCION MINISTERIAL,No 317-2024-MINCETUR,Autorizan viaje de funcionaria para participar en eventos a realizarse en la ciudad de Willemstad Pais de Curazao,https://epdoc2.elperuano.pe/EpPo/DescargaINDA.asp?Referencias=NDNZWFlYWVhZWDlXWUI5V1RNTEhZQkxIOVdfX1lYWENXVlVOUzhTOExI,20241031
20241019,2335510-1,CULTURA,RESOLUCION DIRECTORAL,No 000149-2024-DGPA-VMPCIC/MC,Determinan la Proteccion Provisional del Sitio Arqueologico Cerro Colorado-I ubicado en los distritos de Sana y Tuman provincia de Chiclayo departamento de Lambayeque,https://epdoc2.elperuano.pe/EpPo/DescargaINDA.asp?Referencias=NDNZWFlYWVhZWDlXWUI5V1RNTEhZQkxIOVdfX1lCOVdVTlVOUzhTOExI,20241031
20241019,2335672-1,CULTURA,RESOLUCION DIRECTORAL,No 000152-2024-DGPA-VMPCIC/MC,Determinan la Proteccion Provisional del Sitio Arqueologico Juan Velasco Alvarado 4 ubicado en el distrito de Buenos Aires Provincia de Morropon Departamento de Piura,https://epdoc2.elperuano.pe/EpPo/DescargaINDA.asp?Referencias=NDNZWFlYWVhZWDlXWUI5V1RNTEhZQkxIOVdfX0xIV1ZWQlVOUzhTOExI,20241031
20241019,2336096-1,DEFENSA,RESOLUCION MINISTERIAL,No 01148-2024-DE,Autorizan viaje de personal naval a Colombia en mision de estudios,https://epdoc2.elperuano.pe/EpPo/DescargaINDA.asp?Referencias=NDNZWFlYWVhZWDlXWUI5V1RNTEhZQkxIOVdfX1ZCWVhZQlZCUzhTOExI,20241031
20241019,2336105-1,DEFENSA,RESOLUCION MINISTERIAL,No 01147-2024-DE,Autorizan viaje de personal militar FAP a Colombia en comision de servicios,https://epdoc2.elperuano.pe/EpPo/DescargaINDA.asp?Referencias=NDNZWFlYWVhZWDlXWUI5V1RNTEhZQkxIOVdfX1VOWUI5V1ZCUzhTOExI,20241031
20241019,2336110-1,DEFENSA,RESOLUCION MINISTERIAL,No 01145-2024-DE,Autorizan viaje de personal de la Marina de Guerra del Peru a Mexico en comision de servicios,https://epdoc2.elperuano.pe/EpPo/DescargaINDA.asp?Referencias=NDNZWFlYWVhZWDlXWUI5V1RNTEhZQkxIOVdfX1lCOVc5V1ZCUzhTOExI,20241031
20241019,2336114-1,DEFENSA,RESOLUCION MINISTERIAL,No 01144-2024-DE,Autorizan viaje de Director General del Centro de Altos Estudios Nacionales - Escuela de Posgrado y de Jefe de la Oficina de Relaciones Interinstitucionales y Cooperacion Internacional del CAEN-EPG a Mexico en comision de servicios,https://epdoc2.elperuano.pe/EpPo/DescargaINDA.asp?Referencias=NDNZWFlYWVhZWDlXWUI5V1RNTEhZQkxIOVdfX1RNOVc5V1ZCUzhTOExI,20241031
20241019,2336113-1,DESARROLLO E INCLUSIoN SOCIAL,RESOLUCION,No D000627-2024-MIDIS/PNAEQW-DE,Designan Jefe de la Unidad de Planeamiento Presupuesto y Modernizacion del Programa Nacional de Alimentacion Escolar Qali Warma,https://epdoc2.elperuano.pe/EpPo/DescargaINDA.asp?Referencias=NDNZWFlYWVhZWDlXWUI5V1RNTEhZQkxIOVdfX1M4OVc5V1ZCUzhTOExI,20241031
20241019,2336206-1,ECONOMIA Y FINANZAS,DECRETO SUPREMO,No 189-2024-EF,Decreto Supremo que modifica el Decreto Supremo No 104-95-EF que aprueba el Reglamento de Procedimiento de Restitucion Simplificado de Derechos Arancelarios,https://epdoc2.elperuano.pe/EpPo/DescargaINDA.asp?Referencias=NDNZWFlYWVhZWDlXWUI5V1RNTEhZQkxIOVdfX1ZCWUJMSFZCUzhTOExI,20241031
20241019,2336206-2,ECONOMIA Y FINANZAS,DECRETO SUPREMO,No 190-2024-EF,Decreto Supremo que aprueba la formalizacion de los Creditos Suplementarios del Segundo Trimestre del Ano Fiscal 2024 en el presupuesto consolidado de las empresas y organismos publicos de los gobiernos regionales y gobiernos locales,https://epdoc2.elperuano.pe/EpPo/DescargaINDA.asp?Referencias=NDNZWFlYWVhZWDlXWUI5V1RNTEhZQkxITEhfX1ZCWUJMSFZCUzhTOExI,20241031
20241019,2336227-2,ECONOMIA Y FINANZAS,DECRETO SUPREMO,No 191-2024-EF,Decreto Supremo que autoriza transferencia de partidas en el presupuesto del Sector Publico para el Ano Fiscal 2024 a favor del pliego Gobierno Regional del departamento de Moquegua,https://epdoc2.elperuano.pe/EpPo/DescargaINDA.asp?Referencias=NDNZWFlYWVhZWDlXWUI5V1RNTEhZQkxITEhfX1dWTEhMSFZCUzhTOExI,20241031
20241019,2336227-3,ECONOMIA Y FINANZAS,DECRETO SUPREMO,No 192-2024-EF,Decreto Supremo que autoriza transferencia de partidas en el presupuesto del Sector Publico para el Ano Fiscal 2024 a favor del Instituto Nacional de Salud del Instituto Nacional de Enfermedades Neoplasicas y de diversos Gobiernos Regionales,https://epdoc2.elperuano.pe/EpPo/DescargaINDA.asp?Referencias=NDNZWFlYWVhZWDlXWUI5V1RNTEhZQkxIUzhfX1dWTEhMSFZCUzhTOExI,20241031
20241019,2336206-9,ECONOMIA Y FINANZAS,RESOLUCION SUPREMA,No 032-2024-EF,Resolucion Suprema que modifica la conformacion de la Comision Consultiva para el Desarrollo de la Infraestructura Nacional,https://epdoc2.elperuano.pe/EpPo/DescargaINDA.asp?Referencias=NDNZWFlYWVhZWDlXWUI5V1RNTEhZQkxIWVhfX1ZCWUJMSFZCUzhTOExI,20241031
20241019,2334680-1,ENERGIA Y MINAS,RESOLUCION MINISTERIAL,No 403-2024-MINEM/DM,Otorgan autorizacion a favor de la empresa LIMA AIRPORT PARTNERS S.R.L. para desarrollar la actividad de generacion de energia electrica en las instalaciones de la Planta de Generacion Electrica de Emergencia del Nuevo Aeropuerto Internacional Jorge Chavez,https://epdoc2.elperuano.pe/EpPo/DescargaINDA.asp?Referencias=NDNZWFlYWVhZWDlXWUI5V1RNTEhZQkxIOVdfX1lCWENWQlRNUzhTOExI,20241031
20241019,2335804-1,INTERIOR,RESOLUCION MINISTERIAL,No 1287-2024-IN,Autorizan viaje de personal policial a Colombia en comision de servicios,https://epdoc2.elperuano.pe/EpPo/DescargaINDA.asp?Referencias=NDNZWFlYWVhZWDlXWUI5V1RNTEhZQkxIOVdfX1RNWUJYQ1VOUzhTOExI,20241031
20241019,2336225-1,INTERIOR,RESOLUCION MINISTERIAL,No 1297-2024-IN,Autorizan viaje de personal policial a Colombia en mision de estudios,https://epdoc2.elperuano.pe/EpPo/DescargaINDA.asp?Referencias=NDNZWFlYWVhZWDlXWUI5V1RNTEhZQkxIOVdfX1VOTEhMSFZCUzhTOExI,20241031
20241019,2336229-1,INTERIOR,RESOLUCION SUPREMA,No 141-2024-IN,Reasignan en el cargo a Oficiales Generales de la Policia Nacional del Peru,https://epdoc2.elperuano.pe/EpPo/DescargaINDA.asp?Referencias=NDNZWFlYWVhZWDlXWUI5V1RNTEhZQkxIOVdfX1lYTEhMSFZCUzhTOExI,20241031
20241019,2336202-1,JUSTICIA Y DERECHOS HUMANOS,RESOLUCION MINISTERIAL,No 0266-2024-JUS,Modifican la Resolucion Ministerial No 0265-2024-JUS,https://epdoc2.elperuano.pe/EpPo/DescargaINDA.asp?Referencias=NDNZWFlYWVhZWDlXWUI5V1RNTEhZQkxIOVdfX0xIWUJMSFZCUzhTOExI,20241031
20241019,2336205-1,JUSTICIA Y DERECHOS HUMANOS,RESOLUCION MINISTERIAL,No 0267-2024-JUS,Autorizan viaje de Coordinadora Ejecutiva de la Unidad Funcional Encargada de Implementar y Ejecutar disposiciones de la Ley No 30737 a los EE.UU. en comision de servicios,https://epdoc2.elperuano.pe/EpPo/DescargaINDA.asp?Referencias=NDNZWFlYWVhZWDlXWUI5V1RNTEhZQkxIOVdfX1VOWUJMSFZCUzhTOExI,20241031
20241019,2336195-1,MUJER Y POBLACIONES VULNERABLES,RESOLUCION MINISTERIAL,No 324-2024-MIMP,Designan Coordinador de la Sub Unidad de Potencial Humano de la Unidad de Administracion (hoy Unidad de Recursos Humanos) del Programa Integral Nacional para el Bienestar Familiar - INABIF,https://epdoc2.elperuano.pe/EpPo/DescargaINDA.asp?Referencias=NDNZWFlYWVhZWDlXWUI5V1RNTEhZQkxIOVdfX1VOWVg5V1ZCUzhTOExI,20241031
20241019,2336196-1,MUJER Y POBLACIONES VULNERABLES,RESOLUCION MINISTERIAL,No 325-2024-MIMP,Aprueban el Padron de Beneficiarios de la Subvencion Economica por Acogimiento Familiar (PB-SEAF) correspondiente al mes de septiembre de 2024 y el monto total por concepto de subvencion economica,https://epdoc2.elperuano.pe/EpPo/DescargaINDA.asp?Referencias=NDNZWFlYWVhZWDlXWUI5V1RNTEhZQkxIOVdfX1ZCWVg5V1ZCUzhTOExI,20241031
20241019,2336219-1,MUJER Y POBLACIONES VULNERABLES,RESOLUCION MINISTERIAL,No 327-2024-MIMP,Autorizan viaje de profesional del Ministerio a la Republica de El Salvador en comision de servicios,https://epdoc2.elperuano.pe/EpPo/DescargaINDA.asp?Referencias=NDNZWFlYWVhZWDlXWUI5V1RNTEhZQkxIOVdfX1lYOVdMSFZCUzhTOExI,20241031
20241019,2336206-4,PRODUCE,DECRETO SUPREMO,No 015-2024-PRODUCE,Decreto Supremo que modifica el articulo 10 del Reglamento de la Ley General de Acuicultura aprobado por Decreto Supremo No 003-2016-PRODUCE,https://epdoc2.elperuano.pe/EpPo/DescargaINDA.asp?Referencias=NDNZWFlYWVhZWDlXWUI5V1RNTEhZQkxIVE1fX1ZCWUJMSFZCUzhTOExI,20241031
20241019,2335787-1,PRODUCE,RESOLUCION,No 002-2024-IMARPE/PE,Autorizan transferencia financiera a favor de la Contraloria General de la Republica con cargo al Presupuesto Institucional del Instituto del Mar del Peru - IMARPE,https://epdoc2.elperuano.pe/EpPo/DescargaINDA.asp?Referencias=NDNZWFlYWVhZWDlXWUI5V1RNTEhZQkxIOVdfX1dWWENXVlVOUzhTOExI,20241031
20241019,2335338-1,RELACIONES EXTERIORES,RESOLUCION MINISTERIAL,No 0789-2024-RE,Aceptan renuncia de Asesora en el Despacho Ministerial,https://epdoc2.elperuano.pe/EpPo/DescargaINDA.asp?Referencias=NDNZWFlYWVhZWDlXWUI5V1RNTEhZQkxIOVdfX1hDUzhTOFVOUzhTOExI,20241031
20241019,2335339-1,RELACIONES EXTERIORES,RESOLUCION MINISTERIAL,No 0791-2024-RE,Autorizan viajes de funcionarios diplomaticos y asistente a Colombia en comision de servicios,https://epdoc2.elperuano.pe/EpPo/DescargaINDA.asp?Referencias=NDNZWFlYWVhZWDlXWUI5V1RNTEhZQkxIOVdfX1lYUzhTOFVOUzhTOExI,20241031
20241019,2336206-3,SALUD,DECRETO SUPREMO,No 019-2024-SA,Decreto Supremo que aprueba el Reglamento de la Ley No 30885 Ley que establece la conformacion y el funcionamiento de las Redes Integradas de Salud - RIS,https://epdoc2.elperuano.pe/EpPo/DescargaINDA.asp?Referencias=NDNZWFlYWVhZWDlXWUI5V1RNTEhZQkxIUzhfX1ZCWUJMSFZCUzhTOExI,20241031
20241019,2335869-1,SALUD,RESOLUCION,No 077-2024-PRONIS-CG,Designan Asesora de la Coordinacion General del Programa Nacional de Inversiones en Salud,https://epdoc2.elperuano.pe/EpPo/DescargaINDA.asp?Referencias=NDNZWFlYWVhZWDlXWUI5V1RNTEhZQkxIOVdfX1lYVkJYQ1VOUzhTOExI,20241031
20241019,2336098-1,SALUD,RESOLUCION MINISTERIAL,No 709-2024/MINSA,Autorizan viaje de profesionales de la Direccion General de Medicamentos Insumos y Drogas a Colombia en comision de servicios,https://epdoc2.elperuano.pe/EpPo/DescargaINDA.asp?Referencias=NDNZWFlYWVhZWDlXWUI5V1RNTEhZQkxIOVdfX1hDWVhZQlZCUzhTOExI,20241031
20241019,2336100-1,SALUD,RESOLUCION MINISTERIAL,No 710-2024/MINSA,Dan por finalizada la alerta roja en establecimientos de salud y en la oferta movil complementaria instalada a nivel nacional ante los efectos del COVID-19 declarada por R.M. No 225-2020-MINSA y derogan la R.M. No 309-2020-MINSA,https://epdoc2.elperuano.pe/EpPo/DescargaINDA.asp?Referencias=NDNZWFlYWVhZWDlXWUI5V1RNTEhZQkxIOVdfX1lCWUI5V1ZCUzhTOExI,20241031
20241019,2336206-10,TRABAJO Y PROMOCION DEL EMPLEO,RESOLUCION SUPREMA,No 015-2024-TR,Designan miembro del Consejo Directivo de la Superintendencia Nacional de Fiscalizacion Laboral - SUNAFIL en representacion de la SUNAT,https://epdoc2.elperuano.pe/EpPo/DescargaINDA.asp?Referencias=NjNZWFlYWVg5V1lCOVdUTUxIWUJMSFlCOVdfX1ZCWUJMSFZCUzhTOExI,20241031
20241019,2335379-1,TRANSPORTES Y COMUNICACIONES,RESOLUCION MINISTERIAL,No 599-2024-MTC/01.03,Otorgan a la empresa LLAQTA TELECOM PERU S.A.C. Concesion unica para la prestacion de servicios publicos de telecomunicaciones en area que comprende todo el territorio de la Republica,https://epdoc2.elperuano.pe/EpPo/DescargaINDA.asp?Referencias=NDNZWFlYWVhZWDlXWUI5V1RNTEhZQkxIOVdfX1lYV1ZTOFVOUzhTOExI,20241031
20241019,2335410-1,TRANSPORTES Y COMUNICACIONES,RESOLUCION MINISTERIAL,No 600-2024-MTC/01.02,Aprueban ejecucion de Expropiacion de inmueble afectado por la ejecucion del proyecto: Construccion del anillo vial periferico de la ciudad de Lima y Callao y el valor de tasacion,https://epdoc2.elperuano.pe/EpPo/DescargaINDA.asp?Referencias=NDNZWFlYWVhZWDlXWUI5V1RNTEhZQkxIOVdfX1lCOVdUTVVOUzhTOExI,20241031
20241019,2335417-1,TRANSPORTES Y COMUNICACIONES,RESOLUCION MINISTERIAL,No 603-2024-MTC/01.03,Otorgan a la empresa FIBRACOM NETWORK E.I.R.L. Concesion unica para la prestacion de servicios publicos de telecomunicaciones en area que comprende todo el territorio de la Republica,https://epdoc2.elperuano.pe/EpPo/DescargaINDA.asp?Referencias=NDNZWFlYWVhZWDlXWUI5V1RNTEhZQkxIOVdfX1dWOVdUTVVOUzhTOExI,20241031
20241019,2336138-1,SEGURO INTEGRAL DE SALUD,RESOLUCION,No 000146-2024-SIS/J,Aprueban Transferencia Financiera del SIS a favor de diversas unidades ejecutoras,https://epdoc2.elperuano.pe/EpPo/DescargaINDA.asp?Referencias=NDNZWFlYWVhZWDlXWUI5V1RNTEhZQkxIOVdfX1hDUzg5V1ZCUzhTOExI,20241031
20241019,2336001-1,SEGURO INTEGRAL DE SALUD,RESOLUCION JEFATURAL,No 000144-2024-SIS/J,Designan Gerente Macro Regional de la Gerencia Macro Regional Sur del Seguro Integral de Salud,https://epdoc2.elperuano.pe/EpPo/DescargaINDA.asp?Referencias=NDNZWFlYWVhZWDlXWUI5V1RNTEhZQkxIOVdfXzlXWUJZQlZCUzhTOExI,20241031
20241019,2336134-1,SEGURO INTEGRAL DE SALUD,RESOLUCION JEFATURAL,No 000145-2024-SIS/J,Derogan la Resolucion Jefatural No 190-2014/SIS que aprobo la Directiva Administrativa No 001-2014-GNF-V.01,https://epdoc2.elperuano.pe/EpPo/DescargaINDA.asp?Referencias=NDNZWFlYWVhZWDlXWUI5V1RNTEhZQkxIOVdfX1RNUzg5V1ZCUzhTOExI,20241031
20241019,2336141-1,SEGURO INTEGRAL DE SALUD,RESOLUCION JEFATURAL,No 000147-2024-SIS/J,Aprueban transferencia financiera del SIS a favor de diversas unidades ejecutoras,https://epdoc2.elperuano.pe/EpPo/DescargaINDA.asp?Referencias=NDNZWFlYWVhZWDlXWUI5V1RNTEhZQkxIOVdfXzlXVE05V1ZCUzhTOExI,20241031
20241019,2336075-1,ORGANISMO SUPERVISOR DE LA INVERSIoN EN ENERGiA Y MINERiA,FE DE ERRATA,Res. No 173-2024-OS/CD,FE DE ERRATA,https://epdoc2.elperuano.pe/EpPo/DescargaINDA.asp?Referencias=NDNZWFlYWVhZWDlXWUI5V1RNTEhZQkxIOVdfX1VOV1ZZQlZCUzhTOExI,20241031
20241019,2335459-1,SUPERINTENDENCIA NACIONAL DE SERVICIOS DE SANEAMIENTO,RESOLUCION,No 00206-2024-SUNASS-GG,Aprueban la cuarta modificacion del Manual del Clasificador de Cargos de la Superintendencia Nacional de Servicios de Saneamiento,https://epdoc2.elperuano.pe/EpPo/DescargaINDA.asp?Referencias=NDNZWFlYWVhZWDlXWUI5V1RNTEhZQkxIOVdfX1lYVU5UTVVOUzhTOExI,20241031
20241019,2335534-1,INSTITUTO GEOLoGICO MINERO Y METALuRGICO,RESOLUCION,No 0130-2024-INGEMMET/PE,Aprueban modificacion del Manual de Clasificador de Cargos del Instituto Geologico Minero y Metalurgico - INGEMMET,https://epdoc2.elperuano.pe/EpPo/DescargaINDA.asp?Referencias=NDNZWFlYWVhZWDlXWUI5V1RNTEhZQkxIOVdfX1RNUzhVTlVOUzhTOExI,20241031
20241019,2336119-1,SUPERINTENDENCIA NACIONAL DE FISCALIZACIoN LABORAL,RESOLUCION,No 222-2024-SUNAFIL,Designan Asesor I de la Gerencia General de la Superintendencia Nacional de Fiscalizacion Laboral - SUNAFIL,https://epdoc2.elperuano.pe/EpPo/DescargaINDA.asp?Referencias=NDNZWFlYWVhZWDlXWUI5V1RNTEhZQkxIOVdfX1lYOVc5V1ZCUzhTOExI,20241031
20241019,2335941-1,SUPERINTENDENCIA NACIONAL DE SALUD,RESOLUCION,No 209-2024-SUSALUD/S,Aprueban el Reglamento de Auditoria Externa de las Instituciones Administradoras de Fondos de Aseguramiento Universal en Salud (IAFAS) Privadas y Mixtas,https://epdoc2.elperuano.pe/EpPo/DescargaINDA.asp?Referencias=NDNZWFlYWVhZWDlXWUI5V1RNTEhZQkxIOVdfXzlXVE1ZWFVOUzhTOExI,20241031
20241019,2336200-1,CONTRALORIA GENERAL DE LA REPUBLICA,RESOLUCION,No 620-2024-CG,Designan Jefe del organo de Control Institucional del Jurado Nacional de Elecciones - JNE,https://epdoc2.elperuano.pe/EpPo/DescargaINDA.asp?Referencias=NDNZWFlYWVhZWDlXWUI5V1RNTEhZQkxIOVdfX1lCWUJMSFZCUzhTOExI,20241031
20241019,2336204-1,CONTRALORIA GENERAL DE LA REPUBLICA,RESOLUCION,No 622-2024-CG,Designan Jefe del organo de Control Institucional del Gobierno Regional del Callao,https://epdoc2.elperuano.pe/EpPo/DescargaINDA.asp?Referencias=NDNZWFlYWVhZWDlXWUI5V1RNTEhZQkxIOVdfX1RNWUJMSFZCUzhTOExI,20241031
20241019,2336220-1,CONTRALORIA GENERAL DE LA REPUBLICA,RESOLUCION,No 621-2024-CG,Designan Jefe del organo de Control Institucional de la Municipalidad Provincial del Callao,https://epdoc2.elperuano.pe/EpPo/DescargaINDA.asp?Referencias=NDNZWFlYWVhZWDlXWUI5V1RNTEhZQkxIOVdfX1lCTEhMSFZCUzhTOExI,20241031
20241019,2335521-1,INSTITUCIONES EDUCATIVAS,RESOLUCION,No 012389-2024-R/UNMSM,Ratifican resolucion y autorizan viaje de docente de la Universidad Nacional Mayor de San Marcos a Chile en comision de servicios,https://epdoc2.elperuano.pe/EpPo/DescargaINDA.asp?Referencias=NDNZWFlYWVhZWDlXWUI5V1RNTEhZQkxIOVdfXzlXTEhVTlVOUzhTOExI,20241031
20241019,2336077-1,MINISTERIO PUBLICO,RESOLUCION,No 2294-2024-MP-FN,Nombran fiscal adjunto provincial provisional transitorio del distrito Fiscal de Lima Este,https://epdoc2.elperuano.pe/EpPo/DescargaINDA.asp?Referencias=NDNZWFlYWVhZWDlXWUI5V1RNTEhZQkxIOVdfX1dWV1ZZQlZCUzhTOExI,20241031
20241019,2336077-2,MINISTERIO PUBLICO,RESOLUCION,No 2295-2024-MP-FN,Nombran fiscal adjunto provincial provisional del Distrito Fiscal de Lambayeque,https://epdoc2.elperuano.pe/EpPo/DescargaINDA.asp?Referencias=NDNZWFlYWVhZWDlXWUI5V1RNTEhZQkxITEhfX1dWV1ZZQlZCUzhTOExI,20241031
20241019,2335987-1,REGISTRO NACIONAL DE IDENTIFICACION Y ESTADO CIVIL,RESOLUCION JEFATURAL,No 000161-2024/JNAC/RENIEC,Autorizan hasta el 31 de diciembre de 2024 la gratuidad de tramites Documento Nacional de Identidad electronico para servidores del Registro Nacional de Identificacion y Estado Civil - RENIEC (DNIe emitidos por primera vez),https://epdoc2.elperuano.pe/EpPo/DescargaINDA.asp?Referencias=NDNZWFlYWVhZWDlXWUI5V1RNTEhZQkxIOVdfX1dWWENZWFVOUzhTOExI,20241031
20241019,2330303-1,MUNICIPALIDAD DE SAN BARTOLO,Ordenanzas,No 361-2024/MDSB,Ordenanza que aprueba el regimen tributario de los arbitrios: recoleccion de residuos solidos barridos de calles y vias publicas parques y jardines publicos y serenazgo para el ano 2025,https://epdoc2.elperuano.pe/EpPo/DescargaINDA.asp?Referencias=NDNZWFlYWVhZWDlXWUI5V1RNTEhZQkxIOVdfX1M4WUJTOFlCUzhTOExI,20241031
20241019,2333255-1,MUNICIPALIDAD DE SAN JUAN DE MIRAFLORES,ORDENANZA,No 527/MDSJM,Regulan el plastico de un solo uso y los recipientes o envases descartables,https://epdoc2.elperuano.pe/EpPo/DescargaINDA.asp?Referencias=NDNZWFlYWVhZWDlXWUI5V1RNTEhZQkxIOVdfX1VOVU5MSFM4UzhTOExI,20241031
20241019,2334795-1,MUNICIPALIDAD DE VILLA MARIA DEL TRIUNFO,Ordenanzas,No 376 - MDVMT,Ordenanza que prohibe el ingreso de flores naturales al Cementerio Municipal Virgen de Lourdes en el distrito de Villa Maria del Triunfo,https://epdoc2.elperuano.pe/EpPo/DescargaINDA.asp?Referencias=NDNZWFlYWVhZWDlXWUI5V1RNTEhZQkxIOVdfX1VOWVhXVlRNUzhTOExI,20241031
20241019,2333841-1,MUNICIPALIDAD DE PACHACAMAC,DECRETO DE ALCALDIA,No 014-2024-MDP/A,Aprueban el reglamento de la Ordenanza No344-2024-MDP/C que regula el otorgamiento de constancia de posesion visacion de planos y memoria descriptiva para la dotacion de servicios basicos a los pobladores que formen parte de proyectos de factibilidad de servicios aprobados por parte del estado o de las empresas prestadoras de servicios basicos,https://epdoc2.elperuano.pe/EpPo/DescargaINDA.asp?Referencias=NDNZWFlYWVhZWDlXWUI5V1RNTEhZQkxIOVdfXzlXVE1YQ1M4UzhTOExI,20241031
20241019,2331299-1,MUNICIPALIDAD DISTRITAL DE CATACAOS,ACUERDO,No 045-2024-MDC,Autorizan viaje de regidores para participar en evento a realizarse en Ecuador,https://epdoc2.elperuano.pe/EpPo/DescargaINDA.asp?Referencias=NDNZWFlYWVhZWDlXWUI5V1RNTEhZQkxIOVdfX1lYWVhMSDlXUzhTOExI,20241031
20241018,2334711-1,COMERCIO EXTERIOR Y TURISMO,RESOLUCION MINISTERIAL,No 307-2024-MINCETUR,Autorizan viaje de representante de PROMPERu para participar en evento a realizarse en Japon,https://epdoc2.elperuano.pe/EpPo/DescargaINDA.asp?Referencias=NDNYQ1hDWENYQzlXWUI5V1RNTEhZQkxIOVdfXzlXOVdXVlRNUzhTOExI,20241031
20241018,2334716-1,COMERCIO EXTERIOR Y TURISMO,RESOLUCION MINISTERIAL,No 308-2024-MINCETUR,Autorizan viaje de representante de PROMPERu para participar en eventos a realizarse en Chile,https://epdoc2.elperuano.pe/EpPo/DescargaINDA.asp?Referencias=NDNYQ1hDWENYQzlXWUI5V1RNTEhZQkxIOVdfX1ZCOVdXVlRNUzhTOExI,20241031
20241018,2335697-1,COMERCIO EXTERIOR Y TURISMO,RESOLUCION MINISTERIAL,No 310-2024-MINCETUR,Modifican la R.M. No 399-2023-MINCETUR que delega en funcionarios del MINCETUR diversas facultades durante el Ejercicio Fiscal 2024,https://epdoc2.elperuano.pe/EpPo/DescargaINDA.asp?Referencias=NDNYQ1hDWENYQzlXWUI5V1RNTEhZQkxIOVdfX1dWWVhWQlVOUzhTOExI,20241031
20241018,2335655-1,CULTURA,RESOLUCION MINISTERIAL,No 000387-2024-MC,Designan Asesor ll del Despacho Viceministerial de Interculturalidad,https://epdoc2.elperuano.pe/EpPo/DescargaINDA.asp?Referencias=NDNYQ1hDWENYQzlXWUI5V1RNTEhZQkxIOVdfX1VOVU5WQlVOUzhTOExI,20241031
20241018,2335665-1,CULTURA,RESOLUCION MINISTERIAL,No 000388-2024-MC,Designan Director de Programa Sectorial III de la Direccion de Diversidad Cultural y Eliminacion de la Discriminacion Racial,https://epdoc2.elperuano.pe/EpPo/DescargaINDA.asp?Referencias=NDNYQ1hDWENYQzlXWUI5V1RNTEhZQkxIOVdfX1VOVkJWQlVOUzhTOExI,20241031
20241018,2335405-1,ECONOMIA Y FINANZAS,RESOLUCION MINISTERIAL,No 325-2024-EF/43,Autorizan viajes de Director y Consultora de la Direccion General de Mercados Financieros y Previsional Privado a la Republica Francesa en comision de servicios,https://epdoc2.elperuano.pe/EpPo/DescargaINDA.asp?Referencias=NDNYQ1hDWENYQzlXWUI5V1RNTEhZQkxIOVdfX1VOWUJUTVVOUzhTOExI,20241031
20241018,2335407-1,ECONOMIA Y FINANZAS,RESOLUCION MINISTERIAL,No 326-2024-EF/43,Autorizan viaje de Especialista de Renta y Patrimonio de la Direccion General de Politica de Ingresos Publicos al Reino de los Paises Bajos en comision de servicios,https://epdoc2.elperuano.pe/EpPo/DescargaINDA.asp?Referencias=NDNYQ1hDWENYQzlXWUI5V1RNTEhZQkxIOVdfX1dWWUJUTVVOUzhTOExI,20241031
20241018,2335496-1,ECONOMIA Y FINANZAS,RESOLUCION MINISTERIAL,No 327-2024-EF/49,Designan Jefe de la Oficina General de Inversiones y Proyectos,https://epdoc2.elperuano.pe/EpPo/DescargaINDA.asp?Referencias=NDNYQ1hDWENYQzlXWUI5V1RNTEhZQkxIOVdfX1ZCWVhUTVVOUzhTOExI,20241031
20241018,2335486-1,ENERGIA Y MINAS,RESOLUCION DIRECTORAL,No 0134-2024-MINEM/DGE,Resolucion Directoral que comunica los resultados de la segunda convocatoria del segundo proceso de reasignacion,https://epdoc2.elperuano.pe/EpPo/DescargaINDA.asp?Referencias=NDNYQ1hDWENYQzlXWUI5V1RNTEhZQkxIOVdfX1ZCWENUTVVOUzhTOExI,20241031
20241018,2335711-1,MUJER Y POBLACIONES VULNERABLES,RESOLUCION MINISTERIAL,No 323-2024-MIMP,Aprueban el Plan de Estrategia Publicitaria 2024 del Ministerio de la Mujer y Poblaciones Vulnerables,https://epdoc2.elperuano.pe/EpPo/DescargaINDA.asp?Referencias=NDNYQ1hDWENYQzlXWUI5V1RNTEhZQkxIOVdfXzlXOVdXVlVOUzhTOExI,20241031
20241018,2334876-1,PRODUCE,RESOLUCION DIRECTORAL,No 022-2024-INACAL/DN,Aprueban Normas Tecnicas Peruanas sobre leches fermentadas envases flexibles carne y productos carnicos ensayos de resistencia al fuego y otros,https://epdoc2.elperuano.pe/EpPo/DescargaINDA.asp?Referencias=NDNYQ1hDWENYQzlXWUI5V1RNTEhZQkxIOVdfX1ZCV1ZYQ1RNUzhTOExI,20241031
20241018,2335649-1,PRODUCE,RESOLUCION MINISTERIAL,No 000409-2024-PRODUCE,Designan Director de la Oficina de Comunicaciones e Imagen Institucional,https://epdoc2.elperuano.pe/EpPo/DescargaINDA.asp?Referencias=NDNYQ1hDWENYQzlXWUI5V1RNTEhZQkxIOVdfX1lYVE1WQlVOUzhTOExI,20241031
20241018,2335708-1,TRABAJO Y PROMOCION DEL EMPLEO,RESOLUCION MINISTERIAL,No 163-2024-TR,Designan Directora de la Direccion de Seguridad y Salud en el Trabajo,https://epdoc2.elperuano.pe/EpPo/DescargaINDA.asp?Referencias=NDNYQ1hDWENYQzlXWUI5V1RNTEhZQkxIOVdfX1hDWUJXVlVOUzhTOExI,20241031
20241018,2335679-1,TRANSPORTES Y COMUNICACIONES,RESOLUCION MINISTERIAL,No 606-2024-MTC/01.02,Autorizan el viaje de inspector de la Direccion General de Aeronautica Civil a Chile en comision de servicios,https://epdoc2.elperuano.pe/EpPo/DescargaINDA.asp?Referencias=NDNYQ1hDWENYQzlXWUI5V1RNTEhZQkxIOVdfX1lYV1ZWQlVOUzhTOExI,20241031
20241018,2335713-1,VIVIENDA  CONSTRUCCIoN Y SANEAMIENTO,RESOLUCION SUPREMA,No 011-2024-VIVIENDA,Designan Presidente Ejecutivo del Servicio Nacional de Capacitacion para la Industria de la Construccion - SENCICO,https://epdoc2.elperuano.pe/EpPo/DescargaINDA.asp?Referencias=NDNYQ1hDWENYQzlXWUI5V1RNTEhZQkxIOVdfX1M4OVdXVlVOUzhTOExI,20241031
20241018,2336016-1,ARCHIVO GENERAL DE LA NACION,RESOLUCION JEFATURAL,No 000280-2024-AGN/JEF,Designan Jefe de la Oficina de Planeamiento y Presupuesto,https://epdoc2.elperuano.pe/EpPo/DescargaINDA.asp?Referencias=NDNYQ1hDWENYQzlXWUI5V1RNTEhZQkxIOVdfX1ZCOVdZQlZCUzhTOExI,20241031
20241018,2335539-1,INSTITUTO NACIONAL DE RADIO Y TELEVISIoN DEL PERu,RESOLUCION,No 000084-2024-IRTP-PE,Aprueban la Politica Antisoborno del Instituto Nacional de Radio y Television del Peru - IRTP,https://epdoc2.elperuano.pe/EpPo/DescargaINDA.asp?Referencias=NDNYQ1hDWENYQzlXWUI5V1RNTEhZQkxIOVdfX1lYUzhVTlVOUzhTOExI,20241031
20241018,2335391-1,SUPERINTENDENCIA DE TRANSPORTE TERRESTRE DE PERSONAS  CARGA Y MERCANCIAS,RESOLUCION,No D000073-2024-SUTRAN-CD,Designan Asesora de la Gerencia de Prevencion de la Superintendencia de Transporte Terrestre de Personas Carga y Mercancias - SUTRAN,https://epdoc2.elperuano.pe/EpPo/DescargaINDA.asp?Referencias=NDNYQ1hDWENYQzlXWUI5V1RNTEhZQkxIOVdfXzlXWVhTOFVOUzhTOExI,20241031
20241018,2335394-1,SUPERINTENDENCIA DE TRANSPORTE TERRESTRE DE PERSONAS  CARGA Y MERCANCIAS,RESOLUCION,No D000076-2024-SUTRAN-CD,Designan Gerente de la Gerencia de Articulacion Territorial de la Superintendencia de Transporte Terrestre de Personas Carga y Mercancias - SUTRAN,https://epdoc2.elperuano.pe/EpPo/DescargaINDA.asp?Referencias=NDNYQ1hDWENYQzlXWUI5V1RNTEhZQkxIOVdfX1RNWVhTOFVOUzhTOExI,20241031
20241018,2335703-1,AGENCIA DE PROMOCIoN DE LA INVERSIoN PRIVADA,RESOLUCION,No 58-2024/DEP.71,Ratifican Acuerdos de Comite Pro Transportes aprueban incorporacion del proyecto originado por la Iniciativa Privada Autofinanciada Terminal Internacional de Chimbote al proceso de promocion y dictan otras disposiciones,https://epdoc2.elperuano.pe/EpPo/DescargaINDA.asp?Referencias=NDNYQ1hDWENYQzlXWUI5V1RNTEhZQkxIOVdfX1M4WUJXVlVOUzhTOExI,20241031
20241018,2335464-1,INSTITUTO NACIONAL DE ESTADISTICA E INFORMATICA,RESOLUCION JEFATURAL,No 230-2024-INEI,Autorizan la ejecucion de la Encuesta de Demanda Ocupacional 2024 a nivel nacional,https://epdoc2.elperuano.pe/EpPo/DescargaINDA.asp?Referencias=NDNYQ1hDWENYQzlXWUI5V1RNTEhZQkxIOVdfX1RNVkJUTVVOUzhTOExI,20241031
20241018,2335465-1,INSTITUTO NACIONAL DE ESTADISTICA E INFORMATICA,RESOLUCION JEFATURAL,No 241-2024-INEI,Autorizan transferencia financiera de recursos a favor del Fondo de Poblacion de las Naciones Unidas - UNFPA,https://epdoc2.elperuano.pe/EpPo/DescargaINDA.asp?Referencias=NDNYQ1hDWENYQzlXWUI5V1RNTEhZQkxIOVdfX1VOVkJUTVVOUzhTOExI,20241031
20241018,2335610-1,SERVICIO NACIONAL DE AREAS NATURALES PROTEGIDAS POR EL ESTADO,RESOLUCION,No 000188-2024-SERNANP-J-SGD,Designan Asesor de la Gerencia General del Servicio Nacional de areas Naturales Protegidas por el Estado - SERNANP,https://epdoc2.elperuano.pe/EpPo/DescargaINDA.asp?Referencias=NDNYQ1hDWENYQzlXWUI5V1RNTEhZQkxIOVdfX1lCOVdWQlVOUzhTOExI,20241031
20241018,2335746-1,SUPERINTENDENCIA NACIONAL DE ADUANAS Y DE ADMINISTRACIoN TRIBUTARIA,RESOLUCION,No 000206-2024/SUNAT,Dictan normas referidas al Fraccionamiento Especial de la deuda tributaria administrada por la SUNAT aprobado por el Decreto Legislativo No 1634,https://epdoc2.elperuano.pe/EpPo/DescargaINDA.asp?Referencias=NDNYQ1hDWENYQzlXWUI5V1RNTEhZQkxIOVdfX1ZCVE1XVlVOUzhTOExI,20241031
20241018,2335702-1,SUPERINTENDENCIA NACIONAL DE FISCALIZACIoN LABORAL,RESOLUCION,No 221-2024-SUNAFIL,Designan Asesor II de Gerencia General de la Superintendencia Nacional de Fiscalizacion Laboral - SUNAFIL,https://epdoc2.elperuano.pe/EpPo/DescargaINDA.asp?Referencias=NDNYQ1hDWENYQzlXWUI5V1RNTEhZQkxIOVdfX0xIWUJXVlVOUzhTOExI,20241031
20241018,2335427-1,SUPERINTENDENCIA NACIONAL DE MIGRACIONES,RESOLUCION,No 000185-2024-MIGRACIONES,Aprueban Transferencia Financiera a favor de la Contraloria General de la Republica,https://epdoc2.elperuano.pe/EpPo/DescargaINDA.asp?Referencias=NDNYQ1hDWENYQzlXWUI5V1RNTEhZQkxIOVdfX1dWTEhUTVVOUzhTOExI,20241031
20241018,2335283-1,CORTES SUPERIORES DE JUSTICIA,RESOLUCION ADMINISTRATIVA,No 000663-2024-P-CSJLI-PJ,Designan a magistrado como Juez Provisional del Vigesimo Primer Juzgado Contencioso Administrativo con Subespecialidad Tributario Aduanero y Mercado y dictan otras disposiciones,https://epdoc2.elperuano.pe/EpPo/DescargaINDA.asp?Referencias=NDNYQ1hDWENYQzlXWUI5V1RNTEhZQkxIOVdfX1M4WENMSFVOUzhTOExI,20241031
20241018,2335576-1,CORTES SUPERIORES DE JUSTICIA,RESOLUCION ADMINISTRATIVA,No 000664-2024-P-CSJLI-PJ,Designan Jueza Supernumeraria del Primer Juzgado de Paz Letrado de Barranco y Miraflores de la Corte Superior de Justicia de Lima,https://epdoc2.elperuano.pe/EpPo/DescargaINDA.asp?Referencias=NDNYQ1hDWENYQzlXWUI5V1RNTEhZQkxIOVdfX1ZCV1ZVTlVOUzhTOExI,20241031
20241018,2333085-1,BANCO CENTRAL DE RESERVA,RESOLUCION,No 0042-2024-BCRP-N,Autorizan mision en el exterior de funcionario para participar en evento a realizarse en Espana,https://epdoc2.elperuano.pe/EpPo/DescargaINDA.asp?Referencias=NDNYQ1hDWENYQzlXWUI5V1RNTEhZQkxIOVdfX1VOWENZQlM4UzhTOExI,20241031
20241018,2333582-1,BANCO CENTRAL DE RESERVA,RESOLUCION,No 0050-2024-BCRP-N,Autorizan mision en el exterior del Presidente del Banco Central de Reserva del Peru para participar en eventos a realizarse en los Estados Unidos de America,https://epdoc2.elperuano.pe/EpPo/DescargaINDA.asp?Referencias=NDNYQ1hDWENYQzlXWUI5V1RNTEhZQkxIOVdfX0xIWENVTlM4UzhTOExI,20241031
20241018,2334659-1,BANCO CENTRAL DE RESERVA,RESOLUCION,No 0052-2024-BCRP-N,Autorizan mision en el exterior de funcionarios del BCRP para participar en evento a realizarse en Marruecos,https://epdoc2.elperuano.pe/EpPo/DescargaINDA.asp?Referencias=NDNYQ1hDWENYQzlXWUI5V1RNTEhZQkxIOVdfX1lYVU5WQlRNUzhTOExI,20241031
20241018,2327554-1,BANCO CENTRAL DE RESERVA,Resolucion,No 0044-2024-BCRP-N,Autorizan mision en el exterior de funcionario para participar en evento a realizarse en EE. UU.,https://epdoc2.elperuano.pe/EpPo/DescargaINDA.asp?Referencias=NDNYQ1hDWENYQzlXWUI5V1RNTEhZQkxIOVdfX1RNVU5VTldWTEhTOExI,20241031
20241018,2333058-1,INSTITUCIONES EDUCATIVAS,RESOLUCION,No 3269-2024-UNI,Otorgan duplicado de Diploma de Grado Academico de Bachiller en Ciencias con mencion en Ingenieria Economica a favor de egresado de la Universidad Nacional de Ingenieria,https://epdoc2.elperuano.pe/EpPo/DescargaINDA.asp?Referencias=NDNYQ1hDWENYQzlXWUI5V1RNTEhZQkxIOVdfX1hDVU5ZQlM4UzhTOExI,20241031
20241018,2333061-1,INSTITUCIONES EDUCATIVAS,RESOLUCION,No 3271-2024-UNI,Otorgan duplicado de Diploma de Grado Academico de Bachiller en Ciencias con mencion en Ingenieria Mecatronica a favor de egresado de la Universidad Nacional de Ingenieria,https://epdoc2.elperuano.pe/EpPo/DescargaINDA.asp?Referencias=NDNYQ1hDWENYQzlXWUI5V1RNTEhZQkxIOVdfXzlXVkJZQlM4UzhTOExI,20241031
20241018,2334310-1,JURADO NACIONAL DE ELECCIONES,RESOLUCION,No 000099-2024-P/JNE,Autorizan viaje del Presidente del Jurado Nacional de Elecciones a Colombia en comision de servicios,https://epdoc2.elperuano.pe/EpPo/DescargaINDA.asp?Referencias=NDNYQ1hDWENYQzlXWUI5V1RNTEhZQkxIOVdfX1lCOVdTOFRNUzhTOExI,20241031
20241018,2335458-1,MINISTERIO PUBLICO,RESOLUCION,No 2275-2024-MP-FN,Disponen que la Fiscalia Superior de Familia de San Martin apoye a la Primera y Segunda Fiscalia Superior Penal de San Martin en la concurrencia de audiencias programadas ante la Sala Penal de Apelaciones de Moyobamba de la Corte Superior de Justicia del Distrito Judicial de San Martin para determinados delitos,https://epdoc2.elperuano.pe/EpPo/DescargaINDA.asp?Referencias=NDNYQ1hDWENYQzlXWUI5V1RNTEhZQkxIOVdfX1hDVU5UTVVOUzhTOExI,20241031
20241018,2335604-1,MINISTERIO PUBLICO,RESOLUCION,No 2272-2024-MP-FN,Cesan por limite de edad a fiscal provincial provisional del Distrito Fiscal de Lima Centro,https://epdoc2.elperuano.pe/EpPo/DescargaINDA.asp?Referencias=NDNYQ1hDWENYQzlXWUI5V1RNTEhZQkxIOVdfX1RNWUJWQlVOUzhTOExI,20241031
20241018,2335604-2,MINISTERIO PUBLICO,RESOLUCION,No 2276-2024-MP-FN,Dejan sin efecto la Resolucion de la Fiscalia de la Nacion No 2021-2024-MP-FN,https://epdoc2.elperuano.pe/EpPo/DescargaINDA.asp?Referencias=NDNYQ1hDWENYQzlXWUI5V1RNTEhZQkxITEhfX1RNWUJWQlVOUzhTOExI,20241031
20241018,2335604-3,MINISTERIO PUBLICO,RESOLUCION,No 2277-2024-MP-FN,Aceptan renuncia de fiscal adjunta provincial provisional del Distrito Fiscal de San Martin,https://epdoc2.elperuano.pe/EpPo/DescargaINDA.asp?Referencias=NDNYQ1hDWENYQzlXWUI5V1RNTEhZQkxIUzhfX1RNWUJWQlVOUzhTOExI,20241031
20241018,2335604-4,MINISTERIO PUBLICO,RESOLUCION,No 2278-2024-MP-FN,Aceptan renuncia de fiscal adjunto provincial provisional del Distrito Fiscal de San Martin,https://epdoc2.elperuano.pe/EpPo/DescargaINDA.asp?Referencias=NDNYQ1hDWENYQzlXWUI5V1RNTEhZQkxIVE1fX1RNWUJWQlVOUzhTOExI,20241031
20241018,2335604-5,MINISTERIO PUBLICO,RESOLUCION,No 2279-2024-MP-FN,Aceptan renuncia de fiscal adjunta provincial provisional transitoria del Distrito Fiscal de la Selva Central,https://epdoc2.elperuano.pe/EpPo/DescargaINDA.asp?Referencias=NDNYQ1hDWENYQzlXWUI5V1RNTEhZQkxIVU5fX1RNWUJWQlVOUzhTOExI,20241031
20241018,2334915-1,SUPERINTENDENCIA DE BANCA  SEGUROS Y ADMINISTRADORAS PRIVADAS DE FONDOS DE PENSIONES,RESOLUCION,SBS No 03631-2024,Autorizan viaje de Coordinador de Supervision del Departamento de Supervision de la Unidad de Inteligencia Financiera del Peru para participar en evento a realizarse en Panama,https://epdoc2.elperuano.pe/EpPo/DescargaINDA.asp?Referencias=NDNYQ1hDWENYQzlXWUI5V1RNTEhZQkxIOVdfX1VOOVdZWFRNUzhTOExI,20241031
20241018,2335260-1,SUPERINTENDENCIA DE BANCA  SEGUROS Y ADMINISTRADORAS PRIVADAS DE FONDOS DE PENSIONES,RESOLUCION,SBS No 03638-2024,Designan profesional en el cargo de direccion de Superintendente Adjunta de Asesoria Juridica,https://epdoc2.elperuano.pe/EpPo/DescargaINDA.asp?Referencias=NDNYQ1hDWENYQzlXWUI5V1RNTEhZQkxIOVdfX1lCVkJMSFVOUzhTOExI,20241031
20241018,2335622-1,MUNICIPALIDAD METROPOLITANA DE LIMA,ORDENANZA,No 2660,Declaran en emergencia y de interes metropolitano la intervencion de la Ampliacion del servicio de movilidad urbana en la Prolongacion Via Expresa Paseo de la Republica tramo Av. Republica de Panama - Panamericana Sur en los distritos de Barranco Santiago de Surco y San Juan de Miraflores de la provincia de Lima del departamento de Lima,https://epdoc2.elperuano.pe/EpPo/DescargaINDA.asp?Referencias=NDNYQ1hDWENYQzlXWUI5V1RNTEhZQkxIOVdfX0xITEhWQlVOUzhTOExI,20241031
20241018,2335643-1,MUNICIPALIDAD METROPOLITANA DE LIMA,ORDENANZA,No 2661,Modifican la Ordenanza No 2644 que declara en emergencia y de interes metropolitano la intervencion de la via metropolitana Ramiro Priale a fin de garantizar la seguridad y transitabilidad de los usuarios de dicha via,https://epdoc2.elperuano.pe/EpPo/DescargaINDA.asp?Referencias=NDNYQ1hDWENYQzlXWUI5V1RNTEhZQkxIOVdfX1M4VE1WQlVOUzhTOExI,20241031
20241018,2329918-1,MUNICIPALIDAD DE ANCON,ORDENANZA,No 504-2023/ MDA,Modifican la Ordenanza No 422-2019-MDA que aprobo los procedimientos de Saneamiento Individual Regularizacion de Transferencia y Subasta de los Bienes Inmuebles de Dominio Privado de Propiedad de la Municipalidad Distrital de Ancon,https://epdoc2.elperuano.pe/EpPo/DescargaINDA.asp?Referencias=NDNYQ1hDWENYQzlXWUI5V1RNTEhZQkxIOVdfX1hDOVdZWFlYTEhTOExI,20241031
20241018,2328121-1,MUNICIPALIDAD DE BARRANCO,Ordenanzas,No 643-2024-MDB,Ordenanza que aprueba la celebracion de matrimonio civil comunitario en el distrito de Barranco,https://epdoc2.elperuano.pe/EpPo/DescargaINDA.asp?Referencias=NDNYQ1hDWENYQzlXWUI5V1RNTEhZQkxIOVdfXzlXTEg5V1hDTEhTOExI,20241031
20241018,2332650-1,MUNICIPALIDAD DE CHORRILLOS,ORDENANZA,No 491-MDCH,Ordenanza que regula el regimen juridico de animales domesticos promueve la tenencia responsable y la convivencia amigable en el distrito de Chorrillos,https://epdoc2.elperuano.pe/EpPo/DescargaINDA.asp?Referencias=NDNYQ1hDWENYQzlXWUI5V1RNTEhZQkxIOVdfX1lCVU5WQkxIUzhTOExI,20241031
20241018,2328316-1,MUNICIPALIDAD DE CHORRILLOS,Ordenanzas,No 490-MDCH,Modifican la Ordenanza No 432-MDCH e incorporan los articulos 11A 17A y 29A que regula la ejecucion de obras instalacion mantenimiento y retiro de infraestructura para la prestacion de servicios publicos en areas de uso publico del distrito de Chorrillos,https://epdoc2.elperuano.pe/EpPo/DescargaINDA.asp?Referencias=NDNYQ1hDWENYQzlXWUI5V1RNTEhZQkxIOVdfX1ZCOVdTOFhDTEhTOExI,20241031
20241018,2332652-1,MUNICIPALIDAD DE CHORRILLOS,Ordenanzas,No 492-MDCH,Ordenanza que modifica e incorpora los articulos 2º 3º 5ºA y 7ºA a la Ordenanza No 354-MDCH que regula los horarios y condiciones de ejecucion de obras de edificaciones privadas y trabajos de acondicionamiento y/o refaccion en general en el distrito de Chorrillos,https://epdoc2.elperuano.pe/EpPo/DescargaINDA.asp?Referencias=NDNYQ1hDWENYQzlXWUI5V1RNTEhZQkxIOVdfX0xIVU5WQkxIUzhTOExI,20241031
20241018,2332655-1,MUNICIPALIDAD DE CHORRILLOS,Ordenanzas,No 493-MDCH,Ordenanza que dispone la revision y evaluacion de expedientes con informe tecnico favorable por revisores urbanos para proyectos en el area que conforman los acantilados del corredor ribereno de la Costa Verde en el distrito de Chorrillos y la Zona de Reglamentacion Especial Pantanos de Villa,https://epdoc2.elperuano.pe/EpPo/DescargaINDA.asp?Referencias=NDNYQ1hDWENYQzlXWUI5V1RNTEhZQkxIOVdfX1VOVU5WQkxIUzhTOExI,20241031
20241018,2334819-1,MUNICIPALIDAD DE CIENEGUILLA,Acuerdo,No 029-2024-MDC/C,Designan Secretario Tecnico del Procedimiento Administrativo Disciplinario de la Municipalidad Distrital de Cieneguilla,https://epdoc2.elperuano.pe/EpPo/DescargaINDA.asp?Referencias=NDNYQ1hDWENYQzlXWUI5V1RNTEhZQkxIOVdfX1lYOVdYQ1RNUzhTOExI,20241031
20241018,2334826-1,MUNICIPALIDAD DE MIRAFLORES,Decretos de Alcaldia,No 019-2024/MM,Modifican art. 15 del D.A. No 001-2024/MM que creo el Comite Evaluador de Solicitudes de Sustitucion de Medidas Correctivas de Demolicion y/o Retiro y se aprobo Reglamento,https://epdoc2.elperuano.pe/EpPo/DescargaINDA.asp?Referencias=NDNYQ1hDWENYQzlXWUI5V1RNTEhZQkxIOVdfX1ZCTEhYQ1RNUzhTOExI,20241031
20241018,2334822-1,MUNICIPALIDAD DE MIRAFLORES,RESOLUCION DE ALCALDIA,No 247-2024-A/MM,Modifican el Texto unico de Servicios No Exclusivos - TUSNE de la Municipalidad Distrital de Miraflores,https://epdoc2.elperuano.pe/EpPo/DescargaINDA.asp?Referencias=NDNYQ1hDWENYQzlXWUI5V1RNTEhZQkxIOVdfX0xITEhYQ1RNUzhTOExI,20241031
20241018,2334222-1,MUNICIPALIDAD DE PUENTE PIEDRA,ORDENANZA,No 458-MDPP,Ordenanza que fortalece la seguridad ciudadana en el distrito de Puente Piedra durante el periodo del estado de emergencia,https://epdoc2.elperuano.pe/EpPo/DescargaINDA.asp?Referencias=NDNYQ1hDWENYQzlXWUI5V1RNTEhZQkxIOVdfX0xITEhMSFRNUzhTOExI,20241031
20241018,2333263-1,MUNICIPALIDAD DE PUNTA NEGRA,Res. Alcaldia,No 083-2024-AL/MDPN,Delegan en el Gerente Municipal de la Municipalidad Distrital de Punta Negra la facultad para aprobar las modificaciones presupuestarias en el Nivel Funcional Programatico,https://epdoc2.elperuano.pe/EpPo/DescargaINDA.asp?Referencias=NDNYQ1hDWENYQzlXWUI5V1RNTEhZQkxIOVdfX1M4VkJMSFM4UzhTOExI,20241031
20241018,2336019-1,MUNICIPALIDAD DE PACHACAMAC,ORDENANZA,No 347-2024-MDP/C,Ordenanza que otorga beneficios tributarios y no tributarios a favor de los contribuyentes del distrito de Pachacamac,https://epdoc2.elperuano.pe/EpPo/DescargaINDA.asp?Referencias=NDNYQ1hDWENYQzlXWUI5V1RNTEhZQkxIOVdfX1lYOVdZQlZCUzhTOExI,20241031
20241018,2334963-1,MUNICIPALIDAD PROVINCIAL DE VIRU,RESOLUCION,No 001-2024-MPV/CM,Autorizan viaje de alcalde y regidores para asistir a evento a realizarse en Espana,https://epdoc2.elperuano.pe/EpPo/DescargaINDA.asp?Referencias=NDNYQ1hDWENYQzlXWUI5V1RNTEhZQkxIOVdfX1M4VkJZWFRNUzhTOExI,20241031
20241017,2335267-1,AMBIENTE,RESOLUCION DIRECTORAL,No 00828-2024-MINAM/VMGA/DGGRS,Aprueban la relacion de titulares que presentaran el instrumento de gestion ambiental correctivo al que se refiere el articulo 1 del D.S. No 001-2024-MINAM,https://epdoc2.elperuano.pe/EpPo/DescargaINDA.asp?Referencias=NDNXVldWV1ZXVjlXWUI5V1RNTEhZQkxIOVdfX1dWVkJMSFVOUzhTOExI,20241031
20241017,2335123-1,AMBIENTE,RESOLUCION MINISTERIAL,No 00337-2024-MINAM,Autorizan viaje de servidor del Instituto de Investigaciones de la Amazonia Peruana - IIAP a Colombia en comision de servicios,https://epdoc2.elperuano.pe/EpPo/DescargaINDA.asp?Referencias=NDNXVldWV1ZXVjlXWUI5V1RNTEhZQkxIOVdfX1M4TEg5V1VOUzhTOExI,20241031
20241017,2335261-1,DESARROLLO AGRARIO Y RIEGO,RESOLUCION DIRECTORAL,No 329-2024-MIDAGRI-DVDAFIR-AGRO RURAL-DE,Designan Jefe de la Sub Unidad de Cadenas de Valor Agricola de la Unidad de Cadena de Valor Agricola y Ganadera del Programa de Desarrollo Productivo Agrario Rural — AGRO RURAL,https://epdoc2.elperuano.pe/EpPo/DescargaINDA.asp?Referencias=NDNXVldWV1ZXVjlXWUI5V1RNTEhZQkxIOVdfXzlXVkJMSFVOUzhTOExI,20241031
20241017,2335178-1,DESARROLLO E INCLUSIoN SOCIAL,RESOLUCION MINISTERIAL,No D000157-2024-MIDIS,Designan Director de la Direccion de Evaluacion de la Direccion General de Seguimiento Evaluacion e Innovacion Social,https://epdoc2.elperuano.pe/EpPo/DescargaINDA.asp?Referencias=NDNXVldWV1ZXVjlXWUI5V1RNTEhZQkxIOVdfX1hDV1Y5V1VOUzhTOExI,20241031
20241017,2335272-1,ECONOMIA Y FINANZAS,DECRETO SUPREMO,No 187-2024-EF,Decreto Supremo que autoriza Transferencia de Partidas en el Presupuesto del Sector Publico para el Ano Fiscal 2024 a favor de diversos pliegos,https://epdoc2.elperuano.pe/EpPo/DescargaINDA.asp?Referencias=NDNXVldWV1ZXVjlXWUI5V1RNTEhZQkxIOVdfX0xIV1ZMSFVOUzhTOExI,20241031
20241017,2335272-2,ECONOMIA Y FINANZAS,DECRETO SUPREMO,No 188-2024-EF,Decreto Supremo que autoriza Transferencia de Partidas en el Presupuesto del Sector Publico para el Ano Fiscal 2024 a favor de la Universidad Nacional Tecnologica de San Juan de Lurigancho,https://epdoc2.elperuano.pe/EpPo/DescargaINDA.asp?Referencias=NDNXVldWV1ZXVjlXWUI5V1RNTEhZQkxITEhfX0xIV1ZMSFVOUzhTOExI,20241031
20241017,2335150-1,EDUCACION,RESOLUCION MINISTERIAL,No 511-2024-MINEDU,Autorizan excepcionalmente el otorgamiento de subvencion adicional a favor de la Asociacion Fe y Alegria Programa Nacional,https://epdoc2.elperuano.pe/EpPo/DescargaINDA.asp?Referencias=NDNXVldWV1ZXVjlXWUI5V1RNTEhZQkxIOVdfX1lCVU45V1VOUzhTOExI,20241031
20241017,2335195-1,EDUCACION,RESOLUCION MINISTERIAL,No 515-2024-MINEDU,Designan Jefe de la Oficina de Contabilidad y Control Previo de la Oficina General de Administracion,https://epdoc2.elperuano.pe/EpPo/DescargaINDA.asp?Referencias=NDNXVldWV1ZXVjlXWUI5V1RNTEhZQkxIOVdfX1VOWVg5V1VOUzhTOExI,20241031
20241017,2333410-1,ENERGIA Y MINAS,RESOLUCION MINISTERIAL,No 384-2024-MINEM/DM,Establecen derecho de servidumbre de ocupacion paso y transito a favor de concesion definitiva de generacion de energia electrica con recursos energeticos renovables de la que es titular ORYGEN PERu S.A.A. para el proyecto Central Eolica Wayra Extension ubicado en el departamento de Ica,https://epdoc2.elperuano.pe/EpPo/DescargaINDA.asp?Referencias=NDNXVldWV1ZXVjlXWUI5V1RNTEhZQkxIOVdfX1lCOVdUTVM4UzhTOExI,20241031
20241017,2334850-1,INTERIOR,RESOLUCION DIRECTORAL,No 289-2024-IN-VOI-DGIN,Designan Subprefectos(as) Provinciales y Distritales en diversas regiones,https://epdoc2.elperuano.pe/EpPo/DescargaINDA.asp?Referencias=NDNXVldWV1ZXVjlXWUI5V1RNTEhZQkxIOVdfX1lCVU5YQ1RNUzhTOExI,20241031
20241017,2334806-1,INTERIOR,RESOLUCION MINISTERIAL,No 1279-2024-IN,Designan Directora General de la Oficina General de Planeamiento y Presupuesto,https://epdoc2.elperuano.pe/EpPo/DescargaINDA.asp?Referencias=NDNXVldWV1ZXVjlXWUI5V1RNTEhZQkxIOVdfX1ZCWUJYQ1RNUzhTOExI,20241031
20241017,2335541-1,INTERIOR,RESOLUCION MINISTERIAL,No 1284-2024-IN,Designan Asesor II del Despacho Ministerial,https://epdoc2.elperuano.pe/EpPo/DescargaINDA.asp?Referencias=NDNXVldWV1ZXVjlXWUI5V1RNTEhZQkxIOVdfXzlXVE1VTlVOUzhTOExI,20241031
20241017,2335570-1,INTERIOR,RESOLUCION MINISTERIAL,No 1283-2024-IN,Designan Asesora II del Despacho Ministerial,https://epdoc2.elperuano.pe/EpPo/DescargaINDA.asp?Referencias=NDNXVldWV1ZXVjlXWUI5V1RNTEhZQkxIOVdfX1lCV1ZVTlVOUzhTOExI,20241031
20241017,2335272-4,JUSTICIA Y DERECHOS HUMANOS,RESOLUCION SUPREMA,No 318-2024-JUS,Acceden a solicitud de extradicion activa de ciudadano peruano para ser extraditado de la Republica del Paraguay,https://epdoc2.elperuano.pe/EpPo/DescargaINDA.asp?Referencias=NDNXVldWV1ZXVjlXWUI5V1RNTEhZQkxIVE1fX0xIV1ZMSFVOUzhTOExI,20241031
20241017,2334311-1,PRODUCE,RESOLUCION,No 766-2024-PRODUCE/PROINNOVATE,Aprueban el otorgamiento de las subvenciones a favor de diversos beneficiarios con cargo al Presupuesto Institucional 2024 del Programa Nacional de Innovacion para la Competitividad y Productividad,https://epdoc2.elperuano.pe/EpPo/DescargaINDA.asp?Referencias=NDNXVldWV1ZXVjlXWUI5V1RNTEhZQkxIOVdfXzlXOVdTOFRNUzhTOExI,20241031
20241017,2334786-1,PRODUCE,RESOLUCION MINISTERIAL,No 000407-2024-PRODUCE,Autorizan viaje de servidor de la Direccion de Normalizacion del Instituto Nacional de Calidad - INACAL al Reino Unido de Gran Bretana e Irlanda del Norte en comision de servicios,https://epdoc2.elperuano.pe/EpPo/DescargaINDA.asp?Referencias=NDNXVldWV1ZXVjlXWUI5V1RNTEhZQkxIOVdfX1ZCWENXVlRNUzhTOExI,20241031
20241017,2335272-3,RELACIONES EXTERIORES,RESOLUCION SUPREMA,No 190-2024-RE,Nombran Representante Permanente del Peru ante los organismos economicos internacionales con sede en Paris Republica Francesa,https://epdoc2.elperuano.pe/EpPo/DescargaINDA.asp?Referencias=NDNXVldWV1ZXVjlXWUI5V1RNTEhZQkxIUzhfX0xIV1ZMSFVOUzhTOExI,20241031
20241017,2335273-1,SALUD,DECRETO SUPREMO,No 018-2024-SA,Decreto Supremo que modifica el Reglamento de la Ley No 31336 Ley Nacional del Cancer aprobado mediante Decreto Supremo No 004-2022-SA,https://epdoc2.elperuano.pe/EpPo/DescargaINDA.asp?Referencias=NDNXVldWV1ZXVjlXWUI5V1RNTEhZQkxIOVdfX1M4V1ZMSFVOUzhTOExI,20241031
20241017,2333990-1,TRANSPORTES Y COMUNICACIONES,RESOLUCION DIRECTORAL,No 0590-2024-MTC/17.03,Autorizan a la empresa MULTISERVICIOS TURING CUSCO EMPRESA INDIVIDUAL DE RESPONSABILIDAD LIMITADA para operar como Centro de Inspeccion Tecnica Vehicular Fijo - CITV Fijo en local ubicado en el departamento de Tumbes,https://epdoc2.elperuano.pe/EpPo/DescargaINDA.asp?Referencias=NDNXVldWV1ZXVjlXWUI5V1RNTEhZQkxIOVdfX1lCWVhZWFM4UzhTOExI,20241031
20241017,2334607-1,TRANSPORTES Y COMUNICACIONES,RESOLUCION MINISTERIAL,No 595-2024-MTC/01.02,Dejan sin efecto la R.M. No 0647-2023-MTC/01.02 que aprueba la ejecucion de la Expropiacion y el valor de la Tasacion de inmueble para la ejecucion del proyecto: Construccion del anillo vial periferico de la ciudad de Lima y Callao,https://epdoc2.elperuano.pe/EpPo/DescargaINDA.asp?Referencias=NDNXVldWV1ZXVjlXWUI5V1RNTEhZQkxIOVdfX1dWWUJWQlRNUzhTOExI,20241031
20241017,2334661-1,TRANSPORTES Y COMUNICACIONES,RESOLUCION MINISTERIAL,No 596-2024-MTC/01.03,Aprueban ejecucion de la expropiacion de area afectada de inmueble para la ejecucion del proyecto: Instalacion de Banda Ancha para la conectividad integral y Desarrollo Social de la Region Cusco y el valor de la tasacion,https://epdoc2.elperuano.pe/EpPo/DescargaINDA.asp?Referencias=NDNXVldWV1ZXVjlXWUI5V1RNTEhZQkxIOVdfXzlXVkJWQlRNUzhTOExI,20241031
20241017,2335263-1,TRANSPORTES Y COMUNICACIONES,RESOLUCION MINISTERIAL,No 601-2024-MTC/01.02,Autorizan viaje de inspector de la Direccion General de Aeronautica Civil a Canada en comision de servicios,https://epdoc2.elperuano.pe/EpPo/DescargaINDA.asp?Referencias=NDNXVldWV1ZXVjlXWUI5V1RNTEhZQkxIOVdfX1M4VkJMSFVOUzhTOExI,20241031
20241017,2335138-1,VIVIENDA  CONSTRUCCIoN Y SANEAMIENTO,RESOLUCION DIRECTORAL,No D00015-2024-VIVIENDA/VMCS-PASLC,Designan Director de la Unidad de Administracion del Programa Agua Segura para Lima y Callao,https://epdoc2.elperuano.pe/EpPo/DescargaINDA.asp?Referencias=NDNXVldWV1ZXVjlXWUI5V1RNTEhZQkxIOVdfX1hDUzg5V1VOUzhTOExI,20241031
20241017,2335148-1,VIVIENDA  CONSTRUCCIoN Y SANEAMIENTO,RESOLUCION DIRECTORAL,No D00017-2024-VIVIENDA/VMCS-PASLC,Designan Director de la Unidad de Asesoria Legal del Programa Agua Segura para Lima y Callao,https://epdoc2.elperuano.pe/EpPo/DescargaINDA.asp?Referencias=NDNXVldWV1ZXVjlXWUI5V1RNTEhZQkxIOVdfX1hDVE05V1VOUzhTOExI,20241031
20241017,2335262-1,VIVIENDA  CONSTRUCCIoN Y SANEAMIENTO,RESOLUCION DIRECTORAL,No 00057-2024-VIVIENDA/VMCS-PNSU,Designan Coordinador de la Subunidad de Abastecimiento y Control Patrimonial del Programa Nacional de Saneamiento Urbano,https://epdoc2.elperuano.pe/EpPo/DescargaINDA.asp?Referencias=NDNXVldWV1ZXVjlXWUI5V1RNTEhZQkxIOVdfX0xIVkJMSFVOUzhTOExI,20241031
20241017,2334803-1,VIVIENDA  CONSTRUCCIoN Y SANEAMIENTO,RESOLUCION MINISTERIAL,No 399-2024-VIVIENDA,Designan Asesora II de la Secretaria General del Ministerio,https://epdoc2.elperuano.pe/EpPo/DescargaINDA.asp?Referencias=NDNXVldWV1ZXVjlXWUI5V1RNTEhZQkxIOVdfX1M4WUJYQ1RNUzhTOExI,20241031
20241017,2334787-1,ARCHIVO GENERAL DE LA NACION,RESOLUCION JEFATURAL,No 000278-2024-AGN/JEF,Disponen la prepublicacion del proyecto normativo denominado: Norma de administracion de archivos en las entidades publicas,https://epdoc2.elperuano.pe/EpPo/DescargaINDA.asp?Referencias=NDNXVldWV1ZXVjlXWUI5V1RNTEhZQkxIOVdfX1dWWENXVlRNUzhTOExI,20241031
20241017,2335059-1,ARCHIVO GENERAL DE LA NACION,RESOLUCION JEFATURAL,No 000279-2024-AGN/JEF,Designan secretaria general del Archivo General de la Nacion,https://epdoc2.elperuano.pe/EpPo/DescargaINDA.asp?Referencias=NDNXVldWV1ZXVjlXWUI5V1RNTEhZQkxIOVdfX1lYVU5ZQlVOUzhTOExI,20241031
20241017,2334990-1,ORGANISMO SUPERVISOR DE LA INVERSIoN EN INFRAESTRUCTURA DE TRANSPORTE DE USO PuBLICO,RESOLUCION,No 0065-2024-PD-OSITRAN,Aprueban el Informe Propuesta: Revision tarifaria de oficio del Factor de Productividad en el Terminal Portuario General San Martin - Pisco para el periodo 2025-2030,https://epdoc2.elperuano.pe/EpPo/DescargaINDA.asp?Referencias=NDNXVldWV1ZXVjlXWUI5V1RNTEhZQkxIOVdfX1lCWVhZWFRNUzhTOExI,20241031
20241017,2334761-1,ORGANISMO SUPERVISOR DE INVERSION PRIVADA EN TELECOMUNICACIONES,RESOLUCION,No 00361-2024-GG/OSIPTEL,Aprueban modificacion del Manual de Clasificacion de Cargos del Organismo Supervisor de la Inversion Privada en Telecomunicaciones - OSIPTEL,https://epdoc2.elperuano.pe/EpPo/DescargaINDA.asp?Referencias=NDNXVldWV1ZXVjlXWUI5V1RNTEhZQkxIOVdfXzlXVkJXVlRNUzhTOExI,20241031
20241017,2335240-1,AUTORIDAD DE TRANSPORTE URBANO PARA LIMA Y CALLAO,RESOLUCION,No 221-2024-ATU/PE,Designan Jefe de la Oficina de Gestion de Recursos Humanos de la ATU,https://epdoc2.elperuano.pe/EpPo/DescargaINDA.asp?Referencias=NDNXVldWV1ZXVjlXWUI5V1RNTEhZQkxIOVdfX1lCVE1MSFVOUzhTOExI,20241031
20241017,2335657-1,AUTORIDAD NACIONAL DEL AGUA,RESOLUCION JEFATURAL,No 0407-2024-ANA,Designan Asesor de la Gerencia General de la Autoridad Nacional del Agua,https://epdoc2.elperuano.pe/EpPo/DescargaINDA.asp?Referencias=NDNXVldWV1ZXVjlXWUI5V1RNTEhZQkxIOVdfX1dWVU5WQlVOUzhTOExI,20241031
20241017,2335224-1,INSTITUTO NACIONAL DE ESTADISTICA E INFORMATICA,RESOLUCION JEFATURAL,No 242-2024-INEI,Aprueban los indices Unificados de Precios de la Construccion para las seis (6) areas Geograficas correspondientes al mes de setiembre de 2024,https://epdoc2.elperuano.pe/EpPo/DescargaINDA.asp?Referencias=NDNXVldWV1ZXVjlXWUI5V1RNTEhZQkxIOVdfX1RNTEhMSFVOUzhTOExI,20241031
20241017,2335229-1,INSTITUTO NACIONAL DE ESTADISTICA E INFORMATICA,RESOLUCION JEFATURAL,No 243-2024-INEI,Aprueban los Factores de Reajuste que debe aplicarse a las obras de edificacion correspondiente a las seis (6) areas Geograficas para las Obras del Sector Privado producidas en el periodo del 1 al 30 de setiembre de 2024,https://epdoc2.elperuano.pe/EpPo/DescargaINDA.asp?Referencias=NDNXVldWV1ZXVjlXWUI5V1RNTEhZQkxIOVdfX1lYTEhMSFVOUzhTOExI,20241031
20241017,2334883-1,PROCURADURiA GENERAL DEL ESTADO,RESOLUCION,D000693-2024-JUS/PGE-PG,Dan por culminada la funcion de la procuradora publica del Gobierno Regional de Arequipa,https://epdoc2.elperuano.pe/EpPo/DescargaINDA.asp?Referencias=NDNXVldWV1ZXVjlXWUI5V1RNTEhZQkxIOVdfX1M4WENYQ1RNUzhTOExI,20241031
20241017,2334906-1,PROCURADURiA GENERAL DEL ESTADO,RESOLUCION,No D000694-2024-JUS/PGE-PG,Designan Jefe de la Oficina de Asesoria Juridica de la Procuraduria General del Estado,https://epdoc2.elperuano.pe/EpPo/DescargaINDA.asp?Referencias=NDNXVldWV1ZXVjlXWUI5V1RNTEhZQkxIOVdfX1ZCWUJZWFRNUzhTOExI,20241031
20241017,2334811-1,SUPERINTENDENCIA DEL MERCADO DE VALORES,RESOLUCION,No 126-2024-SMV/02,Aprueban la modificacion del Manual de Clasificador de Cargos (MCC) de la Superintendencia del Mercado de Valores,https://epdoc2.elperuano.pe/EpPo/DescargaINDA.asp?Referencias=NDNXVldWV1ZXVjlXWUI5V1RNTEhZQkxIOVdfXzlXOVdYQ1RNUzhTOExI,20241031
20241017,2335244-1,SUPERINTENDENCIA NACIONAL DE EDUCACION SUPERIOR UNIVERSITARIA,RESOLUCION,No 0030-2024-SUNEDU-CD,Disponen ampliar excepcionalmente el plazo maximo para el otorgamiento de grados y titulos de universidades que se encuentran en proceso de cese de actividades,https://epdoc2.elperuano.pe/EpPo/DescargaINDA.asp?Referencias=NDNXVldWV1ZXVjlXWUI5V1RNTEhZQkxIOVdfX1RNVE1MSFVOUzhTOExI,20241031
20241017,2334269-1,SUPERINTENDENCIA NACIONAL DE LOS REGISTROS PUBLICOS,RESOLUCION,No 00152-2024-SUNARP/SN,Aprueban emision de Certificados Negativos de Inscripcion de Sucesion Intestada y de Testamento mediante firma digital de la Sunarp con agente automatizado,https://epdoc2.elperuano.pe/EpPo/DescargaINDA.asp?Referencias=NDNXVldWV1ZXVjlXWUI5V1RNTEhZQkxIOVdfX1lYVkJMSFRNUzhTOExI,20241031
20241017,2334275-1,SUPERINTENDENCIA NACIONAL DE LOS REGISTROS PUBLICOS,RESOLUCION,No 00153-2024-SUNARP/SN,Aprueban el acceso a la informacion de la Base Grafica Registral para las municipalidades distritales y dictan otras disposiciones,https://epdoc2.elperuano.pe/EpPo/DescargaINDA.asp?Referencias=NDNXVldWV1ZXVjlXWUI5V1RNTEhZQkxIOVdfX1VOV1ZMSFRNUzhTOExI,20241031
20241017,2334691-1,SUPERINTENDENCIA NACIONAL DE LOS REGISTROS PUBLICOS,RESOLUCION,No 00154-2024-SUNARP/SN,Autorizan transferencia financiera a favor de la Contraloria General de la Republica,https://epdoc2.elperuano.pe/EpPo/DescargaINDA.asp?Referencias=NDNXVldWV1ZXVjlXWUI5V1RNTEhZQkxIOVdfXzlXWVhWQlRNUzhTOExI,20241031
20241017,2334765-1,SUPERINTENDENCIA NACIONAL DE LOS REGISTROS PUBLICOS,RESOLUCION,No 00155-2024-SUNARP/SN,Disponen publicacion del proyecto normativo Directiva que regula la digitalizacion de los documentos que forman parte de los titulos en tramite asi como la exposicion de motivos que lo sustenta,https://epdoc2.elperuano.pe/EpPo/DescargaINDA.asp?Referencias=NDNXVldWV1ZXVjlXWUI5V1RNTEhZQkxIOVdfX1VOVkJXVlRNUzhTOExI,20241031
20241017,2334856-1,SUPERINTENDENCIA NACIONAL DE MIGRACIONES,RESOLUCION,No 000180-2024-MIGRACIONES,Delegan en las Jefaturas Zonales la funcion de expedir certificaciones y copias certificadas referidas en nueve servicios prestados en exclusividad senalados en el Texto unico de Procedimientos Administrativos de MIGRACIONES,https://epdoc2.elperuano.pe/EpPo/DescargaINDA.asp?Referencias=NDNXVldWV1ZXVjlXWUI5V1RNTEhZQkxIOVdfX1ZCVU5YQ1RNUzhTOExI,20241031
20241017,2334985-1,CORTES SUPERIORES DE JUSTICIA,RESOLUCION ADMINISTRATIVA,No 000653-2024-P-CSJLI-PJ,Designan jueza superior provisional y conforman la Tercera Sala Civil de Lima,https://epdoc2.elperuano.pe/EpPo/DescargaINDA.asp?Referencias=NDNXVldWV1ZXVjlXWUI5V1RNTEhZQkxIOVdfX1VOWENZWFRNUzhTOExI,20241031
20241017,2335010-1,CORTES SUPERIORES DE JUSTICIA,RESOLUCION ADMINISTRATIVA,No 000654-2024-P-CSJLI-PJ,Designan jueces provisionales y supernumerarios en diversos organos jurisdiccionales y conforman la Quinta Sala Contenciosa Administrativa con Subespecialidad en Temas de Mercado de la Corte Superior de Justicia de Lima,https://epdoc2.elperuano.pe/EpPo/DescargaINDA.asp?Referencias=NDNXVldWV1ZXVjlXWUI5V1RNTEhZQkxIOVdfX1lCOVdZQlVOUzhTOExI,20241031
20241017,2335271-1,BANCO CENTRAL DE RESERVA,CIRCULAR,No 0027-2024-BCRP,Ponen en circulacion la primera moneda de la Serie Numismatica denominada Ceramica Precolombina Peruana alusiva al periodo Formativo,https://epdoc2.elperuano.pe/EpPo/DescargaINDA.asp?Referencias=NDNXVldWV1ZXVjlXWUI5V1RNTEhZQkxIOVdfXzlXV1ZMSFVOUzhTOExI,20241031
20241017,2333910-1,FUERO MILITAR POLICIAL,RESOLUCION,No 088-2024-FMP/CE/SG,Formalizan aprobacion del acuerdo del Consejo Ejecutivo del Fuero Militar Policial que aprueba la modificacion del Manual de Clasificador de Cargos respecto a la reclasificacion del cargo estructural de Secretario General de Regimen Especial al de Empleado de Confianza,https://epdoc2.elperuano.pe/EpPo/DescargaINDA.asp?Referencias=NDNXVldWV1ZXVjlXWUI5V1RNTEhZQkxIOVdfX1lCOVdZWFM4UzhTOExI,20241031
20241017,2333787-1,INSTITUCIONES EDUCATIVAS,RESOLUCION,No 465-2023-CU-R-UNS,Renuevan contrato administrativo de servicios de profesional para que continue brindando sus servicios como Secretario Tecnico de Procesos Administrativos Disciplinarios - PAD de la Universidad Nacional del Santa,https://epdoc2.elperuano.pe/EpPo/DescargaINDA.asp?Referencias=NDNXVldWV1ZXVjlXWUI5V1RNTEhZQkxIOVdfX1dWWENXVlM4UzhTOExI,20241031
20241017,2334283-1,INSTITUCIONES EDUCATIVAS,RESOLUCION,No 829-2024-UNTRM/CU,Autorizan viaje de docente principal de la Universidad Nacional Toribio Rodriguez de Mendoza de Amazonas a la Republica de Indonesia en comision de servicios,https://epdoc2.elperuano.pe/EpPo/DescargaINDA.asp?Referencias=NDNXVldWV1ZXVjlXWUI5V1RNTEhZQkxIOVdfX1M4WENMSFRNUzhTOExI,20241031
20241017,2334643-1,INSTITUCIONES EDUCATIVAS,RESOLUCION,No 1212-2024,Autorizan viaje de docente investigador de la Universidad Nacional de San Agustin de Arequipa para participar en evento a realizarse en Chile,https://epdoc2.elperuano.pe/EpPo/DescargaINDA.asp?Referencias=NDNXVldWV1ZXVjlXWUI5V1RNTEhZQkxIOVdfX1M4VE1WQlRNUzhTOExI,20241031
20241017,2334944-1,INSTITUCIONES EDUCATIVAS,RESOLUCION,No 0544-CU-2024,Autorizan viaje de docente de la Universidad Nacional de Piura para que realice pasantia internacional en Colombia,https://epdoc2.elperuano.pe/EpPo/DescargaINDA.asp?Referencias=NDNXVldWV1ZXVjlXWUI5V1RNTEhZQkxIOVdfX1RNVE1ZWFRNUzhTOExI,20241031
20241017,2335078-1,JURADO NACIONAL DE ELECCIONES,RESOLUCION,No 0298-2024-JNE,Requieren a miembros del Concejo Distrital de Nicolas de Pierola provincia de Camana departamento de Arequipa convocar a sesion extraordinaria a fin de resolver el pedido de vacancia solicitado contra regidora,https://epdoc2.elperuano.pe/EpPo/DescargaINDA.asp?Referencias=NDNXVldWV1ZXVjlXWUI5V1RNTEhZQkxIOVdfX1hDV1ZZQlVOUzhTOExI,20241031
20241017,2335089-1,JURADO NACIONAL DE ELECCIONES,RESOLUCION,No 0295-2024-JNE,Declaran la nulidad de lo actuado hasta la citacion de regidor del Concejo Distrital de Uraca provincia de Castilla departamento de Arequipa para que asista a sesion en la que se evaluo su vacancia,https://epdoc2.elperuano.pe/EpPo/DescargaINDA.asp?Referencias=NDNXVldWV1ZXVjlXWUI5V1RNTEhZQkxIOVdfX1lYWENZQlVOUzhTOExI,20241031
20241017,2334436-1,SUPERINTENDENCIA DE BANCA  SEGUROS Y ADMINISTRADORAS PRIVADAS DE FONDOS DE PENSIONES,RESOLUCION,SBS No 03607-2024,Autorizan viaje de funcionario para participar en evento a realizarse en Malasia,https://epdoc2.elperuano.pe/EpPo/DescargaINDA.asp?Referencias=NDNXVldWV1ZXVjlXWUI5V1RNTEhZQkxIOVdfX1ZCUzhUTVRNUzhTOExI,20241031
20241017,2323132-1,GOBIERNO REGIONAL DE UCAYALI,ORDENANZA,No 007-2024-GRU/CR,Aprueban el Reglamento de Conformacion Instalacion y Funcionamiento del Consejo de Coordinacion Regional de Ucayali,https://epdoc2.elperuano.pe/EpPo/DescargaINDA.asp?Referencias=NDNXVldWV1ZXVjlXWUI5V1RNTEhZQkxIOVdfX0xIUzg5V1M4TEhTOExI,20241031
20241017,2331772-1,MUNICIPALIDAD DE EL AGUSTINO,RESOLUCION,No 043-2024-GDUR-MDEA.,Declaran la habilitacion urbana de oficio con rectificacion de linderos y areas de predio con acceso por la avenida Cesar Vallejo del distrito de El Agustino,https://epdoc2.elperuano.pe/EpPo/DescargaINDA.asp?Referencias=NDNXVldWV1ZXVjlXWUI5V1RNTEhZQkxIOVdfX0xIV1ZXVjlXUzhTOExI,20241031
20241016,2334784-1,CONGRESO DE LA REPUBLICA,LEY,No 32136,Ley que autoriza al Seguro Social de Salud (ESSALUD) a reconvertir y asignar plazas vacantes a favor de los trabajadores declarados elegibles en el proceso de promocion interna de esta institucion llevado a cabo en el 2023,https://epdoc2.elperuano.pe/EpPo/DescargaINDA.asp?Referencias=NDNWQlZCVkJWQjlXWUI5V1RNTEhZQkxIOVdfX1RNWENXVlRNUzhTOExI,20241031
20241016,2334784-2,CONGRESO DE LA REPUBLICA,LEY,No 32137,Ley que modifica la Ley 31614 Nueva Ley del Trabajador Porteador respecto a sus condiciones laborales,https://epdoc2.elperuano.pe/EpPo/DescargaINDA.asp?Referencias=NDNWQlZCVkJWQjlXWUI5V1RNTEhZQkxITEhfX1RNWENXVlRNUzhTOExI,20241031
20241016,2334657-1,PRESIDENCIA DEL CONSEJO DE MINISTROS,RESOLUCION,No 020-2024-PCM/SD,Modifican la Resolucion de Secretaria de Descentralizacion No 006-2024-PCM/SD mediante la cual se conformo la Mesa Tecnica para el Desarrollo Territorial de la provincia de Urubamba del departamento de Cusco,https://epdoc2.elperuano.pe/EpPo/DescargaINDA.asp?Referencias=NDNWQlZCVkJWQjlXWUI5V1RNTEhZQkxIOVdfX1dWVU5WQlRNUzhTOExI,20241031
20241016,2334380-1,PRESIDENCIA DEL CONSEJO DE MINISTROS,RESOLUCION MINISTERIAL,No 276-2024-PCM,Autorizan viaje de Jefe de Oficina I de la Oficina de Relaciones Nacionales e Internacionales a Australia y Nueva Zelanda en comision de servicios,https://epdoc2.elperuano.pe/EpPo/DescargaINDA.asp?Referencias=NDNWQlZCVkJWQjlXWUI5V1RNTEhZQkxIOVdfX1lCWENTOFRNUzhTOExI,20241031
20241016,2334783-1,PRESIDENCIA DEL CONSEJO DE MINISTROS,RESOLUCION SUPREMA,No 216-2024-PCM,Autorizan viaje del Ministro de Economia y Finanzas a los EE.UU. y Australia y encargan su Despacho al Ministro de Defensa,https://epdoc2.elperuano.pe/EpPo/DescargaINDA.asp?Referencias=NDNWQlZCVkJWQjlXWUI5V1RNTEhZQkxIOVdfX1M4WENXVlRNUzhTOExI,20241031
20241016,2334777-1,AMBIENTE,RESOLUCION MINISTERIAL,No 00335-2024-MINAM,Modifican la Primera Actualizacion del Listado de Inclusion de los Proyectos de Inversion sujetos al Sistema Nacional de Evaluacion del Impacto Ambiental (SEIA),https://epdoc2.elperuano.pe/EpPo/DescargaINDA.asp?Referencias=NDNWQlZCVkJWQjlXWUI5V1RNTEhZQkxIOVdfX1dWV1ZXVlRNUzhTOExI,20241031
20241016,2334682-1,COMERCIO EXTERIOR Y TURISMO,RESOLUCION MINISTERIAL,No 306-2024-MINCETUR,Autorizan viaje de representante de PROMPERu para participar en eventos a realizarse en Espana,https://epdoc2.elperuano.pe/EpPo/DescargaINDA.asp?Referencias=NDNWQlZCVkJWQjlXWUI5V1RNTEhZQkxIOVdfX0xIWENWQlRNUzhTOExI,20241031
20241016,2334422-1,CULTURA,RESOLUCION MINISTERIAL,No 000381-2024-MC,Modifican la R.M. No 000522-2023-MC mediante la cual se delegan facultades y atribuciones en diversos funcionarios del Ministerio durante el Ano Fiscal 2024,https://epdoc2.elperuano.pe/EpPo/DescargaINDA.asp?Referencias=NDNWQlZCVkJWQjlXWUI5V1RNTEhZQkxIOVdfX0xITEhUTVRNUzhTOExI,20241031
20241016,2333940-1,CULTURA,RESOLUCION VICE MINISTERIAL,No 000298-2024-VMPCIC/MC,Declaran Patrimonio Cultural de la Nacion al Carnaval de Chucuito del distrito de Chucuito en la provincia y departamento de Puno,https://epdoc2.elperuano.pe/EpPo/DescargaINDA.asp?Referencias=NDNWQlZCVkJWQjlXWUI5V1RNTEhZQkxIOVdfX1lCVE1ZWFM4UzhTOExI,20241031
20241016,2334767-1,DEFENSA,RESOLUCION JEFATURAL,No 00100-2024-CENEPRED/J,Autorizan la ejecucion de la Encuesta Nacional de Gestion del Riesgo de Desastres - ENAGERD 2024 (Periodo Anual),https://epdoc2.elperuano.pe/EpPo/DescargaINDA.asp?Referencias=NDNWQlZCVkJWQjlXWUI5V1RNTEhZQkxIOVdfX1dWVkJXVlRNUzhTOExI,20241031
20241016,2334785-1,ECONOMIA Y FINANZAS,DECRETO SUPREMO,No 186-2024-EF,Decreto Supremo que autoriza Transferencia de Partidas en el Presupuesto del Sector Publico para el Ano Fiscal 2024 a favor del Ministerio de Educacion,https://epdoc2.elperuano.pe/EpPo/DescargaINDA.asp?Referencias=NDNWQlZCVkJWQjlXWUI5V1RNTEhZQkxIOVdfX1VOWENXVlRNUzhTOExI,20241031
20241016,2334974-1,EDUCACION,RESOLUCION MINISTERIAL,No 514-2024-MINEDU,Aprueban la Norma Tecnica denominada Disposiciones para la caracterizacion identificacion y registro de instituciones y programas educativos en el Registro Nacional de Instituciones Educativas que brindan el Servicio de Educacion Intercultural Bilingüe y derogan el articulo 3 de la R.M. No 646-2018-MINEDU,https://epdoc2.elperuano.pe/EpPo/DescargaINDA.asp?Referencias=NDNWQlZCVkJWQjlXWUI5V1RNTEhZQkxIOVdfX1RNV1ZZWFRNUzhTOExI,20241031
20241016,2334924-1,EDUCACION,RESOLUCION VICE MINISTERIAL,No 112-2024-MINEDU,Constituyen la Comision Organizadora de la Universidad Nacional del VRAEM,https://epdoc2.elperuano.pe/EpPo/DescargaINDA.asp?Referencias=NDNWQlZCVkJWQjlXWUI5V1RNTEhZQkxIOVdfX1RNTEhZWFRNUzhTOExI,20241031
20241016,2334226-1,ENERGIA Y MINAS,RESOLUCION MINISTERIAL,No 398-2024-MINEM/DM,Otorgan a favor de ATN S.A. concesion definitiva para desarrollar la actividad de transmision de energia electrica en el proyecto Linea de Transmision en 220 kV S.E. Solimana - S.E. Ocona ubicado en el departamento de Arequipa,https://epdoc2.elperuano.pe/EpPo/DescargaINDA.asp?Referencias=NDNWQlZCVkJWQjlXWUI5V1RNTEhZQkxIOVdfX1ZCTEhMSFRNUzhTOExI,20241031
20241016,2334592-1,INTERIOR,RESOLUCION MINISTERIAL,No 1277-2024-IN,Autorizan viaje de Alferez de la Policia Nacional del Peru a Espana en mision de estudios,https://epdoc2.elperuano.pe/EpPo/DescargaINDA.asp?Referencias=NDNWQlZCVkJWQjlXWUI5V1RNTEhZQkxIOVdfX0xIWVhVTlRNUzhTOExI,20241031
20241016,2335221-1,INTERIOR,RESOLUCION MINISTERIAL,No 1281-2024-IN,Disponen la publicacion del proyecto de Decreto Supremo que aprueba el Reglamento de la Ley No 32128 Ley que autoriza un concurso interno excepcional para el cambio de categoria de suboficial a oficial de servicios de la Policia Nacional del Peru el proyecto de Reglamento que forma parte integrante del documento antes citado asi como la exposicion de motivos que lo sustenta,https://epdoc2.elperuano.pe/EpPo/DescargaINDA.asp?Referencias=NDNWQlZCVkJWQjlXWUI5V1RNTEhZQkxIOVdfXzlXTEhMSFVOUzhTOExI,20241031
20241016,2333632-1,PRODUCE,RESOLUCION DIRECTORAL,No 021-2024-INACAL/DN,Aprueban Normas Tecnicas Peruanas en su version 2024,https://epdoc2.elperuano.pe/EpPo/DescargaINDA.asp?Referencias=NDNWQlZCVkJWQjlXWUI5V1RNTEhZQkxIOVdfX0xIUzhWQlM4UzhTOExI,20241031
20241016,2334695-1,PRODUCE,RESOLUCION JEFATURAL,No 000074-2024-FONDEPES/J,Designan Asesor I de la Jefatura del FONDEPES,https://epdoc2.elperuano.pe/EpPo/DescargaINDA.asp?Referencias=NDNWQlZCVkJWQjlXWUI5V1RNTEhZQkxIOVdfX1VOWVhWQlRNUzhTOExI,20241031
20241016,2334678-1,RELACIONES EXTERIORES,RESOLUCION MINISTERIAL,No 0785-2024-RE,Aprueban el Listado de Inversiones Estrategicas en el Plan Estrategico Sectorial Multianual (PESEM) 2024-2030 del Sector Relaciones Exteriores,https://epdoc2.elperuano.pe/EpPo/DescargaINDA.asp?Referencias=NDNWQlZCVkJWQjlXWUI5V1RNTEhZQkxIOVdfX1hDV1ZWQlRNUzhTOExI,20241031
20241016,2334775-1,SALUD,RESOLUCION MINISTERIAL,No 702-2024/MINSA,Autorizan viaje de profesionales de la Direccion General de Medicamentos Insumos y Drogas a Argentina en comision de servicios,https://epdoc2.elperuano.pe/EpPo/DescargaINDA.asp?Referencias=NDNWQlZCVkJWQjlXWUI5V1RNTEhZQkxIOVdfX1VOV1ZXVlRNUzhTOExI,20241031
20241016,2334776-1,SALUD,RESOLUCION MINISTERIAL,No 703-2024/MINSA,Autorizan viaje de profesionales de la Direccion General de Medicamentos Insumos y Drogas a Mexico en comision de servicios,https://epdoc2.elperuano.pe/EpPo/DescargaINDA.asp?Referencias=NDNWQlZCVkJWQjlXWUI5V1RNTEhZQkxIOVdfX1ZCV1ZXVlRNUzhTOExI,20241031
20241016,2334778-1,SALUD,RESOLUCION MINISTERIAL,No 704-2024/MINSA,Autorizan viaje de profesionales de la Direccion General de Medicamentos Insumos y Drogas a Panama en comision de servicios,https://epdoc2.elperuano.pe/EpPo/DescargaINDA.asp?Referencias=NDNWQlZCVkJWQjlXWUI5V1RNTEhZQkxIOVdfX1hDV1ZXVlRNUzhTOExI,20241031
20241016,2333967-1,TRANSPORTES Y COMUNICACIONES,RESOLUCION DIRECTORAL,No 0600-2024-MTC/17.03,Autorizan a la empresa REVIAUTO REVISIONES TECNICAS VEHICULARES E.I.R.L. para operar como Centro de Inspeccion Tecnica Vehicular Fijo en local ubicado en el departamento de Tacna,https://epdoc2.elperuano.pe/EpPo/DescargaINDA.asp?Referencias=NDNWQlZCVkJWQjlXWUI5V1RNTEhZQkxIOVdfX1dWVkJZWFM4UzhTOExI,20241031
20241016,2334426-1,TRANSPORTES Y COMUNICACIONES,RESOLUCION MINISTERIAL,No 594-2024-MTC/01.02,Autorizan viaje de inspector de la Direccion General de Aeronautica Civil a los Estados Unidos de America en comision de servicios,https://epdoc2.elperuano.pe/EpPo/DescargaINDA.asp?Referencias=NDNWQlZCVkJWQjlXWUI5V1RNTEhZQkxIOVdfX1ZCTEhUTVRNUzhTOExI,20241031
20241016,2334294-1,BIBLIOTECA NACIONAL DEL PERU,RESOLUCION JEFATURAL,No 000158-2024-BNP,Aprueban la Directiva denominada Disposiciones para la Aceptacion de Donaciones de Material Bibliografico Documental en la Biblioteca Nacional del Peru,https://epdoc2.elperuano.pe/EpPo/DescargaINDA.asp?Referencias=NDNWQlZCVkJWQjlXWUI5V1RNTEhZQkxIOVdfX1RNWVhMSFRNUzhTOExI,20241031
20241016,2334296-1,BIBLIOTECA NACIONAL DEL PERU,RESOLUCION JEFATURAL,No 000159-2024-BNP,Aprueban la Directiva denominada Disposiciones para la entrega de material bibliografico documental para promover la creacion o fortalecimiento de bibliotecas,https://epdoc2.elperuano.pe/EpPo/DescargaINDA.asp?Referencias=NDNWQlZCVkJWQjlXWUI5V1RNTEhZQkxIOVdfX1ZCWVhMSFRNUzhTOExI,20241031
20241016,2334793-1,BIBLIOTECA NACIONAL DEL PERU,RESOLUCION JEFATURAL,No 000168-2024-BNP,Designan Directora de la Direccion de Proteccion de las Colecciones,https://epdoc2.elperuano.pe/EpPo/DescargaINDA.asp?Referencias=NDNWQlZCVkJWQjlXWUI5V1RNTEhZQkxIOVdfX1M4WVhXVlRNUzhTOExI,20241031
20241016,2334891-1,BIBLIOTECA NACIONAL DEL PERU,RESOLUCION JEFATURAL,No 000169-2024-BNP,Designan Asesora II de la Jefatura de la Biblioteca Nacional del Peru y Oficial de Mejora de Calidad Regulatoria,https://epdoc2.elperuano.pe/EpPo/DescargaINDA.asp?Referencias=NDNWQlZCVkJWQjlXWUI5V1RNTEhZQkxIOVdfXzlXWVhYQ1RNUzhTOExI,20241031
20241016,2334264-1,ORGANISMO SUPERVISOR DE INVERSION PRIVADA EN TELECOMUNICACIONES,RESOLUCION,No 00220-2024-CD/OSIPTEL,Aprueban la publicacion del Proyecto de Norma que modifica el Reglamento de Solucion de Controversias entre Empresas aprobado por Resolucion de Consejo Directivo No 248-2021-CD/OSIPTEL,https://epdoc2.elperuano.pe/EpPo/DescargaINDA.asp?Referencias=NDNWQlZCVkJWQjlXWUI5V1RNTEhZQkxIOVdfX1RNVkJMSFRNUzhTOExI,20241031
20241016,2334355-1,AUTORIDAD DE TRANSPORTE URBANO PARA LIMA Y CALLAO,RESOLUCION,No 219-2024-ATU/PE,Autorizan transferencia financiera a municipalidades distritales de la provincia de Lima que celebraron convenios de cooperacion interinstitucional para fiscalizar el servicio publico de transporte terrestre de personas,https://epdoc2.elperuano.pe/EpPo/DescargaINDA.asp?Referencias=NDNWQlZCVkJWQjlXWUI5V1RNTEhZQkxIOVdfX1VOVU5TOFRNUzhTOExI,20241031
20241016,2334604-1,AUTORIDAD NACIONAL DEL AGUA,RESOLUCION JEFATURAL,No 0404-2024-ANA,Designan Subdirectora de la Unidad de Abastecimiento y Patrimonio de la Oficina de Administracion de la Autoridad Nacional del Agua,https://epdoc2.elperuano.pe/EpPo/DescargaINDA.asp?Referencias=NDNWQlZCVkJWQjlXWUI5V1RNTEhZQkxIOVdfX1RNWUJWQlRNUzhTOExI,20241031
20241016,2334339-1,SERVICIO NACIONAL DE AREAS NATURALES PROTEGIDAS POR EL ESTADO,RESOLUCION,No 000179-2024-SERNANP/J-SGD,Aprueban el Plan Maestro del Parque Nacional Alto Purus periodo 2024-2029,https://epdoc2.elperuano.pe/EpPo/DescargaINDA.asp?Referencias=NDNWQlZCVkJWQjlXWUI5V1RNTEhZQkxIOVdfX1lYUzhTOFRNUzhTOExI,20241031
20241016,2334414-1,SERVICIO NACIONAL DE AREAS NATURALES PROTEGIDAS POR EL ESTADO,RESOLUCION,No 000180-2024-SERNANP/J-SGD,Aprueban el Plan Maestro de la Reserva Comunal Purus periodo 2024-2029,https://epdoc2.elperuano.pe/EpPo/DescargaINDA.asp?Referencias=NDNWQlZCVkJWQjlXWUI5V1RNTEhZQkxIOVdfX1RNOVdUTVRNUzhTOExI,20241031
20241016,2334542-1,SUPERINTENDENCIA NACIONAL DE MIGRACIONES,RESOLUCION,No 000183-2024-MIGRACIONES,Autorizan la transferencia al Registro Nacional de Identificacion y Estado Civil - RENIEC de documentos de la serie documental Hijos de Peruanos Nacidos en el Extranjero,https://epdoc2.elperuano.pe/EpPo/DescargaINDA.asp?Referencias=NDNWQlZCVkJWQjlXWUI5V1RNTEhZQkxIOVdfX0xIVE1VTlRNUzhTOExI,20241031
20241016,2334285-1,CORTES SUPERIORES DE JUSTICIA,RESOLUCION ADMINISTRATIVA,No 000649-2024-P-CSJLI-PJ,Establecen conformacion de diversas salas de la Corte Superior de Justicia de Lima y dictan otras disposiciones,https://epdoc2.elperuano.pe/EpPo/DescargaINDA.asp?Referencias=NDNWQlZCVkJWQjlXWUI5V1RNTEhZQkxIOVdfX1VOWENMSFRNUzhTOExI,20241031
20241016,2334289-1,CORTES SUPERIORES DE JUSTICIA,RESOLUCION ADMINISTRATIVA,No 000650-2024-P-CSJLI-PJ,Designan Presidente de la Corte Superior de Justicia de Lima,https://epdoc2.elperuano.pe/EpPo/DescargaINDA.asp?Referencias=NDNWQlZCVkJWQjlXWUI5V1RNTEhZQkxIOVdfX1lYWENMSFRNUzhTOExI,20241031
20241016,2334489-1,CONTRALORIA GENERAL DE LA REPUBLICA,RESOLUCION,No 614-2024-CG,Autorizan viaje de funcionarios a la Republica de Panama en comision de servicios,https://epdoc2.elperuano.pe/EpPo/DescargaINDA.asp?Referencias=NDNWQlZCVkJWQjlXWUI5V1RNTEhZQkxIOVdfX1lYWENUTVRNUzhTOExI,20241031
20241016,2334491-1,CONTRALORIA GENERAL DE LA REPUBLICA,RESOLUCION,No 615-2024-CG,Autorizan viaje de profesional a la Republica arabe de Egipto en comision de servicios,https://epdoc2.elperuano.pe/EpPo/DescargaINDA.asp?Referencias=NDNWQlZCVkJWQjlXWUI5V1RNTEhZQkxIOVdfXzlXWVhUTVRNUzhTOExI,20241031
20241016,2333913-1,FUERO MILITAR POLICIAL,RESOLUCION ADMINISTRATIVA,No 133-2024-FMP/DE/SG,Modifican la Resolucion Administrativa No 018-2024-FMP/DE sobre delegacion de facultades y atribuciones en el Director Ejecutivo del Fuero Militar Policial,https://epdoc2.elperuano.pe/EpPo/DescargaINDA.asp?Referencias=NDNWQlZCVkJWQjlXWUI5V1RNTEhZQkxIOVdfX1M4OVdZWFM4UzhTOExI,20241031
20241016,2333921-1,FUERO MILITAR POLICIAL,RESOLUCION ADMINISTRATIVA,No 140-2024-FMP/DE,Designan Sub Jefe del organo de Control de la Magistratura Militar Policial (OCMAG-MP) quien tambien asumira funcionalmente la Jefatura del Departamento de Investigaciones del (OCMAG-MP) del Fuero Militar Policial,https://epdoc2.elperuano.pe/EpPo/DescargaINDA.asp?Referencias=NDNWQlZCVkJWQjlXWUI5V1RNTEhZQkxIOVdfXzlXTEhZWFM4UzhTOExI,20241031
20241016,2334088-1,FUERO MILITAR POLICIAL,RESOLUCION ADMINISTRATIVA,No 090-2024-FMP/CE/SG,Designan Secretario General del Fuero Militar Policial,https://epdoc2.elperuano.pe/EpPo/DescargaINDA.asp?Referencias=NDNWQlZCVkJWQjlXWUI5V1RNTEhZQkxIOVdfX1hDWENZQlRNUzhTOExI,20241031
20241016,2334090-1,FUERO MILITAR POLICIAL,RESOLUCION ADMINISTRATIVA,No 089-2024-FMP/CE/SG,Dan por concluida designacion de Secretaria General del Fuero Militar Policial,https://epdoc2.elperuano.pe/EpPo/DescargaINDA.asp?Referencias=NDNWQlZCVkJWQjlXWUI5V1RNTEhZQkxIOVdfX1lCWVhZQlRNUzhTOExI,20241031
20241016,2333318-1,INSTITUCIONES EDUCATIVAS,RESOLUCION,No 242-2024-R-UNAMBA,Autorizan viaje de Jefe de la Oficina de Cooperacion y Relaciones Internacionales de la Universidad Nacional Micaela Bastidas de Apurimac a Argentina en comision de servicios,https://epdoc2.elperuano.pe/EpPo/DescargaINDA.asp?Referencias=NDNWQlZCVkJWQjlXWUI5V1RNTEhZQkxIOVdfX1hDOVdTOFM4UzhTOExI,20241031
20241016,2334168-1,INSTITUCIONES EDUCATIVAS,RESOLUCION,No 1200-2024,Autorizan viaje de docente de la Universidad Nacional de San Agustin de Arequipa para que participe en Taller de Lectura y Escritura Academica de la UNESCO a realizarse en Chile,https://epdoc2.elperuano.pe/EpPo/DescargaINDA.asp?Referencias=NDNWQlZCVkJWQjlXWUI5V1RNTEhZQkxIOVdfX1hDVkI5V1RNUzhTOExI,20241031
20241016,2334324-9,MINISTERIO PUBLICO,FE DE ERRATA,Res. No 2177-2024-MP-FN,FE DE ERRATA,https://epdoc2.elperuano.pe/EpPo/DescargaINDA.asp?Referencias=NDNWQlZCVkJWQjlXWUI5V1RNTEhZQkxIWVhfX1RNTEhTOFRNUzhTOExI,20241031
20241016,2334324-1,MINISTERIO PUBLICO,RESOLUCION,No 2247-2024-MP-FN,Establecen periodo de vigencia de nombramientos y designaciones de fiscales que se encuentran en ejercicio de sus funciones en los Distritos Fiscales de Canete Huaura y Sullana,https://epdoc2.elperuano.pe/EpPo/DescargaINDA.asp?Referencias=NDNWQlZCVkJWQjlXWUI5V1RNTEhZQkxIOVdfX1RNTEhTOFRNUzhTOExI,20241031
20241016,2334324-2,MINISTERIO PUBLICO,RESOLUCION,No 2248-2024-MP-FN,Establecen periodo de vigencia de nombramientos y designaciones de fiscales que se encuentran en ejercicio de sus funciones en los Distritos Fiscales de Amazonas Apurimac Huancavelica Piura y Selva Central,https://epdoc2.elperuano.pe/EpPo/DescargaINDA.asp?Referencias=NDNWQlZCVkJWQjlXWUI5V1RNTEhZQkxITEhfX1RNTEhTOFRNUzhTOExI,20241031
20241016,2334324-3,MINISTERIO PUBLICO,RESOLUCION,No 2249-2024-MP-FN,Establecen periodo de vigencia de nombramientos y designaciones de fiscales que se encuentran en ejercicio de sus funciones en los Distritos Fiscales de Cajamarca Madre de Dios del Santa Tacna y Tumbes,https://epdoc2.elperuano.pe/EpPo/DescargaINDA.asp?Referencias=NDNWQlZCVkJWQjlXWUI5V1RNTEhZQkxIUzhfX1RNTEhTOFRNUzhTOExI,20241031
20241016,2334324-4,MINISTERIO PUBLICO,RESOLUCION,No 2250-2024-MP-FN,Establecen periodo de vigencia de nombramientos y designaciones de fiscales que se encuentran en ejercicio de sus funciones en los Distritos Fiscales de ancash La Libertad Lambayeque Puno y Ucayali,https://epdoc2.elperuano.pe/EpPo/DescargaINDA.asp?Referencias=NDNWQlZCVkJWQjlXWUI5V1RNTEhZQkxIVE1fX1RNTEhTOFRNUzhTOExI,20241031
20241016,2334324-5,MINISTERIO PUBLICO,RESOLUCION,No 2251-2024-MP-FN,Establecen periodo de vigencia de nombramientos y designaciones de fiscales que se encuentran en ejercicio de sus funciones en los Distritos Fiscales de Huanuco Loreto y San Martin,https://epdoc2.elperuano.pe/EpPo/DescargaINDA.asp?Referencias=NDNWQlZCVkJWQjlXWUI5V1RNTEhZQkxIVU5fX1RNTEhTOFRNUzhTOExI,20241031
20241016,2334324-6,MINISTERIO PUBLICO,RESOLUCION,No 2252-2024-MP-FN,Establecen periodo de vigencia de nombramientos y designaciones de fiscales que se encuentran en ejercicio de sus funciones en los Distritos Fiscales de Arequipa y Ayacucho,https://epdoc2.elperuano.pe/EpPo/DescargaINDA.asp?Referencias=NDNWQlZCVkJWQjlXWUI5V1RNTEhZQkxIVkJfX1RNTEhTOFRNUzhTOExI,20241031
20241016,2334324-7,MINISTERIO PUBLICO,RESOLUCION,No 2253-2024-MP-FN,Establecen periodo de vigencia de nombramientos y designaciones de fiscales que se encuentran en ejercicio de sus funciones en los Distritos Fiscales del Callao Cusco y Junin,https://epdoc2.elperuano.pe/EpPo/DescargaINDA.asp?Referencias=NDNWQlZCVkJWQjlXWUI5V1RNTEhZQkxIV1ZfX1RNTEhTOFRNUzhTOExI,20241031
20241016,2334324-8,MINISTERIO PUBLICO,RESOLUCION,No 2254-2024-MP-FN,Establecen periodo de vigencia de nombramientos y designaciones de fiscales que se encuentran en ejercicio de sus funciones en los Distritos Fiscales de Lima Este Lima Norte Lima Noroeste y Lima Sur,https://epdoc2.elperuano.pe/EpPo/DescargaINDA.asp?Referencias=NDNWQlZCVkJWQjlXWUI5V1RNTEhZQkxIWENfX1RNTEhTOFRNUzhTOExI,20241031
20241016,2334572-1,MINISTERIO PUBLICO,RESOLUCION,No 2261-2024-MP-FN,Proclaman Presidente de la Junta de Fiscales Superiores del Distrito Fiscal de Piura para completar el periodo 2023 - 2024,https://epdoc2.elperuano.pe/EpPo/DescargaINDA.asp?Referencias=NDNWQlZCVkJWQjlXWUI5V1RNTEhZQkxIOVdfX0xIV1ZVTlRNUzhTOExI,20241031
20241016,2334572-2,MINISTERIO PUBLICO,RESOLUCION,No 2262-2024-MP-FN,Dejan sin efecto la Resolucion de la Fiscalia de la Nacion No 2197-2024-MP-FN,https://epdoc2.elperuano.pe/EpPo/DescargaINDA.asp?Referencias=NDNWQlZCVkJWQjlXWUI5V1RNTEhZQkxITEhfX0xIV1ZVTlRNUzhTOExI,20241031
20241016,2333916-1,SUPERINTENDENCIA DE BANCA  SEGUROS Y ADMINISTRADORAS PRIVADAS DE FONDOS DE PENSIONES,RESOLUCION,SBS No 03600-2024,Autorizan viaje de Coordinador General de Inteligencia Financiera de la Unidad de Inteligencia Financiera del Peru para participar en evento a realizarse en Francia,https://epdoc2.elperuano.pe/EpPo/DescargaINDA.asp?Referencias=NDNWQlZCVkJWQjlXWUI5V1RNTEhZQkxIOVdfX1ZCOVdZWFM4UzhTOExI,20241031
20241016,2334556-1,TRIBUNAL CONSTITUCIONAL,RESOLUCION ADMINISTRATIVA,No 165-2024-P/TC,Modifican la Resolucion Administrativa 161-2024-P/TC que otorga licencia a magistrados para que asistan a evento que se realizara en Mexico,https://epdoc2.elperuano.pe/EpPo/DescargaINDA.asp?Referencias=NDNWQlZCVkJWQjlXWUI5V1RNTEhZQkxIOVdfX1ZCVU5VTlRNUzhTOExI,20241031
20241016,2315232-1,GOBIERNO REGIONAL DE TUMBES,ACUERDO,No 089-2024/GOB.REG.TUMBES-CR-CD,Autorizan viaje de Vicegobernadora Regional a Colombia en comision de servicios,https://epdoc2.elperuano.pe/EpPo/DescargaINDA.asp?Referencias=NDNWQlZCVkJWQjlXWUI5V1RNTEhZQkxIOVdfX0xIUzhMSFVOOVdTOExI,20241031
20241016,2331452-1,MUNICIPALIDAD DE EL AGUSTINO,DECRETO DE ALCALDIA,No 014-2024-MDEA,Prorrogan vigencia de la Ordenanza No 749-2024-MDEA que establece beneficios tributarios y no tributarios a favor de contribuyentes del distrito de El Agustino,https://epdoc2.elperuano.pe/EpPo/DescargaINDA.asp?Referencias=NDNWQlZCVkJWQjlXWUI5V1RNTEhZQkxIOVdfX0xIVU5UTTlXUzhTOExI,20241031
20241016,2334361-1,MUNICIPALIDAD DE INDEPENDENCIA,ORDENANZA,No D000486-2024-AL-MDI,Ordenanza que fortalece la seguridad ciudadana en el distrito de Independencia durante el periodo de estado de emergencia,https://epdoc2.elperuano.pe/EpPo/DescargaINDA.asp?Referencias=NDNWQlZCVkJWQjlXWUI5V1RNTEhZQkxIOVdfXzlXVkJTOFRNUzhTOExI,20241031
20241016,2334361-2,MUNICIPALIDAD DE INDEPENDENCIA,ORDENANZA,No D000485-2024-AL-MDI,Ordenanza que aprueba beneficios extraordinarios para la cancelacion de obligaciones no tributarias por concepto de multas administrativas en el distrito de Independencia,https://epdoc2.elperuano.pe/EpPo/DescargaINDA.asp?Referencias=NDNWQlZCVkJWQjlXWUI5V1RNTEhZQkxITEhfXzlXVkJTOFRNUzhTOExI,20241031
20241016,2332715-1,MUNICIPALIDAD DE LURIN,ORDENANZA,No 507-2024/MDL,Regularizan el procedimiento de autorizacion para la realizacion de eventos y/o espectaculos publicos deportivos y no deportivos en el distrito,https://epdoc2.elperuano.pe/EpPo/DescargaINDA.asp?Referencias=NDNWQlZCVkJWQjlXWUI5V1RNTEhZQkxIOVdfX1VOOVdXVkxIUzhTOExI,20241031
20241016,2334805-1,MUNICIPALIDAD DE MIRAFLORES,RESOLUCION DE ALCALDIA,No 248-2024-A/MM,Disponen la publicacion del proyecto normativo que Deroga la Ordenanza No 618/MM Ordenanza que establece regula y promueve condiciones para edificaciones sostenibles en el distrito de Miraflores,https://epdoc2.elperuano.pe/EpPo/DescargaINDA.asp?Referencias=NDNWQlZCVkJWQjlXWUI5V1RNTEhZQkxIOVdfX1VOWUJYQ1RNUzhTOExI,20241031
20241016,2334808-1,MUNICIPALIDAD DE MIRAFLORES,RESOLUCION DE ALCALDIA,No 249-2024-A/MM,Disponen la publicacion del proyecto normativo Reglamento de evaluacion de solicitudes de sustitucion de pago dinerario por la entrega de bienes muebles conforme a lo dispuesto por la Ordenanza No 645/MM y modificatoria juntamente con el proyecto de decreto de alcaldia que lo aprueba,https://epdoc2.elperuano.pe/EpPo/DescargaINDA.asp?Referencias=NDNWQlZCVkJWQjlXWUI5V1RNTEhZQkxIOVdfX1hDWUJYQ1RNUzhTOExI,20241031
20241016,2333790-1,MUNICIPALIDAD DE PUENTE PIEDRA,ORDENANZA,No 457-MDPP,Establecen beneficios por la regularizacion de la declaracion jurada y descuentos por deudas tributarias y no tributarias,https://epdoc2.elperuano.pe/EpPo/DescargaINDA.asp?Referencias=NDNWQlZCVkJWQjlXWUI5V1RNTEhZQkxIOVdfX1lCWVhXVlM4UzhTOExI,20241031
20241016,2331071-1,MUNICIPALIDAD DE VENTANILLA,ORDENANZA,No 010-2024/MDV,Aprueban opinion tecnica favorable respecto al cambio de zonificacion de predio ubicado en el AA.HH. Maria Jesus Espinoza con titular registral el Estado representado por la Municiplidad Provincial del Callao de Zona de Recreacion Publica (ZRP) a Comercio Local (CL),https://epdoc2.elperuano.pe/EpPo/DescargaINDA.asp?Referencias=NDNWQlZCVkJWQjlXWUI5V1RNTEhZQkxIOVdfXzlXV1ZZQjlXUzhTOExI,20241031
20241015,2334278-1,CONGRESO DE LA REPUBLICA,LEY,No 32133,Ley que declara de necesidad publica e interes nacional la creacion de la Autoridad Multisectorial del Valle de los Rios Apurimac Ene y Mantaro,https://epdoc2.elperuano.pe/EpPo/DescargaINDA.asp?Referencias=NDNVTlVOVU5VTjlXWUI5V1RNTEhZQkxIOVdfX1hDV1ZMSFRNUzhTOExI,20241031
20241015,2334278-2,CONGRESO DE LA REPUBLICA,LEY,No 32134,Ley de saneamiento del limite entre los departamentos de Arequipa y Cusco en siete tramos,https://epdoc2.elperuano.pe/EpPo/DescargaINDA.asp?Referencias=NDNVTlVOVU5VTjlXWUI5V1RNTEhZQkxITEhfX1hDV1ZMSFRNUzhTOExI,20241031
20241015,2334278-3,CONGRESO DE LA REPUBLICA,LEY,No 32135,Ley de reforma constitucional que incorpora la disposicion transitoria especial cuarta en la Constitucion Politica del Peru para autorizar excepcionalmente la elaboracion y aprobacion de reglamentos,https://epdoc2.elperuano.pe/EpPo/DescargaINDA.asp?Referencias=NDNVTlVOVU5VTjlXWUI5V1RNTEhZQkxIUzhfX1hDV1ZMSFRNUzhTOExI,20241031
20241015,2334270-1,AMBIENTE,RESOLUCION MINISTERIAL,No 00329-2024-MINAM,Disponen publicacion del proyecto de Reglamento de la Ley No 32099 Ley para la proteccion conservacion y uso sostenible de los humedales en el territorio nacional del proyecto de Decreto Supremo que lo aprueba asi como de su Exposicion de Motivos,https://epdoc2.elperuano.pe/EpPo/DescargaINDA.asp?Referencias=NDNVTlVOVU5VTjlXWUI5V1RNTEhZQkxIOVdfX1lCV1ZMSFRNUzhTOExI,20241031
20241015,2334273-1,AMBIENTE,RESOLUCION MINISTERIAL,No 00328-2024-MINAM,Modifican la R.M. No 0296-2023-MINAM que crea el Grupo de Trabajo Multisectorial de naturaleza temporal con el objeto de formular propuestas tecnicas que ayuden a la creacion implementacion y gestion articulada del Jardin Botanico Nacional,https://epdoc2.elperuano.pe/EpPo/DescargaINDA.asp?Referencias=NDNVTlVOVU5VTjlXWUI5V1RNTEhZQkxIOVdfX1M4V1ZMSFRNUzhTOExI,20241031
20241015,2334278-5,AMBIENTE,RESOLUCION SUPREMA,No 017-2024-MINAM,Aceptan renuncia de vocal del Tribunal de Solucion de Controversias Ambientales del Ministerio del Ambiente,https://epdoc2.elperuano.pe/EpPo/DescargaINDA.asp?Referencias=NDNVTlVOVU5VTjlXWUI5V1RNTEhZQkxIVU5fX1hDV1ZMSFRNUzhTOExI,20241031
20241015,2333786-1,CULTURA,RESOLUCION VICE MINISTERIAL,No 000041-2024-VMI/MC,Inscriben a ciudadanos y ciudadanas en el Registro Nacional de Interpretes y Traductores de Lenguas Indigenas u Originarias del Ministerio de Cultura,https://epdoc2.elperuano.pe/EpPo/DescargaINDA.asp?Referencias=NDNVTlVOVU5VTjlXWUI5V1RNTEhZQkxIOVdfX1ZCWENXVlM4UzhTOExI,20241031
20241015,2334769-1,DEFENSA,RESOLUCION SUPREMA,No 115-2024-DE,Designan a General de Brigada EP en el cargo de Delegado Alterno de la Delegacion del Peru ante la Junta Interamericana de Defensa Organizacion de los Estados Americanos (JID-OEA) en los EE.UU.,https://epdoc2.elperuano.pe/EpPo/DescargaINDA.asp?Referencias=NDNVTlVOVU5VTjlXWUI5V1RNTEhZQkxIOVdfX1lYVkJXVlRNUzhTOExI,20241031
20241015,2334769-2,DEFENSA,RESOLUCION SUPREMA,No 116-2024-DE,Designan a Tecnico Jefe EP en el cargo de Asistente en la Seccion de Logistica - Seguridad de Instalaciones en la Secretaria de la Junta Interamericana de Defensa (JID) ante la Organizacion de los Estados Americanos (OEA) en los EE.UU.,https://epdoc2.elperuano.pe/EpPo/DescargaINDA.asp?Referencias=NDNVTlVOVU5VTjlXWUI5V1RNTEhZQkxITEhfX1lYVkJXVlRNUzhTOExI,20241031
20241015,2334175-1,ECONOMIA Y FINANZAS,RESOLUCION MINISTERIAL,No 322-2024-EF/52,Resolucion Ministerial que autoriza a la Empresa Regional de Servicio Publico de Electricidad Electronoroeste Sociedad Anonima a concertar una operacion de endeudamiento interno sin la garantia del Gobierno Nacional,https://epdoc2.elperuano.pe/EpPo/DescargaINDA.asp?Referencias=NDNVTlVOVU5VTjlXWUI5V1RNTEhZQkxIOVdfX1VOV1Y5V1RNUzhTOExI,20241031
20241015,2334255-1,EDUCACION,RESOLUCION MINISTERIAL,No 508-2024-MINEDU,Designan Jefa de la Oficina de Gestion del Desarrollo y la Capacitacion de la Oficina General de Recursos Humanos,https://epdoc2.elperuano.pe/EpPo/DescargaINDA.asp?Referencias=NDNVTlVOVU5VTjlXWUI5V1RNTEhZQkxIOVdfX1VOVU5MSFRNUzhTOExI,20241031
20241015,2334257-1,ENERGIA Y MINAS,RESOLUCION MINISTERIAL,No 399-2024-MINEM/DM,Autorizan transferencia financiera de recursos a favor del Gobierno Regional de Junin,https://epdoc2.elperuano.pe/EpPo/DescargaINDA.asp?Referencias=NDNVTlVOVU5VTjlXWUI5V1RNTEhZQkxIOVdfX1dWVU5MSFRNUzhTOExI,20241031
20241015,2334262-1,ENERGIA Y MINAS,RESOLUCION MINISTERIAL,No 400-2024-MINEM/DM,Autorizan transferencia financiera de recursos a favor del Gobierno Regional de Cajamarca,https://epdoc2.elperuano.pe/EpPo/DescargaINDA.asp?Referencias=NDNVTlVOVU5VTjlXWUI5V1RNTEhZQkxIOVdfX0xIVkJMSFRNUzhTOExI,20241031
20241015,2334263-1,ENERGIA Y MINAS,RESOLUCION MINISTERIAL,No 401-2024-MINEM/DM,Autorizan transferencia financiera de recursos a favor del Gobierno Regional de Cusco,https://epdoc2.elperuano.pe/EpPo/DescargaINDA.asp?Referencias=NDNVTlVOVU5VTjlXWUI5V1RNTEhZQkxIOVdfX1M4VkJMSFRNUzhTOExI,20241031
20241015,2334265-1,ENERGIA Y MINAS,RESOLUCION MINISTERIAL,No 402-2024-MINEM/DM,Autorizan transferencia financiera de recursos a favor del Gobierno Regional de Madre de Dios,https://epdoc2.elperuano.pe/EpPo/DescargaINDA.asp?Referencias=NDNVTlVOVU5VTjlXWUI5V1RNTEhZQkxIOVdfX1VOVkJMSFRNUzhTOExI,20241031
20241015,2334377-1,JUSTICIA Y DERECHOS HUMANOS,RESOLUCION,No 0269-2024-JUS,Modifican el Reglamento Interno de las/los Servidores Civiles del Ministerio de Justicia y Derechos Humanos,https://epdoc2.elperuano.pe/EpPo/DescargaINDA.asp?Referencias=NDNVTlVOVU5VTjlXWUI5V1RNTEhZQkxIOVdfX1dWV1ZTOFRNUzhTOExI,20241031
20241015,2334780-1,JUSTICIA Y DERECHOS HUMANOS,RESOLUCION MINISTERIAL,No 0265-2024-JUS,Autorizan viaje de Procuradora Publica Ad Hoc Adjunta para el caso Odebrecht y otras a Uruguay en comision de servicios,https://epdoc2.elperuano.pe/EpPo/DescargaINDA.asp?Referencias=NDNVTlVOVU5VTjlXWUI5V1RNTEhZQkxIOVdfX1lCWENXVlRNUzhTOExI,20241031
20241015,2333118-1,PRODUCE,RESOLUCION DIRECTORAL,No 019-2024-INACAL/DN,Aprueban Normas Tecnicas Peruanas y Textos afines en su version 2024,https://epdoc2.elperuano.pe/EpPo/DescargaINDA.asp?Referencias=NDNVTlVOVU5VTjlXWUI5V1RNTEhZQkxIOVdfX1hDOVc5V1M4UzhTOExI,20241031
20241015,2333133-1,PRODUCE,RESOLUCION DIRECTORAL,No 020-2024-INACAL/DN,Aprueban Normas Tecnicas Peruanas y textos afines en su version 2024,https://epdoc2.elperuano.pe/EpPo/DescargaINDA.asp?Referencias=NDNVTlVOVU5VTjlXWUI5V1RNTEhZQkxIOVdfX1M4Uzg5V1M4UzhTOExI,20241031
20241015,2334356-1,RELACIONES EXTERIORES,RESOLUCION MINISTERIAL,No 0783-2024-RE,Autorizan viaje de funcionaria diplomatica a Costa Rica en comision de servicios,https://epdoc2.elperuano.pe/EpPo/DescargaINDA.asp?Referencias=NDNVTlVOVU5VTjlXWUI5V1RNTEhZQkxIOVdfX1ZCVU5TOFRNUzhTOExI,20241031
20241015,2334278-4,RELACIONES EXTERIORES,RESOLUCION SUPREMA,No 189-2024-RE,Amplian numero de vacantes para el proceso de promociones de los funcionarios diplomaticos aptos para ser ascendidos a las categorias de Embajador y Ministro con fecha 01 de enero de 2025,https://epdoc2.elperuano.pe/EpPo/DescargaINDA.asp?Referencias=NDNVTlVOVU5VTjlXWUI5V1RNTEhZQkxIVE1fX1hDV1ZMSFRNUzhTOExI,20241031
20241015,2334560-1,SALUD,RESOLUCION MINISTERIAL,No 698-2024/MINSA,Designan Director General de la Direccion General de Salud Ambiental e Inocuidad Alimentaria,https://epdoc2.elperuano.pe/EpPo/DescargaINDA.asp?Referencias=NDNVTlVOVU5VTjlXWUI5V1RNTEhZQkxIOVdfX1lCVkJVTlRNUzhTOExI,20241031
20241015,2334277-1,TRANSPORTES Y COMUNICACIONES,RESOLUCION MINISTERIAL,No 593-2024-MTC/01.02,Autorizan viaje de inspectores de la Direccion General de Aeronautica Civil a Brasil en comision de servicios,https://epdoc2.elperuano.pe/EpPo/DescargaINDA.asp?Referencias=NDNVTlVOVU5VTjlXWUI5V1RNTEhZQkxIOVdfX1dWV1ZMSFRNUzhTOExI,20241031
20241015,2334238-1,VIVIENDA  CONSTRUCCIoN Y SANEAMIENTO,RESOLUCION DIRECTORAL,No 267-2024/VIVIENDA/VMCS/PNSR,Designan de Coordinadora de la Sub Unidad de Abastecimiento y Control Patrimonial de la Unidad de Administracion del Programa Nacional de Saneamiento Rural,https://epdoc2.elperuano.pe/EpPo/DescargaINDA.asp?Referencias=NDNVTlVOVU5VTjlXWUI5V1RNTEhZQkxIOVdfX1hDUzhMSFRNUzhTOExI,20241031
20241015,2334245-1,VIVIENDA  CONSTRUCCIoN Y SANEAMIENTO,RESOLUCION DIRECTORAL,No 268-2024/VIVIENDA/VMCS/PNSR,Designan Coordinadora de la Sub Unidad de Ejecucion de Proyectos de la Unidad Tecnica de Proyectos del Programa Nacional de Saneamiento Rural,https://epdoc2.elperuano.pe/EpPo/DescargaINDA.asp?Referencias=NDNVTlVOVU5VTjlXWUI5V1RNTEhZQkxIOVdfX1VOVE1MSFRNUzhTOExI,20241031
20241015,2334174-1,VIVIENDA  CONSTRUCCIoN Y SANEAMIENTO,RESOLUCION MINISTERIAL,No 396-2024-VIVIENDA,Designan Asesora II del Despacho Ministerial,https://epdoc2.elperuano.pe/EpPo/DescargaINDA.asp?Referencias=NDNVTlVOVU5VTjlXWUI5V1RNTEhZQkxIOVdfX1RNV1Y5V1RNUzhTOExI,20241031
20241015,2333144-1,INSTITUTO GEOLoGICO MINERO Y METALuRGICO,RESOLUCION,No 0126-2024-INGEMMET/PE,Disponen publicar relacion de 313 concesiones mineras cuyos titulos se aprobaron en setiembre de 2024,https://epdoc2.elperuano.pe/EpPo/DescargaINDA.asp?Referencias=NDNVTlVOVU5VTjlXWUI5V1RNTEhZQkxIOVdfX1RNVE05V1M4UzhTOExI,20241031
20241015,2334258-1,ORGANISMO TeCNICO DE LA ADMINISTRACIoN DE LOS SERVICIOS DE SANEAMIENTO,RESOLUCION DIRECTORAL,No 000094-2024-OTASS-DE,Designan Jefa de la Unidad de Recursos Humanos de la Oficina de Administracion del Organismo Tecnico de la Administracion de los Servicios de Saneamiento,https://epdoc2.elperuano.pe/EpPo/DescargaINDA.asp?Referencias=NDNVTlVOVU5VTjlXWUI5V1RNTEhZQkxIOVdfX1hDVU5MSFRNUzhTOExI,20241031
20241015,2333850-1,SERVICIO NACIONAL DE AREAS NATURALES PROTEGIDAS POR EL ESTADO,RESOLUCION,No 000177-2024-SERNANP/J-SGD,Aprueban el Plan Maestro del Parque Nacional del Manu periodo 2024-2029,https://epdoc2.elperuano.pe/EpPo/DescargaINDA.asp?Referencias=NDNVTlVOVU5VTjlXWUI5V1RNTEhZQkxIOVdfX1lCVU5YQ1M4UzhTOExI,20241031
20241015,2333802-1,SUPERINTENDENCIA NACIONAL DE FISCALIZACIoN LABORAL,RESOLUCION,No 209-2024-SUNAFIL,Aprueban transferencia de recursos financieros a favor de diversos Gobiernos Regionales,https://epdoc2.elperuano.pe/EpPo/DescargaINDA.asp?Referencias=NDNVTlVOVU5VTjlXWUI5V1RNTEhZQkxIOVdfX0xIWUJYQ1M4UzhTOExI,20241031
20241015,2334326-1,SUPERINTENDENCIA NACIONAL DE FISCALIZACIoN LABORAL,RESOLUCION,No 00212-2024-SUNAFIL,Designan Gerente General de la Superintendencia Nacional de Fiscalizacion Laboral - SUNAFIL,https://epdoc2.elperuano.pe/EpPo/DescargaINDA.asp?Referencias=NDNVTlVOVU5VTjlXWUI5V1RNTEhZQkxIOVdfX1ZCTEhTOFRNUzhTOExI,20241031
20241015,2334328-1,SUPERINTENDENCIA NACIONAL DE FISCALIZACIoN LABORAL,RESOLUCION,No 000214-2024-SUNAFIL,Designan Asesor II de Superintendencia de la Superintendencia Nacional de Fiscalizacion Laboral - SUNAFIL,https://epdoc2.elperuano.pe/EpPo/DescargaINDA.asp?Referencias=NDNVTlVOVU5VTjlXWUI5V1RNTEhZQkxIOVdfX1hDTEhTOFRNUzhTOExI,20241031
20241015,2333973-1,CONSEJO EJECUTIVO DEL PODER JUDICIAL,RESOLUCION ADMINISTRATIVA,No 000131-2024-P-CE-PJ,Autorizan viaje de Jueces provisionales de la Corte Suprema de Justicia de la Republica y de Juez del Primer Juzgado de Investigacion Preparatoria Permanente de la Corte Superior de Justicia del Callao a Puerto Rico en comision de servicios,https://epdoc2.elperuano.pe/EpPo/DescargaINDA.asp?Referencias=NDNVTlVOVU5VTjlXWUI5V1RNTEhZQkxIOVdfX1M4V1ZZWFM4UzhTOExI,20241031
20241015,2334067-1,CONSEJO EJECUTIVO DEL PODER JUDICIAL,RESOLUCION ADMINISTRATIVA,No 000337-2024-CE-PJ,Crean el Juzgado de Paz del Caserio Ciudad Noe con competencia territorial en el Caserio Ciudad Noe (sede) y en el Caserio Nuevo Chato Grande distrito de Cura Mori provincia departamento y Distrito Judicial de Piura,https://epdoc2.elperuano.pe/EpPo/DescargaINDA.asp?Referencias=NDNVTlVOVU5VTjlXWUI5V1RNTEhZQkxIOVdfX1dWVkJZQlRNUzhTOExI,20241031
20241015,2334268-1,CONSEJO EJECUTIVO DEL PODER JUDICIAL,RESOLUCION ADMINISTRATIVA,No 000338-2024-CE-PJ,Constituyen Comision de Trabajo para la evaluacion y propuesta de modificacion de los estandares de expedientes resueltos indicados en la Resolucion Administrativa No 395-2020-CE-PJ,https://epdoc2.elperuano.pe/EpPo/DescargaINDA.asp?Referencias=NDNVTlVOVU5VTjlXWUI5V1RNTEhZQkxIOVdfX1hDVkJMSFRNUzhTOExI,20241031
20241015,2333809-1,CORTES SUPERIORES DE JUSTICIA,RESOLUCION ADMINISTRATIVA,No 000770-2024-P-CSNJPE-PJ,Concluyen designacion de magistrada como jueza del Quinto Juzgado de Investigacion Preparatoria Nacional de la Corte Superior Nacional de Justicia Penal Especializada debiendo retornar a su plaza de origen como jueza titular de la Corte Superior de Justicia de Huanuco,https://epdoc2.elperuano.pe/EpPo/DescargaINDA.asp?Referencias=NDNVTlVOVU5VTjlXWUI5V1RNTEhZQkxIOVdfX1lYWUJYQ1M4UzhTOExI,20241031
20241015,2333811-1,CORTES SUPERIORES DE JUSTICIA,RESOLUCION ADMINISTRATIVA,No 000772-2024-P-CSNJPE-PJ,Incorporan y asignan a juez penal titular como juez del Segundo Juzgado de Investigacion Preparatoria Nacional de la Corte Superior Nacional de Justicia Penal Especializada,https://epdoc2.elperuano.pe/EpPo/DescargaINDA.asp?Referencias=NDNVTlVOVU5VTjlXWUI5V1RNTEhZQkxIOVdfXzlXOVdYQ1M4UzhTOExI,20241031
20241015,2334274-1,CONTRALORIA GENERAL DE LA REPUBLICA,RESOLUCION,No 608-2024-CG,Encargan al Vicecontralor de Gestion Estrategica Integridad y Control las funciones del cargo de Contralor General de la Republica,https://epdoc2.elperuano.pe/EpPo/DescargaINDA.asp?Referencias=NDNVTlVOVU5VTjlXWUI5V1RNTEhZQkxIOVdfX1RNV1ZMSFRNUzhTOExI,20241031
20241015,2334291-1,CONTRALORIA GENERAL DE LA REPUBLICA,RESOLUCION,No 609-2024-CG,Encargan al Vicecontralor de Gestion Estrategica Integridad y Control las funciones del cargo de Contralor General de la Republica,https://epdoc2.elperuano.pe/EpPo/DescargaINDA.asp?Referencias=NDNVTlVOVU5VTjlXWUI5V1RNTEhZQkxIOVdfXzlXWVhMSFRNUzhTOExI,20241031
20241015,2332528-1,INSTITUCIONES EDUCATIVAS,RESOLUCION,No CU-488-2024-UNSAAC,Declaran en comision de servicio en Brasil al Rector Vicerrector de Investigacion Director de Innovacion y Transferencia Jefe de la Oficina de Comunicacion e Imagen Institucional y choferes de la Universidad Nacional de San Antonio Abad del Cusco,https://epdoc2.elperuano.pe/EpPo/DescargaINDA.asp?Referencias=NDNVTlVOVU5VTjlXWUI5V1RNTEhZQkxIOVdfX1hDTEhVTkxIUzhTOExI,20241031
20241015,2334768-1,JURADO NACIONAL DE ELECCIONES,RESOLUCION,No 000098-2024-P/JNE,Modifican el Reglamento de Organizacion y Funciones del Jurado Nacional de Elecciones y aprueban el Texto Integrado,https://epdoc2.elperuano.pe/EpPo/DescargaINDA.asp?Referencias=NDNVTlVOVU5VTjlXWUI5V1RNTEhZQkxIOVdfX1hDVkJXVlRNUzhTOExI,20241031
20241015,2334267-1,MINISTERIO PUBLICO,RESOLUCION,No 2245-2024-MP-FN,Disponen la vigencia del nombramiento de fiscales provisionales del Distrito Fiscal de Lima Centro y dictan otras disposiciones,https://epdoc2.elperuano.pe/EpPo/DescargaINDA.asp?Referencias=NDNVTlVOVU5VTjlXWUI5V1RNTEhZQkxIOVdfX1dWVkJMSFRNUzhTOExI,20241031
20241015,2334411-1,MINISTERIO PUBLICO,RESOLUCION,No 2243-2024-MP-FN,Autorizan viaje de fiscal a Uruguay en comision de servicios,https://epdoc2.elperuano.pe/EpPo/DescargaINDA.asp?Referencias=NDNVTlVOVU5VTjlXWUI5V1RNTEhZQkxIOVdfXzlXOVdUTVRNUzhTOExI,20241031
20241015,2334734-1,MINISTERIO PUBLICO,RESOLUCION,No 2246-2024-MP-FN,Aprueban el Reglamento denominado Actuacion Fiscal en la Investigacion del delito en su version 1,https://epdoc2.elperuano.pe/EpPo/DescargaINDA.asp?Referencias=NDNVTlVOVU5VTjlXWUI5V1RNTEhZQkxIOVdfX1RNUzhXVlRNUzhTOExI,20241031
20241015,2333453-1,SUPERINTENDENCIA DE BANCA  SEGUROS Y ADMINISTRADORAS PRIVADAS DE FONDOS DE PENSIONES,RESOLUCION,SBS No 03588-2024,Autorizan viaje del Superintendente de Banca Seguros y Administradoras Privadas de Fondos de Pensiones para participar en evento a realizarse en la Republica Francesa,https://epdoc2.elperuano.pe/EpPo/DescargaINDA.asp?Referencias=NDNVTlVOVU5VTjlXWUI5V1RNTEhZQkxIOVdfX1M4VU5UTVM4UzhTOExI,20241031
20241015,2334162-1,SUPERINTENDENCIA DE BANCA  SEGUROS Y ADMINISTRADORAS PRIVADAS DE FONDOS DE PENSIONES,RESOLUCION,SBS No 03602-2024,Autorizan la difusion en consulta publica del proyecto normativo que modifica los Reglamentos de Gestion de Conducta de Mercado del Sistema Financiero y del Sistema de Seguros aprobado por Resoluciones SBS No 3274-2017 y 4143-2019 respectivamente,https://epdoc2.elperuano.pe/EpPo/DescargaINDA.asp?Referencias=NDNVTlVOVU5VTjlXWUI5V1RNTEhZQkxIOVdfX0xIVkI5V1RNUzhTOExI,20241031
20241014,2333422-1,COMERCIO EXTERIOR Y TURISMO,RESOLUCION MINISTERIAL,No 303-2024-MINCETUR,Designan Director de la Oficina de Personal de la Oficina general de Administracion del Ministerio,https://epdoc2.elperuano.pe/EpPo/DescargaINDA.asp?Referencias=NDNUTVRNVE1UTTlXWUI5V1RNTEhZQkxIOVdfX0xITEhUTVM4UzhTOExI,20241031
20241014,2333441-1,DEFENSA,RESOLUCION MINISTERIAL,No 01118-2024-DE,Autorizan viaje de personal de la Marina de Guerra del Peru a Chile en mision de estudios,https://epdoc2.elperuano.pe/EpPo/DescargaINDA.asp?Referencias=NDNUTVRNVE1UTTlXWUI5V1RNTEhZQkxIOVdfXzlXVE1UTVM4UzhTOExI,20241031
20241014,2333780-1,EDUCACION,RESOLUCION,No 000187-2024-MINEDU-VMGI-PRONIED-DE,Designan Coordinadora de Equipo de la Unidad Gerencial de Estudios y Obras del Programa Nacional de Infraestructura Educativa,https://epdoc2.elperuano.pe/EpPo/DescargaINDA.asp?Referencias=NDNUTVRNVE1UTTlXWUI5V1RNTEhZQkxIOVdfX1lCWENXVlM4UzhTOExI,20241031
20241014,2333783-1,ENERGIA Y MINAS,RESOLUCION MINISTERIAL,No 397-2024-MINEM/DM,Designan Asesora de Alta Direccion de Viceministerio de Minas,https://epdoc2.elperuano.pe/EpPo/DescargaINDA.asp?Referencias=NDNUTVRNVE1UTTlXWUI5V1RNTEhZQkxIOVdfX1M4WENXVlM4UzhTOExI,20241031
20241014,2333778-1,TRABAJO Y PROMOCION DEL EMPLEO,RESOLUCION SUPREMA,No 014-2024-TR,Designan Superintendente de la Superintendencia Nacional de Fiscalizacion Laboral - SUNAFIL,https://epdoc2.elperuano.pe/EpPo/DescargaINDA.asp?Referencias=NDNUTVRNVE1UTTlXWUI5V1RNTEhZQkxIOVdfX1hDV1ZXVlM4UzhTOExI,20241031
20241014,2333781-1,BIBLIOTECA NACIONAL DEL PERU,RESOLUCION JEFATURAL,No 000163-2024-BNP,Designan Coordinadora de Conservacion,https://epdoc2.elperuano.pe/EpPo/DescargaINDA.asp?Referencias=NDNUTVRNVE1UTTlXWUI5V1RNTEhZQkxIOVdfXzlXWENXVlM4UzhTOExI,20241031
20241014,2333782-1,BIBLIOTECA NACIONAL DEL PERU,RESOLUCION JEFATURAL,No 000164-2024-BNP,Designan Jefa de la Oficina de Tecnologias de la Informacion y Estadistica,https://epdoc2.elperuano.pe/EpPo/DescargaINDA.asp?Referencias=NDNUTVRNVE1UTTlXWUI5V1RNTEhZQkxIOVdfX0xIWENXVlM4UzhTOExI,20241031
20241014,2333751-1,AUTORIDAD DE TRANSPORTE URBANO PARA LIMA Y CALLAO,RESOLUCION,No 218-2024-ATU/PE,Designan Subdirector de la Subdireccion de Regulacion de la Direccion de Integracion de Transporte Urbano y Recaudo,https://epdoc2.elperuano.pe/EpPo/DescargaINDA.asp?Referencias=NDNUTVRNVE1UTTlXWUI5V1RNTEhZQkxIOVdfXzlXVU5XVlM4UzhTOExI,20241031
20241014,2333654-1,SUPERINTENDENCIA NACIONAL DE MIGRACIONES,RESOLUCION,No 000182-2024-MIGRACIONES,Designan Jefe Zonal III de la Jefatura Zonal de Ica de la Superintendencia Nacional de Migraciones - MIGRACIONES,https://epdoc2.elperuano.pe/EpPo/DescargaINDA.asp?Referencias=NDNUTVRNVE1UTTlXWUI5V1RNTEhZQkxIOVdfX1RNVU5WQlM4UzhTOExI,20241031
20241014,2333289-1,CORTES SUPERIORES DE JUSTICIA,RESOLUCION ADMINISTRATIVA,No 000767-2024-P-CSNJPE-PJ,Establecen conformacion de la Primera Sala Penal de Apelaciones Nacional de la Corte Superior Nacional de Justicia Penal Especializada,https://epdoc2.elperuano.pe/EpPo/DescargaINDA.asp?Referencias=NDNUTVRNVE1UTTlXWUI5V1RNTEhZQkxIOVdfX1lYWENMSFM4UzhTOExI,20241031
20241014,2333307-1,CORTES SUPERIORES DE JUSTICIA,RESOLUCION ADMINISTRATIVA,No 000766-2024-P-CSNJPE-PJ,Establecen conformacion de la Primera Sala Penal Superior Nacional Liquidadora Transitoria y de la Tercera Sala Penal de Apelaciones Nacional de la Corte Superior Nacional de Justicia Penal Especializada,https://epdoc2.elperuano.pe/EpPo/DescargaINDA.asp?Referencias=NDNUTVRNVE1UTTlXWUI5V1RNTEhZQkxIOVdfX1dWWUJTOFM4UzhTOExI,20241031
20241014,2333788-1,INSTITUCIONES EDUCATIVAS,RESOLUCION DIRECTORAL,No 400-2024- DIGA-UNSCH,Aprueban subasta publica de veinte bienes muebles patrimoniales de propiedad de la Universidad Nacional de San Cristobal de Huamanga dados de baja por la causal de estado de chatarra,https://epdoc2.elperuano.pe/EpPo/DescargaINDA.asp?Referencias=NDNUTVRNVE1UTTlXWUI5V1RNTEhZQkxIOVdfX1hDWENXVlM4UzhTOExI,20241031
20241014,2333779-1,MINISTERIO PUBLICO,RESOLUCION,No 2241-2024-MP-FN,Designan fiscal adjunto provincial titular especializado en delitos de corrupcion de funcionarios de Lima Distrito Fiscal de Lima actualmente Distrito Fiscal de Lima Centro,https://epdoc2.elperuano.pe/EpPo/DescargaINDA.asp?Referencias=NDNUTVRNVE1UTTlXWUI5V1RNTEhZQkxIOVdfX1lYV1ZXVlM4UzhTOExI,20241031
20241014,2332899-1,SUPERINTENDENCIA DE BANCA  SEGUROS Y ADMINISTRADORAS PRIVADAS DE FONDOS DE PENSIONES,RESOLUCION,SBS No 03567-2024,Autorizan viaje de funcionarios para participar en evento a realizarse en la Confederacion Suiza,https://epdoc2.elperuano.pe/EpPo/DescargaINDA.asp?Referencias=NDNUTVRNVE1UTTlXWUI5V1RNTEhZQkxIOVdfX1lYWVhYQ0xIUzhTOExI,20241031
20241014,2333004-1,SUPERINTENDENCIA DE BANCA  SEGUROS Y ADMINISTRADORAS PRIVADAS DE FONDOS DE PENSIONES,RESOLUCION,SBS No 03578-2024,Autorizan viaje de personal de la SBS para participar en eventos a realizarse en la Republica Francesa,https://epdoc2.elperuano.pe/EpPo/DescargaINDA.asp?Referencias=NDNUTVRNVE1UTTlXWUI5V1RNTEhZQkxIOVdfX1RNWUJZQlM4UzhTOExI,20241031
20241013,2333777-4,AMBIENTE,RESOLUCION SUPREMA,No 016-2024-MINAM,Designan miembro del Consejo Directivo del Servicio Nacional de areas Naturales Protegidas por el Estado - SERNANP,https://epdoc2.elperuano.pe/EpPo/DescargaINDA.asp?Referencias=NDNTOFM4UzhTODlXWUI5V1RNTEhZQkxIVE1fX1dWV1ZXVlM4UzhTOExI,20241031
20241013,2333576-1,CULTURA,RESOLUCION DIRECTORAL,No 00458-2024-DDC CAJ/MC,Determinan la Proteccion Provisional del Sitio Arqueologico Cerro Antivo ubicado en el distrito Los Banos del Inca provincia y departamento de Cajamarca,https://epdoc2.elperuano.pe/EpPo/DescargaINDA.asp?Referencias=NDNTOFM4UzhTODlXWUI5V1RNTEhZQkxIOVdfX1ZCV1ZVTlM4UzhTOExI,20241031
20241013,2333771-1,CULTURA,RESOLUCION MINISTERIAL,No 000379-2024-MC,Otorgan distincion de Personalidad Meritoria de la Cultura,https://epdoc2.elperuano.pe/EpPo/DescargaINDA.asp?Referencias=NDNTOFM4UzhTODlXWUI5V1RNTEhZQkxIOVdfXzlXV1ZXVlM4UzhTOExI,20241031
20241013,2333138-1,DEFENSA,RESOLUCION MINISTERIAL,No 01114-2024-DE,Autorizan viaje de personal militar FAP a Brasil en comision de servicios,https://epdoc2.elperuano.pe/EpPo/DescargaINDA.asp?Referencias=NDNTOFM4UzhTODlXWUI5V1RNTEhZQkxIOVdfX1hDUzg5V1M4UzhTOExI,20241031
20241013,2333426-1,DEFENSA,RESOLUCION MINISTERIAL,No 01113-2024-DE,Autorizan viaje de oficiales de la Marina de Guerra del Peru para participar en evento a realizarse en el Reino de Arabia Saudita,https://epdoc2.elperuano.pe/EpPo/DescargaINDA.asp?Referencias=NDNTOFM4UzhTODlXWUI5V1RNTEhZQkxIOVdfX1ZCTEhUTVM4UzhTOExI,20241031
20241013,2333443-1,DEFENSA,RESOLUCION MINISTERIAL,No 01122-2024-DE,Autorizan viaje de personal del Ministerio de Defensa a Argentina en comision de servicios,https://epdoc2.elperuano.pe/EpPo/DescargaINDA.asp?Referencias=NDNTOFM4UzhTODlXWUI5V1RNTEhZQkxIOVdfX1M4VE1UTVM4UzhTOExI,20241031
20241013,2333641-1,DEFENSA,RESOLUCION MINISTERIAL,No 01124-2024-DE,Autorizan viaje de personal militar FAP a EE.UU. en comision de servicios,https://epdoc2.elperuano.pe/EpPo/DescargaINDA.asp?Referencias=NDNTOFM4UzhTODlXWUI5V1RNTEhZQkxIOVdfXzlXVE1WQlM4UzhTOExI,20241031
20241013,2333761-1,DEFENSA,RESOLUCION MINISTERIAL,No 01134-2024-DE,Autorizan viaje a personal de las Fuerzas Armadas a la Republica de Argentina en comision de servicios,https://epdoc2.elperuano.pe/EpPo/DescargaINDA.asp?Referencias=NDNTOFM4UzhTODlXWUI5V1RNTEhZQkxIOVdfXzlXVkJXVlM4UzhTOExI,20241031
20241013,2333775-1,DESARROLLO AGRARIO Y RIEGO,RESOLUCION MINISTERIAL,No 0340-2024-MIDAGRI,Aprueban el Listado de las Inversiones Estrategicas en el Plan Estrategico Sectorial Multianual del Sector Agrario y de Riego 2024-2030,https://epdoc2.elperuano.pe/EpPo/DescargaINDA.asp?Referencias=NDNTOFM4UzhTODlXWUI5V1RNTEhZQkxIOVdfX1VOV1ZXVlM4UzhTOExI,20241031
20241013,2333774-1,DESARROLLO E INCLUSIoN SOCIAL,RESOLUCION MINISTERIAL,No D000154-2024-MIDIS,Designan servidores a cargo de diversos organos y unidades organicas del Ministerio de Desarrollo e Inclusion Social,https://epdoc2.elperuano.pe/EpPo/DescargaINDA.asp?Referencias=NDNTOFM4UzhTODlXWUI5V1RNTEhZQkxIOVdfX1RNV1ZXVlM4UzhTOExI,20241031
20241013,2333777-1,ECONOMIA Y FINANZAS,DECRETO SUPREMO,No 185-2024-EF,Decreto Supremo que aprueba el funcionamiento de una nueva Sala Especializada en el Tribunal Fiscal,https://epdoc2.elperuano.pe/EpPo/DescargaINDA.asp?Referencias=NDNTOFM4UzhTODlXWUI5V1RNTEhZQkxIOVdfX1dWV1ZXVlM4UzhTOExI,20241031
20241013,2333777-3,ECONOMIA Y FINANZAS,RESOLUCION SUPREMA,No 031-2024-EF,Aceptan renuncia de Director del Consejo Directivo de la Caja de Pensiones Militar Policial en representacion del Ministerio de Economia y Finanzas,https://epdoc2.elperuano.pe/EpPo/DescargaINDA.asp?Referencias=NDNTOFM4UzhTODlXWUI5V1RNTEhZQkxIUzhfX1dWV1ZXVlM4UzhTOExI,20241031
20241013,2333764-1,EDUCACION,RESOLUCION VICE MINISTERIAL,No 111-2024-MINEDU,Aprueban la Norma Tecnica denominada Disposiciones que regulan el nombramiento excepcional de docentes contratados en Centros de Educacion Tecnico - Productiva dispuesto por el articulo 1 de la Ley No 32046,https://epdoc2.elperuano.pe/EpPo/DescargaINDA.asp?Referencias=NDNTOFM4UzhTODlXWUI5V1RNTEhZQkxIOVdfX1RNVkJXVlM4UzhTOExI,20241031
20241013,2333784-1,INTERIOR,RESOLUCION MINISTERIAL,No 1271-2024-IN,Designan Director de la Oficina de Modernizacion y Desarrollo Institucional de la Oficina General de Planeamiento y Presupuesto del Ministerio,https://epdoc2.elperuano.pe/EpPo/DescargaINDA.asp?Referencias=NDNTOFM4UzhTODlXWUI5V1RNTEhZQkxIOVdfX1RNWENXVlM4UzhTOExI,20241031
20241013,2333785-1,INTERIOR,RESOLUCION MINISTERIAL,No 1273-2024-IN,Designan Jefe de Gabinete de Asesores de la Alta Direccion del Despacho Ministerial,https://epdoc2.elperuano.pe/EpPo/DescargaINDA.asp?Referencias=NDNTOFM4UzhTODlXWUI5V1RNTEhZQkxIOVdfX1VOWENXVlM4UzhTOExI,20241031
20241013,2333777-2,MUJER Y POBLACIONES VULNERABLES,DECRETO SUPREMO,No 007-2024-MIMP,Decreto Supremo que aprueba la Estrategia para la Prevencion Proteccion y Atencion Integral a las Personas Desplazadas Internas (2024-2026),https://epdoc2.elperuano.pe/EpPo/DescargaINDA.asp?Referencias=NDNTOFM4UzhTODlXWUI5V1RNTEhZQkxITEhfX1dWV1ZXVlM4UzhTOExI,20241031
20241013,2333777-5,PRODUCE,RESOLUCION SUPREMA,No 009-2024-PRODUCE,Encargan temporalmente las funciones de la Presidencia Ejecutiva del Instituto del Mar del Peru - IMARPE,https://epdoc2.elperuano.pe/EpPo/DescargaINDA.asp?Referencias=NDNTOFM4UzhTODlXWUI5V1RNTEhZQkxIVU5fX1dWV1ZXVlM4UzhTOExI,20241031
20241013,2333296-1,RELACIONES EXTERIORES,RESOLUCION MINISTERIAL,No 0777-2024-RE,Autorizan viaje de funcionario diplomatico a la Republica de Türkiye en comision de servicios,https://epdoc2.elperuano.pe/EpPo/DescargaINDA.asp?Referencias=NDNTOFM4UzhTODlXWUI5V1RNTEhZQkxIOVdfX1ZCWVhMSFM4UzhTOExI,20241031
20241013,2333305-1,RELACIONES EXTERIORES,RESOLUCION MINISTERIAL,No 0779-2024-RE,Autorizan viaje de Jefa de la Oficina de Gestion Documental y Archivo a Ecuador en comision de servicios,https://epdoc2.elperuano.pe/EpPo/DescargaINDA.asp?Referencias=NDNTOFM4UzhTODlXWUI5V1RNTEhZQkxIOVdfX1VOWUJTOFM4UzhTOExI,20241031
20241013,2333768-1,TRANSPORTES Y COMUNICACIONES,RESOLUCION MINISTERIAL,No 592-2024-MTC/01.02,Autorizan viaje de inspector de la Direccion General de Aeronautica Civil a la Republica Argentina en comision de servicios,https://epdoc2.elperuano.pe/EpPo/DescargaINDA.asp?Referencias=NDNTOFM4UzhTODlXWUI5V1RNTEhZQkxIOVdfX1hDVkJXVlM4UzhTOExI,20241031
20241013,2333767-1,VIVIENDA  CONSTRUCCIoN Y SANEAMIENTO,RESOLUCION MINISTERIAL,No 395-2024-VIVIENDA,Aprueban la trigesima novena convocatoria del ano 2024 para el otorgamiento del Bono de Arrendamiento de Vivienda para Emergencias en atencion al Decreto Supremo No 097-2024-PCM,https://epdoc2.elperuano.pe/EpPo/DescargaINDA.asp?Referencias=NDNTOFM4UzhTODlXWUI5V1RNTEhZQkxIOVdfX1dWVkJXVlM4UzhTOExI,20241031
20241013,2333773-1,INSTITUTO NACIONAL DE DEFENSA CIVIL,RESOLUCION JEFATURAL,No 000162-2024-INDECI/JEF INDECI,Designan Jefa de la Oficina de Recursos Humanos de la Oficina General de Administracion del Instituto Nacional de Defensa Civil - INDECI,https://epdoc2.elperuano.pe/EpPo/DescargaINDA.asp?Referencias=NDNTOFM4UzhTODlXWUI5V1RNTEhZQkxIOVdfX1M4V1ZXVlM4UzhTOExI,20241031
20241013,2332931-1,ORGANISMO DE SUPERVISION DE LOS RECURSOS FORESTALES Y DE FAUNA SILVESTRE,RESOLUCION,No 00050-2024-OSINFOR/01.1,Disponen la publicacion de la propuesta de la nueva Directiva de Compensacion de Multas Impuestas por el Organismo de Supervision de los Recursos Forestales y de Fauna Silvestre,https://epdoc2.elperuano.pe/EpPo/DescargaINDA.asp?Referencias=NDNTOFM4UzhTODlXWUI5V1RNTEhZQkxIOVdfXzlXUzhZWExIUzhTOExI,20241031
20241013,2333763-1,SERVICIO NACIONAL DE CERTIFICACIoN AMBIENTAL PARA LAS INVERSIONES SOSTENIBLES,RESOLUCION,No 00111-2024-SENACE/PE,Designan Gestor de Proyectos de la Direccion de Evaluacion Ambiental para Proyectos de Recursos Naturales y Productivos,https://epdoc2.elperuano.pe/EpPo/DescargaINDA.asp?Referencias=NDNTOFM4UzhTODlXWUI5V1RNTEhZQkxIOVdfX1M4VkJXVlM4UzhTOExI,20241031
20241013,2333765-1,SUPERINTENDENCIA NACIONAL DE ADUANAS Y DE ADMINISTRACIoN TRIBUTARIA,RESOLUCION,No 000202-2024/SUNAT,Designan Secretaria Institucional de la Superintendencia Nacional de Aduanas y de Administracion Tributaria,https://epdoc2.elperuano.pe/EpPo/DescargaINDA.asp?Referencias=NDNTOFM4UzhTODlXWUI5V1RNTEhZQkxIOVdfX1VOVkJXVlM4UzhTOExI,20241031
20241013,2333266-1,CONSEJO EJECUTIVO DEL PODER JUDICIAL,INVESTIGACION,DEFINITIVA No 459-2021-CUSCO,Imponen la medida disciplinaria de destitucion a juez de paz del Juzgado de Paz del distrito de Huayllabamba provincia de Urubamba departamento y Distrito Judicial de Cusco,https://epdoc2.elperuano.pe/EpPo/DescargaINDA.asp?Referencias=NDNTOFM4UzhTODlXWUI5V1RNTEhZQkxIOVdfX1ZCVkJMSFM4UzhTOExI,20241031
20241013,2333269-1,CONSEJO EJECUTIVO DEL PODER JUDICIAL,INVESTIGACION,DEFINITIVA No 654-2019-PIURA,Imponen la medida disciplinaria de destitucion a juez de paz de Cuarta Nominacion de Morropon Distrito Judicial de Piura,https://epdoc2.elperuano.pe/EpPo/DescargaINDA.asp?Referencias=NDNTOFM4UzhTODlXWUI5V1RNTEhZQkxIOVdfX1lYVkJMSFM4UzhTOExI,20241031
20241013,2333126-1,CONSEJO EJECUTIVO DEL PODER JUDICIAL,QUEJA,de Parte No 588-2022-ANCASH,Imponen la medida disciplinaria de destitucion a juez de paz del Centro Poblado San Pedro de Canchabamba Distrito de San Luis Provincia Carlos Fermin Fitzcarrald Distrito Judicial de Ancash,https://epdoc2.elperuano.pe/EpPo/DescargaINDA.asp?Referencias=NDNTOFM4UzhTODlXWUI5V1RNTEhZQkxIOVdfX1ZCTEg5V1M4UzhTOExI,20241031
20241013,2333503-1,CONSEJO EJECUTIVO DEL PODER JUDICIAL,RESOLUCION ADMINISTRATIVA,No 000335-2024-CE-PJ,Disponen ampliacion de la implementacion del Expediente Judicial Electronico (EJE) y la Mesa de Partes Electronica (MPE) para la especialidad Laboral - Nueva Ley Procesal del Trabajo (NLPT) en organos jurisdiccionales de la Corte Superior de Justicia de Pasco,https://epdoc2.elperuano.pe/EpPo/DescargaINDA.asp?Referencias=NDNTOFM4UzhTODlXWUI5V1RNTEhZQkxIOVdfX1M4WUJVTlM4UzhTOExI,20241031
20241013,2333507-1,CONSEJO EJECUTIVO DEL PODER JUDICIAL,RESOLUCION ADMINISTRATIVA,No 000336-2024-CE-PJ,Disponen la implementacion del Expediente Judicial Electronico (EJE) y la Mesa de Partes Electronica (MPE) para la especialidad Civil - subespecialidad Comercial en organos jurisdiccionales de la Corte Superior de Justicia de Huanuco,https://epdoc2.elperuano.pe/EpPo/DescargaINDA.asp?Referencias=NDNTOFM4UzhTODlXWUI5V1RNTEhZQkxIOVdfX1dWWUJVTlM4UzhTOExI,20241031
20241013,2273719-1,INSTITUCIONES EDUCATIVAS,RESOLUCION,No 2523-2023-R-UNA,Autorizan viaje de docente de la Universidad Nacional del Altiplano de Puno - Peru a Chile para participar en pasantia,https://epdoc2.elperuano.pe/EpPo/DescargaINDA.asp?Referencias=NDNTOFM4UzhTODlXWUI5V1RNTEhZQkxIOVdfX1lYOVdXVlM4V1ZMSExI,20241031
20241013,2320102-1,INSTITUCIONES EDUCATIVAS,RESOLUCION,No CU-419-2024-UNSAAC,Autorizan viaje de docente de la Universidad Nacional de San Antonio Abad del Cusco a Panama para participar en el XXXVI Congreso Latinoamericano de Quimica (CLAQ),https://epdoc2.elperuano.pe/EpPo/DescargaINDA.asp?Referencias=NDNTOFM4UzhTODlXWUI5V1RNTEhZQkxIOVdfX0xIWUI5V1lCTEhTOExI,20241031
20241013,2320406-1,INSTITUCIONES EDUCATIVAS,RESOLUCION,No 1863-2024-R-UNA,Autorizan viaje de docentes de la Universidad Nacional del Altiplano de Puno para participar en eventos que se realizaran en Costa Rica,https://epdoc2.elperuano.pe/EpPo/DescargaINDA.asp?Referencias=NDNTOFM4UzhTODlXWUI5V1RNTEhZQkxIOVdfX1ZCWUJUTVlCTEhTOExI,20241031
20241013,2326880-1,INSTITUCIONES EDUCATIVAS,RESOLUCION,No CU-448-2024-UNSAAC,Autorizan viaje de docente de la Universidad Nacional de San Antonio Abad del Cusco para participar en evento academico a realizarse en Colombia,https://epdoc2.elperuano.pe/EpPo/DescargaINDA.asp?Referencias=NDNTOFM4UzhTODlXWUI5V1RNTEhZQkxIOVdfX1lCWENYQ1ZCTEhTOExI,20241031
20241013,2326895-1,INSTITUCIONES EDUCATIVAS,RESOLUCION,No CU-458-2024-UNSAAC,Autorizan viaje de docente de la Universidad Nacional de San Antonio Abad del Cusco para participar en evento academico que se realizara en Brasil,https://epdoc2.elperuano.pe/EpPo/DescargaINDA.asp?Referencias=NDNTOFM4UzhTODlXWUI5V1RNTEhZQkxIOVdfX1VOWVhYQ1ZCTEhTOExI,20241031
20241013,2333769-1,TRIBUNAL CONSTITUCIONAL,RESOLUCION ADMINISTRATIVA,No 160-2024-P/TC,Conceden licencia a magistrados y abogado para que asistan al XVI Congreso Iberoamericano de Derecho Constitucional: El constitucionalismo para la democracia del siglo XXI a realizarse en Mexico,https://epdoc2.elperuano.pe/EpPo/DescargaINDA.asp?Referencias=NDNTOFM4UzhTODlXWUI5V1RNTEhZQkxIOVdfX1lYVkJXVlM4UzhTOExI,20241031
20241013,2333770-1,TRIBUNAL CONSTITUCIONAL,RESOLUCION ADMINISTRATIVA,No 161-2024-P/TC,Conceden licencia a magistrados para que asistan al VI Congreso de la Union Iberoamericana de Universidades y Cortes Supremas a realizarse en Mexico,https://epdoc2.elperuano.pe/EpPo/DescargaINDA.asp?Referencias=NDNTOFM4UzhTODlXWUI5V1RNTEhZQkxIOVdfX1lCV1ZXVlM4UzhTOExI,20241031
20241013,2332991-1,MUNICIPALIDAD DE MAGDALENA DEL MAR,ORDENANZA,No 243-2024-MDMM,Ordenanza que prorroga para el ejercicio 2025 la vigencia de la Ordenanza No 141-2022 ratificada mediante Acuerdo de Concejo No 400-2022 de la Municipalidad Metropolitana de Lima,https://epdoc2.elperuano.pe/EpPo/DescargaINDA.asp?Referencias=NDNTOFM4UzhTODlXWUI5V1RNTEhZQkxIOVdfXzlXWVhZWExIUzhTOExI,20241031
20241013,2333662-1,MUNICIPALIDAD DE MIRAFLORES,Res. Alcaldia,No 246-2024-A/MM,Designan Auxiliar Coactivo de la Subgerencia de Fiscalizacion y Control de la Municipalidad Distrital de Miraflores,https://epdoc2.elperuano.pe/EpPo/DescargaINDA.asp?Referencias=NDNTOFM4UzhTODlXWUI5V1RNTEhZQkxIOVdfX0xIVkJWQlM4UzhTOExI,20241031
20241013,2333766-1,MUNICIPALIDAD DE PUEBLO LIBRE,Decretos de Alcaldia,No 008-2024-MPL,Convocan a los Comites Vecinales del distrito de Pueblo Libre a las Elecciones de Juntas Directivas de las Juntas Vecinales Sectoriales del distrito de Pueblo Libre,https://epdoc2.elperuano.pe/EpPo/DescargaINDA.asp?Referencias=NDNTOFM4UzhTODlXWUI5V1RNTEhZQkxIOVdfX1ZCVkJXVlM4UzhTOExI,20241031
20241013,2332956-1,MUNICIPALIDAD DISTRITAL DE MACHUPICCHU,ACUERDO,No 55-2024-MDM-CM,Aprueban y autorizan viaje del alcalde a Alemania y Espana en comisiòn de servicio,https://epdoc2.elperuano.pe/EpPo/DescargaINDA.asp?Referencias=NDNTOFM4UzhTODlXWUI5V1RNTEhZQkxIOVdfX1ZCVU5ZWExIUzhTOExI,20241031
20241012,2333756-1,PRESIDENCIA DEL CONSEJO DE MINISTROS,DECRETO SUPREMO,No 111-2024-PCM,Decreto Supremo que aprueba el Texto unico Ordenado del Decreto Legislativo No 1034 Decreto Legislativo que aprueba la Ley de Represion de Conductas Anticompetitivas,https://epdoc2.elperuano.pe/EpPo/DescargaINDA.asp?Referencias=NDNMSExITEhMSDlXWUI5V1RNTEhZQkxIOVdfX1ZCVU5XVlM4UzhTOExI,20241031
20241012,2333756-3,PRESIDENCIA DEL CONSEJO DE MINISTROS,RESOLUCION SUPREMA,No 213-2024-PCM,Designan Vocal de la Sala Especializada en Procedimientos Concursales del Tribunal de Defensa de la Competencia y de la Proteccion de la Propiedad Intelectual del INDECOPI,https://epdoc2.elperuano.pe/EpPo/DescargaINDA.asp?Referencias=NDNMSExITEhMSDlXWUI5V1RNTEhZQkxIUzhfX1ZCVU5XVlM4UzhTOExI,20241031
20241012,2333756-4,PRESIDENCIA DEL CONSEJO DE MINISTROS,RESOLUCION SUPREMA,No 214-2024-PCM,Designan Vocal de la Sala Especializada en Proteccion al Consumidor del Tribunal de Defensa de la Competencia y de la Proteccion de la Propiedad Intelectual del INDECOPI,https://epdoc2.elperuano.pe/EpPo/DescargaINDA.asp?Referencias=NDNMSExITEhMSDlXWUI5V1RNTEhZQkxIVE1fX1ZCVU5XVlM4UzhTOExI,20241031
20241012,2333756-5,PRESIDENCIA DEL CONSEJO DE MINISTROS,RESOLUCION SUPREMA,No 215-2024-PCM,Designan Vocal de la Sala Especializada en Propiedad Intelectual del Tribunal de Defensa de la Competencia y de la Proteccion de la Propiedad Intelectual del INDECOPI,https://epdoc2.elperuano.pe/EpPo/DescargaINDA.asp?Referencias=NDNMSExITEhMSDlXWUI5V1RNTEhZQkxIVU5fX1ZCVU5XVlM4UzhTOExI,20241031
20241012,2333668-1,AMBIENTE,RESOLUCION MINISTERIAL,No 00325-2024-MINAM,Modifican la Primera Actualizacion del Listado de Inclusion de los Proyectos de Inversion sujetos al Sistema Nacional de Evaluacion de Impacto Ambiental - SEIA respecto a los proyectos de inversion de residuos solidos del sector Ambiente asi como el numeral 3.1 del Anexo de la R.M. No 260-2023-MINAM,https://epdoc2.elperuano.pe/EpPo/DescargaINDA.asp?Referencias=NDNMSExITEhMSDlXWUI5V1RNTEhZQkxIOVdfX1hDVkJWQlM4UzhTOExI,20241031
20241012,2333095-1,COMERCIO EXTERIOR Y TURISMO,RESOLUCION MINISTERIAL,No 295-2024-MINCETUR,Autorizan viaje de representante de PROMPERu para participar en evento a realizarse en Chile,https://epdoc2.elperuano.pe/EpPo/DescargaINDA.asp?Referencias=NDNMSExITEhMSDlXWUI5V1RNTEhZQkxIOVdfX1VOWVhZQlM4UzhTOExI,20241031
20241012,2333100-1,COMERCIO EXTERIOR Y TURISMO,RESOLUCION MINISTERIAL,No 296-2024-MINCETUR,Autorizan viaje de representante de PROMPERu para parcipar en eventos a realizarse en la Mancomunidad de Australia,https://epdoc2.elperuano.pe/EpPo/DescargaINDA.asp?Referencias=NDNMSExITEhMSDlXWUI5V1RNTEhZQkxIOVdfX1lCWUI5V1M4UzhTOExI,20241031
20241012,2333287-1,COMERCIO EXTERIOR Y TURISMO,RESOLUCION MINISTERIAL,No 301-2024-MINCETUR,Autorizan viaje de representante de PROMPERu para participar en evento a realizarse en la Republica de Turquia,https://epdoc2.elperuano.pe/EpPo/DescargaINDA.asp?Referencias=NDNMSExITEhMSDlXWUI5V1RNTEhZQkxIOVdfX1dWWENMSFM4UzhTOExI,20241031
20241012,2333772-1,CULTURA,RESOLUCION MINISTERIAL,No 000380-2024-MC,Aprueban la actualizacion del Plan Maestro del Parque Arqueologico Nacional de Sacsaywaman 2024 - 2030,https://epdoc2.elperuano.pe/EpPo/DescargaINDA.asp?Referencias=NDNMSExITEhMSDlXWUI5V1RNTEhZQkxIOVdfX0xIV1ZXVlM4UzhTOExI,20241031
20241012,2333759-1,CULTURA,RESOLUCION SUPREMA,No 014-2024-MC,Designan Viceministro de Interculturalidad,https://epdoc2.elperuano.pe/EpPo/DescargaINDA.asp?Referencias=NDNMSExITEhMSDlXWUI5V1RNTEhZQkxIOVdfX1lYVU5XVlM4UzhTOExI,20241031
20241012,2333759-2,CULTURA,RESOLUCION SUPREMA,No 015-2024-MC,Designan Viceministro de Patrimonio Cultural e Industrias Culturales,https://epdoc2.elperuano.pe/EpPo/DescargaINDA.asp?Referencias=NDNMSExITEhMSDlXWUI5V1RNTEhZQkxITEhfX1lYVU5XVlM4UzhTOExI,20241031
20241012,2333123-1,DEFENSA,RESOLUCION MINISTERIAL,No 01115-2024-DE,Autorizan viaje de personal militar FAP a Colombia en mision de estudios,https://epdoc2.elperuano.pe/EpPo/DescargaINDA.asp?Referencias=NDNMSExITEhMSDlXWUI5V1RNTEhZQkxIOVdfX1M4TEg5V1M4UzhTOExI,20241031
20241012,2333776-1,DEFENSA,RESOLUCION SUPREMA,066-2024-DE,Ascienden al grado de General de Division a Generales de Brigada del Ejercito del Peru,https://epdoc2.elperuano.pe/EpPo/DescargaINDA.asp?Referencias=NDNMSExITEhMSDlXWUI5V1RNTEhZQkxIOVdfX1ZCV1ZXVlM4UzhTOExI,20241031
20241012,2333776-2,DEFENSA,RESOLUCION SUPREMA,067-2024-DE,Ascienden al grado de General de Division a Generales de Brigada del Ejercito del Peru,https://epdoc2.elperuano.pe/EpPo/DescargaINDA.asp?Referencias=NDNMSExITEhMSDlXWUI5V1RNTEhZQkxITEhfX1ZCV1ZXVlM4UzhTOExI,20241031
20241012,2333776-3,DEFENSA,RESOLUCION SUPREMA,068-2024-DE,Ascienden al grado de General de Division a Generales de Brigada del Ejercito del Peru,https://epdoc2.elperuano.pe/EpPo/DescargaINDA.asp?Referencias=NDNMSExITEhMSDlXWUI5V1RNTEhZQkxIUzhfX1ZCV1ZXVlM4UzhTOExI,20241031
20241012,2333776-4,DEFENSA,RESOLUCION SUPREMA,069-2024-DE,Ascienden al grado de General de Brigada a Coroneles del Ejercito del Peru,https://epdoc2.elperuano.pe/EpPo/DescargaINDA.asp?Referencias=NDNMSExITEhMSDlXWUI5V1RNTEhZQkxIVE1fX1ZCV1ZXVlM4UzhTOExI,20241031
20241012,2333776-50,DEFENSA,RESOLUCION SUPREMA,070-2024-DE,Ascienden al grado de General de Brigada a Coroneles del Ejercito del Peru,https://epdoc2.elperuano.pe/EpPo/DescargaINDA.asp?Referencias=NjNMSExITEg5V1lCOVdUTUxIWUJMSFlCVU5fX1ZCV1ZXVlM4UzhTOExI,20241031
20241012,2333776-51,DEFENSA,RESOLUCION SUPREMA,071-2024-DE,Ascienden al grado de General de Brigada a Coroneles del Ejercito del Peru,https://epdoc2.elperuano.pe/EpPo/DescargaINDA.asp?Referencias=NjNMSExITEg5V1lCOVdUTUxIWUJMSDlXVU5fX1ZCV1ZXVlM4UzhTOExI,20241031
20241012,2333776-52,DEFENSA,RESOLUCION SUPREMA,072-2024-DE,Ascienden al grado de General de Brigada a Coroneles del Ejercito del Peru,https://epdoc2.elperuano.pe/EpPo/DescargaINDA.asp?Referencias=NjNMSExITEg5V1lCOVdUTUxIWUJMSExIVU5fX1ZCV1ZXVlM4UzhTOExI,20241031
20241012,2333776-53,DEFENSA,RESOLUCION SUPREMA,073-2024-DE,Ascienden al grado de General de Brigada a Coroneles del Ejercito del Peru,https://epdoc2.elperuano.pe/EpPo/DescargaINDA.asp?Referencias=NjNMSExITEg5V1lCOVdUTUxIWUJMSFM4VU5fX1ZCV1ZXVlM4UzhTOExI,20241031
20241012,2333776-54,DEFENSA,RESOLUCION SUPREMA,074-2024-DE,Ascienden al grado de General de Brigada a Coroneles del Ejercito del Peru,https://epdoc2.elperuano.pe/EpPo/DescargaINDA.asp?Referencias=NjNMSExITEg5V1lCOVdUTUxIWUJMSFRNVU5fX1ZCV1ZXVlM4UzhTOExI,20241031
20241012,2333776-55,DEFENSA,RESOLUCION SUPREMA,075-2024-DE,Ascienden al grado de General de Brigada a Coroneles del Ejercito del Peru,https://epdoc2.elperuano.pe/EpPo/DescargaINDA.asp?Referencias=NjNMSExITEg5V1lCOVdUTUxIWUJMSFVOVU5fX1ZCV1ZXVlM4UzhTOExI,20241031
20241012,2333776-56,DEFENSA,RESOLUCION SUPREMA,076-2024-DE,Ascienden al grado de General de Brigada a Coroneles del Ejercito del Peru,https://epdoc2.elperuano.pe/EpPo/DescargaINDA.asp?Referencias=NjNMSExITEg5V1lCOVdUTUxIWUJMSFZCVU5fX1ZCV1ZXVlM4UzhTOExI,20241031
20241012,2333776-57,DEFENSA,RESOLUCION SUPREMA,077-2024-DE,Ascienden al grado de General de Brigada a Coroneles del Ejercito del Peru,https://epdoc2.elperuano.pe/EpPo/DescargaINDA.asp?Referencias=NjNMSExITEg5V1lCOVdUTUxIWUJMSFdWVU5fX1ZCV1ZXVlM4UzhTOExI,20241031
20241012,2333776-58,DEFENSA,RESOLUCION SUPREMA,078-2024-DE,Ascienden al grado de General de Brigada a Coroneles del Ejercito del Peru,https://epdoc2.elperuano.pe/EpPo/DescargaINDA.asp?Referencias=NjNMSExITEg5V1lCOVdUTUxIWUJMSFhDVU5fX1ZCV1ZXVlM4UzhTOExI,20241031
20241012,2333776-59,DEFENSA,RESOLUCION SUPREMA,079-2024-DE,Ascienden al grado de General de Brigada a Coroneles del Ejercito del Peru,https://epdoc2.elperuano.pe/EpPo/DescargaINDA.asp?Referencias=NjNMSExITEg5V1lCOVdUTUxIWUJMSFlYVU5fX1ZCV1ZXVlM4UzhTOExI,20241031
20241012,2333776-60,DEFENSA,RESOLUCION SUPREMA,080-2024-DE,Ascienden al grado de General de Brigada a Coroneles del Ejercito del Peru,https://epdoc2.elperuano.pe/EpPo/DescargaINDA.asp?Referencias=NjNMSExITEg5V1lCOVdUTUxIWUJMSFlCVkJfX1ZCV1ZXVlM4UzhTOExI,20241031
20241012,2333776-61,DEFENSA,RESOLUCION SUPREMA,081-2024-DE,Ascienden al grado de General de Brigada a Coroneles del Ejercito del Peru,https://epdoc2.elperuano.pe/EpPo/DescargaINDA.asp?Referencias=NjNMSExITEg5V1lCOVdUTUxIWUJMSDlXVkJfX1ZCV1ZXVlM4UzhTOExI,20241031
20241012,2333776-62,DEFENSA,RESOLUCION SUPREMA,082-2024-DE,Ascienden al grado de General de Brigada a Coroneles del Ejercito del Peru,https://epdoc2.elperuano.pe/EpPo/DescargaINDA.asp?Referencias=NjNMSExITEg5V1lCOVdUTUxIWUJMSExIVkJfX1ZCV1ZXVlM4UzhTOExI,20241031
20241012,2333776-63,DEFENSA,RESOLUCION SUPREMA,083-2024-DE,Ascienden al grado de General de Brigada a Coroneles del Ejercito del Peru,https://epdoc2.elperuano.pe/EpPo/DescargaINDA.asp?Referencias=NjNMSExITEg5V1lCOVdUTUxIWUJMSFM4VkJfX1ZCV1ZXVlM4UzhTOExI,20241031
20241012,2333776-64,DEFENSA,RESOLUCION SUPREMA,084-2024-DE,Ascienden al grado de General de Brigada a Coroneles del Ejercito del Peru,https://epdoc2.elperuano.pe/EpPo/DescargaINDA.asp?Referencias=NjNMSExITEg5V1lCOVdUTUxIWUJMSFRNVkJfX1ZCV1ZXVlM4UzhTOExI,20241031
20241012,2333776-65,DEFENSA,RESOLUCION SUPREMA,085-2024-DE,Ascienden al grado de General de Brigada a Coroneles del Ejercito del Peru,https://epdoc2.elperuano.pe/EpPo/DescargaINDA.asp?Referencias=NjNMSExITEg5V1lCOVdUTUxIWUJMSFVOVkJfX1ZCV1ZXVlM4UzhTOExI,20241031
20241012,2333776-66,DEFENSA,RESOLUCION SUPREMA,086-2024-DE,Ascienden al grado de General de Brigada a Coroneles del Ejercito del Peru,https://epdoc2.elperuano.pe/EpPo/DescargaINDA.asp?Referencias=NjNMSExITEg5V1lCOVdUTUxIWUJMSFZCVkJfX1ZCV1ZXVlM4UzhTOExI,20241031
20241012,2333776-67,DEFENSA,RESOLUCION SUPREMA,087-2024-DE,Ascienden al grado de Vicealmirante a Contralmirantes de la Marina de Guerra del Peru,https://epdoc2.elperuano.pe/EpPo/DescargaINDA.asp?Referencias=NjNMSExITEg5V1lCOVdUTUxIWUJMSFdWVkJfX1ZCV1ZXVlM4UzhTOExI,20241031
20241012,2333776-68,DEFENSA,RESOLUCION SUPREMA,088-2024-DE,Ascienden al grado de Vicealmirante a Contralmirantes de la Marina de Guerra del Peru,https://epdoc2.elperuano.pe/EpPo/DescargaINDA.asp?Referencias=NjNMSExITEg5V1lCOVdUTUxIWUJMSFhDVkJfX1ZCV1ZXVlM4UzhTOExI,20241031
20241012,2333776-69,DEFENSA,RESOLUCION SUPREMA,089-2024-DE,Ascienden al grado de Contralmirante a Capitanes de Navio de la Marina de Guerra del Peru,https://epdoc2.elperuano.pe/EpPo/DescargaINDA.asp?Referencias=NjNMSExITEg5V1lCOVdUTUxIWUJMSFlYVkJfX1ZCV1ZXVlM4UzhTOExI,20241031
20241012,2333776-70,DEFENSA,RESOLUCION SUPREMA,090-2024-DE,Ascienden al grado de Contralmirante a Capitanes de Navio de la Marina de Guerra del Peru,https://epdoc2.elperuano.pe/EpPo/DescargaINDA.asp?Referencias=NjNMSExITEg5V1lCOVdUTUxIWUJMSFlCV1ZfX1ZCV1ZXVlM4UzhTOExI,20241031
20241012,2333776-71,DEFENSA,RESOLUCION SUPREMA,091-2024-DE,Ascienden al grado de Contralmirante a Capitanes de Navio de la Marina de Guerra del Peru,https://epdoc2.elperuano.pe/EpPo/DescargaINDA.asp?Referencias=NjNMSExITEg5V1lCOVdUTUxIWUJMSDlXV1ZfX1ZCV1ZXVlM4UzhTOExI,20241031
20241012,2333776-72,DEFENSA,RESOLUCION SUPREMA,092-2024-DE,Ascienden al grado de Contralmirante a Capitanes de Navio de la Marina de Guerra del Peru,https://epdoc2.elperuano.pe/EpPo/DescargaINDA.asp?Referencias=NjNMSExITEg5V1lCOVdUTUxIWUJMSExIV1ZfX1ZCV1ZXVlM4UzhTOExI,20241031
20241012,2333776-73,DEFENSA,RESOLUCION SUPREMA,093-2024-DE,Ascienden al grado de Contralmirante a Capitanes de Navio de la Marina de Guerra del Peru,https://epdoc2.elperuano.pe/EpPo/DescargaINDA.asp?Referencias=NjNMSExITEg5V1lCOVdUTUxIWUJMSFM4V1ZfX1ZCV1ZXVlM4UzhTOExI,20241031
20241012,2333776-74,DEFENSA,RESOLUCION SUPREMA,094-2024-DE,Ascienden al grado de Contralmirante a Capitanes de Navio de la Marina de Guerra del Peru,https://epdoc2.elperuano.pe/EpPo/DescargaINDA.asp?Referencias=NjNMSExITEg5V1lCOVdUTUxIWUJMSFRNV1ZfX1ZCV1ZXVlM4UzhTOExI,20241031
20241012,2333776-75,DEFENSA,RESOLUCION SUPREMA,095-2024-DE,Ascienden al grado de Contralmirante a Capitanes de Navio de la Marina de Guerra del Peru,https://epdoc2.elperuano.pe/EpPo/DescargaINDA.asp?Referencias=NjNMSExITEg5V1lCOVdUTUxIWUJMSFVOV1ZfX1ZCV1ZXVlM4UzhTOExI,20241031
20241012,2333776-76,DEFENSA,RESOLUCION SUPREMA,096-2024-DE,Ascienden al grado de Contralmirante a Capitanes de Navio de la Marina de Guerra del Peru,https://epdoc2.elperuano.pe/EpPo/DescargaINDA.asp?Referencias=NjNMSExITEg5V1lCOVdUTUxIWUJMSFZCV1ZfX1ZCV1ZXVlM4UzhTOExI,20241031
20241012,2333776-77,DEFENSA,RESOLUCION SUPREMA,097-2024-DE,Ascienden al grado de Contralmirante a Capitanes de Navio de la Marina de Guerra del Peru,https://epdoc2.elperuano.pe/EpPo/DescargaINDA.asp?Referencias=NjNMSExITEg5V1lCOVdUTUxIWUJMSFdWV1ZfX1ZCV1ZXVlM4UzhTOExI,20241031
20241012,2333776-78,DEFENSA,RESOLUCION SUPREMA,098-2024-DE,Ascienden al grado de Contralmirante a Capitanes de Navio de la Marina de Guerra del Peru,https://epdoc2.elperuano.pe/EpPo/DescargaINDA.asp?Referencias=NjNMSExITEg5V1lCOVdUTUxIWUJMSFhDV1ZfX1ZCV1ZXVlM4UzhTOExI,20241031
20241012,2333776-79,DEFENSA,RESOLUCION SUPREMA,099-2024-DE,Ascienden al grado de Contralmirante a Capitanes de Navio de la Marina de Guerra del Peru,https://epdoc2.elperuano.pe/EpPo/DescargaINDA.asp?Referencias=NjNMSExITEg5V1lCOVdUTUxIWUJMSFlYV1ZfX1ZCV1ZXVlM4UzhTOExI,20241031
20241012,2333776-80,DEFENSA,RESOLUCION SUPREMA,100-2024-DE,Ascienden al grado de Contralmirante a Capitanes de Navio de la Marina de Guerra del Peru,https://epdoc2.elperuano.pe/EpPo/DescargaINDA.asp?Referencias=NjNMSExITEg5V1lCOVdUTUxIWUJMSFlCWENfX1ZCV1ZXVlM4UzhTOExI,20241031
20241012,2333776-81,DEFENSA,RESOLUCION SUPREMA,101-2024-DE,Ascienden al grado de Contralmirante a Capitanes de Navio de la Marina de Guerra del Peru,https://epdoc2.elperuano.pe/EpPo/DescargaINDA.asp?Referencias=NjNMSExITEg5V1lCOVdUTUxIWUJMSDlXWENfX1ZCV1ZXVlM4UzhTOExI,20241031
20241012,2333776-82,DEFENSA,RESOLUCION SUPREMA,102-2024-DE,Ascienden al grado de Contralmirante a Capitanes de Navio de la Marina de Guerra del Peru,https://epdoc2.elperuano.pe/EpPo/DescargaINDA.asp?Referencias=NjNMSExITEg5V1lCOVdUTUxIWUJMSExIWENfX1ZCV1ZXVlM4UzhTOExI,20241031
20241012,2333776-83,DEFENSA,RESOLUCION SUPREMA,103-2024-DE,Ascienden al grado de Contralmirante a Capitanes de Navio de la Marina de Guerra del Peru,https://epdoc2.elperuano.pe/EpPo/DescargaINDA.asp?Referencias=NjNMSExITEg5V1lCOVdUTUxIWUJMSFM4WENfX1ZCV1ZXVlM4UzhTOExI,20241031
20241012,2333776-84,DEFENSA,RESOLUCION SUPREMA,104-2024-DE,Ascienden al grado de Contralmirante a Capitanes de Navio de la Marina de Guerra del Peru,https://epdoc2.elperuano.pe/EpPo/DescargaINDA.asp?Referencias=NjNMSExITEg5V1lCOVdUTUxIWUJMSFRNWENfX1ZCV1ZXVlM4UzhTOExI,20241031
20241012,2333776-85,DEFENSA,RESOLUCION SUPREMA,105-2024-DE,Ascienden al grado de Teniente General FAP a Mayor General FAP,https://epdoc2.elperuano.pe/EpPo/DescargaINDA.asp?Referencias=NjNMSExITEg5V1lCOVdUTUxIWUJMSFVOWENfX1ZCV1ZXVlM4UzhTOExI,20241031
20241012,2333776-86,DEFENSA,RESOLUCION SUPREMA,106-2024-DE,Ascienden al grado de Mayor General FAP a Coroneles FAP,https://epdoc2.elperuano.pe/EpPo/DescargaINDA.asp?Referencias=NjNMSExITEg5V1lCOVdUTUxIWUJMSFZCWENfX1ZCV1ZXVlM4UzhTOExI,20241031
20241012,2333776-87,DEFENSA,RESOLUCION SUPREMA,107-2024-DE,Ascienden al grado de Mayor General FAP a Coroneles FAP,https://epdoc2.elperuano.pe/EpPo/DescargaINDA.asp?Referencias=NjNMSExITEg5V1lCOVdUTUxIWUJMSFdWWENfX1ZCV1ZXVlM4UzhTOExI,20241031
20241012,2333776-88,DEFENSA,RESOLUCION SUPREMA,108-2024-DE,Ascienden al grado de Mayor General FAP a Coroneles FAP,https://epdoc2.elperuano.pe/EpPo/DescargaINDA.asp?Referencias=NjNMSExITEg5V1lCOVdUTUxIWUJMSFhDWENfX1ZCV1ZXVlM4UzhTOExI,20241031
20241012,2333776-89,DEFENSA,RESOLUCION SUPREMA,109-2024-DE,Ascienden al grado de Mayor General FAP a Coroneles FAP,https://epdoc2.elperuano.pe/EpPo/DescargaINDA.asp?Referencias=NjNMSExITEg5V1lCOVdUTUxIWUJMSFlYWENfX1ZCV1ZXVlM4UzhTOExI,20241031
20241012,2333776-90,DEFENSA,RESOLUCION SUPREMA,110-2024-DE,Ascienden al grado de Mayor General FAP a Coroneles FAP,https://epdoc2.elperuano.pe/EpPo/DescargaINDA.asp?Referencias=NjNMSExITEg5V1lCOVdUTUxIWUJMSFlCWVhfX1ZCV1ZXVlM4UzhTOExI,20241031
20241012,2333776-91,DEFENSA,RESOLUCION SUPREMA,111-2024-DE,Ascienden al grado de Mayor General FAP a Coroneles FAP,https://epdoc2.elperuano.pe/EpPo/DescargaINDA.asp?Referencias=NjNMSExITEg5V1lCOVdUTUxIWUJMSDlXWVhfX1ZCV1ZXVlM4UzhTOExI,20241031
20241012,2333776-92,DEFENSA,RESOLUCION SUPREMA,112-2024-DE,Ascienden al grado de Mayor General FAP a Coroneles FAP,https://epdoc2.elperuano.pe/EpPo/DescargaINDA.asp?Referencias=NjNMSExITEg5V1lCOVdUTUxIWUJMSExIWVhfX1ZCV1ZXVlM4UzhTOExI,20241031
20241012,2333776-93,DEFENSA,RESOLUCION SUPREMA,113-2024-DE,Ascienden al grado de Mayor General FAP a Coroneles FAP,https://epdoc2.elperuano.pe/EpPo/DescargaINDA.asp?Referencias=NjNMSExITEg5V1lCOVdUTUxIWUJMSFM4WVhfX1ZCV1ZXVlM4UzhTOExI,20241031
20241012,2333776-94,DEFENSA,RESOLUCION SUPREMA,114-2024-DE,Ascienden al grado de Mayor General FAP a Coroneles FAP,https://epdoc2.elperuano.pe/EpPo/DescargaINDA.asp?Referencias=NjNMSExITEg5V1lCOVdUTUxIWUJMSFRNWVhfX1ZCV1ZXVlM4UzhTOExI,20241031
20241012,2333393-1,EDUCACION,RESOLUCION DIRECTORAL,No 128-2024-MINEDU/VMGI-PRONABEC,Designan Asesor de la Direccion Ejecutiva del Programa Nacional de Becas y Credito Educativo - PRONABEC,https://epdoc2.elperuano.pe/EpPo/DescargaINDA.asp?Referencias=NDNMSExITEhMSDlXWUI5V1RNTEhZQkxIOVdfX1M4WVhTOFM4UzhTOExI,20241031
20241012,2333400-1,EDUCACION,RESOLUCION DIRECTORAL,No 129-2024-MINEDU/VMGI-PRONABEC,Designan Director de la Oficina de Tecnologias de la Informacion del Programa Nacional de Becas y Credito Educativo - PRONABEC,https://epdoc2.elperuano.pe/EpPo/DescargaINDA.asp?Referencias=NDNMSExITEhMSDlXWUI5V1RNTEhZQkxIOVdfX1lCWUJUTVM4UzhTOExI,20241031
20241012,2333742-1,EDUCACION,RESOLUCION MINISTERIAL,No 504-2024-MINEDU,Designan Jefe de la Unidad de Sistemas de Informacion de la Oficina de Tecnologias de la Informacion y Comunicacion,https://epdoc2.elperuano.pe/EpPo/DescargaINDA.asp?Referencias=NDNMSExITEhMSDlXWUI5V1RNTEhZQkxIOVdfX0xIVE1XVlM4UzhTOExI,20241031
20241012,2333744-1,EDUCACION,RESOLUCION MINISTERIAL,No 505-2024-MINEDU,Designan Jefe de la Unidad de Servicio de Atencion al Usuario de la Oficina de Tecnologias de la Informacion y Comunicacion,https://epdoc2.elperuano.pe/EpPo/DescargaINDA.asp?Referencias=NDNMSExITEhMSDlXWUI5V1RNTEhZQkxIOVdfX1RNVE1XVlM4UzhTOExI,20241031
20241012,2333746-1,EDUCACION,RESOLUCION MINISTERIAL,No 506-2024-MINEDU,Designan Jefe de la Unidad de Calidad y Seguridad de la Informacion de la Oficina de Tecnologias de la Informacion y Comunicacion,https://epdoc2.elperuano.pe/EpPo/DescargaINDA.asp?Referencias=NDNMSExITEhMSDlXWUI5V1RNTEhZQkxIOVdfX1ZCVE1XVlM4UzhTOExI,20241031
20241012,2333616-1,EDUCACION,RESOLUCION VICE MINISTERIAL,No 110-2024-MINEDU,Aprueban la Norma Tecnica denominada Disposiciones para la implementacion de la Estrategia Educacion Te Escucha- ETE,https://epdoc2.elperuano.pe/EpPo/DescargaINDA.asp?Referencias=NDNMSExITEhMSDlXWUI5V1RNTEhZQkxIOVdfX1ZCOVdWQlM4UzhTOExI,20241031
20241012,2333116-1,ENERGIA Y MINAS,RESOLUCION MINISTERIAL,No 385-2024-MINEM/DM,Establecen derecho de servidumbre de ocupacion a favor de concesion definitiva de generacion de energia electrica con recursos energeticos renovables de la que es titular la empresa IBEREoLICA CARAVELi S.A.C. para el proyecto Parque Eolico Caraveli ubicado en el departamento de Arequipa,https://epdoc2.elperuano.pe/EpPo/DescargaINDA.asp?Referencias=NDNMSExITEhMSDlXWUI5V1RNTEhZQkxIOVdfX1ZCOVc5V1M4UzhTOExI,20241031
20241012,2333163-1,ENERGIA Y MINAS,RESOLUCION MINISTERIAL,No 374-2024-MINEM/DM,Establecen con caracter temporal servidumbre de ocupacion y transito para desarrollar estudios de futura Central Solar Fotovoltaica Macarena a favor de la concesion temporal de la que es titular la empresa GR CHABARBAMBA S.A.C. ubicada en el departamento de Ica,https://epdoc2.elperuano.pe/EpPo/DescargaINDA.asp?Referencias=NDNMSExITEhMSDlXWUI5V1RNTEhZQkxIOVdfX1M4VkI5V1M4UzhTOExI,20241031
20241012,2333461-1,ENERGIA Y MINAS,RESOLUCION MINISTERIAL,No 386-2024-MINEM/DM,Aprueban lista de bienes y servicios cuya adquisicion otorgara el derecho a la devolucion del Impuesto General a las Ventas e Impuesto de Promocion Municipal a favor de la empresa WINSHEAR DE PERU S.A.C. durante la fase de exploracion del proyecto minero Gaban,https://epdoc2.elperuano.pe/EpPo/DescargaINDA.asp?Referencias=NDNMSExITEhMSDlXWUI5V1RNTEhZQkxIOVdfXzlXVkJUTVM4UzhTOExI,20241031
20241012,2333671-1,ENERGIA Y MINAS,RESOLUCION MINISTERIAL,No 387-2024-MINEM/DM,Autorizan transferencia financiera de recursos a favor de la Empresa Regional de Servicio Publico de Electricidad Electronortemedio S.A. - HIDRANDINA S.A. para financiar diversos proyectos,https://epdoc2.elperuano.pe/EpPo/DescargaINDA.asp?Referencias=NDNMSExITEhMSDlXWUI5V1RNTEhZQkxIOVdfXzlXV1ZWQlM4UzhTOExI,20241031
20241012,2333673-1,ENERGIA Y MINAS,RESOLUCION MINISTERIAL,No 388-2024-MINEM/DM,Autorizan transferencia financiera de recursos a favor de la Empresa Regional de Servicio Publico de Electricidad del Centro S.A. - ELECTROCENTRO S.A. para financiar proyecto,https://epdoc2.elperuano.pe/EpPo/DescargaINDA.asp?Referencias=NDNMSExITEhMSDlXWUI5V1RNTEhZQkxIOVdfX1M4V1ZWQlM4UzhTOExI,20241031
20241012,2333677-1,ENERGIA Y MINAS,RESOLUCION MINISTERIAL,No 389-2024-MINEM/DM,Autorizan transferencia financiera de recursos a favor de la Empresa Regional de Servicio Publico de Electricidad del Nor Oeste del Peru Sociedad Anonima - ELECTRONOROESTE S.A. para financiar proyecto,https://epdoc2.elperuano.pe/EpPo/DescargaINDA.asp?Referencias=NDNMSExITEhMSDlXWUI5V1RNTEhZQkxIOVdfX1dWV1ZWQlM4UzhTOExI,20241031
20241012,2333682-1,ENERGIA Y MINAS,RESOLUCION MINISTERIAL,No 390-2024-MINEM/DM,Establecen el derecho de servidumbre de ocupacion paso y transito a favor de la empresa Gases del Norte del Peru S.A.C. en predio de propiedad de Petroleos del Peru - Petroperu S.A. ubicado en el departamento de Piura,https://epdoc2.elperuano.pe/EpPo/DescargaINDA.asp?Referencias=NDNMSExITEhMSDlXWUI5V1RNTEhZQkxIOVdfX0xIWENWQlM4UzhTOExI,20241031
20241012,2333684-1,ENERGIA Y MINAS,RESOLUCION MINISTERIAL,No 393-2024-MINEM/DM,Autorizan segunda transferencia financiera de recursos a favor del Gobierno Regional de Apurimac,https://epdoc2.elperuano.pe/EpPo/DescargaINDA.asp?Referencias=NDNMSExITEhMSDlXWUI5V1RNTEhZQkxIOVdfX1RNWENWQlM4UzhTOExI,20241031
20241012,2333686-1,ENERGIA Y MINAS,RESOLUCION MINISTERIAL,No 394-2024-MINEM/DM,Autorizan segunda transferencia financiera de recursos a favor del Gobierno Regional de Ayacucho,https://epdoc2.elperuano.pe/EpPo/DescargaINDA.asp?Referencias=NDNMSExITEhMSDlXWUI5V1RNTEhZQkxIOVdfX1ZCWENWQlM4UzhTOExI,20241031
20241012,2333391-1,INTERIOR,RESOLUCION MINISTERIAL,No 1265-2024-IN,Autorizan viaje de personal policial a Argentina en mision de estudios,https://epdoc2.elperuano.pe/EpPo/DescargaINDA.asp?Referencias=NDNMSExITEhMSDlXWUI5V1RNTEhZQkxIOVdfXzlXWVhTOFM4UzhTOExI,20241031
20241012,2333589-1,INTERIOR,RESOLUCION MINISTERIAL,No 1267-2024-IN,Autorizan viaje de personal policial a Colombia en comision de servicios,https://epdoc2.elperuano.pe/EpPo/DescargaINDA.asp?Referencias=NDNMSExITEhMSDlXWUI5V1RNTEhZQkxIOVdfX1lYWENVTlM4UzhTOExI,20241031
20241012,2333570-1,JUSTICIA Y DERECHOS HUMANOS,RESOLUCION MINISTERIAL,No 0263-2024-JUS,Cancelan titulo de notario de la provincia de Espinar departamento de Cusco Distrito Notarial de Cusco y Madre de Dios,https://epdoc2.elperuano.pe/EpPo/DescargaINDA.asp?Referencias=NDNMSExITEhMSDlXWUI5V1RNTEhZQkxIOVdfX1lCV1ZVTlM4UzhTOExI,20241031
20241012,2333756-2,RELACIONES EXTERIORES,DECRETO SUPREMO,No 045-2024-RE,Decreto Supremo que modifica los articulos 9 14 y 16 del Reglamento para la Expedicion del Pasaporte Electronico Ordinario y Salvoconducto en el exterior aprobado por Decreto Supremo No 037-2016-RE,https://epdoc2.elperuano.pe/EpPo/DescargaINDA.asp?Referencias=NDNMSExITEhMSDlXWUI5V1RNTEhZQkxITEhfX1ZCVU5XVlM4UzhTOExI,20241031
20241012,2333756-6,RELACIONES EXTERIORES,RESOLUCION SUPREMA,No 185-2024-RE,Pasan a la situacion de retiro a Embajador en el Servicio Diplomatico de la Republica,https://epdoc2.elperuano.pe/EpPo/DescargaINDA.asp?Referencias=NDNMSExITEhMSDlXWUI5V1RNTEhZQkxIVkJfX1ZCVU5XVlM4UzhTOExI,20241031
20241012,2333756-7,RELACIONES EXTERIORES,RESOLUCION SUPREMA,No 186-2024-RE,Pasan a la situacion de retiro a Embajadora en el Servicio Diplomatico de la Republica,https://epdoc2.elperuano.pe/EpPo/DescargaINDA.asp?Referencias=NDNMSExITEhMSDlXWUI5V1RNTEhZQkxIV1ZfX1ZCVU5XVlM4UzhTOExI,20241031
20241012,2333756-8,RELACIONES EXTERIORES,RESOLUCION SUPREMA,No 187-2024-RE,Nombran Consul General del Peru en La Paz Estado Plurinacional de Bolivia,https://epdoc2.elperuano.pe/EpPo/DescargaINDA.asp?Referencias=NDNMSExITEhMSDlXWUI5V1RNTEhZQkxIWENfX1ZCVU5XVlM4UzhTOExI,20241031
20241012,2333756-9,RELACIONES EXTERIORES,RESOLUCION SUPREMA,No 188-2024-RE,Dan por terminadas funciones de Consul General del Peru en Bilbao Reino de Espana,https://epdoc2.elperuano.pe/EpPo/DescargaINDA.asp?Referencias=NDNMSExITEhMSDlXWUI5V1RNTEhZQkxIWVhfX1ZCVU5XVlM4UzhTOExI,20241031
20241012,2333655-1,SALUD,RESOLUCION,No 074-2024-PRONIS-CG,Designan jefe de la Sub Unidad de Proyectos de Infraestructura Hospitalaria de la Unidad de Estudios Definitivos del Programa Nacional de Inversiones en Salud,https://epdoc2.elperuano.pe/EpPo/DescargaINDA.asp?Referencias=NDNMSExITEhMSDlXWUI5V1RNTEhZQkxIOVdfX1VOVU5WQlM4UzhTOExI,20241031
20241012,2333658-1,SALUD,RESOLUCION,No 075-2024-PRONIS-CG,Designan jefe de la Sub Unidad de Ejecucion de Inversiones de Reconstruccion de la Unidad de Gestion de Inversiones de Reconstruccion del Programa Nacional de Inversiones en Salud,https://epdoc2.elperuano.pe/EpPo/DescargaINDA.asp?Referencias=NDNMSExITEhMSDlXWUI5V1RNTEhZQkxIOVdfX1hDVU5WQlM4UzhTOExI,20241031
20241012,2333741-1,SALUD,RESOLUCION MINISTERIAL,No 690-2024/MINSA,Autorizan viaje de profesionales de la Direccion General de Medicamentos Insumos y Drogas a Argentina en comision de servicios,https://epdoc2.elperuano.pe/EpPo/DescargaINDA.asp?Referencias=NDNMSExITEhMSDlXWUI5V1RNTEhZQkxIOVdfXzlXVE1XVlM4UzhTOExI,20241031
20241012,2333745-1,SALUD,RESOLUCION MINISTERIAL,No 691-2024/MINSA,Autorizan viaje de profesionales de la Direccion General de Medicamentos Insumos y Drogas a Brasil en comision de servicios,https://epdoc2.elperuano.pe/EpPo/DescargaINDA.asp?Referencias=NDNMSExITEhMSDlXWUI5V1RNTEhZQkxIOVdfX1VOVE1XVlM4UzhTOExI,20241031
20241012,2333747-1,SALUD,RESOLUCION MINISTERIAL,No 692-2024/MINSA,Autorizan viaje de profesionales de la Direccion General de Medicamentos Insumos y Drogas a la India en comision de servicios,https://epdoc2.elperuano.pe/EpPo/DescargaINDA.asp?Referencias=NDNMSExITEhMSDlXWUI5V1RNTEhZQkxIOVdfX1dWVE1XVlM4UzhTOExI,20241031
20241012,2333236-1,TRANSPORTES Y COMUNICACIONES,RESOLUCION MINISTERIAL,No 588-2024-MTC/01.03,Otorgan a la empresa CYMTEL S.A.C. Concesion unica para la prestacion de servicios publicos de telecomunicaciones en area que comprende todo el territorio de la Republica,https://epdoc2.elperuano.pe/EpPo/DescargaINDA.asp?Referencias=NDNMSExITEhMSDlXWUI5V1RNTEhZQkxIOVdfX1ZCUzhMSFM4UzhTOExI,20241031
20241012,2333243-1,TRANSPORTES Y COMUNICACIONES,RESOLUCION MINISTERIAL,No 589-2024-MTC/01.03,Otorgan a la empresa KGM EQUITEC E.I.R.L. Concesion unica para la prestacion de servicios publicos de telecomunicaciones en area que comprende todo el territorio de la Republica,https://epdoc2.elperuano.pe/EpPo/DescargaINDA.asp?Referencias=NDNMSExITEhMSDlXWUI5V1RNTEhZQkxIOVdfX1M4VE1MSFM4UzhTOExI,20241031
20241012,2333698-1,VIVIENDA  CONSTRUCCIoN Y SANEAMIENTO,RESOLUCION DIRECTORAL,No D00011-2024-VIVIENDA/VMCS-PASLC,Designan Directora de la Unidad de Planeamiento y Presupuesto del Programa Agua Segura para Lima y Callao,https://epdoc2.elperuano.pe/EpPo/DescargaINDA.asp?Referencias=NDNMSExITEhMSDlXWUI5V1RNTEhZQkxIOVdfX1hDWVhWQlM4UzhTOExI,20241031
20241012,2333736-1,VIVIENDA  CONSTRUCCIoN Y SANEAMIENTO,RESOLUCION MINISTERIAL,No 393-2024-VIVIENDA,Designan Director de la Direccion de Innovacion y Desarrollo Tecnologico de la Direccion General de Accesibilidad y Desarrollo Tecnologico,https://epdoc2.elperuano.pe/EpPo/DescargaINDA.asp?Referencias=NDNMSExITEhMSDlXWUI5V1RNTEhZQkxIOVdfX1ZCUzhXVlM4UzhTOExI,20241031
20241012,2333756-10,VIVIENDA  CONSTRUCCIoN Y SANEAMIENTO,RESOLUCION SUPREMA,No 010-2024-VIVIENDA,Designan miembro del Directorio de la Superintendencia Nacional de los Registros Publicos,https://epdoc2.elperuano.pe/EpPo/DescargaINDA.asp?Referencias=NjNMSExITEg5V1lCOVdUTUxIWUJMSFlCOVdfX1ZCVU5XVlM4UzhTOExI,20241031
20241012,2333610-1,ARCHIVO GENERAL DE LA NACION,RESOLUCION JEFATURAL,No 000276-2024-AGN/JEF,Aceptan renuncias y designan servidores que ocuparan cargos de confianza en el Archivo General de la Nacion,https://epdoc2.elperuano.pe/EpPo/DescargaINDA.asp?Referencias=NDNMSExITEhMSDlXWUI5V1RNTEhZQkxIOVdfX1lCOVdWQlM4UzhTOExI,20241031
20241012,2332921-1,CENTRAL DE COMPRAS PuBLICAS,RESOLUCION JEFATURAL,No 000177-2024-PERu COMPRAS-JEFATURA,Modifican la Resolucion Jefatural No 000180-2023-PERu COMPRAS-JEFATURA que delega facultades a diversos funcionarios de PERu COMPRAS durante el Ano Fiscal 2024,https://epdoc2.elperuano.pe/EpPo/DescargaINDA.asp?Referencias=NDNMSExITEhMSDlXWUI5V1RNTEhZQkxIOVdfXzlXTEhZWExIUzhTOExI,20241031
20241012,2333231-1,CENTRAL DE COMPRAS PuBLICAS,RESOLUCION JEFATURAL,No 000178-2024-PERu COMPRAS-JEFATURA,Aprueban modificacion de quince (15) Fichas Tecnicas correspondientes al rubro Componentes equipos y sistemas de acondicionamiento y de distribucion del Listado de Bienes y Servicios Comunes - LBSC,https://epdoc2.elperuano.pe/EpPo/DescargaINDA.asp?Referencias=NDNMSExITEhMSDlXWUI5V1RNTEhZQkxIOVdfXzlXUzhMSFM4UzhTOExI,20241031
20241012,2333314-1,INSTITUTO NACIONAL DE SALUD,RESOLUCION,No 208-2024-PE/INS,Designan Jefe de Oficina de la Oficina de Asesoria Juridica del Instituto Nacional de Salud,https://epdoc2.elperuano.pe/EpPo/DescargaINDA.asp?Referencias=NDNMSExITEhMSDlXWUI5V1RNTEhZQkxIOVdfX1RNOVdTOFM4UzhTOExI,20241031
20241012,2333749-1,ORGANISMO DE FORMALIZACIoN DE LA PROPIEDAD INFORMAL,RESOLUCION DIRECTORAL,No D000149-2024-COFOPRI-DE,Designan Jefe de la Unidad de Recursos Humanos de la Oficina de Administracion del COFOPRI,https://epdoc2.elperuano.pe/EpPo/DescargaINDA.asp?Referencias=NDNMSExITEhMSDlXWUI5V1RNTEhZQkxIOVdfX1lYVE1XVlM4UzhTOExI,20241031
20241012,2333516-1,SEGURO INTEGRAL DE SALUD,RESOLUCION JEFATURAL,No 000143-2024-SIS/J,Designan Director General de la Oficina General de Asesoria Juridica del Seguro Integral de Salud,https://epdoc2.elperuano.pe/EpPo/DescargaINDA.asp?Referencias=NDNMSExITEhMSDlXWUI5V1RNTEhZQkxIOVdfX1ZCOVdVTlM4UzhTOExI,20241031
20241012,2333267-1,ORGANISMO SUPERVISOR DE LA INVERSIoN EN ENERGiA Y MINERiA,RESOLUCION,No 175-2024-OS/CD,Resolucion que aprueba el Factor de Balance de Potencia Coincidente en Horas de Punta (FBP) para el periodo noviembre de 2024 - octubre de 2025,https://epdoc2.elperuano.pe/EpPo/DescargaINDA.asp?Referencias=NDNMSExITEhMSDlXWUI5V1RNTEhZQkxIOVdfX1dWVkJMSFM4UzhTOExI,20241031
20241012,2333353-1,ORGANISMO SUPERVISOR DE LA INVERSIoN EN ENERGiA Y MINERiA,RESOLUCION,No 176-2024-OS/CD,Resolucion que fija los factores de proporcion aplicables en el calculo de la tarifa electrica rural de los Sistemas No Convencionales del 1 de noviembre de 2024 al 31 de octubre de 2025,https://epdoc2.elperuano.pe/EpPo/DescargaINDA.asp?Referencias=NDNMSExITEhMSDlXWUI5V1RNTEhZQkxIOVdfX1M4VU5TOFM4UzhTOExI,20241031
20241012,2333365-1,ORGANISMO SUPERVISOR DE LA INVERSIoN EN ENERGiA Y MINERiA,RESOLUCION,No 177-2024-OS/CD,Resolucion de Consejo Directivo que declara fundado el recurso de reconsideracion interpuesto por Gas Natural de Lima y Callao S.A. contra la Resolucion No 163-2024-OS/CD mediante la cual se aprobaron el Precio Medio del Gas y el Costo Medio de Transporte para el Periodo de Aplicacion de setiembre 2024 a noviembre 2024 de la Concesion de Distribucion de Gas Natural por Red de Ductos en Lima y Callao,https://epdoc2.elperuano.pe/EpPo/DescargaINDA.asp?Referencias=NDNMSExITEhMSDlXWUI5V1RNTEhZQkxIOVdfX1VOVkJTOFM4UzhTOExI,20241031
20241012,2332975-1,ORGANISMO SUPERVISOR DE INVERSION PRIVADA EN TELECOMUNICACIONES,RESOLUCION,No 00217-2024-CD/OSIPTEL,Establecen tarifas tope para las prestaciones de reactivacion por suspension del servicio reactivacion por suspension temporal del servicio solicitada por el abonado y reactivacion por corte,https://epdoc2.elperuano.pe/EpPo/DescargaINDA.asp?Referencias=NDNMSExITEhMSDlXWUI5V1RNTEhZQkxIOVdfX1VOV1ZZWExIUzhTOExI,20241031
20241012,2333153-1,ORGANISMO SUPERVISOR DE INVERSION PRIVADA EN TELECOMUNICACIONES,RESOLUCION,No 00218-2024-CD/OSIPTEL,Dan inicio al Procedimiento para la Revision del Factor de Productividad que se aplica en el Regimen Tarifario de Formula de Tarifas Tope estipulado en los Contratos de Concesion aprobados por Decreto Supremo No 11-94-TCC y modificados por Decreto Supremo No 021-98-MTC de los que es titular la empresa Telefonica del Peru S.A.A.,https://epdoc2.elperuano.pe/EpPo/DescargaINDA.asp?Referencias=NDNMSExITEhMSDlXWUI5V1RNTEhZQkxIOVdfX1M4VU45V1M4UzhTOExI,20241031
20241012,2333622-1,AUTORIDAD NACIONAL DEL AGUA,RESOLUCION JEFATURAL,No 0393-2024-ANA,Designan Subdirector de la Unidad de Contabilidad y Tesoreria de la Oficina de Administracion de la Autoridad Nacional del Agua,https://epdoc2.elperuano.pe/EpPo/DescargaINDA.asp?Referencias=NDNMSExITEhMSDlXWUI5V1RNTEhZQkxIOVdfX0xITEhWQlM4UzhTOExI,20241031
20241012,2333637-1,AUTORIDAD NACIONAL DEL AGUA,RESOLUCION JEFATURAL,No 0395-2024-ANA,Designan Director de la Oficina de Administracion de la Autoridad Nacional del Agua,https://epdoc2.elperuano.pe/EpPo/DescargaINDA.asp?Referencias=NDNMSExITEhMSDlXWUI5V1RNTEhZQkxIOVdfX1dWUzhWQlM4UzhTOExI,20241031
20241012,2333667-1,AUTORIDAD NACIONAL DEL AGUA,RESOLUCION JEFATURAL,No 0397-2024-ANA,Designan Director de la Oficina de Asesoria Juridica de la Autoridad Nacional del Agua,https://epdoc2.elperuano.pe/EpPo/DescargaINDA.asp?Referencias=NDNMSExITEhMSDlXWUI5V1RNTEhZQkxIOVdfX1dWVkJWQlM4UzhTOExI,20241031
20241012,2333701-1,AUTORIDAD NACIONAL DEL AGUA,RESOLUCION JEFATURAL,No 0399-2024-ANA,Designan Subdirector de la Unidad de Cooperacion Internacional de la Autoridad Nacional del Agua,https://epdoc2.elperuano.pe/EpPo/DescargaINDA.asp?Referencias=NDNMSExITEhMSDlXWUI5V1RNTEhZQkxIOVdfXzlXWUJXVlM4UzhTOExI,20241031
20241012,2333023-1,CENTRO NACIONAL DE PLANEAMIENTO ESTRATeGICO,RESOLUCION,No 114-2024/CEPLAN/PCD,Aprueban la Guia de prospectiva en politicas y planes del SINAPLAN,https://epdoc2.elperuano.pe/EpPo/DescargaINDA.asp?Referencias=NDNMSExITEhMSDlXWUI5V1RNTEhZQkxIOVdfX1M4TEhZQlM4UzhTOExI,20241031
20241012,2333024-1,CENTRO NACIONAL DE PLANEAMIENTO ESTRATeGICO,RESOLUCION,No 113-2024/CEPLAN/PCD,Aprueban la Guia de Politicas Nacionales,https://epdoc2.elperuano.pe/EpPo/DescargaINDA.asp?Referencias=NDNMSExITEhMSDlXWUI5V1RNTEhZQkxIOVdfX1RNTEhZQlM4UzhTOExI,20241031
20241012,2333629-1,INSTITUTO NACIONAL DE DEFENSA DE LA COMPETENCIA Y DE LA PROTECCION DE LA PROPIEDAD INTELECTUAL,RESOLUCION,No 0566-2024-SEL-INDECOPI,Declaran barrera burocratica ilegal el procedimiento asignado con Codigo SE5930AB39 del TUPA aprobado por la Ordenanza No 017-2018-MDM de la Municipalidad Distrital de Majes,https://epdoc2.elperuano.pe/EpPo/DescargaINDA.asp?Referencias=NDNMSExITEhMSDlXWUI5V1RNTEhZQkxIOVdfX1lYTEhWQlM4UzhTOExI,20241031
20241012,2333710-1,ORGANISMO DE EVALUACION Y FISCALIZACION AMBIENTAL,RESOLUCION,No 00013-2024-OEFA/CD,Disponen la publicacion del proyecto de Resolucion del Consejo Directivo que aprobaria la Tipificacion de infracciones administrativas y escala de sanciones aplicables al incumplimiento de las obligaciones ambientales fiscalizables por parte de los responsables de proyectos y/o actividades del subsector agrario y de riego que se encuentran bajo el ambito de competencia del OEFA su anexo y exposicion de motivos,https://epdoc2.elperuano.pe/EpPo/DescargaINDA.asp?Referencias=NDNMSExITEhMSDlXWUI5V1RNTEhZQkxIOVdfX1lCOVdXVlM4UzhTOExI,20241031
20241012,2333757-1,PROCURADURiA GENERAL DEL ESTADO,RESOLUCION,No D000687-2024-JUS/PGE-PG,Designan directora del Programa Sectorial IV de la Presidencia Ejecutiva de la Procuraduria General del Estado,https://epdoc2.elperuano.pe/EpPo/DescargaINDA.asp?Referencias=NDNMSExITEhMSDlXWUI5V1RNTEhZQkxIOVdfX1dWVU5XVlM4UzhTOExI,20241031
20241012,2333670-1,SERVICIO NACIONAL DE CERTIFICACIoN AMBIENTAL PARA LAS INVERSIONES SOSTENIBLES,RESOLUCION,No 00109-2024-SENACE/PE,Designan jefe de la Oficina de Planeamiento y Presupuesto del Servicio Nacional de Certificacion Ambiental para las Inversiones Sostenibles,https://epdoc2.elperuano.pe/EpPo/DescargaINDA.asp?Referencias=NDNMSExITEhMSDlXWUI5V1RNTEhZQkxIOVdfX1lCV1ZWQlM4UzhTOExI,20241031
20241012,2333762-1,SERVICIO NACIONAL DE CERTIFICACIoN AMBIENTAL PARA LAS INVERSIONES SOSTENIBLES,RESOLUCION,No 00110 -2024-SENACE/PE,Designan Asesor de Presidencia Ejecutiva,https://epdoc2.elperuano.pe/EpPo/DescargaINDA.asp?Referencias=NDNMSExITEhMSDlXWUI5V1RNTEhZQkxIOVdfX0xIVkJXVlM4UzhTOExI,20241031
20241012,2333161-1,SUPERINTENDENCIA DEL MERCADO DE VALORES,RESOLUCION,No 010-2024-SMV/01,Aprueban Disposiciones que regulan los mecanismos para la suscripcion del Formato que contiene la informacion del beneficiario final de los Entes Juridicos,https://epdoc2.elperuano.pe/EpPo/DescargaINDA.asp?Referencias=NDNMSExITEhMSDlXWUI5V1RNTEhZQkxIOVdfXzlXVkI5V1M4UzhTOExI,20241031
20241012,2332869-1,ACADEMIA DE LA MAGISTRATURA,RESOLUCION,No 000013-2024-D-AMAG/CD,Designan Vicepresidente del Consejo Directivo de la Academia de la Magistratura,https://epdoc2.elperuano.pe/EpPo/DescargaINDA.asp?Referencias=NDNMSExITEhMSDlXWUI5V1RNTEhZQkxIOVdfX1lYVkJYQ0xIUzhTOExI,20241031
20241012,2327672-1,INSTITUCIONES EDUCATIVAS,RESOLUCION,No 2216-2024-R-UNA,Autorizan viaje de docentes de la Universidad Nacional del Altiplano - Puno para participar en evento de capacitacion en Colombia,https://epdoc2.elperuano.pe/EpPo/DescargaINDA.asp?Referencias=NDNMSExITEhMSDlXWUI5V1RNTEhZQkxIOVdfX0xIV1ZWQldWTEhTOExI,20241031
20241012,2329960-1,INSTITUCIONES EDUCATIVAS,RESOLUCION,No 769-2024-UNF/CO,Autorizan viaje de profesional de la Universidad Nacional de Frontera a Mexico en comision de servicios,https://epdoc2.elperuano.pe/EpPo/DescargaINDA.asp?Referencias=NDNMSExITEhMSDlXWUI5V1RNTEhZQkxIOVdfX1lCVkJZWFlYTEhTOExI,20241031
20241012,2333598-1,JURADO NACIONAL DE ELECCIONES,RESOLUCION,No 0294-2024-JNE,Convocan a ciudadano para que asuma el cargo de regidor del Concejo Distrital de Carhuanca provincia de Vilcas Huaman departamento de Ayacucho,https://epdoc2.elperuano.pe/EpPo/DescargaINDA.asp?Referencias=NDNMSExITEhMSDlXWUI5V1RNTEhZQkxIOVdfX1hDWVhVTlM4UzhTOExI,20241031
20241012,2333738-1,OFICINA NACIONAL DE PROCESOS ELECTORALES,RESOLUCION JEFATURAL,No 000176-2024-JN/ONPE,Autorizan viaje de servidor a Lituania en comision de servicios,https://epdoc2.elperuano.pe/EpPo/DescargaINDA.asp?Referencias=NDNMSExITEhMSDlXWUI5V1RNTEhZQkxIOVdfX1hDUzhXVlM4UzhTOExI,20241031
20241012,2333003-1,GOBIERNO REGIONAL DEL CALLAO,ORDENANZA,No 007,Aprueban el Plan de Desarrollo Regional Concertado 2025 - 2034 de la Provincia Constitucional del Callao,https://epdoc2.elperuano.pe/EpPo/DescargaINDA.asp?Referencias=NDNMSExITEhMSDlXWUI5V1RNTEhZQkxIOVdfX1M4WUJZQlM4UzhTOExI,20241031
20241012,2308376-1,GOBIERNO REGIONAL DE TUMBES,ORDENANZA,No 005-2024/GOB.REG.TUMBES-CR-CD,Aprueban Ordenanza Regional que promueve la Incorporacion del Enfoque Intercultural la Promocion de la Diversidad Cultural para la Prevencion y Sancion del Racismo y la Discriminacion etnico Racial y la promocion de derechos del pueblo Afroperuano en el Departamento de Tumbes,https://epdoc2.elperuano.pe/EpPo/DescargaINDA.asp?Referencias=NDNMSExITEhMSDlXWUI5V1RNTEhZQkxIOVdfX1ZCV1ZTOFhDWUJTOExI,20241031
20241012,2319095-1,GOBIERNO REGIONAL DE TUMBES,ORDENANZA,No 009-2024/GOB.REG.TUMBES-CR-CD,Declaran de necesidad e interes regional la priorizacion de medidas y acciones destinadas a atender la problematica de embarazos en adolescentes en la region Tumbes y crean la Mesa de Coordinacion Multisectorial Regional de Tumbes,https://epdoc2.elperuano.pe/EpPo/DescargaINDA.asp?Referencias=NDNMSExITEhMSDlXWUI5V1RNTEhZQkxIOVdfX1VOWVhZQllYOVdTOExI,20241031
20241012,2319456-1,GOBIERNO REGIONAL DE TUMBES,ORDENANZA,No 008-2024/GOB.REG.TUMBES-CR-CD,Conforman la Red de Gerentes de Desarrollo Social de la Region Tumbes,https://epdoc2.elperuano.pe/EpPo/DescargaINDA.asp?Referencias=NDNMSExITEhMSDlXWUI5V1RNTEhZQkxIOVdfX1ZCVU5UTVlYOVdTOExI,20241031
20241012,2332962-1,MUNICIPALIDAD DE MAGDALENA DEL MAR,ORDENANZA,No 245-2024-MDMM,Aprueban la celebracion del Primer Matrimonio Civil Comunitario en el mes de febrero de 2025 y del Segundo Matrimonio Civil y Religioso Comunitario en el mes de julio de 2025,https://epdoc2.elperuano.pe/EpPo/DescargaINDA.asp?Referencias=NDNMSExITEhMSDlXWUI5V1RNTEhZQkxIOVdfX0xIVkJZWExIUzhTOExI,20241031
20241012,2333197-1,MUNICIPALIDAD DEL RIMAC,Ordenanzas,No 646-MDR,Ordenanza que prorroga para el ejercicio fiscal 2025 la vigencia de la Ordenanza No 630-MDR que establecio el monto por derecho de emision mecanizada de actualizacion de valores determinacion del impuesto predial y arbitrios municipales 2024,https://epdoc2.elperuano.pe/EpPo/DescargaINDA.asp?Referencias=NDNMSExITEhMSDlXWUI5V1RNTEhZQkxIOVdfX1dWWVg5V1M4UzhTOExI,20241031
20241012,2333201-1,MUNICIPALIDAD DEL RIMAC,RESOLUCION DE ALCALDIA,No 128-2024-MDR-AL,Conforman la Unidad Funcional Canina como unidad dependiente de la Gerencia de Seguridad Ciudadana de la Municipalidad Distrital del Rimac,https://epdoc2.elperuano.pe/EpPo/DescargaINDA.asp?Referencias=NDNMSExITEhMSDlXWUI5V1RNTEhZQkxIOVdfXzlXWUJMSFM4UzhTOExI,20241031
20241012,2333478-1,MUNICIPALIDAD DE SAN MARTIN DE PORRES,DECRETO DE ALCALDIA,No 013-2024/MDSMP,Modifican el Reglamento para el Proceso del Presupuesto Participativo basado en resultados de la Municipalidad Distrital de San Martin de Porres aprobado por Ordenanza No 563/MDSMP,https://epdoc2.elperuano.pe/EpPo/DescargaINDA.asp?Referencias=NDNMSExITEhMSDlXWUI5V1RNTEhZQkxIOVdfX1hDV1ZUTVM4UzhTOExI,20241031
20241012,2332437-1,MUNICIPALIDAD DE SANTA ANITA,ORDENANZA,No 00360/MDSA,Ordenanza que reglamenta el otorgamiento de condecoraciones reconocimientos y estimulos de la Municipalidad Distrital de Santa Anita,https://epdoc2.elperuano.pe/EpPo/DescargaINDA.asp?Referencias=NDNMSExITEhMSDlXWUI5V1RNTEhZQkxIOVdfX1dWUzhUTUxIUzhTOExI,20241031
20241012,2333149-1,MUNICIPALIDAD PROVINCIAL DE ISLAY,ORDENANZA,No 543-MPI,Ordenanza Municipal que aprueba la creacion y conformacion del Consejo Provincial de Salud de Islay - Arequipa,https://epdoc2.elperuano.pe/EpPo/DescargaINDA.asp?Referencias=NDNMSExITEhMSDlXWUI5V1RNTEhZQkxIOVdfX1lYVE05V1M4UzhTOExI,20241031
20241012,2333154-1,MUNICIPALIDAD PROVINCIAL DE ISLAY,RESOLUCION DE ALCALDIA,No 108-2024-MPI,Delegan facultades y atribuciones en diversos funcionarios de la Municipalidad Provincial de Islay,https://epdoc2.elperuano.pe/EpPo/DescargaINDA.asp?Referencias=NDNMSExITEhMSDlXWUI5V1RNTEhZQkxIOVdfX1RNVU45V1M4UzhTOExI,20241031
20241011,2333251-1,DECRETOS LEGISLATIVOS,FE DE ERRATA,D.LEG. No 1672,FE DE ERRATA,https://epdoc2.elperuano.pe/EpPo/DescargaINDA.asp?Referencias=NDM5VzlXOVc5VzlXWUI5V1RNTEhZQkxIOVdfXzlXVU5MSFM4UzhTOExI,20241031
20241011,2333250-1,PRESIDENCIA DEL CONSEJO DE MINISTROS,DECRETO SUPREMO,No 110-2024-PCM,Decreto Supremo que declara dias no laborables a nivel de Lima Metropolitana y la Provincia Constitucional del Callao para los trabajadores de los Sectores Publico y Privado durante el mes de noviembre de 2024,https://epdoc2.elperuano.pe/EpPo/DescargaINDA.asp?Referencias=NDM5VzlXOVc5VzlXWUI5V1RNTEhZQkxIOVdfX1lCVU5MSFM4UzhTOExI,20241031
20241011,2332925-1,PRESIDENCIA DEL CONSEJO DE MINISTROS,RESOLUCION MINISTERIAL,No 273-2024-PCM,Autorizan transferencia financiera de recursos a favor del Programa de las Naciones Unidas para el Desarrollo (PNUD) para la ejecucion del Proyecto PNUD 00087555 - ID 00094512 Acercando el Estado al Ciudadano,https://epdoc2.elperuano.pe/EpPo/DescargaINDA.asp?Referencias=NDM5VzlXOVc5VzlXWUI5V1RNTEhZQkxIOVdfX1VOTEhZWExIUzhTOExI,20241031
20241011,2332927-1,PRESIDENCIA DEL CONSEJO DE MINISTROS,RESOLUCION MINISTERIAL,No 274-2024-PCM,Autorizan viaje de funcionario de OSINERGMIN para participar en evento a realizarse en Guatemala,https://epdoc2.elperuano.pe/EpPo/DescargaINDA.asp?Referencias=NDM5VzlXOVc5VzlXWUI5V1RNTEhZQkxIOVdfX1dWTEhZWExIUzhTOExI,20241031
20241011,2333250-2,PRESIDENCIA DEL CONSEJO DE MINISTROS,RESOLUCION SUPREMA,No 212-2024-PCM,Autorizan viaje del Ministro de Defensa a Argentina y encargan su Despacho al Ministro de Economia y Finanzas,https://epdoc2.elperuano.pe/EpPo/DescargaINDA.asp?Referencias=NDM5VzlXOVc5VzlXWUI5V1RNTEhZQkxITEhfX1lCVU5MSFM4UzhTOExI,20241031
20241011,2333252-1,AMBIENTE,DECRETO SUPREMO,No 007-2024-MINAM,Decreto Supremo que aprueba el Reglamento de la Ley No 31991 Ley del Cuerpo de Guardaparques del Peru,https://epdoc2.elperuano.pe/EpPo/DescargaINDA.asp?Referencias=NDM5VzlXOVc5VzlXWUI5V1RNTEhZQkxIOVdfX0xIVU5MSFM4UzhTOExI,20241031
20241011,2333232-1,COMERCIO EXTERIOR Y TURISMO,RESOLUCION MINISTERIAL,No 298-2024-MINCETUR,Designan Directora de la Oficina de Comunicaciones y Protocolo del Ministerio,https://epdoc2.elperuano.pe/EpPo/DescargaINDA.asp?Referencias=NDM5VzlXOVc5VzlXWUI5V1RNTEhZQkxIOVdfX0xIUzhMSFM4UzhTOExI,20241031
20241011,2333240-1,COMERCIO EXTERIOR Y TURISMO,RESOLUCION MINISTERIAL,No 299-2024-MINCETUR,Autorizan viaje de representante de PROMPERu a Espana en comision de servicios,https://epdoc2.elperuano.pe/EpPo/DescargaINDA.asp?Referencias=NDM5VzlXOVc5VzlXWUI5V1RNTEhZQkxIOVdfX1lCVE1MSFM4UzhTOExI,20241031
20241011,2332523-1,CULTURA,RESOLUCION DIRECTORAL,No 000148-2024-DGPA-VMPCIC/MC,Determinan la Proteccion Provisional del sitio arqueologico Muro La Jalca ubicado en el distrito de Jalca Grande provincia de Chachapoyas departamento de Amazonas,https://epdoc2.elperuano.pe/EpPo/DescargaINDA.asp?Referencias=NDM5VzlXOVc5VzlXWUI5V1RNTEhZQkxIOVdfX1M4TEhVTkxIUzhTOExI,20241031
20241011,2332525-1,CULTURA,RESOLUCION DIRECTORAL,No 000147-2024-DGPA-VMPCIC/MC,Determinan la Proteccion Provisional del Sitio Arqueologico Cerro Canteria Sector A y B ubicado en el distrito de San Jose de Los Molinos provincia de Ica departamento de Ica,https://epdoc2.elperuano.pe/EpPo/DescargaINDA.asp?Referencias=NDM5VzlXOVc5VzlXWUI5V1RNTEhZQkxIOVdfX1VOTEhVTkxIUzhTOExI,20241031
20241011,2333591-1,DEFENSA,RESOLUCION MINISTERIAL,No 01129-2024-DE,Ascienden a Oficiales Superiores a los grados de Coronel Teniente Coronel y Mayor,https://epdoc2.elperuano.pe/EpPo/DescargaINDA.asp?Referencias=NDM5VzlXOVc5VzlXWUI5V1RNTEhZQkxIOVdfXzlXWVhVTlM4UzhTOExI,20241031
20241011,2333595-1,DEFENSA,RESOLUCION MINISTERIAL,No 01130-2024-DE,Ascienden a Oficiales Superiores a los grados de Capitan de Navio Capitan de Fragata y Capitan de Corbeta,https://epdoc2.elperuano.pe/EpPo/DescargaINDA.asp?Referencias=NDM5VzlXOVc5VzlXWUI5V1RNTEhZQkxIOVdfX1VOWVhVTlM4UzhTOExI,20241031
20241011,2333597-1,DEFENSA,RESOLUCION MINISTERIAL,No 01131-2024-DE,Ascienden a Oficiales Superiores a los grados de Coronel Comandante y Mayor,https://epdoc2.elperuano.pe/EpPo/DescargaINDA.asp?Referencias=NDM5VzlXOVc5VzlXWUI5V1RNTEhZQkxIOVdfX1dWWVhVTlM4UzhTOExI,20241031
20241011,2333135-1,DESARROLLO E INCLUSIoN SOCIAL,RESOLUCION,No D000133-2024-MIDIS/PNPDS-DE,Designan Jefe de la Unidad de Administracion del Programa Nacional de entrega de la pension no contributiva a personas con discapacidad severa en situacion de pobreza - CONTIGO,https://epdoc2.elperuano.pe/EpPo/DescargaINDA.asp?Referencias=NDM5VzlXOVc5VzlXWUI5V1RNTEhZQkxIOVdfX1VOUzg5V1M4UzhTOExI,20241031
20241011,2333758-1,ECONOMIA Y FINANZAS,DECRETO SUPREMO,No 184-2024-EF,Aprueban el Reglamento del Decreto Legislativo No 1634 Decreto legislativo que aprueba el fraccionamiento especial de la deuda tributaria administrada por la SUNAT,https://epdoc2.elperuano.pe/EpPo/DescargaINDA.asp?Referencias=NDM5VzlXOVc5VzlXWUI5V1RNTEhZQkxIOVdfX1hDVU5XVlM4UzhTOExI,20241031
20241011,2332999-1,ECONOMIA Y FINANZAS,RESOLUCION DIRECTORAL,No 0033-2024-EF/50.01,Resolucion Directoral que aprueba la Directiva para la Evaluacion del Presupuesto Institucional de los Organismos Publicos y Empresas No Financieras de los Gobiernos Regionales y de los Gobiernos Locales,https://epdoc2.elperuano.pe/EpPo/DescargaINDA.asp?Referencias=NDM5VzlXOVc5VzlXWUI5V1RNTEhZQkxIOVdfX1lYWVhZWExIUzhTOExI,20241031
20241011,2333112-1,EDUCACION,RESOLUCION DIRECTORAL,No 000182-2024-MINEDU-VMGI-PRONIED-DE,Designan Director de Sistema Administrativo III de la Oficina General de Administracion del Programa Nacional de Infraestructura Educativa,https://epdoc2.elperuano.pe/EpPo/DescargaINDA.asp?Referencias=NDM5VzlXOVc5VzlXWUI5V1RNTEhZQkxIOVdfX0xIOVc5V1M4UzhTOExI,20241031
20241011,2333140-1,ENERGIA Y MINAS,RESOLUCION MINISTERIAL,No 383-2024-MINEM/DM,Autorizan transferencia financiera de recursos a favor del Gobierno Regional de Tacna,https://epdoc2.elperuano.pe/EpPo/DescargaINDA.asp?Referencias=NDM5VzlXOVc5VzlXWUI5V1RNTEhZQkxIOVdfX1lCVE05V1M4UzhTOExI,20241031
20241011,2333581-1,ENERGIA Y MINAS,RESOLUCION MINISTERIAL,No 392-2024-MINEM/DM,Autorizan transferencia financiera a favor de la Municipalidad Distrital de Quinota provincia de Chumbivilcas departamento de Cusco destinada a financiar la ejecucion de un proyecto de inversion,https://epdoc2.elperuano.pe/EpPo/DescargaINDA.asp?Referencias=NDM5VzlXOVc5VzlXWUI5V1RNTEhZQkxIOVdfXzlXWENVTlM4UzhTOExI,20241031
20241011,2333082-1,INTERIOR,RESOLUCION MINISTERIAL,No 1255-2024-IN,Designan miembros del Comite de Promocion de la Inversion Privada del Sector Interior,https://epdoc2.elperuano.pe/EpPo/DescargaINDA.asp?Referencias=NDM5VzlXOVc5VzlXWUI5V1RNTEhZQkxIOVdfX0xIWENZQlM4UzhTOExI,20241031
20241011,2333103-1,INTERIOR,RESOLUCION MINISTERIAL,No 1252-2024-IN,Autorizan viaje de oficial de la Policia Nacional del Peru a EE.UU. en mision de estudios,https://epdoc2.elperuano.pe/EpPo/DescargaINDA.asp?Referencias=NDM5VzlXOVc5VzlXWUI5V1RNTEhZQkxIOVdfX1M4WUI5V1M4UzhTOExI,20241031
20241011,2333634-1,INTERIOR,RESOLUCION MINISTERIAL,No 1266-2024-IN,Designan Director de la Direccion de Autorizaciones Especiales y Garantias de la Direccion General de Gobierno Interior,https://epdoc2.elperuano.pe/EpPo/DescargaINDA.asp?Referencias=NDM5VzlXOVc5VzlXWUI5V1RNTEhZQkxIOVdfX1RNUzhWQlM4UzhTOExI,20241031
20241011,2333143-1,MUJER Y POBLACIONES VULNERABLES,RESOLUCION MINISTERIAL,No 319-2024-MIMP,Designan Coordinadora de la Sub Unidad de Logistica (hoy Subunidad de Abastecimiento) de la Unidad de Administracion del Programa Integral Nacional para el Bienestar Familiar - INABIF,https://epdoc2.elperuano.pe/EpPo/DescargaINDA.asp?Referencias=NDM5VzlXOVc5VzlXWUI5V1RNTEhZQkxIOVdfX1M4VE05V1M4UzhTOExI,20241031
20241011,2333249-1,MUJER Y POBLACIONES VULNERABLES,RESOLUCION MINISTERIAL,No 321-2024-MIMP,Designan representante del Ministerio de la Mujer y Poblaciones Vulnerables ante el Consejo Nacional de Adopciones,https://epdoc2.elperuano.pe/EpPo/DescargaINDA.asp?Referencias=NDM5VzlXOVc5VzlXWUI5V1RNTEhZQkxIOVdfX1lYVE1MSFM4UzhTOExI,20241031
20241011,2333241-1,RELACIONES EXTERIORES,RESOLUCION MINISTERIAL,No 0769-2024-RE,Autorizan viaje de funcionario diplomatico a Singapur y Taipei Chino en comision de servicios,https://epdoc2.elperuano.pe/EpPo/DescargaINDA.asp?Referencias=NDM5VzlXOVc5VzlXWUI5V1RNTEhZQkxIOVdfXzlXVE1MSFM4UzhTOExI,20241031
20241011,2333244-1,RELACIONES EXTERIORES,RESOLUCION MINISTERIAL,No 0770-2024-RE,Autorizan viaje de funcionario diplomatico a Italia en comision de servicios,https://epdoc2.elperuano.pe/EpPo/DescargaINDA.asp?Referencias=NDM5VzlXOVc5VzlXWUI5V1RNTEhZQkxIOVdfX1RNVE1MSFM4UzhTOExI,20241031
20241011,2333246-1,RELACIONES EXTERIORES,RESOLUCION MINISTERIAL,No 0771-2024-RE,Autorizan viaje de funcionaria diplomatica a Austria en comision de servicios,https://epdoc2.elperuano.pe/EpPo/DescargaINDA.asp?Referencias=NDM5VzlXOVc5VzlXWUI5V1RNTEhZQkxIOVdfX1ZCVE1MSFM4UzhTOExI,20241031
20241011,2332953-1,SALUD,RESOLUCION,No D000279-2024-SG-MINSA,Aprueban el Presupuesto Analitico de Personal Modificado de la Unidad Ejecutora 001-117: Administracion Central del Ministerio de Salud correspondiente al ano 2024,https://epdoc2.elperuano.pe/EpPo/DescargaINDA.asp?Referencias=NDM5VzlXOVc5VzlXWUI5V1RNTEhZQkxIOVdfX1M4VU5ZWExIUzhTOExI,20241031
20241011,2333219-1,SALUD,RESOLUCION MINISTERIAL,No 685-2024/MINSA,Autorizan transferencia financiera a favor de la Organizacion Panamericana de la Salud (OPS/OMS),https://epdoc2.elperuano.pe/EpPo/DescargaINDA.asp?Referencias=NDM5VzlXOVc5VzlXWUI5V1RNTEhZQkxIOVdfX1lYOVdMSFM4UzhTOExI,20241031
20241011,2333119-1,TRABAJO Y PROMOCION DEL EMPLEO,RESOLUCION MINISTERIAL,No 159-2024-TR,Autorizan viaje de Jefa de la Oficina General de Cooperacion y Asuntos Internacionales a Colombia en comision de servicios,https://epdoc2.elperuano.pe/EpPo/DescargaINDA.asp?Referencias=NDM5VzlXOVc5VzlXWUI5V1RNTEhZQkxIOVdfX1lYOVc5V1M4UzhTOExI,20241031
20241011,2333110-1,VIVIENDA  CONSTRUCCIoN Y SANEAMIENTO,RESOLUCION DIRECTORAL,No 264-2024/VIVIENDA/VMCS/PNSR,Designan Jefe de Unidad de la Unidad de Asesoria Legal del Programa Nacional de Saneamiento Rural,https://epdoc2.elperuano.pe/EpPo/DescargaINDA.asp?Referencias=NDM5VzlXOVc5VzlXWUI5V1RNTEhZQkxIOVdfX1lCOVc5V1M4UzhTOExI,20241031
20241011,2333013-1,VIVIENDA  CONSTRUCCIoN Y SANEAMIENTO,RESOLUCION MINISTERIAL,No 390-2024-VIVIENDA,Aprueban la Trigesima octava convocatoria del ano 2024 para el otorgamiento del Bono de Arrendamiento de Vivienda para Emergencias en atencion a los Decretos Supremos Nos. 012-2024-PCM 016-2024-PCM y 020-2024-PCM prorrogado mediante el Decreto Supremo No 044-2024-PCM y a los Decretos Supremos Nos. 026-2024-PCM 027-2024-PCM y 031-2024-PCM,https://epdoc2.elperuano.pe/EpPo/DescargaINDA.asp?Referencias=NDM5VzlXOVc5VzlXWUI5V1RNTEhZQkxIOVdfX1M4OVdZQlM4UzhTOExI,20241031
20241011,2332694-1,CENTRAL DE COMPRAS PuBLICAS,RESOLUCION JEFATURAL,No 000176-2024-PERu COMPRAS-JEFATURA,Aprueban modificacion de ciento sesenta y tres (163) Fichas Tecnicas correspondientes al rubro Equipos accesorios y suministros medicos del Listado de Bienes y Servicios Comunes - LBSC,https://epdoc2.elperuano.pe/EpPo/DescargaINDA.asp?Referencias=NDM5VzlXOVc5VzlXWUI5V1RNTEhZQkxIOVdfX1RNWVhWQkxIUzhTOExI,20241031
20241011,2333406-1,INTENDENCIA NACIONAL DE BOMBEROS DEL PERU,RESOLUCION,No 072-2024-INBP,Dan por concluida designacion de Asesor de la Direccion de Gestion de Recursos para la Operatividad de la Intendencia Nacional de Bomberos del Peru,https://epdoc2.elperuano.pe/EpPo/DescargaINDA.asp?Referencias=NDM5VzlXOVc5VzlXWUI5V1RNTEhZQkxIOVdfX1ZCWUJUTVM4UzhTOExI,20241031
20241011,2332661-1,SUPERINTENDENCIA NACIONAL DE SERVICIOS DE SANEAMIENTO,RESOLUCION,No 068-2024-SUNASS-CD,Disponen la difusion del proyecto de resolucion de Consejo Directivo que aprobaria la modificacion de la Norma complementaria al Decreto Supremo No 010-2019-VIVIENDA Reglamento de Valores Maximos Admisibles (VMA) para las descargas de aguas residuales no domesticas en el sistema de alcantarillado sanitario aprobada por Resolucion de Consejo Directivo N.º 011-2020-SUNASS-CD,https://epdoc2.elperuano.pe/EpPo/DescargaINDA.asp?Referencias=NDM5VzlXOVc5VzlXWUI5V1RNTEhZQkxIOVdfXzlXVkJWQkxIUzhTOExI,20241031
20241011,2333273-1,AUTORIDAD NACIONAL DEL AGUA,RESOLUCION JEFATURAL,No 0390-2024-ANA,Designan Director de la Direccion de Calidad y Evaluacion de Recursos Hidricos de la Autoridad Nacional del Agua,https://epdoc2.elperuano.pe/EpPo/DescargaINDA.asp?Referencias=NDM5VzlXOVc5VzlXWUI5V1RNTEhZQkxIOVdfX1M4V1ZMSFM4UzhTOExI,20241031
20241011,2332797-1,CENTRO NACIONAL DE PLANEAMIENTO ESTRATeGICO,RESOLUCION,No 112-2024/CEPLAN/PCD,Excluyen parcialmente al Ministerio de Defensa del ambito de aplicacion de los Lineamientos para la identificacion del Listado de las Inversiones Estrategicas en los Planes Estrategicos Sectoriales Multianuales - PESEM,https://epdoc2.elperuano.pe/EpPo/DescargaINDA.asp?Referencias=NDM5VzlXOVc5VzlXWUI5V1RNTEhZQkxIOVdfX1dWWVhXVkxIUzhTOExI,20241031
20241011,2332902-1,CONSEJO NACIONAL DE CIENCIA  TECNOLOGiA E INNOVACIoN TECNOLoGICA,RESOLUCION,No 117-2024-CONCYTEC-P,Aprueban transferencias financieras a entidades publicas y el otorgamiento de subvenciones a personas juridicas privadas,https://epdoc2.elperuano.pe/EpPo/DescargaINDA.asp?Referencias=NDM5VzlXOVc5VzlXWUI5V1RNTEhZQkxIOVdfX0xIWUJZWExIUzhTOExI,20241031
20241011,2333104-1,INSTITUTO NACIONAL DE DEFENSA DE LA COMPETENCIA Y DE LA PROTECCION DE LA PROPIEDAD INTELECTUAL,RESOLUCION,No 0565-2024/SEL-INDECOPI,Declaran barrera burocratica ilegal lo dispuesto en los numerales 3.1 y 3.2 del articulo 3 de la Ordenanza No 585-MSI de la Municipalidad Distrital de San Isidro,https://epdoc2.elperuano.pe/EpPo/DescargaINDA.asp?Referencias=NDM5VzlXOVc5VzlXWUI5V1RNTEhZQkxIOVdfX1RNWUI5V1M4UzhTOExI,20241031
20241011,2332878-1,SERVICIO NACIONAL DE CERTIFICACIoN AMBIENTAL PARA LAS INVERSIONES SOSTENIBLES,RESOLUCION,No 00101-2024-SENACE/PE,Ratifican a representantes del SENACE ante la Comision encargada de conducir y coordinar el proceso de transferencia de funciones del subsector Industria del Ministerio de la Produccion,https://epdoc2.elperuano.pe/EpPo/DescargaINDA.asp?Referencias=NDM5VzlXOVc5VzlXWUI5V1RNTEhZQkxIOVdfX1hDV1ZYQ0xIUzhTOExI,20241031
20241011,2333067-1,CONSEJO EJECUTIVO DEL PODER JUDICIAL,RESOLUCION ADMINISTRATIVA,No 000329-2024-CE-PJ,Crean el Juzgado de Paz del Centro Poblado Los angeles  con competencia territorial en el Centro Poblado Los angeles (sede)  asi como en los Anexos de Chumpallhua Occocho Antasco Ccamana Huisaynizo Santiago Pata y Allccacirca  distrito de Huancaray provincia de Andahuaylas departamento y Distrito Judicial de Apurimac,https://epdoc2.elperuano.pe/EpPo/DescargaINDA.asp?Referencias=NDM5VzlXOVc5VzlXWUI5V1RNTEhZQkxIOVdfX1dWVkJZQlM4UzhTOExI,20241031
20241011,2333070-1,CONSEJO EJECUTIVO DEL PODER JUDICIAL,RESOLUCION ADMINISTRATIVA,No 000330-2024-CE-PJ,Crean el Juzgado de Paz del Centro Poblado Kcallacancha  con competencia territorial en las Comunidades Campesinas Kcallacancha (sede) Pucara Nuevo Amanecer Chinchibamba y Carpapampa y en el Anexo Ccollpapata  distrito y provincia de Paucartambo departamento y Distrito Judicial de Cusco.,https://epdoc2.elperuano.pe/EpPo/DescargaINDA.asp?Referencias=NDM5VzlXOVc5VzlXWUI5V1RNTEhZQkxIOVdfX1lCV1ZZQlM4UzhTOExI,20241031
20241011,2333075-1,CONSEJO EJECUTIVO DEL PODER JUDICIAL,RESOLUCION ADMINISTRATIVA,No 000331-2024-CE-PJ,Crean el Juzgado de Paz del Centro Poblado La Colorada  competencia en el Centro Poblado La Colorada (sede)  asi como en los Caserios de La Olleria Carrizal Hornitos San Jose Las Balderas Montehermoso Caracucho y Panala y en los Anexos de San Jorge y Los alamos  distrito de Morrope provincia y Distrito Judicial de Lambayeque,https://epdoc2.elperuano.pe/EpPo/DescargaINDA.asp?Referencias=NDM5VzlXOVc5VzlXWUI5V1RNTEhZQkxIOVdfX1VOV1ZZQlM4UzhTOExI,20241031
20241011,2333078-1,CONSEJO EJECUTIVO DEL PODER JUDICIAL,RESOLUCION ADMINISTRATIVA,No 000332-2024-CE-PJ,Crean el Juzgado de Paz del Centro Poblado Mollepata  con competencia territorial en el Centro Poblado Mollepata (sede)  asi como en los Barrios Lorensayocc Yuncaybamba y Ccacce  distrito de Huancaray provincia de Andahuaylas departamento y Distrito Judicial de Apurimac,https://epdoc2.elperuano.pe/EpPo/DescargaINDA.asp?Referencias=NDM5VzlXOVc5VzlXWUI5V1RNTEhZQkxIOVdfX1hDV1ZZQlM4UzhTOExI,20241031
20241011,2333080-1,CONSEJO EJECUTIVO DEL PODER JUDICIAL,RESOLUCION ADMINISTRATIVA,No 000333-2024-CE-PJ,Crean el Juzgado de Paz del Centro Poblado Ccapaccasa  con competencia territorial en el Centro Poblado Ccapaccasa (sede)  asi como en la Comunidad Campesina de Curca y el Anexo de Pisaraccay  distrito de Mara provincia de Cotabambas departamento y Distrito Judicial de Apurimac,https://epdoc2.elperuano.pe/EpPo/DescargaINDA.asp?Referencias=NDM5VzlXOVc5VzlXWUI5V1RNTEhZQkxIOVdfX1lCWENZQlM4UzhTOExI,20241031
20241011,2333084-1,CONSEJO EJECUTIVO DEL PODER JUDICIAL,RESOLUCION ADMINISTRATIVA,No 000334-2024-CE-PJ,Crean el Juzgado de Paz del Centro Poblado Santa Fe  con competencia territorial en el Centro Poblado Santa Fe (sede)  asi como en los Anexos San Jose de Quichque Nuevo Amanecer Tunaspampa Urbanizacion Savilayocc y San Cristobal  distrito y provincia de Chincheros departamento y Distrito Judicial de Apurimac,https://epdoc2.elperuano.pe/EpPo/DescargaINDA.asp?Referencias=NDM5VzlXOVc5VzlXWUI5V1RNTEhZQkxIOVdfX1RNWENZQlM4UzhTOExI,20241031
20241011,2332639-1,INSTITUCIONES EDUCATIVAS,RESOLUCION,No 012583-2024-R/UNMSM,Ratifican Resolucion que autoriza viaje de Decano de la Facultad de Ciencias Contables de la Universidad Nacional Mayor de San Marcos a Republica Dominicana en comision de servicios,https://epdoc2.elperuano.pe/EpPo/DescargaINDA.asp?Referencias=NDM5VzlXOVc5VzlXWUI5V1RNTEhZQkxIOVdfX1lYUzhWQkxIUzhTOExI,20241031
20241011,2332696-1,INSTITUCIONES EDUCATIVAS,RESOLUCION,No 1178-2024,Autorizan viaje de docente de la Universidad Nacional de San Agustin de Arequipa para participar en evento a realizarse en Brasil,https://epdoc2.elperuano.pe/EpPo/DescargaINDA.asp?Referencias=NDM5VzlXOVc5VzlXWUI5V1RNTEhZQkxIOVdfX1ZCWVhWQkxIUzhTOExI,20241031
20241011,2333125-1,MINISTERIO PUBLICO,RESOLUCION,No 2227-2024-MP-FN,Dan por concluida designacion y encargan el despacho de la Coordinacion del Equipo Especial de Fiscales contra la corrupcion del poder a fiscal,https://epdoc2.elperuano.pe/EpPo/DescargaINDA.asp?Referencias=NDM5VzlXOVc5VzlXWUI5V1RNTEhZQkxIOVdfX1VOTEg5V1M4UzhTOExI,20241031
20241011,2333125-2,MINISTERIO PUBLICO,RESOLUCION,No 2228-2024-MP-FN,Dan por concluida designacion de fiscal adjunta provincial titular penal (corporativa) de Cajamarca Distrito Fiscal de Cajamarca,https://epdoc2.elperuano.pe/EpPo/DescargaINDA.asp?Referencias=NDM5VzlXOVc5VzlXWUI5V1RNTEhZQkxITEhfX1VOTEg5V1M4UzhTOExI,20241031
20241011,2333125-3,MINISTERIO PUBLICO,RESOLUCION,No 042-2024-MP-FN-JFS,Aceptan renuncia de fiscal adjunta provincial penal titular (corporativo) de Cajamarca del Distrito Fiscal de Cajamarca,https://epdoc2.elperuano.pe/EpPo/DescargaINDA.asp?Referencias=NDM5VzlXOVc5VzlXWUI5V1RNTEhZQkxIUzhfX1VOTEg5V1M4UzhTOExI,20241031
20241011,2333125-4,MINISTERIO PUBLICO,RESOLUCION,No 2229-2024-MP-FN,Dan por concluida designacion de fiscal provincial titular penal de Cajamarca Distrito Fiscal de Cajamarca,https://epdoc2.elperuano.pe/EpPo/DescargaINDA.asp?Referencias=NDM5VzlXOVc5VzlXWUI5V1RNTEhZQkxIVE1fX1VOTEg5V1M4UzhTOExI,20241031
20241011,2333125-5,MINISTERIO PUBLICO,RESOLUCION,No 043-2024-MP-FN-JFS,Aceptan renuncia de fiscal provincial en lo penal titular de Cajamarca del Distrito Fiscal de Cajamarca,https://epdoc2.elperuano.pe/EpPo/DescargaINDA.asp?Referencias=NDM5VzlXOVc5VzlXWUI5V1RNTEhZQkxIVU5fX1VOTEg5V1M4UzhTOExI,20241031
20241011,2332852-1,SUPERINTENDENCIA DE BANCA  SEGUROS Y ADMINISTRADORAS PRIVADAS DE FONDOS DE PENSIONES,CIRCULAR,No G-225-2024,Actualizacion del capital social minimo de las empresas supervisadas correspondientes al trimestre octubre - diciembre de 2024,https://epdoc2.elperuano.pe/EpPo/DescargaINDA.asp?Referencias=NDM5VzlXOVc5VzlXWUI5V1RNTEhZQkxIOVdfX0xIVU5YQ0xIUzhTOExI,20241031
20241011,2319470-1,GOBIERNO REGIONAL DE HUANCAVELICA,DECRETO,No 005-2020/GOB.REG-HVCA,Aprueban el Manual de Operaciones de la Direccion Regional de Agricultura de Huancavelica,https://epdoc2.elperuano.pe/EpPo/DescargaINDA.asp?Referencias=NDM5VzlXOVc5VzlXWUI5V1RNTEhZQkxIOVdfX1lCV1ZUTVlYOVdTOExI,20241031
20241011,2332697-1,MUNICIPALIDAD METROPOLITANA DE LIMA,RESOLUCION JEFATURAL,No 001-004-00005256,Designan Especialista Ejecutor Coactivo II del SAT,https://epdoc2.elperuano.pe/EpPo/DescargaINDA.asp?Referencias=NDM5VzlXOVc5VzlXWUI5V1RNTEhZQkxIOVdfX1dWWVhWQkxIUzhTOExI,20241031
20241011,2331805-1,MUNICIPALIDAD DE SAN JUAN DE MIRAFLORES,DECRETO DE ALCALDIA,No 017-2024/MDSJM,Aprueban el Reglamento de Supervision Ambiental de la Municipalidad Distrital de San Juan de Miraflores,https://epdoc2.elperuano.pe/EpPo/DescargaINDA.asp?Referencias=NDM5VzlXOVc5VzlXWUI5V1RNTEhZQkxIOVdfX1VOWUJYQzlXUzhTOExI,20241031
20241011,2333002-1,MUNICIPALIDAD DE SAN JUAN DE MIRAFLORES,ORDENANZA,No 529/MDSJM,Establecen incentivos tributarios de caracter temporal para el cumplimiento de obligaciones tributarias que se encuentren vencidas o por vencer a la fecha de entrada en vigencia de la presente norma,https://epdoc2.elperuano.pe/EpPo/DescargaINDA.asp?Referencias=NDM5VzlXOVc5VzlXWUI5V1RNTEhZQkxIOVdfX0xIWUJZQlM4UzhTOExI,20241031
20241011,2330391-1,MUNICIPALIDAD CP DE SANTA MARIA DE HUACHIPA,ORDENANZA,No 003-2024/MCPSMH,Ordenanza que aprueba el Reglamento de Organizacion y Funciones - ROF de la Municipalidad del Centro Poblado de Santa Maria de Huachipa,https://epdoc2.elperuano.pe/EpPo/DescargaINDA.asp?Referencias=NDM5VzlXOVc5VzlXWUI5V1RNTEhZQkxIOVdfXzlXWVhTOFlCUzhTOExI,20241031
20241011,2333145-1,MUNICIPALIDAD PROVINCIAL DE ISLAY,ORDENANZA,No 545-MPI,Ordenanza que aprueba la exoneracion total y exoneracion parcial de pago del derecho de tramitacion del procedimiento administrativo Otorgamiento de Titulo de Propiedad (posesion anterior a 31/12/2015) con codigo PA6020E3E9 prevista en el Texto unico de Procedimientos Administrativos - TUPA de la Municipalidad Provincial de Islay,https://epdoc2.elperuano.pe/EpPo/DescargaINDA.asp?Referencias=NDM5VzlXOVc5VzlXWUI5V1RNTEhZQkxIOVdfX1VOVE05V1M4UzhTOExI,20241031
20241011,2332877-1,MUNICIPALIDAD DISTRITAL VILCABAMBA,ACUERDO,No 043-2024-CM-MDV/LC,Autorizan viaje del Alcalde a la Republica Popular China en comision de servicios,https://epdoc2.elperuano.pe/EpPo/DescargaINDA.asp?Referencias=NDM5VzlXOVc5VzlXWUI5V1RNTEhZQkxIOVdfX1dWV1ZYQ0xIUzhTOExI,20241031
20241011,2332880-1,MUNICIPALIDAD DISTRITAL DE OCOBAMBA - CUSCO,ACUERDO,No 030-2024/CM/MDO/LC,Autorizan viaje del alcalde a China en comision de servicios,https://epdoc2.elperuano.pe/EpPo/DescargaINDA.asp?Referencias=NDM5VzlXOVc5VzlXWUI5V1RNTEhZQkxIOVdfX1lCWENYQ0xIUzhTOExI,20241031
20241010,2332876-1,CONGRESO DE LA REPUBLICA,LEY,No 32130,Ley que modifica el Codigo Procesal Penal Decreto Legislativo 957 para fortalecer la investigacion del delito como funcion de la Policia Nacional del Peru y agilizar los procesos penales,https://epdoc2.elperuano.pe/EpPo/DescargaINDA.asp?Referencias=NDNZQllCWUJZQjlXWUI5V1RNTEhZQkxIOVdfX1ZCV1ZYQ0xIUzhTOExI,20241031
20241010,2332876-2,CONGRESO DE LA REPUBLICA,LEY,No 32131,Ley que declara de interes nacional la implementacion del Geoparque del Glaciar Quelccaya ubicado entre los departamentos de Cusco y Puno,https://epdoc2.elperuano.pe/EpPo/DescargaINDA.asp?Referencias=NDNZQllCWUJZQjlXWUI5V1RNTEhZQkxITEhfX1ZCV1ZYQ0xIUzhTOExI,20241031
20241010,2332876-3,CONGRESO DE LA REPUBLICA,LEY,No 32132,Ley que promueve el cuidado integral y multidisciplinario de la madre ante la muerte y duelo gestacional y neonatal,https://epdoc2.elperuano.pe/EpPo/DescargaINDA.asp?Referencias=NDNZQllCWUJZQjlXWUI5V1RNTEhZQkxIUzhfX1ZCV1ZYQ0xIUzhTOExI,20241031
20241010,2333235-1,PRESIDENCIA DEL CONSEJO DE MINISTROS,DECRETO SUPREMO,No 107-2024-PCM,Decreto Supremo que prorroga el Estado de Emergencia declarado en la provincia de Viru del departamento de La Libertad,https://epdoc2.elperuano.pe/EpPo/DescargaINDA.asp?Referencias=NDNZQllCWUJZQjlXWUI5V1RNTEhZQkxIOVdfX1VOUzhMSFM4UzhTOExI,20241031
20241010,2333235-2,PRESIDENCIA DEL CONSEJO DE MINISTROS,DECRETO SUPREMO,No 108-2024-PCM,Decreto Supremo que prorroga el Estado de Emergencia en la provincia de Pataz del departamento de La Libertad,https://epdoc2.elperuano.pe/EpPo/DescargaINDA.asp?Referencias=NDNZQllCWUJZQjlXWUI5V1RNTEhZQkxITEhfX1VOUzhMSFM4UzhTOExI,20241031
20241010,2333235-3,PRESIDENCIA DEL CONSEJO DE MINISTROS,DECRETO SUPREMO,No 109-2024-PCM,Decreto Supremo que prorroga el Estado de Emergencia declarado en la provincia de Trujillo del departamento de La Libertad,https://epdoc2.elperuano.pe/EpPo/DescargaINDA.asp?Referencias=NDNZQllCWUJZQjlXWUI5V1RNTEhZQkxIUzhfX1VOUzhMSFM4UzhTOExI,20241031
20241010,2332765-1,PRESIDENCIA DEL CONSEJO DE MINISTROS,RESOLUCION MINISTERIAL,No 271-2024-PCM,Formalizan modificaciones de diversos articulos del Reglamento Interno de la Comision Interministerial de Asuntos Sociales (CIAS),https://epdoc2.elperuano.pe/EpPo/DescargaINDA.asp?Referencias=NDNZQllCWUJZQjlXWUI5V1RNTEhZQkxIOVdfX1VOVkJXVkxIUzhTOExI,20241031
20241010,2332831-1,AMBIENTE,RESOLUCION MINISTERIAL,No 00321-2024-MINAM,Designan Jefe de la Oficina General de Planeamiento y Presupuesto del Ministerio,https://epdoc2.elperuano.pe/EpPo/DescargaINDA.asp?Referencias=NDNZQllCWUJZQjlXWUI5V1RNTEhZQkxIOVdfXzlXUzhYQ0xIUzhTOExI,20241031
20241010,2332874-1,COMERCIO EXTERIOR Y TURISMO,RESOLUCION MINISTERIAL,No 292-2024-MINCETUR,Designan Directora General de la Oficina General de Planificacion Presupuesto y Desarrollo,https://epdoc2.elperuano.pe/EpPo/DescargaINDA.asp?Referencias=NDNZQllCWUJZQjlXWUI5V1RNTEhZQkxIOVdfX1RNV1ZYQ0xIUzhTOExI,20241031
20241010,2332874-2,COMERCIO EXTERIOR Y TURISMO,RESOLUCION MINISTERIAL,No 294-2024-MINCETUR,Designan Director de la Oficina de Planificacion y Presupuesto de la Oficina General de Planificacion Presupuesto y Desarrollo,https://epdoc2.elperuano.pe/EpPo/DescargaINDA.asp?Referencias=NDNZQllCWUJZQjlXWUI5V1RNTEhZQkxITEhfX1RNV1ZYQ0xIUzhTOExI,20241031
20241010,2332658-1,CULTURA,RESOLUCION MINISTERIAL,No 000376-2024-MC,Otorgan la distincion de Personalidad Meritoria de la Cultura,https://epdoc2.elperuano.pe/EpPo/DescargaINDA.asp?Referencias=NDNZQllCWUJZQjlXWUI5V1RNTEhZQkxIOVdfX1hDVU5WQkxIUzhTOExI,20241031
20241010,2332511-1,CULTURA,RESOLUCION VICE MINISTERIAL,No 000295-2024-VMPCIC/MC,Declaran Patrimonio Cultural de la Nacion un bien cultural mueble,https://epdoc2.elperuano.pe/EpPo/DescargaINDA.asp?Referencias=NDNZQllCWUJZQjlXWUI5V1RNTEhZQkxIOVdfXzlXOVdVTkxIUzhTOExI,20241031
20241010,2332757-1,DEFENSA,RESOLUCION MINISTERIAL,No 01102-2024-DE,Autorizan viaje de oficial de la Fuerza Aerea del Peru a Chile en mision de estudios,https://epdoc2.elperuano.pe/EpPo/DescargaINDA.asp?Referencias=NDNZQllCWUJZQjlXWUI5V1RNTEhZQkxIOVdfX1dWVU5XVkxIUzhTOExI,20241031
20241010,2332816-1,DEFENSA,RESOLUCION MINISTERIAL,No 01100-2024-DE,Autorizan viaje del Jefe Institucional de la Agencia Espacial del Peru - CONIDA a la Republica Italiana en comision de servicios,https://epdoc2.elperuano.pe/EpPo/DescargaINDA.asp?Referencias=NDNZQllCWUJZQjlXWUI5V1RNTEhZQkxIOVdfX1ZCOVdYQ0xIUzhTOExI,20241031
20241010,2332822-1,DESARROLLO AGRARIO Y RIEGO,RESOLUCION DIRECTORAL,No D000038-2024-MIDAGRI-SENASA-DSV,Establecen requisitos fitosanitarios de cumplimiento obligatorio para la importacion de plantas de arandano de origen y procedencia del Reino de Espana,https://epdoc2.elperuano.pe/EpPo/DescargaINDA.asp?Referencias=NDNZQllCWUJZQjlXWUI5V1RNTEhZQkxIOVdfX0xITEhYQ0xIUzhTOExI,20241031
20241010,2332965-1,DESARROLLO E INCLUSIoN SOCIAL,RESOLUCION,No D000591-2024-MIDIS/PNAEQW-DE,Designan Jefa de la Unidad de Administracion del Programa Nacional de Alimentacion Escolar Qali Warma,https://epdoc2.elperuano.pe/EpPo/DescargaINDA.asp?Referencias=NDNZQllCWUJZQjlXWUI5V1RNTEhZQkxIOVdfX1VOVkJZWExIUzhTOExI,20241031
20241010,2332985-1,DESARROLLO E INCLUSIoN SOCIAL,RESOLUCION,No D000592-2024-MIDIS/PNAEQW-DE,Designan Coordinador de la Coordinacion de Transferencia de Recursos de la Unidad de Gestion de Contrataciones y Transferencia de Recursos del Programa Nacional de Alimentacion Escolar Qali Warma,https://epdoc2.elperuano.pe/EpPo/DescargaINDA.asp?Referencias=NDNZQllCWUJZQjlXWUI5V1RNTEhZQkxIOVdfX1VOWENZWExIUzhTOExI,20241031
20241010,2332861-1,DESARROLLO E INCLUSIoN SOCIAL,RESOLUCION MINISTERIAL,No D000151-2024-MIDIS,Designan Jefe de la Oficina General de Tecnologias de la Informacion,https://epdoc2.elperuano.pe/EpPo/DescargaINDA.asp?Referencias=NDNZQllCWUJZQjlXWUI5V1RNTEhZQkxIOVdfXzlXVkJYQ0xIUzhTOExI,20241031
20241010,2331330-1,ENERGIA Y MINAS,RESOLUCION MINISTERIAL,No 381-2024-MINEM/DM,Otorgan a favor de Hydro Global Peru S.A.C. la concesion definitiva para desarrollar la transmision de energia electrica en proyecto de linea de transmision ubicado en las provincias de Azangaro Carabaya y Melgar departamento de Puno,https://epdoc2.elperuano.pe/EpPo/DescargaINDA.asp?Referencias=NDNZQllCWUJZQjlXWUI5V1RNTEhZQkxIOVdfX1lCUzhTODlXUzhTOExI,20241031
20241010,2333096-1,INTERIOR,RESOLUCION MINISTERIAL,No 1258-2024-IN,Designan Directora de la Direccion de Autoridades Politicas de la Direccion General de Gobierno Interior del Despacho Viceministerial de Orden Interno,https://epdoc2.elperuano.pe/EpPo/DescargaINDA.asp?Referencias=NDNZQllCWUJZQjlXWUI5V1RNTEhZQkxIOVdfX1ZCWVhZQlM4UzhTOExI,20241031
20241010,2332876-8,INTERIOR,RESOLUCION SUPREMA,No 140-2024-IN,Designan Prefecto Regional de La Libertad,https://epdoc2.elperuano.pe/EpPo/DescargaINDA.asp?Referencias=NDNZQllCWUJZQjlXWUI5V1RNTEhZQkxIWENfX1ZCV1ZYQ0xIUzhTOExI,20241031
20241010,2332876-4,RELACIONES EXTERIORES,RESOLUCION SUPREMA,No 181-2024-RE,Nombran al Embajador Extraordinario y Plenipotenciario del Peru en Australia para que se desempene simultaneamente como Embajador Extraordinario y Plenipotenciario del Peru ante las Islas Salomon,https://epdoc2.elperuano.pe/EpPo/DescargaINDA.asp?Referencias=NDNZQllCWUJZQjlXWUI5V1RNTEhZQkxIVE1fX1ZCV1ZYQ0xIUzhTOExI,20241031
20241010,2332876-5,RELACIONES EXTERIORES,RESOLUCION SUPREMA,No 182-2024-RE,Nombran al Embajador Extraordinario y Plenipotenciario del Peru en la Republica Helenica para que se desempene simultaneamente como Embajador Extraordinario y Plenipotenciario del Peru ante la Republica de Chipre,https://epdoc2.elperuano.pe/EpPo/DescargaINDA.asp?Referencias=NDNZQllCWUJZQjlXWUI5V1RNTEhZQkxIVU5fX1ZCV1ZYQ0xIUzhTOExI,20241031
20241010,2332876-6,RELACIONES EXTERIORES,RESOLUCION SUPREMA,No 183-2024-RE,Nombran al Embajador Extraordinario y Plenipotenciario del Peru en la Republica Helenica para que se desempene simultaneamente como Embajador Extraordinario y Plenipotenciario del Peru ante la Republica de Albania,https://epdoc2.elperuano.pe/EpPo/DescargaINDA.asp?Referencias=NDNZQllCWUJZQjlXWUI5V1RNTEhZQkxIVkJfX1ZCV1ZYQ0xIUzhTOExI,20241031
20241010,2332876-7,RELACIONES EXTERIORES,RESOLUCION SUPREMA,No 184-2024-RE,Nombran al Embajador Extraordinario y Plenipotenciario del Peru en el Reino de Espana para que se desempene simultaneamente como Embajador Extraordinario y Plenipotenciario del Peru ante el Principado de Andorra,https://epdoc2.elperuano.pe/EpPo/DescargaINDA.asp?Referencias=NDNZQllCWUJZQjlXWUI5V1RNTEhZQkxIV1ZfX1ZCV1ZYQ0xIUzhTOExI,20241031
20241010,2333253-1,SALUD,RESOLUCION MINISTERIAL,No 686-2024/MINSA,Aprueban el Documento Tecnico: Plan Nacional de Fortalecimiento de Servicios de Salud Mental Comunitaria 2024-2028,https://epdoc2.elperuano.pe/EpPo/DescargaINDA.asp?Referencias=NDNZQllCWUJZQjlXWUI5V1RNTEhZQkxIOVdfX1M4VU5MSFM4UzhTOExI,20241031
20241010,2332873-1,TRANSPORTES Y COMUNICACIONES,RESOLUCION MINISTERIAL,No 590-2024-MTC/01.02,Autorizan viaje de inspector de la Direccion General de Aeronautica Civil a los Estados Unidos de America en comision de servicios,https://epdoc2.elperuano.pe/EpPo/DescargaINDA.asp?Referencias=NDNZQllCWUJZQjlXWUI5V1RNTEhZQkxIOVdfX1M4V1ZYQ0xIUzhTOExI,20241031
20241010,2332733-1,VIVIENDA  CONSTRUCCIoN Y SANEAMIENTO,RESOLUCION DIRECTORAL,No 258-2024/VIVIENDA/VMCS/PNSR,Designan Jefe de Unidad de la Unidad Tecnica de Proyectos del Programa Nacional de Saneamiento Rural,https://epdoc2.elperuano.pe/EpPo/DescargaINDA.asp?Referencias=NDNZQllCWUJZQjlXWUI5V1RNTEhZQkxIOVdfX1M4UzhXVkxIUzhTOExI,20241031
20241010,2332753-1,VIVIENDA  CONSTRUCCIoN Y SANEAMIENTO,RESOLUCION DIRECTORAL,No 260-2024/VIVIENDA/VMCS/PNSR,Designan Asesor de Direccion Ejecutiva del Programa Nacional de Saneamiento Rural,https://epdoc2.elperuano.pe/EpPo/DescargaINDA.asp?Referencias=NDNZQllCWUJZQjlXWUI5V1RNTEhZQkxIOVdfX1M4VU5XVkxIUzhTOExI,20241031
20241010,2332868-1,VIVIENDA  CONSTRUCCIoN Y SANEAMIENTO,RESOLUCION MINISTERIAL,No 387-2024-VIVIENDA,Aprueban la Trigesima septima convocatoria del ano 2024 para el otorgamiento del Bono de Arrendamiento de Vivienda para Emergencias en atencion a los Decretos Supremos Nos. 005-2024-PCM y 016-2024-PCM prorrogado mediante el Decreto Supremo No 039-2024-PCM y a los Decretos Supremos Nos. 020-2024-PCM y 026-2024-PCM,https://epdoc2.elperuano.pe/EpPo/DescargaINDA.asp?Referencias=NDNZQllCWUJZQjlXWUI5V1RNTEhZQkxIOVdfX1hDVkJYQ0xIUzhTOExI,20241031
20241010,2333146-1,AUTORIDAD NACIONAL DEL SERVICIO CIVIL,RESOLUCION,No 000130-2024-SERVIR-PE,Delegan funciones a servidores y designan representante del Titular de SERVIR ante la Comision Especial de Transicion (CET) y personal a cargo de las acciones de seguimiento,https://epdoc2.elperuano.pe/EpPo/DescargaINDA.asp?Referencias=NDNZQllCWUJZQjlXWUI5V1RNTEhZQkxIOVdfX1ZCVE05V1M4UzhTOExI,20241031
20241010,2333156-1,AUTORIDAD NACIONAL DEL SERVICIO CIVIL,RESOLUCION,No 000124-2024-SERVIR-GG,Delegan funciones en diversos servidores de la Autoridad Nacional del Servicio Civil para el Ano Fiscal 2024 y dejan sin efecto la Res. No 000001-2024-SERVIR-GG,https://epdoc2.elperuano.pe/EpPo/DescargaINDA.asp?Referencias=NDNZQllCWUJZQjlXWUI5V1RNTEhZQkxIOVdfX1ZCVU45V1M4UzhTOExI,20241031
20241010,2332879-1,SERVICIO NACIONAL DE CERTIFICACIoN AMBIENTAL PARA LAS INVERSIONES SOSTENIBLES,RESOLUCION,No 00103-2024-SENACE/PE,Designan de jefe de la Oficina de Asesoria Juridica del SENACE,https://epdoc2.elperuano.pe/EpPo/DescargaINDA.asp?Referencias=NDNZQllCWUJZQjlXWUI5V1RNTEhZQkxIOVdfX1lYV1ZYQ0xIUzhTOExI,20241031
20241010,2332728-1,CONSEJO EJECUTIVO DEL PODER JUDICIAL,RESOLUCION ADMINISTRATIVA,No 000314-2024-CE-PJ,Aprueban el Reglamento denominado Programa de Voluntariado en el Poder Judicial - Version 002,https://epdoc2.elperuano.pe/EpPo/DescargaINDA.asp?Referencias=NDNZQllCWUJZQjlXWUI5V1RNTEhZQkxIOVdfX1hDTEhXVkxIUzhTOExI,20241031
20241010,2332808-1,CONSEJO EJECUTIVO DEL PODER JUDICIAL,RESOLUCION ADMINISTRATIVA,No 000129-2024-P-CE-PJ,Aceptan renuncia de Jueza Especializada Laboral titular de Arequipa Distrito Judicial de Arequipa,https://epdoc2.elperuano.pe/EpPo/DescargaINDA.asp?Referencias=NDNZQllCWUJZQjlXWUI5V1RNTEhZQkxIOVdfX1hDWUJYQ0xIUzhTOExI,20241031
20241010,2331971-1,INSTITUCIONES EDUCATIVAS,RESOLUCION,No 13886-2024-UNJBG,Autorizan viaje de docentes y personal administrativo de la Universidad Nacional Jorge Basadre Grohmann a Bolivia en comision de servicios,https://epdoc2.elperuano.pe/EpPo/DescargaINDA.asp?Referencias=NDNZQllCWUJZQjlXWUI5V1RNTEhZQkxIOVdfXzlXV1ZZWDlXUzhTOExI,20241031
20241010,2332454-1,INSTITUCIONES EDUCATIVAS,RESOLUCION,No 012423-2024-R/UNMSM,Ratifican resolucion que autoriza viaje de docente de la Universidad Nacional Mayor de San Marcos a Guatemala en comision de servicios,https://epdoc2.elperuano.pe/EpPo/DescargaINDA.asp?Referencias=NDNZQllCWUJZQjlXWUI5V1RNTEhZQkxIOVdfX1RNVU5UTUxIUzhTOExI,20241031
20241010,2332467-1,INSTITUCIONES EDUCATIVAS,RESOLUCION,No 012436-2024-R/UNMSM,Ratifican resolucion que autoriza viaje de docente de la Universidad Nacional Mayor de San Marcos a Guatemala en comision de servicios,https://epdoc2.elperuano.pe/EpPo/DescargaINDA.asp?Referencias=NDNZQllCWUJZQjlXWUI5V1RNTEhZQkxIOVdfX1dWVkJUTUxIUzhTOExI,20241031
20241010,2332598-1,INSTITUCIONES EDUCATIVAS,RESOLUCION,No 012454-2024-R/UNMSM,Aprueban Transferencia Financiera de la Universidad Nacional Mayor de San Marcos a favor de la Contraloria General de la Republica,https://epdoc2.elperuano.pe/EpPo/DescargaINDA.asp?Referencias=NDNZQllCWUJZQjlXWUI5V1RNTEhZQkxIOVdfX1hDWVhVTkxIUzhTOExI,20241031
20241010,2332800-1,INSTITUCIONES EDUCATIVAS,RESOLUCION,No 0525-CU-2024,Autorizan viaje de docentes de la Universidad Nacional de Piura para participar en pasantia a realizarse en Colombia,https://epdoc2.elperuano.pe/EpPo/DescargaINDA.asp?Referencias=NDNZQllCWUJZQjlXWUI5V1RNTEhZQkxIOVdfX1lCWUJYQ0xIUzhTOExI,20241031
20241010,2332870-1,JURADO NACIONAL DE ELECCIONES,RESOLUCION,No 0288-2024-JNE,Declaran nulo lo actuado hasta el acto de notificacion del Acuerdo de Concejo No 005-2024-MDCT dirigido a regidor del Concejo Distrital de Cupisnique provincia de Contumaza departamento de Cajamarca en el procedimiento de vacancia seguido en su contra,https://epdoc2.elperuano.pe/EpPo/DescargaINDA.asp?Referencias=NDNZQllCWUJZQjlXWUI5V1RNTEhZQkxIOVdfX1lCV1ZYQ0xIUzhTOExI,20241031
20241010,2332871-1,JURADO NACIONAL DE ELECCIONES,RESOLUCION,No 0291-2024-JNE,Convocan a ciudadana para que asuma el cargo de regidora del Concejo Distrital de San Francisco de Sangayaico provincia de Huaytara departamento de Huancavelica,https://epdoc2.elperuano.pe/EpPo/DescargaINDA.asp?Referencias=NDNZQllCWUJZQjlXWUI5V1RNTEhZQkxIOVdfXzlXV1ZYQ0xIUzhTOExI,20241031
20241010,2332872-1,JURADO NACIONAL DE ELECCIONES,RESOLUCION,No 0293-2024-JNE,Declaran la nulidad de lo actuado hasta la citacion dirigida a regidora del Concejo Distrital de Ricran provincia de Jauja departamento de Junin para que asista a la Sesion de Concejo Extraordinario en la que se evaluo la vacancia seguida en su contra,https://epdoc2.elperuano.pe/EpPo/DescargaINDA.asp?Referencias=NDNZQllCWUJZQjlXWUI5V1RNTEhZQkxIOVdfX0xIV1ZYQ0xIUzhTOExI,20241031
20241010,2332680-1,MINISTERIO PUBLICO,RESOLUCION,No 2210-2024-MP-FN,Aceptan renuncia de fiscal adjunto provincial provisional del Distrito Fiscal de La Libertad,https://epdoc2.elperuano.pe/EpPo/DescargaINDA.asp?Referencias=NDNZQllCWUJZQjlXWUI5V1RNTEhZQkxIOVdfX1lCWENWQkxIUzhTOExI,20241031
20241010,2332680-2,MINISTERIO PUBLICO,RESOLUCION,No 2211-2024-MP-FN,Aceptan renuncia de fiscal adjunto provincial provisional del Distrito Fiscal de Callao,https://epdoc2.elperuano.pe/EpPo/DescargaINDA.asp?Referencias=NDNZQllCWUJZQjlXWUI5V1RNTEhZQkxITEhfX1lCWENWQkxIUzhTOExI,20241031
20241010,2332680-3,MINISTERIO PUBLICO,RESOLUCION,No 2212-2024-MP-FN,Aceptan renuncia de fiscales adjuntos provinciales provisionales del Distrito Fiscal de Lima Norte,https://epdoc2.elperuano.pe/EpPo/DescargaINDA.asp?Referencias=NDNZQllCWUJZQjlXWUI5V1RNTEhZQkxIUzhfX1lCWENWQkxIUzhTOExI,20241031
20241010,2332680-4,MINISTERIO PUBLICO,RESOLUCION,No 2213-2024-MP-FN,Aceptan renuncia de fiscal adjunta provincial provisional del Distrito Fiscal de Lima Centro,https://epdoc2.elperuano.pe/EpPo/DescargaINDA.asp?Referencias=NDNZQllCWUJZQjlXWUI5V1RNTEhZQkxIVE1fX1lCWENWQkxIUzhTOExI,20241031
20241010,2332680-5,MINISTERIO PUBLICO,RESOLUCION,No 2214-2024-MP-FN,Nombran fiscal adjunto provincial provisional transitorio del Distrito Fiscal de Puno,https://epdoc2.elperuano.pe/EpPo/DescargaINDA.asp?Referencias=NDNZQllCWUJZQjlXWUI5V1RNTEhZQkxIVU5fX1lCWENWQkxIUzhTOExI,20241031
20241010,2332730-1,MINISTERIO PUBLICO,RESOLUCION,No 2216-2024-MP-FN,Designan fiscal en el despacho de la Tercera Fiscalia Provincial Penal Corporativa de Chiclayo y dictan otras disposiciones,https://epdoc2.elperuano.pe/EpPo/DescargaINDA.asp?Referencias=NDNZQllCWUJZQjlXWUI5V1RNTEhZQkxIOVdfX1lCUzhXVkxIUzhTOExI,20241031
20241010,2332730-2,MINISTERIO PUBLICO,RESOLUCION,No 2177-2024-MP-FN,Dan por concluidos nombramientos de fiscales adjuntos provinciales provisionales transitorios del Distrito Fiscal de Lambayeque,https://epdoc2.elperuano.pe/EpPo/DescargaINDA.asp?Referencias=NDNZQllCWUJZQjlXWUI5V1RNTEhZQkxITEhfX1lCUzhXVkxIUzhTOExI,20241031
20241010,2332789-1,REGISTRO NACIONAL DE IDENTIFICACION Y ESTADO CIVIL,RESOLUCION JEFATURAL,No 000157-2024/JNAC/RENIEC,Designan Director de Registros de Identificacion Director de Registros Civiles Directora de Servicios Registrales y Jefe de Unidad de Secretaria Tecnica de Procedimientos Administrativos Disciplinarios de la Oficina de Potencial Humano del RENIEC,https://epdoc2.elperuano.pe/EpPo/DescargaINDA.asp?Referencias=NDNZQllCWUJZQjlXWUI5V1RNTEhZQkxIOVdfX1lYWENXVkxIUzhTOExI,20241031
20241010,2333005-1,MUNICIPALIDAD METROPOLITANA DE LIMA,FE DE ERRATA,Acuerdo No 354,FE DE ERRATA,https://epdoc2.elperuano.pe/EpPo/DescargaINDA.asp?Referencias=NDNZQllCWUJZQjlXWUI5V1RNTEhZQkxIOVdfX1VOWUJZQlM4UzhTOExI,20241031
20241010,2332950-1,MUNICIPALIDAD DE MAGDALENA DEL MAR,ORDENANZA,No 246-2024-MDMM,Otorgan facilidades de pago de caracter temporal a favor de los responsables y contribuyentes registrados que a la fecha mantengan deudas vencidas por Impuesto Predial y/o Arbitrios Municipales correspondientes al ejercicio fiscal 2024,https://epdoc2.elperuano.pe/EpPo/DescargaINDA.asp?Referencias=NDNZQllCWUJZQjlXWUI5V1RNTEhZQkxIOVdfX1lCVU5ZWExIUzhTOExI,20241031
20241010,2332978-1,MUNICIPALIDAD DE MAGDALENA DEL MAR,ORDENANZA,No 244-2024-MDMM,Modifican la Ordenanza No166-2023-MDMM y su modificatoria que regula la provision de estacionamientos en las areas de Tratamiento Normativo II y III del distrito,https://epdoc2.elperuano.pe/EpPo/DescargaINDA.asp?Referencias=NDNZQllCWUJZQjlXWUI5V1RNTEhZQkxIOVdfX1hDV1ZZWExIUzhTOExI,20241031
20241010,2333188-1,MUNICIPALIDAD DEL RIMAC,Fe de Erratas,Ordenanza No 650-MDR,.,https://epdoc2.elperuano.pe/EpPo/DescargaINDA.asp?Referencias=NDNZQllCWUJZQjlXWUI5V1RNTEhZQkxIOVdfX1hDWEM5V1M4UzhTOExI,20241031
20241010,2331725-1,MUNICIPALIDAD DISTRITAL DE MEGANTONI,ACUERDO,No 045-2024-CM-MDM/LC.,Autorizan viaje de alcalde a China en comision de servicios,https://epdoc2.elperuano.pe/EpPo/DescargaINDA.asp?Referencias=NDNZQllCWUJZQjlXWUI5V1RNTEhZQkxIOVdfX1VOTEhXVjlXUzhTOExI,20241031
20241009,2332875-1,PRESIDENCIA DEL CONSEJO DE MINISTROS,DECRETO SUPREMO,No 106-2024-PCM,Decreto Supremo que prorroga el Estado de Emergencia declarado en las provincias de Putumayo y Mariscal Ramon Castilla del departamento de Loreto,https://epdoc2.elperuano.pe/EpPo/DescargaINDA.asp?Referencias=NDNZWFlYWVhZWFlCWUI5V1RNTEhZQkxIOVdfX1VOV1ZYQ0xIUzhTOExI,20241031
20241009,2332867-1,INTERIOR,RESOLUCION MINISTERIAL,No 1250-2024-IN,Autorizan Transferencia Financiera a favor de la Contraloria General de la Republica,https://epdoc2.elperuano.pe/EpPo/DescargaINDA.asp?Referencias=NDNZWFlYWVhZWFlCWUI5V1RNTEhZQkxIOVdfX1dWVkJYQ0xIUzhTOExI,20241031
20241009,2332498-1,PRODUCE,RESOLUCION MINISTERIAL,No 00398-2024-PRODUCE,Designan Director de la Oficina de Presupuesto de la Oficina General de Planeamiento Presupuesto y Modernizacion del Ministerio,https://epdoc2.elperuano.pe/EpPo/DescargaINDA.asp?Referencias=NDNZWFlYWVhZWFlCWUI5V1RNTEhZQkxIOVdfX1hDWVhUTUxIUzhTOExI,20241031
20241009,2332499-1,PRODUCE,RESOLUCION MINISTERIAL,No 00400-2024-PRODUCE,Designan Directora General de la Oficina General de Planeamiento Presupuesto y Modernizacion de la Secretaria General del Ministerio,https://epdoc2.elperuano.pe/EpPo/DescargaINDA.asp?Referencias=NDNZWFlYWVhZWFlCWUI5V1RNTEhZQkxIOVdfX1lYWVhUTUxIUzhTOExI,20241031
20241009,2332500-1,TRANSPORTES Y COMUNICACIONES,RESOLUCION MINISTERIAL,No 586-2024-MTC/01,Designan Director de la Oficina de Defensa Nacional y Gestion del Riesgo de Desastres del Ministerio,https://epdoc2.elperuano.pe/EpPo/DescargaINDA.asp?Referencias=NDNZWFlYWVhZWFlCWUI5V1RNTEhZQkxIOVdfX1lCWUJVTkxIUzhTOExI,20241031
20241009,2332503-1,BIBLIOTECA NACIONAL DEL PERU,RESOLUCION JEFATURAL,No 000160-2024-BNP,Designan Coordinadora de Articulacion y Desarrollo de Redes de Bibliotecas,https://epdoc2.elperuano.pe/EpPo/DescargaINDA.asp?Referencias=NDNZWFlYWVhZWFlCWUI5V1RNTEhZQkxIOVdfX1M4WUJVTkxIUzhTOExI,20241031
20241009,2332505-1,BIBLIOTECA NACIONAL DEL PERU,RESOLUCION JEFATURAL,No 000161-2024-BNP,Designan Coordinador de Politicas Bibliotecarias y Capacitacion,https://epdoc2.elperuano.pe/EpPo/DescargaINDA.asp?Referencias=NDNZWFlYWVhZWFlCWUI5V1RNTEhZQkxIOVdfX1VOWUJVTkxIUzhTOExI,20241031
20241009,2332215-1,SUPERINTENDENCIA NACIONAL DE ADUANAS Y DE ADMINISTRACIoN TRIBUTARIA,RESOLUCION,N.o 000197-2024/SUNAT,Designan funcionarios en diversos cargos de confianza de la Superintendencia Nacional y de la Superintendencia Nacional Adjunta de Tributos Internos,https://epdoc2.elperuano.pe/EpPo/DescargaINDA.asp?Referencias=NDNZWFlYWVhZWFlCWUI5V1RNTEhZQkxIOVdfX1VOOVdMSExIUzhTOExI,20241031
20241009,2331448-1,SUPERINTENDENCIA DE BANCA  SEGUROS Y ADMINISTRADORAS PRIVADAS DE FONDOS DE PENSIONES,RESOLUCION,SBS No 03514-2024,Incorporan el Subcapitulo V al Capitulo IV y modifican el inciso c) del articulo 75o-K asi como los incisos b.11) y c.10) del articulo 24o del Titulo VI del Compendio de Normas de Superintendencia del Sistema Privado de Administracion de Fondos de Pensiones,https://epdoc2.elperuano.pe/EpPo/DescargaINDA.asp?Referencias=NDNZWFlYWVhZWFlCWUI5V1RNTEhZQkxIOVdfX1hDVE1UTTlXUzhTOExI,20241031
20241009,2331789-1,SUPERINTENDENCIA DE BANCA  SEGUROS Y ADMINISTRADORAS PRIVADAS DE FONDOS DE PENSIONES,RESOLUCION,SBS No 03540-2024,Dan por concluido el regimen de intervencion al que se sometio a la Cooperativa de Ahorro y Credito Livitaca,https://epdoc2.elperuano.pe/EpPo/DescargaINDA.asp?Referencias=NDNZWFlYWVhZWFlCWUI5V1RNTEhZQkxIOVdfX1lYWENXVjlXUzhTOExI,20241031
20241009,2330513-1,GOBIERNO REGIONAL DE PASCO,DECRETO,No 003-2024-G.R.P./GOB.,Aprueban convocatoria de la Segunda Audiencia Publica Regional de Rendicion de Cuentas del Gobierno Regional de Pasco - 2024,https://epdoc2.elperuano.pe/EpPo/DescargaINDA.asp?Referencias=NDNZWFlYWVhZWFlCWUI5V1RNTEhZQkxIOVdfX1M4OVdVTllCUzhTOExI,20241031
20241008,2332406-1,TRANSPORTES Y COMUNICACIONES,RESOLUCION MINISTERIAL,No 585-2024-MTC/01.02,Modifican el Reglamento para la Aplicacion de la Modalidad de Entrega de Subvencion bajo el Sistema de Cofinanciamiento,https://epdoc2.elperuano.pe/EpPo/DescargaINDA.asp?Referencias=NDNYQ1hDWENYQ1lCWUI5V1RNTEhZQkxIOVdfX1ZCWUJUTUxIUzhTOExI,20241031
20241008,2332064-1,ORGANISMO SUPERVISOR DE LA INVERSIoN EN ENERGiA Y MINERiA,RESOLUCION,No 173-2024-OS/CD,Disponen la publicacion del nuevo Procedimiento Tecnico del COES No 20 Ingreso Modificacion y Retiros de Instalaciones del SEIN (PR-20) y modifica el Procedimiento Tecnico del COES No 46 Garantias y constitucion de fideicomisos para el Mercado Mayorista de Electricidad,https://epdoc2.elperuano.pe/EpPo/DescargaINDA.asp?Referencias=NDNYQ1hDWENYQ1lCWUI5V1RNTEhZQkxIOVdfX1RNVkJZQkxIUzhTOExI,20241031
20241008,2332026-1,MUNICIPALIDAD DE ATE,Ordenanzas,No 619-MDA,Ordenanza que modifica la Ordenanza No 481-MDA Ordenanza que aprueba el Nuevo Regimen de Aplicacion de Sanciones Administrativas (RAS) y el Cuadro unico de Infracciones y Sanciones (CUIS) de la Municipalidad Distrital de Ate,https://epdoc2.elperuano.pe/EpPo/DescargaINDA.asp?Referencias=NDNYQ1hDWENYQ1lCWUI5V1RNTEhZQkxIOVdfX1ZCTEhZQkxIUzhTOExI,20241031
20241008,2332447-1,MUNICIPALIDAD PROVINCIAL DE SECHURA,ORDENANZA,No 012-2024-MPS,Ordenanza Municipal Campana de Beneficios no Tributarios 2024,https://epdoc2.elperuano.pe/EpPo/DescargaINDA.asp?Referencias=NDNYQ1hDWENYQ1lCWUI5V1RNTEhZQkxIOVdfX1dWVE1UTUxIUzhTOExI,20241031
20241007,2331430-1,COMERCIO EXTERIOR Y TURISMO,RESOLUCION MINISTERIAL,No 288-2024-MINCETUR,Autorizan viaje de representantes del Ministerio al Reino Unido de Gran Bretana en comision de servicios,https://epdoc2.elperuano.pe/EpPo/DescargaINDA.asp?Referencias=NDNXVldWV1ZXVllCWUI5V1RNTEhZQkxIOVdfX1lCUzhUTTlXUzhTOExI,20241031
20241007,2332184-1,EDUCACION,RESOLUCION MINISTERIAL,No 498 -2024-MINEDU,Designan Jefa de la Oficina de Gestion de Personal de la Oficina General de Recursos Humanos,https://epdoc2.elperuano.pe/EpPo/DescargaINDA.asp?Referencias=NDNXVldWV1ZXVllCWUI5V1RNTEhZQkxIOVdfX1RNWEM5V0xIUzhTOExI,20241031
20241007,2332190-1,JUSTICIA Y DERECHOS HUMANOS,RESOLUCION MINISTERIAL,No 0261-2024-JUS,Designan Directora de Sistema Administrativo II del Despacho Viceministerial de Derechos Humanos y Acceso a la Justicia,https://epdoc2.elperuano.pe/EpPo/DescargaINDA.asp?Referencias=NDNXVldWV1ZXVllCWUI5V1RNTEhZQkxIOVdfX1lCWVg5V0xIUzhTOExI,20241031
20241007,2332185-1,TRANSPORTES Y COMUNICACIONES,RESOLUCION MINISTERIAL,No 582-2024-MTC/01.02,Disponen la publicacion del proyecto de Decreto Supremo que modifica el Reglamento del Decreto Legislativo No 1413 Decreto Legislativo para promover y facilitar el transporte maritimo en trafico de cabotaje de pasajeros y de carga asi como su Exposicion de Motivos,https://epdoc2.elperuano.pe/EpPo/DescargaINDA.asp?Referencias=NDNXVldWV1ZXVllCWUI5V1RNTEhZQkxIOVdfX1VOWEM5V0xIUzhTOExI,20241031
20241007,2332186-1,TRANSPORTES Y COMUNICACIONES,RESOLUCION MINISTERIAL,No 583-2024-MTC/01.02,Disponen la publicacion del proyecto de Decreto Supremo que modifica los Anexos I y II del Decreto Supremo No 020-2021-MTC que aprueba la tabla de valores referenciales actualizada para la aplicacion del Sistema de Pago de Obligaciones Tributarias en el servicio de transporte de bienes realizado por via terrestre asi como su Exposicion de Motivos,https://epdoc2.elperuano.pe/EpPo/DescargaINDA.asp?Referencias=NDNXVldWV1ZXVllCWUI5V1RNTEhZQkxIOVdfX1ZCWEM5V0xIUzhTOExI,20241031
20241007,2332187-1,TRANSPORTES Y COMUNICACIONES,RESOLUCION MINISTERIAL,No 584-2024-MTC/01.02,Disponen la publicacion del proyecto de Decreto Supremo que aprueba el Reglamento de la Ley No 30740 Ley que regula el uso y las operaciones de los sistemas de aeronaves pilotadas a distancia (RPAS) asi como su Exposicion de Motivos,https://epdoc2.elperuano.pe/EpPo/DescargaINDA.asp?Referencias=NDNXVldWV1ZXVllCWUI5V1RNTEhZQkxIOVdfX1dWWEM5V0xIUzhTOExI,20241031
20241007,2332188-1,COMISION NACIONAL PARA EL DESARROLLO Y VIDA SIN DROGAS,RESOLUCION,No 000194-2024-DV-PE,Autorizan transferencia financiera a favor del Ministerio Publico para financiar actividad,https://epdoc2.elperuano.pe/EpPo/DescargaINDA.asp?Referencias=NDNXVldWV1ZXVllCWUI5V1RNTEhZQkxIOVdfX1hDWEM5V0xIUzhTOExI,20241031
20241007,2331969-1,INSTITUCIONES EDUCATIVAS,RESOLUCION,No 1167-2024,Autorizan viaje de docente de la Universidad Nacional de San Agustin de Arequipa para participar en evento academico que se realizara en Espana,https://epdoc2.elperuano.pe/EpPo/DescargaINDA.asp?Referencias=NDNXVldWV1ZXVllCWUI5V1RNTEhZQkxIOVdfX1lYVkJZWDlXUzhTOExI,20241031
20241007,2331865-1,GOBIERNO REGIONAL DE SAN MARTIN,ORDENANZA,No 011-2024-GRSM/CR,Aprueban disposiciones para la promocion de la incorporacion del enfoque intercultural  el uso preservacion desarrollo recuperacion fomento y difusion de las lenguas indigenas u originarias la promocion de la diversidad cultural para la prevencion y sancion del racismo y la discriminacion etnico-racial asi como la promocion de derechos del pueblo afroperuano en el departamento de San Martin,https://epdoc2.elperuano.pe/EpPo/DescargaINDA.asp?Referencias=NDNXVldWV1ZXVllCWUI5V1RNTEhZQkxIOVdfX1VOVkJYQzlXUzhTOExI,20241031
20241007,2323431-1,MUNICIPALIDAD PROVINCIAL DE GENERAL SANCHEZ CERRO,ORDENANZA,No 08-2024-A/MPGSCO,Aprueban la creacion de la Oficina Municipal de Atencion a la Persona con Discapacidad - OMAPED,https://epdoc2.elperuano.pe/EpPo/DescargaINDA.asp?Referencias=NDNXVldWV1ZXVllCWUI5V1RNTEhZQkxIOVdfXzlXUzhUTVM4TEhTOExI,20241031
20241006,2332180-1,PRESIDENCIA DEL CONSEJO DE MINISTROS,RESOLUCION JEFATURAL,No 00114-2024-ANIN-JEF,Designan Ejecutivo de la Unidad de Planeamiento y Cooperacion Tecnica de la Oficina de Planeamiento y Presupuesto de la Autoridad Nacional de Infraestructura,https://epdoc2.elperuano.pe/EpPo/DescargaINDA.asp?Referencias=NDNWQlZCVkJWQllCWUI5V1RNTEhZQkxIOVdfX1lCWEM5V0xIUzhTOExI,20241031
20241006,2332088-1,DEFENSA,RESOLUCION MINISTERIAL,No 01091-2024-DE,Autorizan viaje de personal militar de la Fuerza Aerea del Peru a la Republica Italiana en comision de servicios,https://epdoc2.elperuano.pe/EpPo/DescargaINDA.asp?Referencias=NDNWQlZCVkJWQllCWUI5V1RNTEhZQkxIOVdfX1hDWENZQkxIUzhTOExI,20241031
20241006,2332096-1,DEFENSA,RESOLUCION MINISTERIAL,No 01090-2024-DE,Autorizan viaje de personal militar a Mexico en mision de estudios,https://epdoc2.elperuano.pe/EpPo/DescargaINDA.asp?Referencias=NDNWQlZCVkJWQllCWUI5V1RNTEhZQkxIOVdfX1ZCWVhZQkxIUzhTOExI,20241031
20241006,2332131-1,DEFENSA,RESOLUCION MINISTERIAL,No 01085-2024-DE,Autorizan viaje de oficiales del Ejercito del Peru a EE.UU. en mision de estudios,https://epdoc2.elperuano.pe/EpPo/DescargaINDA.asp?Referencias=NDNWQlZCVkJWQllCWUI5V1RNTEhZQkxIOVdfXzlXUzg5V0xIUzhTOExI,20241031
20241006,2332132-1,DEFENSA,RESOLUCION MINISTERIAL,No 01086-2024-DE,Autorizan viaje de oficiales del Ejercito del Peru a EE.UU. en mision de estudios,https://epdoc2.elperuano.pe/EpPo/DescargaINDA.asp?Referencias=NDNWQlZCVkJWQllCWUI5V1RNTEhZQkxIOVdfX0xIUzg5V0xIUzhTOExI,20241031
20241006,2332124-1,DESARROLLO AGRARIO Y RIEGO,RESOLUCION JEFATURAL,No D000168-2024-MIDAGRI-SENASA-JN,Designan Director de la Unidad de Gestion de Recursos Humanos del Servicio Nacional de Sanidad Agraria,https://epdoc2.elperuano.pe/EpPo/DescargaINDA.asp?Referencias=NDNWQlZCVkJWQllCWUI5V1RNTEhZQkxIOVdfX1RNTEg5V0xIUzhTOExI,20241031
20241006,2332135-1,DESARROLLO E INCLUSIoN SOCIAL,RESOLUCION,No 183-2024-MIDIS/FONCODES/DE,Designan Jefe de la Unidad de Planeamiento Presupuesto y Modernizacion del FONCODES,https://epdoc2.elperuano.pe/EpPo/DescargaINDA.asp?Referencias=NDNWQlZCVkJWQllCWUI5V1RNTEhZQkxIOVdfX1VOUzg5V0xIUzhTOExI,20241031
20241006,2332169-1,ECONOMIA Y FINANZAS,RESOLUCION MINISTERIAL,No 311-2024-EF/41,Autorizacion Transferencia Financiera a favor del Fondo Nacional de Financiamiento de la Actividad Empresarial del Estado - (FONAFE),https://epdoc2.elperuano.pe/EpPo/DescargaINDA.asp?Referencias=NDNWQlZCVkJWQllCWUI5V1RNTEhZQkxIOVdfX1lYVkI5V0xIUzhTOExI,20241031
20241006,2332170-1,ECONOMIA Y FINANZAS,RESOLUCION MINISTERIAL,No 312-2024-EF/15,Modifican el monto del Costo Total de Proyecto (CTP) establecido en el inciso 1 del numeral 11.2 del articulo 11 del Decreto Supremo No 240-2018-EF,https://epdoc2.elperuano.pe/EpPo/DescargaINDA.asp?Referencias=NDNWQlZCVkJWQllCWUI5V1RNTEhZQkxIOVdfX1lCV1Y5V0xIUzhTOExI,20241031
20241006,2332171-1,ECONOMIA Y FINANZAS,RESOLUCION MINISTERIAL,No 313-2024-EF/10,Autorizan viaje de funcionarios de PROINVERSIoN al Reino de Espana en comision de servicios,https://epdoc2.elperuano.pe/EpPo/DescargaINDA.asp?Referencias=NDNWQlZCVkJWQllCWUI5V1RNTEhZQkxIOVdfXzlXV1Y5V0xIUzhTOExI,20241031
20241006,2332181-1,INTERIOR,RESOLUCION MINISTERIAL,No 1242-2024-IN,Autorizan viaje de personal policial a la Republica Popular China en mision de estudios,https://epdoc2.elperuano.pe/EpPo/DescargaINDA.asp?Referencias=NDNWQlZCVkJWQllCWUI5V1RNTEhZQkxIOVdfXzlXWEM5V0xIUzhTOExI,20241031
20241006,2332128-1,JUSTICIA Y DERECHOS HUMANOS,DECRETO SUPREMO,No 011-2024-JUS,Decreto Supremo que aprueba el Reglamento de Gestion Ambiental del Sector Justicia y Derechos Humanos,https://epdoc2.elperuano.pe/EpPo/DescargaINDA.asp?Referencias=NDNWQlZCVkJWQllCWUI5V1RNTEhZQkxIOVdfX1hDTEg5V0xIUzhTOExI,20241031
20241006,2332133-1,PRODUCE,RESOLUCION MINISTERIAL,No 00401-2024-PRODUCE,Aprueban el Listado de las Inversiones Estrategicas del Plan Estrategico Sectorial Multianual - PESEM 2024-2030 del Sector Produccion,https://epdoc2.elperuano.pe/EpPo/DescargaINDA.asp?Referencias=NDNWQlZCVkJWQllCWUI5V1RNTEhZQkxIOVdfX1M4Uzg5V0xIUzhTOExI,20241031
20241006,2332134-1,PRODUCE,RESOLUCION MINISTERIAL,No 00402-2024-PRODUCE,Autorizan Transferencia Financiera a favor del Instituto Tecnologico de la Produccion - ITP,https://epdoc2.elperuano.pe/EpPo/DescargaINDA.asp?Referencias=NDNWQlZCVkJWQllCWUI5V1RNTEhZQkxIOVdfX1RNUzg5V0xIUzhTOExI,20241031
20241006,2332189-1,PRODUCE,RESOLUCION MINISTERIAL,No 00405-2024-PRODUCE,Derogan el literal c) del numeral 2.1 del articulo 2 de la R.M. No 00396-2024-PRODUCE a efectos de garantizar el abastecimiento del recurso jurel contribuyendo a la seguridad alimentaria,https://epdoc2.elperuano.pe/EpPo/DescargaINDA.asp?Referencias=NDNWQlZCVkJWQllCWUI5V1RNTEhZQkxIOVdfX1lYWEM5V0xIUzhTOExI,20241031
20241006,2332172-1,RELACIONES EXTERIORES,RESOLUCION MINISTERIAL,No 0766-2024-RE,Autorizan a la Agencia Peruana de Cooperacion Internacional - APCI el gasto para el desplazamiento de cooperantes peruanos que brindaran asistencia tecnica y capacitacion en el marco de la ejecucion de actividad a realizarse en la Republica Dominicana,https://epdoc2.elperuano.pe/EpPo/DescargaINDA.asp?Referencias=NDNWQlZCVkJWQllCWUI5V1RNTEhZQkxIOVdfX0xIV1Y5V0xIUzhTOExI,20241031
20241006,2332122-1,TRANSPORTES Y COMUNICACIONES,RESOLUCION DIRECTORAL,No 2833-2024-MTC/28,Declaran que las autorizaciones para la prestacion del servicio de radiodifusion sonora en FM en la localidad de Laraqueri departamento de Puno seran otorgadas mediante Concurso Publico,https://epdoc2.elperuano.pe/EpPo/DescargaINDA.asp?Referencias=NDNWQlZCVkJWQllCWUI5V1RNTEhZQkxIOVdfX0xITEg5V0xIUzhTOExI,20241031
20241006,2332021-1,TRANSPORTES Y COMUNICACIONES,RESOLUCION MINISTERIAL,No 576-2024-MTC/01.02,Autorizan viaje de inspector de la Direccion General de Aeronautica Civil al Reino de los Paises Bajos en comision de servicios,https://epdoc2.elperuano.pe/EpPo/DescargaINDA.asp?Referencias=NDNWQlZCVkJWQllCWUI5V1RNTEhZQkxIOVdfXzlXTEhZQkxIUzhTOExI,20241031
20241006,2332027-1,TRANSPORTES Y COMUNICACIONES,RESOLUCION MINISTERIAL,No 577-2024-MTC/01.03,Otorgan a la empresa ULTRALINK PERu S.A.C. Concesion unica para la prestacion de servicios publicos de telecomunicaciones en area que comprende todo el territorio de la Republica,https://epdoc2.elperuano.pe/EpPo/DescargaINDA.asp?Referencias=NDNWQlZCVkJWQllCWUI5V1RNTEhZQkxIOVdfX1dWTEhZQkxIUzhTOExI,20241031
20241006,2332032-1,TRANSPORTES Y COMUNICACIONES,RESOLUCION MINISTERIAL,No 581-2024-MTC/01.02,Autorizan viaje de inspector de la Direccion General de Aeronautica Civil a EE.UU. en comision de servicios,https://epdoc2.elperuano.pe/EpPo/DescargaINDA.asp?Referencias=NDNWQlZCVkJWQllCWUI5V1RNTEhZQkxIOVdfX0xIUzhZQkxIUzhTOExI,20241031
20241006,2332174-1,VIVIENDA  CONSTRUCCIoN Y SANEAMIENTO,RESOLUCION MINISTERIAL,No 379-2024-VIVIENDA,Crean Grupo de Trabajo Multisectorial de naturaleza temporal denominado Grupo de Trabajo para la actualizacion de la Norma Tecnica E.030 Diseno Sismorresistente del Reglamento Nacional de Edificaciones,https://epdoc2.elperuano.pe/EpPo/DescargaINDA.asp?Referencias=NDNWQlZCVkJWQllCWUI5V1RNTEhZQkxIOVdfX1RNV1Y5V0xIUzhTOExI,20241031
20241006,2332175-1,VIVIENDA  CONSTRUCCIoN Y SANEAMIENTO,RESOLUCION MINISTERIAL,No 380-2024-VIVIENDA,Aprueban Trigesima sexta convocatoria del ano 2024 para el otorgamiento del Bono de Arrendamiento de Vivienda para Emergencias en atencion al Decreto Supremo No 072-2023-PCM prorrogado mediante los Decretos Supremos Nos. 089-2023-PCM 110-2023-PCM y 130-2023-PCM al Decreto Supremo No 012-2024-PCM prorrogado por el Decreto Supremo No 032-2024-PCM y al Decreto Supremo No 027-2024-PCM,https://epdoc2.elperuano.pe/EpPo/DescargaINDA.asp?Referencias=NDNWQlZCVkJWQllCWUI5V1RNTEhZQkxIOVdfX1VOV1Y5V0xIUzhTOExI,20241031
20241006,2332176-1,VIVIENDA  CONSTRUCCIoN Y SANEAMIENTO,RESOLUCION MINISTERIAL,No 381-2024-VIVIENDA,Aprueban Tercera convocatoria del Programa Techo Propio para el ano 2024 para el otorgamiento del Bono Familiar Habitacional en la modalidad de Construccion de Viviendas en Sitio Propio,https://epdoc2.elperuano.pe/EpPo/DescargaINDA.asp?Referencias=NDNWQlZCVkJWQllCWUI5V1RNTEhZQkxIOVdfX1ZCV1Y5V0xIUzhTOExI,20241031
20241006,2332177-1,VIVIENDA  CONSTRUCCIoN Y SANEAMIENTO,RESOLUCION MINISTERIAL,No 383-2024-VIVIENDA,Designan Director de la Oficina de Dialogo y Gestion Social de la Secretaria General del Ministerio de Vivienda Construccion y Saneamiento,https://epdoc2.elperuano.pe/EpPo/DescargaINDA.asp?Referencias=NDNWQlZCVkJWQllCWUI5V1RNTEhZQkxIOVdfX1dWV1Y5V0xIUzhTOExI,20241031
20241006,2332178-1,VIVIENDA  CONSTRUCCIoN Y SANEAMIENTO,RESOLUCION MINISTERIAL,No 384-2024-VIVIENDA,Disponen publicacion del proyecto de R.M. que aprueba la modificacion de la Norma Tecnica E.040 Vidrio contenida en el Numeral III.2 Estructuras del Titulo III Edificaciones del Reglamento Nacional de Edificaciones aprobada por el D.S. No 011-2006-VIVIENDA,https://epdoc2.elperuano.pe/EpPo/DescargaINDA.asp?Referencias=NDNWQlZCVkJWQllCWUI5V1RNTEhZQkxIOVdfX1hDV1Y5V0xIUzhTOExI,20241031
20241006,2332179-1,VIVIENDA  CONSTRUCCIoN Y SANEAMIENTO,RESOLUCION MINISTERIAL,No 385-2024-VIVIENDA,Disponen la publicacion del proyecto de R.M. que aprueba la modificacion del sub numeral 21.2.1 del numeral 21.2 del articulo 21 de la Norma Tecnica CE.040 Drenaje Pluvial del Reglamento Nacional de Edificaciones,https://epdoc2.elperuano.pe/EpPo/DescargaINDA.asp?Referencias=NDNWQlZCVkJWQllCWUI5V1RNTEhZQkxIOVdfX1lYV1Y5V0xIUzhTOExI,20241031
20241006,2332136-1,INSTITUTO NACIONAL DE DEFENSA CIVIL,RESOLUCION JEFATURAL,No 000159-2024-INDECI/JEF INDECI,Designan Asesor de Alta Direccion del Instituto Nacional de Defensa Civil - INDECI,https://epdoc2.elperuano.pe/EpPo/DescargaINDA.asp?Referencias=NDNWQlZCVkJWQllCWUI5V1RNTEhZQkxIOVdfX1ZCUzg5V0xIUzhTOExI,20241031
20241006,2332123-1,SUPERINTENDENCIA NACIONAL DE SERVICIOS DE SANEAMIENTO,RESOLUCION,No 00065-2024-SUNASS-CD,Disponen que EPS GRAU S.A. destine 7.0% del importe facturado por los servicios de agua potable y saneamiento incluido el cargo fijo sin considerar el IGV ni el IPM al Fondo de Inversiones creado por la Res. No 071-2021-SUNASS-CD y dictan otras disposiciones,https://epdoc2.elperuano.pe/EpPo/DescargaINDA.asp?Referencias=NDNWQlZCVkJWQllCWUI5V1RNTEhZQkxIOVdfX1M4TEg5V0xIUzhTOExI,20241031
20241006,2332168-1,ORGANISMO TeCNICO DE LA ADMINISTRACIoN DE LOS SERVICIOS DE SANEAMIENTO,ACUERDO,No 016-2024-CD,Acuerdo adoptado sobre designacion de Gerentes de las Empresas Prestadoras de Servicios de Agua Potable y Saneamiento - EPS,https://epdoc2.elperuano.pe/EpPo/DescargaINDA.asp?Referencias=NDNWQlZCVkJWQllCWUI5V1RNTEhZQkxIOVdfX1hDVkI5V0xIUzhTOExI,20241031
20241006,2331783-1,CONSEJO EJECUTIVO DEL PODER JUDICIAL,INVESTIGACION,Definitiva No 74-2019-LIMA ESTE,Imponen medida disciplinaria de destitucion a secretario judicial del Segundo Juzgado Penal de Ate Distrito Judicial de Lima Este,https://epdoc2.elperuano.pe/EpPo/DescargaINDA.asp?Referencias=NDNWQlZCVkJWQllCWUI5V1RNTEhZQkxIOVdfX1M4WENXVjlXUzhTOExI,20241031
20241006,2331784-1,CONSEJO EJECUTIVO DEL PODER JUDICIAL,INVESTIGACION,Definitiva No 285-2018-HUANCAVELICA,Imponen medida disciplinaria de destitucion a especialista judicial de la Segunda Sala Penal de Apelaciones de Huancavelica Distrito Judicial de Huancavelica,https://epdoc2.elperuano.pe/EpPo/DescargaINDA.asp?Referencias=NDNWQlZCVkJWQllCWUI5V1RNTEhZQkxIOVdfX1RNWENXVjlXUzhTOExI,20241031
20241006,2331786-1,CONSEJO EJECUTIVO DEL PODER JUDICIAL,INVESTIGACION,Definitiva No 6332-2019-LIMA,Imponen medida disciplinaria de destitucion a asistente de relatoria de la Segunda Sala Contencioso Administrativa de la Corte Superior de Justicia de Lima,https://epdoc2.elperuano.pe/EpPo/DescargaINDA.asp?Referencias=NDNWQlZCVkJWQllCWUI5V1RNTEhZQkxIOVdfX1ZCWENXVjlXUzhTOExI,20241031
20241006,2331966-1,INSTITUCIONES EDUCATIVAS,RESOLUCION,No 1174-2024,Autorizan viaje de docente de la Universidad Nacional de San Agustin de Arequipa para participar en evento academico que se realizara en Ecuador,https://epdoc2.elperuano.pe/EpPo/DescargaINDA.asp?Referencias=NDNWQlZCVkJWQllCWUI5V1RNTEhZQkxIOVdfX1ZCVkJZWDlXUzhTOExI,20241031
20241006,2332137-1,MINISTERIO PUBLICO,RESOLUCION,No 2175-2024-MP-FN,Amplian competencia material de la Fiscalia Provincial Mixta de Ayabaca para que en adicion a sus funciones conozca casos en materia penal,https://epdoc2.elperuano.pe/EpPo/DescargaINDA.asp?Referencias=NDNWQlZCVkJWQllCWUI5V1RNTEhZQkxIOVdfX1dWUzg5V0xIUzhTOExI,20241031
20241006,2332138-1,MINISTERIO PUBLICO,RESOLUCION,No 2176-2024-MP-FN,Amplian competencia de la Fiscalia Provincial de Familia de Grau para que en adicion a sus funciones conozca los casos por el delito de lesiones y agresiones en contra de las mujeres o integrantes del grupo familiar,https://epdoc2.elperuano.pe/EpPo/DescargaINDA.asp?Referencias=NDNWQlZCVkJWQllCWUI5V1RNTEhZQkxIOVdfX1hDUzg5V0xIUzhTOExI,20241031
20241006,2332139-1,MINISTERIO PUBLICO,RESOLUCION,No 046-2024-MP-FN-JFS,Aprueban la Directiva denominada Tramite de requerimiento de creacion de fiscalias despachos y/o plazas fiscales,https://epdoc2.elperuano.pe/EpPo/DescargaINDA.asp?Referencias=NDNWQlZCVkJWQllCWUI5V1RNTEhZQkxIOVdfX1lYUzg5V0xIUzhTOExI,20241031
20241006,2332140-1,MINISTERIO PUBLICO,RESOLUCION,No 2177-2024-MP-FN,Aceptan renuncia de fiscal adjunto provincial provisional transitorio del Distrito Fiscal de Lima Centro,https://epdoc2.elperuano.pe/EpPo/DescargaINDA.asp?Referencias=NDNWQlZCVkJWQllCWUI5V1RNTEhZQkxIOVdfX1lCVE05V0xIUzhTOExI,20241031
20241006,2332141-1,MINISTERIO PUBLICO,RESOLUCION,No 2178-2024-MP-FN,Nombran fiscal adjunta provincial provisional transitoria del Distrito Fiscal de Lima Centro,https://epdoc2.elperuano.pe/EpPo/DescargaINDA.asp?Referencias=NDNWQlZCVkJWQllCWUI5V1RNTEhZQkxIOVdfXzlXVE05V0xIUzhTOExI,20241031
20241006,2332142-1,MINISTERIO PUBLICO,RESOLUCION,No 2179-2024-MP-FN,Nombran fiscal provincial provisional del Distrito Fiscal de Lima Centro,https://epdoc2.elperuano.pe/EpPo/DescargaINDA.asp?Referencias=NDNWQlZCVkJWQllCWUI5V1RNTEhZQkxIOVdfX0xIVE05V0xIUzhTOExI,20241031
20241006,2332143-1,MINISTERIO PUBLICO,RESOLUCION,No 2180-2024-MP-FN,Nombran fiscal adjunta provincial provisional del Distrito Fiscal de Huaura,https://epdoc2.elperuano.pe/EpPo/DescargaINDA.asp?Referencias=NDNWQlZCVkJWQllCWUI5V1RNTEhZQkxIOVdfX1M4VE05V0xIUzhTOExI,20241031
20241006,2332144-1,MINISTERIO PUBLICO,RESOLUCION,No 2181-2024-MP-FN,Aceptan renuncia de fiscal adjunta provincial provisional del Distrito Fiscal de Ayacucho,https://epdoc2.elperuano.pe/EpPo/DescargaINDA.asp?Referencias=NDNWQlZCVkJWQllCWUI5V1RNTEhZQkxIOVdfX1RNVE05V0xIUzhTOExI,20241031
20241006,2332145-1,MINISTERIO PUBLICO,RESOLUCION,No 2182-2024-MP-FN,Dan por concluido el nombramiento de fiscal adjunto provincial provisional transitorio del Distrito Fiscal del Callao,https://epdoc2.elperuano.pe/EpPo/DescargaINDA.asp?Referencias=NDNWQlZCVkJWQllCWUI5V1RNTEhZQkxIOVdfX1VOVE05V0xIUzhTOExI,20241031
20241006,2332146-1,MINISTERIO PUBLICO,RESOLUCION,No 2183-2024-MP-FN,Aceptan renuncia de fiscal adjunta provincial provisional transitoria del Distrito Fiscal de Lima Centro,https://epdoc2.elperuano.pe/EpPo/DescargaINDA.asp?Referencias=NDNWQlZCVkJWQllCWUI5V1RNTEhZQkxIOVdfX1ZCVE05V0xIUzhTOExI,20241031
20241006,2332147-1,MINISTERIO PUBLICO,RESOLUCION,No 2184-2024-MP-FN,Aceptan renuncia de fiscal adjunta provincial provisional del Distrito Fiscal de Lima Centro,https://epdoc2.elperuano.pe/EpPo/DescargaINDA.asp?Referencias=NDNWQlZCVkJWQllCWUI5V1RNTEhZQkxIOVdfX1dWVE05V0xIUzhTOExI,20241031
20241006,2332148-1,MINISTERIO PUBLICO,RESOLUCION,No 2185-2024-MP-FN,Aceptan renuncia de fiscal adjunta provincial provisional del Distrito Fiscal de Lima Centro,https://epdoc2.elperuano.pe/EpPo/DescargaINDA.asp?Referencias=NDNWQlZCVkJWQllCWUI5V1RNTEhZQkxIOVdfX1hDVE05V0xIUzhTOExI,20241031
20241006,2332149-1,MINISTERIO PUBLICO,RESOLUCION,No 2186-2024-MP-FN,Aceptan renuncia de fiscal provincial provisional del Distrito Fiscal de Lima Centro,https://epdoc2.elperuano.pe/EpPo/DescargaINDA.asp?Referencias=NDNWQlZCVkJWQllCWUI5V1RNTEhZQkxIOVdfX1lYVE05V0xIUzhTOExI,20241031
20241006,2332150-1,MINISTERIO PUBLICO,RESOLUCION,No 2187-2024-MP-FN,Nombran fiscal adjunta provincial provisional del Distrito Fiscal de Lima Centro,https://epdoc2.elperuano.pe/EpPo/DescargaINDA.asp?Referencias=NDNWQlZCVkJWQllCWUI5V1RNTEhZQkxIOVdfX1lCVU45V0xIUzhTOExI,20241031
20241006,2332151-1,MINISTERIO PUBLICO,RESOLUCION,No 2188-2024-MP-FN,Cesan por motivo de fallecimiento a fiscal adjunta provincial provisional del Distrito Fiscal de Ucayali,https://epdoc2.elperuano.pe/EpPo/DescargaINDA.asp?Referencias=NDNWQlZCVkJWQllCWUI5V1RNTEhZQkxIOVdfXzlXVU45V0xIUzhTOExI,20241031
20241006,2332152-1,MINISTERIO PUBLICO,RESOLUCION,No 2189-2024-MP-FN,Designan fiscal provincial titular penal (corporativo) de Huamalies Distrito Fiscal de Huanuco,https://epdoc2.elperuano.pe/EpPo/DescargaINDA.asp?Referencias=NDNWQlZCVkJWQllCWUI5V1RNTEhZQkxIOVdfX0xIVU45V0xIUzhTOExI,20241031
20241006,2332153-1,MINISTERIO PUBLICO,RESOLUCION,No 2190-2024-MP-FN,Aceptan renuncia de fiscal adjunta provincial provisional del Distrito Fiscal de Ica,https://epdoc2.elperuano.pe/EpPo/DescargaINDA.asp?Referencias=NDNWQlZCVkJWQllCWUI5V1RNTEhZQkxIOVdfX1M4VU45V0xIUzhTOExI,20241031
20241006,2332154-1,MINISTERIO PUBLICO,RESOLUCION,No 2191-2024-MP-FN,Nombran fiscal adjunta provincial provisional del Distrito Fiscal de Ica,https://epdoc2.elperuano.pe/EpPo/DescargaINDA.asp?Referencias=NDNWQlZCVkJWQllCWUI5V1RNTEhZQkxIOVdfX1RNVU45V0xIUzhTOExI,20241031
20241006,2332155-1,MINISTERIO PUBLICO,RESOLUCION,No 2193-2024-MP-FN,Nombran fiscal adjunto superior provisional del Distrito Fiscal de Lima Centro,https://epdoc2.elperuano.pe/EpPo/DescargaINDA.asp?Referencias=NDNWQlZCVkJWQllCWUI5V1RNTEhZQkxIOVdfX1VOVU45V0xIUzhTOExI,20241031
20241006,2332156-1,MINISTERIO PUBLICO,RESOLUCION,No 2195-2024-MP-FN,Nombran fiscal adjunto provincial provisional del Distrito Fiscal de Loreto,https://epdoc2.elperuano.pe/EpPo/DescargaINDA.asp?Referencias=NDNWQlZCVkJWQllCWUI5V1RNTEhZQkxIOVdfX1ZCVU45V0xIUzhTOExI,20241031
20241006,2332158-1,MINISTERIO PUBLICO,RESOLUCION,No 2196-2024-MP-FN,Aceptan renuncia de fiscal adjunto provincial provisional del Distrito Fiscal de Lima Norte,https://epdoc2.elperuano.pe/EpPo/DescargaINDA.asp?Referencias=NDNWQlZCVkJWQllCWUI5V1RNTEhZQkxIOVdfX1hDVU45V0xIUzhTOExI,20241031
20241006,2332159-1,MINISTERIO PUBLICO,RESOLUCION,No 2197-2024-MP-FN,Aceptan renuncia de fiscal adjunta provincial provisional del Distrito Fiscal de Moquegua,https://epdoc2.elperuano.pe/EpPo/DescargaINDA.asp?Referencias=NDNWQlZCVkJWQllCWUI5V1RNTEhZQkxIOVdfX1lYVU45V0xIUzhTOExI,20241031
20241006,2332160-1,MINISTERIO PUBLICO,RESOLUCION,No 2198-2024-MP-FN,Aceptan renuncia de fiscal adjunta provincial provisional del Distrito Fiscal de Lima Sur,https://epdoc2.elperuano.pe/EpPo/DescargaINDA.asp?Referencias=NDNWQlZCVkJWQllCWUI5V1RNTEhZQkxIOVdfX1lCVkI5V0xIUzhTOExI,20241031
20241006,2332161-1,MINISTERIO PUBLICO,RESOLUCION,No 2199-2024-MP-FN,Aceptan renuncia de fiscal adjunta provincial provisional del Distrito Fiscal de Lima Centro,https://epdoc2.elperuano.pe/EpPo/DescargaINDA.asp?Referencias=NDNWQlZCVkJWQllCWUI5V1RNTEhZQkxIOVdfXzlXVkI5V0xIUzhTOExI,20241031
20241006,2332162-1,MINISTERIO PUBLICO,RESOLUCION,No 2200-2024-MP-FN,Aceptan renuncia de fiscal adjunta provincial provisional transitoria del Distrito Fiscal de Lima Sur,https://epdoc2.elperuano.pe/EpPo/DescargaINDA.asp?Referencias=NDNWQlZCVkJWQllCWUI5V1RNTEhZQkxIOVdfX0xIVkI5V0xIUzhTOExI,20241031
20241006,2332163-1,MINISTERIO PUBLICO,RESOLUCION,No 2192-2024-MP-FN,Dan por concluido el nombramiento de fiscal adjunta provincial provisional transitoria del Distrito Fiscal de Lima Centro,https://epdoc2.elperuano.pe/EpPo/DescargaINDA.asp?Referencias=NDNWQlZCVkJWQllCWUI5V1RNTEhZQkxIOVdfX1M4VkI5V0xIUzhTOExI,20241031
20241006,2332164-1,MINISTERIO PUBLICO,RESOLUCION,No 2194-2024-MP-FN,Dan por concluido el nombramiento de fiscal adjunto provincial provisional del Distrito Fiscal de Arequipa,https://epdoc2.elperuano.pe/EpPo/DescargaINDA.asp?Referencias=NDNWQlZCVkJWQllCWUI5V1RNTEhZQkxIOVdfX1RNVkI5V0xIUzhTOExI,20241031
20241006,2332165-1,MINISTERIO PUBLICO,RESOLUCION,No 2205-2024-MP-FN,Dan por concluido el nombramiento de fiscal adjunta provincial provisional del Distrito Fiscal de Lambayeque,https://epdoc2.elperuano.pe/EpPo/DescargaINDA.asp?Referencias=NDNWQlZCVkJWQllCWUI5V1RNTEhZQkxIOVdfX1VOVkI5V0xIUzhTOExI,20241031
20241006,2332166-1,MINISTERIO PUBLICO,RESOLUCION,No 2206-2024-MP-FN,Dan por concluido el nombramiento de fiscales adjuntos provinciales provisionales del Distrito Fiscal de Lambayeque,https://epdoc2.elperuano.pe/EpPo/DescargaINDA.asp?Referencias=NDNWQlZCVkJWQllCWUI5V1RNTEhZQkxIOVdfX1ZCVkI5V0xIUzhTOExI,20241031
20241006,2332041-1,MUNICIPALIDAD METROPOLITANA DE LIMA,ACUERDO,No 354,Autorizan viaje del Jefe de la Oficina General de Asuntos Juridicos a EE.UU. en comision de servicios,https://epdoc2.elperuano.pe/EpPo/DescargaINDA.asp?Referencias=NDNWQlZCVkJWQllCWUI5V1RNTEhZQkxIOVdfXzlXVE1ZQkxIUzhTOExI,20241031
20241006,2332057-1,MUNICIPALIDAD METROPOLITANA DE LIMA,DECRETO DE ALCALDIA,No 016,Institucionalizan el Concierto Sinfonico Coral de Semana Santa del Centro Historico de Lima que se realiza el Domingo de Resurreccion en el atrio de la Basilica Catedral de Lima como actividad cultural conmemorativa en la Municipalidad Metropolitana de Lima,https://epdoc2.elperuano.pe/EpPo/DescargaINDA.asp?Referencias=NDNWQlZCVkJWQllCWUI5V1RNTEhZQkxIOVdfX1dWVU5ZQkxIUzhTOExI,20241031
20241006,2332081-1,MUNICIPALIDAD METROPOLITANA DE LIMA,DECRETO DE ALCALDIA,No 017,Aprueban el Programa de Vigilancia y Monitoreo de la Contaminacion Sonora en el Cercado de Lima para el ano 2024,https://epdoc2.elperuano.pe/EpPo/DescargaINDA.asp?Referencias=NDNWQlZCVkJWQllCWUI5V1RNTEhZQkxIOVdfXzlXWENZQkxIUzhTOExI,20241031
20241006,2332095-1,MUNICIPALIDAD DE ATE,Ordenanzas,No 621-MDA,Modifican la Ordenanza No 617-MDA Actualizate y Ganate con los descuentazos,https://epdoc2.elperuano.pe/EpPo/DescargaINDA.asp?Referencias=NDNWQlZCVkJWQllCWUI5V1RNTEhZQkxIOVdfX1VOWVhZQkxIUzhTOExI,20241031
20241006,2331523-1,MUNICIPALIDAD DE SANTIAGO DE SURCO,ACUERDO,No 079-2024-ACSS,Declaran desfavorable solicitud de Cambio de Zonificacion para area constituida por lotes ubicados en el distrito de Santiago de Surco,https://epdoc2.elperuano.pe/EpPo/DescargaINDA.asp?Referencias=NDNWQlZCVkJWQllCWUI5V1RNTEhZQkxIOVdfX1M4TEhVTjlXUzhTOExI,20241031
20241006,2331525-1,MUNICIPALIDAD DE SANTIAGO DE SURCO,ACUERDO,No 080-2024-ACSS,Declaran desfavorable solicitud de Cambio de Zonificacion para dos predios ubicados en el distrito de Santiago de Surco,https://epdoc2.elperuano.pe/EpPo/DescargaINDA.asp?Referencias=NDNWQlZCVkJWQllCWUI5V1RNTEhZQkxIOVdfX1VOTEhVTjlXUzhTOExI,20241031
20241006,2332109-1,SUPERINTENDENCIA NACIONAL DE SERVICIOS DE SANEAMIENTO,RESOLUCION,No 00063-2024-SUNASS-CD,Aprueban formula tarifaria estructura tarifaria y metas de gestion asi como los costos maximos de las unidades de medida de las actividades requeridas para determinar el precio de los servicios colaterales que se aplican a EPSEL S.A. para el periodo regulatorio 2025-2028,https://epdoc2.elperuano.pe/EpPo/DescargaINDA.asp?Referencias=NDNWQlZCVkJWQllCWUI5V1RNTEhZQkxIOVdfX1lYWUI5V0xIUzhTOExI,20241031
20241006,2332118-1,SUPERINTENDENCIA NACIONAL DE SERVICIOS DE SANEAMIENTO,RESOLUCION,No 00064-2024-SUNASS-CD,Proyecto de resolucion que aprueba la formula tarifaria estructura tarifaria metas de gestion los porcentajes a ser transferidos al Fondo de Inversiones y Reservas correspondientes y los costos maximos de las unidades de medida de las actividades requeridas para determinar los precios de los servicios colaterales que serian aplicables por EPS ILO S.A. durante el periodo regulatorio 2025-2028,https://epdoc2.elperuano.pe/EpPo/DescargaINDA.asp?Referencias=NDNWQlZCVkJWQllCWUI5V1RNTEhZQkxIOVdfX1hDOVc5V0xIUzhTOExI,20241031
20241005,2332129-1,PRESIDENCIA DEL CONSEJO DE MINISTROS,RESOLUCION SUPREMA,No 210-2024-PCM,Autorizan viaje del Ministro de Desarrollo Agrario y Riego a la Republica Italiana y encargan su Despacho al Ministro de Desarrollo e Inclusion Social,https://epdoc2.elperuano.pe/EpPo/DescargaINDA.asp?Referencias=NDNVTlVOVU5VTllCWUI5V1RNTEhZQkxIOVdfX1lYTEg5V0xIUzhTOExI,20241031
20241005,2332129-2,PRESIDENCIA DEL CONSEJO DE MINISTROS,RESOLUCION SUPREMA,No 211-2024-PCM,Autorizan viaje del Presidente del Consejo de Ministros a la Mancomunidad de Australia y a Nueva Zelanda y encargan su Despacho al Ministro de Relaciones Exteriores,https://epdoc2.elperuano.pe/EpPo/DescargaINDA.asp?Referencias=NDNVTlVOVU5VTllCWUI5V1RNTEhZQkxITEhfX1lYTEg5V0xIUzhTOExI,20241031
20241005,2331851-1,COMERCIO EXTERIOR Y TURISMO,RESOLUCION MINISTERIAL,No 290-2024-MINCETUR,Autorizan viaje de representante de PROMPERu para participar en feria internacional de turismo que se realizara en los EE.UU.,https://epdoc2.elperuano.pe/EpPo/DescargaINDA.asp?Referencias=NDNVTlVOVU5VTllCWUI5V1RNTEhZQkxIOVdfXzlXVU5YQzlXUzhTOExI,20241031
20241005,2331274-1,CULTURA,RESOLUCION DIRECTORAL,No 000146-2024-DGPA-VMPCIC/MC,Determinan la Proteccion Provisional del Sitio Arqueologico Cerro Centinela - Sector C ubicado en el distrito de Huaura provincia de Huaura departamento de Lima,https://epdoc2.elperuano.pe/EpPo/DescargaINDA.asp?Referencias=NDNVTlVOVU5VTllCWUI5V1RNTEhZQkxIOVdfX1RNV1ZMSDlXUzhTOExI,20241031
20241005,2331281-1,CULTURA,RESOLUCION DIRECTORAL,No 000145-2024-DGPA-VMPCIC/MC,Determinan la Proteccion Provisional del Sitio arqueologico Marca Marca Quepayna ubicado en el distrito de Churubamba provincia y departamento de Huanuco,https://epdoc2.elperuano.pe/EpPo/DescargaINDA.asp?Referencias=NDNVTlVOVU5VTllCWUI5V1RNTEhZQkxIOVdfXzlXWENMSDlXUzhTOExI,20241031
20241005,2331697-1,CULTURA,RESOLUCION MINISTERIAL,No 000373-2024-MC,Otorgan distincion postuma de Personalidad Meritoria de la Cultura,https://epdoc2.elperuano.pe/EpPo/DescargaINDA.asp?Referencias=NDNVTlVOVU5VTllCWUI5V1RNTEhZQkxIOVdfX1dWWVhWQjlXUzhTOExI,20241031
20241005,2332061-1,DESARROLLO AGRARIO Y RIEGO,RESOLUCION,No D000236-2024-MIDAGRI-SERFOR-DE,Disponen la prepublicacion del proyecto de Resolucion de Direccion Ejecutiva que modifica el Listado de armas permitidas para la practica de la caza deportiva aprobado por el articulo 2 de la Resolucion de la Direccion Ejecutiva No 073-2018-MINAGRI-SERFOR/DE,https://epdoc2.elperuano.pe/EpPo/DescargaINDA.asp?Referencias=NDNVTlVOVU5VTllCWUI5V1RNTEhZQkxIOVdfXzlXVkJZQkxIUzhTOExI,20241031
20241005,2332067-1,DESARROLLO AGRARIO Y RIEGO,RESOLUCION,No D000238-2024-MIDAGRI-SERFOR-DE,Designan Administrador Tecnico Forestal y de Fauna Silvestre de la Administracion Tecnica Forestal y de Fauna Silvestre Sierra Central,https://epdoc2.elperuano.pe/EpPo/DescargaINDA.asp?Referencias=NDNVTlVOVU5VTllCWUI5V1RNTEhZQkxIOVdfX1dWVkJZQkxIUzhTOExI,20241031
20241005,2332076-1,ECONOMIA Y FINANZAS,RESOLUCION DIRECTORAL,No 0034-2024-EF/50.01,Resolucion Directoral que aprueba la Programacion de Compromisos Anual (PCA) correspondiente a la revision de oficio del tercer trimestre del Ano Fiscal 2024 para los pliegos del Gobierno Nacional los gobiernos regionales y los gobiernos locales,https://epdoc2.elperuano.pe/EpPo/DescargaINDA.asp?Referencias=NDNVTlVOVU5VTllCWUI5V1RNTEhZQkxIOVdfX1ZCV1ZZQkxIUzhTOExI,20241031
20241005,2331747-1,ECONOMIA Y FINANZAS,RESOLUCION MINISTERIAL,No 305-2024-EF/52,Resolucion Ministerial que autoriza a la empresa Sociedad Electrica del Sur Oeste S.A. (SEAL S.A.) a concertar una operacion de endeudamiento interno sin la garantia del Gobierno Nacional,https://epdoc2.elperuano.pe/EpPo/DescargaINDA.asp?Referencias=NDNVTlVOVU5VTllCWUI5V1RNTEhZQkxIOVdfX1dWVE1XVjlXUzhTOExI,20241031
20241005,2331814-1,ECONOMIA Y FINANZAS,RESOLUCION MINISTERIAL,No 307-2024-EF/49,Designan Asesor del Despacho Viceministerial de Economia II,https://epdoc2.elperuano.pe/EpPo/DescargaINDA.asp?Referencias=NDNVTlVOVU5VTllCWUI5V1RNTEhZQkxIOVdfX1RNOVdYQzlXUzhTOExI,20241031
20241005,2331824-1,ECONOMIA Y FINANZAS,RESOLUCION MINISTERIAL,No 309-2024-EF/49,Designan Director de la Direccion de Politica de Inversion Privada,https://epdoc2.elperuano.pe/EpPo/DescargaINDA.asp?Referencias=NDNVTlVOVU5VTllCWUI5V1RNTEhZQkxIOVdfX1RNTEhYQzlXUzhTOExI,20241031
20241005,2331827-1,ECONOMIA Y FINANZAS,RESOLUCION MINISTERIAL,No 310-2024-EF/49,Designan Director de la Direccion de Promocion de Inversion Privada,https://epdoc2.elperuano.pe/EpPo/DescargaINDA.asp?Referencias=NDNVTlVOVU5VTllCWUI5V1RNTEhZQkxIOVdfX1dWTEhYQzlXUzhTOExI,20241031
20241005,2331710-1,ECONOMIA Y FINANZAS,RESOLUCION VICE MINISTERIAL,No 019-2024-EF/15.01,Fijan indices de correccion monetaria para efectos de determinar el costo computable de los inmuebles enajenados por personas naturales sucesiones indivisas o sociedades conyugales que optaron por tributar como tales,https://epdoc2.elperuano.pe/EpPo/DescargaINDA.asp?Referencias=NDNVTlVOVU5VTllCWUI5V1RNTEhZQkxIOVdfX1lCOVdXVjlXUzhTOExI,20241031
20241005,2332060-1,EDUCACION,RESOLUCION VICE MINISTERIAL,No 109-2024-MINEDU,Modifican la Norma Tecnica denominada Disposiciones que regulan la encargatura de directores generales y puestos de gestion pedagogica en los Institutos y Escuelas de Educacion Superior Pedagogica Publicos,https://epdoc2.elperuano.pe/EpPo/DescargaINDA.asp?Referencias=NDNVTlVOVU5VTllCWUI5V1RNTEhZQkxIOVdfX1lCVkJZQkxIUzhTOExI,20241031
20241005,2330898-1,ENERGIA Y MINAS,RESOLUCION MINISTERIAL,No 377-2024-MINEM/DM,Otorgan a favor de AGROLMOS S.A. la concesion definitiva para desarrollar la actividad de transmision de energia electrica en el proyecto Linea de Transmision en 60 kV S.E. Agrolmos - P-046/P-047 (de la LT 60 kV SET Tierras Nuevas - SET Pampa Panala) ubicado en el distrito de Olmos provincia y departamento de Lambayeque,https://epdoc2.elperuano.pe/EpPo/DescargaINDA.asp?Referencias=NDNVTlVOVU5VTllCWUI5V1RNTEhZQkxIOVdfX1hDWVhYQ1lCUzhTOExI,20241031
20241005,2331792-1,INTERIOR,RESOLUCION MINISTERIAL,No 1226-2024-IN,Designan Asesor II del Despacho Viceministerial de Seguridad Publica,https://epdoc2.elperuano.pe/EpPo/DescargaINDA.asp?Referencias=NDNVTlVOVU5VTllCWUI5V1RNTEhZQkxIOVdfX0xIWVhXVjlXUzhTOExI,20241031
20241005,2332167-1,INTERIOR,RESOLUCION MINISTERIAL,No 1245-2024-IN,Designan Director General de la Direccion General Contra el Crimen Organizado del Despacho Viceministerial de Orden Interno del Ministerio del Interior,https://epdoc2.elperuano.pe/EpPo/DescargaINDA.asp?Referencias=NDNVTlVOVU5VTllCWUI5V1RNTEhZQkxIOVdfX1dWVkI5V0xIUzhTOExI,20241031
20241005,2332183-1,INTERIOR,RESOLUCION MINISTERIAL,No 1248-2024-IN,Autorizan viaje de personal policial a la Republica Argentina en comision de servicios,https://epdoc2.elperuano.pe/EpPo/DescargaINDA.asp?Referencias=NDNVTlVOVU5VTllCWUI5V1RNTEhZQkxIOVdfX1M4WEM5V0xIUzhTOExI,20241031
20241005,2332130-1,JUSTICIA Y DERECHOS HUMANOS,RESOLUCION SUPREMA,No 308-2024-JUS,Acceden a solicitud de extradicion activa de ciudadano peruano para ser extraditado de la Republica Argentina y ser procesado en la Republica del Peru,https://epdoc2.elperuano.pe/EpPo/DescargaINDA.asp?Referencias=NDNVTlVOVU5VTllCWUI5V1RNTEhZQkxIOVdfX1lCUzg5V0xIUzhTOExI,20241031
20241005,2332130-10,JUSTICIA Y DERECHOS HUMANOS,RESOLUCION SUPREMA,No 317-2024-JUS,Acceden a solicitud de traslado activo de ciudadano peruano quien se encuentra cumpliendo sentencia en un centro penitenciario de la Republica del Ecuador para cumplir el resto de su condena en un establecimiento penitenciario de la Republica del Peru,https://epdoc2.elperuano.pe/EpPo/DescargaINDA.asp?Referencias=NjNVTlVOVU5ZQllCOVdUTUxIWUJMSFlCOVdfX1lCUzg5V0xIUzhTOExI,20241031
20241005,2332130-2,JUSTICIA Y DERECHOS HUMANOS,RESOLUCION SUPREMA,No 309-2024-JUS,Acceden a solicitud de extradicion activa de ciudadano peruano para ser extraditado de la Republica Italiana y ser procesado en la Republica del Peru,https://epdoc2.elperuano.pe/EpPo/DescargaINDA.asp?Referencias=NDNVTlVOVU5VTllCWUI5V1RNTEhZQkxITEhfX1lCUzg5V0xIUzhTOExI,20241031
20241005,2332130-3,JUSTICIA Y DERECHOS HUMANOS,RESOLUCION SUPREMA,No 310-2024-JUS,Acceden a solicitud de extradicion activa de ciudadano peruano para ser extraditado del Reino de Espana y ser procesado en la Republica del Peru,https://epdoc2.elperuano.pe/EpPo/DescargaINDA.asp?Referencias=NDNVTlVOVU5VTllCWUI5V1RNTEhZQkxIUzhfX1lCUzg5V0xIUzhTOExI,20241031
20241005,2332130-4,JUSTICIA Y DERECHOS HUMANOS,RESOLUCION SUPREMA,No 311-2024-JUS,Acceden a solicitud de extradicion activa de ciudadano peruano para ser extraditado del Reino de Espana y ser procesado en la Republica del Peru,https://epdoc2.elperuano.pe/EpPo/DescargaINDA.asp?Referencias=NDNVTlVOVU5VTllCWUI5V1RNTEhZQkxIVE1fX1lCUzg5V0xIUzhTOExI,20241031
20241005,2332130-5,JUSTICIA Y DERECHOS HUMANOS,RESOLUCION SUPREMA,No 312-2024-JUS,Acceden a solicitud de extradicion activa de ciudadana peruana para ser extraditada del Reino de Espana y ser procesada en la Republica del Peru,https://epdoc2.elperuano.pe/EpPo/DescargaINDA.asp?Referencias=NDNVTlVOVU5VTllCWUI5V1RNTEhZQkxIVU5fX1lCUzg5V0xIUzhTOExI,20241031
20241005,2332130-6,JUSTICIA Y DERECHOS HUMANOS,RESOLUCION SUPREMA,No 313-2024-JUS,Acceden a solicitud de extradicion activa de ciudadano peruano para ser extraditado del Reino de Espana y cumplir su condena en la Republica del Peru,https://epdoc2.elperuano.pe/EpPo/DescargaINDA.asp?Referencias=NDNVTlVOVU5VTllCWUI5V1RNTEhZQkxIVkJfX1lCUzg5V0xIUzhTOExI,20241031
20241005,2332130-7,JUSTICIA Y DERECHOS HUMANOS,RESOLUCION SUPREMA,No 314-2024-JUS,Acceden a solicitud de extradicion activa de ciudadano peruano para ser extraditado del Reino de Espana y cumplir su condena en la Republica del Peru,https://epdoc2.elperuano.pe/EpPo/DescargaINDA.asp?Referencias=NDNVTlVOVU5VTllCWUI5V1RNTEhZQkxIV1ZfX1lCUzg5V0xIUzhTOExI,20241031
20241005,2332130-8,JUSTICIA Y DERECHOS HUMANOS,RESOLUCION SUPREMA,No 315-2024-JUS,Acceden a solicitud de extradicion activa de ciudadano peruano para ser extraditado de la Republica Argentina y ser procesado en la Republica del Peru,https://epdoc2.elperuano.pe/EpPo/DescargaINDA.asp?Referencias=NDNVTlVOVU5VTllCWUI5V1RNTEhZQkxIWENfX1lCUzg5V0xIUzhTOExI,20241031
20241005,2332130-9,JUSTICIA Y DERECHOS HUMANOS,RESOLUCION SUPREMA,No 316-2024-JUS,Acceden a solicitud de extradicion activa de ciudadano colombiano para ser extraditado de la Republica de Colombia y ser procesado en la Republica del Peru,https://epdoc2.elperuano.pe/EpPo/DescargaINDA.asp?Referencias=NDNVTlVOVU5VTllCWUI5V1RNTEhZQkxIWVhfX1lCUzg5V0xIUzhTOExI,20241031
20241005,2332182-1,PRODUCE,RESOLUCION MINISTERIAL,No 00404-2024-PRODUCE,Modifican numeral 1.1 del articulo 1 de la R.M. No 000026-2024-PRODUCE que establece el limite de captura del recurso bonito para el ano 2024,https://epdoc2.elperuano.pe/EpPo/DescargaINDA.asp?Referencias=NDNVTlVOVU5VTllCWUI5V1RNTEhZQkxIOVdfX0xIWEM5V0xIUzhTOExI,20241031
20241005,2332129-3,RELACIONES EXTERIORES,RESOLUCION SUPREMA,No 180-2024-RE,Dejan sin efecto la Resolucion Suprema No 147-2024-RE,https://epdoc2.elperuano.pe/EpPo/DescargaINDA.asp?Referencias=NDNVTlVOVU5VTllCWUI5V1RNTEhZQkxIUzhfX1lYTEg5V0xIUzhTOExI,20241031
20241005,2331983-1,SALUD,RESOLUCION MINISTERIAL,No 676-2024/MINSA,Aprueban el Documento Tecnico: Operaciones de Emergencias del Sistema Nacional de Salud,https://epdoc2.elperuano.pe/EpPo/DescargaINDA.asp?Referencias=NDNVTlVOVU5VTllCWUI5V1RNTEhZQkxIOVdfX1M4WENZWDlXUzhTOExI,20241031
20241005,2332157-1,SALUD,RESOLUCION MINISTERIAL,No 678-2024/MINSA,Designan Titular de la Unidad Ejecutora Hospital Emergencia Ate Vitarte del Ministerio de Salud,https://epdoc2.elperuano.pe/EpPo/DescargaINDA.asp?Referencias=NDNVTlVOVU5VTllCWUI5V1RNTEhZQkxIOVdfX1dWVU45V0xIUzhTOExI,20241031
20241005,2332107-1,TRANSPORTES Y COMUNICACIONES,RESOLUCION DIRECTORAL,No 932-2024-MTC/20,Designan Subdirector de la Subdireccion de Conservacion de la Direccion de Gestion Vial del Programa denominado Proyecto Especial de Infraestructura de Transporte Nacional - PROViAS NACIONAL,https://epdoc2.elperuano.pe/EpPo/DescargaINDA.asp?Referencias=NDNVTlVOVU5VTllCWUI5V1RNTEhZQkxIOVdfX1dWWUI5V0xIUzhTOExI,20241031
20241005,2331575-1,TRANSPORTES Y COMUNICACIONES,RESOLUCION MINISTERIAL,No 573-2024-MTC/01.03,Otorgan a la empresa PACAIPAMPA TV L Y A EMPRESA INDIVIDUAL DE RESPONSABILIDAD LIMITADA Concesion unica para la prestacion de servicios publicos de telecomunicaciones en area que comprende todo el territorio de la Republica,https://epdoc2.elperuano.pe/EpPo/DescargaINDA.asp?Referencias=NDNVTlVOVU5VTllCWUI5V1RNTEhZQkxIOVdfX1VOV1ZVTjlXUzhTOExI,20241031
20241005,2332116-1,VIVIENDA  CONSTRUCCIoN Y SANEAMIENTO,RESOLUCION DIRECTORAL,No 254-2024/VIVIENDA/VMCS/PNSR,Designan Jefe de Unidad de la Unidad de Planeamiento y Presupuesto del Programa Nacional de Saneamiento Rural,https://epdoc2.elperuano.pe/EpPo/DescargaINDA.asp?Referencias=NDNVTlVOVU5VTllCWUI5V1RNTEhZQkxIOVdfX1ZCOVc5V0xIUzhTOExI,20241031
20241005,2332125-1,VIVIENDA  CONSTRUCCIoN Y SANEAMIENTO,RESOLUCION DIRECTORAL,No 255-2024/VIVIENDA/VMCS/PNSR,Designan Jefe de Unidad de la Unidad Tecnica para la Mejora de la Prestacion de los Servicios del Programa Nacional de Saneamiento Rural,https://epdoc2.elperuano.pe/EpPo/DescargaINDA.asp?Referencias=NDNVTlVOVU5VTllCWUI5V1RNTEhZQkxIOVdfX1VOTEg5V0xIUzhTOExI,20241031
20241005,2332173-1,ORGANISMO DE FORMALIZACIoN DE LA PROPIEDAD INFORMAL,RESOLUCION DIRECTORAL,No D000148-2024-COFOPRI-DE,Designan Director de la Oficina de Administracion del Organismo de Formalizacion de la Propiedad Informal - COFOPRI,https://epdoc2.elperuano.pe/EpPo/DescargaINDA.asp?Referencias=NDNVTlVOVU5VTllCWUI5V1RNTEhZQkxIOVdfX1M4V1Y5V0xIUzhTOExI,20241031
20241005,2331564-1,SUPERINTENDENCIA NACIONAL DE BIENES ESTATALES,RESOLUCION,No 0051-2024/SBN,Disponen la puesta en funcionamiento del aplicativo denominado GEOVISOR SBN,https://epdoc2.elperuano.pe/EpPo/DescargaINDA.asp?Referencias=NDNVTlVOVU5VTllCWUI5V1RNTEhZQkxIOVdfX1RNVkJVTjlXUzhTOExI,20241031
20241005,2331846-1,ORGANISMO SUPERVISOR DE LA INVERSIoN EN ENERGiA Y MINERiA,RESOLUCION,No 039-2024-OS/GRT,Aprueban costos administrativos y operativos del FISE de las Distribuidoras Electricas en sus actividades vinculadas con el descuento en la compra del balon de gas al mes de julio de 2024,https://epdoc2.elperuano.pe/EpPo/DescargaINDA.asp?Referencias=NDNVTlVOVU5VTllCWUI5V1RNTEhZQkxIOVdfX1ZCVE1YQzlXUzhTOExI,20241031
20241005,2331461-1,ORGANISMO SUPERVISOR DE LA INVERSIoN EN INFRAESTRUCTURA DE TRANSPORTE DE USO PuBLICO,RESOLUCION,No 003-2024-GAU-OSITRAN,Aprueban la publicacion del proyecto de modificacion del Reglamento de Atencion y Solucion de Reclamos de Usuarios de Terminal Portuario Paracas S.A.,https://epdoc2.elperuano.pe/EpPo/DescargaINDA.asp?Referencias=NDNVTlVOVU5VTllCWUI5V1RNTEhZQkxIOVdfXzlXVkJUTTlXUzhTOExI,20241031
20241005,2331962-1,CONSEJO EJECUTIVO DEL PODER JUDICIAL,RESOLUCION ADMINISTRATIVA,No 000300-2024-CE-PJ,Aprueban el Plan de Pasantia presentado por el Programa Presupuestal Orientado a Resultados PPoR RVcM 1002,https://epdoc2.elperuano.pe/EpPo/DescargaINDA.asp?Referencias=NDNVTlVOVU5VTllCWUI5V1RNTEhZQkxIOVdfX0xIVkJZWDlXUzhTOExI,20241031
20241005,2331994-1,CONSEJO EJECUTIVO DEL PODER JUDICIAL,RESOLUCION ADMINISTRATIVA,No 000323-2024-CE-PJ,Aprueban los Anexos 1 y 2 denominados Ranking de cumplimiento de meta de expedientes resueltos de los organos jurisdiccionales permanentes que aplican la oralidad civil por instancia y especialidad y Ranking de cumplimiento de meta de expedientes resueltos de los organos jurisdiccionales permanentes que aplican la oralidad civil por Distrito Judicial y expresan diversos reconocimientos y felicitaciones,https://epdoc2.elperuano.pe/EpPo/DescargaINDA.asp?Referencias=NDNVTlVOVU5VTllCWUI5V1RNTEhZQkxIOVdfX1RNWVhZWDlXUzhTOExI,20241031
20241005,2331807-1,JURADO NACIONAL DE ELECCIONES,RESOLUCION,No 0289-2024-JNE,Requieren a alcalde que convoque a nueva sesion extraordinaria de concejo en la que se dilucide y resuelva vacancia seguida contra regidor de la Municipalidad Distrital de San Miguel de Corpanqui provincia de Bolognesi departamento de ancash,https://epdoc2.elperuano.pe/EpPo/DescargaINDA.asp?Referencias=NDNVTlVOVU5VTllCWUI5V1RNTEhZQkxIOVdfX1dWWUJYQzlXUzhTOExI,20241031
20241005,2331870-1,JURADO NACIONAL DE ELECCIONES,RESOLUCION,No 0290-2024-JNE,Convocan a ciudadano para que asuma provisionalmente el cargo de regidor del Concejo Distrital de Paucarpata provincia y departamento de Arequipa,https://epdoc2.elperuano.pe/EpPo/DescargaINDA.asp?Referencias=NDNVTlVOVU5VTllCWUI5V1RNTEhZQkxIOVdfX1lCV1ZYQzlXUzhTOExI,20241031
20241005,2331873-1,JURADO NACIONAL DE ELECCIONES,RESOLUCION,No 0292-2024-JNE,Restablecen vigencia de credencial que fue otorgada a ciudadano como alcalde de la Municipalidad Distrital de Masisea provincia de Coronel Portillo departamento de Ucayali,https://epdoc2.elperuano.pe/EpPo/DescargaINDA.asp?Referencias=NDNVTlVOVU5VTllCWUI5V1RNTEhZQkxIOVdfX1M4V1ZYQzlXUzhTOExI,20241031
20241005,2329955-1,GOBIERNO REGIONAL DE LIMA,ACUERDO,No 341-2024-CR/GRL,Modifican el Acuerdo No 324-2024-CR/GRL que autorizo viaje de la Gobernadora Regional para participar en la V Cumbre Mundial de las Regiones sobre Seguridad y Soberania Alimentaria - HAMBRE CERO - Barcelona 2024,https://epdoc2.elperuano.pe/EpPo/DescargaINDA.asp?Referencias=NDNVTlVOVU5VTllCWUI5V1RNTEhZQkxIOVdfX1VOVU5ZWFlYTEhTOExI,20241031
20241005,2323346-1,GOBIERNO REGIONAL DE PUNO,ORDENANZA,No 014-2024-GRP-CRP,Ordenanza Regional que declara de Prioridad Regional y Necesidad Publica el proyecto de escision (separacion) de la especialidad de musica de la ESFA - Puno para su funcionamiento autonomo con la denominacion: Escuela Superior de Formacion Artistica Publica de Musica Theodoro Valcarcel Caballero - Puno,https://epdoc2.elperuano.pe/EpPo/DescargaINDA.asp?Referencias=NDNVTlVOVU5VTllCWUI5V1RNTEhZQkxIOVdfX1ZCVE1TOFM4TEhTOExI,20241031
20241005,2331280-1,GOBIERNO REGIONAL DE TACNA,ORDENANZA,No 009-2024-CR/GOB.REG.TACNA,Aprueban la creacion del Consejo Regional de la Juventud de Tacna COREJU - TACNA,https://epdoc2.elperuano.pe/EpPo/DescargaINDA.asp?Referencias=NDNVTlVOVU5VTllCWUI5V1RNTEhZQkxIOVdfX1lCWENMSDlXUzhTOExI,20241031
20241005,2331306-1,GOBIERNO REGIONAL DE TACNA,ORDENANZA,No 015-2024-CR/GOB.REG.TACNA,Disponen la conservacion y proteccion del suelo organico y la cobertura vegetal de las Lomas de la Region Tacna,https://epdoc2.elperuano.pe/EpPo/DescargaINDA.asp?Referencias=NDNVTlVOVU5VTllCWUI5V1RNTEhZQkxIOVdfX1ZCWUJTODlXUzhTOExI,20241031
20241005,2331309-1,GOBIERNO REGIONAL DE TACNA,ORDENANZA,No 017-2024-CR/GOB.REG.TACNA,Prorrogan por segunda vez el plazo de presentacion de los resultados del proceso de reestructuracion organica del Gobierno Regional de Tacna,https://epdoc2.elperuano.pe/EpPo/DescargaINDA.asp?Referencias=NDNVTlVOVU5VTllCWUI5V1RNTEhZQkxIOVdfX1lYWUJTODlXUzhTOExI,20241031
20241005,2331709-1,MUNICIPALIDAD DE JESUS MARIA,DECRETO DE ALCALDIA,No 014-2024-MDJM,Convocan a Elecciones para conformar las Juntas Directivas de las Juntas Vecinales Comunales para el periodo 2024 - 2026 del distrito de Jesus Maria,https://epdoc2.elperuano.pe/EpPo/DescargaINDA.asp?Referencias=NDNVTlVOVU5VTllCWUI5V1RNTEhZQkxIOVdfX1lYWUJXVjlXUzhTOExI,20241031
20241005,2331449-1,MUNICIPALIDAD DE VILLA EL SALVADOR,ORDENANZA,No 511-MVES,Modifican la Ordenanza No 492-MVES que aprueba el Reglamento del servicio de transporte publico de pasajeros y/o carga en vehiculos menores motorizados y no motorizados en el distrito de Villa El Salvador,https://epdoc2.elperuano.pe/EpPo/DescargaINDA.asp?Referencias=NDNVTlVOVU5VTllCWUI5V1RNTEhZQkxIOVdfX1lYVE1UTTlXUzhTOExI,20241031
20241005,2331177-1,MUNICIPALIDAD DE PACHACAMAC,DECRETO DE ALCALDIA,No 13-2024-MDP/A,Crean los PREMIOS PACHACaMAC y aprueban lineamientos para su otorgamiento,https://epdoc2.elperuano.pe/EpPo/DescargaINDA.asp?Referencias=NDNVTlVOVU5VTllCWUI5V1RNTEhZQkxIOVdfX1dWV1Y5VzlXUzhTOExI,20241031
20241005,2331261-1,MUNICIPALIDAD DE PACHACAMAC,ORDENANZA,No 345-2024-MDP/C,Ordenanza Municipal que establece un procedimiento especial de otorgamiento de constancia de posesion y plano visado a las agrupaciones de vivienda que formen parte de programas y/o proyectos de factibilidad de servicios de agua en el distrito de Pachacamac,https://epdoc2.elperuano.pe/EpPo/DescargaINDA.asp?Referencias=NDNVTlVOVU5VTllCWUI5V1RNTEhZQkxIOVdfXzlXVkJMSDlXUzhTOExI,20241031
20241005,2331876-1,MUNICIPALIDAD PROVINCIAL DEL CALLAO,DECRETO DE ALCALDIA,No 017-2024-ALC/MPC,Aprueban la Directiva para la Determinacion de los Costos de los Servicios Publicos aprobados en las Ordenanzas Tributarias Distritales en la Provincia Constitucional del Callao,https://epdoc2.elperuano.pe/EpPo/DescargaINDA.asp?Referencias=NDNVTlVOVU5VTllCWUI5V1RNTEhZQkxIOVdfX1ZCV1ZYQzlXUzhTOExI,20241031
20241005,2325892-1,MUNICIPALIDAD PROVINCIAL DANIEL ALCIDES CARRION,ACUERDO,No 000127-2024-MPDAC/A,Autorizan viaje de alcalde y regidor a Panama en comision de servicios,https://epdoc2.elperuano.pe/EpPo/DescargaINDA.asp?Referencias=NDNVTlVOVU5VTllCWUI5V1RNTEhZQkxIOVdfX0xIWVhYQ1VOTEhTOExI,20241031
20241004,2331687-1,PRESIDENCIA DEL CONSEJO DE MINISTROS,DECRETO SUPREMO,No 105-2024-PCM,Decreto Supremo que modifica el articulo 1 del Decreto Supremo No 040-2016-PCM que reordena ambitos de intervencion directa y de influencia del Valle de los Rios Apurimac Ene y Mantaro - VRAEM,https://epdoc2.elperuano.pe/EpPo/DescargaINDA.asp?Referencias=NDNUTVRNVE1UTVlCWUI5V1RNTEhZQkxIOVdfX1dWWENWQjlXUzhTOExI,20241031
20241004,2331354-1,PRESIDENCIA DEL CONSEJO DE MINISTROS,RESOLUCION MINISTERIAL,No 268-2024-PCM,Designan representante titular del Instituto Nacional de Defensa de la Competencia y de la Proteccion de la Propiedad Intelectual - INDECOPI ante el Consejo Nacional de Proteccion del Consumidor,https://epdoc2.elperuano.pe/EpPo/DescargaINDA.asp?Referencias=NDNUTVRNVE1UTVlCWUI5V1RNTEhZQkxIOVdfX1RNVU5TODlXUzhTOExI,20241031
20241004,2331356-1,PRESIDENCIA DEL CONSEJO DE MINISTROS,RESOLUCION MINISTERIAL,No 269-2024-PCM,Disponen la publicacion del proyecto de Lineamiento para el diseno y desarrollo de servicios o plataformas digitales accesibles para personas con discapacidad en las entidades de la Administracion Publica y de la Resolucion Secretarial que lo aprueba,https://epdoc2.elperuano.pe/EpPo/DescargaINDA.asp?Referencias=NDNUTVRNVE1UTVlCWUI5V1RNTEhZQkxIOVdfX1ZCVU5TODlXUzhTOExI,20241031
20241004,2331687-2,PRESIDENCIA DEL CONSEJO DE MINISTROS,RESOLUCION SUPREMA,No 207-2024-PCM,Autorizan viaje del Ministro de Trabajo y Promocion del Empleo a Colombia y encargan su Despacho al Ministro de Justicia y Derechos Humanos,https://epdoc2.elperuano.pe/EpPo/DescargaINDA.asp?Referencias=NDNUTVRNVE1UTVlCWUI5V1RNTEhZQkxITEhfX1dWWENWQjlXUzhTOExI,20241031
20241004,2331687-3,PRESIDENCIA DEL CONSEJO DE MINISTROS,RESOLUCION SUPREMA,No 208-2024-PCM,Formalizan renovacion de designacion de Vocales del Tribunal del Servicio Civil formalizan vacancia del cargo y dan por concluidas designaciones,https://epdoc2.elperuano.pe/EpPo/DescargaINDA.asp?Referencias=NDNUTVRNVE1UTVlCWUI5V1RNTEhZQkxIUzhfX1dWWENWQjlXUzhTOExI,20241031
20241004,2331693-2,PRESIDENCIA DEL CONSEJO DE MINISTROS,RESOLUCION SUPREMA,No 209-2024-PCM,Autorizan viaje del Ministro de Justicia y Derechos Humanos a Canada y encargan su Despacho al Ministro de Desarrollo e Inclusion Social,https://epdoc2.elperuano.pe/EpPo/DescargaINDA.asp?Referencias=NDNUTVRNVE1UTVlCWUI5V1RNTEhZQkxITEhfX1M4WVhWQjlXUzhTOExI,20241031
20241004,2331263-1,AMBIENTE,RESOLUCION MINISTERIAL,No 00314-2024-MINAM,Disponen la publicacion en la sede digital del Ministerio del proyecto de Guia Tecnica sobre Estructuras de Costos Asociados a la Operacion y Mantenimiento del Servicio de la Limpieza Publica,https://epdoc2.elperuano.pe/EpPo/DescargaINDA.asp?Referencias=NDNUTVRNVE1UTVlCWUI5V1RNTEhZQkxIOVdfX1M4VkJMSDlXUzhTOExI,20241031
20241004,2331687-11,AMBIENTE,RESOLUCION SUPREMA,No 014-2024-MINAM,Designan miembros del Consejo Directivo del PROFONANPE,https://epdoc2.elperuano.pe/EpPo/DescargaINDA.asp?Referencias=NjNUTVRNVE1ZQllCOVdUTUxIWUJMSDlXOVdfX1dWWENWQjlXUzhTOExI,20241031
20241004,2331687-12,AMBIENTE,RESOLUCION SUPREMA,No 015-2024-MINAM,Aceptan renuncia de miembro del Consejo Directivo del Organismo de Evaluacion y Fiscalizacion Ambiental (OEFA),https://epdoc2.elperuano.pe/EpPo/DescargaINDA.asp?Referencias=NjNUTVRNVE1ZQllCOVdUTUxIWUJMSExIOVdfX1dWWENWQjlXUzhTOExI,20241031
20241004,2331397-1,COMERCIO EXTERIOR Y TURISMO,RESOLUCION MINISTERIAL,No 285-2024-MINCETUR,Designan Directora de la Oficina de Abastecimiento y Servicios Auxiliares de la Oficina General de Administracion,https://epdoc2.elperuano.pe/EpPo/DescargaINDA.asp?Referencias=NDNUTVRNVE1UTVlCWUI5V1RNTEhZQkxIOVdfX1dWWVhTODlXUzhTOExI,20241031
20241004,2331408-1,COMERCIO EXTERIOR Y TURISMO,RESOLUCION MINISTERIAL,No 286-2024-MINCETUR,Autorizan viaje de representantes de PROMPERu a Panama en comision de servicios,https://epdoc2.elperuano.pe/EpPo/DescargaINDA.asp?Referencias=NDNUTVRNVE1UTVlCWUI5V1RNTEhZQkxIOVdfX1hDWUJUTTlXUzhTOExI,20241031
20241004,2331676-1,COMERCIO EXTERIOR Y TURISMO,RESOLUCION MINISTERIAL,No 287-2024-MINCETUR,Aprueban como empresa calificada para acceder al Regimen Especial de Recuperacion Anticipada del Impuesto General a las Ventas a la empresa SILVERA INN S.A.C. por el desarrollo del proyecto denominado Hotel La Reserva,https://epdoc2.elperuano.pe/EpPo/DescargaINDA.asp?Referencias=NDNUTVRNVE1UTVlCWUI5V1RNTEhZQkxIOVdfX1ZCV1ZWQjlXUzhTOExI,20241031
20241004,2331845-1,COMERCIO EXTERIOR Y TURISMO,RESOLUCION MINISTERIAL,No 289-2024-MINCETUR,Autorizan viaje de representantes del Ministerio a la Republica de Indonesia en comision de servicios,https://epdoc2.elperuano.pe/EpPo/DescargaINDA.asp?Referencias=NDNUTVRNVE1UTVlCWUI5V1RNTEhZQkxIOVdfX1VOVE1YQzlXUzhTOExI,20241031
20241004,2331693-4,CULTURA,RESOLUCION SUPREMA,No 013-204-MC,Designan Jefe Institucional del Archivo General de la Nacion,https://epdoc2.elperuano.pe/EpPo/DescargaINDA.asp?Referencias=NDNUTVRNVE1UTVlCWUI5V1RNTEhZQkxIVE1fX1M4WVhWQjlXUzhTOExI,20241031
20241004,2331295-1,DEFENSA,RESOLUCION JEFATURAL,No 095-2024-CENEPRED/J,Designan Director de la Direccion de Gestion de Procesos del Centro Nacional de Estimacion Prevencion y Reduccion del Riesgo de Desastres,https://epdoc2.elperuano.pe/EpPo/DescargaINDA.asp?Referencias=NDNUTVRNVE1UTVlCWUI5V1RNTEhZQkxIOVdfX1VOWVhMSDlXUzhTOExI,20241031
20241004,2331304-1,DEFENSA,RESOLUCION JEFATURAL,No 096-2024-CENEPRED/J,Designan Director de la Direccion de Monitoreo Seguimiento y Evaluacion del Centro Nacional de Estimacion Prevencion y Reduccion del Riesgo de Desastres,https://epdoc2.elperuano.pe/EpPo/DescargaINDA.asp?Referencias=NDNUTVRNVE1UTVlCWUI5V1RNTEhZQkxIOVdfX1RNWUJTODlXUzhTOExI,20241031
20241004,2331206-1,DEFENSA,RESOLUCION MINISTERIAL,No 01077-2024-DE,Autorizan viaje de oficial de la Marina de Guerra del Peru a Chile en mision de estudios,https://epdoc2.elperuano.pe/EpPo/DescargaINDA.asp?Referencias=NDNUTVRNVE1UTVlCWUI5V1RNTEhZQkxIOVdfX1ZCWUJMSDlXUzhTOExI,20241031
20241004,2331376-1,DESARROLLO AGRARIO Y RIEGO,RESOLUCION MINISTERIAL,No 0338-2024-MIDAGRI,Designan representante del Ministerio de Desarrollo Agrario y Riego ante el Consejo Directivo del Proyecto Especial Pasto Grande,https://epdoc2.elperuano.pe/EpPo/DescargaINDA.asp?Referencias=NDNUTVRNVE1UTVlCWUI5V1RNTEhZQkxIOVdfX1ZCV1ZTODlXUzhTOExI,20241031
20241004,2331720-1,DESARROLLO E INCLUSIoN SOCIAL,RESOLUCION,No D000585-2024-MIDIS/PNAEQW-DE,Designan Coordinador de la Coordinacion de Supervision y Monitoreo de la Unidad de Supervision Monitoreo y Evaluacion del Programa Nacional de Alimentacion Escolar Qali Warma,https://epdoc2.elperuano.pe/EpPo/DescargaINDA.asp?Referencias=NDNUTVRNVE1UTVlCWUI5V1RNTEhZQkxIOVdfX1lCTEhXVjlXUzhTOExI,20241031
20241004,2331693-3,ECONOMIA Y FINANZAS,RESOLUCION SUPREMA,No 030-2024-EF,Aceptan renuncia de miembro del Consejo Fiscal,https://epdoc2.elperuano.pe/EpPo/DescargaINDA.asp?Referencias=NDNUTVRNVE1UTVlCWUI5V1RNTEhZQkxIUzhfX1M4WVhWQjlXUzhTOExI,20241031
20241004,2332058-1,EDUCACION,RESOLUCION VICE MINISTERIAL,No 108-2024-MINEDU,Reconforman la Comision Organizadora de la Universidad Nacional Autonoma de Alto Amazonas,https://epdoc2.elperuano.pe/EpPo/DescargaINDA.asp?Referencias=NDNUTVRNVE1UTVlCWUI5V1RNTEhZQkxIOVdfX1hDVU5ZQkxIUzhTOExI,20241031
20241004,2331290-1,ENERGIA Y MINAS,RESOLUCION MINISTERIAL,No 378-2024-MINEM/DM,Disponen la publicacion del proyecto de Decreto Supremo que modifica el Reglamento de Distribucion de Gas Natural por Red de Ductos aprobado por Decreto Supremo No 042-99-EM y el Reglamento de Seguridad para las Actividades de Hidrocarburos aprobado por Decreto Supremo No 043-2007-EM y de la Exposicion de Motivos que lo sustenta,https://epdoc2.elperuano.pe/EpPo/DescargaINDA.asp?Referencias=NDNUTVRNVE1UTVlCWUI5V1RNTEhZQkxIOVdfX1lCWVhMSDlXUzhTOExI,20241031
20241004,2331818-1,INTERIOR,RESOLUCION MINISTERIAL,No 1225-2024-IN,Autorizan viaje de personal policial a la Republica Argentina en comision de servicios,https://epdoc2.elperuano.pe/EpPo/DescargaINDA.asp?Referencias=NDNUTVRNVE1UTVlCWUI5V1RNTEhZQkxIOVdfX1hDOVdYQzlXUzhTOExI,20241031
20241004,2331415-1,JUSTICIA Y DERECHOS HUMANOS,RESOLUCION MINISTERIAL,No 0255-2024-JUS,Disponen la publicacion del proyecto de Politica Nacional Multisectorial de Derechos Humanos al 2040 el Decreto Supremo que la aprobaria y la Exposicion de Motivos que la sustenta,https://epdoc2.elperuano.pe/EpPo/DescargaINDA.asp?Referencias=NDNUTVRNVE1UTVlCWUI5V1RNTEhZQkxIOVdfX1VOOVdUTTlXUzhTOExI,20241031
20241004,2331501-1,JUSTICIA Y DERECHOS HUMANOS,RESOLUCION MINISTERIAL,No 0259-2024-JUS,Aprueban el Programa SECIGRA DERECHO 2025,https://epdoc2.elperuano.pe/EpPo/DescargaINDA.asp?Referencias=NDNUTVRNVE1UTVlCWUI5V1RNTEhZQkxIOVdfXzlXWUJVTjlXUzhTOExI,20241031
20241004,2331687-7,JUSTICIA Y DERECHOS HUMANOS,RESOLUCION SUPREMA,No 305-2024-JUS,Reconocen para todos los efectos civiles a Obispo de la Diocesis de Huaraz,https://epdoc2.elperuano.pe/EpPo/DescargaINDA.asp?Referencias=NDNUTVRNVE1UTVlCWUI5V1RNTEhZQkxIV1ZfX1dWWENWQjlXUzhTOExI,20241031
20241004,2331687-8,JUSTICIA Y DERECHOS HUMANOS,RESOLUCION SUPREMA,No 306-2024-JUS,Aceptan renuncia de miembro del Consejo Directivo de la Procuraduria General del Estado en su calidad de representante de la Contraloria General de la Republica,https://epdoc2.elperuano.pe/EpPo/DescargaINDA.asp?Referencias=NDNUTVRNVE1UTVlCWUI5V1RNTEhZQkxIWENfX1dWWENWQjlXUzhTOExI,20241031
20241004,2331687-9,JUSTICIA Y DERECHOS HUMANOS,RESOLUCION SUPREMA,No 307-2024-JUS,Designan miembro del Consejo Directivo de la Procuraduria General del Estado en su calidad de representante de la Contraloria General de la Republica,https://epdoc2.elperuano.pe/EpPo/DescargaINDA.asp?Referencias=NDNUTVRNVE1UTVlCWUI5V1RNTEhZQkxIWVhfX1dWWENWQjlXUzhTOExI,20241031
20241004,2331648-1,MUJER Y POBLACIONES VULNERABLES,RESOLUCION,No 086-2024-MIMP/SG,Aprueban la modificacion del Manual de Clasificador de Cargos de la Unidad Ejecutora 001: Administracion Nivel Central del Ministerio de la Mujer y Poblaciones Vulnerables,https://epdoc2.elperuano.pe/EpPo/DescargaINDA.asp?Referencias=NDNUTVRNVE1UTVlCWUI5V1RNTEhZQkxIOVdfX1hDVE1WQjlXUzhTOExI,20241031
20241004,2331273-1,MUJER Y POBLACIONES VULNERABLES,RESOLUCION MINISTERIAL,No 314-2024-MIMP,Aprueban el Listado de las Inversiones Estrategicas Sectoriales del Plan Estrategico Sectorial Multianual (PESEM) 2024 - 2030 del Sector Mujer y Poblaciones Vulnerables,https://epdoc2.elperuano.pe/EpPo/DescargaINDA.asp?Referencias=NDNUTVRNVE1UTVlCWUI5V1RNTEhZQkxIOVdfX1M4V1ZMSDlXUzhTOExI,20241031
20241004,2331687-10,PRODUCE,RESOLUCION SUPREMA,No 008-2024-PRODUCE,Designan miembros del Consejo Directivo del Instituto Tecnologico de la Produccion - ITP en representacion del Ministerio de la Produccion,https://epdoc2.elperuano.pe/EpPo/DescargaINDA.asp?Referencias=NjNUTVRNVE1ZQllCOVdUTUxIWUJMSFlCOVdfX1dWWENWQjlXUzhTOExI,20241031
20241004,2331014-1,RELACIONES EXTERIORES,RESOLUCION MINISTERIAL,No 0745-2024-RE,Nombran integrante de la Junta de Vigilancia de los Traductores Publicos Juramentados a representante de la Universidad Peruanas de Ciencias Aplicadas,https://epdoc2.elperuano.pe/EpPo/DescargaINDA.asp?Referencias=NDNUTVRNVE1UTVlCWUI5V1RNTEhZQkxIOVdfX1RNOVdZQjlXUzhTOExI,20241031
20241004,2331503-1,RELACIONES EXTERIORES,RESOLUCION MINISTERIAL,No 0751-2024-RE,Autorizan viaje de funcionaria diplomatica a la Republica de Corea en comision de servicios,https://epdoc2.elperuano.pe/EpPo/DescargaINDA.asp?Referencias=NDNUTVRNVE1UTVlCWUI5V1RNTEhZQkxIOVdfX1M4WUJVTjlXUzhTOExI,20241031
20241004,2331690-1,RELACIONES EXTERIORES,RESOLUCION MINISTERIAL,No 0752-2024-RE,Designan Jefa de Oficina de la Oficina de Logistica de la Oficina General de Administracion,https://epdoc2.elperuano.pe/EpPo/DescargaINDA.asp?Referencias=NDNUTVRNVE1UTVlCWUI5V1RNTEhZQkxIOVdfX1lCWVhWQjlXUzhTOExI,20241031
20241004,2331690-2,RELACIONES EXTERIORES,RESOLUCION MINISTERIAL,No 0753-2024-RE,Designan Jefa de Unidad de la Unidad de Programacion de la Oficina de Logistica de la Oficina General de Administracion,https://epdoc2.elperuano.pe/EpPo/DescargaINDA.asp?Referencias=NDNUTVRNVE1UTVlCWUI5V1RNTEhZQkxITEhfX1lCWVhWQjlXUzhTOExI,20241031
20241004,2331690-3,RELACIONES EXTERIORES,RESOLUCION MINISTERIAL,No 0754-2024-RE,Designan Jefa de Unidad de la Unidad de Adquisiciones de la Oficina de Logistica de la Oficina General de Administracion,https://epdoc2.elperuano.pe/EpPo/DescargaINDA.asp?Referencias=NDNUTVRNVE1UTVlCWUI5V1RNTEhZQkxIUzhfX1lCWVhWQjlXUzhTOExI,20241031
20241004,2331687-4,RELACIONES EXTERIORES,RESOLUCION SUPREMA,No 177-2024-RE,Autorizan a ciudadana peruana residente en el Reino de Espana para que preste servicio en las Fuerzas Armadas Espanolas,https://epdoc2.elperuano.pe/EpPo/DescargaINDA.asp?Referencias=NDNUTVRNVE1UTVlCWUI5V1RNTEhZQkxIVE1fX1dWWENWQjlXUzhTOExI,20241031
20241004,2331687-5,RELACIONES EXTERIORES,RESOLUCION SUPREMA,No 178-2024-RE,Autorizan a ciudadano peruano residente en el Reino de Espana para que preste servicio en las Fuerzas Armadas Espanolas,https://epdoc2.elperuano.pe/EpPo/DescargaINDA.asp?Referencias=NDNUTVRNVE1UTVlCWUI5V1RNTEhZQkxIVU5fX1dWWENWQjlXUzhTOExI,20241031
20241004,2331687-6,RELACIONES EXTERIORES,RESOLUCION SUPREMA,No 179-2024-RE,Autorizan a ciudadano peruano residente en el Reino de Espana para que preste servicio en las Fuerzas Armadas Espanolas,https://epdoc2.elperuano.pe/EpPo/DescargaINDA.asp?Referencias=NDNUTVRNVE1UTVlCWUI5V1RNTEhZQkxIVkJfX1dWWENWQjlXUzhTOExI,20241031
20241004,2331607-1,SALUD,RESOLUCION,No D000267-2024-SG-MINSA,Aprueban el Cuadro para Asignacion de Personal Provisional (CAP-P) del Hospital de Emergencias Jose Casimiro Ulloa,https://epdoc2.elperuano.pe/EpPo/DescargaINDA.asp?Referencias=NDNUTVRNVE1UTVlCWUI5V1RNTEhZQkxIOVdfX1dWWUJWQjlXUzhTOExI,20241031
20241004,2331689-1,SALUD,RESOLUCION MINISTERIAL,No 673-2024/MINSA,Designan Directora General de la Direccion de Redes Integradas de Salud Lima Norte,https://epdoc2.elperuano.pe/EpPo/DescargaINDA.asp?Referencias=NDNUTVRNVE1UTVlCWUI5V1RNTEhZQkxIOVdfX1lYWENWQjlXUzhTOExI,20241031
20241004,2331956-1,SALUD,RESOLUCION VICE MINISTERIAL,No D000118-2024-DVMPAS-MINSA,Designan Director Adjunto de la Direccion del Hospital de Huaycan,https://epdoc2.elperuano.pe/EpPo/DescargaINDA.asp?Referencias=NDNUTVRNVE1UTVlCWUI5V1RNTEhZQkxIOVdfX1ZCVU5ZWDlXUzhTOExI,20241031
20241004,2332082-1,SALUD,RESOLUCION VICE MINISTERIAL,No D000119-2024-DVMPAS-MINSA,Designan Director Adjunto de la Direccion del Hospital Vitarte del Ministerio de Salud,https://epdoc2.elperuano.pe/EpPo/DescargaINDA.asp?Referencias=NDNUTVRNVE1UTVlCWUI5V1RNTEhZQkxIOVdfX0xIWENZQkxIUzhTOExI,20241031
20241004,2331569-1,TRABAJO Y PROMOCION DEL EMPLEO,RESOLUCION MINISTERIAL,No 157-2024-TR,Designan Coordinadora II de la Oficina de Comunicacion e Imagen Institucional del Ministerio,https://epdoc2.elperuano.pe/EpPo/DescargaINDA.asp?Referencias=NDNUTVRNVE1UTVlCWUI5V1RNTEhZQkxIOVdfX1lYVkJVTjlXUzhTOExI,20241031
20241004,2331646-1,TRANSPORTES Y COMUNICACIONES,RESOLUCION,No 105-2024-MTC/04,Aprueban la modificacion del Plan de Estrategia Publicitaria (PEP) 2024 del Ministerio de Transportes y Comunicaciones,https://epdoc2.elperuano.pe/EpPo/DescargaINDA.asp?Referencias=NDNUTVRNVE1UTVlCWUI5V1RNTEhZQkxIOVdfX1ZCVE1WQjlXUzhTOExI,20241031
20241004,2331542-1,VIVIENDA  CONSTRUCCIoN Y SANEAMIENTO,RESOLUCION MINISTERIAL,No 376-2024-VIVIENDA,Aprueban Segunda convocatoria del Programa Techo Propio para el ano 2024 para el otorgamiento del Bono Familiar Habitacional en la modalidad de Construccion de Viviendas en Sitio Propio,https://epdoc2.elperuano.pe/EpPo/DescargaINDA.asp?Referencias=NDNUTVRNVE1UTVlCWUI5V1RNTEhZQkxIOVdfX0xIVE1VTjlXUzhTOExI,20241031
20241004,2331686-1,VIVIENDA  CONSTRUCCIoN Y SANEAMIENTO,RESOLUCION MINISTERIAL,No 378-2024-VIVIENDA,Designan Asesora I de la Secretaria General del Ministerio,https://epdoc2.elperuano.pe/EpPo/DescargaINDA.asp?Referencias=NDNUTVRNVE1UTVlCWUI5V1RNTEhZQkxIOVdfX1ZCWENWQjlXUzhTOExI,20241031
20241004,2331694-1,DESPACHO PRESIDENCIAL,RESOLUCION,No 000047-2024-DP/SG,Designan Jefa de la Oficina General de Administracion del Despacho Presidencial,https://epdoc2.elperuano.pe/EpPo/DescargaINDA.asp?Referencias=NDNUTVRNVE1UTVlCWUI5V1RNTEhZQkxIOVdfX1RNWVhWQjlXUzhTOExI,20241031
20241004,2331550-1,SEGURO INTEGRAL DE SALUD,RESOLUCION JEFATURAL,No 000141-2024-SIS/J,Designan Gerente Macro Regional de la Gerencia Macro Regional Centro del Seguro Integral de Salud,https://epdoc2.elperuano.pe/EpPo/DescargaINDA.asp?Referencias=NDNUTVRNVE1UTVlCWUI5V1RNTEhZQkxIOVdfX1lCVU5VTjlXUzhTOExI,20241031
20241004,2332127-1,ORGANISMO SUPERVISOR DE LA INVERSIoN EN ENERGiA Y MINERiA,RESOLUCION,No 174-2024-OS/CD,Disponen medida transitoria de excepcion de la obligacion de inscripcion en el Registro de Hidrocarburos como Comercializador de Combustibles de Aviacion a favor de Icaro Diecisiete S.A.S. SUCURSAL DEL PERu,https://epdoc2.elperuano.pe/EpPo/DescargaINDA.asp?Referencias=NDNUTVRNVE1UTVlCWUI5V1RNTEhZQkxIOVdfX1dWTEg5V0xIUzhTOExI,20241031
20241004,2331535-1,INSTITUTO NACIONAL DE DEFENSA DE LA COMPETENCIA Y DE LA PROTECCION DE LA PROPIEDAD INTELECTUAL,RESOLUCION,No 0564-2024/SEL-INDECOPI,Declaran barrera burocratica ilegal lo dispuesto en el Articulo Segundo de la Ordenanza 242-2013-MDPH en concordancia con el articulo 1 de la misma norma modificada por el articulo primero de la Ordenanza 474-MDPH de la Municipalidad Distrital de Punta Hermosa,https://epdoc2.elperuano.pe/EpPo/DescargaINDA.asp?Referencias=NDNUTVRNVE1UTVlCWUI5V1RNTEhZQkxIOVdfX1VOUzhVTjlXUzhTOExI,20241031
20241004,2331541-1,INSTITUTO NACIONAL DE DEFENSA DE LA COMPETENCIA Y DE LA PROTECCION DE LA PROPIEDAD INTELECTUAL,RESOLUCION,No 0585-2024/SEL-INDECOPI,Declaran barrera burocratica ilegal el numeral 3.3 del articulo 3 de la Ordenanza 618/MM de la Municipalidad Distrital de Miraflores que establece regula y promueve condiciones para edificaciones sostenibles en el distrito de Miraflores,https://epdoc2.elperuano.pe/EpPo/DescargaINDA.asp?Referencias=NDNUTVRNVE1UTVlCWUI5V1RNTEhZQkxIOVdfXzlXVE1VTjlXUzhTOExI,20241031
20241004,2331544-1,INSTITUTO NACIONAL DE DEFENSA DE LA COMPETENCIA Y DE LA PROTECCION DE LA PROPIEDAD INTELECTUAL,RESOLUCION,No 0006-2024/CEB-INDECOPI-ICA,Declaran barrera burocratica ilegal el Procedimiento No DRAA - 82 del Texto unico de Procedimientos Administrativos (TUPA) del Gobierno Regional de Ayacucho,https://epdoc2.elperuano.pe/EpPo/DescargaINDA.asp?Referencias=NDNUTVRNVE1UTVlCWUI5V1RNTEhZQkxIOVdfX1RNVE1VTjlXUzhTOExI,20241031
20241004,2331691-1,PROCURADURiA GENERAL DEL ESTADO,RESOLUCION,No D000667-2024-JUS/PGE-PG,Designan Gerenta General de la Procuraduria General del Estado quien a su vez asume las funciones de Secretaria General del Consejo Directivo,https://epdoc2.elperuano.pe/EpPo/DescargaINDA.asp?Referencias=NDNUTVRNVE1UTVlCWUI5V1RNTEhZQkxIOVdfXzlXWVhWQjlXUzhTOExI,20241031
20241004,2331692-1,PROCURADURiA GENERAL DEL ESTADO,RESOLUCION,No D000665-2024-JUS/PGE-PG,Designan Asesora II de la Presidencia Ejecutiva de la Procuraduria General del Estado,https://epdoc2.elperuano.pe/EpPo/DescargaINDA.asp?Referencias=NDNUTVRNVE1UTVlCWUI5V1RNTEhZQkxIOVdfX0xIWVhWQjlXUzhTOExI,20241031
20241004,2331254-1,INSTITUCIONES EDUCATIVAS,RESOLUCION,No 0524-CU-2024,Autorizan viaje de docente de la Universidad Nacional de Piura para realizar pasantia de investigacion en Espana,https://epdoc2.elperuano.pe/EpPo/DescargaINDA.asp?Referencias=NDNUTVRNVE1UTVlCWUI5V1RNTEhZQkxIOVdfX1RNVU5MSDlXUzhTOExI,20241031
20241004,2331409-1,JURADO NACIONAL DE ELECCIONES,RESOLUCION,No 0286-2024-JNE,Convocan a ciudadano para que asuma el cargo de regidor del Concejo Distrital de Huallanca provincia de Bolognesi departamento de ancash,https://epdoc2.elperuano.pe/EpPo/DescargaINDA.asp?Referencias=NDNUTVRNVE1UTVlCWUI5V1RNTEhZQkxIOVdfX1lYWUJUTTlXUzhTOExI,20241031
20241004,2329976-1,SUPERINTENDENCIA DE BANCA  SEGUROS Y ADMINISTRADORAS PRIVADAS DE FONDOS DE PENSIONES,RESOLUCION,SBS No 03451-2024,Autorizan viaje de funcionarios para participar en evento que se realizara en Colombia,https://epdoc2.elperuano.pe/EpPo/DescargaINDA.asp?Referencias=NDNUTVRNVE1UTVlCWUI5V1RNTEhZQkxIOVdfX1ZCV1ZZWFlYTEhTOExI,20241031
20241004,2331239-1,SUPERINTENDENCIA DE BANCA  SEGUROS Y ADMINISTRADORAS PRIVADAS DE FONDOS DE PENSIONES,RESOLUCION,SBS No 03513-2024,Declaran la disolucion de la Cooperativa de Ahorro y Credito Financiamiento Popular y su exclusion del Registro Nacional de Cooperativas de Ahorro y Credito No Autorizadas a Captar Recursos del Publico,https://epdoc2.elperuano.pe/EpPo/DescargaINDA.asp?Referencias=NDNUTVRNVE1UTVlCWUI5V1RNTEhZQkxIOVdfX1lYUzhMSDlXUzhTOExI,20241031
20241004,2331297-1,TRIBUNAL CONSTITUCIONAL,RESOLUCION ADMINISTRATIVA,No 155-2024-P/TC,Conceden licencia con goce de remuneraciones a magistrado para asistir a actividades a realizarse en el Brasil,https://epdoc2.elperuano.pe/EpPo/DescargaINDA.asp?Referencias=NDNUTVRNVE1UTVlCWUI5V1RNTEhZQkxIOVdfX1dWWVhMSDlXUzhTOExI,20241031
20241004,2329951-1,GOBIERNO REGIONAL DE AREQUIPA,ORDENANZA,No 524-AREQUIPA,Ordenanza Regional que precisa la aplicacion de la Ley No 30884 Ley que regula el plastico de un solo uso y los recipientes o envases descartables en el Gobierno Regional de Arequipa y todas sus unidades ejecutoras,https://epdoc2.elperuano.pe/EpPo/DescargaINDA.asp?Referencias=NDNUTVRNVE1UTVlCWUI5V1RNTEhZQkxIOVdfXzlXVU5ZWFlYTEhTOExI,20241031
20241004,2330841-1,GOBIERNO REGIONAL DEL CALLAO,ACUERDO,No 120,Autorizan licencia a Consejeros Regionales para asistir a capacitacion y pasantia internacional que se realizara en la Republica de El Salvador,https://epdoc2.elperuano.pe/EpPo/DescargaINDA.asp?Referencias=NDNUTVRNVE1UTVlCWUI5V1RNTEhZQkxIOVdfXzlXVE1YQ1lCUzhTOExI,20241031
20241004,2327177-1,GOBIERNO REGIONAL DEL CUSCO,ORDENANZA,No 253-2024-CR/GRC,Modifican la Ordenanza Regional No 117-2016-CR/GRC CUSCO que aprueba el Texto unico de Procedimientos Administrativos - TUPA del Gobierno Regional de Cusco,https://epdoc2.elperuano.pe/EpPo/DescargaINDA.asp?Referencias=NDNUTVRNVE1UTVlCWUI5V1RNTEhZQkxIOVdfX1dWV1Y5V1dWTEhTOExI,20241031
20241004,2271935-1,GOBIERNO REGIONAL DE PUNO,ORDENANZA,No 033-2023-GRP-CRP,Crean la Mesa Tecnica Regional Interinstitucional para el Desarrollo de las Personas con Discapacidad - METREDPEDIS,https://epdoc2.elperuano.pe/EpPo/DescargaINDA.asp?Referencias=NDNUTVRNVE1UTVlCWUI5V1RNTEhZQkxIOVdfX1VOUzhZWDlXV1ZMSExI,20241031
20241004,2299687-1,MUNICIPALIDAD DEL RIMAC,Ordenanzas,No 643-MDR,Ordenanza que regula los procedimientos administrativos de licencia de funcionamiento y autorizaciones conexas para el desarrollo de actividades economicas en el distrito del Rimac,https://epdoc2.elperuano.pe/EpPo/DescargaINDA.asp?Referencias=NDNUTVRNVE1UTVlCWUI5V1RNTEhZQkxIOVdfX1dWWENWQllYWVhMSExI,20241031
20241004,2331608-1,MUNICIPALIDAD DEL RIMAC,Ordenanzas,No 650-MDR,Ordenanza que aprueba el costo social de derecho de Matrimonio Policial Civil Masivo a llevarse a cabo por la Municipalidad Distrital del Rimac,https://epdoc2.elperuano.pe/EpPo/DescargaINDA.asp?Referencias=NDNUTVRNVE1UTVlCWUI5V1RNTEhZQkxIOVdfX1hDWUJWQjlXUzhTOExI,20241031
20241004,2329463-1,MUNICIPALIDAD DE SAN MIGUEL,ACUERDO,No 082-2024/MDSM,Aprueban viaje de alcalde y regidoras a Espana para participar en en la Mision Tecnica Internacional: La Gestion Integral de Politicas Publicas,https://epdoc2.elperuano.pe/EpPo/DescargaINDA.asp?Referencias=NDNUTVRNVE1UTVlCWUI5V1RNTEhZQkxIOVdfX1M4VkJUTVlYTEhTOExI,20241031
20241004,2330144-1,MUNICIPALIDAD DE SANTA ROSA,ORDENANZA,No 571/MDSR,Ordenanza que previene prohibe y sanciona el acoso sexual en espacios publicos ejercido en contra de las personas que se encuentren o transiten en el distrito de Santa Rosa,https://epdoc2.elperuano.pe/EpPo/DescargaINDA.asp?Referencias=NDNUTVRNVE1UTVlCWUI5V1RNTEhZQkxIOVdfX1RNVE05V1lCUzhTOExI,20241031
20241004,2330140-1,MUNICIPALIDAD DE SANTA ROSA,RESOLUCION DE ALCALDIA,No 149-2024-MDSR,Designan funcionaria responsable de brindar informacion que se solicite conforme a las disposiciones del Texto unico Ordenado de la Ley de Transparencia y Acceso a la Informacion Publica,https://epdoc2.elperuano.pe/EpPo/DescargaINDA.asp?Referencias=NDNUTVRNVE1UTVlCWUI5V1RNTEhZQkxIOVdfX1lCVE05V1lCUzhTOExI,20241031
20241004,2331441-1,MUNICIPALIDAD DE VILLA EL SALVADOR,ORDENANZA,No 510-MVES,Ordenanza Juntos por mas Obras que establece beneficios tributarios y no tributarios a favor de los contribuyentes y/o administrados del distrito de Villa El Salvador,https://epdoc2.elperuano.pe/EpPo/DescargaINDA.asp?Referencias=NDNUTVRNVE1UTVlCWUI5V1RNTEhZQkxIOVdfXzlXVE1UTTlXUzhTOExI,20241031
20241004,2330008-1,MUNICIPALIDAD DE VILLA MARIA DEL TRIUNFO,ORDENANZA,No 373-MDVMT,Ordenanza que aprueba el Reglamento del presupuesto participativo 2025 Basado en resultados en el distrito de Villa Maria del Triunfo,https://epdoc2.elperuano.pe/EpPo/DescargaINDA.asp?Referencias=NDNUTVRNVE1UTVlCWUI5V1RNTEhZQkxIOVdfX1hDWUJZQllCUzhTOExI,20241031
20241004,2330014-1,MUNICIPALIDAD DE VILLA MARIA DEL TRIUNFO,Ordenanzas,No 374-MDVMT,Ordenanza que establece beneficios tributarios y no tributarios para el Impuesto Predial Arbitrios Municipales Multas Tributarias y Administrativas,https://epdoc2.elperuano.pe/EpPo/DescargaINDA.asp?Referencias=NDNUTVRNVE1UTVlCWUI5V1RNTEhZQkxIOVdfX1RNOVdZQllCUzhTOExI,20241031
20241004,2330864-1,MUNICIPALIDAD PROVINCIAL DEL CALLAO,ORDENANZA,No 023-2024/MPC,Ordenanza Municipal que exonera la tasa administrativa por derecho de tramite correspondiente a la expedicion de Licencia de Conducir de Vehiculo Menor de Clase B a favor de personal de la Policia Nacional del Peru,https://epdoc2.elperuano.pe/EpPo/DescargaINDA.asp?Referencias=NDNUTVRNVE1UTVlCWUI5V1RNTEhZQkxIOVdfX1RNVkJYQ1lCUzhTOExI,20241031
20241004,2326753-1,MUNICIPALIDAD PROVINCIAL DE HUAROCHIRI,ORDENANZA,No 017-2024-CM/MPH-M,Aprueban actualizacion parcial del Reglamento de Organizacion y Funciones (ROF) de la Municipalidad Provincial de Huarochiri - Matucana,https://epdoc2.elperuano.pe/EpPo/DescargaINDA.asp?Referencias=NDNUTVRNVE1UTVlCWUI5V1RNTEhZQkxIOVdfX1M4VU5XVlZCTEhTOExI,20241031
20241004,2328544-1,MUNICIPALIDAD DE LAS AMAZONAS,RESOLUCION DE ALCALDIA,No 083-2024-A-MDLA,Aprueban la ejecucion de la expropiacion de predio para el proyecto de Inversion Publica: Mejoramiento de la Prestacion de los Servicios de Salud a la poblacion de la localidad de Francisco de Orellana distrito de Las Amazonas provincia de Maynas departamento de Loreto,https://epdoc2.elperuano.pe/EpPo/DescargaINDA.asp?Referencias=NDNUTVRNVE1UTVlCWUI5V1RNTEhZQkxIOVdfX1RNVE1VTlhDTEhTOExI,20241031
20241003,2331065-1,PRESIDENCIA DEL CONSEJO DE MINISTROS,RESOLUCION,No 002-2024-PCM/SDOT,Aprueban los Lineamientos que regulan el Registro Nacional de Limites,https://epdoc2.elperuano.pe/EpPo/DescargaINDA.asp?Referencias=NDNTOFM4UzhTOFlCWUI5V1RNTEhZQkxIOVdfX1VOVkJZQjlXUzhTOExI,20241031
20241003,2331248-8,PRESIDENCIA DEL CONSEJO DE MINISTROS,RESOLUCION SUPREMA,No 206-2024-PCM,Encargan funciones de Jefa de la Autoridad Nacional de Infraestructura - ANIN,https://epdoc2.elperuano.pe/EpPo/DescargaINDA.asp?Referencias=NDNTOFM4UzhTOFlCWUI5V1RNTEhZQkxIWENfX1hDVE1MSDlXUzhTOExI,20241031
20241003,2331248-6,AMBIENTE,DECRETO SUPREMO,No 006-2024-MINAM,Decreto Supremo que aprueba los indices de Nocividad de Combustibles (INC) para el periodo 2024 - 2025,https://epdoc2.elperuano.pe/EpPo/DescargaINDA.asp?Referencias=NDNTOFM4UzhTOFlCWUI5V1RNTEhZQkxIVkJfX1hDVE1MSDlXUzhTOExI,20241031
20241003,2330861-1,AMBIENTE,RESOLUCION MINISTERIAL,No 00313-2024-MINAM,Aprueban el Listado de las Inversiones Estrategicas Sectoriales Priorizadas en el Plan Estrategico Sectorial Multianual (PESEM) 2024-2030 del Sector Ambiental,https://epdoc2.elperuano.pe/EpPo/DescargaINDA.asp?Referencias=NDNTOFM4UzhTOFlCWUI5V1RNTEhZQkxIOVdfXzlXVkJYQ1lCUzhTOExI,20241031
20241003,2331366-1,COMERCIO EXTERIOR Y TURISMO,RESOLUCION MINISTERIAL,No 283-2024-MINCETUR,Autorizan viaje de Viceministra de Turismo para participar en evento del sector aeronautico que se realizara en el Reino de Bahrein,https://epdoc2.elperuano.pe/EpPo/DescargaINDA.asp?Referencias=NDNTOFM4UzhTOFlCWUI5V1RNTEhZQkxIOVdfX1ZCVkJTODlXUzhTOExI,20241031
20241003,2331393-1,COMERCIO EXTERIOR Y TURISMO,RESOLUCION MINISTERIAL,No 284-2024-MINCETUR,Autorizan viaje de profesionales del Ministerio a Francia en comision de servicios,https://epdoc2.elperuano.pe/EpPo/DescargaINDA.asp?Referencias=NDNTOFM4UzhTOFlCWUI5V1RNTEhZQkxIOVdfX1M4WVhTODlXUzhTOExI,20241031
20241003,2331045-1,CULTURA,RESOLUCION VICE MINISTERIAL,No 000292-2024-VMPCIC/MC,Declaran Patrimonio Cultural de la Nacion los Libros de Actas (2) de la Asociacion Pro Socorro de Mortuorio de la Octava Cuadrilla de Cargadores del Senor de los Milagros de Nazarenas (1935-1972),https://epdoc2.elperuano.pe/EpPo/DescargaINDA.asp?Referencias=NDNTOFM4UzhTOFlCWUI5V1RNTEhZQkxIOVdfX1VOVE1ZQjlXUzhTOExI,20241031
20241003,2330762-1,DEFENSA,RESOLUCION MINISTERIAL,No 01076-2024-DE,Autorizan viaje de personal militar FAP a Colombia en mision de estudios,https://epdoc2.elperuano.pe/EpPo/DescargaINDA.asp?Referencias=NDNTOFM4UzhTOFlCWUI5V1RNTEhZQkxIOVdfX0xIVkJXVllCUzhTOExI,20241031
20241003,2331253-1,DEFENSA,RESOLUCION MINISTERIAL,No 1081-2024-DE,Declaran vacantes para el Ascenso del Personal Superior del Ejercito del Peru Promocion 2025,https://epdoc2.elperuano.pe/EpPo/DescargaINDA.asp?Referencias=NDNTOFM4UzhTOFlCWUI5V1RNTEhZQkxIOVdfX1M4VU5MSDlXUzhTOExI,20241031
20241003,2331253-2,DEFENSA,RESOLUCION MINISTERIAL,No 1082-2024-DE,Declaran vacantes para el ascenso del Personal de Oficiales de la Fuerza Aerea del Peru Promocion 2025,https://epdoc2.elperuano.pe/EpPo/DescargaINDA.asp?Referencias=NDNTOFM4UzhTOFlCWUI5V1RNTEhZQkxITEhfX1M4VU5MSDlXUzhTOExI,20241031
20241003,2331253-3,DEFENSA,RESOLUCION MINISTERIAL,No 1083-2024-DE,Declaran vacantes para el Ascenso del Personal Superior de la Marina de Guerra del Peru Promocion 2025,https://epdoc2.elperuano.pe/EpPo/DescargaINDA.asp?Referencias=NDNTOFM4UzhTOFlCWUI5V1RNTEhZQkxIUzhfX1M4VU5MSDlXUzhTOExI,20241031
20241003,2331260-1,DESARROLLO AGRARIO Y RIEGO,RESOLUCION DIRECTORAL,No 00106-2024-MIDAGRI-DVDAFIR-PSI,Designan Asesor de la Direccion Ejecutiva del Programa Subsectorial de Irrigaciones,https://epdoc2.elperuano.pe/EpPo/DescargaINDA.asp?Referencias=NDNTOFM4UzhTOFlCWUI5V1RNTEhZQkxIOVdfX1lCVkJMSDlXUzhTOExI,20241031
20241003,2331276-1,DESARROLLO AGRARIO Y RIEGO,RESOLUCION MINISTERIAL,No 0337-2024-MIDAGRI,Crean el Grupo de Trabajo Sectorial de naturaleza temporal denominado Mesa Tecnica de Trabajo para el impulso del desarrollo productivo de la provincia y distritos que conforman la Mancomunidad Municipal AMUVRAE,https://epdoc2.elperuano.pe/EpPo/DescargaINDA.asp?Referencias=NDNTOFM4UzhTOFlCWUI5V1RNTEhZQkxIOVdfX1ZCV1ZMSDlXUzhTOExI,20241031
20241003,2331248-1,ECONOMIA Y FINANZAS,DECRETO SUPREMO,No 182-2024-EF,Decreto Supremo que Autoriza Transferencia de Partidas en el Presupuesto del Sector Publico para el Ano Fiscal 2024 a favor de la Superintendencia Nacional de Bienes Estatales,https://epdoc2.elperuano.pe/EpPo/DescargaINDA.asp?Referencias=NDNTOFM4UzhTOFlCWUI5V1RNTEhZQkxIOVdfX1hDVE1MSDlXUzhTOExI,20241031
20241003,2331248-2,ECONOMIA Y FINANZAS,DECRETO SUPREMO,No 183-2024-EF,Decreto Supremo que autoriza Transferencia de Partidas en el Presupuesto del Sector Publico para el Ano Fiscal 2024 a favor de diversos gobiernos regionales,https://epdoc2.elperuano.pe/EpPo/DescargaINDA.asp?Referencias=NDNTOFM4UzhTOFlCWUI5V1RNTEhZQkxITEhfX1hDVE1MSDlXUzhTOExI,20241031
20241003,2331191-1,ECONOMIA Y FINANZAS,RESOLUCION DIRECTORAL,No 0032-2024-EF/50.01,Resolucion Directoral que aprueba la Directiva que regula la Evaluacion en el marco de la fase de Evaluacion Presupuestaria,https://epdoc2.elperuano.pe/EpPo/DescargaINDA.asp?Referencias=NDNTOFM4UzhTOFlCWUI5V1RNTEhZQkxIOVdfXzlXWVg5VzlXUzhTOExI,20241031
20241003,2331235-1,ECONOMIA Y FINANZAS,RESOLUCION MINISTERIAL,No 304-2024-EF/50,Resolucion Ministerial que aprueba los indices de distribucion del Canon Pesquero provenientes de los Derechos de Pesca correspondientes al primer semestre del ano 2024,https://epdoc2.elperuano.pe/EpPo/DescargaINDA.asp?Referencias=NDNTOFM4UzhTOFlCWUI5V1RNTEhZQkxIOVdfX1VOUzhMSDlXUzhTOExI,20241031
20241003,2331251-1,ECONOMIA Y FINANZAS,RESOLUCION SUPREMA,No 029-2024-EF,Designan Superintendente Nacional de Aduanas y de Administracion Tributaria,https://epdoc2.elperuano.pe/EpPo/DescargaINDA.asp?Referencias=NDNTOFM4UzhTOFlCWUI5V1RNTEhZQkxIOVdfXzlXVU5MSDlXUzhTOExI,20241031
20241003,2331248-3,ENERGIA Y MINAS,DECRETO SUPREMO,No 018-2024-EM,Decreto Supremo que modifica el Contrato de Licencia para la Exploracion y Explotacion de Hidrocarburos en el Lote Z-63,https://epdoc2.elperuano.pe/EpPo/DescargaINDA.asp?Referencias=NDNTOFM4UzhTOFlCWUI5V1RNTEhZQkxIUzhfX1hDVE1MSDlXUzhTOExI,20241031
20241003,2331248-4,ENERGIA Y MINAS,DECRETO SUPREMO,No 019-2024-EM,Decreto Supremo que modifica el Contrato de Licencia para la Exploracion y Explotacion de Hidrocarburos en el Lote 131,https://epdoc2.elperuano.pe/EpPo/DescargaINDA.asp?Referencias=NDNTOFM4UzhTOFlCWUI5V1RNTEhZQkxIVE1fX1hDVE1MSDlXUzhTOExI,20241031
20241003,2331248-5,INTERIOR,DECRETO SUPREMO,No 010-2024-IN,Decreto Supremo que modifica el Reglamento del Decreto Legislativo No 1428 Decreto Legislativo que desarrolla medidas para la atencion de casos de desaparicion de personas en situacion de vulnerabilidad aprobado por Decreto Supremo No 003-2019-IN,https://epdoc2.elperuano.pe/EpPo/DescargaINDA.asp?Referencias=NDNTOFM4UzhTOFlCWUI5V1RNTEhZQkxIVU5fX1hDVE1MSDlXUzhTOExI,20241031
20241003,2331252-1,JUSTICIA Y DERECHOS HUMANOS,RESOLUCION SUPREMA,No 283-2024-JUS,Acceden a solicitud de extradicion activa de ciudadano britanico para ser extraditado de la Republica de Irak y ser procesado en la Republica del Peru,https://epdoc2.elperuano.pe/EpPo/DescargaINDA.asp?Referencias=NDNTOFM4UzhTOFlCWUI5V1RNTEhZQkxIOVdfX0xIVU5MSDlXUzhTOExI,20241031
20241003,2331252-10,JUSTICIA Y DERECHOS HUMANOS,RESOLUCION SUPREMA,No 292-2024-JUS,Acceden a solicitud de extradicion pasiva con procedimiento simplificado de entrega de ciudadano polaco formulada por autoridades competentes de la Republica de Polonia,https://epdoc2.elperuano.pe/EpPo/DescargaINDA.asp?Referencias=NjNTOFM4UzhZQllCOVdUTUxIWUJMSFlCOVdfX0xIVU5MSDlXUzhTOExI,20241031
20241003,2331252-11,JUSTICIA Y DERECHOS HUMANOS,RESOLUCION SUPREMA,No 293-2024-JUS,Acceden a solicitud de extradicion pasiva con procedimiento simplificado de entrega de ciudadano peruano para ser extraditado de la Republica del Peru y cumplir en el Reino de Espana la condena impuesta,https://epdoc2.elperuano.pe/EpPo/DescargaINDA.asp?Referencias=NjNTOFM4UzhZQllCOVdUTUxIWUJMSDlXOVdfX0xIVU5MSDlXUzhTOExI,20241031
20241003,2331252-12,JUSTICIA Y DERECHOS HUMANOS,RESOLUCION SUPREMA,No 294-2024-JUS,Acceden a solicitud de extradicion pasiva de ciudadano peruano para ser extraditado de la Republica del Peru y ser procesado en los Estados Unidos de America,https://epdoc2.elperuano.pe/EpPo/DescargaINDA.asp?Referencias=NjNTOFM4UzhZQllCOVdUTUxIWUJMSExIOVdfX0xIVU5MSDlXUzhTOExI,20241031
20241003,2331252-13,JUSTICIA Y DERECHOS HUMANOS,RESOLUCION SUPREMA,No 295-2024-JUS,Acceden a solicitud de extradicion pasiva con procedimiento simplificado de entrega de ciudadano peruano para ser extraditado de la Republica del Peru y ser procesado en los Estados Unidos de America,https://epdoc2.elperuano.pe/EpPo/DescargaINDA.asp?Referencias=NjNTOFM4UzhZQllCOVdUTUxIWUJMSFM4OVdfX0xIVU5MSDlXUzhTOExI,20241031
20241003,2331252-14,JUSTICIA Y DERECHOS HUMANOS,RESOLUCION SUPREMA,No 296-2024-JUS,Acceden a solicitud de extradicion pasiva con procedimiento simplificado de entrega de ciudadano chileno formulada por autoridades competentes de la Republica de Chile,https://epdoc2.elperuano.pe/EpPo/DescargaINDA.asp?Referencias=NjNTOFM4UzhZQllCOVdUTUxIWUJMSFRNOVdfX0xIVU5MSDlXUzhTOExI,20241031
20241003,2331252-15,JUSTICIA Y DERECHOS HUMANOS,RESOLUCION SUPREMA,No 297-2024-JUS,Acceden a solicitud de traslado pasivo de ciudadano bulgaro quien se encuentra cumpliendo sentencia en el Establecimiento Penitenciario de Chincha para cumplir el resto de condena en centro penitenciario de la Republica de Bulgaria,https://epdoc2.elperuano.pe/EpPo/DescargaINDA.asp?Referencias=NjNTOFM4UzhZQllCOVdUTUxIWUJMSFVOOVdfX0xIVU5MSDlXUzhTOExI,20241031
20241003,2331252-16,JUSTICIA Y DERECHOS HUMANOS,RESOLUCION SUPREMA,No 298-2024-JUS,Acceden a solicitud de traslado pasivo de ciudadano colombiano quien se encuentra cumpliendo sentencia en el Establecimiento Penitenciario de Miguel Castro Castro para cumplir el resto de condena en centro penitenciario de la Republica de Colombia,https://epdoc2.elperuano.pe/EpPo/DescargaINDA.asp?Referencias=NjNTOFM4UzhZQllCOVdUTUxIWUJMSFZCOVdfX0xIVU5MSDlXUzhTOExI,20241031
20241003,2331252-17,JUSTICIA Y DERECHOS HUMANOS,RESOLUCION SUPREMA,No 299-2024-JUS,Acceden a solicitud de traslado pasivo de ciudadano colombiano quien se encuentra cumpliendo sentencia en el Establecimiento Penitenciario de Tumbes para cumplir el resto de condena impuesta en centro penitenciario de la Republica de Colombia,https://epdoc2.elperuano.pe/EpPo/DescargaINDA.asp?Referencias=NjNTOFM4UzhZQllCOVdUTUxIWUJMSFdWOVdfX0xIVU5MSDlXUzhTOExI,20241031
20241003,2331252-18,JUSTICIA Y DERECHOS HUMANOS,RESOLUCION SUPREMA,No 300-2024-JUS,Acceden a solicitud de traslado pasivo de ciudadano colombiano quien se encuentra cumpliendo sentencia en el Establecimiento Penitenciario de Ancon I para cumplir el resto de la condena en centro penitenciario de la Republica de Colombia,https://epdoc2.elperuano.pe/EpPo/DescargaINDA.asp?Referencias=NjNTOFM4UzhZQllCOVdUTUxIWUJMSFhDOVdfX0xIVU5MSDlXUzhTOExI,20241031
20241003,2331252-19,JUSTICIA Y DERECHOS HUMANOS,RESOLUCION SUPREMA,No 301-2024-JUS,Acceden a solicitud de traslado pasivo de ciudadana colombiana para cumplir el resto de su condena en un centro penitenciario de la Republica de Colombia,https://epdoc2.elperuano.pe/EpPo/DescargaINDA.asp?Referencias=NjNTOFM4UzhZQllCOVdUTUxIWUJMSFlYOVdfX0xIVU5MSDlXUzhTOExI,20241031
20241003,2331252-2,JUSTICIA Y DERECHOS HUMANOS,RESOLUCION SUPREMA,No 284-2024-JUS,Acceden a solicitud de extradicion activa de ciudadano peruano para ser extraditado de la Republica Italiana y ser procesado en la Republica del Peru,https://epdoc2.elperuano.pe/EpPo/DescargaINDA.asp?Referencias=NDNTOFM4UzhTOFlCWUI5V1RNTEhZQkxITEhfX0xIVU5MSDlXUzhTOExI,20241031
20241003,2331252-20,JUSTICIA Y DERECHOS HUMANOS,RESOLUCION SUPREMA,No 302-2024-JUS,Acceden a solicitud de traslado pasivo de ciudadano colombiano para cumplir el resto de su condena en un centro penitenciario de la Republica de Colombia,https://epdoc2.elperuano.pe/EpPo/DescargaINDA.asp?Referencias=NjNTOFM4UzhZQllCOVdUTUxIWUJMSFlCTEhfX0xIVU5MSDlXUzhTOExI,20241031
20241003,2331252-21,JUSTICIA Y DERECHOS HUMANOS,RESOLUCION SUPREMA,No 303-2024-JUS,Acceden a solicitud de traslado pasivo de ciudadana colombiana para cumplir el resto de su condena en un centro penitenciario de la Republica de Colombia,https://epdoc2.elperuano.pe/EpPo/DescargaINDA.asp?Referencias=NjNTOFM4UzhZQllCOVdUTUxIWUJMSDlXTEhfX0xIVU5MSDlXUzhTOExI,20241031
20241003,2331252-22,JUSTICIA Y DERECHOS HUMANOS,RESOLUCION SUPREMA,No 304-2024-JUS,Acceden a solicitud de extradicion activa de ciudadano peruano para ser extraditado del Reino de Espana y ser procesado en la Republica del Peru,https://epdoc2.elperuano.pe/EpPo/DescargaINDA.asp?Referencias=NjNTOFM4UzhZQllCOVdUTUxIWUJMSExITEhfX0xIVU5MSDlXUzhTOExI,20241031
20241003,2331252-3,JUSTICIA Y DERECHOS HUMANOS,RESOLUCION SUPREMA,No 285-2024-JUS,Acceden a solicitud de extradicion activa de ciudadano peruano para ser extraditado de la Republica Italiana y cumplir en la Republica del Peru la condena impuesta,https://epdoc2.elperuano.pe/EpPo/DescargaINDA.asp?Referencias=NDNTOFM4UzhTOFlCWUI5V1RNTEhZQkxIUzhfX0xIVU5MSDlXUzhTOExI,20241031
20241003,2331252-4,JUSTICIA Y DERECHOS HUMANOS,RESOLUCION SUPREMA,No 286-2024-JUS,Acceden a solicitud de extradicion activa de ciudadano peruano para ser extraditado de la Republica Italiana y ser procesado en la Republica del Peru,https://epdoc2.elperuano.pe/EpPo/DescargaINDA.asp?Referencias=NDNTOFM4UzhTOFlCWUI5V1RNTEhZQkxIVE1fX0xIVU5MSDlXUzhTOExI,20241031
20241003,2331252-5,JUSTICIA Y DERECHOS HUMANOS,RESOLUCION SUPREMA,No 287-2024-JUS,Acceden a solicitud de extradicion activa de ciudadano peruano para ser extraditado del Reino de Espana y ser procesado en la Republica del Peru,https://epdoc2.elperuano.pe/EpPo/DescargaINDA.asp?Referencias=NDNTOFM4UzhTOFlCWUI5V1RNTEhZQkxIVU5fX0xIVU5MSDlXUzhTOExI,20241031
20241003,2331252-6,JUSTICIA Y DERECHOS HUMANOS,RESOLUCION SUPREMA,No 288-2024-JUS,Acceden a solicitud de extradicion activa de ciudadano peruano para ser extraditado del Reino de Espana y cumplir en la Republica del Peru la condena impuesta,https://epdoc2.elperuano.pe/EpPo/DescargaINDA.asp?Referencias=NDNTOFM4UzhTOFlCWUI5V1RNTEhZQkxIVkJfX0xIVU5MSDlXUzhTOExI,20241031
20241003,2331252-7,JUSTICIA Y DERECHOS HUMANOS,RESOLUCION SUPREMA,No 289-2024-JUS,Acceden a solicitud de extradicion activa de ciudadano peruano para ser extraditado del Reino de Espana y cumplir en la Republica del Peru la condena impuesta,https://epdoc2.elperuano.pe/EpPo/DescargaINDA.asp?Referencias=NDNTOFM4UzhTOFlCWUI5V1RNTEhZQkxIV1ZfX0xIVU5MSDlXUzhTOExI,20241031
20241003,2331252-8,JUSTICIA Y DERECHOS HUMANOS,RESOLUCION SUPREMA,No 290-2024-JUS,Acceden a solicitud de extradicion activa de ciudadano peruano para ser extraditado del Estado Plurinacional de Bolivia y ser procesado en la Republica del Peru,https://epdoc2.elperuano.pe/EpPo/DescargaINDA.asp?Referencias=NDNTOFM4UzhTOFlCWUI5V1RNTEhZQkxIWENfX0xIVU5MSDlXUzhTOExI,20241031
20241003,2331252-9,JUSTICIA Y DERECHOS HUMANOS,RESOLUCION SUPREMA,No 291-2024-JUS,Acceden a solicitud de extradicion pasiva con procedimiento simplificado de entrega de ciudadano esloveno formulada por autoridades competentes de la Republica de Eslovenia,https://epdoc2.elperuano.pe/EpPo/DescargaINDA.asp?Referencias=NDNTOFM4UzhTOFlCWUI5V1RNTEhZQkxIWVhfX0xIVU5MSDlXUzhTOExI,20241031
20241003,2331248-7,MUJER Y POBLACIONES VULNERABLES,DECRETO SUPREMO,No 006-2024-MIMP,Decreto Supremo que modifica el Reglamento del Decreto Legislativo No 1297 Decreto Legislativo para la proteccion de las ninas ninos y adolescentes sin cuidados parentales o en riesgo de perderlos aprobado por Decreto Supremo No 001-2018-MIMP,https://epdoc2.elperuano.pe/EpPo/DescargaINDA.asp?Referencias=NDNTOFM4UzhTOFlCWUI5V1RNTEhZQkxIV1ZfX1hDVE1MSDlXUzhTOExI,20241031
20241003,2330363-1,PRODUCE,RESOLUCION DIRECTORAL,No 018-2024-INACAL/D,Aprueban Normas Tecnicas Peruanas sobre cuero calzado y otros,https://epdoc2.elperuano.pe/EpPo/DescargaINDA.asp?Referencias=NDNTOFM4UzhTOFlCWUI5V1RNTEhZQkxIOVdfX1M4VkJTOFlCUzhTOExI,20241031
20241003,2331248-10,RELACIONES EXTERIORES,RESOLUCION SUPREMA,No 173-2024-RE,Remiten al Congreso de la Republica la documentacion relativa al Acuerdo entre el Gobierno de los Estados Unidos de America y el Gobierno de la Republica del Peru para la Donacion de Nueve Helicopteros UH-60 (Black Hawk) y Equipo de Apoyo,https://epdoc2.elperuano.pe/EpPo/DescargaINDA.asp?Referencias=NjNTOFM4UzhZQllCOVdUTUxIWUJMSFlCOVdfX1hDVE1MSDlXUzhTOExI,20241031
20241003,2331248-9,RELACIONES EXTERIORES,RESOLUCION SUPREMA,No 172-2024-RE,Remiten al Congreso de la Republica la documentacion relativa al Acuerdo entre el Gobierno de la Republica del Peru y la Organizacion de las Naciones Unidas para la Educacion la Ciencia y la Cultura relativo a la renovacion de la designacion del Centro Regional para la Salvaguardia del Patrimonio Cultural Inmaterial de America Latina (CRESPIAL) como centro de categoria 2 bajo los auspicios de la UNESCO en Cusco (Peru),https://epdoc2.elperuano.pe/EpPo/DescargaINDA.asp?Referencias=NDNTOFM4UzhTOFlCWUI5V1RNTEhZQkxIWVhfX1hDVE1MSDlXUzhTOExI,20241031
20241003,2331120-1,SALUD,RESOLUCION MINISTERIAL,No 669-2024/MINSA,Autorizan Transferencia Financiera a favor de la Organizacion Panamericana de la Salud (OPS/OMS),https://epdoc2.elperuano.pe/EpPo/DescargaINDA.asp?Referencias=NDNTOFM4UzhTOFlCWUI5V1RNTEhZQkxIOVdfX1lCTEg5VzlXUzhTOExI,20241031
20241003,2331123-1,SALUD,RESOLUCION MINISTERIAL,No 670-2024/MINSA,Autorizan Transferencia Financiera a favor del Fondo de las Naciones Unidas para la Infancia (UNICEF),https://epdoc2.elperuano.pe/EpPo/DescargaINDA.asp?Referencias=NDNTOFM4UzhTOFlCWUI5V1RNTEhZQkxIOVdfX1M4TEg5VzlXUzhTOExI,20241031
20241003,2329808-1,TRANSPORTES Y COMUNICACIONES,RESOLUCION DIRECTORAL,No 0567-2024-MTC/17.03,Autorizan a la empresa Centro de Inspeccion Tecnica Vehicular Gambetta S.A.C. para operar como Centro de Inspeccion Tecnica Vehicular Fijo en local ubicado en el distrito de Comandante Noel provincia de Casma departamento de ancash,https://epdoc2.elperuano.pe/EpPo/DescargaINDA.asp?Referencias=NDNTOFM4UzhTOFlCWUI5V1RNTEhZQkxIOVdfX1hDWUJYQ1lYTEhTOExI,20241031
20241003,2330054-1,TRANSPORTES Y COMUNICACIONES,RESOLUCION DIRECTORAL,No 0575-2024-MTC/17.03,Autorizan a la empresa Inspeccion Tecnica Vehicular Central Peru Sociedad Anonima Cerrada para operar como centro de inspeccion tecnica vehicular fijo en local ubicado en el distrito de Jesus Nazareno provincia de Huamanga departamento de Ayacucho,https://epdoc2.elperuano.pe/EpPo/DescargaINDA.asp?Referencias=NDNTOFM4UzhTOFlCWUI5V1RNTEhZQkxIOVdfX1RNVU5ZQllCUzhTOExI,20241031
20241003,2330856-2,ARCHIVO GENERAL DE LA NACION,RESOLUCION JEFATURAL,No 000272-2024-AGN/JEF,Disponen la prepublicacion del proyecto normativo denominado: Guia para la descripcion del Patrimonio Documental de la Nacion que se custodian en los repositorios de los fondos documentales de los archivos intermedios notariales e historicos de los Archivos Regionales,https://epdoc2.elperuano.pe/EpPo/DescargaINDA.asp?Referencias=NDNTOFM4UzhTOFlCWUI5V1RNTEhZQkxITEhfX1ZCVU5YQ1lCUzhTOExI,20241031
20241003,2330878-1,ARCHIVO GENERAL DE LA NACION,RESOLUCION JEFATURAL,No 000271-2024-AGN/JEF,Disponen la prepublicacion en el portal institucional del proyecto normativo denominado: Manual para la ejecucion y registro de las actividades de atencion de consulta asesoria y difusion normativa para los Archivos Regionales,https://epdoc2.elperuano.pe/EpPo/DescargaINDA.asp?Referencias=NDNTOFM4UzhTOFlCWUI5V1RNTEhZQkxIOVdfX1hDV1ZYQ1lCUzhTOExI,20241031
20241003,2331241-1,BIBLIOTECA NACIONAL DEL PERU,RESOLUCION JEFATURAL,No 000154-2024-BNP,Designan Coordinadora de Gestion de Patrimonio Bibliografico Documental de la Direccion de Proteccion de las Colecciones,https://epdoc2.elperuano.pe/EpPo/DescargaINDA.asp?Referencias=NDNTOFM4UzhTOFlCWUI5V1RNTEhZQkxIOVdfXzlXVE1MSDlXUzhTOExI,20241031
20241003,2331256-1,BIBLIOTECA NACIONAL DEL PERU,RESOLUCION JEFATURAL,No 000155-2024-BNP,Designan Coordinadora de Custodia de la Direccion de Proteccion de las Colecciones,https://epdoc2.elperuano.pe/EpPo/DescargaINDA.asp?Referencias=NDNTOFM4UzhTOFlCWUI5V1RNTEhZQkxIOVdfX1ZCVU5MSDlXUzhTOExI,20241031
20241003,2330919-1,INSTITUTO PERUANO DEL DEPORTE,RESOLUCION,No 000104-2024-P/IPD,Designan Presidente del Consejo Regional del Deporte de Huancavelica,https://epdoc2.elperuano.pe/EpPo/DescargaINDA.asp?Referencias=NDNTOFM4UzhTOFlCWUI5V1RNTEhZQkxIOVdfX1lYOVdZWFlCUzhTOExI,20241031
20241003,2330451-1,ORGANISMO SUPERVISOR DE INVERSION PRIVADA EN TELECOMUNICACIONES,RESOLUCION,No 00056-2024-TA/OSIPTEL,Declaran infundado recurso de apelacion interpuesto por VIETTEL PERu S.A.C. contra la Resolucion No 00264-2024-GG/OSIPTEL,https://epdoc2.elperuano.pe/EpPo/DescargaINDA.asp?Referencias=NDNTOFM4UzhTOFlCWUI5V1RNTEhZQkxIOVdfXzlXVU5UTVlCUzhTOExI,20241031
20241003,2331111-1,AGENCIA DE PROMOCIoN DE LA INVERSIoN PRIVADA,RESOLUCION,No 100-2024,Designan Director de Linea de la Direccion de Servicios al Inversionista de la Agencia de Promocion de la Inversion Privada - PROINVERSIoN,https://epdoc2.elperuano.pe/EpPo/DescargaINDA.asp?Referencias=NDNTOFM4UzhTOFlCWUI5V1RNTEhZQkxIOVdfXzlXOVc5VzlXUzhTOExI,20241031
20241003,2330751-1,INSTITUTO NACIONAL DE DEFENSA DE LA COMPETENCIA Y DE LA PROTECCION DE LA PROPIEDAD INTELECTUAL,RESOLUCION,No 000133-2024-PRE/INDECOPI,Formalizan designacion de Miembro de la Comision adscrita de la Oficina Regional de Arequipa del INDECOPI,https://epdoc2.elperuano.pe/EpPo/DescargaINDA.asp?Referencias=NDNTOFM4UzhTOFlCWUI5V1RNTEhZQkxIOVdfXzlXVU5XVllCUzhTOExI,20241031
20241003,2330755-1,INSTITUTO NACIONAL DE DEFENSA DE LA COMPETENCIA Y DE LA PROTECCION DE LA PROPIEDAD INTELECTUAL,RESOLUCION,No 000134-2024-PRE/INDECOPI,Formalizan designacion de Miembro de la Comision de Defensa de la Libre Competencia del INDECOPI,https://epdoc2.elperuano.pe/EpPo/DescargaINDA.asp?Referencias=NDNTOFM4UzhTOFlCWUI5V1RNTEhZQkxIOVdfX1VOVU5XVllCUzhTOExI,20241031
20241003,2330758-1,INSTITUTO NACIONAL DE DEFENSA DE LA COMPETENCIA Y DE LA PROTECCION DE LA PROPIEDAD INTELECTUAL,RESOLUCION,No 000135-2024-PRE/INDECOPI,Formalizan designacion de Miembro de la Comision de Defensa de la Libre Competencia del INDECOPI,https://epdoc2.elperuano.pe/EpPo/DescargaINDA.asp?Referencias=NDNTOFM4UzhTOFlCWUI5V1RNTEhZQkxIOVdfX1hDVU5XVllCUzhTOExI,20241031
20241003,2330759-1,INSTITUTO NACIONAL DE DEFENSA DE LA COMPETENCIA Y DE LA PROTECCION DE LA PROPIEDAD INTELECTUAL,RESOLUCION,No 000136-2024-PRE/INDECOPI,Formalizan designacion de Miembro de la Comision de Dumping Subsidios y Eliminacion de Barreras Comerciales no Arancelarias del INDECOPI,https://epdoc2.elperuano.pe/EpPo/DescargaINDA.asp?Referencias=NDNTOFM4UzhTOFlCWUI5V1RNTEhZQkxIOVdfX1lYVU5XVllCUzhTOExI,20241031
20241003,2331192-1,CONTRALORIA GENERAL DE LA REPUBLICA,RESOLUCION,No 596-2024-CG,Designan profesionales en el cargo de Jefe/a del organo de Control Institucional de entidades bajo el ambito de la Gerencia Regional de Control de Lima Metropolitana,https://epdoc2.elperuano.pe/EpPo/DescargaINDA.asp?Referencias=NDNTOFM4UzhTOFlCWUI5V1RNTEhZQkxIOVdfX0xIWVg5VzlXUzhTOExI,20241031
20241003,2331199-1,CONTRALORIA GENERAL DE LA REPUBLICA,RESOLUCION,No 598-2024-CG,Designan profesionales en el cargo de Jefe/a del organo de Control Institucional de diversas entidades bajo el ambito de la Subgerencia de Control del Sector Justicia Politico y Electoral,https://epdoc2.elperuano.pe/EpPo/DescargaINDA.asp?Referencias=NDNTOFM4UzhTOFlCWUI5V1RNTEhZQkxIOVdfX1lYWVg5VzlXUzhTOExI,20241031
20241003,2331204-1,CONTRALORIA GENERAL DE LA REPUBLICA,RESOLUCION,No 597-2024-CG,Amplian plazo previsto en el articulo 1 de la Resolucion de Contraloria No 513-2024-CG y dictan otras disposiciones,https://epdoc2.elperuano.pe/EpPo/DescargaINDA.asp?Referencias=NDNTOFM4UzhTOFlCWUI5V1RNTEhZQkxIOVdfX1RNWUJMSDlXUzhTOExI,20241031
20241003,2331213-1,CONTRALORIA GENERAL DE LA REPUBLICA,RESOLUCION,No 595-2024-CG,Designan Jefa del organo de Control Institucional del Tribunal Constitucional,https://epdoc2.elperuano.pe/EpPo/DescargaINDA.asp?Referencias=NDNTOFM4UzhTOFlCWUI5V1RNTEhZQkxIOVdfX1M4OVdMSDlXUzhTOExI,20241031
20241003,2331231-1,CONTRALORIA GENERAL DE LA REPUBLICA,RESOLUCION,No 599-2024-CG,Designan Jefe del organo de Control Institucional de la Superintendencia Nacional de Aduanas y de Administracion Tributaria - SUNAT,https://epdoc2.elperuano.pe/EpPo/DescargaINDA.asp?Referencias=NDNTOFM4UzhTOFlCWUI5V1RNTEhZQkxIOVdfXzlXUzhMSDlXUzhTOExI,20241031
20241003,2323348-1,INSTITUCIONES EDUCATIVAS,RESOLUCION,No CU-443-2024-UNSAAC,Conceden licencia a docente de la Universidad Nacional de San Antonio Abad del Cusco para participar en evento a realizarse en Brasil,https://epdoc2.elperuano.pe/EpPo/DescargaINDA.asp?Referencias=NDNTOFM4UzhTOFlCWUI5V1RNTEhZQkxIOVdfX1hDVE1TOFM4TEhTOExI,20241031
20241003,2323348-2,INSTITUCIONES EDUCATIVAS,RESOLUCION,No CU-444-2024-UNSAAC,Conceden licencia a docentes de la Universidad Nacional de San Antonio Abad del Cusco para participar en evento a realizarse en Republica Dominicana,https://epdoc2.elperuano.pe/EpPo/DescargaINDA.asp?Referencias=NDNTOFM4UzhTOFlCWUI5V1RNTEhZQkxITEhfX1hDVE1TOFM4TEhTOExI,20241031
20241003,2328643-1,INSTITUCIONES EDUCATIVAS,RESOLUCION,No 733-2024-UNF/CO,Autorizan viaje de docentes de la Universidad Nacional de Frontera a Bolivia en comision de servicios,https://epdoc2.elperuano.pe/EpPo/DescargaINDA.asp?Referencias=NDNTOFM4UzhTOFlCWUI5V1RNTEhZQkxIOVdfX1M4VE1WQlhDTEhTOExI,20241031
20241003,2330636-1,INSTITUCIONES EDUCATIVAS,RESOLUCION,No 341-2024-UNTELS- R,Autorizan Transferencia Financiera de la Universidad Nacional Tecnologica de Lima Sur a favor de la Contraloria General de la Republica,https://epdoc2.elperuano.pe/EpPo/DescargaINDA.asp?Referencias=NDNTOFM4UzhTOFlCWUI5V1RNTEhZQkxIOVdfX1ZCUzhWQllCUzhTOExI,20241031
20241003,2331001-1,JURADO NACIONAL DE ELECCIONES,RESOLUCION,No 0287-2024-JNE,Convocan a ciudadano para que asuma provisionalmente el cargo de regidor del Concejo Distrital de Santa Anita provincia y departamento de Lima,https://epdoc2.elperuano.pe/EpPo/DescargaINDA.asp?Referencias=NDNTOFM4UzhTOFlCWUI5V1RNTEhZQkxIOVdfXzlXWUJZQjlXUzhTOExI,20241031
20241003,2330690-1,OFICINA NACIONAL DE PROCESOS ELECTORALES,RESOLUCION JEFATURAL,No 000168-2024-JN/ONPE,Autorizan viaje de secretario general de la Oficina Nacional de Procesos Electorales a Colombia en comision de servicios,https://epdoc2.elperuano.pe/EpPo/DescargaINDA.asp?Referencias=NDNTOFM4UzhTOFlCWUI5V1RNTEhZQkxIOVdfX1lCWVhWQllCUzhTOExI,20241031
20241003,2329971-1,SUPERINTENDENCIA DE BANCA  SEGUROS Y ADMINISTRADORAS PRIVADAS DE FONDOS DE PENSIONES,RESOLUCION,SBS No 03436-2024,Autorizan viaje de funcionaria para participar en evento de capacitacion que se realizara en la Republica Helenica,https://epdoc2.elperuano.pe/EpPo/DescargaINDA.asp?Referencias=NDNTOFM4UzhTOFlCWUI5V1RNTEhZQkxIOVdfXzlXV1ZZWFlYTEhTOExI,20241031
20241003,2330794-1,SUPERINTENDENCIA DE BANCA  SEGUROS Y ADMINISTRADORAS PRIVADAS DE FONDOS DE PENSIONES,RESOLUCION,SBS No 03471-2024,Dejan sin efecto designaciones y designan administradores temporales de diversas cooperativas de ahorro y credito que se encuentran en disolucion,https://epdoc2.elperuano.pe/EpPo/DescargaINDA.asp?Referencias=NDNTOFM4UzhTOFlCWUI5V1RNTEhZQkxIOVdfX1RNWVhXVllCUzhTOExI,20241031
20241003,2330562-1,MUNICIPALIDAD METROPOLITANA DE LIMA,ACUERDO,No 023-2024-PATPAL-FBB/CD,Autorizan viaje de Gerente General del PATPAL - FBB a Alemania en comision de servicios,https://epdoc2.elperuano.pe/EpPo/DescargaINDA.asp?Referencias=NDNTOFM4UzhTOFlCWUI5V1RNTEhZQkxIOVdfX0xIVkJVTllCUzhTOExI,20241031
20241003,2330553-1,MUNICIPALIDAD METROPOLITANA DE LIMA,RESOLUCION,No 154-2024-PATPAL-FBB/GG/MML,Autorizan viaje del Gerente de Operaciones y Seguridad del PATPAL - FBB a Alemania en comision de servicios,https://epdoc2.elperuano.pe/EpPo/DescargaINDA.asp?Referencias=NDNTOFM4UzhTOFlCWUI5V1RNTEhZQkxIOVdfX1M4VU5VTllCUzhTOExI,20241031
20241003,2320382-1,MUNICIPALIDAD DE CARABAYLLO,DECRETO DE ALCALDIA,No 09-2024/MDC,Prorrogan vigencia de la Ordenanza No 497-MDC de Regularizacion de Licencia de Edificacion Conformidad de Obra y Declaratoria de Edificacion en el Distrito de Carabayllo,https://epdoc2.elperuano.pe/EpPo/DescargaINDA.asp?Referencias=NDNTOFM4UzhTOFlCWUI5V1RNTEhZQkxIOVdfX0xIWENTOFlCTEhTOExI,20241031
20241003,2321441-1,MUNICIPALIDAD DE CARABAYLLO,DECRETO DE ALCALDIA,No 10-2024/MDC,Aprueban Cronograma de Actividades del Proceso de Presupuesto Participativo Basado en Resultados para el Ano Fiscal 2025 de la Municipalidad de Carabayllo,https://epdoc2.elperuano.pe/EpPo/DescargaINDA.asp?Referencias=NDNTOFM4UzhTOFlCWUI5V1RNTEhZQkxIOVdfXzlXVE1UTTlXTEhTOExI,20241031
20241003,2330674-1,MUNICIPALIDAD DE SAN LUIS,ACUERDO,No 035-2024-MDSL/C,Aprueban Saneamiento Fisico Legal para la inscripcion de la independizacion a nombre del Estado afectado en uso y favor de la Municipalidad Distrital de San Luis del predio denominado Avenida Circunvalacion S/N Urbanizacion San Luis provincia y departamento de Lima Zona de Recreacion Publica,https://epdoc2.elperuano.pe/EpPo/DescargaINDA.asp?Referencias=NDNTOFM4UzhTOFlCWUI5V1RNTEhZQkxIOVdfX1RNV1ZWQllCUzhTOExI,20241031
20241003,2324254-1,MUNICIPALIDAD DE SANTA MARIA DEL MAR,DECRETO DE ALCALDIA,No 006-2024-MDSMM,Incorporan codigos de infraccion al Cuadro unico de Infracciones y Sanciones (CUIS),https://epdoc2.elperuano.pe/EpPo/DescargaINDA.asp?Referencias=NDNTOFM4UzhTOFlCWUI5V1RNTEhZQkxIOVdfX1RNVU5MSFRNTEhTOExI,20241031
20241003,2330133-1,MUNICIPALIDAD DE SANTA ROSA,DECRETO DE ALCALDIA,No 007-2024/MDSR,Prorrogan vigencia de la Ordenanza No 566/MDSR denominada Ordenanza que otorga beneficios tributarios Con tu pago Construimos el Futuro,https://epdoc2.elperuano.pe/EpPo/DescargaINDA.asp?Referencias=NDNTOFM4UzhTOFlCWUI5V1RNTEhZQkxIOVdfX1M4Uzg5V1lCUzhTOExI,20241031
20241003,2330862-1,MUNICIPALIDAD PROVINCIAL DEL CALLAO,RESOLUCION DE ALCALDIA,No 288-2024-ALC/MPC,Designan Auxiliar Coactivo de la municipalidad,https://epdoc2.elperuano.pe/EpPo/DescargaINDA.asp?Referencias=NDNTOFM4UzhTOFlCWUI5V1RNTEhZQkxIOVdfX0xIVkJYQ1lCUzhTOExI,20241031
20241003,2302994-1,MUNICIPALIDAD DISTRITAL DE NUEVO CHIMBOTE,ORDENANZA,No 006-2024-MDNCH,Establecen Regimen Legal de Infracciones Tributarias Municipales y Gradualidad de Sanciones Pecuniarias,https://epdoc2.elperuano.pe/EpPo/DescargaINDA.asp?Referencias=NDNTOFM4UzhTOFlCWUI5V1RNTEhZQkxIOVdfX1RNWVhZWExIWUJTOExI,20241031
20241003,2328174-1,MUNICIPALIDAD DE MI PERu,ORDENANZA,No 174-MDMP,Ordenanza que regula la titulacion individual en terrenos ocupados por posesiones informales en la jurisdiccion del distrito de Mi Peru Provincia Constitucional del Callao,https://epdoc2.elperuano.pe/EpPo/DescargaINDA.asp?Referencias=NDNTOFM4UzhTOFlCWUI5V1RNTEhZQkxIOVdfX1RNV1Y5V1hDTEhTOExI,20241031
20241002,2330833-1,DECRETOS LEGISLATIVOS,DECRETO LEGISLATIVO,No 1681,Decreto Legislativo que modifica los articulos 6 8 29 y 30 y deroga los articulos 31 y 32 de la Ley No 28036 Ley de Promocion y Desarrollo del Deporte,https://epdoc2.elperuano.pe/EpPo/DescargaINDA.asp?Referencias=NDNMSExITEhMSFlCWUI5V1RNTEhZQkxIOVdfX1M4UzhYQ1lCUzhTOExI,20241031
20241002,2330833-2,DECRETOS LEGISLATIVOS,DECRETO LEGISLATIVO,No 1682,Decreto Legislativo que establece el marco normativo para habilitar garantizar y fortalecer el funcionamiento de la Escuela Nacional de Administracion Publica - ENAP,https://epdoc2.elperuano.pe/EpPo/DescargaINDA.asp?Referencias=NDNMSExITEhMSFlCWUI5V1RNTEhZQkxITEhfX1M4UzhYQ1lCUzhTOExI,20241031
20241002,2330833-3,DECRETOS LEGISLATIVOS,DECRETO LEGISLATIVO,No 1683,Decreto Legislativo que establece los plazos para la atencion de los recursos administrativos presentados en los procedimientos administrativos sancionadores de alta complejidad de la Superintendencia del Mercado de Valores,https://epdoc2.elperuano.pe/EpPo/DescargaINDA.asp?Referencias=NDNMSExITEhMSFlCWUI5V1RNTEhZQkxIUzhfX1M4UzhYQ1lCUzhTOExI,20241031
20241002,2330833-4,DECRETOS LEGISLATIVOS,DECRETO LEGISLATIVO,No 1684,Decreto Legislativo que crea la Secretaria de Seguridad y Defensa Nacional - SEDENA,https://epdoc2.elperuano.pe/EpPo/DescargaINDA.asp?Referencias=NDNMSExITEhMSFlCWUI5V1RNTEhZQkxIVE1fX1M4UzhYQ1lCUzhTOExI,20241031
20241002,2330833-5,DECRETOS LEGISLATIVOS,DECRETO LEGISLATIVO,No 1685,Decreto Legislativo que modifica el Decreto Legislativo No 1328 Decreto Legislativo que fortalece el Sistema Penitenciario Nacional y el Instituto Nacional Penitenciario para fortalecer la gestion e implementacion de la politica criminologica y penitenciaria,https://epdoc2.elperuano.pe/EpPo/DescargaINDA.asp?Referencias=NDNMSExITEhMSFlCWUI5V1RNTEhZQkxIVU5fX1M4UzhYQ1lCUzhTOExI,20241031
20241002,2330833-6,DECRETOS LEGISLATIVOS,DECRETO LEGISLATIVO,No 1686,Decreto Legislativo que establece medidas especiales para impulsar el desarrollo de la industria petroquimica,https://epdoc2.elperuano.pe/EpPo/DescargaINDA.asp?Referencias=NDNMSExITEhMSFlCWUI5V1RNTEhZQkxIVkJfX1M4UzhYQ1lCUzhTOExI,20241031
20241002,2331229-1,DECRETOS LEGISLATIVOS,DECRETO LEGISLATIVO,No 1687,Decreto Legislativo que modifica el Decreto Legislativo No 1350 Decreto Legislativo de Migraciones a fin de complementar las atribuciones en materia migratoria del Ministerio de Relaciones Exteriores,https://epdoc2.elperuano.pe/EpPo/DescargaINDA.asp?Referencias=NDNMSExITEhMSFlCWUI5V1RNTEhZQkxIOVdfX1lYTEhMSDlXUzhTOExI,20241031
20241002,2331229-2,DECRETOS LEGISLATIVOS,DECRETO LEGISLATIVO,No 1688,Decreto Legislativo que regula obligaciones y sanciones administrativas para las empresas operadoras de servicios publicos de telecomunicaciones en relacion con las comunicaciones ilegales en establecimientos penitenciarios y centros juveniles,https://epdoc2.elperuano.pe/EpPo/DescargaINDA.asp?Referencias=NDNMSExITEhMSFlCWUI5V1RNTEhZQkxITEhfX1lYTEhMSDlXUzhTOExI,20241031
20241002,2331229-3,DECRETOS LEGISLATIVOS,DECRETO LEGISLATIVO,No 1689,Decreto Legislativo que declara de necesidad publica e interes nacional la intervencion estrategica e integral en las zonas de influencia del Terminal Portuario Multiproposito de Chancay y aprueba disposiciones especiales por su construccion y funcionamiento,https://epdoc2.elperuano.pe/EpPo/DescargaINDA.asp?Referencias=NDNMSExITEhMSFlCWUI5V1RNTEhZQkxIUzhfX1lYTEhMSDlXUzhTOExI,20241031
20241002,2331229-4,DECRETOS LEGISLATIVOS,DECRETO LEGISLATIVO,No 1690,Decreto Legislativo que fomenta la simplificacion administrativa de procedimientos administrativos mediante la aplicacion eficiente del silencio administrativo positivo a fin de promover la competitividad y el crecimiento sostenible,https://epdoc2.elperuano.pe/EpPo/DescargaINDA.asp?Referencias=NDNMSExITEhMSFlCWUI5V1RNTEhZQkxIVE1fX1lYTEhMSDlXUzhTOExI,20241031
20241002,2331229-5,DECRETOS LEGISLATIVOS,DECRETO LEGISLATIVO,No 1691,Decreto Legislativo que modifica el Decreto Legislativo No 1362 Decreto Legislativo que regula la Promocion de la Inversion Privada mediante Asociaciones Publico Privadas y Proyectos en Activos y el Decreto Legislativo No 1543 Decreto Legislativo que dicta medidas para mejorar la gestion de proyectos y los procesos de promocion de la inversion privada,https://epdoc2.elperuano.pe/EpPo/DescargaINDA.asp?Referencias=NDNMSExITEhMSFlCWUI5V1RNTEhZQkxIVU5fX1lYTEhMSDlXUzhTOExI,20241031
20241002,2331229-6,DECRETOS LEGISLATIVOS,DECRETO LEGISLATIVO,No 1692,Decreto Legislativo que promueve el fortalecimiento institucional de la Corporacion Financiera de Desarrollo S.A. - COFIDE,https://epdoc2.elperuano.pe/EpPo/DescargaINDA.asp?Referencias=NDNMSExITEhMSFlCWUI5V1RNTEhZQkxIVkJfX1lYTEhMSDlXUzhTOExI,20241031
20241002,2331246-1,DECRETOS LEGISLATIVOS,DECRETO LEGISLATIVO,No 1693,Decreto Legislativo que ordena sistematiza y optimiza la eficiencia de la actividad empresarial del Estado y fortalece la estructura y gestion del FONAFE,https://epdoc2.elperuano.pe/EpPo/DescargaINDA.asp?Referencias=NDNMSExITEhMSFlCWUI5V1RNTEhZQkxIOVdfX1ZCVE1MSDlXUzhTOExI,20241031
20241002,2330833-7,PRESIDENCIA DEL CONSEJO DE MINISTROS,DECRETO SUPREMO,No 104-2024-PCM,Decreto Supremo que prorroga y declara el Estado de Emergencia en algunos distritos y centros poblados de provincias pertenecientes a los departamentos de Ayacucho Huancavelica Junin y Cusco,https://epdoc2.elperuano.pe/EpPo/DescargaINDA.asp?Referencias=NDNMSExITEhMSFlCWUI5V1RNTEhZQkxIV1ZfX1M4UzhYQ1lCUzhTOExI,20241031
20241002,2330474-1,COMERCIO EXTERIOR Y TURISMO,RESOLUCION MINISTERIAL,No 282-2024-MINCETUR,Autorizan viaje de representante de PROMPERu para que participe en evento a realizarse en el Reino de Bahrein,https://epdoc2.elperuano.pe/EpPo/DescargaINDA.asp?Referencias=NDNMSExITEhMSFlCWUI5V1RNTEhZQkxIOVdfX1RNV1ZUTVlCUzhTOExI,20241031
20241002,2330029-1,CULTURA,RESOLUCION DIRECTORAL,No 000430-2024-DDC CAJ/MC,Determinan la Proteccion Provisional del Sitio Arqueologico Amoshulca ubicado en el distrito de Cajamarca provincia y departamento de Cajamarca,https://epdoc2.elperuano.pe/EpPo/DescargaINDA.asp?Referencias=NDNMSExITEhMSFlCWUI5V1RNTEhZQkxIOVdfX1lYTEhZQllCUzhTOExI,20241031
20241002,2331161-1,CULTURA,RESOLUCION MINISTERIAL,No 000370-2024-MC,Delegan durante el Ejercicio Fiscal 2024 en el/la Secretario/a General del Ministerio la facultad de autorizar y aprobar las acciones de personal referidas a encargo de puesto y/o de funciones y accion de desplazamiento de designacion temporal en los cargos hasta el Nivel F-5 del personal sujeto al regimen laboral del D. Leg. No 276 del TUO del D. Leg. No 728 o del D. Leg. No 1057 Decreto Legislativo que regula el Regimen de Contratacion Administrativa de Servicios - CAS y modificatorias,https://epdoc2.elperuano.pe/EpPo/DescargaINDA.asp?Referencias=NDNMSExITEhMSFlCWUI5V1RNTEhZQkxIOVdfXzlXVkI5VzlXUzhTOExI,20241031
20241002,2330587-1,DEFENSA,RESOLUCION JEFATURAL,No 00093-2024-CENEPRED/J,Designan Jefe de la Oficina de Planeamiento y Presupuesto del Centro Nacional de Estimacion Prevencion y Reduccion del Riesgo de Desastres,https://epdoc2.elperuano.pe/EpPo/DescargaINDA.asp?Referencias=NDNMSExITEhMSFlCWUI5V1RNTEhZQkxIOVdfX1dWWENVTllCUzhTOExI,20241031
20241002,2330818-1,DEFENSA,RESOLUCION JEFATURAL,No 00094-2024-CENEPRED/J,Designan Director de la Direccion de Fortalecimiento y Asistencia Tecnica del Centro Nacional de Estimacion Prevencion y Reduccion del Riesgo de Desastres,https://epdoc2.elperuano.pe/EpPo/DescargaINDA.asp?Referencias=NDNMSExITEhMSFlCWUI5V1RNTEhZQkxIOVdfX1hDOVdYQ1lCUzhTOExI,20241031
20241002,2330769-1,DEFENSA,RESOLUCION MINISTERIAL,No 01075-2024-DE,Autorizan viaje de personal militar FAP a los Estados Unidos de America en comision de servicios,https://epdoc2.elperuano.pe/EpPo/DescargaINDA.asp?Referencias=NDNMSExITEhMSFlCWUI5V1RNTEhZQkxIOVdfX1lYVkJXVllCUzhTOExI,20241031
20241002,2330771-1,DESARROLLO AGRARIO Y RIEGO,RESOLUCION MINISTERIAL,No 0334-2024-MIDAGRI,Declaran el primer domingo del mes de agosto de cada ano como El Dia del Adobo de Cerdo,https://epdoc2.elperuano.pe/EpPo/DescargaINDA.asp?Referencias=NDNMSExITEhMSFlCWUI5V1RNTEhZQkxIOVdfXzlXV1ZXVllCUzhTOExI,20241031
20241002,2331249-1,DESARROLLO AGRARIO Y RIEGO,RESOLUCION MINISTERIAL,No 0336-2024-MIDAGRI,Declaran de interes del Sector Agrario y de Riego la realizacion del evento «I Feria Internacional del Cacao de Excelencia del Peru - FICACAO 2025» a realizarse en el distrito de Pichari provincia de La Convencion departamento de Cusco,https://epdoc2.elperuano.pe/EpPo/DescargaINDA.asp?Referencias=NDNMSExITEhMSFlCWUI5V1RNTEhZQkxIOVdfX1lYVE1MSDlXUzhTOExI,20241031
20241002,2330754-1,DESARROLLO E INCLUSIoN SOCIAL,RESOLUCION MINISTERIAL,No D000147-2024-MIDIS,Designan Jefa de la Oficina General de Comunicacion Estrategica,https://epdoc2.elperuano.pe/EpPo/DescargaINDA.asp?Referencias=NDNMSExITEhMSFlCWUI5V1RNTEhZQkxIOVdfX1RNVU5XVllCUzhTOExI,20241031
20241002,2330835-1,ECONOMIA Y FINANZAS,DECRETO SUPREMO,No 180-2024-EF,Decreto Supremo que autoriza Transferencia de Partidas en el Presupuesto del Sector Publico para el Ano Fiscal 2024 a favor de la Reserva de Contingencia de gobiernos regionales y de gobiernos locales,https://epdoc2.elperuano.pe/EpPo/DescargaINDA.asp?Referencias=NDNMSExITEhMSFlCWUI5V1RNTEhZQkxIOVdfX1VOUzhYQ1lCUzhTOExI,20241031
20241002,2330836-1,ECONOMIA Y FINANZAS,DECRETO SUPREMO,No 181-2024-EF,Decreto Supremo que aprueba el Reglamento que establece los requisitos para solicitar la opinion del Ministerio de Economia y Finanzas en virtud de la Ley No 30356,https://epdoc2.elperuano.pe/EpPo/DescargaINDA.asp?Referencias=NDNMSExITEhMSFlCWUI5V1RNTEhZQkxIOVdfX1ZCUzhYQ1lCUzhTOExI,20241031
20241002,2330558-1,ECONOMIA Y FINANZAS,RESOLUCION MINISTERIAL,No 303-2024-EF/41,Aprueban el Listado de las Inversiones Estrategicas del Plan Estrategico Sectorial Multianual del Sector Economia y Finanzas 2024-2030,https://epdoc2.elperuano.pe/EpPo/DescargaINDA.asp?Referencias=NDNMSExITEhMSFlCWUI5V1RNTEhZQkxIOVdfX1hDVU5VTllCUzhTOExI,20241031
20241002,2330722-1,EDUCACION,RESOLUCION VICE MINISTERIAL,No 107-2024-MINEDU,Convocan a Concurso Publico para el Ascenso de Escala de los profesores de Educacion Tecnico-Productiva en el marco de la Carrera Publica Magisterial de la Ley No 29944 Ley de Reforma Magisterial correspondiente al ano 2024,https://epdoc2.elperuano.pe/EpPo/DescargaINDA.asp?Referencias=NDNMSExITEhMSFlCWUI5V1RNTEhZQkxIOVdfX0xITEhXVllCUzhTOExI,20241031
20241002,2330446-1,MUJER Y POBLACIONES VULNERABLES,RESOLUCION MINISTERIAL,No 313-2024-MIMP,Extinguen el Comite Intergubernamental para la Igualdad de Genero y las Poblaciones Vulnerables y dejan sin efecto la R. M. No 034-2019-MIMP,https://epdoc2.elperuano.pe/EpPo/DescargaINDA.asp?Referencias=NDNMSExITEhMSFlCWUI5V1RNTEhZQkxIOVdfX1ZCVE1UTVlCUzhTOExI,20241031
20241002,2331250-1,RELACIONES EXTERIORES,FE DE ERRATA,R.S. No 164-2024-RE,FE DE ERRATA,https://epdoc2.elperuano.pe/EpPo/DescargaINDA.asp?Referencias=NDNMSExITEhMSFlCWUI5V1RNTEhZQkxIOVdfX1lCVU5MSDlXUzhTOExI,20241031
20241002,2330207-1,RELACIONES EXTERIORES,RESOLUCION MINISTERIAL,No 0738-2024-RE,Autorizan viaje de funcionario diplomatico a la Republica Portuguesa en comision de servicios,https://epdoc2.elperuano.pe/EpPo/DescargaINDA.asp?Referencias=NDNMSExITEhMSFlCWUI5V1RNTEhZQkxIOVdfX1dWWUJMSFlCUzhTOExI,20241031
20241002,2330555-1,RELACIONES EXTERIORES,RESOLUCION MINISTERIAL,No 0740-2024-RE,Dan por concluida la designacion de Jefe de Oficina de la Oficina de Logistica de la Oficina General de Administracion,https://epdoc2.elperuano.pe/EpPo/DescargaINDA.asp?Referencias=NDNMSExITEhMSFlCWUI5V1RNTEhZQkxIOVdfX1VOVU5VTllCUzhTOExI,20241031
20241002,2330560-1,RELACIONES EXTERIORES,RESOLUCION MINISTERIAL,No 0741-2024-RE,Dan por concluida la designacion de Jefa de Unidad de la Unidad de Programacion de la Oficina de Logistica de la Oficina General de Administracion,https://epdoc2.elperuano.pe/EpPo/DescargaINDA.asp?Referencias=NDNMSExITEhMSFlCWUI5V1RNTEhZQkxIOVdfX1lCVkJVTllCUzhTOExI,20241031
20241002,2330563-1,RELACIONES EXTERIORES,RESOLUCION MINISTERIAL,No 0742-2024-RE,Dan por concluida designacion de Jefe de Unidad de la Unidad de Adquisiciones de la Oficina de Logistica de la Oficina General de Administracion,https://epdoc2.elperuano.pe/EpPo/DescargaINDA.asp?Referencias=NDNMSExITEhMSFlCWUI5V1RNTEhZQkxIOVdfX1M4VkJVTllCUzhTOExI,20241031
20241002,2330479-1,SALUD,RESOLUCION MINISTERIAL,No 666-2024/MINSA,Designan Jefe de Equipo II de la Oficina de Abastecimiento de la Oficina General de Administracion,https://epdoc2.elperuano.pe/EpPo/DescargaINDA.asp?Referencias=NDNMSExITEhMSFlCWUI5V1RNTEhZQkxIOVdfX1lYV1ZUTVlCUzhTOExI,20241031
20241002,2330485-1,SALUD,RESOLUCION MINISTERIAL,No 667-2024/MINSA,Designan Ejecutiva Adjunta I de la Oficina General de Administracion,https://epdoc2.elperuano.pe/EpPo/DescargaINDA.asp?Referencias=NDNMSExITEhMSFlCWUI5V1RNTEhZQkxIOVdfX1VOWENUTVlCUzhTOExI,20241031
20241002,2330957-1,SALUD,RESOLUCION MINISTERIAL,No 668-2024/MINSA,Autorizan viaje de profesionales de la Direccion General de Medicamentos Insumos y Drogas a Colombia en comision de servicios,https://epdoc2.elperuano.pe/EpPo/DescargaINDA.asp?Referencias=NDNMSExITEhMSFlCWUI5V1RNTEhZQkxIOVdfX1dWVU5ZWFlCUzhTOExI,20241031
20241002,2330682-1,TRABAJO Y PROMOCION DEL EMPLEO,RESOLUCION,No 823-PE-ESSALUD-2024,Aprueban el Manual de Operaciones del Hospital General Hospital Modular Bicentenario Chota Gilberto Villena Arrobas y de la IPRESS de Complejidad Creciente Cutervo de la Red Prestacional Lambayeque y dictan otras disposiciones,https://epdoc2.elperuano.pe/EpPo/DescargaINDA.asp?Referencias=NDNMSExITEhMSFlCWUI5V1RNTEhZQkxIOVdfX0xIWENWQllCUzhTOExI,20241031
20241002,2329798-1,TRANSPORTES Y COMUNICACIONES,RESOLUCION DIRECTORAL,No 0553-2024-MTC/17.03,Autorizan a la empresa Revisiones Tecnicas del Peru - BUMA Empresa Individual de Responsabilidad Limitada para operar como Centro de Inspeccion Tecnica Vehicular Fijo en local ubicado en el distrito La Joya provincia y departamento de Arequipa,https://epdoc2.elperuano.pe/EpPo/DescargaINDA.asp?Referencias=NDNMSExITEhMSFlCWUI5V1RNTEhZQkxIOVdfX1hDWVhXVllYTEhTOExI,20241031
20241002,2330077-1,TRANSPORTES Y COMUNICACIONES,RESOLUCION DIRECTORAL,No 0571-2024-MTC/12,Aprueban el texto de la Regulacion Aeronautica del Peru - RAP 141 Centros de Instruccion de Aeronautica Civil Tercera Edicion Enmienda 1,https://epdoc2.elperuano.pe/EpPo/DescargaINDA.asp?Referencias=NDNMSExITEhMSFlCWUI5V1RNTEhZQkxIOVdfX1dWV1ZZQllCUzhTOExI,20241031
20241002,2330206-1,TRANSPORTES Y COMUNICACIONES,RESOLUCION MINISTERIAL,No 558-2024-MTC/01.03,Otorgan a la empresa CORPORACION LUAN PRO S.A.C. Concesion unica para la prestacion de servicios publicos de telecomunicaciones en area que comprende todo el territorio de la Republica,https://epdoc2.elperuano.pe/EpPo/DescargaINDA.asp?Referencias=NDNMSExITEhMSFlCWUI5V1RNTEhZQkxIOVdfX1ZCWUJMSFlCUzhTOExI,20241031
20241002,2330214-1,TRANSPORTES Y COMUNICACIONES,RESOLUCION MINISTERIAL,No 559-2024-MTC/01.03,Otorgan a la empresa CONEXION DIRECTA TELECOM S.A.C. Concesion unica para la prestacion de servicios publicos de telecomunicaciones en area que comprende todo el territorio de la Republica,https://epdoc2.elperuano.pe/EpPo/DescargaINDA.asp?Referencias=NDNMSExITEhMSFlCWUI5V1RNTEhZQkxIOVdfX1RNOVdMSFlCUzhTOExI,20241031
20241002,2330253-1,TRANSPORTES Y COMUNICACIONES,RESOLUCION MINISTERIAL,No 564-2024-MTC/01.03,Otorgan a la empresa FIBER WIII PERU TEL S.A.C. Concesion unica para la prestacion de servicios publicos de telecomunicaciones en area que comprende todo el territorio de la Republica,https://epdoc2.elperuano.pe/EpPo/DescargaINDA.asp?Referencias=NDNMSExITEhMSFlCWUI5V1RNTEhZQkxIOVdfX1M4VU5MSFlCUzhTOExI,20241031
20241002,2330774-1,TRANSPORTES Y COMUNICACIONES,RESOLUCION MINISTERIAL,No 551-2024-MTC/01.02,Aprueban ejecucion de expropiacion de area afectada de inmuebles para la ejecucion de la obra: Tramos viales del eje multimodal del Amazonas Norte del Plan de accion para la integracion de infraestructura regional sudamericana - IIRSA y el valor de tasacion,https://epdoc2.elperuano.pe/EpPo/DescargaINDA.asp?Referencias=NDNMSExITEhMSFlCWUI5V1RNTEhZQkxIOVdfX1RNV1ZXVllCUzhTOExI,20241031
20241002,2330661-1,VIVIENDA  CONSTRUCCIoN Y SANEAMIENTO,RESOLUCION MINISTERIAL,No 372-2024-VIVIENDA,Designan Director Ejecutivo del Programa Nacional de Saneamiento Rural,https://epdoc2.elperuano.pe/EpPo/DescargaINDA.asp?Referencias=NDNMSExITEhMSFlCWUI5V1RNTEhZQkxIOVdfXzlXVkJWQllCUzhTOExI,20241031
20241002,2330765-1,VIVIENDA  CONSTRUCCIoN Y SANEAMIENTO,RESOLUCION MINISTERIAL,No 373-2024-VIVIENDA,Designan Director de la Direccion de Ejecucion de Programas y Proyectos en Vivienda y Urbanismo,https://epdoc2.elperuano.pe/EpPo/DescargaINDA.asp?Referencias=NDNMSExITEhMSFlCWUI5V1RNTEhZQkxIOVdfX1VOVkJXVllCUzhTOExI,20241031
20241002,2330830-1,VIVIENDA  CONSTRUCCIoN Y SANEAMIENTO,RESOLUCION MINISTERIAL,No 375-2024-VIVIENDA,Designan Director de la Oficina de Inversiones de la Oficina General de Planeamiento y Presupuesto,https://epdoc2.elperuano.pe/EpPo/DescargaINDA.asp?Referencias=NDNMSExITEhMSFlCWUI5V1RNTEhZQkxIOVdfX1lCUzhYQ1lCUzhTOExI,20241031
20241002,2330824-1,BIBLIOTECA NACIONAL DEL PERU,RESOLUCION JEFATURAL,No 000151-2024-BNP,Designan Coordinadora de Recursos Humanos de la Oficina de Administracion,https://epdoc2.elperuano.pe/EpPo/DescargaINDA.asp?Referencias=NDNMSExITEhMSFlCWUI5V1RNTEhZQkxIOVdfX1RNTEhYQ1lCUzhTOExI,20241031
20241002,2330834-1,DESPACHO PRESIDENCIAL,RESOLUCION,No 000046-2024-DP/SG,Aprueban el Texto Integrado del Reglamento de Organizacion y Funciones del Despacho Presidencial,https://epdoc2.elperuano.pe/EpPo/DescargaINDA.asp?Referencias=NDNMSExITEhMSFlCWUI5V1RNTEhZQkxIOVdfX1RNUzhYQ1lCUzhTOExI,20241031
20241002,2330820-1,INSTITUTO NACIONAL DE ENFERMEDADES NEOPLASICAS,RESOLUCION JEFATURAL,No 201-2024-J/INEN,Designan Director Ejecutivo de la Oficina de Ingenieria Mantenimiento y Servicios del Instituto Nacional de Enfermedades Neoplasicas - INEN,https://epdoc2.elperuano.pe/EpPo/DescargaINDA.asp?Referencias=NDNMSExITEhMSFlCWUI5V1RNTEhZQkxIOVdfX1lCTEhYQ1lCUzhTOExI,20241031
20241002,2330827-1,INSTITUTO NACIONAL DE ENFERMEDADES NEOPLASICAS,RESOLUCION JEFATURAL,No 202-2024-J/INEN,Designan Director Ejecutivo de la Oficina de Logistica del Instituto Nacional de Enfermedades Neoplasicas,https://epdoc2.elperuano.pe/EpPo/DescargaINDA.asp?Referencias=NDNMSExITEhMSFlCWUI5V1RNTEhZQkxIOVdfX1dWTEhYQ1lCUzhTOExI,20241031
20241002,2330829-1,INSTITUTO NACIONAL DE ENFERMEDADES NEOPLASICAS,RESOLUCION JEFATURAL,No 203-2024-J/INEN,Designan Director Ejecutivo del Departamento de Farmacia del Instituto Nacional de Enfermedades Neoplasicas,https://epdoc2.elperuano.pe/EpPo/DescargaINDA.asp?Referencias=NDNMSExITEhMSFlCWUI5V1RNTEhZQkxIOVdfX1lYTEhYQ1lCUzhTOExI,20241031
20241002,2330831-1,SEGURO INTEGRAL DE SALUD,FE DE ERRATA,R.J. No 000139-2024-SIS/J,FE DE ERRATA,https://epdoc2.elperuano.pe/EpPo/DescargaINDA.asp?Referencias=NDNMSExITEhMSFlCWUI5V1RNTEhZQkxIOVdfXzlXUzhYQ1lCUzhTOExI,20241031
20241002,2331020-1,AUTORIDAD DE TRANSPORTE URBANO PARA LIMA Y CALLAO,RESOLUCION,No 211-2024-ATU/PE,Designan Jefe de la Oficina de Asesoria Juridica de la Autoridad de Transporte Urbano para Lima y Callao - ATU,https://epdoc2.elperuano.pe/EpPo/DescargaINDA.asp?Referencias=NDNMSExITEhMSFlCWUI5V1RNTEhZQkxIOVdfX1lCTEhZQjlXUzhTOExI,20241031
20241002,2330883-1,AUTORIDAD NACIONAL DEL AGUA,RESOLUCION JEFATURAL,No 0383-2024-ANA,Designan Asesor de la Jefatura de la Autoridad Nacional del Agua,https://epdoc2.elperuano.pe/EpPo/DescargaINDA.asp?Referencias=NDNMSExITEhMSFlCWUI5V1RNTEhZQkxIOVdfX1M4WENYQ1lCUzhTOExI,20241031
20241002,2330893-1,AUTORIDAD NACIONAL DEL AGUA,RESOLUCION JEFATURAL,No 0385-2024-ANA,Designan Director de la Direccion del Sistema Nacional de Informacion de Recursos Hidricos de la Autoridad Nacional del Agua,https://epdoc2.elperuano.pe/EpPo/DescargaINDA.asp?Referencias=NDNMSExITEhMSFlCWUI5V1RNTEhZQkxIOVdfX1M4WVhYQ1lCUzhTOExI,20241031
20241002,2330113-1,INSTITUTO GEOLoGICO MINERO Y METALuRGICO,RESOLUCION,No 117-2024-INGEMMET/PE,Declaran la caducidad por el no pago oportuno de los anos 2023-2024 de 3060 derechos mineros y dictan otras disposiciones,https://epdoc2.elperuano.pe/EpPo/DescargaINDA.asp?Referencias=NDNMSExITEhMSFlCWUI5V1RNTEhZQkxIOVdfX1M4OVc5V1lCUzhTOExI,20241031
20241002,2330673-1,INSTITUTO NACIONAL DE ESTADISTICA E INFORMATICA,RESOLUCION JEFATURAL,No 233-2024-INEI,Aprueban indices Unificados de Precios de la Construccion para las seis (6) areas Geograficas correspondientes al mes de setiembre de 2024,https://epdoc2.elperuano.pe/EpPo/DescargaINDA.asp?Referencias=NDNMSExITEhMSFlCWUI5V1RNTEhZQkxIOVdfX1M4V1ZWQllCUzhTOExI,20241031
20241002,2330673-2,INSTITUTO NACIONAL DE ESTADISTICA E INFORMATICA,RESOLUCION JEFATURAL,No 234-2024-INEI,Aprueban Factores de Liquidacion F para el calculo de Compensacion por Tiempo de Servicio de los trabajadores de Construccion Civil para las seis (06) areas Geograficas correspondiente a los meses comprendidos de junio de 2023 a mayo de 2024,https://epdoc2.elperuano.pe/EpPo/DescargaINDA.asp?Referencias=NDNMSExITEhMSFlCWUI5V1RNTEhZQkxITEhfX1M4V1ZWQllCUzhTOExI,20241031
20241002,2330673-3,INSTITUTO NACIONAL DE ESTADISTICA E INFORMATICA,RESOLUCION JEFATURAL,No 235-2024-INEI,Aprueban los Factores de Liquidacion V para el calculo de la Compensacion Vacacional de los trabajadores de Construccion Civil para las seis (06) areas Geograficas correspondiente a los meses comprendidos de junio de 2023 a mayo de 2024,https://epdoc2.elperuano.pe/EpPo/DescargaINDA.asp?Referencias=NDNMSExITEhMSFlCWUI5V1RNTEhZQkxIUzhfX1M4V1ZWQllCUzhTOExI,20241031
20241002,2330483-1,SERVICIO NACIONAL DE CERTIFICACIoN AMBIENTAL PARA LAS INVERSIONES SOSTENIBLES,RESOLUCION,No 00099-2024-SENACE/PE,Designan representantes del Senace ante la Comision encargada de conducir coordinar y culminar el proceso de Transferencia de Funciones del Subsector Salud del Ministerio de Salud,https://epdoc2.elperuano.pe/EpPo/DescargaINDA.asp?Referencias=NDNMSExITEhMSFlCWUI5V1RNTEhZQkxIOVdfX1M4WENUTVlCUzhTOExI,20241031
20241002,2330190-1,SUPERINTENDENCIA NACIONAL DE LOS REGISTROS PUBLICOS,RESOLUCION,No 00144-2024-SUNARP/SN,Autorizan Transferencia financiera a favor de la Contraloria General de la Republica,https://epdoc2.elperuano.pe/EpPo/DescargaINDA.asp?Referencias=NDNMSExITEhMSFlCWUI5V1RNTEhZQkxIOVdfX1lCWVg5V1lCUzhTOExI,20241031
20241002,2330490-1,CORTES SUPERIORES DE JUSTICIA,RESOLUCION ADMINISTRATIVA,No 000727-2024-P-CSNJPE-PJ,Encargan el Despacho de la Presidencia de la Corte Superior Nacional de Justicia Penal Especializada,https://epdoc2.elperuano.pe/EpPo/DescargaINDA.asp?Referencias=NDNMSExITEhMSFlCWUI5V1RNTEhZQkxIOVdfX1lCWVhUTVlCUzhTOExI,20241031
20241002,2330615-1,BANCO CENTRAL DE RESERVA,CIRCULAR,No 0025-2024-BCRP,indice de reajuste diario a que se refiere el articulo 240º de la Ley General del Sistema Financiero y del Sistema de Seguros y Organica de la Superintendencia de Banca Seguros y AFP correspondiente al mes de octubre,https://epdoc2.elperuano.pe/EpPo/DescargaINDA.asp?Referencias=NDNMSExITEhMSFlCWUI5V1RNTEhZQkxIOVdfX1VOOVdWQllCUzhTOExI,20241031
20241002,2327561-1,BANCO CENTRAL DE RESERVA,RESOLUCION,No 0046-2024-BCRP-N,Autorizan viaje de Gerente de Politica Monetaria a Mexico en comision de servicios,https://epdoc2.elperuano.pe/EpPo/DescargaINDA.asp?Referencias=NDNMSExITEhMSFlCWUI5V1RNTEhZQkxIOVdfXzlXVkJVTldWTEhTOExI,20241031
20241002,2325508-1,INSTITUCIONES EDUCATIVAS,RESOLUCION,No 700-2024-UNF/CO,Autorizan viaje de profesional de la Universidad Nacional de Frontera a Ecuador en comision de servicios,https://epdoc2.elperuano.pe/EpPo/DescargaINDA.asp?Referencias=NDNMSExITEhMSFlCWUI5V1RNTEhZQkxIOVdfX1hDWUJVTlVOTEhTOExI,20241031
20241002,2326887-1,INSTITUCIONES EDUCATIVAS,RESOLUCION,No CU-456-2024-UNSAAC,Autorizan viaje de docente de la Universidad Nacional de San Antonio Abad del Cusco para participar en congreso que se realizara en Panama,https://epdoc2.elperuano.pe/EpPo/DescargaINDA.asp?Referencias=NDNMSExITEhMSFlCWUI5V1RNTEhZQkxIOVdfX1dWWENYQ1ZCTEhTOExI,20241031
20241002,2328585-1,INSTITUCIONES EDUCATIVAS,RESOLUCION,No 2642-2024-R-UNA,Autorizan viaje de autoridades de la Universidad Nacional del Altiplano -Puno a Espana en comision de servicios,https://epdoc2.elperuano.pe/EpPo/DescargaINDA.asp?Referencias=NDNMSExITEhMSFlCWUI5V1RNTEhZQkxIOVdfX1VOWENVTlhDTEhTOExI,20241031
20241002,2330516-1,SUPERINTENDENCIA DE BANCA  SEGUROS Y ADMINISTRADORAS PRIVADAS DE FONDOS DE PENSIONES,RESOLUCION,No 03450-2024,Declaran la disolucion de la Cooperativa de Ahorro y Credito La Solucion de Arequipa Ltda.,https://epdoc2.elperuano.pe/EpPo/DescargaINDA.asp?Referencias=NDNMSExITEhMSFlCWUI5V1RNTEhZQkxIOVdfX1ZCOVdVTllCUzhTOExI,20241031
20241002,2329313-1,GOBIERNO REGIONAL DE LIMA,ACUERDO,No 324-2024-CR/GRL,Autorizan viaje de Gobernadora Regional para participar en la V Cumbre Mundial de las Regiones sobre Seguridad y Soberania Alimentaria que se realizara en Espana,https://epdoc2.elperuano.pe/EpPo/DescargaINDA.asp?Referencias=NDNMSExITEhMSFlCWUI5V1RNTEhZQkxIOVdfX1M4OVdTOFlYTEhTOExI,20241031
20241002,2330205-1,GOBIERNO REGIONAL DE SAN MARTIN,DECRETO,No 004-2024-GRSM/GR,Aprueban el Manual de Operaciones (MOP) del Proyecto Especial Huallaga Central y Bajo Mayo,https://epdoc2.elperuano.pe/EpPo/DescargaINDA.asp?Referencias=NDNMSExITEhMSFlCWUI5V1RNTEhZQkxIOVdfX1VOWUJMSFlCUzhTOExI,20241031
20241002,2330350-1,MUNICIPALIDAD METROPOLITANA DE LIMA,ORDENANZA,No 2655,Ordenanza que aprueba la rectificacion del plano de zonificacion del distrito de Ate,https://epdoc2.elperuano.pe/EpPo/DescargaINDA.asp?Referencias=NDNMSExITEhMSFlCWUI5V1RNTEhZQkxIOVdfX1lCVU5TOFlCUzhTOExI,20241031
20241002,2330352-1,MUNICIPALIDAD METROPOLITANA DE LIMA,ORDENANZA,No 2656,Ordenanza que aprueba la rectificacion del plano de zonificacion del distrito de Carabayllo,https://epdoc2.elperuano.pe/EpPo/DescargaINDA.asp?Referencias=NDNMSExITEhMSFlCWUI5V1RNTEhZQkxIOVdfX0xIVU5TOFlCUzhTOExI,20241031
20241002,2330821-1,MUNICIPALIDAD DE JESUS MARIA,ORDENANZA,No 721-MDJM,Modifican la Ordenanza No 686-MDJM que declara como prioridad en la Politica Publica Local el Desarrollo Infantil Temprano en el Distrito de Jesus Maria,https://epdoc2.elperuano.pe/EpPo/DescargaINDA.asp?Referencias=NDNMSExITEhMSFlCWUI5V1RNTEhZQkxIOVdfXzlXTEhYQ1lCUzhTOExI,20241031
20241002,2330822-1,MUNICIPALIDAD DE JESUS MARIA,ORDENANZA,No 724-MDJM,Ordenanza que modifica el Reglamento de Organizacion y Funciones de las Juntas Vecinales Comunales de Jesus Maria,https://epdoc2.elperuano.pe/EpPo/DescargaINDA.asp?Referencias=NDNMSExITEhMSFlCWUI5V1RNTEhZQkxIOVdfX0xITEhYQ1lCUzhTOExI,20241031
20241002,2330826-1,MUNICIPALIDAD DE JESUS MARIA,ORDENANZA,No 725-MDJM,Aprueban el Reglamento Electoral de las Juntas Vecinales Comunales de Jesus Maria,https://epdoc2.elperuano.pe/EpPo/DescargaINDA.asp?Referencias=NDNMSExITEhMSFlCWUI5V1RNTEhZQkxIOVdfX1ZCTEhYQ1lCUzhTOExI,20241031
20241002,2329549-1,MUNICIPALIDAD DE LURIGANCHO CHOSICA,RESOLUCION DE ALCALDIA,No 363-2024-MDL,Conforman el Comite Especial de Promocion de la Inversion Privada en Infraestructura Publica de la Municipalidad Distrital de Lurigancho - CEPRI LURIGANCHO,https://epdoc2.elperuano.pe/EpPo/DescargaINDA.asp?Referencias=NDNMSExITEhMSFlCWUI5V1RNTEhZQkxIOVdfX1lYVE1VTllYTEhTOExI,20241031
20241002,2330290-1,MUNICIPALIDAD DE SAN ISIDRO,ORDENANZA,No 607-MSI,Ordenanza Municipal que prohibe el uso del castigo fisico y humillante contra las ninas ninos y adolescentes,https://epdoc2.elperuano.pe/EpPo/DescargaINDA.asp?Referencias=NDNMSExITEhMSFlCWUI5V1RNTEhZQkxIOVdfX1lCWVhMSFlCUzhTOExI,20241031
20241002,2330323-1,RELACIONES EXTERIORES,CONVENIO,Addendum No 2 al Convenio,Addendum No 2 al Convenio de Financiacion DCI-LA/2017/038-902 Apoyo a la lucha contra el Trafico Ilicito de Drogas y el Crimen Organizado,https://epdoc2.elperuano.pe/EpPo/DescargaINDA.asp?Referencias=NDNMSExITEhMSFlCWUI5V1RNTEhZQkxIOVdfX1M4TEhTOFlCUzhTOExI,20241031
20241002,2330329-1,RELACIONES EXTERIORES,CONVENIO,Entrada en vigor del Addendum No 2,Entrada en vigor del Addendum No 2 al Convenio de Financiacion DCI-LA/2017/038-902 Apoyo a la lucha contra el Trafico Ilicito de Drogas y el Crimen Organizado,https://epdoc2.elperuano.pe/EpPo/DescargaINDA.asp?Referencias=NDNMSExITEhMSFlCWUI5V1RNTEhZQkxIOVdfX1lYTEhTOFlCUzhTOExI,20241031
20241001,2330387-1,PRESIDENCIA DEL CONSEJO DE MINISTROS,DECRETO SUPREMO,No 103-2024-PCM,Decreto Supremo que prorroga el Estado de Emergencia declarado en el Corredor Vial Sur Apurimac-Cusco-Arequipa,https://epdoc2.elperuano.pe/EpPo/DescargaINDA.asp?Referencias=NDM5VzlXOVc5V1lCWUI5V1RNTEhZQkxIOVdfX1dWWENTOFlCUzhTOExI,20241031
20241001,2330320-1,PRESIDENCIA DEL CONSEJO DE MINISTROS,RESOLUCION DIRECTORAL,No 000127-2024-PEL/PEL,Aprueban el Manual de Clasificador de Cargos del Proyecto Especial Legado,https://epdoc2.elperuano.pe/EpPo/DescargaINDA.asp?Referencias=NDM5VzlXOVc5V1lCWUI5V1RNTEhZQkxIOVdfX1lCTEhTOFlCUzhTOExI,20241031
20241001,2329921-1,AMBIENTE,RESOLUCION MINISTERIAL,No 00309-2024-MINAM,Disponen la publicacion en la sede digital del Ministerio del proyecto de Documento metodologico sobre la medicion de las emisiones reducciones y remociones de Gases de Efecto Invernadero del sector Uso de la Tierra Cambio de Uso de la Tierra y Silvicultura,https://epdoc2.elperuano.pe/EpPo/DescargaINDA.asp?Referencias=NDM5VzlXOVc5V1lCWUI5V1RNTEhZQkxIOVdfXzlXTEhZWFlYTEhTOExI,20241031
20241001,2330468-1,COMERCIO EXTERIOR Y TURISMO,RESOLUCION MINISTERIAL,No 281-2024-MINCETUR,Autorizan viaje de Director General de Estrategia Turistica a la Republica Dominicana en comision de servicios,https://epdoc2.elperuano.pe/EpPo/DescargaINDA.asp?Referencias=NDM5VzlXOVc5V1lCWUI5V1RNTEhZQkxIOVdfX1hDVkJUTVlCUzhTOExI,20241031
20241001,2330393-1,CULTURA,RESOLUCION MINISTERIAL,No 000368-2024-MC,Designan Asesora ll del Despacho Ministerial,https://epdoc2.elperuano.pe/EpPo/DescargaINDA.asp?Referencias=NDM5VzlXOVc5V1lCWUI5V1RNTEhZQkxIOVdfX1M4WVhTOFlCUzhTOExI,20241031
20241001,2330394-1,CULTURA,RESOLUCION MINISTERIAL,No 000369-2024-MC,Designan Asesora ll del Despacho Ministerial,https://epdoc2.elperuano.pe/EpPo/DescargaINDA.asp?Referencias=NDM5VzlXOVc5V1lCWUI5V1RNTEhZQkxIOVdfX1RNWVhTOFlCUzhTOExI,20241031
20241001,2329999-1,DEFENSA,RESOLUCION MINISTERIAL,No 01066-2024-DE,Autorizan viaje de personal militar del Instituto Geografico Nacional a Mexico en comision de servicios,https://epdoc2.elperuano.pe/EpPo/DescargaINDA.asp?Referencias=NDM5VzlXOVc5V1lCWUI5V1RNTEhZQkxIOVdfX1lYWVhZWFlYTEhTOExI,20241031
20241001,2330372-1,DESARROLLO AGRARIO Y RIEGO,RESOLUCION DIRECTORAL,No 321-2024-MIDAGRI-DVDAFIR-AGRO RURAL-DE,Designan Jefe de la Sub Unidad de Cadena de Valor Ganadero de la Unidad de Cadena de Valor Agricola y Ganadera de AGRO RURAL,https://epdoc2.elperuano.pe/EpPo/DescargaINDA.asp?Referencias=NDM5VzlXOVc5V1lCWUI5V1RNTEhZQkxIOVdfX0xIV1ZTOFlCUzhTOExI,20241031
20241001,2329990-1,DESARROLLO AGRARIO Y RIEGO,RESOLUCION JEFATURAL,No D000163-2024-MIDAGRI-SENASA-JN,Aceptan renuncia de Director de la Unidad de Gestion de Recursos Humanos del Servicio Nacional de Sanidad Agraria,https://epdoc2.elperuano.pe/EpPo/DescargaINDA.asp?Referencias=NDM5VzlXOVc5V1lCWUI5V1RNTEhZQkxIOVdfX1lCWVhZWFlYTEhTOExI,20241031
20241001,2330191-1,DESARROLLO AGRARIO Y RIEGO,RESOLUCION MINISTERIAL,No 0331-2024-MIDAGRI,Aprueban dos (02) Fichas de Homologacion denominadas: Geomembrana de polietileno de alta densidad (HDPE) con 1 mm de espesor y Geotextil no tejido de polipropileno de 300 g/m2,https://epdoc2.elperuano.pe/EpPo/DescargaINDA.asp?Referencias=NDM5VzlXOVc5V1lCWUI5V1RNTEhZQkxIOVdfXzlXWVg5V1lCUzhTOExI,20241031
20241001,2329934-1,DESARROLLO E INCLUSIoN SOCIAL,RESOLUCION MINISTERIAL,No D000144-2024-MIDIS,Aprueban el Listado de Inversiones Estrategicas en el Plan Estrategico Sectorial Multianual (PESEM) del Sector Desarrollo e Inclusion Social,https://epdoc2.elperuano.pe/EpPo/DescargaINDA.asp?Referencias=NDM5VzlXOVc5V1lCWUI5V1RNTEhZQkxIOVdfX1RNUzhZWFlYTEhTOExI,20241031
20241001,2330208-1,EDUCACION,RESOLUCION MINISTERIAL,No 488-2024-MINEDU,Aprueban el Plan de Reparaciones en Educacion al 2026 conforme a lo establecido en la Ley No 28592 Ley que crea el Plan Integral de Reparaciones (PIR),https://epdoc2.elperuano.pe/EpPo/DescargaINDA.asp?Referencias=NDM5VzlXOVc5V1lCWUI5V1RNTEhZQkxIOVdfX1hDWUJMSFlCUzhTOExI,20241031
20241001,2330433-1,EDUCACION,RESOLUCION MINISTERIAL,No 491-2024-MINEDU,Autorizan viaje de funcionaria a la Republica Francesa en comision de servicios,https://epdoc2.elperuano.pe/EpPo/DescargaINDA.asp?Referencias=NDM5VzlXOVc5V1lCWUI5V1RNTEhZQkxIOVdfX1M4UzhUTVlCUzhTOExI,20241031
20241001,2330434-1,EDUCACION,RESOLUCION MINISTERIAL,No 492-2024-MINEDU,Autorizan viaje de Presidente del Instituto Peruano del Deporte a Paraguay en comision de servicios,https://epdoc2.elperuano.pe/EpPo/DescargaINDA.asp?Referencias=NDM5VzlXOVc5V1lCWUI5V1RNTEhZQkxIOVdfX1RNUzhUTVlCUzhTOExI,20241031
20241001,2330208-2,EDUCACION,RESOLUCION VICE MINISTERIAL,No 106-2024-MINEDU,Aprueban la Norma Tecnica denominada Norma que regula el Concurso Publico para el Ascenso de Escala de los profesores de Educacion Tecnico-Productiva en el marco de la Carrera Publica Magisterial de la Ley No 29944 Ley de Reforma Magisterial,https://epdoc2.elperuano.pe/EpPo/DescargaINDA.asp?Referencias=NDM5VzlXOVc5V1lCWUI5V1RNTEhZQkxITEhfX1hDWUJMSFlCUzhTOExI,20241031
20241001,2330507-1,ENERGIA Y MINAS,RESOLUCION MINISTERIAL,No 375-2024-MINEM/DM,Declaran en situacion de grave deficiencia del servicio electrico el Sistema Electrico de Iquitos y designan a Electro Oriente S.A. para encargarse de implementar medidas temporales que permitan garantizar el abastecimiento oportuno de energia electrica en cumplimiento a lo senalado en el D.S. No 044-2014-EM,https://epdoc2.elperuano.pe/EpPo/DescargaINDA.asp?Referencias=NDM5VzlXOVc5V1lCWUI5V1RNTEhZQkxIOVdfX1dWWUJVTllCUzhTOExI,20241031
20241001,2330543-1,JUSTICIA Y DERECHOS HUMANOS,RESOLUCION,No 184-2024-JUS/PRONACEJ,Designan Coordinador de la Unidad de Gestion de Medida Socioeducativa de Internacion del Programa Nacional de Centros Juveniles,https://epdoc2.elperuano.pe/EpPo/DescargaINDA.asp?Referencias=NDM5VzlXOVc5V1lCWUI5V1RNTEhZQkxIOVdfX1M4VE1VTllCUzhTOExI,20241031
20241001,2330219-1,JUSTICIA Y DERECHOS HUMANOS,RESOLUCION MINISTERIAL,No 0253-2024-JUS,Nombran notario del distrito de 26 de Octubre provincia de Piura departamento de Piura del Distrito Notarial de Piura y Tumbes,https://epdoc2.elperuano.pe/EpPo/DescargaINDA.asp?Referencias=NDM5VzlXOVc5V1lCWUI5V1RNTEhZQkxIOVdfX1lYOVdMSFlCUzhTOExI,20241031
20241001,2330224-1,JUSTICIA Y DERECHOS HUMANOS,RESOLUCION MINISTERIAL,No 0254-2024-JUS,Cancelan titulo y nombran notario del distrito de Castilla provincia de Piura departamento de Piura distrito notarial de Piura y Tumbes,https://epdoc2.elperuano.pe/EpPo/DescargaINDA.asp?Referencias=NDM5VzlXOVc5V1lCWUI5V1RNTEhZQkxIOVdfX1RNTEhMSFlCUzhTOExI,20241031
20241001,2330260-1,SALUD,RESOLUCION VICE MINISTERIAL,No D000116-2024-DVMPAS-MINSA,Designan Director Adjunto de la Direccion General del Hospital Hermilio Valdizan,https://epdoc2.elperuano.pe/EpPo/DescargaINDA.asp?Referencias=NDM5VzlXOVc5V1lCWUI5V1RNTEhZQkxIOVdfX1lCVkJMSFlCUzhTOExI,20241031
20241001,2330162-1,TRABAJO Y PROMOCION DEL EMPLEO,RESOLUCION MINISTERIAL,No 153-2024-TR,Aprueban el Listado de las Inversiones Estrategicas vinculadas al Plan Estrategico Sectorial Multianual (PESEM) 2024-2030 del Sector Trabajo y Promocion del Empleo,https://epdoc2.elperuano.pe/EpPo/DescargaINDA.asp?Referencias=NDM5VzlXOVc5V1lCWUI5V1RNTEhZQkxIOVdfX0xIVkI5V1lCUzhTOExI,20241031
20241001,2329903-1,TRANSPORTES Y COMUNICACIONES,RESOLUCION MINISTERIAL,No 563-2024-MTC/01.02,Aprueban ejecucion de expropiacion de areas afectadas de inmuebles para la ejecucion de la obra: Tramos viales del eje multimodal del Amazonas Norte del Plan de accion para la integracion de infraestructura regional sudamericana - IIRSA,https://epdoc2.elperuano.pe/EpPo/DescargaINDA.asp?Referencias=NDM5VzlXOVc5V1lCWUI5V1RNTEhZQkxIOVdfX1M4WUJZWFlYTEhTOExI,20241031
20241001,2330197-1,TRANSPORTES Y COMUNICACIONES,RESOLUCION MINISTERIAL,No 553-2024-MTC/01.02,Autorizan viaje de inspectora de la Direccion General de Aeronautica Civil a EE.UU. en comision de servicios,https://epdoc2.elperuano.pe/EpPo/DescargaINDA.asp?Referencias=NDM5VzlXOVc5V1lCWUI5V1RNTEhZQkxIOVdfX1dWWVg5V1lCUzhTOExI,20241031
20241001,2330382-1,TRANSPORTES Y COMUNICACIONES,RESOLUCION MINISTERIAL,No 571-2024-MTC/01,Designan Directora de la Oficina de Monitoreo y Evaluacion de Impacto de la Oficina General de Articulacion Monitoreo y Evaluacion de Impacto del Ministerio,https://epdoc2.elperuano.pe/EpPo/DescargaINDA.asp?Referencias=NDM5VzlXOVc5V1lCWUI5V1RNTEhZQkxIOVdfX0xIWENTOFlCUzhTOExI,20241031
20241001,2330203-1,VIVIENDA  CONSTRUCCIoN Y SANEAMIENTO,RESOLUCION MINISTERIAL,No 366-2024-VIVIENDA,Designan Director de la Oficina de Tecnologia de la Informacion de la Oficina General de Estadistica e Informatica del Ministerio,https://epdoc2.elperuano.pe/EpPo/DescargaINDA.asp?Referencias=NDM5VzlXOVc5V1lCWUI5V1RNTEhZQkxIOVdfX1M4WUJMSFlCUzhTOExI,20241031
20241001,2330419-1,AGENCIA DE COMPRAS DE LAS FUERZAS ARMADAS,RESOLUCION JEFATURAL,No 129-2024-ACFFAA,Designan Jefe de la Oficina General de Administracion de la Agencia de Compras de las Fuerzas Armadas,https://epdoc2.elperuano.pe/EpPo/DescargaINDA.asp?Referencias=NDM5VzlXOVc5V1lCWUI5V1RNTEhZQkxIOVdfX1lYOVdUTVlCUzhTOExI,20241031
20241001,2330569-1,AGENCIA DE COMPRAS DE LAS FUERZAS ARMADAS,RESOLUCION JEFATURAL,No 131-2024-ACFFAA,Designan Secretario General de la Agencia de Compras de las Fuerzas Armadas,https://epdoc2.elperuano.pe/EpPo/DescargaINDA.asp?Referencias=NDM5VzlXOVc5V1lCWUI5V1RNTEhZQkxIOVdfX1lYVkJVTllCUzhTOExI,20241031
20241001,2330274-1,CENTRAL DE COMPRAS PuBLICAS,RESOLUCION JEFATURAL,No 000173-2024-PERu COMPRAS-JEFATURA,Designan jefa de la Oficina de Asesoria Juridica de la Central de Compras Publicas - PERu COMPRAS,https://epdoc2.elperuano.pe/EpPo/DescargaINDA.asp?Referencias=NDM5VzlXOVc5V1lCWUI5V1RNTEhZQkxIOVdfX1RNV1ZMSFlCUzhTOExI,20241031
20241001,2330236-1,SEGURO INTEGRAL DE SALUD,RESOLUCION JEFATURAL,No 000139-2024-SIS/J,Aprueban la Directiva No 008-2024-SIS/GNF-V.04 Directiva para el Monitoreo Supervision y Seguimiento a las Transferencias Financieras del Seguro Integral de Salud,https://epdoc2.elperuano.pe/EpPo/DescargaINDA.asp?Referencias=NDM5VzlXOVc5V1lCWUI5V1RNTEhZQkxIOVdfX1ZCUzhMSFlCUzhTOExI,20241031
20241001,2330192-1,AGENCIA DE PROMOCIoN DE LA INVERSIoN PRIVADA,RESOLUCION,No 166-2024,Aprueban modificacion del Manual de Clasificador de Cargos de la Agencia de Promocion de la Inversion Privada - PROINVERSIoN,https://epdoc2.elperuano.pe/EpPo/DescargaINDA.asp?Referencias=NDM5VzlXOVc5V1lCWUI5V1RNTEhZQkxIOVdfX0xIWVg5V1lCUzhTOExI,20241031
20241001,2330534-1,AUTORIDAD NACIONAL DEL AGUA,RESOLUCION JEFATURAL,No 0379-2024-ANA,Designan Administrador Local de Agua de la Administracion Local de Agua Colca Siguas Chivay,https://epdoc2.elperuano.pe/EpPo/DescargaINDA.asp?Referencias=NDM5VzlXOVc5V1lCWUI5V1RNTEhZQkxIOVdfX1RNUzhVTllCUzhTOExI,20241031
20241001,2330540-1,AUTORIDAD NACIONAL DEL AGUA,RESOLUCION JEFATURAL,No 0378-2024-ANA,Designan Director de la Direccion de Planificacion y Desarrollo de los Recursos Hidricos de la Autoridad Nacional del Agua,https://epdoc2.elperuano.pe/EpPo/DescargaINDA.asp?Referencias=NDM5VzlXOVc5V1lCWUI5V1RNTEhZQkxIOVdfX1lCVE1VTllCUzhTOExI,20241031
20241001,2330223-1,COMISIoN DE PROMOCIoN DEL PERu PARA LA EXPORTACIoN Y EL TURISMO,RESOLUCION,No 000153-2024-PROMPERU/PE,Designan Asesor 2 de la Presidencia Ejecutiva de la Comision de Promocion del Peru para la Exportacion y el Turismo - PROMPERu,https://epdoc2.elperuano.pe/EpPo/DescargaINDA.asp?Referencias=NDM5VzlXOVc5V1lCWUI5V1RNTEhZQkxIOVdfX1M4TEhMSFlCUzhTOExI,20241031
20241001,2330279-1,INSTITUTO NACIONAL DE ESTADISTICA E INFORMATICA,RESOLUCION JEFATURAL,No 231-2024-INEI,Aprueban indices de Precios al Consumidor a Nivel Nacional y de Lima Metropolitana correspondientes al mes de setiembre de 2024,https://epdoc2.elperuano.pe/EpPo/DescargaINDA.asp?Referencias=NDM5VzlXOVc5V1lCWUI5V1RNTEhZQkxIOVdfX1lYV1ZMSFlCUzhTOExI,20241031
20241001,2330279-2,INSTITUTO NACIONAL DE ESTADISTICA E INFORMATICA,RESOLUCION JEFATURAL,No 232-2024-INEI,Aprueban indice de Precios al Por Mayor a Nivel Nacional correspondiente al mes de setiembre de 2024,https://epdoc2.elperuano.pe/EpPo/DescargaINDA.asp?Referencias=NDM5VzlXOVc5V1lCWUI5V1RNTEhZQkxITEhfX1lYV1ZMSFlCUzhTOExI,20241031
20241001,2330354-1,ORGANISMO TeCNICO DE LA ADMINISTRACIoN DE LOS SERVICIOS DE SANEAMIENTO,ACUERDO,No 015-2024-CONSEJO DIRECTIVO,Acuerdo adoptado sobre designacion de Gerente de Asesoria Juridica de la Empresa Prestadora de Servicios de Saneamiento Moyobamba Sociedad Anonima - EPS MOYOBAMBA S.A.,https://epdoc2.elperuano.pe/EpPo/DescargaINDA.asp?Referencias=NDM5VzlXOVc5V1lCWUI5V1RNTEhZQkxIOVdfX1RNVU5TOFlCUzhTOExI,20241031
20241001,2330376-1,ORGANISMO TeCNICO DE LA ADMINISTRACIoN DE LOS SERVICIOS DE SANEAMIENTO,RESOLUCION DIRECTORAL,No 000091-2024-OTASS-DE,Designan Gerente Administrativo Financiero Gerente de Operaciones y Mantenimiento y Gerente de Asesoria Juridica de la EPS GRAU S.A.,https://epdoc2.elperuano.pe/EpPo/DescargaINDA.asp?Referencias=NDM5VzlXOVc5V1lCWUI5V1RNTEhZQkxIOVdfX1ZCV1ZTOFlCUzhTOExI,20241031
20241001,2330379-1,SUPERINTENDENCIA NACIONAL DE EDUCACION SUPERIOR UNIVERSITARIA,RESOLUCION,No 065-2024-SUNEDU,Designan Ejecutivo de la Unidad de Registro de Grados y Titulos de la Direccion de Registro y Reconocimiento de Grados y Titulos e Informacion Universitaria de la Sunedu,https://epdoc2.elperuano.pe/EpPo/DescargaINDA.asp?Referencias=NDM5VzlXOVc5V1lCWUI5V1RNTEhZQkxIOVdfX1lYV1ZTOFlCUzhTOExI,20241031
20241001,2330365-1,SUPERINTENDENCIA NACIONAL DE FISCALIZACIoN LABORAL,RESOLUCION,No 000197-2024-SUNAFIL,Designan Jefe de Oficina de la Oficina de Recursos Humanos de la SUNAFIL,https://epdoc2.elperuano.pe/EpPo/DescargaINDA.asp?Referencias=NDM5VzlXOVc5V1lCWUI5V1RNTEhZQkxIOVdfX1VOVkJTOFlCUzhTOExI,20241031
20241001,2330314-1,CONSEJO EJECUTIVO DEL PODER JUDICIAL,RESOLUCION ADMINISTRATIVA,No 000302-2024-CE-PJ,Aprueban la implementacion por tramos del Reglamento de Organizacion y Funciones del Poder Judicial,https://epdoc2.elperuano.pe/EpPo/DescargaINDA.asp?Referencias=NDM5VzlXOVc5V1lCWUI5V1RNTEhZQkxIOVdfX1RNOVdTOFlCUzhTOExI,20241031
20241001,2330324-1,CONSEJO EJECUTIVO DEL PODER JUDICIAL,RESOLUCION ADMINISTRATIVA,No 000315-2024-CE-PJ,Aprueban la Directiva N.o 005-2024-CE-PJ denominada Gestion del Proceso de Evaluacion y Ratificacion del Procurador Publico y Procurador Publico Adjunto del Poder Judicial - Version 001,https://epdoc2.elperuano.pe/EpPo/DescargaINDA.asp?Referencias=NDM5VzlXOVc5V1lCWUI5V1RNTEhZQkxIOVdfX1RNTEhTOFlCUzhTOExI,20241031
20241001,2330327-1,CONSEJO EJECUTIVO DEL PODER JUDICIAL,RESOLUCION ADMINISTRATIVA,No 000321-2024-CE-PJ,Aprueban la Directiva N.o 006-2024-CE-PJ denominada Gestion del Proceso de Seleccion del Procurador Publico y Procurador Publico Adjunto del Poder Judicial - Version 001,https://epdoc2.elperuano.pe/EpPo/DescargaINDA.asp?Referencias=NDM5VzlXOVc5V1lCWUI5V1RNTEhZQkxIOVdfX1dWTEhTOFlCUzhTOExI,20241031
20241001,2330338-1,CONSEJO EJECUTIVO DEL PODER JUDICIAL,RESOLUCION ADMINISTRATIVA,No 000127-2024-P-CE-PJ,Prorrogan el funcionamiento de la Primera Tercera y Cuarta Salas de Derecho Constitucional y Social Transitorias  y la Sala Penal Transitoria de la Corte Suprema de Justicia de la Republica,https://epdoc2.elperuano.pe/EpPo/DescargaINDA.asp?Referencias=NDM5VzlXOVc5V1lCWUI5V1RNTEhZQkxIOVdfX1hDUzhTOFlCUzhTOExI,20241031
20241001,2330356-1,CONSEJO EJECUTIVO DEL PODER JUDICIAL,RESOLUCION ADMINISTRATIVA,No 000322-2024-CE-PJ,Disponen medidas administrativas en diversas Cortes Superiores de Justicia y dictan otras disposiciones,https://epdoc2.elperuano.pe/EpPo/DescargaINDA.asp?Referencias=NDM5VzlXOVc5V1lCWUI5V1RNTEhZQkxIOVdfX1ZCVU5TOFlCUzhTOExI,20241031
20241001,2330360-1,CONSEJO EJECUTIVO DEL PODER JUDICIAL,RESOLUCION ADMINISTRATIVA,No 000324-2024-CE-PJ,Disponen que las Salas Civiles o Mixtas de las Cortes Superiores de Justicia del pais resuelvan en segunda instancia casos de sustraccion internacional de menores derivados de los Juzgados de Familia Civil o Mixto conforme a la Convencion sobre Aspectos Civiles de la Sustraccion de Menores,https://epdoc2.elperuano.pe/EpPo/DescargaINDA.asp?Referencias=NDM5VzlXOVc5V1lCWUI5V1RNTEhZQkxIOVdfX1lCVkJTOFlCUzhTOExI,20241031
20241001,2330367-1,CONSEJO EJECUTIVO DEL PODER JUDICIAL,RESOLUCION ADMINISTRATIVA,No 000325-2024-CE-PJ,Prorrogan el funcionamiento de organos jurisdiccionales transitorios de descarga procesal en diversas Cortes Superiores de Justicia y dictan otras disposiciones,https://epdoc2.elperuano.pe/EpPo/DescargaINDA.asp?Referencias=NDM5VzlXOVc5V1lCWUI5V1RNTEhZQkxIOVdfX1dWVkJTOFlCUzhTOExI,20241031
20241001,2330371-1,CONSEJO EJECUTIVO DEL PODER JUDICIAL,RESOLUCION ADMINISTRATIVA,No 000326-2024-CE-PJ,Prorrogan el funcionamiento de organos jurisdiccionales transitorios en diversos Distritos Judiciales y dictan otras disposiciones,https://epdoc2.elperuano.pe/EpPo/DescargaINDA.asp?Referencias=NDM5VzlXOVc5V1lCWUI5V1RNTEhZQkxIOVdfXzlXV1ZTOFlCUzhTOExI,20241031
20241001,2330373-1,CONSEJO EJECUTIVO DEL PODER JUDICIAL,RESOLUCION ADMINISTRATIVA,No 000327-2024-CE-PJ,Disponen medidas administrativas en diversas Cortes Superiores de Justicia y dictan otras disposiciones,https://epdoc2.elperuano.pe/EpPo/DescargaINDA.asp?Referencias=NDM5VzlXOVc5V1lCWUI5V1RNTEhZQkxIOVdfX1M4V1ZTOFlCUzhTOExI,20241031
20241001,2330374-1,CONSEJO EJECUTIVO DEL PODER JUDICIAL,RESOLUCION ADMINISTRATIVA,No 000328-2024-CE-PJ,Desestiman solicitud para convertir Juzgado de Trabajo Transitorio de la provincia de Cajamarca a un organo jurisdiccional permanente con competencia funcional en la subespecialidad contencioso administrativo laboral y previsional (PCALP) y dictan otras disposiciones,https://epdoc2.elperuano.pe/EpPo/DescargaINDA.asp?Referencias=NDM5VzlXOVc5V1lCWUI5V1RNTEhZQkxIOVdfX1RNV1ZTOFlCUzhTOExI,20241031
20241001,2330429-1,CONTRALORIA GENERAL DE LA REPUBLICA,RESOLUCION,No 592-2024-CG,Designan Jefa del organo de Control Institucional del Banco Agropecuario - AGROBANCO,https://epdoc2.elperuano.pe/EpPo/DescargaINDA.asp?Referencias=NDM5VzlXOVc5V1lCWUI5V1RNTEhZQkxIOVdfX1lYTEhUTVlCUzhTOExI,20241031
20241001,2330436-1,CONTRALORIA GENERAL DE LA REPUBLICA,RESOLUCION,No 593-2024-CG,Designan Jefe del organo de Control Institucional del Fondo Nacional de Financiamiento de la Actividad Empresarial del Estado - FONAFE,https://epdoc2.elperuano.pe/EpPo/DescargaINDA.asp?Referencias=NDM5VzlXOVc5V1lCWUI5V1RNTEhZQkxIOVdfX1ZCUzhUTVlCUzhTOExI,20241031
20241001,2330440-1,CONTRALORIA GENERAL DE LA REPUBLICA,RESOLUCION,No 594-2024-CG,Designan Jefe del organo de Control Institucional de la Municipalidad Metropolitana de Lima,https://epdoc2.elperuano.pe/EpPo/DescargaINDA.asp?Referencias=NDM5VzlXOVc5V1lCWUI5V1RNTEhZQkxIOVdfX1lCVE1UTVlCUzhTOExI,20241031
20241001,2290875-1,INSTITUCIONES EDUCATIVAS,RESOLUCION,R-700-2024-UNSAAC,Conceden licencia a Decana de la Facultad de Enfermeria de la Universidad Nacional de San Antonio Abad del Cusco por capacitacion en los EE.UU.,https://epdoc2.elperuano.pe/EpPo/DescargaINDA.asp?Referencias=NDM5VzlXOVc5V1lCWUI5V1RNTEhZQkxIOVdfX1VOV1ZYQ1lCWVhMSExI,20241031
20241001,2330275-1,MINISTERIO PUBLICO,RESOLUCION,No 048-2024-MP-FN-JFS,Aceptan renuncia de fiscal superior en lo civil titular del Distrito Fiscal de Puno,https://epdoc2.elperuano.pe/EpPo/DescargaINDA.asp?Referencias=NDM5VzlXOVc5V1lCWUI5V1RNTEhZQkxIOVdfX1VOV1ZMSFlCUzhTOExI,20241031
20241001,2330275-2,MINISTERIO PUBLICO,RESOLUCION,No 049-2024-MP-FN-JFS,Aceptan renuncia de fiscal provincial titular mixto (corporativo) de Santiago de Chuco del Distrito Fiscal de La Libertad,https://epdoc2.elperuano.pe/EpPo/DescargaINDA.asp?Referencias=NDM5VzlXOVc5V1lCWUI5V1RNTEhZQkxITEhfX1VOV1ZMSFlCUzhTOExI,20241031
20241001,2330275-3,MINISTERIO PUBLICO,RESOLUCION,No 2160-2024-MP-FN,Dan por concluida la designacion de fiscal como jefa de la Oficina Desconcentrada de Control del Distrito Fiscal de Arequipa actualmente Autoridad Desconcentrada de Control del Distrito Fiscal de Arequipa,https://epdoc2.elperuano.pe/EpPo/DescargaINDA.asp?Referencias=NDM5VzlXOVc5V1lCWUI5V1RNTEhZQkxIUzhfX1VOV1ZMSFlCUzhTOExI,20241031
20241001,2330275-4,MINISTERIO PUBLICO,RESOLUCION,No 2161-2024-MP-FN,Aceptan renuncia de fiscal adjunto superior provisional del Distrito Fiscal de Lima Centro,https://epdoc2.elperuano.pe/EpPo/DescargaINDA.asp?Referencias=NDM5VzlXOVc5V1lCWUI5V1RNTEhZQkxIVE1fX1VOV1ZMSFlCUzhTOExI,20241031
20241001,2330278-1,MINISTERIO PUBLICO,RESOLUCION,No 2158-2024-MP-FN,Nombran fiscal adjunta provincial provisional del Distrito Fiscal de Lambayeque,https://epdoc2.elperuano.pe/EpPo/DescargaINDA.asp?Referencias=NDM5VzlXOVc5V1lCWUI5V1RNTEhZQkxIOVdfX1hDV1ZMSFlCUzhTOExI,20241031
20241001,2330278-2,MINISTERIO PUBLICO,RESOLUCION,No 2159-2024-MP-FN,Dan por concluido el nombramiento de fiscal adjunta provincial provisional transitoria del Distrito Fiscal de Tumbes,https://epdoc2.elperuano.pe/EpPo/DescargaINDA.asp?Referencias=NDM5VzlXOVc5V1lCWUI5V1RNTEhZQkxITEhfX1hDV1ZMSFlCUzhTOExI,20241031
20241001,2330256-1,SUPERINTENDENCIA DE BANCA  SEGUROS Y ADMINISTRADORAS PRIVADAS DE FONDOS DE PENSIONES,RESOLUCION,SBS No 03463-2024,Establecen que en el caso de las COOPAC a la parte de los creditos reprogramados en el marco del Decreto de Urgencia No 012-2024 que cuentan con la cobertura del Fondo de Apoyo Empresarial a la MIPYME del Sector Turismo (FAE-TURISMO) le resulta aplicable el mismo tratamiento dispuesto a la parte de los creditos reprogramados que cuentan con la cobertura del Fondo de Apoyo Empresarial a la MYPE del Sector Turismo a traves de la Resolucion SBS No 2364-2020 y del Oficio Multiple No 28681-2020-SBS,https://epdoc2.elperuano.pe/EpPo/DescargaINDA.asp?Referencias=NDM5VzlXOVc5V1lCWUI5V1RNTEhZQkxIOVdfX1ZCVU5MSFlCUzhTOExI,20241031
20241001,2328966-1,GOBIERNO REGIONAL DE AREQUIPA,ORDENANZA,No 523-AREQUIPA,Ordenanza Regional que establece los lineamientos y orientaciones generales para la formulacion de la politica regional de fomento y desarrollo de la industria del hidrogeno verde en la region Arequipa,https://epdoc2.elperuano.pe/EpPo/DescargaINDA.asp?Referencias=NDM5VzlXOVc5V1lCWUI5V1RNTEhZQkxIOVdfX1ZCVkJZWFhDTEhTOExI,20241031
20241001,2329640-1,GOBIERNO REGIONAL DE LORETO,ORDENANZA,No 020-2024-GRL-CR,Ordenanza Regional que aprueba la creacion de la Unidad de Gestion Educativa Local Datem del Maranon Intercultural Bilingüe (UGEL Datem del Maranon IB),https://epdoc2.elperuano.pe/EpPo/DescargaINDA.asp?Referencias=NDM5VzlXOVc5V1lCWUI5V1RNTEhZQkxIOVdfX1lCVE1WQllYTEhTOExI,20241031
20241001,2329176-1,MUNICIPALIDAD DE PUCUSANA,Ordenanzas,No 362-2024/MDP,Ordenanza Municipal que otorga beneficios tributarios para la regularizacion y actualizacion de las declaraciones juradas de predios con descuentos en arbitrios y multas tributarias y condonacion de intereses moratorios en la Municipalidad Distrital de Pucusana,https://epdoc2.elperuano.pe/EpPo/DescargaINDA.asp?Referencias=NDM5VzlXOVc5V1lCWUI5V1RNTEhZQkxIOVdfX1ZCV1Y5V1lYTEhTOExI,20241031
20241001,2330790-1,MUNICIPALIDAD DEL RIMAC,Acuerdo,No 033-2024-MDR,Aprueban Saneamiento Fisico Legal para la inscripcion de la Independizacion a favor de la Municipalidad del Rimac del predio denominado Parque Felipe Pinglo,https://epdoc2.elperuano.pe/EpPo/DescargaINDA.asp?Referencias=NDM5VzlXOVc5V1lCWUI5V1RNTEhZQkxIOVdfX1lCWVhXVllCUzhTOExI,20241031
20241001,2329699-1,MUNICIPALIDAD DEL RIMAC,Ordenanzas,No 647-MDR,Ordenanza que aprueba el Plan Distrital de Manejo de Residuos Solidos de la Municipalidad Distrital del Rimac 2024 - 2028,https://epdoc2.elperuano.pe/EpPo/DescargaINDA.asp?Referencias=NDM5VzlXOVc5V1lCWUI5V1RNTEhZQkxIOVdfX1lYWVhWQllYTEhTOExI,20241031
20241001,2327803-1,MUNICIPALIDAD DE SAN MIGUEL,ORDENANZA,No 502/MDSM,Ordenanza que prorroga el plazo de vigencia de la Ordenanza No 500/MDSM,https://epdoc2.elperuano.pe/EpPo/DescargaINDA.asp?Referencias=NDM5VzlXOVc5V1lCWUI5V1RNTEhZQkxIOVdfX1M4WUJYQ1dWTEhTOExI,20241031
